PeID,Tw,Tf1,Tf2,Tc,w,Ec,ta,id_persona,grupo_edad,grupo_sexo,grupo_ingreso,grupo_territorio,grupo_cluster_tiempo,grupo_cluster_modo,Ec_monetario,ing_fijo,EcI,Ec_trabajo_no_remunerado,cierre_temporal,tiempo_libre_observado,ingreso_libre_observado,ingreso_potencial_neto_Ec
7,51.8,38.87,15.56,61.77000000000001,6.237903,162.0433796,168,00008-1-01,45 a 59,Hombres,Quintil bajo,Centro,Trabajadores rutinarios,Motorizados privados,138.92000000000002,0,138.92000000000002,23.1233796,168,54.43,161.07999579999998,500.60905608999997
12,77.67,32.2,6.86,51.269999999999996,3.798088,183.35751767,168,00014-1-01,30 a 44,Hombres,Quintil bajo,Centro,Trabajadores moviles,Motorizados privados,138.35999999999999,0,138.35999999999999,44.99751767,168,39.06,111.63997728999999,259.99329457
14,58.17,34.45,9.3,66.08,4.422605,124.9881249380272,168,00020-1-02,30 a 44,Mujeres,Quintil medio,Sur,Trabajadores rutinarios,Motorizados privados,154.79999999999998,87.0748299319728,67.72517006802718,57.26295487000001,168,43.75,132.27480791197283,325.76377666197277
15,58.44,28.2,10.67,70.69,3.520064,70.07251384,168,00022-1-01,30 a 44,Mujeres,Quintil medio,Sur,Cuidadores domesticos,Motorizados privados,108.11000000000001,93.75,14.360000000000014,55.71251383999999,168,38.87,135.64002632,272.464914
17,53.92,47.81,6.42,59.849999999999994,4.7225,107.01722016,168,00023-1-02,18 a 29,Mujeres,Quintil alto,Centro,Jovenes trabajadores,Motorizados privados,77.38,0,77.38,29.637220160000002,168,54.230000000000004,147.61997984,403.72115484000005
18,47.96,28.93,11.23,79.87999999999998,8.842511,135.29680876,168,00024-1-02,45 a 59,Mujeres,Quintil alto,Centro,Trabajadores rutinarios,Motorizados privados,131.21,20,111.21000000000001,24.086808759999997,168,40.16,288.7900188,643.9052605600002
19,62.06,25.63,12.46,67.85,5.640839,180.59048606,168,00027-1-01,30 a 44,Hombres,Quintil medio,Norte,Trabajadores rutinarios,Motorizados privados,130.51999999999998,0,130.51999999999998,50.07048606,168,38.09,169.47998228,384.33953979
23,52.58,41.84,11.39,62.19,2.64174,106.43268134,168,00032-1-03,30 a 44,Mujeres,Quintil bajo,Centro,Jovenes trabajadores,Motorizados privados,67.53,0,67.53,38.90268134,168,53.230000000000004,32.470007859999996,173.08982806
24,54.5,31.72,7.35,74.43,2.206263,88.80131850000001,168,00035-1-01,30 a 44,Hombres,Quintil bajo,Centro,Jovenes trabajadores,Motorizados privados,68.56,0,68.56,20.241318500000002,168,39.07,31.44001499999999,117.63871040999996
32,98.8,18.12,4.67,46.41,6.202948,379.4112972,168,00051-1-01,30 a 44,Mujeres,Quintil alto,Norte,Cuidadores domesticos,Motorizados privados,216.56,0,216.56,162.85129719999998,168,22.79,233.43996520000002,374.80515012000006
33,68.58,30.39,8.52,60.510000000000005,7.127654,281.30452207999997,168,00051-1-02,30 a 44,Hombres,Quintil alto,Norte,Trabajadores rutinarios,Motorizados privados,192.48999999999998,0,192.48999999999998,88.81452207999999,168,38.91,207.50998923999998,484.8470063799999
34,15.49,51.31,5.66,95.53999999999999,3.103409,48.071805409999996,168,00055-1-04,18 a 29,Hombres,Quintil bajo,Norte,Rutina flexible,Motorizados privados,0,0,0,48.071805409999996,168,56.97,7.105427357601002e-15,176.80121073000004
37,53.26,35.32,12.91,66.51000000000002,12.208294,328.76371607999994,168,00058-1-01,45 a 59,Hombres,Quintil medio,Sur,Trabajadores moviles,Motorizados privados,303.54999999999995,0,303.54999999999995,25.21371608,168,48.230000000000004,321.4500223600001,910.2560419799997
38,87.99,15.1,7.21,57.70000000000001,3.094177,272.25663423000003,168,00058-1-03,45 a 59,Mujeres,Quintil medio,Sur,Cuidadores domesticos,Motorizados privados,0,0,0,272.25663423000003,168,22.31,-5.684341886080802e-14,69.03108886999996
42,55.41,30.7,11.59,70.3,13.487442,330.86918097999995,168,00062-1-02,60 o mas,Mujeres,Quintil alto,Sur,Trabajadores rutinarios,Motorizados privados,283.53,0,283.53,47.33918098,168,42.29,416.46998024,986.8539024199999
43,76.25,31.1,6.21,54.44,3.273484,127.012062638889,168,00065-1-01,30 a 44,Mujeres,Quintil alto,Sur,Trabajadores rutinarios,Motorizados privados,188.52,111.111111111111,77.40888888888901,49.60317375,168,37.31,122.59109236111098,244.724780401111
44,49.76,62.22,8.02,48.000000000000014,5.385343,114.72579015111098,168,00065-1-02,18 a 29,Mujeres,Quintil alto,Sur,Jovenes trabajadores,Motorizados privados,235.64,138.888888888889,96.75111111111099,17.97467904,168,70.24,153.248877528889,531.5153698488889
46,62.58,35.37,6.87,63.180000000000014,40.077886,731.2840738799999,168,00069-1-01,60 o mas,Hombres,Quintil alto,Centro,Trabajadores rutinarios,Motorizados privados,723.2099999999999,0,723.2099999999999,8.07407388,168,42.239999999999995,1776.7900319999999,3469.6799366399996
48,23.45,38.98,10.01,95.56000000000002,3.093519,72.54302055,168,00072-1-01,45 a 59,Hombres,Quintil bajo,Sur,Cuidadores domesticos,Motorizados privados,0,0,0,72.54302055,168,48.989999999999995,0,151.55149580999998
52,56.96,31.02,18.93,61.089999999999996,3.106725,176.959056,168,00076-1-02,30 a 44,Mujeres,Quintil medio,Norte,Cuidadores domesticos,Motorizados privados,0,0,0,176.959056,168,49.95,0,155.18091374999997
53,24.35,47.87,7.12,88.66,3.03938,74.008903,168,00077-1-02,45 a 59,Mujeres,Quintil bajo,Norte,Rutina flexible,Motorizados privados,0,0,0,74.008903,168,54.989999999999995,0,167.1355062
55,61.7,33.59,11.57,61.13999999999999,7.16786,299.33695830000005,168,00080-1-01,30 a 44,Hombres,Quintil bajo,Sur,Trabajadores rutinarios,Motorizados privados,232.08000000000004,0,232.08000000000004,67.2569583,168,45.160000000000004,142.9200037,466.6205613
56,58.34,32.55,7.45,69.66,3.038659,177.27536605999998,168,00080-1-02,30 a 44,Mujeres,Quintil bajo,Sur,Cuidadores domesticos,Motorizados privados,0,0,0,177.27536605999998,168,40,2.842170943040401e-14,121.54636000000002
69,52.53,41.88,11.11,62.480000000000004,2.405518,48.57184077,168,00115-1-02,30 a 44,Mujeres,Quintil bajo,Norte,Trabajadores rutinarios,Motorizados privados,57.21,22.5,34.71,13.86184077,168,52.99,77.79001976999999,205.25841859
70,79.31,40.85,4.84,43,2.63779,142.31314692,168,00118-1-02,30 a 44,Mujeres,Quintil bajo,Norte,Jovenes trabajadores,Motorizados privados,83.11,0,83.11,59.203146919999995,168,45.69,66.88997798,187.41060308
71,11.41,83.74,5.88,66.97000000000001,3.36889,38.4390349,168,00119-1-01,30 a 44,Hombres,Quintil bajo,Norte,Rutina flexible,Motorizados privados,0,0,0,38.4390349,168,89.61999999999999,0,301.91992179999994
72,33.95,16.79,17.16,100.10000000000002,3.062645,87.72679775,168,00119-1-02,60 o mas,Mujeres,Quintil bajo,Norte,Rutina flexible,Motorizados privados,51.25,67.5,-16.25,103.97679775,168.00000000000003,33.95,16.25,120.22679774999992
73,59.26,42.84,10.58,55.32000000000001,8.97514,216.22678422,168,00120-1-02,45 a 59,Mujeres,Quintil alto,Norte,Cuidadores domesticos,Motorizados privados,134.35999999999999,0,134.35999999999999,81.86678422000001,168,53.42,315.64001218,795.0919909799999
75,57.63,38.29,10.57,61.51000000000001,4.42097,154.3404649,168,00126-1-01,45 a 59,Hombres,Quintil medio,Sur,Trabajadores moviles,Motorizados privados,99.56,0,99.56,54.7804649,168.00000000000003,48.86,100.44003619999998,316.44863039999984
76,67.11,46.94,4.38,49.57,2.738096,120.98363767,168,00126-1-03,18 a 29,Mujeres,Quintil medio,Sur,Jovenes trabajadores,Motorizados privados,62.23,0,62.23,58.753637669999996,168,51.32,62.76998489,203.28907161
77,74.59,39.33,7.18,46.9,6.270937,288.3317463928814,168,00127-1-01,18 a 29,Mujeres,Quintil alto,Sur,Cuidadores domesticos,Motorizados privados,246.43,50.8474576271186,195.5825423728814,92.74920402000001,168,46.51,179.4174444371186,471.0787243071186
81,46.33,40.79,6.94,73.94,3.153856,146.11814848,168,00135-1-02,45 a 59,Mujeres,Quintil alto,Centro,Cuidadores domesticos,Motorizados privados,0,0,0,146.11814848,168,47.73,0,150.53354688000002
82,74.46,35.47,5.16,52.91000000000001,4.253828,213.15998376000002,168,00137-1-02,30 a 44,Mujeres,Quintil alto,Norte,Cuidadores domesticos,Motorizados privados,108.92000000000002,0,108.92000000000002,104.23998376,168,40.629999999999995,103.58004911999998,276.41308075999996
85,56.95,32.02,12.69,66.34,2.962039,168.68812104999998,168,00146-1-02,45 a 59,Mujeres,Quintil medio,Sur,Cuidadores domesticos,Motorizados privados,0,0,0,168.68812104999998,168,44.71,2.842170943040401e-14,132.43276368999997
87,38.87,62.17,7.88,59.07999999999999,2.402284,75.03678728,168,00147-1-02,18 a 29,Hombres,Quintil bajo,Centro,Rutina flexible,Motorizados privados,44.16,25,19.159999999999997,55.87678728,167.99999999999997,70.05,18.339991799999993,186.61998600000004
90,35.69,33.91,26.45,71.95,3.104627,110.80413762999999,168,00153-1-01,60 o mas,Mujeres,Quintil bajo,Sur,Rutina flexible,Motorizados privados,0,0,0,110.80413762999999,168,60.36,0,187.39528571999998
102,28.4,42.17,9.32,88.10999999999999,3.250721,26.863647131707296,168,00173-1-02,60 o mas,Mujeres,Quintil medio,Centro,Rutina flexible,Motorizados privados,65.47,130.9268292682927,-65.4568292682927,92.32047639999999,167.99999999999997,51.49,65.4568292682927,232.83645355829276
103,77.34,30.48,8.74,51.43999999999999,3.074477,193.94006604,168,00176-1-01,18 a 29,Mujeres,Quintil bajo,Norte,Cuidadores domesticos,Motorizados privados,93.66,0,93.66,100.28006604000001,168,39.22,43.83998514000001,164.42097307999998
104,83.01,20.11,3.04,61.839999999999996,2.968122,246.38380722,168,00177-1-02,18 a 29,Mujeres,Quintil bajo,Norte,Cuidadores domesticos,Motorizados privados,0,0,0,246.38380722,168,23.15,2.842170943040401e-14,68.7120243
109,25.66,80.56,4.78,57,4.999615,90.78887726,168,00186-1-02,18 a 29,Hombres,Quintil bajo,Sur,Rutina flexible,Motorizados privados,67.03,29.53125,37.49875,53.290127260000006,168,85.34,37.50124364,464.16838774
111,22.24,62.36,30.43,52.96999999999999,3.065629,68.17958895999999,168,00194-1-02,60 o mas,Mujeres,Quintil bajo,Sur,Rutina flexible,Motorizados privados,0,0,0,68.17958895999999,168,92.78999999999999,0,284.45971491
115,54.02,28.03,13.82,72.13,0.236317,12.76585572,168,00206-1-02,30 a 44,Hombres,Quintil bajo,Centro,Trabajadores rutinarios,Motorizados privados,0,0,0,12.76585572,168,41.85,-1.137999999833994e-5,9.889855070000001
116,55.21,36.02,7.7,69.06999999999998,4.675645,159.25235428000002,168,00208-1-01,45 a 59,Hombres,Quintil bajo,Norte,Trabajadores rutinarios,Motorizados privados,126.11000000000001,0,126.11000000000001,33.14235428,168,43.720000000000006,98.89000616999999,303.30920557000013
117,35.6,42.01,6.43,83.96000000000001,4.187139,102.67788588571428,168,00213-1-01,45 a 59,Mujeres,Quintil bajo,Centro,Rutina flexible,Motorizados privados,89.32999999999998,35.7142857142857,53.61571428571428,49.06217159999999,168,48.44,46.38426251428574,249.20927567428572
125,38.96,58.99,8.16,61.889999999999986,11.67662,277.84109567999997,168,00223-1-01,30 a 44,Hombres,Quintil medio,Centro,Jovenes trabajadores,Motorizados privados,247.92,0,247.92,29.921095680000004,168,67.15,177.08001952,961.1650525200001
127,66.69,32.14,6.18,62.99,1.993795,69.20618546,168,00224-1-06,30 a 44,Hombres,Quintil bajo,Centro,Trabajadores rutinarios,Motorizados privados,103.74000000000001,67.5,36.24000000000001,32.96618546,168,38.32,63.76000309,140.16222749
128,40.67,60.48,11.92,54.92999999999999,3.345083,48.15452561000001,168,00227-1-02,60 o mas,Hombres,Quintil bajo,Centro,Rutina flexible,Motorizados privados,66.61000000000001,154.5,-87.88999999999999,136.04452561,168,72.39999999999999,87.88999999999999,330.0740092
131,49.47,28.72,11.3,78.51,4.097925,21.25945900220401,168,00231-1-01,60 o mas,Hombres,Quintil alto,Centro,Trabajadores rutinarios,Motorizados privados,146.54000000000002,140.504869297796,6.035130702204015,15.224328299999998,168,40.019999999999996,181.46489074779598,345.463849247796
132,65.23,26.96,8.6,67.21000000000001,3.007682,148.7524910168426,168,00231-1-04,60 o mas,Mujeres,Quintil alto,Centro,Cuidadores domesticos,Motorizados privados,38.28,85.7186058431574,-47.438605843157404,196.19109686000002,168,35.56,47.438605843157404,154.39177776315734
139,48.43,58.15,9.24,52.17999999999999,2.382439,77.24150845,168,00240-1-02,30 a 44,Hombres,Quintil bajo,Centro,Jovenes trabajadores,Motorizados privados,49.36,0,49.36,27.881508450000002,168,67.39,38.14001232000001,198.69257653000003
145,66.5,25.15,11.94,64.41,2.967552,197.342208,168,00260-1-02,45 a 59,Mujeres,Quintil bajo,Centro,Cuidadores domesticos,Motorizados privados,0,0,0,197.342208,168,37.089999999999996,0,110.06650368000001
151,78.82,24.9,10.05,54.230000000000004,3.750023,190.99678336,168,00269-1-02,45 a 59,Mujeres,Quintil medio,Sur,Cuidadores domesticos,Motorizados privados,114.17,43.75,70.42,120.57678336,168,34.95,104.58002949999997,235.64333334999998
156,75.02,23.78,12.19,57.010000000000005,4.436488,39.185332299999985,168,00282-1-01,45 a 59,Hombres,Quintil medio,Norte,Trabajadores moviles,Motorizados privados,206.35999999999999,250,-43.640000000000015,82.8253323,168,35.97,293.63999746,453.22047082
159,66.75,31.42,10.62,59.21,8.127471,277.64871574999995,168,00288-1-01,30 a 44,Hombres,Quintil alto,Norte,Trabajadores moviles,Motorizados privados,210.14,0,210.14,67.50871575,168,42.04,264.8599735,606.53885434
160,71.96,14.27,17.38,64.39000000000001,8.794784,326.20266752000003,168,00288-1-02,30 a 44,Mujeres,Quintil alto,Norte,Trabajadores rutinarios,Motorizados privados,243.33,0,243.33,82.87266752000001,168,31.65,306.6699891199999,585.0249027199998
175,58.61,36.05,5.74,67.60000000000001,4.372042,179.1853752,168,00313-1-01,30 a 44,Hombres,Quintil bajo,Sur,Cuidadores domesticos,Motorizados privados,122.94,0,122.94,56.2453752,168,41.79,77.06000642000004,259.7676416
179,27.5,31.87,13.84,94.78999999999999,7.074052,111.1778680714286,168,00322-1-04,30 a 44,Hombres,Quintil bajo,Centro,Trabajadores rutinarios,Motorizados privados,113.07000000000001,71.4285714285714,41.641428571428605,69.5364395,168,45.71,83.35856192857139,406.7134788485714
181,62.47,22.19,9.43,73.91,2.692341,142.04053466,168,00336-1-02,45 a 59,Mujeres,Quintil bajo,Centro,Cuidadores domesticos,Motorizados privados,23.85,0,23.85,118.19053466,168,31.62,26.15000760999999,111.28183003000001
182,65.36,26.82,12.8,63.019999999999996,2.935865,127.38815936000002,168,00338-1-01,30 a 44,Mujeres,Quintil bajo,Norte,Trabajadores rutinarios,Motorizados privados,110.50000000000001,0,110.50000000000001,16.88815936,168,39.620000000000005,64.49997703999999,180.81894834000002
184,73.6,23.25,10.28,60.870000000000005,3.190735,165.49806759999998,168,00341-1-01,45 a 59,Hombres,Quintil medio,Centro,Cuidadores domesticos,Motorizados privados,80.66,0,80.66,84.83806759999999,168,33.53,69.3400284,176.32537295
189,44.02,39.5,21.17,63.30999999999999,3.032279,113.62090812,168,00345-1-02,30 a 44,Hombres,Quintil bajo,Centro,Rutina flexible,Motorizados privados,55.14,0,55.14,58.480908119999995,168,60.67,19.860013460000005,203.82838039000004
193,29.29,55.2,11.75,71.76,3.143625,92.07677625,168,00354-1-02,60 o mas,Mujeres,Quintil medio,Sur,Rutina flexible,Motorizados privados,0,0,0,92.07677625,168,66.95,0,210.46569374999999
194,51.37,57.76,2.54,56.33,0.201727,10.36272978,168,00354-1-03,18 a 29,Hombres,Quintil medio,Sur,Jovenes trabajadores,Motorizados privados,0,0,0,10.36272978,168,60.3,-1.3790000002344982e-5,12.16412431
199,24.87,69,5.67,68.46,3.247984,80.77736208,168,00361-1-03,18 a 29,Hombres,Quintil bajo,Sur,Rutina flexible,Motorizados privados,0,0,0,80.77736208,168,74.67,0,242.52696528000007
205,48.29,34.23,13.45,72.03000000000002,3.593885,87.50870501,168,00373-1-01,45 a 59,Hombres,Quintil bajo,Norte,Trabajadores rutinarios,Motorizados privados,76.46,0,76.46,11.04870501,168,47.67999999999999,86.04000164000001,257.39643844
214,59.42,42.85,6.04,59.68999999999999,5.192187,205.44976192,168,00393-1-01,18 a 29,Mujeres,Quintil bajo,Sur,Jovenes trabajadores,Motorizados privados,146.92999999999998,0,146.92999999999998,58.51976192000001,168,48.89,103.06998962000003,356.91601204999995
219,52.99,36.46,21.85,56.69999999999998,11.830855,334.03701562000003,168,00401-1-01,45 a 59,Hombres,Quintil medio,Sur,Trabajadores rutinarios,Motorizados privados,307.12,0,307.12,26.91701562,168,58.31,292.87999083,982.73714588
220,29.43,44.85,18.37,75.35,2.994527,88.12892961,168,00401-1-02,45 a 59,Mujeres,Quintil medio,Sur,Rutina flexible,Motorizados privados,0,0,0,88.12892961,168,63.22,0,189.31399694000004
221,60.98,41.18,8.04,57.800000000000004,6.959964,248.51861342,168,00403-1-02,30 a 44,Mujeres,Quintil alto,Centro,Trabajadores moviles,Motorizados privados,199.1,0,199.1,49.41861342,168,49.22,175.8999913,518.4694193799999
222,60.34,31.71,8.92,67.02999999999999,0.785516,47.39805356,168,00408-1-01,30 a 44,Hombres,Quintil bajo,Centro,Trabajadores rutinarios,Motorizados privados,0,0,0,47.39805356,168,40.63,-1.812000000001035e-5,31.915496960000006
223,58.06,35.5,7.21,67.23,3.036229,176.28345574000002,168,00408-1-02,30 a 44,Mujeres,Quintil bajo,Centro,Cuidadores domesticos,Motorizados privados,0,0,0,176.28345574000002,168,42.71,0,129.67734058999997
224,54.44,28.43,9.32,75.81,2.144876,80.56705856,168,00410-1-02,45 a 59,Mujeres,Quintil bajo,Sur,Trabajadores rutinarios,Motorizados privados,51.300000000000004,0,51.300000000000004,29.26705856,168,37.75,36.19999087999999,117.16905987999998
231,54.75,43.42,16.67,53.16,3.350896,146.75156099999998,168,00426-1-02,30 a 44,Mujeres,Quintil bajo,Norte,Rutina flexible,Motorizados privados,38.29,0,38.29,108.46156099999999,168,60.09,36.70999500000002,238.06533564000006
232,52.52,28.08,18.9,68.5,6.153641,149.75921344,168,00430-1-02,60 o mas,Hombres,Quintil medio,Centro,Trabajadores rutinarios,Motorizados privados,126.57,0,126.57,23.18921344,168,46.98,173.43001188000005,462.52806606000007
235,66.33,39.14,6.43,56.1,6.841998,204.28544357571428,168,00433-1-02,30 a 44,Mujeres,Quintil alto,Centro,Cuidadores domesticos,Motorizados privados,211.17,85.7142857142857,125.4557142857143,78.82972929,168,45.57,249.5442837642857,561.3341326242858
237,72.13,27.58,9.55,58.74000000000001,5.506714,260.35925831,168,00440-1-01,30 a 44,Mujeres,Quintil medio,Sur,Cuidadores domesticos,Motorizados privados,163.16,0,163.16,97.19925830999998,168,37.129999999999995,136.84002250999998,341.3043133299999
238,50.52,48.8,13.01,55.669999999999995,11.727205,303.11840207999995,168,00443-1-01,45 a 59,Hombres,Quintil medio,Sur,Jovenes trabajadores,Motorizados privados,285.65999999999997,0,285.65999999999997,17.45840208,168,61.809999999999995,289.33999452000006,1014.1985355700001
239,53.53,53.48,9.24,51.75,2.15228,11.300702936912394,168,00445-1-02,18 a 29,Hombres,Quintil bajo,Norte,Jovenes trabajadores,Motorizados privados,66.55,80.4608294930876,-13.910829493087604,25.21153243,168,62.72,103.91084546308761,238.90184706308764
241,36.89,61.08,10.67,59.360000000000014,3.077179,113.51713331,168,00448-1-03,18 a 29,Hombres,Quintil bajo,Sur,Rutina flexible,Motorizados privados,0,0,0,113.51713331,168,71.75,0,220.78759324999993
255,3.21,68.71,17.15,78.93,3.0285859999999998,9.721761059999999,168,00466-1-03,60 o mas,Hombres,Quintil bajo,Sur,Rutina flexible,Motorizados privados,0,0,0,9.721761059999999,168,85.85999999999999,0,260.03439395999993
256,59.45,40.83,10.45,57.269999999999996,2.776518,73.37519787121208,168,00467-1-01,60 o mas,Hombres,Quintil bajo,Centro,Trabajadores rutinarios,Motorizados privados,71.18999999999998,37.8787878787879,33.31121212121209,40.06398574999999,168,51.28,91.68879722878792,234.06864026878787
258,53.06,35.13,23.86,55.95,2.62845,87.43557294000001,168,00490-1-01,45 a 59,Hombres,Quintil bajo,Centro,Trabajadores rutinarios,Motorizados privados,72.97000000000001,0,72.97000000000001,14.46557294,168,58.99,52.029984059999975,207.08224955999995
265,62.29,49.25,10.3,46.16000000000001,9.030711,222.64296769999999,168,00509-1-01,30 a 44,Mujeres,Quintil medio,Centro,Trabajadores moviles,Motorizados privados,302.62,117.5,185.12,37.522967699999995,168,59.55,339.88002049,877.6588605399999
268,55.91,43.03,4.62,64.44,9.085582,148.31490768000003,168,00514-1-01,30 a 44,Mujeres,Quintil medio,Norte,Jovenes trabajadores,Motorizados privados,275.34000000000003,160,115.34000000000003,32.97490768,168,47.65,359.65998193999997,792.58796424
273,40.33,32.73,16.87,78.07,12.424511,143.28052989,168,00520-1-01,45 a 59,Hombres,Quintil medio,Norte,Trabajadores rutinarios,Motorizados privados,242.2,100,142.2,1.08052989,168,49.599999999999994,357.79999874,974.05574434
278,51.3,39.89,11.53,65.28,7.029029,199.1791805,168,00527-1-01,45 a 59,Hombres,Quintil bajo,Sur,Trabajadores rutinarios,Motorizados privados,163.59,0,163.59,35.5891805,168,51.42,161.41000720000002,522.84267838
279,30.95,50.14,12.91,74.00000000000001,3.142231,97.25204945000002,168,00527-1-02,45 a 59,Mujeres,Quintil bajo,Sur,Rutina flexible,Motorizados privados,0,0,0,97.25204945000002,168,63.05,-1.4210854715202004e-14,198.11766454999997
287,56,32.02,16.05,63.92999999999999,4.812429,129.04602200000002,168,00543-1-01,30 a 44,Hombres,Quintil bajo,Norte,Jovenes trabajadores,Motorizados privados,109.55000000000001,0,109.55000000000001,19.496022,168,48.07000000000001,140.45000199999996,371.78346403
288,37.05,29.92,10.84,90.18999999999998,4.696416,127.9522212,168,00544-1-01,18 a 29,Hombres,Quintil bajo,Sur,Rutina flexible,Motorizados privados,128.95,87.5,41.44999999999999,86.50222120000001,168,40.760000000000005,46.0499916,237.4759077600001
296,55.59,47.64,8.03,56.739999999999995,2.43967,94.38125500000001,168,00562-1-01,30 a 44,Mujeres,Quintil bajo,Sur,Rutina flexible,Motorizados privados,65.01,31.25,33.760000000000005,60.621255,168,55.67,41.24000029999999,177.05642920000003
297,59.71,60.9,6.79,40.599999999999994,3.163763,119.87828873000001,168,00565-1-02,60 o mas,Mujeres,Quintil medio,Norte,Cuidadores domesticos,Motorizados privados,40.47,109.5,-69.03,188.90828873,168,67.69,69.03,283.18511746999997
300,27.84,34.76,28.36,77.04,3.080014,85.74758976,168,00576-1-03,45 a 59,Mujeres,Quintil bajo,Sur,Rutina flexible,Motorizados privados,0,0,0,85.74758976,168,63.12,0,194.41048367999997
301,68.91,41.53,6.03,51.53,2.978645,147.11841692000002,168,00580-1-01,18 a 29,Mujeres,Quintil bajo,Sur,Cuidadores domesticos,Motorizados privados,74.36000000000001,0,74.36000000000001,72.75841692,168,47.56,58.140010029999985,199.80436623000003
303,47.39,35.6,9.63,75.38,2.423681,2.6005963015020086,168,00582-1-01,60 o mas,Hombres,Quintil medio,Sur,Trabajadores rutinarios,Motorizados privados,89.94000000000001,152.197628458498,-62.25762845849799,64.85822476,168,45.230000000000004,112.25764628849801,221.88073791849803
308,96.94,25.12,5.88,40.059999999999995,5.981913,304.57663582,168,00586-1-01,30 a 44,Mujeres,Quintil medio,Norte,Cuidadores domesticos,Motorizados privados,224.69,0,224.69,79.88663582,168,31,275.3100104,460.7493134
312,41.56,25.93,7.66,92.85,3.002711,124.79266916000002,168,00591-1-02,30 a 44,Mujeres,Quintil bajo,Norte,Cuidadores domesticos,Motorizados privados,0,0,0,124.79266916000002,168,33.59,0,100.86106249000001
314,69.59,45.89,8.39,44.129999999999995,2.849148,151.72222463000003,168,00593-1-01,60 o mas,Hombres,Quintil bajo,Centro,Jovenes trabajadores,Motorizados privados,78.45,0,78.45,73.27222463000001,168,54.28,46.549984689999974,201.20173812999997
316,59.77,47.48,10.61,50.13999999999999,7.907729,213.62344748846147,168,00595-1-01,30 a 44,Hombres,Quintil alto,Norte,Trabajadores moviles,Motorizados privados,216.94,63.4615384615385,153.4784615384615,60.14498594999999,168,58.089999999999996,259.02151484153853,718.3814924515386
317,73.64,38.31,8.81,47.239999999999995,6.801939,249.73630846153853,168,00595-1-02,30 a 44,Mujeres,Quintil alto,Norte,Cuidadores domesticos,Motorizados privados,210.38000000000002,61.5384615384615,148.84153846153853,100.89477,168,47.120000000000005,251.15847949846145,571.6658451784615
318,26.95,60.47,5.19,75.39000000000001,3.10905,83.78889749999999,168,00596-1-04,18 a 29,Mujeres,Quintil bajo,Norte,Rutina flexible,Motorizados privados,0,0,0,83.78889749999999,168,65.66,0,204.14022299999996
320,65.74,33.27,9.3,59.69000000000001,2.828361,167.21642214000002,168,00600-1-01,30 a 44,Mujeres,Quintil bajo,Centro,Cuidadores domesticos,Motorizados privados,106.28,0,106.28,60.93642214000001,168,42.57000000000001,18.72002999999998,139.12335776999998
322,57.23,42.53,11.6,56.64000000000001,14.112913,311.84454908953484,168,00603-1-01,60 o mas,Hombres,Quintil alto,Centro,Jovenes trabajadores,Motorizados privados,323.92999999999995,69.7674418604651,254.16255813953484,57.68199095,168,54.13,495.83746190046514,1259.769442590465
323,35.59,54.5,10.37,67.53999999999999,3.145391,111.94446568999999,168,00603-1-02,60 o mas,Mujeres,Quintil alto,Centro,Rutina flexible,Motorizados privados,0,0,0,111.94446568999999,168,64.87,2.842170943040401e-14,204.04151417000006
331,56.7,32.81,12.97,65.52,2.668017,92.006552,168,00619-1-02,30 a 44,Hombres,Quintil bajo,Centro,Trabajadores rutinarios,Motorizados privados,55.73,0,55.73,36.276552,168,45.78,59.270011900000014,181.41183016000002
333,53.94,25.56,7.81,80.69,1.745375,121.18553476,168,00621-1-02,18 a 29,Hombres,Quintil bajo,Centro,Trabajadores rutinarios,Motorizados privados,102.03999999999999,0,102.03999999999999,19.14553476,168,33.37,-27.04000726000001,31.203156489999998
334,43.94,49.22,7.38,67.46000000000001,5.244323,12.325568440000012,168,00622-1-01,60 o mas,Hombres,Quintil bajo,Centro,Jovenes trabajadores,Motorizados privados,131.89000000000001,150,-18.109999999999985,30.435568439999997,168,56.6,218.10998417999997,514.9386659799999
338,51.83,42.13,8.36,65.67999999999999,11.385051,273.65722081,168,00624-1-02,30 a 44,Hombres,Quintil alto,Centro,Trabajadores rutinarios,Motorizados privados,233.57,0,233.57,40.08722081,168,50.49,316.42997252,891.2611975100002
339,48.51,50.24,7.04,62.21,9.84965,218.90652712,168,00624-1-03,60 o mas,Hombres,Quintil alto,Centro,Trabajadores moviles,Motorizados privados,191.1,0,191.1,27.80652712,168,57.28,258.89999438000007,823.08794638
340,69.37,17.27,11.75,69.61,9.518385,297.0184120533832,168,00628-1-01,45 a 59,Mujeres,Quintil alto,Centro,Trabajadores rutinarios,Motorizados privados,332.01,95.2819332566168,236.72806674338318,60.290345310000006,168,29.02,363.2719553966169,639.4954880966168
342,107.79,6.49,6.15,47.56999999999999,2.797379,232.1958429266813,168,00630-1-01,30 a 44,Mujeres,Quintil medio,Norte,Trabajadores moviles,Motorizados privados,55.42,24.7535596933187,30.666440306681302,201.52940262,168,12.64,69.3336394833187,104.69251004331866
348,74.59,23.43,6.95,63.02999999999999,1.278592,62.51016565999999,168,00638-1-01,45 a 59,Hombres,Quintil bajo,Norte,Trabajadores rutinarios,Motorizados privados,54.63999999999999,0,54.63999999999999,7.87016566,168,30.38,32.860011620000016,71.70363658000002
354,59.88,51.47,6.85,49.800000000000004,11.481613,352.59747504,168,00646-1-01,45 a 59,Hombres,Quintil alto,Norte,Jovenes trabajadores,Motorizados privados,306.87,0,306.87,45.727475039999995,168,58.32,334.92151140000004,1004.5291815599996
355,49.96,46.73,4.44,66.87,2.202405,58.75216288,168,00650-1-04,18 a 29,Mujeres,Quintil alto,Norte,Jovenes trabajadores,Motorizados privados,43.72,0,43.72,15.03216288,168,51.169999999999995,51.27999092,163.97705477
363,73.72,10.42,12.56,71.3,2.200379,180.68192344,168,00666-1-01,45 a 59,Hombres,Quintil bajo,Norte,Trabajadores rutinarios,Motorizados privados,105.97,0,105.97,74.71192344,168,22.98,-18.469983560000003,32.09472586000001
366,51.4,42.42,8.22,65.96,8.507483,225.38464619999996,168,00673-1-01,45 a 59,Hombres,Quintil alto,Norte,Trabajadores rutinarios,Motorizados privados,244.09999999999997,56,188.09999999999997,37.2846462,168,50.64,211.89998000000003,642.7189191200002
372,58.46,40.15,9.24,60.149999999999984,5.040493,123.28957939238103,168,00679-1-02,30 a 44,Hombres,Quintil medio,Sur,Trabajadores rutinarios,Motorizados privados,197.67000000000002,119.047619047619,78.62238095238102,44.66719844,167.99999999999997,49.39,171.37764138761895,420.327590657619
374,92.85,23.97,6.21,44.970000000000006,2.739896,204.5793664,168,00683-1-02,30 a 44,Mujeres,Quintil bajo,Centro,Cuidadores domesticos,Motorizados privados,62.68,0,62.68,141.8993664,168,30.18,49.81997719999998,132.51003847999996
387,60.81,43.93,7.93,55.33,3.059251,135.0849051618519,168,00704-1-02,60 o mas,Mujeres,Quintil medio,Centro,Cuidadores domesticos,Motorizados privados,34.699999999999996,85.6481481481481,-50.9481481481481,186.03305331,168,51.86,50.94814814814811,209.60090500814812
390,20.7,38.55,8.28,100.47000000000001,14.309484,169.9263042,168,00708-1-01,45 a 59,Hombres,Quintil medio,Centro,Rutina flexible,Motorizados privados,123.72,0,123.72,46.2063042,168,46.83,126.28001459999996,796.3931503199998
396,61.02,24.92,11.82,70.23999999999998,9.282308,271.13640502,168,00723-1-01,60 o mas,Hombres,Quintil alto,Centro,Trabajadores rutinarios,Motorizados privados,204.73000000000002,0,204.73000000000002,66.40640502,167.99999999999997,36.74,295.27002914,636.3020250600002
398,65.73,36.56,13.54,52.169999999999995,6.946213,254.81459784000003,168,00732-1-01,30 a 44,Hombres,Quintil alto,Centro,Cuidadores domesticos,Motorizados privados,173.24,0,173.24,81.57459784000001,168,50.1,201.75998264999998,549.7652539500001
402,53.63,36.19,13.8,64.38000000000001,5.145521,144.81431075999998,168,00740-1-01,30 a 44,Hombres,Quintil bajo,Sur,Trabajadores rutinarios,Motorizados privados,118.85999999999999,0,118.85999999999999,25.954310760000002,168,49.989999999999995,131.13998046999998,388.3645752599999
406,23.08,63.48,13.64,67.80000000000003,2.964175,68.413159,168,00747-1-02,30 a 44,Mujeres,Quintil medio,Centro,Rutina flexible,Motorizados privados,0,0,0,68.413159,168.00000000000003,77.12,0,228.59717599999993
409,18.74,39.89,14.89,94.47999999999999,1.727372,32.370950699999995,168,00755-1-02,18 a 29,Mujeres,Quintil bajo,Norte,Rutina flexible,Motorizados privados,0,0,0,32.370950699999995,168,54.78,5.799999982514237e-7,94.62543874000002
412,62.65,42.73,7.93,54.69,8.888056,357.61670649999996,168,00760-1-01,45 a 59,Hombres,Quintil alto,Centro,Trabajadores rutinarios,Motorizados privados,300.78,0,300.78,56.83670649999999,168,50.66,199.22000190000006,649.4889188600001
416,50.14,52.24,17.39,48.230000000000004,3.019694,151.40745716,168,00765-1-02,30 a 44,Mujeres,Quintil bajo,Sur,Cuidadores domesticos,Motorizados privados,0,0,0,151.40745716,168,69.63,0,210.26129321999994
417,56.67,34.87,10.02,66.44000000000001,11.703721,278.19987208,168,00766-1-02,30 a 44,Mujeres,Quintil alto,Centro,Trabajadores rutinarios,Motorizados privados,239.95,0,239.95,38.249872079999996,168,44.89,385.04999699000007,910.4300326799998
419,91.03,10.46,9.15,57.35999999999999,2.715064,105.86228924000001,168,00768-1-01,60 o mas,Hombres,Quintil bajo,Norte,Trabajadores moviles,Motorizados privados,83.71000000000001,0,83.71000000000001,22.152289239999998,168,19.61,141.28998667999997,194.53239172000002
424,60.37,43.57,7.91,56.150000000000006,5.701479,148.0248311241379,168,00779-1-01,30 a 44,Mujeres,Quintil bajo,Norte,Jovenes trabajadores,Motorizados privados,136.93,33.1034482758621,103.82655172413791,44.1982794,168,51.480000000000004,196.1734561058621,489.6855950258621
425,35.58,24.77,15.56,92.09000000000002,3.003742,47.29490506588228,168,00783-1-01,60 o mas,Mujeres,Quintil bajo,Sur,Rutina flexible,Motorizados privados,31.009999999999998,90.58823529411771,-59.57823529411771,106.87314036,168,40.33,59.57823529411771,180.71915015411764
427,54.65,36.43,7.33,69.58999999999999,14.55497,316.39912259999994,168,00785-1-01,30 a 44,Mujeres,Quintil alto,Norte,Trabajadores rutinarios,Motorizados privados,270.96999999999997,0,270.96999999999997,45.4291226,168,43.76,479.02998790000004,1115.9554751000005
428,57.89,32.6,10.25,67.25999999999999,14.893724,327.28771195,168,00785-1-04,30 a 44,Hombres,Quintil alto,Norte,Trabajadores rutinarios,Motorizados privados,302.59000000000003,0,302.59000000000003,24.697711950000002,168,42.85,534.90997041,1173.1060438100003
431,44.47,81.69,6.7,35.14,2.965321,47.082347490437314,168,00788-1-02,30 a 44,Hombres,Quintil bajo,Centro,Jovenes trabajadores,Motorizados privados,98.56,70.8454810495627,27.71451895043731,19.36782854,168,88.39,84.78547737956268,346.8902005695627
434,76.26,69.78,8.64,13.319999999999993,9.642972,365.1430361,168,00793-1-01,30 a 44,Mujeres,Quintil medio,Centro,Jovenes trabajadores,Motorizados privados,279.77,0,279.77,85.37303610000001,168,78.42,370.23000862000004,1126.43187286
436,71.02,34.95,5.17,56.86,4.512117,268.08057514,168,00794-1-02,45 a 59,Mujeres,Quintil bajo,Centro,Cuidadores domesticos,Motorizados privados,72.63000000000001,0,72.63000000000001,195.45057513999998,168,40.120000000000005,52.369974199999945,233.39610824
437,63.45,29.66,8.2,66.69,2.139984,88.60198830000002,168,00797-1-01,30 a 44,Hombres,Quintil bajo,Norte,Trabajadores rutinarios,Motorizados privados,77.82000000000001,0,77.82000000000001,10.781988300000002,168,37.86,47.17999649999999,128.19979074
440,76.37,16.13,5.32,70.18,3.001748,126.40206618857104,168,00801-1-01,30 a 44,Mujeres,Quintil medio,Centro,Cuidadores domesticos,Motorizados privados,200.73000000000002,303.571428571429,-102.84142857142899,229.24349476000003,168,21.45,102.84142857142899,167.22892317142896
441,63.61,28,11.85,64.54,2.982441,189.71307201000002,168,00802-1-02,45 a 59,Mujeres,Quintil bajo,Sur,Cuidadores domesticos,Motorizados privados,0,0,0,189.71307201000002,168,39.85,0,118.85027384999995
442,57.6,57.47,6.05,46.88000000000001,22.109423,498.41274159999995,168,00803-1-01,45 a 59,Hombres,Quintil alto,Centro,Jovenes trabajadores,Motorizados privados,474.90999999999997,0,474.90999999999997,23.502741599999997,168,63.519999999999996,775.0900232000001,2179.4805721599996
445,65.26,24.54,7.65,70.54999999999998,6.801119,200.89475828000002,168,00808-1-01,45 a 59,Hombres,Quintil alto,Norte,Trabajadores rutinarios,Motorizados privados,167.21,35.15625,132.05375,68.84100828000001,168,32.19,242.94626766,461.8742882700001
451,85.49,10.85,6.48,65.18,3.279278,120.6054793,168,00818-1-01,45 a 59,Hombres,Quintil alto,Norte,Trabajadores moviles,Motorizados privados,115.26,0,115.26,5.3454793,168,17.33,159.73999692,216.56988465999996
457,79.4,27.53,8.92,52.14999999999999,4.785797,236.48227440000002,168,00825-1-02,30 a 44,Mujeres,Quintil alto,Norte,Cuidadores domesticos,Motorizados privados,131.49,0,131.49,104.99227440000001,168,36.45,143.51000739999998,317.95230804999994
459,53.54,49.51,5.72,59.23000000000002,5.922247,206.94708934,168,00828-1-01,30 a 44,Hombres,Quintil bajo,Sur,Rutina flexible,Motorizados privados,139.87,0,139.87,67.07708934,168,55.23,110.13001503999999,437.21571684999986
460,82.11,22.68,8.46,54.75,7.532938,410.90956266,168,00832-1-01,18 a 29,Hombres,Quintil alto,Centro,Cuidadores domesticos,Motorizados privados,292.38,0,292.38,118.52956266,168,31.14,207.6199765199999,442.19566583999995
470,64.79,16.94,15.82,70.44999999999999,3.01991,180.97994678999999,168,00850-1-05,30 a 44,Mujeres,Quintil bajo,Sur,Cuidadores domesticos,Motorizados privados,10.32,0,10.32,170.65994679,168,32.760000000000005,14.680022110000039,113.61227371000001
472,63,38.52,6.18,60.29999999999999,9.563579,214.99671848979594,168,00854-1-01,60 o mas,Hombres,Quintil alto,Centro,Trabajadores rutinarios,Motorizados privados,234.43000000000004,46.9387755102041,187.49122448979594,27.505494000000002,168,44.7,387.5087585102041,815.0007398102043
474,60.89,33.56,4.44,69.11,4.299851,158.25790423,168,00859-1-01,45 a 59,Mujeres,Quintil bajo,Norte,Trabajadores rutinarios,Motorizados privados,108.94,0,108.94,49.31790423,168,38,103.56002316000001,266.95436116
475,79.04,18.47,11.67,58.81999999999999,2.775298,159.7495824,168,00860-1-02,30 a 44,Hombres,Quintil bajo,Sur,Cuidadores domesticos,Motorizados privados,90.39,25,65.39,94.3595824,168,30.14,59.60997151999999,143.25745324000002
477,68.54,43.54,6.09,49.83,7.49812,253.71116294,168,00868-1-01,30 a 44,Mujeres,Quintil medio,Centro,Trabajadores moviles,Motorizados privados,214.79,0,214.79,38.92116294,168,49.629999999999995,260.2099818600001,632.34167746
482,15.36,76.77,9.88,65.99,3.195323,49.08016128,168,00872-1-02,60 o mas,Hombres,Quintil bajo,Norte,Rutina flexible,Motorizados privados,0,0,0,49.08016128,168,86.64999999999999,0,276.87473795000005
485,59.05,38.48,20.07,50.4,4.406081,150.6290643,168,00874-1-01,45 a 59,Hombres,Quintil bajo,Sur,Cuidadores domesticos,Motorizados privados,90.45,0,90.45,60.17906430000001,168,58.55,109.55001875000002,367.52606130000004
494,69.23,21.42,16.04,61.309999999999995,11.419656,345.57277618,168,00888-1-01,45 a 59,Mujeres,Quintil alto,Norte,Trabajadores rutinarios,Motorizados privados,254.98999999999998,0,254.98999999999998,90.58277618,168,37.46,445.01000870000007,872.7903224599999
496,37.03,24.05,16.06,90.86,2.948798,66.181186909697,168,00890-1-02,45 a 59,Mujeres,Quintil bajo,Centro,Rutina flexible,Motorizados privados,28.58,71.592803030303,-43.012803030303004,109.19398994000001,168,40.11,43.012803030303004,161.289090810303
499,50.9,50.05,7.13,59.919999999999995,2.536618,18.39977377761729,168,00893-1-01,45 a 59,Mujeres,Quintil medio,Norte,Jovenes trabajadores,Motorizados privados,78.6,69.3140794223827,9.28592057761729,9.1138532,167.99999999999997,57.18,110.71408242238269,255.7578996623827
504,49.87,54.55,12.49,51.089999999999996,6.368246,177.06443028,168,00899-1-01,18 a 29,Mujeres,Quintil bajo,Sur,Jovenes trabajadores,Motorizados privados,159.48000000000002,0,159.48000000000002,17.58443028,167.99999999999997,67.03999999999999,140.51999773999995,567.4472095799999
509,73.12,14.46,9.08,71.33999999999999,6.312068,97.10842827999998,168,00903-1-01,30 a 44,Mujeres,Quintil alto,Centro,Trabajadores rutinarios,Motorizados privados,423.07,412.5,10.569999999999993,86.53842827999999,168,23.54,364.42998388,513.0160646
519,76.13,20.85,10.47,60.55000000000001,20.734259,678.20914501,168,00927-1-01,45 a 59,Hombres,Quintil alto,Centro,Trabajadores rutinarios,Motorizados privados,599.71,0,599.71,78.49914500999999,168,31.32,900.2899926599999,1549.6869845399997
520,72.35,34.89,16.99,43.77000000000001,2.988313,174.66779530369462,168,00928-1-02,60 o mas,Mujeres,Quintil alto,Centro,Cuidadores domesticos,Motorizados privados,38.019999999999996,79.5566502463054,-41.5366502463054,216.20444555,168,51.879999999999995,41.536650246305385,196.5703286863054
521,26.52,55.61,8.54,77.32999999999998,3.07403,81.5232756,168,00931-1-01,30 a 44,Mujeres,Quintil medio,Norte,Rutina flexible,Motorizados privados,0,0,0,81.5232756,167.99999999999997,64.15,0,197.19902450000004
525,30.62,69.37,10.17,57.83999999999999,2.95892,90.60213040000001,168,00939-1-03,18 a 29,Mujeres,Quintil alto,Centro,Rutina flexible,Motorizados privados,0,0,0,90.60213040000001,168,79.54,0,235.35249679999998
529,62.01,34.83,9.73,61.43000000000001,4.502968,175.33903668,168,00954-1-01,45 a 59,Hombres,Quintil medio,Centro,Trabajadores rutinarios,Motorizados privados,121.10999999999999,0,121.10999999999999,54.22903668,168,44.56,103.89000900000002,304.54226308
533,55.69,42.34,5.68,64.28999999999999,32.009437,613.23553693,168,00966-1-01,45 a 59,Hombres,Quintil alto,Centro,Trabajadores moviles,Motorizados privados,680.63,100,580.63,32.60553693,168,48.02,1169.3700095999998,2706.46317434
534,51.03,51.43,6.66,58.879999999999995,3.08881,157.6219743,168,00966-1-02,45 a 59,Mujeres,Quintil alto,Centro,Cuidadores domesticos,Motorizados privados,0,0,0,157.6219743,168,58.09,0,179.4289729
536,66.88,22.64,6.96,71.52000000000001,1.633269,99.41299328,168,00971-1-02,30 a 44,Mujeres,Quintil bajo,Norte,Cuidadores domesticos,Motorizados privados,20.180000000000003,0,20.180000000000003,79.23299327999999,168,29.6,9.820037440000007,58.16479984
538,65.85,40.32,5.27,56.56,6.703212,261.17654185,168,00977-1-01,60 o mas,Mujeres,Quintil alto,Centro,Cuidadores domesticos,Motorizados privados,194.76999999999998,0,194.76999999999998,66.40654185,168,45.59,180.22996834999998,485.82940343
541,75.86,28.96,8.51,54.67,4.439957,103.67845365333328,168,00984-1-01,45 a 59,Hombres,Quintil medio,Centro,Trabajadores moviles,Motorizados privados,178.52999999999997,86.6666666666667,91.86333333333327,11.81512032,168,37.47,233.13668436666666,399.50187315666665
544,20.22,65.8,2.33,79.65,5.279619,47.68388824,168,00991-1-03,18 a 29,Hombres,Quintil medio,Norte,Rutina flexible,Motorizados privados,40.93,0,40.93,6.753888240000001,168,68.13,59.070007939999996,418.77045041
552,9.86,64.31,5.86,87.96999999999998,3.513865,34.6467089,168,01002-1-01,60 o mas,Mujeres,Quintil alto,Centro,Rutina flexible,Motorizados privados,0,0,0,34.6467089,168,70.17,0,246.56790705000006
553,86.29,20.18,10.66,50.86999999999999,3.060799,264.11634570999996,168,01003-1-02,30 a 44,Mujeres,Quintil bajo,Centro,Cuidadores domesticos,Motorizados privados,0,0,0,264.11634570999996,168,30.84,5.684341886080802e-14,94.39504116000006
556,27.92,28.41,9.26,102.40999999999998,3.131353,87.42737576,168,01012-1-03,60 o mas,Mujeres,Quintil bajo,Norte,Rutina flexible,Motorizados privados,0,0,0,87.42737576,168,37.67,0,117.95806751000005
561,14.42,51.82,13.9,87.86000000000001,3.136053,45.221884259999996,168,01023-1-01,30 a 44,Hombres,Quintil bajo,Norte,Rutina flexible,Motorizados privados,0,0,0,45.221884259999996,168,65.72,0,206.10140315999996
562,48.05,8.28,5.42,106.25,7.012377,93.96470954999998,168,01026-1-01,45 a 59,Mujeres,Quintil medio,Centro,Trabajadores rutinarios,Motorizados privados,259.52,202.5,57.01999999999998,36.944709550000006,168,13.7,242.9800053,339.04957020000006
567,63.51,29.78,4.51,70.2,3.715854,142.88387107,168,01030-1-01,30 a 44,Hombres,Quintil bajo,Centro,Trabajadores moviles,Motorizados privados,131.89,0,131.89,10.993871069999999,168,34.29,93.11001647,220.52665013
568,55.14,38.34,6.65,67.86999999999999,2.328761,73.3378888,168,01033-1-02,45 a 59,Hombres,Quintil bajo,Centro,Trabajadores rutinarios,Motorizados privados,57.43,0,57.43,15.907888800000002,168,44.99,55.069992740000004,159.84095013000004
574,63.99,22.17,6.31,75.52999999999999,3.003178,192.17336022,168,01046-1-01,30 a 44,Mujeres,Quintil bajo,Norte,Cuidadores domesticos,Motorizados privados,0,0,0,192.17336022,168,28.48,0,85.53050944000006
577,63.42,24.83,12.2,67.55,2.984632,189.28536144,168,01048-1-02,30 a 44,Mujeres,Quintil medio,Sur,Cuidadores domesticos,Motorizados privados,0,0,0,189.28536144,168,37.03,0,110.52092295999998
579,49.17,52.12,5.19,61.52000000000001,4.71353,136.90131896145328,168,01054-1-02,45 a 59,Mujeres,Quintil alto,Sur,Rutina flexible,Motorizados privados,96.39999999999999,26.2629757785467,70.13702422145329,66.76429474000001,168,57.309999999999995,94.86295113854675,364.9953554385467
583,80.18,19.74,15.63,52.449999999999996,1.936933,89.923315,168,01063-1-01,60 o mas,Hombres,Quintil bajo,Centro,Trabajadores rutinarios,Motorizados privados,59.62,0,59.62,30.303314999999998,168,35.37,65.37997294000002,133.88929315000001
585,0.84,71.68,6.48,88.99999999999999,2.666524,2.23988016,168,01064-1-03,18 a 29,Mujeres,Quintil bajo,Norte,Rutina flexible,Motorizados privados,0,0,0,2.23988016,168,78.16000000000001,0,208.41551584
600,58.26,34.09,8.49,67.16000000000001,2.626785,75.65648300000001,168,01089-1-02,30 a 44,Hombres,Quintil bajo,Centro,Trabajadores rutinarios,Motorizados privados,53.870000000000005,18.75,35.120000000000005,40.536483,168,42.580000000000005,77.38001109999999,189.22851639999996
601,62.03,39.24,6.76,59.96999999999999,5.479971,164.624512393617,168,01091-1-02,30 a 44,Mujeres,Quintil medio,Centro,Trabajadores rutinarios,Motorizados privados,136.67000000000002,24.468085106383,112.20191489361702,52.42259750000001,168,46,175.29808873638297,427.37675473638296
605,55.97,54.4,9.01,48.620000000000005,3.77851,134.97323191,168,01098-1-01,45 a 59,Mujeres,Quintil bajo,Sur,Jovenes trabajadores,Motorizados privados,85.99000000000001,0,85.99000000000001,48.98323191,168,63.41,76.50997278999998,316.10529189
607,51.43,55.25,7.69,53.629999999999995,3.162713,92.63831643,168,01101-1-02,30 a 44,Hombres,Quintil medio,Centro,Jovenes trabajadores,Motorizados privados,42.48,0,42.48,50.15831643,168,62.94,70.02001315999999,269.08116938
610,55.96,47.89,6.18,57.96999999999999,6.191613,187.3726856,168,01105-1-01,30 a 44,Hombres,Quintil bajo,Norte,Jovenes trabajadores,Motorizados privados,153.39000000000001,0,153.39000000000001,33.9826856,168,54.07,159.10997788000003,493.89049279
619,64.36,38.17,5.12,60.35,5.03319,206.25609096,168,01124-1-02,30 a 44,Mujeres,Quintil medio,Centro,Cuidadores domesticos,Motorizados privados,132.32,0,132.32,73.93609096,168,43.29,117.68001744000003,335.56681254000006
624,52.07,42.43,9.85,63.65,3.051111,158.87134977,168,01130-1-02,18 a 29,Mujeres,Quintil bajo,Centro,Cuidadores domesticos,Motorizados privados,0,0,0,158.87134977,168,52.28,0,159.51208308000002
627,74.92,36.52,9.05,47.50999999999999,2.909881,55.635521631446,168,01137-1-03,30 a 44,Mujeres,Quintil alto,Norte,Cuidadores domesticos,Motorizados privados,112.55,162.422744128554,-49.872744128554004,105.50826576,168,45.57000000000001,162.372762888554,294.976040058554
636,81.64,20.28,12.08,54,3.138718,256.24493752,168,01152-1-02,30 a 44,Mujeres,Quintil bajo,Sur,Cuidadores domesticos,Motorizados privados,0,0,0,256.24493752,168,32.36,0,101.56891447999999
638,55.9,28.61,13.69,69.8,7.305207,240.4710632,168,01157-1-01,45 a 59,Hombres,Quintil medio,Centro,Trabajadores rutinarios,Motorizados privados,207.10999999999999,0,207.10999999999999,33.361063200000004,168,42.3,167.8900081,476.90026420000004
641,75.25,39.31,5.17,48.269999999999996,1.954147,88.5440448790323,168,01159-1-01,30 a 44,Hombres,Quintil alto,Centro,Cuidadores domesticos,Motorizados privados,58.43,54.4354838709677,3.9945161290322986,84.54952875000001,168,44.480000000000004,58.50551687096771,145.42597543096772
644,50.41,48.09,12.07,57.43,5.905619,60.115325296930706,168,01163-1-02,60 o mas,Mujeres,Quintil alto,Norte,Jovenes trabajadores,Motorizados privados,176.22000000000003,163.80693069306932,12.413069306930709,47.70225599,168,60.160000000000004,237.58692849306928,592.8689675330693
649,68.78,26.28,14.54,58.4,3.100882,118.03866396,168,01170-1-01,60 o mas,Mujeres,Quintil bajo,Centro,Cuidadores domesticos,Motorizados privados,54.760000000000005,150,-95.24,213.27866396,168,40.82,95.24,221.81800323999994
650,59.78,36.96,17.18,54.07999999999999,2.392446,88.0443097303627,168,01172-1-02,45 a 59,Hombres,Quintil medio,Sur,Trabajadores rutinarios,Motorizados privados,67.77,7.7461139896373,60.023886010362695,28.020423719999997,168,54.14,54.976112149637316,184.50313858963736
652,61.26,45.39,9.44,51.91000000000001,6.113328,214.67249683999998,168,01174-1-01,45 a 59,Mujeres,Quintil bajo,Sur,Jovenes trabajadores,Motorizados privados,165.17,0,165.17,49.50249684,168,54.83,159.82997644000002,495.0237506799999
654,40.42,55.99,13.68,57.910000000000004,4.182476,219.025715,168,01176-1-02,30 a 44,Mujeres,Quintil bajo,Sur,Rutina flexible,Motorizados privados,112.47,0,112.47,106.55571499999999,168,69.67,-49.970035079999974,241.42306784000004
656,49.4,30.44,13.22,74.94,3.09404,152.845576,168,01180-1-03,60 o mas,Hombres,Quintil bajo,Centro,Cuidadores domesticos,Motorizados privados,0,0,0,152.845576,168,43.660000000000004,0,135.08578640000002
659,14.8,56.21,6.53,90.45999999999998,2.962527,43.84539960000001,168,01183-1-02,18 a 29,Mujeres,Quintil bajo,Centro,Rutina flexible,Motorizados privados,0,0,0,43.84539960000001,168,62.74,0,185.86894398000007
660,76.67,8.66,7.9,74.77,1.282288,49.90301068,168,01186-1-01,60 o mas,Hombres,Quintil bajo,Norte,Trabajadores rutinarios,Motorizados privados,26.59,0,26.59,23.31301068,168,16.560000000000002,48.41001028,69.64469956000002
670,55.75,44.14,8.22,59.89,6.239509,209.99264225,168,01212-1-01,30 a 44,Hombres,Quintil bajo,Sur,Trabajadores rutinarios,Motorizados privados,162.14,0,162.14,47.85264225,168,52.36,137.85998450000002,464.56067573999997
671,49.62,42.12,12.61,63.64999999999999,4.130173,80.73918074,168,01214-1-01,45 a 59,Hombres,Quintil bajo,Norte,Trabajadores rutinarios,Motorizados privados,75.8,0,75.8,4.93918074,168,54.73,124.20000352,350.2443718100001
676,80.09,33.53,7.5,46.879999999999995,3.564106,191.71928400000002,168,01218-1-01,30 a 44,Hombres,Quintil bajo,Centro,Trabajadores moviles,Motorizados privados,81.27,0,81.27,110.44928400000002,168,41.03,93.72996554000002,239.96523472
678,61.95,41.19,5.67,59.19,4.884846,189.58619,168,01220-1-01,30 a 44,Hombres,Quintil bajo,Centro,Jovenes trabajadores,Motorizados privados,136.97,0,136.97,52.616189999999996,168,46.86,113.03001970000003,341.93390325999997
679,33.65,53.3,7.77,73.28,2.955526,86.9634719,168,01221-1-01,60 o mas,Hombres,Quintil bajo,Norte,Rutina flexible,Motorizados privados,15.010000000000002,0,15.010000000000002,71.9534719,168,61.06999999999999,12.489977999999994,192.98395081999996
680,60.08,34.01,12.88,61.029999999999994,10.175284,337.5610468,168,01222-1-01,30 a 44,Hombres,Quintil alto,Sur,Trabajadores moviles,Motorizados privados,276.23,0,276.23,61.331046799999996,168,46.89,273.77001592,750.88908268
681,83.17,21.98,10.63,52.21999999999999,7.571987,380.87215597,168,01222-1-02,30 a 44,Mujeres,Quintil alto,Sur,Cuidadores domesticos,Motorizados privados,251.10999999999999,0,251.10999999999999,129.76215597,168,32.61,248.89000282000006,495.81249889000003
687,43.76,65.33,9.69,49.22000000000001,3.07614,134.6118864,168,01233-1-02,45 a 59,Mujeres,Quintil bajo,Sur,Rutina flexible,Motorizados privados,0,0,0,134.6118864,168,75.02,0,230.77202279999995
688,26.86,71.2,7.71,62.22999999999998,2.985095,80.1796517,168,01233-1-03,30 a 44,Mujeres,Quintil bajo,Sur,Rutina flexible,Motorizados privados,0,0,0,80.1796517,167.99999999999997,78.91,0,235.55384645
692,48.7,26.65,10.85,81.80000000000001,3.179023,154.8184201,168,01243-1-02,30 a 44,Mujeres,Quintil bajo,Centro,Cuidadores domesticos,Motorizados privados,0,0,0,154.8184201,168,37.5,0,119.21336249999999
693,60.02,42.78,7.32,57.87999999999999,13.170571,244.61769985999996,168,01244-1-01,45 a 59,Hombres,Quintil alto,Norte,Trabajadores rutinarios,Motorizados privados,316.61999999999995,112.5,204.11999999999995,40.49769986,168,50.1,545.8799715600001,1205.7255786600003
696,37.36,84.03,4.13,42.47999999999998,1.492177,55.74771664,168,01249-1-02,18 a 29,Hombres,Quintil medio,Norte,Jovenes trabajadores,Motorizados privados,0,0,0,55.74771664,167.99999999999997,88.16,1.608000000175025e-5,131.55034040000004
697,51.28,48.1,9.78,58.84,3.623527,139.78266685818178,168,01250-1-01,30 a 44,Hombres,Quintil bajo,Sur,Trabajadores moviles,Motorizados privados,112.14999999999998,8.18181818181818,103.96818181818179,35.81448504,168,57.88,46.03179770181822,255.7615404618182
698,61.63,54.74,6.49,45.14,3.087543,151.9270631718182,168,01250-1-02,30 a 44,Mujeres,Quintil bajo,Sur,Trabajadores moviles,Motorizados privados,93.46000000000001,6.81818181818182,86.6418181818182,65.28524499,168,61.230000000000004,38.35821191818184,227.40846980818185
708,62,33.41,10.38,62.21,4.6901,204.876182,168,01267-1-01,30 a 44,Hombres,Quintil medio,Sur,Trabajadores rutinarios,Motorizados privados,139.09,0,139.09,65.786182,168,43.79,85.91001800000001,291.289497
709,72.18,30.33,7.61,57.879999999999995,4.607502,246.65950768000002,168,01267-1-02,30 a 44,Mujeres,Quintil medio,Sur,Cuidadores domesticos,Motorizados privados,139.09,0,139.09,107.56950768000002,168,37.94,85.90998668,260.71861256
716,54.22,41.91,9.54,62.330000000000005,18.965817,510.50657834000003,168,01276-1-01,45 a 59,Hombres,Quintil alto,Centro,Jovenes trabajadores,Motorizados privados,482.18,0,482.18,28.32657834,168,51.449999999999996,517.8200194000001,1493.61130405
719,23.32,56.16,9.32,79.20000000000002,3.202961,74.69305052,168,01279-1-04,18 a 29,Mujeres,Quintil alto,Norte,Rutina flexible,Motorizados privados,0,0,0,74.69305052,168,65.47999999999999,0,209.72988627999996
720,63.26,26.83,11.18,66.73000000000002,6.400938,220.77332274,168,01283-1-01,45 a 59,Mujeres,Quintil bajo,Sur,Trabajadores rutinarios,Motorizados privados,165.85,0,165.85,54.92332274000001,168.00000000000003,38.01,184.15001513999997,427.4496685199998
722,61.46,39.14,5.59,61.80999999999999,1.029799,63.29142004,168,01286-1-01,45 a 59,Mujeres,Quintil bajo,Centro,Cuidadores domesticos,Motorizados privados,0,0,0,63.29142004,168,44.730000000000004,2.6499999997042778e-5,46.06293577
723,56.72,36.5,10.14,64.64,2.878099,101.13575176,168,01290-1-02,45 a 59,Mujeres,Quintil medio,Centro,Trabajadores rutinarios,Motorizados privados,50.39,0,50.39,50.74575176,168,46.64,62.11002352,196.34456088000002
724,64.75,36.33,16.41,50.510000000000005,5.581154,211.09970175,168,01296-1-01,30 a 44,Mujeres,Quintil bajo,Norte,Cuidadores domesticos,Motorizados privados,149.72,0,149.72,61.379701749999995,168,52.739999999999995,150.28001974999995,444.6300817099999
726,34.72,66.73,6.58,59.97,58.027018,610.9580800000001,168,01301-1-01,45 a 59,Hombres,Quintil alto,Norte,Jovenes trabajadores,Motorizados privados,596.2600000000001,0,596.2600000000001,14.69808,168,73.31,1403.7399849599997,5657.7006745399995
727,59.98,45.7,7.6,54.720000000000006,14.23447,395.19348778000005,168,01302-1-01,45 a 59,Hombres,Quintil alto,Norte,Jovenes trabajadores,Motorizados privados,341.41,0,341.41,53.78348778,168,53.300000000000004,458.59002281999994,1217.2872738199999
728,48.83,21.16,21.6,76.41,10.463378,99.73346726279803,168,01302-2-02,60 o mas,Hombres,Quintil alto,Norte,Trabajadores rutinarios,Motorizados privados,247.41000000000003,158.603281447202,88.80671855279803,10.92674871,168,42.760000000000005,411.19328047720194,858.607323757202
733,54.94,43.12,7.69,62.25,3.393734,186.45174595999998,168,01311-1-02,45 a 59,Mujeres,Quintil bajo,Centro,Cuidadores domesticos,Motorizados privados,0,0,0,186.45174595999998,168,50.809999999999995,0,172.43562454
739,54.04,51.46,5.83,56.67000000000001,17.916433,455.59404244000007,168,01328-1-01,30 a 44,Hombres,Quintil alto,Centro,Jovenes trabajadores,Motorizados privados,412.39000000000004,0,412.39000000000004,43.20404244,168,57.29,512.60999688,1539.0424434499998
744,34.36,39.57,8.38,85.69,3.091295,106.21689620000001,168,01337-1-03,30 a 44,Mujeres,Quintil bajo,Norte,Cuidadores domesticos,Motorizados privados,0,0,0,106.21689620000001,168,47.95,0,148.22759525
748,47.78,37.19,14.44,68.59,3.015074,68.82025803999998,168,01349-1-01,30 a 44,Mujeres,Quintil bajo,Norte,Trabajadores rutinarios,Motorizados privados,99.75999999999999,100,-0.2400000000000091,69.06025804,168,51.629999999999995,75.23997768000002,230.90824829999997
752,68.71,32.84,9.48,56.97,1.620758,63.9807198039469,168,01354-1-02,45 a 59,Hombres,Quintil bajo,Centro,Trabajadores rutinarios,Motorizados privados,36.47,21.3515754560531,15.118424543946897,48.862295259999996,168,42.32000000000001,47.38156237605308,115.9720409360531
756,48.59,39.18,12.67,67.55999999999999,3.424162,121.41001809000002,168,01363-1-01,45 a 59,Hombres,Quintil bajo,Sur,Trabajadores rutinarios,Motorizados privados,92.53000000000002,0,92.53000000000002,28.88001809,168,51.85,44.970013489999985,222.51281319
757,73.73,29.28,6.45,58.53999999999999,0.623614,45.97905146,168,01365-1-02,30 a 44,Hombres,Quintil bajo,Centro,Trabajadores moviles,Motorizados privados,0,0,0,45.97905146,168,35.730000000000004,8.76000000005206e-6,22.281736979999998
758,73.68,34.19,10.86,49.269999999999996,1.123301,50.36484096,168,01365-1-03,18 a 29,Mujeres,Quintil bajo,Centro,Trabajadores moviles,Motorizados privados,27.6,0,27.6,22.76484096,168,45.05,32.39997672000002,83.00468677
764,19.33,32.42,9.21,107.04000000000002,3.116365,60.23933545,168,01376-1-01,18 a 29,Hombres,Quintil bajo,Centro,Rutina flexible,Motorizados privados,0,0,0,60.23933545,168.00000000000003,41.63,0,129.73427494999993
766,57.94,37.32,5.09,67.65,2.366048,55.83884196,168,01377-1-03,45 a 59,Hombres,Quintil bajo,Norte,Trabajadores rutinarios,Motorizados privados,43.75,0,43.75,12.088841960000002,168,42.41,81.24997916000001,181.59407484000002
769,47.9,24.44,8.47,87.19,2.795007,50.15507838813559,168,01381-1-02,18 a 29,Mujeres,Quintil alto,Norte,Trabajadores moviles,Motorizados privados,63.519999999999996,22.2457627118644,41.274237288135595,8.8808411,168,32.910000000000004,83.72575691186441,175.7094372818644
771,74.14,34.24,10.42,49.199999999999996,2.847386,158.45520032000002,168,01390-1-01,30 a 44,Mujeres,Quintil bajo,Norte,Cuidadores domesticos,Motorizados privados,57.349999999999994,0,57.349999999999994,101.10520032000001,168,44.660000000000004,52.64999771999999,179.81425648000004
774,65,20.34,9.18,73.47999999999999,16.56362,465.307214893617,168,01394-1-01,45 a 59,Mujeres,Quintil alto,Sur,Trabajadores rutinarios,Motorizados privados,463.14,74.468085106383,388.671914893617,76.6353,168,29.52,611.3280851063829,1100.2861475063833
777,29.66,38.45,8.81,91.08,3.068939,91.02473073999998,168,01406-1-01,30 a 44,Hombres,Quintil bajo,Norte,Rutina flexible,Motorizados privados,0,0,0,91.02473073999998,168,47.260000000000005,1.4210854715202004e-14,145.03805714000003
778,55.01,35.28,8.59,69.12,3.254374,117.31313247,168,01408-1-01,45 a 59,Hombres,Quintil medio,Sur,Trabajadores rutinarios,Motorizados privados,95.79,0,95.79,21.52313247,168,43.870000000000005,61.709981269999986,204.47936865
779,44.8,35,9.69,78.51,3.890611,140.319364,168,01410-1-01,30 a 44,Mujeres,Quintil bajo,Norte,Trabajadores rutinarios,Motorizados privados,78.52,0,78.52,61.799364,168,44.69,33.98000879999998,207.85141438999995
786,63.08,48.47,4.85,51.6,4.910963,236.0235592,168,01423-1-01,18 a 29,Mujeres,Quintil bajo,Centro,Rutina flexible,Motorizados privados,154.99,0,154.99,81.03355919999998,168,53.32,73.75998683999998,335.612534
788,83.84,30.94,7.11,46.11,3.592423,237.83876220000002,168,01434-1-01,45 a 59,Hombres,Quintil bajo,Centro,Cuidadores domesticos,Motorizados privados,116.65,0,116.65,121.18876220000001,168,38.050000000000004,63.34998211999999,200.04167726999998
792,63.86,29.02,4.83,70.29,2.941694,138.32659568000003,168,01438-1-02,30 a 44,Mujeres,Quintil medio,Sur,Trabajadores rutinarios,Motorizados privados,80.47000000000001,0,80.47000000000001,57.85659568,168,33.85,49.52998315999997,149.10632505999996
799,51.57,48.11,9.15,59.17000000000001,7.243858,123.68731170745099,168,01463-1-03,30 a 44,Hombres,Quintil alto,Norte,Trabajadores moviles,Motorizados privados,196.2,96.078431372549,100.12156862745098,23.56574308,168.00000000000003,57.26,249.87844535254902,664.6617544325488
802,56.33,26.48,17.06,68.13,6.142696,133.5480687,168,01467-1-01,45 a 59,Hombres,Quintil bajo,Sur,Trabajadores rutinarios,Motorizados privados,162.53,50,112.53,21.0180687,168,43.54,212.46999698000002,479.9229808200001
804,59.01,59.28,2.66,47.05000000000001,2.245742,73.58409605285709,168,01471-1-03,30 a 44,Hombres,Quintil bajo,Centro,Jovenes trabajadores,Motorizados privados,58.919999999999995,17.8571428571429,41.0628571428571,32.52123891,168,61.94,58.93713936714289,198.03839884714284
805,66.67,30.35,13.37,57.60999999999999,2.440125,185.54309632,168,01474-1-01,45 a 59,Hombres,Quintil bajo,Sur,Cuidadores domesticos,Motorizados privados,72.86,0,72.86,112.68309631999999,168,43.72,-22.859962569999965,83.82230243000006
816,25.83,52.02,8.8,81.35000000000001,3.282305,84.78193815,168,01500-1-01,45 a 59,Mujeres,Quintil bajo,Centro,Rutina flexible,Motorizados privados,0,0,0,84.78193815,168,60.82000000000001,0,199.62979009999995
817,18.15,67.19,14.02,68.64,3.579152,26.631383236090194,168,01504-1-01,60 o mas,Hombres,Quintil bajo,Centro,Rutina flexible,Motorizados privados,39.01,77.3402255639098,-38.3302255639098,64.9616088,168,81.21,38.3302255639098,328.99315948390984
818,65.51,35.15,13.36,53.980000000000004,3.214079,210.55431529,168,01504-1-02,60 o mas,Mujeres,Quintil bajo,Centro,Cuidadores domesticos,Motorizados privados,0,0,0,210.55431529,168,48.51,0,155.91497228999995
820,86.27,32.88,5.66,43.19,3.282481,98.54151485186802,168,01505-1-02,45 a 59,Mujeres,Quintil alto,Sur,Cuidadores domesticos,Motorizados privados,147.23000000000002,131.868131868132,15.361868131868022,83.17964672,168,38.540000000000006,184.638121018132,311.14493875813207
823,80.39,24.98,6.13,56.49999999999999,10.588723,279.7629952711685,168,01510-1-01,30 a 44,Hombres,Quintil alto,Centro,Trabajadores moviles,Motorizados privados,353.33,99.7944803288315,253.5355196711685,26.227475600000002,168,31.11,571.4644466988315,900.8796192288315
824,48.15,47.76,6.2,65.89,3.597791,70.483625,168,01511-1-01,60 o mas,Hombres,Quintil bajo,Centro,Jovenes trabajadores,Motorizados privados,59.75,0,59.75,10.733625,168,53.96,102.75001164999999,296.88681400999997
826,23.68,70.02,6.97,67.33,2.648779,22.05200575709851,168,01513-1-02,30 a 44,Hombres,Quintil bajo,Sur,Jovenes trabajadores,Motorizados privados,52.36000000000001,48.0310880829015,4.328911917098509,17.72309384,168,76.99,40.6710809629015,244.60057617290155
827,74.21,13.48,7.57,72.74000000000001,2.69059,178.32865726,168,01516-1-01,30 a 44,Mujeres,Quintil bajo,Sur,Trabajadores rutinarios,Motorizados privados,116.16,25,91.16,87.16865726,168,21.05,21.340026639999962,77.97694613999994
829,30.21,53.52,6.1,78.16999999999999,1.316111,33.36305585333331,168,01517-1-02,18 a 29,Mujeres,Quintil bajo,Centro,Jovenes trabajadores,Motorizados privados,65.27000000000001,41.6666666666667,23.60333333333331,9.75972252,168,59.620000000000005,6.396657456666695,84.86319527666672
835,76.41,32.01,7.62,51.96000000000001,3.970582,204.65218493999998,168,01524-1-01,30 a 44,Mujeres,Quintil bajo,Centro,Trabajadores moviles,Motorizados privados,113.75999999999999,0,113.75999999999999,90.89218494,168,39.629999999999995,98.73998568000002,256.09415033999994
843,62.13,19.64,8.33,77.9,3.69622,131.29617318,168,01541-1-01,60 o mas,Hombres,Quintil bajo,Centro,Trabajadores rutinarios,Motorizados privados,76.65,0,76.65,54.64617318,168,27.97,98.34997541999999,201.73324881999994
844,47.86,48.22,10.43,61.49,5.196484,123.09372426,168,01543-1-02,30 a 44,Mujeres,Quintil medio,Sur,Jovenes trabajadores,Motorizados privados,99.39,0,99.39,23.703724259999998,168,58.65,125.60999997999998,430.38378657999993
845,63.38,18.99,10.72,74.91000000000001,2.841456,164.08145842,168,01545-1-01,45 a 59,Mujeres,Quintil bajo,Sur,Trabajadores rutinarios,Motorizados privados,108.99,0,108.99,55.091458419999995,168,29.71,16.01002286000002,100.42968062
846,57.74,37.59,10.81,61.859999999999985,3.254182,187.89646868000003,168,01545-1-02,60 o mas,Hombres,Quintil bajo,Sur,Cuidadores domesticos,Motorizados privados,0,0,0,187.89646868000003,168,48.400000000000006,0,157.50240880000004
848,45.45,40.61,8.59,73.35,3.005281,136.59002145,168,01549-1-02,30 a 44,Mujeres,Quintil bajo,Sur,Cuidadores domesticos,Motorizados privados,0,0,0,136.59002145,168,49.2,2.842170943040401e-14,147.85982520000005
852,73.11,37.7,5.71,51.48,6.589915,318.01865659000003,168,01558-1-01,30 a 44,Hombres,Quintil medio,Centro,Cuidadores domesticos,Motorizados privados,211.23000000000002,0,211.23000000000002,106.78865659,168,43.410000000000004,163.77002906,449.83823921000004
854,69.95,25.35,20.04,52.65999999999999,2.9006439999999998,135.04009165,168,01567-1-01,45 a 59,Mujeres,Quintil bajo,Norte,Cuidadores domesticos,Motorizados privados,44.64,0,44.64,90.40009165,168,45.39,67.85995614999999,199.52018731
857,60.04,22.42,12.34,73.2,6.113288,123.19198155924502,168,01571-1-01,45 a 59,Mujeres,Quintil medio,Sur,Trabajadores rutinarios,Motorizados privados,203.32000000000002,147.169811320755,56.15018867924502,67.04179288,168,34.760000000000005,243.849829960755,456.34772084075496
865,43.81,36.54,17.46,70.19,3.145075,70.36984617944779,168,01587-1-03,60 o mas,Mujeres,Quintil bajo,Sur,Rutina flexible,Motorizados privados,49.17,116.5858895705522,-67.4158895705522,137.78573575,168,54,67.4158895705522,237.24993957055221
868,70.73,42.02,10.37,44.879999999999995,7.296088,237.33230978999998,168,01592-1-01,60 o mas,Hombres,Quintil alto,Centro,Trabajadores moviles,Motorizados privados,221.27999999999997,0,221.27999999999997,16.05230979,168,52.39,278.71999445000006,660.9620447700001
870,47.23,35.2,15.4,70.17,3.158278,85.98547247,168,01593-1-01,45 a 59,Hombres,Quintil bajo,Centro,Trabajadores rutinarios,Motorizados privados,61.82000000000001,0,61.82000000000001,24.16547247,168,50.6,63.179997470000004,222.98886427000002
879,82.52,22.86,9.58,53.040000000000006,3.328163,149.21997272,168,01609-1-01,45 a 59,Hombres,Quintil bajo,Norte,Trabajadores rutinarios,Motorizados privados,74.58000000000001,0,74.58000000000001,74.63997271999999,168,32.44,125.42003804000001,233.38564576
881,50.35,51.52,10.25,55.879999999999995,5.842399,190.51478895,168,01615-1-02,18 a 29,Mujeres,Quintil medio,Sur,Jovenes trabajadores,Motorizados privados,171.35,0,171.35,19.16478895,168,61.77,103.65000070000005,464.53498693000006
882,57.22,51.98,9.72,49.080000000000005,5.301334,162.53235955999997,168,01618-1-01,45 a 59,Mujeres,Quintil bajo,Norte,Jovenes trabajadores,Motorizados privados,109.19,0,109.19,53.34235955999999,168,61.699999999999996,140.80997192,467.90227971999997
884,70.68,30.57,7.78,58.97,4.255127,179.93238612000005,168,01620-1-01,18 a 29,Hombres,Quintil bajo,Centro,Trabajadores rutinarios,Motorizados privados,129.18000000000004,0,129.18000000000004,50.75238612,168,38.35,120.81999023999998,284.00411068999995
887,23.79,54.47,9,80.74000000000001,3.362531,69.19459497,168,01623-1-03,18 a 29,Mujeres,Quintil medio,Centro,Rutina flexible,Motorizados privados,7.2,0,7.2,61.994594969999994,168,63.47,10.800017519999997,224.21986008999997
894,33.67,49.21,7.52,77.59999999999998,3.159217,20.36732077074911,168,01641-1-01,60 o mas,Mujeres,Quintil bajo,Sur,Rutina flexible,Motorizados privados,63.43,126.9335205992509,-63.5035205992509,83.87084137000001,167.99999999999997,56.730000000000004,86.00351561925089,265.2258960292509
902,60.46,35.52,10.15,61.86999999999998,18.642373,455.71786584,168,01651-1-01,18 a 29,Mujeres,Quintil alto,Sur,Trabajadores rutinarios,Motorizados privados,416.1,0,416.1,39.61786584,168,45.67,671.4000057399999,1522.7971806500002
903,71.07,25.51,7.33,64.09,5.203507,183.80323704,168,01652-1-01,30 a 44,Hombres,Quintil medio,Norte,Trabajadores rutinarios,Motorizados privados,138.99,0,138.99,44.813237040000004,168,32.84,186.01000545,356.89317532999996
907,56.11,44.98,11.25,55.66,2.370763,74.81353064999999,168,01660-1-02,18 a 29,Hombres,Quintil medio,Norte,Trabajadores rutinarios,Motorizados privados,41.79,0,41.79,33.02353065,168,56.23,58.20998128000002,191.51798477000003
908,59.22,58.32,6.75,43.71,2.944028,57.108220852328785,168,01661-1-01,45 a 59,Mujeres,Quintil medio,Norte,Jovenes trabajadores,Motorizados privados,76.52999999999999,78.7671232876712,-2.23712328767121,59.345344139999995,168,65.07,117.2371173076712,308.8050192676712
913,37.54,56.08,13.87,60.51000000000001,4.932588,110.28934175999999,168,01669-1-02,45 a 59,Mujeres,Quintil medio,Sur,Jovenes trabajadores,Motorizados privados,87.61999999999999,0,87.61999999999999,22.669341760000002,168.00000000000003,69.95,74.88001176,419.9145423599999
918,87.85,13.04,5.22,61.890000000000015,1.53384,80.0578845,168,01679-1-01,45 a 59,Hombres,Quintil medio,Norte,Trabajadores rutinarios,Motorizados privados,45.309999999999995,0,45.309999999999995,34.7478845,168,18.259999999999998,54.689959499999986,82.69787789999998
919,65.36,28.6,11.49,62.54999999999999,6.302956,234.44120768000002,168,01683-1-01,30 a 44,Mujeres,Quintil medio,Norte,Trabajadores rutinarios,Motorizados privados,167.48000000000002,0,167.48000000000002,66.96120768,168,40.09,177.51999648,430.2055025200001
923,61.58,21.1,17.28,68.03999999999999,3.67653,157.83071912,168,01692-1-02,18 a 29,Hombres,Quintil bajo,Centro,Trabajadores rutinarios,Motorizados privados,106.43,0,106.43,51.40071911999999,168,38.38,68.56999828,209.67521968000003
925,63.33,51.62,11.62,41.43000000000001,3.221949,204.04603017000002,168,01699-1-02,45 a 59,Mujeres,Quintil bajo,Sur,Cuidadores domesticos,Motorizados privados,0,0,0,204.04603017000002,168,63.239999999999995,-2.842170943040401e-14,203.75605475999996
928,40.24,43.75,10.68,73.32999999999998,2.984296,120.08807104,168,01704-1-02,30 a 44,Mujeres,Quintil medio,Centro,Cuidadores domesticos,Motorizados privados,0,0,0,120.08807104,168,54.43,0,162.43523128000004
932,34.96,75.59,4.56,52.889999999999986,2.961879,103.54728984,168,01709-1-01,30 a 44,Hombres,Quintil bajo,Norte,Rutina flexible,Motorizados privados,0,0,0,103.54728984,168,80.15,0,237.39460185000002
935,43.19,62.87,7.41,54.53,6.021147,137.6033488,168,01713-1-01,30 a 44,Hombres,Quintil bajo,Sur,Jovenes trabajadores,Motorizados privados,127.54999999999998,0,127.54999999999998,10.0533488,168,70.28,122.44999013,545.6162012899999
937,50.61,42.54,11.19,63.66,3.169739,84.37051334,168,01715-1-01,45 a 59,Hombres,Quintil bajo,Centro,Trabajadores rutinarios,Motorizados privados,61.449999999999996,0,61.449999999999996,22.92051334,168,53.73,76.04997745,246.36005391999998
939,61.94,23.73,7.82,74.50999999999999,2.924418,99.84844711999999,168,01722-1-02,30 a 44,Hombres,Quintil bajo,Centro,Trabajadores moviles,Motorizados privados,93.71,0,93.71,6.1384471199999995,168,31.55,81.29000380000001,173.55539170000003
940,56.41,38.37,9.31,63.91,2.794743,31.436719537646987,168,01723-1-01,30 a 44,Hombres,Quintil bajo,Centro,Trabajadores moviles,Motorizados privados,85.54999999999998,91.764705882353,-6.214705882353016,37.65142542,168,47.68,126.21473309235301,259.468079332353
946,65.73,44.88,9.45,47.94,5.143182,261.13137497,168,01734-1-01,30 a 44,Hombres,Quintil bajo,Sur,Jovenes trabajadores,Motorizados privados,223.07000000000002,0,223.07000000000002,38.06137497,168,54.33,76.92997789000003,356.3590559500001
947,87.6,6.48,4.84,69.08,1.559659,71.0160884,168,01735-1-01,30 a 44,Mujeres,Quintil bajo,Norte,Trabajadores rutinarios,Motorizados privados,59.39,0,59.39,11.6260884,168,11.32,65.61003999999997,83.26537987999998
949,66.95,31.51,9.13,60.40999999999999,2.482004,103.04016874999999,168,01737-1-01,45 a 59,Mujeres,Quintil bajo,Centro,Trabajadores rutinarios,Motorizados privados,46.87,0,46.87,56.17016875,168,40.64,63.12999905000001,163.99864161000002
950,35.33,47.85,13.13,71.69000000000003,2.766377,69.04611766,168,01737-1-02,45 a 59,Hombres,Quintil bajo,Centro,Rutina flexible,Motorizados privados,21.31,0,21.31,47.73611766,168.00000000000003,60.980000000000004,28.68998175,197.38365120999993
953,71.79,17.33,10.46,68.41999999999999,29.245539,771.6172557299999,168,01748-1-02,45 a 59,Mujeres,Quintil alto,Centro,Trabajadores moviles,Motorizados privados,672.0799999999999,0,672.0799999999999,99.53725573,168,27.79,1327.9199890800003,2140.6535178900003
954,56.08,32.63,16.54,62.74999999999999,3.860821,136.44485863999998,168,01752-1-01,45 a 59,Hombres,Quintil bajo,Sur,Trabajadores rutinarios,Motorizados privados,101.92999999999999,19.5,82.42999999999999,54.01485863999999,168,49.17,80.06998304000001,269.90655161000007
957,53.36,38.95,4.78,70.91,0.293859,15.68032088,168,01753-1-07,18 a 29,Hombres,Quintil alto,Centro,Trabajadores moviles,Motorizados privados,0,0,0,15.68032088,168,43.730000000000004,-4.640000001998601e-6,12.850449429999998
964,55.25,36.66,6.85,69.24000000000001,2.558253,65.8836594292453,168,01761-1-02,18 a 29,Mujeres,Quintil bajo,Sur,Trabajadores moviles,Motorizados privados,71.71000000000001,27.1698113207547,44.540188679245304,21.343470749999998,168,43.51,75.4598188207547,186.7694068507547
966,50.04,25.43,11.67,80.86,3.031755,151.7090202,168,01769-1-03,30 a 44,Mujeres,Quintil bajo,Centro,Cuidadores domesticos,Motorizados privados,0,0,0,151.7090202,168,37.1,0,112.47811050000001
973,63.64,39.06,13.79,51.51,5.979432,217.75103912000003,168,01776-1-01,45 a 59,Hombres,Quintil medio,Norte,Trabajadores rutinarios,Motorizados privados,162.22000000000003,0,162.22000000000003,55.53103912,168,52.85,162.78001336,478.79299456000007
974,78.9,21.1,10.76,57.24,3.395322,192.7708846,168,01776-1-02,45 a 59,Mujeres,Quintil medio,Norte,Cuidadores domesticos,Motorizados privados,74.88,0,74.88,117.89088459999999,168,31.86,75.12002120000005,183.29498012
975,56.32,31.12,12.96,67.6,3.403363,134.24737743999998,168,01778-1-01,30 a 44,Hombres,Quintil bajo,Norte,Trabajadores rutinarios,Motorizados privados,67.57,0,67.57,66.67737744,168,44.08,57.43002672000003,207.45026776000003
977,44.46,46.66,12.32,64.56,6.144307,178.62590576000002,168,01780-1-02,18 a 29,Mujeres,Quintil medio,Sur,Rutina flexible,Motorizados privados,105.45,0,105.45,73.17590576,168,58.98,94.54998346000002,456.94121032
978,53.51,31.2,12.8,70.49000000000001,2.662388,104.2443908,168,01782-1-04,45 a 59,Hombres,Quintil bajo,Centro,Trabajadores moviles,Motorizados privados,74.28,0,74.28,29.9643908,168,44,38.219991079999986,155.36506307999997
986,33.26,31.15,9.08,94.51,6.513163,105.78778374000001,168,01797-1-02,45 a 59,Mujeres,Quintil bajo,Centro,Trabajadores rutinarios,Motorizados privados,76.66000000000001,0,76.66000000000001,29.127783739999998,168,40.23,110.84001763999996,372.8645651299999
991,71.78,40.09,6.25,49.879999999999995,5.446999,113.32398094083702,168,01809-1-01,60 o mas,Mujeres,Quintil alto,Sur,Cuidadores domesticos,Motorizados privados,207.33,180.491631799163,26.83836820083701,86.48561274000001,168,46.34,277.661607279163,530.075540939163
992,59.75,42.01,4.98,61.260000000000005,3.31877,130.78652775,168,01810-1-01,30 a 44,Hombres,Quintil bajo,Sur,Trabajadores moviles,Motorizados privados,94.99,0,94.99,35.79652775,168,46.989999999999995,67.50997975000001,223.45898204999997
993,33.83,40.73,11.98,81.46000000000002,3.090714,104.55885462,168,01818-1-01,45 a 59,Mujeres,Quintil bajo,Centro,Cuidadores domesticos,Motorizados privados,0,0,0,104.55885462,168.00000000000003,52.709999999999994,0,162.91153493999994
994,53.1,34.13,12.72,68.05000000000001,5.963369,170.7148864,168,01818-1-02,45 a 59,Hombres,Quintil bajo,Centro,Trabajadores rutinarios,Motorizados privados,154.06,0,154.06,16.6548864,168,46.85,145.94000749999998,425.32384514999995
1000,57.49,53.01,5.36,52.13999999999999,4.012959,112.97502786,168,01825-1-02,30 a 44,Hombres,Quintil medio,Centro,Jovenes trabajadores,Motorizados privados,82.27,0,82.27,30.705027859999998,168,58.37,117.72998505000002,351.9664018800001
1001,49.87,42.93,10.5,64.69999999999999,3.284239,136.2314678582353,168,01826-1-02,30 a 44,Mujeres,Quintil medio,Centro,Cuidadores domesticos,Motorizados privados,31.269999999999996,8.82352941176471,22.446470588235286,113.78499727,168,53.43,27.553531071764695,203.03042084176474
1005,73.73,24.82,8.51,60.93999999999999,11.787427,277.16391385551015,168,01834-1-01,60 o mas,Hombres,Quintil alto,Norte,Trabajadores rutinarios,Motorizados privados,330.72999999999996,97.6530612244898,233.07693877551014,44.08697508,168,33.33,591.9230788544899,984.7980207644898
1006,66.86,33.52,9.63,57.99,7.006711,181.48175588448976,168,01834-1-02,45 a 59,Mujeres,Quintil alto,Norte,Cuidadores domesticos,Motorizados privados,160.35999999999999,47.3469387755102,113.01306122448977,68.46869466,168,43.150000000000006,286.98694157551023,589.3265212255102
1019,84.21,14.48,5.1,64.21000000000001,1.89426,135.92566039,168,01868-1-01,18 a 29,Mujeres,Quintil bajo,Centro,Cuidadores domesticos,Motorizados privados,26.409999999999997,0,26.409999999999997,109.51566039,168,19.58,23.58997421000001,60.67958501000001
1023,44.73,34.4,12.73,76.14,2.951003,100.68305388239071,168,01876-1-02,60 o mas,Mujeres,Quintil alto,Sur,Cuidadores domesticos,Motorizados privados,25.91,57.22531030760928,-31.315310307609277,131.99836419,168,47.129999999999995,31.31531030760928,170.3960816976093
1024,23.07,63.21,6.1,75.62,1.068463,24.649435710000002,168,01877-1-02,18 a 29,Hombres,Quintil bajo,Norte,Rutina flexible,Motorizados privados,0,0,0,24.649435710000002,168,69.31,5.699999995556482e-6,74.05517622999999
1028,52.69,36.8,9.16,69.35000000000001,4.052634,44.18362470719299,168,01882-1-01,45 a 59,Mujeres,Quintil bajo,Norte,Trabajadores rutinarios,Motorizados privados,87.00999999999999,81.359649122807,5.650350877192992,38.53327383,168,45.959999999999994,169.349660752807,355.60871939280696
1029,51.93,53.89,9.16,53.019999999999996,2.885168,115.89676295000001,168,01884-1-01,18 a 29,Hombres,Quintil bajo,Centro,Jovenes trabajadores,Motorizados privados,78.57000000000001,0,78.57000000000001,37.326762949999996,168,63.05,33.93001129000001,215.83985369
1032,91.41,21.79,5.43,49.370000000000005,3.62074,288.70185621,168,01888-1-02,30 a 44,Hombres,Quintil bajo,Centro,Cuidadores domesticos,Motorizados privados,57.730000000000004,0,57.730000000000004,230.97185621,168,27.22,42.269987189999995,140.82652998999998
1034,37.12,51.19,12.45,67.24,11.360608,208.77576144,168,01892-1-01,45 a 59,Mujeres,Quintil medio,Centro,Jovenes trabajadores,Motorizados privados,187.07,0,187.07,21.70576144,168,63.64,212.93000751999995,935.9191006399999
1038,64.25,42.35,6.23,55.17,6.463257,187.88953884523812,168,01897-1-02,18 a 29,Mujeres,Quintil alto,Centro,Cuidadores domesticos,Motorizados privados,127.03,29.4047619047619,97.6252380952381,90.26430075,168,48.58,227.37472340476188,541.3597484647618
1044,45.98,25.19,11.95,84.88000000000001,8.915526,96.09589213999998,168,01908-1-01,45 a 59,Mujeres,Quintil alto,Centro,Cuidadores domesticos,Motorizados privados,461.15999999999997,450,11.159999999999968,84.935892140000007,168,37.14,313.83999334,644.96262898
1046,71.73,33.95,9.24,53.07999999999999,12.261364,462.52763618,168,01916-1-01,45 a 59,Hombres,Quintil alto,Sur,Cuidadores domesticos,Motorizados privados,333.02,0,333.02,129.50763618000002,168,43.190000000000005,416.98000354000004,946.5483147000002
1049,71.8,32.5,5.89,57.81,3.214064,230.7697952,168,01921-1-04,30 a 44,Mujeres,Quintil alto,Norte,Cuidadores domesticos,Motorizados privados,0,0,0,230.7697952,168,38.39,0,123.38791696000001
1050,46.89,47.08,9.33,64.7,5.806109,132.2784301,168,01924-1-01,30 a 44,Hombres,Quintil bajo,Norte,Trabajadores rutinarios,Motorizados privados,110.03000000000002,0,110.03000000000002,22.248430099999997,168,56.41,139.97002091,467.4926296
1051,68.45,46.11,8.46,44.98,3.238717,174.3202073,168,01925-1-02,30 a 44,Mujeres,Quintil bajo,Sur,Jovenes trabajadores,Motorizados privados,90.13,0,90.13,84.19020730000001,168,54.57,47.369971350000014,224.10675804000005
1052,51.49,33.55,13.56,69.39999999999999,3.862499,94.27005163999999,168,01926-1-01,60 o mas,Hombres,Quintil bajo,Norte,Trabajadores rutinarios,Motorizados privados,57.89,0,57.89,36.38005164,168,47.11,104.61002187000003,286.57234976000007
1054,69.79,47.64,9.65,40.919999999999995,18.089683,508.7589881100001,168,01929-1-01,45 a 59,Hombres,Quintil alto,Centro,Jovenes trabajadores,Motorizados privados,496.2800000000001,0,496.2800000000001,12.478988110000001,168,57.29,753.7199884600002,1790.0779275300004
1062,66.25,37.38,7.84,56.53,0.775883,51.4022275,168,01951-1-01,45 a 59,Hombres,Quintil bajo,Centro,Cuidadores domesticos,Motorizados privados,0,0,0,51.4022275,168,45.22,2.12499999960869e-5,35.085450509999994
1066,50.7,21.71,9.32,86.27000000000001,2.179385,73.00484039999999,168,01962-1-02,30 a 44,Hombres,Quintil bajo,Centro,Trabajadores rutinarios,Motorizados privados,65.00999999999999,0,65.00999999999999,7.9948404,168,31.03,37.489979100000014,105.11629564999997
1070,40.68,47.52,16.86,62.93999999999998,3.204591,130.36276188,168,01969-2-02,45 a 59,Mujeres,Quintil alto,Centro,Rutina flexible,Motorizados privados,0,0,0,130.36276188,168,64.38,0,206.31156858000008
1074,49.08,44.84,9.3,64.78,8.218057,242.52225751999998,168,01975-1-01,45 a 59,Hombres,Quintil alto,Sur,Trabajadores rutinarios,Motorizados privados,214.17999999999998,0,214.17999999999998,28.34225752,168,54.14,160.81998004000002,605.74558602
1075,58.73,31.34,10.38,67.55000000000001,7.335585,269.99890251,168,01975-1-02,30 a 44,Mujeres,Quintil alto,Sur,Trabajadores rutinarios,Motorizados privados,214.17999999999998,0,214.17999999999998,55.81890251,168,41.72,160.82000453999996,466.86061073999997
1078,65.28,44.18,11.12,47.42,5.373613,245.3856191261539,168,01981-1-01,30 a 44,Mujeres,Quintil bajo,Sur,Trabajadores moviles,Motorizados privados,190.75,21.1538461538461,169.5961538461539,75.78946528,168,55.3,105.40383751384607,402.5646364138461
1081,47.53,38.5,14.52,67.45,2.900483,72.73997309,168,01988-1-02,18 a 29,Mujeres,Quintil bajo,Norte,Trabajadores rutinarios,Motorizados privados,49.88,0,49.88,22.85997309,168,53.019999999999996,65.1199839,218.90359255999996
1086,45.56,21.9,10.13,90.41,2.947084,132.67917648,168,02000-1-02,45 a 59,Mujeres,Quintil medio,Sur,Cuidadores domesticos,Motorizados privados,2.16,0,2.16,130.51917648,168,32.03,1.5899705600000118,95.98507108000001
1090,54.83,39.03,11.26,62.88,7.664963,265.2399097,168,02005-1-01,45 a 59,Hombres,Quintil alto,Sur,Trabajadores rutinarios,Motorizados privados,219.97,0,219.97,45.26990969999999,168,50.29,155.03001159000002,540.5010008600001
1096,65.59,36.5,15.23,50.67999999999999,3.479708,153.40402949000003,168,02018-1-01,30 a 44,Hombres,Quintil bajo,Centro,Cuidadores domesticos,Motorizados privados,75.17,0,75.17,78.23402949000001,168,51.730000000000004,74.83001822999998,254.83531306999998
1097,41.31,46.77,6.93,72.98999999999998,3.739851,84.09323057,168,02019-1-01,30 a 44,Hombres,Quintil bajo,Norte,Trabajadores rutinarios,Motorizados privados,79.60000000000001,0,79.60000000000001,4.49323057,168,53.7,70.40001423999999,271.23001294000005
1102,61.15,37.66,6.96,62.23,3.809132,184.80845094999998,168,02030-1-02,30 a 44,Mujeres,Quintil medio,Norte,Cuidadores domesticos,Motorizados privados,51.879999999999995,0,51.879999999999995,132.92845094999998,168,44.62,48.119970850000016,218.08344069000006
1103,71.86,39.47,10.03,46.64,6.177609,320.21299326,168,02031-1-01,30 a 44,Mujeres,Quintil bajo,Centro,Cuidadores domesticos,Motorizados privados,226.29000000000002,0,226.29000000000002,93.92299326,168,49.5,123.70998947999999,429.50163498
1105,45.95,54.38,4.96,62.70999999999999,12.299313,292.4634106,168,02033-1-01,60 o mas,Mujeres,Quintil medio,Centro,Jovenes trabajadores,Motorizados privados,227.31,0,227.31,65.1534106,168,59.34,272.69002175,1002.5312551700002
1107,50.85,34.89,11.35,70.91000000000001,2.956355,64.31758073385829,168,02038-1-01,60 o mas,Hombres,Quintil bajo,Sur,Trabajadores rutinarios,Motorizados privados,61.919999999999995,35.4330708661417,26.486929133858297,37.830651599999996,168,46.24,86.0130710161417,222.7149262161417
1114,61.21,24.06,12.06,70.66999999999999,16.743967,498.27820648,168,02064-1-01,45 a 59,Hombres,Quintil alto,Sur,Trabajadores rutinarios,Motorizados privados,473.38,0,473.38,24.898206480000002,168,36.12,526.6200135900002,1131.4121016300005
1117,63.26,32,11.84,60.900000000000006,4.298848,179.34512472,168,02067-1-01,18 a 29,Hombres,Quintil bajo,Sur,Trabajadores rutinarios,Motorizados privados,122.4,0,122.4,56.94512472,168,43.84,92.59999975999995,281.0614960799999
1118,83.64,29.03,8.83,46.5,4.342675,158.786691615385,168,02074-1-01,45 a 59,Hombres,Quintil alto,Centro,Cuidadores domesticos,Motorizados privados,160.95000000000002,115.384615384615,45.565384615385014,113.221307,168,37.86,204.434645384615,368.848320884615
1121,43.04,43.95,8.81,72.2,4.860091,66.00748019916081,168,02076-1-02,30 a 44,Hombres,Quintil medio,Sur,Trabajadores rutinarios,Motorizados privados,183.49,126.6608391608392,56.82916083916081,9.17831936,168,52.760000000000005,143.1708364408392,399.58923760083917
1122,23.8,60.78,11.92,71.49999999999999,6.233232,84.1709134,168,02081-1-03,18 a 29,Hombres,Quintil bajo,Centro,Jovenes trabajadores,Motorizados privados,48.32,0,48.32,35.8509134,168,72.7,64.18000820000002,517.3359746000001
1126,68.1,31.88,8.12,59.90000000000001,2.358414,152.3580151,168,02085-1-02,30 a 44,Hombres,Quintil bajo,Norte,Trabajadores rutinarios,Motorizados privados,106.75,0,106.75,45.6080151,168,40,8.249978299999981,102.58653829999997
1128,42.82,50.48,13.27,61.43000000000002,3.12319,14.094980420000013,168,02087-1-02,45 a 59,Mujeres,Quintil bajo,Sur,Rutina flexible,Motorizados privados,67.86000000000001,112.5,-44.639999999999986,58.73498042,168,63.75,119.64001538,318.7433778799999
1132,63.29,26.77,9.08,68.86000000000001,2.786018,172.15710847000003,168,02096-1-02,18 a 29,Mujeres,Quintil bajo,Centro,Cuidadores domesticos,Motorizados privados,10.830000000000002,0,10.830000000000002,161.32710847,168,35.85,4.169970749999976,104.04871604999994
1148,51.85,39.23,14.66,62.26000000000002,2.813109,85.31970905,168,02126-1-01,45 a 59,Hombres,Quintil medio,Centro,Trabajadores rutinarios,Motorizados privados,64.46,0,64.46,20.85970905,168,53.89,60.539992600000005,212.13843660999996
1149,69.72,28.69,9.33,60.260000000000005,4.678335,205.11354288,168,02126-1-03,30 a 44,Mujeres,Quintil medio,Centro,Trabajadores rutinarios,Motorizados privados,128.94,0,128.94,76.17354288,168,38.02,121.05997331999998,298.9302700199999
1152,71.74,19.93,18.26,58.07000000000001,2.711573,150.3082267,168,02137-1-03,45 a 59,Mujeres,Quintil bajo,Norte,Cuidadores domesticos,Motorizados privados,55.78,0,55.78,94.5282267,168,38.19,44.220020319999975,147.77499319
1155,71.89,33.67,3.29,59.15,2.113404,117.85259051999999,168,02142-1-02,30 a 44,Hombres,Quintil bajo,Norte,Cuidadores domesticos,Motorizados privados,28.419999999999998,0,28.419999999999998,89.43259051999999,168,36.96,34.08002304,112.19143487999999
1161,64.45,28.94,13.68,60.93,2.581106,101.76228915000002,168,02146-2-01,45 a 59,Mujeres,Quintil bajo,Norte,Trabajadores rutinarios,Motorizados privados,40.660000000000004,0,40.660000000000004,61.102289150000004,168,42.620000000000005,64.58999255,174.59673026999997
1166,65.29,43.68,9.26,49.769999999999996,8.578007,321.12807535999997,168,02154-1-02,30 a 44,Mujeres,Quintil medio,Sur,Jovenes trabajadores,Motorizados privados,261.07,0,261.07,60.05807536,168,52.94,238.93000167000008,693.0496922499999
1171,23.61,49.2,15.08,80.10999999999999,3.180154,39.57343594,168,02163-1-02,60 o mas,Mujeres,Quintil alto,Sur,Rutina flexible,Motorizados privados,33.49,69,-35.51,75.08343594,168,64.28,35.51,239.93029912000006
1174,75.16,16.43,10.92,65.49,2.575659,132.99653248,168,02169-1-01,45 a 59,Mujeres,Quintil bajo,Centro,Cuidadores domesticos,Motorizados privados,46.910000000000004,0,46.910000000000004,86.08653248,168,27.35,60.58999795999998,131.03427161
1177,34.3,40.7,11.63,81.36999999999999,3.352469,29.049686700000024,168,02172-1-01,60 o mas,Hombres,Quintil bajo,Centro,Rutina flexible,Motorizados privados,68.56,154.5,-85.94,114.98968670000002,168,52.330000000000005,85.93999999999997,261.37470277
1184,92.59,17.6,4.15,53.66,3.117624,152.92084322,168,02180-1-01,45 a 59,Mujeres,Quintil bajo,Sur,Trabajadores rutinarios,Motorizados privados,114.26,0,114.26,38.660843220000004,168,21.75,135.73996294000005,203.54828494000003
1185,54,34.87,15.56,63.56999999999999,3.160018,170.640972,168,02184-1-01,60 o mas,Hombres,Quintil bajo,Sur,Cuidadores domesticos,Motorizados privados,0,0,0,170.640972,168,50.43,0,159.35970774
1186,59.17,43.36,8.6,56.87,4.114677,166.03542642,168,02187-1-01,30 a 44,Hombres,Quintil bajo,Sur,Jovenes trabajadores,Motorizados privados,180.07,57.5,122.57,43.46542642,168,51.96,77.43001167000003,291.2286285900001
1189,55.81,32.74,8.9,70.54999999999998,3.149703,72.12397204904762,168,02188-1-01,60 o mas,Mujeres,Quintil medio,Norte,Cuidadores domesticos,Motorizados privados,82.72000000000001,186.3809523809524,-103.6609523809524,175.78492443000002,168,41.64,103.6609523809524,234.81458530095244
1190,52.58,35.31,8.18,71.93,3.643067,123.3534278009524,168,02188-1-02,30 a 44,Mujeres,Quintil medio,Norte,Cuidadores domesticos,Motorizados privados,54.419999999999995,60.1190476190476,-5.6990476190476045,129.05247542,168,43.49,68.19903505904759,226.63601888904756
1196,74.51,38.37,9.54,45.58,2.067023,120.8239089,168,02194-1-01,45 a 59,Hombres,Quintil bajo,Norte,Trabajadores moviles,Motorizados privados,91.81,0,91.81,29.0139089,168,47.91,33.18997483,132.22104675999998
1201,48.27,40.08,8.43,71.22,10.391933,256.85859938,168,02201-1-01,45 a 59,Hombres,Quintil alto,Centro,Trabajadores moviles,Motorizados privados,230.24,0,230.24,26.61859938,168,48.51,244.76000653000006,748.87267636
1203,63.15,26.68,22.9,55.26999999999999,2.926368,184.8001392,168,02202-1-02,30 a 44,Mujeres,Quintil bajo,Sur,Cuidadores domesticos,Motorizados privados,0,0,0,184.8001392,167.99999999999997,49.58,0,145.0893254400001
1210,53.56,48.75,7.6,58.089999999999996,6.003732,205.02988224,168,02215-1-02,45 a 59,Hombres,Quintil medio,Sur,Jovenes trabajadores,Motorizados privados,133.47000000000003,0,133.47000000000003,71.55988224,168,56.35,116.53000368000005,454.84030187999997
1212,55.77,33.93,10.04,68.25999999999999,6.476504,202.574606,168,02217-1-01,30 a 44,Hombres,Quintil alto,Norte,Trabajadores rutinarios,Motorizados privados,153.88,0,153.88,48.694606,168,43.97,158.62002208000004,443.39190296000004
1213,63.28,44.44,6.32,53.96,4.045168,170.6982042,168,02218-1-02,30 a 44,Mujeres,Quintil medio,Centro,Jovenes trabajadores,Motorizados privados,114.72,0,114.72,55.9782042,168,50.76,85.28002684000003,290.61275452000007
1215,48.56,47.08,14.96,57.4,3.042002,147.71961712,168,02222-1-03,18 a 29,Hombres,Quintil alto,Centro,Rutina flexible,Motorizados privados,0,0,0,147.71961712,168,62.04,0,188.72580408
1223,72.04,29.83,5.8,60.33,4.610894,199.47882751999998,168,02238-1-02,45 a 59,Mujeres,Quintil medio,Centro,Trabajadores moviles,Motorizados privados,117.31,0,117.31,82.16882752,168,35.629999999999995,132.68997624000008,296.97612946000004
1224,69.2,26.72,5.69,66.39,2.093506,85.180606,168,02239-1-03,30 a 44,Mujeres,Quintil medio,Centro,Trabajadores moviles,Motorizados privados,55.31,0,55.31,29.870606,168,32.41,59.690009200000006,127.54053866000002
1234,64.34,28.18,7.98,67.49999999999999,2.160008,101.51492138,168,02250-1-02,45 a 59,Hombres,Quintil bajo,Centro,Trabajadores rutinarios,Motorizados privados,37.540000000000006,0,37.540000000000006,63.974921380000005,168,36.16,37.45999334000001,115.56588262000002
1237,51.67,33.21,16.53,66.59,8.626323,230.61210921000003,168,02257-1-01,60 o mas,Hombres,Quintil medio,Sur,Trabajadores rutinarios,Motorizados privados,209.89000000000001,0,209.89000000000001,20.72210921,168,49.74,215.11000019999994,644.1833062199998
1238,86.25,27.33,12.14,42.28,3.519454,212.7328715,168,02261-1-01,45 a 59,Mujeres,Quintil bajo,Norte,Cuidadores domesticos,Motorizados privados,96.68,0,96.68,116.0528715,168,39.47,90.82003600000002,229.73288538000003
1249,60.32,40.63,9.48,57.57000000000001,4.780463,153.2975192,168,02274-1-01,45 a 59,Hombres,Quintil medio,Norte,Trabajadores moviles,Motorizados privados,114.94000000000001,0,114.94000000000001,38.3575192,168,50.11,135.06000896,374.6090098899999
1251,57.22,51.36,7.98,51.44,6.59833,201.99645598,168,02274-1-03,18 a 29,Mujeres,Quintil medio,Norte,Trabajadores moviles,Motorizados privados,149.44,0,149.44,52.556455979999996,168,59.34,175.55998661999996,567.10488882
1258,62.58,45.52,5.6,54.3,5.565431,238.45467243999997,168,02284-1-01,30 a 44,Mujeres,Quintil bajo,Centro,Cuidadores domesticos,Motorizados privados,140.17,0,140.17,98.28467244,168,51.120000000000005,109.82999954000002,394.3348322600001
1259,71.57,31.98,8.14,56.31,5.395909,233.54517092999998,168,02287-1-01,60 o mas,Hombres,Quintil bajo,Norte,Cuidadores domesticos,Motorizados privados,147.35999999999999,0,147.35999999999999,86.18517093,168,40.120000000000005,152.64003619999994,369.12390528
1266,62.96,33.39,5.65,65.99999999999999,2.879625,119.0044328359443,168,02293-1-02,30 a 44,Mujeres,Quintil bajo,Centro,Cuidadores domesticos,Motorizados privados,73.24,60.5367793240557,12.703220675944294,106.30121216,168,39.04,62.29675716405569,174.71731716405574
1268,76.43,30.24,8.69,52.64,2.279566,111.06722097000001,168,02295-1-04,45 a 59,Mujeres,Quintil medio,Centro,Cuidadores domesticos,Motorizados privados,61.84,0,61.84,49.227220970000005,168,38.93,63.16000841,151.90351278999998
1279,63.82,26.86,8.03,69.29,3.775047,163.7735076,168,02313-1-01,30 a 44,Mujeres,Quintil medio,Sur,Trabajadores rutinarios,Motorizados privados,122.85,0,122.85,40.9235076,168,34.89,77.14999194,208.86138176999995
1280,70.6,22.69,5.92,68.79,4.89065,239.79989319999999,168,02314-1-01,30 a 44,Mujeres,Quintil bajo,Sur,Cuidadores domesticos,Motorizados privados,144.51999999999998,0,144.51999999999998,95.27989319999999,168,28.61,105.47999679999998,245.40149329999997
1293,30.93,47.5,11.33,78.24,2.997624,2.356510319999998,168,02344-1-02,60 o mas,Mujeres,Quintil medio,Centro,Rutina flexible,Motorizados privados,59.64,150,-90.36,92.71651032,168,58.83,90.36,266.71021992000004
1294,62.95,29.74,8.52,66.79,3.309981,132.4933117,168,02345-1-01,45 a 59,Mujeres,Quintil bajo,Sur,Trabajadores rutinarios,Motorizados privados,61.629999999999995,0,61.629999999999995,70.8633117,168,38.26,75.86999225000002,202.50986531
1296,62.62,31.93,14.99,58.45999999999999,3.526492,124.26893546,168,02348-1-01,60 o mas,Hombres,Quintil bajo,Centro,Trabajadores rutinarios,Motorizados privados,115.94,0,115.94,8.32893546,167.99999999999997,46.92,96.55999358,262.0229982200001
1301,72.36,21.47,9.01,65.16,3.023547,218.78386092000002,168,02354-1-02,30 a 44,Mujeres,Quintil alto,Centro,Cuidadores domesticos,Motorizados privados,0,0,0,218.78386092000002,168,30.479999999999997,0,92.15771256000002
1302,30.95,31.83,16.36,88.86000000000001,3.048771,94.35946245,168,02358-1-01,60 o mas,Mujeres,Quintil bajo,Sur,Cuidadores domesticos,Motorizados privados,0,0,0,94.35946245,168,48.19,0,146.92027448999997
1303,42.8,36.44,16.32,72.44,4.602261,31.30675120000001,168,02358-1-02,60 o mas,Hombres,Quintil bajo,Sur,Trabajadores rutinarios,Motorizados privados,121.83000000000001,100,21.830000000000013,9.476751199999999,168,52.76,165.6700196,408.48530996000005
1310,82.23,20.86,9.35,55.559999999999995,5.490039,317.9359106,168,02372-1-02,18 a 29,Mujeres,Quintil medio,Centro,Cuidadores domesticos,Motorizados privados,191.49,0,191.49,126.44591059999999,168,30.21,133.50999637000007,299.36407456
1313,52.8,11.92,14.1,89.18,4.415748,193.4514964,168,02374-1-02,45 a 59,Hombres,Quintil bajo,Centro,Trabajadores rutinarios,Motorizados privados,160.29999999999998,0,160.29999999999998,33.151496400000006,168,26.02,39.699997999999994,154.59776095999996
1318,57.8,45.15,9.43,55.62000000000001,2.817629,59.858978,168,02383-1-03,30 a 44,Mujeres,Quintil alto,Centro,Trabajadores moviles,Motorizados privados,54.5,0,54.5,5.358978,168,54.58,102.99997819999999,256.78616902000005
1320,49.08,43.84,16.85,58.23,3.056491,150.01257827999999,168,02389-1-02,45 a 59,Mujeres,Quintil alto,Sur,Cuidadores domesticos,Motorizados privados,0,0,0,150.01257827999999,168,60.690000000000005,0,185.49843879000005
1321,68.08,27.27,9.03,63.620000000000005,1.56665,82.6475392,168,02390-1-01,18 a 29,Hombres,Quintil bajo,Norte,Trabajadores rutinarios,Motorizados privados,75.99,0,75.99,6.6575392,168,36.3,24.009992800000006,80.8793878
1335,27.75,40.55,10.34,89.36,3.022311,70.91214911792454,168,02414-1-02,60 o mas,Mujeres,Quintil bajo,Sur,Rutina flexible,Motorizados privados,16.760000000000005,29.71698113207547,-12.956981132075466,83.86913025000001,168,50.89,12.95698113207547,166.76238792207548
1337,43.22,34.73,9.54,80.51000000000002,3.114661,134.61564841999999,168,02419-1-02,30 a 44,Mujeres,Quintil bajo,Centro,Cuidadores domesticos,Motorizados privados,0,0,0,134.61564841999999,168,44.269999999999996,0,137.88604246999992
1341,70.87,38.94,4.98,53.209999999999994,3.645392,240.27894214000003,168,02432-1-01,30 a 44,Hombres,Quintil bajo,Sur,Trabajadores moviles,Motorizados privados,144.43,0,144.43,95.84894214,168,43.92,18.0699889,178.17560554
1346,52.38,30.4,13,72.22,3.973516,126.56276774,168,02438-1-01,30 a 44,Mujeres,Quintil alto,Norte,Trabajadores rutinarios,Motorizados privados,43.43000000000001,0,43.43000000000001,83.13276773999999,168,43.4,81.570000340000007,254.02059474
1352,28.79,55.3,12.25,71.66000000000001,5.860543,129.79502262,168,02453-1-01,30 a 44,Mujeres,Quintil bajo,Centro,Rutina flexible,Motorizados privados,61.06999999999999,0,61.06999999999999,68.72502262,168,67.55,38.93001035,434.8096899999999
1354,26.19,48.07,5.14,88.60000000000001,3.341318,87.50911842,168,02462-1-01,60 o mas,Mujeres,Quintil bajo,Centro,Rutina flexible,Motorizados privados,0,0,0,87.50911842,168,53.21,0,177.79153077999996
1360,35.08,39.25,24.42,69.25000000000001,3.098444,60.699776843155206,168,02471-1-01,60 o mas,Mujeres,Quintil alto,Centro,Rutina flexible,Motorizados privados,33.25,81.2436386768448,-47.993638676844796,108.69341552,168,63.67,47.993638676844796,245.27156815684478
1364,72.35,23.94,11.49,60.220000000000006,2.520563,106.0904974280488,168,02478-1-03,30 a 44,Mujeres,Quintil medio,Centro,Trabajadores rutinarios,Motorizados privados,43.24,19.5121951219512,23.7278048780488,82.36269255,168,35.43,76.2722356219512,165.5757827119512
1368,70.33,33.31,11.93,52.43,4.182493,241.11475054,168,02486-1-01,30 a 44,Hombres,Quintil bajo,Centro,Trabajadores moviles,Motorizados privados,159.45999999999998,0,159.45999999999998,81.65475054,168,45.24,53.039982150000014,242.25596546999998
1374,74.25,23.84,5.2,64.71,2.099711,93.54356200000001,168,02492-1-01,45 a 59,Hombres,Quintil bajo,Centro,Trabajadores rutinarios,Motorizados privados,50.14,0,50.14,43.403562,168,29.04,62.35997975000001,123.33558719000001
1378,67.73,29.06,9.8,61.41,2.957027,192.89946209,168,02500-1-01,30 a 44,Hombres,Quintil bajo,Sur,Trabajadores moviles,Motorizados privados,128.86999999999998,11.25,117.61999999999998,75.27946209000001,168,38.86,7.379976620000036,122.29004584
1382,58.28,43.23,8.1,58.39000000000001,8.229763,313.25062088,168,02506-1-01,45 a 59,Mujeres,Quintil medio,Sur,Jovenes trabajadores,Motorizados privados,258.62,0,258.62,54.63062087999999,168,51.33,166.37996676000006,588.8137015499999
1384,59.56,36.19,19.91,52.34,3.084228,183.69661968,168,02511-1-01,45 a 59,Mujeres,Quintil bajo,Centro,Cuidadores domesticos,Motorizados privados,0,0,0,183.69661968,168,56.099999999999994,0,173.0251908
1386,38.17,47.77,6.71,75.34999999999998,2.922196,111.54022132,168,02514-1-01,60 o mas,Mujeres,Quintil bajo,Sur,Rutina flexible,Motorizados privados,0,0,0,111.54022132,167.99999999999997,54.480000000000004,0,159.20123808000005
1387,34.21,65.23,6.63,61.929999999999986,4.509874,155.18278065,168,02515-1-01,30 a 44,Hombres,Quintil bajo,Centro,Jovenes trabajadores,Motorizados privados,120.9,0,120.9,34.28278065,167.99999999999997,71.86,-0.899991110000002,323.17955453000013
1390,63.66,34.54,7.5,62.30000000000001,1.822817,86.6505566,168,02520-1-05,30 a 44,Mujeres,Quintil bajo,Centro,Trabajadores rutinarios,Motorizados privados,40.61,0,40.61,46.0405566,168,42.04,29.389973619999992,106.02120029999996
1397,64.19,19.98,10.36,73.47,7.793617,291.15228909,168,02534-1-01,30 a 44,Hombres,Quintil medio,Centro,Trabajadores rutinarios,Motorizados privados,215.88,0,215.88,75.27228909,168,30.34,209.11998613999998,445.57832592000005
1398,69.17,25,4.87,68.96,4.418433,231.82300715000002,168,02534-1-02,30 a 44,Mujeres,Quintil medio,Centro,Cuidadores domesticos,Motorizados privados,76.2,0,76.2,155.62300715,168,29.87,73.80000346000003,205.77859717
1399,71.9,26.68,9.66,59.75999999999999,2.739609,139.94791139999998,168,02535-1-01,45 a 59,Mujeres,Quintil bajo,Sur,Cuidadores domesticos,Motorizados privados,57.96999999999999,0,57.96999999999999,81.9779114,168,36.34,57.02997570000005,156.58736676000004
1402,44.93,52.2,9.89,60.97999999999999,3.240772,60.4934415155556,168,02539-1-02,60 o mas,Mujeres,Quintil medio,Norte,Rutina flexible,Motorizados privados,59.33,144.4444444444444,-85.1144444444444,145.60788596,168,62.09,85.1144444444444,286.3339779244444
1407,49.19,49.27,8.27,61.269999999999996,2.591797,80.39050649999999,168,02548-1-02,18 a 29,Mujeres,Quintil bajo,Centro,Jovenes trabajadores,Motorizados privados,77.89999999999999,25,52.89999999999999,27.4905065,168,57.540000000000006,47.09998793000001,196.23198731000005
1408,43.12,52.85,20.97,51.06,3.172994,136.81950128000003,168,02560-1-01,30 a 44,Mujeres,Quintil bajo,Centro,Rutina flexible,Motorizados privados,0,0,0,136.81950128000003,168,73.82,-2.842170943040401e-14,234.23041707999997
1410,14.13,61.93,3.87,88.07,2.991277,42.26674401,168,02561-1-02,18 a 29,Mujeres,Quintil bajo,Sur,Rutina flexible,Motorizados privados,0,0,0,42.26674401,168,65.8,7.105427357601002e-15,196.82602660000003
1414,71.89,27.86,12.03,56.22,3.71095,164.07021724999998,168,02566-1-01,45 a 59,Mujeres,Quintil alto,Norte,Cuidadores domesticos,Motorizados privados,72.28999999999999,0,72.28999999999999,91.78021725,168,39.89,102.70997825,250.73977375000004
1415,32.92,53.03,9.42,72.62999999999998,2.935113,45.05744937176468,168,02568-1-02,60 o mas,Mujeres,Quintil medio,Sur,Rutina flexible,Motorizados privados,39.61000000000001,91.1764705882353,-51.5664705882353,96.62391995999998,168,62.45,51.56647058823531,234.86427743823538
1416,62.03,25.99,16.39,63.59,2.094177,129.90179706,168,02569-1-01,45 a 59,Mujeres,Quintil bajo,Sur,Cuidadores domesticos,Motorizados privados,0,0,0,129.90179706,168,42.379999999999995,2.249999994319296e-6,88.75122351000002
1419,40.51,23.59,10.45,93.45,10.111246,170.64107689903227,168,02573-1-01,45 a 59,Hombres,Quintil medio,Centro,Trabajadores rutinarios,Motorizados privados,227.97,91.9354838709677,136.03451612903228,34.60656077,168,34.04,238.96549856096772,583.1523124009677
1420,65.95,13.34,7.52,81.19,2.820213,178.02853337096775,168,02573-1-02,45 a 59,Mujeres,Quintil medio,Centro,Cuidadores domesticos,Motorizados privados,7.6000000000000005,3.06451612903226,4.535483870967741,173.4930495,168,20.86,7.964513979032262,66.79415715903224
1422,65.6,25.79,7.11,69.50000000000001,5.247353,223.56633520000003,168,02575-1-02,30 a 44,Mujeres,Quintil medio,Sur,Cuidadores domesticos,Motorizados privados,129.34,0,129.34,94.22633520000001,168,32.9,120.6600216,293.29793529999995
1424,55.63,34.96,13.54,63.87,6.448723,211.09246789999997,168,02581-1-02,30 a 44,Mujeres,Quintil alto,Sur,Trabajadores rutinarios,Motorizados privados,177.34999999999997,0,177.34999999999997,33.7424679,168,48.5,147.64999259000007,460.41305809000005
1428,72.36,24.73,7.5,63.41,6.590601,143.80259256737799,168,02589-1-01,45 a 59,Hombres,Quintil alto,Norte,Trabajadores rutinarios,Motorizados privados,219.07999999999998,102.173291392622,116.90670860737798,26.895883959999995,168,32.230000000000004,333.09329579262203,545.5083660226221
1429,56.73,35.33,6.34,69.60000000000001,5.076632,187.2473301,168,02590-1-01,30 a 44,Mujeres,Quintil bajo,Sur,Trabajadores rutinarios,Motorizados privados,136.75,0,136.75,50.4973301,168,41.67,100.75000325999997,312.29325869999997
1432,50.26,33.46,12.79,71.49000000000001,2.637739,61.8527402,168,02596-1-02,45 a 59,Hombres,Quintil medio,Norte,Trabajadores rutinarios,Motorizados privados,54.28,0,54.28,7.572740199999999,168,46.25,70.72002193999998,192.71545068999995
1433,44.48,38,10.88,74.64000000000001,2.87444,64.21507904,168,02596-1-04,30 a 44,Hombres,Quintil medio,Norte,Trabajadores rutinarios,Motorizados privados,48.86000000000001,0,48.86000000000001,15.355079039999998,168,48.88,63.64001215999998,204.14263935999995
1438,74.11,29.73,4.4,59.76,5.248225,245.22595432,168,02607-1-01,45 a 59,Hombres,Quintil medio,Norte,Cuidadores domesticos,Motorizados privados,156.28,0,156.28,88.94595432,168,34.13,143.72000043,322.84191967999993
1439,47.16,27.08,14.95,78.81,3.070014,52.69186024000001,168,02610-1-02,60 o mas,Mujeres,Quintil bajo,Centro,Cuidadores domesticos,Motorizados privados,42.910000000000004,135,-92.09,144.78186024000001,168,42.03,92.089999999999975,221.12268842
1441,60.15,36.83,7.92,63.099999999999994,3.076397,185.04527955,168,02613-1-03,18 a 29,Hombres,Quintil alto,Norte,Cuidadores domesticos,Motorizados privados,0,0,0,185.04527955,168,44.75,0,137.66876575
1443,62.37,25.15,14.71,65.76999999999998,1.649008,63.506681266129,168,02616-1-01,60 o mas,Hombres,Quintil bajo,Centro,Trabajadores rutinarios,Motorizados privados,30.9,37.741935483871,-6.841935483871005,70.34861675,167.99999999999997,39.86,39.341947693871,105.07140657387103
1444,60.83,33.67,11.72,61.78,3.118314,189.68704061999998,168,02616-1-02,45 a 59,Mujeres,Quintil bajo,Centro,Cuidadores domesticos,Motorizados privados,0,0,0,189.68704061999998,168,45.39,0,141.54027246
1446,66.88,24.77,11.95,64.4,2.791218,53.19010890086962,168,02618-1-02,45 a 59,Mujeres,Quintil alto,Norte,Trabajadores rutinarios,Motorizados privados,73.47,86.9565217391304,-13.486521739130396,66.67663064000001,168,36.72,133.48655093913038,235.98007589913038
1447,48.93,45.07,12.41,61.59,13.013597,32.935290240000064,168,02620-1-01,45 a 59,Hombres,Quintil alto,Centro,Trabajadores rutinarios,Motorizados privados,471.18000000000006,450,21.180000000000064,11.75529024,168,57.480000000000004,603.82001097,1351.84156653
1450,97.12,14.46,9.83,46.589999999999996,4.074467,154.301447882192,168,02622-1-01,45 a 59,Mujeres,Quintil medio,Norte,Cuidadores domesticos,Motorizados privados,125.37,141.780821917808,-16.410821917807993,170.7122698,168,24.29,241.41078715780804,340.379590587808
1456,50.65,36.8,13.16,67.39,3.113298,157.68854370000003,168,02631-1-02,45 a 59,Mujeres,Quintil medio,Norte,Cuidadores domesticos,Motorizados privados,0,0,0,157.68854370000003,168,49.959999999999994,-2.842170943040401e-14,155.54036807999995
1459,49.04,18.45,19.12,81.39,3.213948,75.43198716,168,02636-1-01,30 a 44,Hombres,Quintil bajo,Norte,Trabajadores rutinarios,Motorizados privados,62.82,0,62.82,12.61198716,168,37.57,82.18002275999999,202.92804911999997
1460,53.52,44.6,11.08,58.8,7.799893,153.79753842757327,168,02637-1-01,30 a 44,Hombres,Quintil medio,Centro,Trabajadores moviles,Motorizados privados,201.91,90.5627198124267,111.34728018757329,42.45025824,168,55.68,263.65273493242677,697.9507771724268
1461,35.13,36.02,10.12,86.72999999999999,3.002522,105.47859786000001,168,02638-1-02,18 a 29,Hombres,Quintil bajo,Centro,Rutina flexible,Motorizados privados,0,0,0,105.47859786000001,168,46.14,0,138.53636508000002
1475,62.44,34.64,6.06,64.86,3.733392,172.7129578,168,02661-1-01,30 a 44,Mujeres,Quintil bajo,Norte,Trabajadores rutinarios,Motorizados privados,102.10000000000001,0,102.10000000000001,70.61295779999999,168,40.7,60.400038679999994,212.34909307999996
1477,59.38,37.89,9.4,61.330000000000005,7.478583,233.50823748000002,168,02665-1-01,30 a 44,Mujeres,Quintil bajo,Norte,Trabajadores moviles,Motorizados privados,189.43,0,189.43,44.078237480000006,168.00000000000003,47.29,210.57002106000002,564.2322111299999
1478,43.79,44.94,13.89,65.38000000000001,3.103856,25.987854240000033,168,02666-1-02,60 o mas,Mujeres,Quintil medio,Sur,Cuidadores domesticos,Motorizados privados,76.07000000000001,186,-109.92999999999999,135.91785424000003,168,58.83,109.92999999999996,292.52984847999994
1479,71.61,19.56,17.24,59.59,1.511089,63.599050680000005,168,02668-1-01,45 a 59,Hombres,Quintil bajo,Sur,Trabajadores rutinarios,Motorizados privados,42.89,0,42.89,20.70905068,168,36.8,44.61003260999999,100.21810780999999
1485,59.34,36.69,6.52,65.45,2.489472,105.56525514,168,02676-1-02,30 a 44,Hombres,Quintil bajo,Sur,Trabajadores rutinarios,Motorizados privados,57.84,0,57.84,47.725255139999994,168,43.209999999999994,42.160013340000006,149.73009846
1496,52.82,22.05,18.66,74.47000000000001,6.92247,215.34078724592587,168,02693-1-02,45 a 59,Hombres,Quintil alto,Sur,Trabajadores rutinarios,Motorizados privados,198.76999999999998,24.0740740740741,174.69592592592588,40.644861320000004,168,40.71,150.3040781540741,432.117831854074
1498,35.69,65.77,9.26,57.28000000000001,4.955556,123.5074615290995,168,02697-1-03,18 a 29,Mujeres,Quintil alto,Centro,Rutina flexible,Motorizados privados,55.21,21.0663507109005,34.1436492890995,89.36381224,168,75.03,53.35633211090048,425.17169879090045
1500,48.18,57.18,10.36,52.279999999999994,9.549303,240.45542088000002,168,02699-1-01,45 a 59,Hombres,Quintil alto,Centro,Jovenes trabajadores,Motorizados privados,230.37,0,230.37,10.085420880000001,168,67.53999999999999,219.62999765999996,864.5899222799999
1502,46.4,49.81,8.41,63.379999999999995,3.248279,150.7201456,168,02703-1-01,60 o mas,Hombres,Quintil bajo,Centro,Cuidadores domesticos,Motorizados privados,0,0,0,150.7201456,168,58.22,0,189.11480338000004
1503,36.37,40.55,18.27,72.81,3.033546,110.33006802000001,168,02704-1-02,45 a 59,Hombres,Quintil bajo,Centro,Rutina flexible,Motorizados privados,0,0,0,110.33006802000001,168,58.81999999999999,-2.842170943040401e-14,178.43317572
1513,55.55,44.01,13.13,55.309999999999995,3.104766,100.6497338,168,02726-1-02,45 a 59,Hombres,Quintil bajo,Centro,Trabajadores moviles,Motorizados privados,53.18000000000001,0,53.18000000000001,47.46973380000001,168,57.14,71.8200175,249.22634674000003
1515,67.53,22.56,17.6,60.309999999999995,3.082709,138.40533848,168,02730-1-02,30 a 44,Hombres,Quintil bajo,Centro,Trabajadores rutinarios,Motorizados privados,80.23,0,80.23,58.17533848,168,40.16,69.77000028999998,193.57159372999996
1520,62.86,23.48,10.88,70.78,3.425787,133.9949717,168,02740-1-02,45 a 59,Hombres,Quintil bajo,Centro,Trabajadores rutinarios,Motorizados privados,81.14999999999999,0,81.14999999999999,52.8449717,168,34.36,81.34999912,199.06004044000002
1521,70.52,28.06,9.41,60.010000000000005,4.618042,234.61435184,168,02745-1-02,45 a 59,Mujeres,Quintil medio,Centro,Cuidadores domesticos,Motorizados privados,108.95,0,108.95,125.66435184000001,168,37.47,91.049969999999945,264.08800374
1523,19.09,59.38,10.66,78.87,2.974674,56.78652665999999,168,02749-1-02,18 a 29,Mujeres,Quintil bajo,Sur,Rutina flexible,Motorizados privados,0,0,0,56.78652665999999,168,70.04,0,208.34616696
1524,47.14,41.8,13.11,65.95,10.752478,202.64179894,168,02751-1-01,45 a 59,Hombres,Quintil medio,Norte,Trabajadores rutinarios,Motorizados privados,195.77,0,195.77,6.871798940000001,168,54.91,304.23001398,894.6485809600001
1525,69.48,28.49,11.26,58.77,5.057868,233.5712234352941,168,02752-1-01,30 a 44,Hombres,Quintil medio,Sur,Trabajadores moviles,Motorizados privados,205.67999999999998,48.5294117647059,157.1505882352941,76.42063519999999,168,39.75,117.84944520470594,318.8996982047058
1528,53.16,35.17,5.57,74.1,1.530878,123.84146096,168,02758-1-01,30 a 44,Mujeres,Quintil bajo,Sur,Trabajadores rutinarios,Motorizados privados,92.46,25,67.46,56.381460960000005,168,40.74,-42.45998648000001,19.907983239999993
1529,63.63,31.85,16.44,56.08000000000001,5.442641,261.13526910999997,168,02759-1-01,18 a 29,Mujeres,Quintil bajo,Centro,Trabajadores rutinarios,Motorizados privados,202.32,12.5,189.82,71.31526910999999,168,48.290000000000006,85.17997772000007,348.00511161
1531,84.96,16.89,9.75,56.400000000000006,5.312752,314.69146351999996,168,02760-1-01,30 a 44,Mujeres,Quintil alto,Centro,Cuidadores domesticos,Motorizados privados,208.32,0,208.32,106.37146351999998,168,26.64,136.6799464,278.21165968
1532,89.49,26.47,11.72,40.32000000000001,3.422747,168.5546822299611,168,02761-1-01,30 a 44,Mujeres,Quintil medio,Norte,Cuidadores domesticos,Motorizados privados,65.22,40.4669260700389,24.753073929961097,143.8016083,168,38.19,137.74694680003893,268.4616547300389
1533,62.2,33.07,16.69,56.03999999999999,3.539387,71.81009906303498,168,02761-1-02,30 a 44,Hombres,Quintil medio,Norte,Trabajadores rutinarios,Motorizados privados,70.24,43.579766536965,26.66023346303499,45.1498656,168,49.760000000000005,148.33977233696504,324.459669456965
1534,90.41,20.86,8.77,47.96000000000001,1.600404,38.7440832407393,168,02761-1-03,30 a 44,Hombres,Quintil medio,Norte,Trabajadores moviles,Motorizados privados,50.18,31.1284046692607,19.0515953307393,19.69248791,168,29.63,105.94844239926068,153.36841291926066
1535,67.3,31.21,10.59,58.900000000000006,19.04385,571.6711058999999,168,02762-1-01,30 a 44,Hombres,Quintil alto,Centro,Trabajadores moviles,Motorizados privados,490.02,0,490.02,81.6511059,168,41.8,709.9799991,1506.0129290999998
1537,52.43,48.7,4.36,62.50999999999999,3.65219,77.7190353623529,168,02763-1-03,30 a 44,Mujeres,Quintil alto,Sur,Jovenes trabajadores,Motorizados privados,124.47,88.2352941176471,36.2347058823529,41.48432948,168,53.06,113.76528633764711,307.55048773764713
1551,47.98,46.03,9.73,64.26,5.443699,120.74870182,168,02804-1-01,45 a 59,Hombres,Quintil bajo,Sur,Jovenes trabajadores,Motorizados privados,97.05999999999999,0,97.05999999999999,23.688701820000002,168,55.760000000000005,140.43997619999993,443.98063243999997
1552,36.61,41.7,8.97,80.71999999999998,3.045801,111.50677461,168,02804-1-02,45 a 59,Mujeres,Quintil bajo,Sur,Cuidadores domesticos,Motorizados privados,0,0,0,111.50677461,168,50.67,0,154.33073667000008
1554,53.31,34.49,10.72,69.47999999999999,2.98544,159.1538064,168,02821-1-01,45 a 59,Hombres,Quintil bajo,Centro,Cuidadores domesticos,Motorizados privados,0,0,0,159.1538064,168,45.21,0,134.97174240000004
1556,53.56,60.53,6.83,47.08,9.830658,332.48003904,168,02822-1-02,30 a 44,Mujeres,Quintil alto,Centro,Cuidadores domesticos,Motorizados privados,180.95,0,180.95,151.53003904000002,168,67.36,194.05000344,856.2431263199999
1557,62.17,36.51,8.92,60.39999999999999,3.618536,130.43439648,168,02823-1-01,60 o mas,Hombres,Quintil bajo,Norte,Cuidadores domesticos,Motorizados privados,55.47,0,55.47,74.96439648,168,45.43,94.52998664,258.9200771200001
1558,19.27,70.28,10.23,68.21999999999998,4.387595,21.780629296666696,168,02824-1-02,18 a 29,Hombres,Quintil alto,Norte,Rutina flexible,Motorizados privados,36.19,48.9583333333333,-12.768333333333302,34.54896263,168,80.51,62.7683263533333,416.01359980333336
1564,27.92,48.39,11.22,80.46999999999998,3.294409,91.97989928,168,02828-1-02,45 a 59,Hombres,Quintil bajo,Centro,Rutina flexible,Motorizados privados,0,0,0,91.97989928,168,59.61,0,196.37972049000007
1565,47,47.76,12.97,60.27000000000001,6.325127,173.76097900000002,168,02830-1-03,18 a 29,Hombres,Quintil alto,Centro,Jovenes trabajadores,Motorizados privados,151.48000000000002,0,151.48000000000002,22.280979,168,60.73,123.51999,507.64495271
1569,73.54,14.06,9.16,71.24,7.857098,342.7210005,168,02833-1-02,30 a 44,Hombres,Quintil alto,Centro,Trabajadores rutinarios,Motorizados privados,239.91,0,239.91,102.8110005,168,23.22,235.08998642,417.53180198
1571,72.16,27.31,11.71,56.82,35.621521,910.35898896,168,02835-1-01,60 o mas,Hombres,Quintil alto,Centro,Trabajadores rutinarios,Motorizados privados,839.9100000000001,0,839.9100000000001,70.44898896,168,39.019999999999996,1660.0899664,3050.0417158200007
1574,50,42.62,9.52,65.86,15,203.83000000000004,168,02843-1-01,60 o mas,Hombres,Quintil alto,Sur,Trabajadores rutinarios,Motorizados privados,353.83000000000004,150,203.83000000000004,0,168,52.14,546.17,1328.27
1577,60.62,12.94,11.31,83.13,2.92107,140.584210768421,168,02849-1-02,60 o mas,Mujeres,Quintil medio,Centro,Cuidadores domesticos,Motorizados privados,34.43,70.921052631579,-36.491052631579,177.0752634,168,24.25,36.49105263157898,107.32700013157898
1578,57.32,59.73,8.41,42.540000000000006,2.830475,79.2986197136842,168,02849-1-03,30 a 44,Mujeres,Quintil medio,Centro,Jovenes trabajadores,Motorizados privados,78.24000000000001,36.1842105263158,42.05578947368421,37.242830239999996,168,68.14,82.9442072863158,275.81277378631574
1580,36.52,44.33,14.21,72.94,3.061687,111.81280924000001,168,02856-1-02,45 a 59,Mujeres,Quintil bajo,Sur,Rutina flexible,Motorizados privados,0,0,0,111.81280924000001,168,58.54,0,179.23115698
1582,70.81,35.93,7.34,53.92,7.579877,241.90490148418206,168,02862-1-01,30 a 44,Hombres,Quintil alto,Norte,Trabajadores rutinarios,Motorizados privados,315.44000000000005,110.266159695818,205.17384030418205,36.73106118,168,43.269999999999996,294.8261888858179,622.807466675818
1587,41.51,29.19,20.36,76.94000000000001,3.196301,132.67845451000002,168,02876-1-02,45 a 59,Hombres,Quintil bajo,Norte,Cuidadores domesticos,Motorizados privados,0,0,0,132.67845451000002,168,49.55,-2.842170943040401e-14,158.37671454999995
1589,61.49,14.78,12.89,78.83999999999999,3.340392,123.72069742,168,02883-1-03,30 a 44,Mujeres,Quintil medio,Norte,Trabajadores rutinarios,Motorizados privados,74.07000000000001,0,74.07000000000001,49.65069741999999,168,27.67,81.68000666,174.10865330000004
1593,62.67,35.37,6.13,63.830000000000005,9.621391,295.26259261,168,02889-1-01,30 a 44,Mujeres,Quintil alto,Centro,Trabajadores moviles,Motorizados privados,382.29,140,242.29000000000002,52.97259261,168,41.5,307.70998136,706.9977078599998
1594,59.44,40.6,10.31,57.650000000000006,3.167041,175.74891911999998,168,02890-1-01,30 a 44,Mujeres,Quintil bajo,Sur,Cuidadores domesticos,Motorizados privados,119.25,0,119.25,56.49891912,168,50.910000000000004,12.499997920000027,173.73405523000002
1599,73.47,32.86,8.76,52.910000000000004,3.636593,153.86048333000002,168,02895-1-02,60 o mas,Hombres,Quintil medio,Centro,Trabajadores rutinarios,Motorizados privados,111.68000000000002,0,111.68000000000002,42.18048333,168,41.62,113.32000437999994,264.67500504
1602,18.08,46.7,8.46,94.76000000000002,2.888069,52.21628752,168,02897-1-02,60 o mas,Mujeres,Quintil bajo,Sur,Rutina flexible,Motorizados privados,0,0,0,52.21628752,168.00000000000003,55.160000000000004,0,159.30588603999996
1605,59.39,35.16,14.21,59.24,4.941494,172.98535579999998,168,02900-1-01,45 a 59,Hombres,Quintil alto,Centro,Trabajadores rutinarios,Motorizados privados,129.51,0,129.51,43.4753558,168,49.37,120.48997286000002,364.45153164
1606,74.66,23.48,12.07,57.79,4.51695,216.74548778,168,02900-1-02,45 a 59,Mujeres,Quintil alto,Centro,Cuidadores domesticos,Motorizados privados,129.51,0,129.51,87.23548778,168,35.55,120.48999921999999,281.06757172000005
1608,36.8,42.94,15.56,72.69999999999999,2.664096,78.9287536,168,02904-1-01,30 a 44,Hombres,Quintil bajo,Sur,Rutina flexible,Motorizados privados,55.89,0,55.89,23.0387536,168,58.5,19.109979199999998,174.95959520000002
1612,27.28,52.3,28.33,60.09,17.670007,207.74778999999998,168,02908-1-01,45 a 59,Hombres,Quintil medio,Centro,Rutina flexible,Motorizados privados,200.70999999999998,0,200.70999999999998,7.03779,168,80.63,274.29000096000004,1699.02266537
1615,68.55,33.98,6.04,59.43,3.814563,214.518296,168,02915-1-02,30 a 44,Hombres,Quintil bajo,Centro,Cuidadores domesticos,Motorizados privados,113.03,0,113.03,101.48829599999999,168,40.019999999999996,46.96999765000001,199.62880891
1616,57.72,37.89,8.93,63.46,4.001619,130.4834334,168,02916-1-03,18 a 29,Hombres,Quintil medio,Centro,Trabajadores rutinarios,Motorizados privados,89.00999999999999,0,89.00999999999999,41.4734334,168,46.82,100.49001528,287.8458168599999
1618,56.12,35.81,13.34,62.72999999999999,11.564275,314.55712148,168,02920-1-01,60 o mas,Hombres,Quintil medio,Centro,Trabajadores rutinarios,Motorizados privados,290.57,0,290.57,23.98712148,168,49.150000000000006,334.42999152000004,902.8141077700002
1619,65.31,21.49,11.36,69.84,10.350778,182.10567047636403,168,02922-1-01,45 a 59,Hombres,Quintil alto,Centro,Trabajadores rutinarios,Motorizados privados,392.46,261.363636363636,131.096363636364,51.00930684000001,168,32.849999999999994,493.90364070363603,833.9266980036359
1620,63.79,20.36,10.44,73.41000000000001,3.082628,196.64084012000004,168,02922-1-02,45 a 59,Mujeres,Quintil alto,Centro,Cuidadores domesticos,Motorizados privados,0,0,0,196.64084012000004,168,30.799999999999997,-2.842170943040401e-14,94.94494239999992
1621,1.25,48.68,7.4,110.66999999999999,3.10181,3.8772625,168,02922-1-03,18 a 29,Mujeres,Quintil alto,Centro,Rutina flexible,Motorizados privados,0,0,0,3.8772625,168,56.08,0,173.94950480000003
1623,51.24,43.28,7.83,65.64999999999999,15.593431,301.71741552,168,02926-1-01,45 a 59,Mujeres,Quintil alto,Centro,Jovenes trabajadores,Motorizados privados,252.70999999999998,0,252.70999999999998,49.00741552,168,51.11,497.2899889200001,1294.27024733
1624,71.45,29.04,7.5,60.00999999999999,2.366304,147.61245525000004,168,02927-1-01,30 a 44,Mujeres,Quintil bajo,Norte,Cuidadores domesticos,Motorizados privados,91.04,75,16.040000000000006,131.57245525000002,168,36.54,21.459965549999964,107.92471370999999
1633,62.04,46.57,12.05,47.34,2.631113,143.51425608000002,168,02945-1-01,45 a 59,Mujeres,Quintil bajo,Norte,Rutina flexible,Motorizados privados,80.28000000000002,0,80.28000000000002,63.23425608000001,168,58.620000000000005,19.719994439999965,173.9558385
1638,34.43,57.59,9.41,66.57,3.120379,107.43464897,168,02950-1-02,60 o mas,Mujeres,Quintil bajo,Sur,Rutina flexible,Motorizados privados,0,0,0,107.43464897,168,67,0,209.06539299999997
1639,93.98,15.85,4.71,53.459999999999994,1.410812,21.553578195449695,168,02953-1-01,60 o mas,Hombres,Quintil medio,Centro,Trabajadores rutinarios,Motorizados privados,81.73,117.76455026455031,-36.034550264550305,57.58812846,168,20.56,111.03453356455032,140.04082828455032
1640,94.01,16.36,6.48,51.14999999999999,3.058956,174.67068882825401,168,02953-1-02,45 a 59,Mujeres,Quintil medio,Centro,Cuidadores domesticos,Motorizados privados,83.13,46.031746031746,37.09825396825399,137.57243486000002,168,22.84,112.90176473174597,182.768319771746
1642,30.43,29.12,13.41,95.03999999999999,3.030575,92.22039724999999,168,02955-1-02,18 a 29,Hombres,Quintil bajo,Norte,Rutina flexible,Motorizados privados,0,0,0,92.22039724999999,168,42.53,0,128.89035475000003
1651,67.18,31.16,18.89,50.769999999999996,3.061059,63.34192408,168,02969-1-01,60 o mas,Mujeres,Quintil bajo,Centro,Cuidadores domesticos,Motorizados privados,81.7,150,-68.3,131.64192408,168,50.05,142.30001954000005,295.50602249
1652,48.2,64.23,8.58,46.989999999999995,3.064479,175.9879176,168,02977-1-01,45 a 59,Mujeres,Quintil bajo,Norte,Rutina flexible,Motorizados privados,58.28,0,58.28,117.7079176,168,72.81,-28.280029799999994,194.84468619
1655,52.17,14.77,11.23,89.83,0.925128,48.263941110000005,168,02994-1-01,45 a 59,Hombres,Quintil bajo,Centro,Trabajadores rutinarios,Motorizados privados,0,0,0,48.263941110000005,168,26,-1.3350000003242712e-5,24.05331464999999
1656,45.63,53.02,10.92,58.42999999999999,1.943822,85.66658973,168,02997-1-01,60 o mas,Mujeres,Quintil bajo,Sur,Rutina flexible,Motorizados privados,21.970000000000002,0,21.970000000000002,63.69658973,168,63.940000000000005,3.030008129999999,127.31798681000001
1660,78.02,32.12,9.64,48.220000000000006,5.045075,238.12679961999999,168,03000-1-02,45 a 59,Hombres,Quintil alto,Norte,Cuidadores domesticos,Motorizados privados,144.51,0,144.51,93.61679962,168,41.76,155.48995187999998,366.17228387999995
1674,97.38,23.04,10.03,37.550000000000004,0.803804,78.27443262000001,168,03025-1-02,30 a 44,Hombres,Quintil bajo,Centro,Cuidadores domesticos,Motorizados privados,0,0,0,78.27443262000001,168,33.07,8.999999749903509e-7,26.581799179999976
1677,65.02,43.43,9.97,49.580000000000005,3.872146,155.41695974,168,03028-1-03,30 a 44,Hombres,Quintil alto,Centro,Jovenes trabajadores,Motorizados privados,103.65,0,103.65,51.76695974,168,53.4,96.34997317999998,303.1225695799999
1680,23.86,20.1,8.57,115.47,3.162043,69.4684348431579,168,03033-1-01,18 a 29,Mujeres,Quintil bajo,Sur,Rutina flexible,Motorizados privados,7.180000000000001,0.657894736842105,6.522105263157895,62.946329580000004,168,28.67,5.97791113684211,96.63368394684213
1683,85.37,17.03,13.33,52.269999999999996,4.174568,257.23287955,168,03044-1-01,30 a 44,Mujeres,Quintil medio,Centro,Cuidadores domesticos,Motorizados privados,150.85000000000002,0,150.85000000000002,106.38287955,168,30.36,99.14999060999997,225.88987508999998
1684,72.16,23.27,8.38,64.19000000000001,5.832862,270.3493512,168,03045-1-01,45 a 59,Mujeres,Quintil medio,Centro,Cuidadores domesticos,Motorizados privados,174.45000000000002,0,174.45000000000002,95.8993512,168,31.65,150.54997072000003,335.16005301999996
1685,42.67,20.57,11.51,93.24999999999999,10.162651,210.82033093,168,03048-1-01,45 a 59,Hombres,Quintil alto,Sur,Trabajadores rutinarios,Motorizados privados,202.18,0,202.18,8.64033093,168,32.08,222.81998724000005,548.8378313200001
1686,62.62,41.3,8.6,55.48,19.272372,397.4343729784615,168,03051-1-01,45 a 59,Hombres,Quintil alto,Centro,Trabajadores moviles,Motorizados privados,429.06,88.4615384615385,340.5984615384615,56.835911440000004,167.99999999999997,49.9,809.4015616615385,1771.092924461539
1690,69.42,30.44,10.42,57.72,4.669628,207.80559128,168,03057-1-01,18 a 29,Mujeres,Quintil bajo,Centro,Trabajadores rutinarios,Motorizados privados,183.64,50,133.64,74.16559128,168,40.86,116.35998448000004,307.16098456000003
1691,56.74,36.12,4.75,70.38999999999999,2.061186,116.9516865,168,03061-1-01,30 a 44,Hombres,Quintil bajo,Centro,Trabajadores moviles,Motorizados privados,0,0,0,116.9516865,168,40.87,7.14000002233206e-6,84.24067896000005
1703,105.56,17.11,13.05,32.28,4.232352,364.6848166177778,168,03082-1-01,30 a 44,Mujeres,Quintil medio,Sur,Cuidadores domesticos,Motorizados privados,140.14,22.2222222222222,117.91777777777779,246.76703884000003,168,30.16,82.08226050222214,209.72999682222218
1711,71.86,16.38,8.61,71.15,4.081369,186.65720858,168,03101-1-02,45 a 59,Mujeres,Quintil medio,Sur,Trabajadores rutinarios,Motorizados privados,93.37,0,93.37,93.28720858,168,24.99,106.62996775999997,208.6233790699999
1714,43.7,48.87,7.83,67.60000000000001,3.390063,148.1457531,168,03109-1-02,30 a 44,Hombres,Quintil bajo,Norte,Cuidadores domesticos,Motorizados privados,0,0,0,148.1457531,168,56.699999999999996,0,192.21657209999998
1716,54.74,28.47,10.36,74.42999999999999,12.648066,461.35513304,168,03112-1-01,30 a 44,Hombres,Quintil alto,Sur,Trabajadores rutinarios,Motorizados privados,369,0,369,92.35513303999998,168,38.83,230.9999998,722.1244025800002
1719,27.48,59.5,10.47,70.55000000000001,3.179738,2.3192002399999723,168,03114-1-02,60 o mas,Mujeres,Quintil alto,Centro,Rutina flexible,Motorizados privados,79.93999999999998,165,-85.06000000000002,87.37920023999999,168,69.97,85.06000000000003,307.54626786
1720,23.21,76.39,10.6,57.79999999999999,8.370832,106.31009069307692,168,03117-1-01,45 a 59,Mujeres,Quintil medio,Sur,Jovenes trabajadores,Motorizados privados,85.10000000000001,23.0769230769231,62.02307692307691,44.28701377,167.99999999999997,86.99,87.9769200269231,816.1555957069231
1742,79.59,24.86,6.51,57.04,2.801166,153.68482047,168,03147-1-01,30 a 44,Hombres,Quintil bajo,Sur,Trabajadores rutinarios,Motorizados privados,130.74,0,130.74,22.94482047,168,31.369999999999997,69.25998146999999,157.13255889
1744,33.48,45.65,5.61,83.26,3.11018,70.03882640000003,168,03151-1-01,30 a 44,Mujeres,Quintil bajo,Sur,Rutina flexible,Motorizados privados,100.91000000000001,135,-34.08999999999999,104.12882640000002,168,51.26,34.08999999999996,193.51782679999994
1747,17.6,90.84,4.17,55.39,3.329382,58.5971232,168,03159-1-02,18 a 29,Hombres,Quintil bajo,Centro,Rutina flexible,Motorizados privados,0,0,0,58.5971232,168,95.01,0,316.32458382
1748,59.17,32.73,9.65,66.44999999999999,3.664989,175.31738012,168,03162-1-01,45 a 59,Hombres,Quintil bajo,Centro,Cuidadores domesticos,Motorizados privados,83.46,0,83.46,91.85738012000002,168,42.379999999999995,41.54001901000001,196.86225283000005
1749,62.74,36.45,6.41,62.39999999999999,10.812995,329.27729892,168,03163-1-01,45 a 59,Hombres,Quintil alto,Norte,Trabajadores moviles,Motorizados privados,275.87,0,275.87,53.407298919999995,168,42.86,349.13000738000005,812.5749730800001
1750,73.35,24.87,3.44,66.34,4.919329,207.2228002,168,03163-1-02,45 a 59,Mujeres,Quintil alto,Norte,Trabajadores rutinarios,Motorizados privados,121.38999999999999,0,121.38999999999999,85.83280020000001,168,28.310000000000002,153.60998195000002,292.87618594
1755,74.67,30.71,6.03,56.589999999999996,6.372262,292.70677666999995,168,03176-1-01,18 a 29,Mujeres,Quintil medio,Centro,Cuidadores domesticos,Motorizados privados,181.89,0,181.89,110.81677667,168,36.74,183.11002687000007,417.22693275000006
1757,55.32,49.53,12.89,50.260000000000005,5.303888,152.7010584,168,03182-1-02,18 a 29,Mujeres,Quintil medio,Norte,Jovenes trabajadores,Motorizados privados,109.28999999999999,0,109.28999999999999,43.411058399999995,168,62.42,140.71002575999998,471.7787147199999
1763,64.54,53.85,6.13,43.47999999999999,6.727857,255.54585276,168,03195-1-01,45 a 59,Hombres,Quintil bajo,Norte,Jovenes trabajadores,Motorizados privados,196.33,0,196.33,59.21585276,168,59.980000000000004,178.67003802000005,582.20690088
1765,89.79,23.96,6.88,47.36999999999999,4.853445,284.08082838,168,03201-1-01,30 a 44,Mujeres,Quintil medio,Centro,Trabajadores moviles,Motorizados privados,148.29000000000002,0,148.29000000000002,135.79082838,168,30.84,151.70999817,301.39024197
1768,12.48,63.88,10.61,81.03000000000002,3.055135,38.1280848,168,03205-1-04,18 a 29,Mujeres,Quintil medio,Centro,Rutina flexible,Motorizados privados,0,0,0,38.1280848,168,74.49000000000001,0,227.57700614999993
1771,71.74,14.77,6.79,74.7,2.912314,23.159399539999995,168,03209-1-01,60 o mas,Hombres,Quintil bajo,Norte,Trabajadores rutinarios,Motorizados privados,104.23,165,-60.769999999999996,83.92939953999999,168,21.56,185.77000682,248.55949665999998
1772,71.13,32.38,9.26,55.23000000000001,7.059947,221.11380155404262,168,03211-1-02,45 a 59,Mujeres,Quintil alto,Norte,Cuidadores domesticos,Motorizados privados,180.11,36.1702127659574,143.93978723404263,77.17401432,168,41.64,281.06022855595734,575.0364216359573
1779,24.2,40.31,8.96,94.53,5.686073,47.9567370408602,168,03225-1-02,18 a 29,Hombres,Quintil medio,Centro,Jovenes trabajadores,Motorizados privados,70.3,34.9462365591398,35.3537634408602,12.6029736,168,49.27,89.64622955913981,369.7990462691398
1782,84.81,22.01,4.87,56.309999999999995,6.482688,284.87675103000004,168,03229-1-02,18 a 29,Mujeres,Quintil alto,Centro,Cuidadores domesticos,Motorizados privados,135.08,0,135.08,149.79675103,168,26.880000000000003,264.9200182499999,439.17467168999985
1783,97.89,11.5,9.91,48.7,5.104188,296.58893062,168,03231-1-01,45 a 59,Hombres,Quintil medio,Centro,Trabajadores moviles,Motorizados privados,171.94,0,171.94,124.64893062,168,21.41,203.06003269999997,312.34069777999997
1784,49.86,67.38,8.55,42.21000000000001,6.050099,167.37792364,168,03232-1-01,18 a 29,Hombres,Quintil bajo,Norte,Jovenes trabajadores,Motorizados privados,152.47,0,152.47,14.907923639999998,168,75.92999999999999,134.2800125,593.6640295699999
1788,43.93,55.59,8.71,59.76999999999999,3.179252,135.71453356,168,03242-1-02,30 a 44,Mujeres,Quintil bajo,Centro,Rutina flexible,Motorizados privados,8.549999999999997,0,8.549999999999997,127.16453356,168,64.30000000000001,3.950006799999983,208.37591040000007
1789,11.54,63.36,6.3,86.80000000000001,3.115016,35.94728463999999,168,03242-1-03,18 a 29,Hombres,Quintil bajo,Centro,Rutina flexible,Motorizados privados,0,0,0,35.94728463999999,168,69.66,0,216.99201455999994
1792,40.2,35.15,10.03,82.62,3.130242,125.83572840000001,168,03250-1-01,45 a 59,Mujeres,Quintil bajo,Centro,Cuidadores domesticos,Motorizados privados,0,0,0,125.83572840000001,168,45.18,0,141.42433355999998
1798,53.06,37.85,12.29,64.80000000000001,3.22821,32.11470007261151,168,03260-1-02,30 a 44,Hombres,Quintil bajo,Centro,Trabajadores rutinarios,Motorizados privados,76.63000000000001,53.3041401273885,23.32585987261151,8.788840200000001,168,50.14,139.17412252738848,301.0365719273884
1807,66.19,39.02,7.37,55.42,3.040291,179.50685006000003,168,03286-1-01,30 a 44,Mujeres,Quintil bajo,Sur,Cuidadores domesticos,Motorizados privados,115.77000000000001,0,115.77000000000001,63.73685006000001,168,46.39,21.730011229999945,162.76911071999996
1811,49.4,21.23,10.21,87.16,14.574456,367.19812,168,03294-1-01,30 a 44,Hombres,Quintil alto,Centro,Trabajadores rutinarios,Motorizados privados,362.22,0,362.22,4.97812,168,31.44,352.78000639999993,811.0009030399999
1812,69.49,32.54,10.54,55.43,2.857202,160.16697498000002,168,03296-1-02,45 a 59,Hombres,Quintil bajo,Sur,Cuidadores domesticos,Motorizados privados,55.370000000000005,0,55.370000000000005,104.79697498,168,43.08,38.37999199999996,161.46825415999996
1814,46.33,64.76,13.04,43.87,4.454348,75.8333979065346,168,03300-1-01,45 a 59,Hombres,Quintil medio,Norte,Jovenes trabajadores,Motorizados privados,84.81,27.8465346534654,56.963465346534605,18.86993256,168,77.80000000000001,130.53654493346542,477.08481933346536
1815,99.94,16.74,13.49,37.830000000000005,1.574182,151.24377384,168,03303-1-02,45 a 59,Mujeres,Quintil bajo,Norte,Cuidadores domesticos,Motorizados privados,8.919999999999998,0,8.919999999999998,142.32377384,168,30.229999999999997,6.07997524000001,53.66749709999999
1816,62.88,37.2,12.45,55.47,6.552705,169.19140933877594,168,03306-1-01,60 o mas,Hombres,Quintil alto,Sur,Trabajadores moviles,Motorizados privados,308.78999999999996,201.632653061224,107.15734693877596,62.034062399999996,168,49.650000000000006,242.84268106122403,568.184484311224
1822,58.45,19.75,14.71,75.09,2.799773,114.29671379999999,168,03319-1-01,30 a 44,Hombres,Quintil bajo,Sur,Trabajadores rutinarios,Motorizados privados,81.9,0,81.9,32.39671379999999,168,34.46,49.35001805000002,145.83019563000002
1823,33.19,48.73,11.72,74.36000000000001,2.649531,28.045308451052602,168,03320-1-01,60 o mas,Mujeres,Quintil bajo,Norte,Rutina flexible,Motorizados privados,48.660000000000004,48.5526315789474,0.10736842105260536,27.937940029999996,168,60.449999999999996,59.89262543894739,220.0567743889474
1827,60.45,38.34,7.84,61.36999999999999,9.366023,222.29609775,168,03333-1-01,45 a 59,Hombres,Quintil medio,Centro,Cuidadores domesticos,Motorizados privados,256.12,100,156.12,66.17609775,168,46.18000000000001,343.8799926000001,776.4029347400001
1829,59.99,27.34,9.42,71.24999999999999,3.272382,105.2384938123404,168,03338-1-02,30 a 44,Mujeres,Quintil medio,Centro,Trabajadores rutinarios,Motorizados privados,73.28999999999999,14.3617021276596,58.928297872340394,46.31019594,168,36.76,91.0717023676596,211.36446468765968
1831,55.29,43.74,8.7,60.269999999999996,3.565761,113.84091286,168,03340-1-01,45 a 59,Hombres,Quintil bajo,Sur,Jovenes trabajadores,Motorizados privados,91.69000000000001,0,91.69000000000001,22.15091286,168,52.44,83.31001283,270.29851967
1849,26.42,82.38,7.92,51.27999999999999,3.520525,93.01227050000001,168,03379-1-01,60 o mas,Mujeres,Quintil bajo,Centro,Rutina flexible,Motorizados privados,0,0,0,93.01227050000001,168,90.3,0,317.90340750000007
1850,51.57,30.65,12.52,73.26,2.92449,150.8159493,168,03381-1-01,30 a 44,Mujeres,Quintil bajo,Centro,Cuidadores domesticos,Motorizados privados,0,0,0,150.8159493,168,43.17,0,126.25023329999999
1852,7.8,25.71,9.7,124.78999999999998,3.075102,23.9857956,168,03381-1-04,18 a 29,Hombres,Quintil bajo,Centro,Rutina flexible,Motorizados privados,0,0,0,23.9857956,167.99999999999997,35.41,0,108.88936182000005
1853,60.19,40.52,7.06,60.22999999999999,2.590416,75.4140744769231,168,03382-1-02,45 a 59,Mujeres,Quintil bajo,Centro,Trabajadores rutinarios,Motorizados privados,96.42,76.9230769230769,19.496923076923096,55.9171514,168,47.580000000000005,80.50306456307689,203.7550578430769
1858,64.53,29.9,8.2,65.36999999999999,8.313072,254.21251274,168,03399-1-01,60 o mas,Hombres,Quintil medio,Norte,Trabajadores rutinarios,Motorizados privados,192.76999999999998,0,192.76999999999998,61.442512740000005,168,38.099999999999994,282.23002342000007,598.9580666200001
1861,69.55,76.46,9.25,12.740000000000009,3.101953,111.76083115,168,03406-1-03,60 o mas,Mujeres,Quintil medio,Centro,Cuidadores domesticos,Motorizados privados,50.52,154.5,-103.97999999999999,215.74083115,168,85.71,103.97999999999999,369.84839163
1864,67.84,14.15,5.8,80.21,3.288782,107.26099503999998,168,03411-1-01,45 a 59,Hombres,Quintil medio,Centro,Trabajadores rutinarios,Motorizados privados,84.14999999999999,0,84.14999999999999,23.11099504,168,19.95,115.84997584000001,181.46117674
1865,92.46,12.26,7.67,55.61000000000001,3.174973,217.1136102355556,168,03414-1-01,30 a 44,Mujeres,Quintil medio,Centro,Cuidadores domesticos,Motorizados privados,43,44.4444444444444,-1.4444444444444002,218.55805468,168,19.93,76.44439334444439,139.72160523444438
1866,56.14,17.5,13.72,80.64,1.478072,83.92894512000001,168,03415-1-01,45 a 59,Hombres,Quintil bajo,Centro,Trabajadores rutinarios,Motorizados privados,50.95,0,50.95,32.978945120000006,168,31.22,-0.9499830400000064,45.195424799999984
1867,52.93,33.66,8.66,72.75,4.750688,180.86390904,168,03416-1-01,45 a 59,Hombres,Quintil bajo,Centro,Trabajadores rutinarios,Motorizados privados,154.41,0,154.41,26.45390904,168,42.31999999999999,70.5900068,271.63912296
1870,61.67,50.66,8.77,46.900000000000006,4.868378,169.0728779,168,03419-1-01,18 a 29,Mujeres,Quintil bajo,Norte,Jovenes trabajadores,Motorizados privados,118.84,0,118.84,50.232877900000005,168,59.42999999999999,131.15999336000002,420.48769789999994
1871,40.99,40.92,15.83,70.25999999999999,6.469135,177.30985263,168,03419-1-02,30 a 44,Hombres,Quintil bajo,Norte,Rutina flexible,Motorizados privados,79.64,0,79.64,97.66985263,168,56.75,87.85999102000002,454.98340227000006
1873,38.79,39.84,6.25,83.12,3.011282,116.80762878,168,03424-1-02,45 a 59,Mujeres,Quintil bajo,Norte,Rutina flexible,Motorizados privados,0,0,0,116.80762878,168,46.09,0,138.78998738
1876,46.74,62.82,7.9,50.53999999999999,2.816626,32.7597999628743,168,03433-2-02,60 o mas,Hombres,Quintil alto,Norte,Trabajadores moviles,Motorizados privados,58.97,45.3592814371257,13.610718562874297,19.1490814,168,70.72,98.8892992771257,298.08108999712573
1878,54.01,14.78,16.14,83.07000000000001,1.871361,55.19218986,168,03437-1-02,45 a 59,Hombres,Quintil bajo,Centro,Trabajadores rutinarios,Motorizados privados,41.62,0,41.62,13.57218986,168,30.92,45.88001774999999,103.74249987
1888,46.1,17.34,16.12,88.44,2.785599,21.994425284745798,168,03454-1-01,45 a 59,Mujeres,Quintil bajo,Centro,Trabajadores rutinarios,Motorizados privados,57.18,66.1016949152542,-8.9216949152542,30.916120199999998,168,33.46,106.4216886152542,199.6278311552542
1892,53.93,36.11,18.42,59.53999999999999,4.938405,137.85819232,168,03461-1-02,45 a 59,Hombres,Quintil bajo,Centro,Trabajadores rutinarios,Motorizados privados,96.53,0,96.53,41.32819232,168,54.53,128.46998933000003,397.76121398000004
1893,57.7,49.83,7.9,52.57,7.018601,62.69004909360598,168,03462-1-03,18 a 29,Hombres,Quintil alto,Sur,Jovenes trabajadores,Motorizados privados,216.85999999999999,184.143222506394,32.716777493605974,29.9732716,168,57.73,342.28322860639406,747.4670643363941
1897,54.28,36.3,3.62,73.8,2.671356,78.34122224000001,168,03464-1-01,30 a 44,Hombres,Quintil bajo,Norte,Trabajadores rutinarios,Motorizados privados,58.34,0,58.34,20.00122224,168,39.919999999999995,66.65998144,173.30051296
1900,50.74,20.48,11.16,85.61999999999999,3.126327,79.48981832,168,03470-1-01,60 o mas,Hombres,Quintil bajo,Centro,Trabajadores rutinarios,Motorizados privados,45.86000000000001,0,45.86000000000001,33.62981831999999,168,31.64,79.14001366000001,178.05699994000003
1902,97.77,51.63,2.18,16.42,2.68108,191.20915871999998,168,03473-1-01,45 a 59,Mujeres,Quintil medio,Centro,Jovenes trabajadores,Motorizados privados,79.08,0,79.08,112.12915871999998,168,53.81,70.92003288000004,215.18894767999998
1903,78.92,59.17,2.74,27.169999999999995,2.096894,112.31684116,168,03473-1-02,18 a 29,Mujeres,Quintil medio,Centro,Jovenes trabajadores,Motorizados privados,59.33,0,59.33,52.986841160000004,168,61.910000000000004,53.17003331999999,182.98874085999998
1907,69.44,33.84,12.37,52.35,6.504452,79.93918427999998,168,03479-1-01,45 a 59,Mujeres,Quintil alto,Sur,Cuidadores domesticos,Motorizados privados,378.27,375,3.269999999999982,76.66918428,168,46.21,371.7299626,672.3006895200001
1908,54.57,38.06,6.01,69.36,2.598911,77.04255721999999,168,03481-1-03,45 a 59,Hombres,Quintil bajo,Sur,Trabajadores rutinarios,Motorizados privados,55.22,0,55.22,21.82255722,168,44.07,64.78001605000003,179.31402382000005
1917,82.62,7.49,8.57,69.32,2.582644,174.53806528,168,03497-1-02,45 a 59,Mujeres,Quintil bajo,Norte,Cuidadores domesticos,Motorizados privados,62.41,0,62.41,112.12806528000002,168,16.060000000000002,38.83998200000002,80.31724464000001
1920,49.74,42.87,10.32,65.07,3.312047,117.71120565999999,168,03508-1-01,45 a 59,Hombres,Quintil bajo,Centro,Trabajadores rutinarios,Motorizados privados,102.97,0,102.97,14.741205659999997,168,53.19,47.03001212000004,223.19779205000006
1921,75.17,31.87,5.64,55.31999999999999,4.468551,197.61385542285723,168,03510-1-02,30 a 44,Mujeres,Quintil medio,Norte,Cuidadores domesticos,Motorizados privados,122.07000000000002,35.3571428571428,86.71285714285722,110.90099828000001,168,37.51,138.28712324714274,305.9024712571428
1928,26.28,50.08,16.39,75.25,3.187085,83.7565938,168,03516-1-02,45 a 59,Mujeres,Quintil bajo,Norte,Rutina flexible,Motorizados privados,0,0,0,83.7565938,168,66.47,0,211.84553995
1930,55.1,38.02,16.27,58.61,9.490205,212.7203226,168,03519-1-05,60 o mas,Hombres,Quintil alto,Norte,Trabajadores rutinarios,Motorizados privados,189.81,0,189.81,22.9103226,168,54.290000000000006,310.18997289999993,825.41320235
1934,65.72,32.17,3.8,66.31,3.009159,107.12190307999998,168,03527-1-02,45 a 59,Mujeres,Quintil bajo,Centro,Trabajadores rutinarios,Motorizados privados,59.35999999999999,0,59.35999999999999,47.761903079999996,168,35.97,90.64002640000001,198.87947563
1937,52.82,38.99,15.38,60.809999999999995,5.46458,138.86913385999998,168,03530-1-01,45 a 59,Hombres,Quintil bajo,Sur,Trabajadores rutinarios,Motorizados privados,100.22999999999999,0,100.22999999999999,38.63913386,168,54.370000000000005,149.76998174,446.87919633999996
1938,62.07,29.74,10.1,66.09000000000002,2.893271,112.18534034000001,168,03530-1-02,45 a 59,Mujeres,Quintil bajo,Sur,Trabajadores rutinarios,Motorizados privados,45.1,0,45.1,67.08534034,168,39.839999999999996,67.39999062999999,182.66790726999992
1943,53.82,26.91,7.21,80.06000000000002,3.760383,130.76378916,168,03542-1-01,30 a 44,Mujeres,Quintil bajo,Norte,Jovenes trabajadores,Motorizados privados,103.38,0,103.38,27.383789160000003,168,34.12,71.6200239,199.92429185999993
1957,63.28,30.65,10.3,63.769999999999996,2.873476,114.36358024,168,03575-1-02,30 a 44,Mujeres,Quintil bajo,Norte,Trabajadores rutinarios,Motorizados privados,57.53,0,57.53,56.833580239999996,168,40.95,67.46998104000002,185.13882324
1970,59.78,45.48,8.07,54.67,4.360623,164.04806048,168,03598-1-02,18 a 29,Hombres,Quintil bajo,Centro,Jovenes trabajadores,Motorizados privados,133.37,0,133.37,30.67806048,168,53.55,96.62998246000001,330.14134411000003
1974,69.54,29.21,12.88,56.37,1.94476,63.36861861999999,168,03603-1-02,60 o mas,Hombres,Quintil bajo,Norte,Trabajadores rutinarios,Motorizados privados,40.629999999999995,0,40.629999999999995,22.73861862,168,42.09,71.86999178000003,153.72494017999998
1976,62.45,35.11,11.6,58.839999999999996,5.677004,126.7846085357143,168,03605-1-02,30 a 44,Hombres,Quintil alto,Centro,Trabajadores moviles,Motorizados privados,157.97,85.7142857142857,72.2557142857143,54.52889424999999,168,46.71,227.74429126428572,492.9171481042857
1977,57.1,42.59,9.68,58.63,14.092701,345.2532043,168,03607-1-01,45 a 59,Hombres,Quintil alto,Norte,Trabajadores moviles,Motorizados privados,290.56,0,290.56,54.693204300000005,168,52.27,459.44002280000007,1196.0655040699999
1979,46.11,25.16,9.12,87.61,3.062113,141.19403043,168,03611-1-02,30 a 44,Mujeres,Quintil bajo,Norte,Cuidadores domesticos,Motorizados privados,0,0,0,141.19403043,168,34.28,0,104.96923364
1980,80.25,27.23,7.31,53.209999999999994,5.079832,275.81651875,168,03612-1-01,30 a 44,Mujeres,Quintil medio,Centro,Cuidadores domesticos,Motorizados privados,168.16,0,168.16,107.65651874999999,168,34.54,131.83999924999995,307.29739653
1982,43.51,44.16,7.13,73.20000000000002,3.130205,136.19521955,168,03614-1-03,30 a 44,Mujeres,Quintil bajo,Norte,Cuidadores domesticos,Motorizados privados,0,0,0,136.19521955,168,51.29,0,160.54821445
1985,65.28,36.88,5.79,60.050000000000004,2.986762,194.97582336000002,168,03617-1-02,18 a 29,Mujeres,Quintil bajo,Sur,Cuidadores domesticos,Motorizados privados,0,0,0,194.97582336000002,168,42.67,0,127.44513453999994
1988,58.49,52.43,7.58,49.49999999999999,3.048135,178.28541615,168,03621-1-02,30 a 44,Mujeres,Quintil bajo,Centro,Cuidadores domesticos,Motorizados privados,0,0,0,178.28541615,168,60.01,0,182.91858134999995
1991,53.26,24.53,14.29,75.92000000000002,3.279601,95.10945745684211,168,03626-1-01,45 a 59,Mujeres,Quintil bajo,Norte,Trabajadores rutinarios,Motorizados privados,132.28,61.8421052631579,70.43789473684211,24.67156272,168,38.82,79.5620918031579,206.87620262315784
1993,59.37,43.46,12.61,52.55999999999999,4.929719,196.91739115000001,168,03629-1-01,18 a 29,Hombres,Quintil bajo,Centro,Trabajadores moviles,Motorizados privados,154.24,0,154.24,42.67739115,168,56.07,95.76002588,372.16937021000007
1994,47.5,39.96,8.11,72.42999999999999,5.632295,159.91401999999997,168,03632-1-02,45 a 59,Mujeres,Quintil bajo,Centro,Jovenes trabajadores,Motorizados privados,137.37999999999997,0,137.37999999999997,22.534019999999998,168,48.07,107.61999250000005,378.36441315000013
1995,72.57,17.25,16.86,61.32000000000001,5.336857,231.36572071,168,03636-1-01,30 a 44,Mujeres,Quintil bajo,Norte,Cuidadores domesticos,Motorizados privados,144.07,0,144.07,87.29572071,168,34.11,155.92999177999997,337.97018404999994
2005,52.65,31.86,15.72,67.77,2.247956,71.16489155,168,03654-1-01,60 o mas,Hombres,Quintil bajo,Sur,Trabajadores rutinarios,Motorizados privados,47.809999999999995,0,47.809999999999995,23.354891549999998,168,47.58,47.18999185,154.14773833
2006,64.73,31.08,9.62,62.57,5.421645,276.76305799,168,03659-1-01,30 a 44,Hombres,Quintil bajo,Sur,Trabajadores moviles,Motorizados privados,213.32000000000002,0,213.32000000000002,63.44305799,168,40.699999999999996,74.18002286000001,294.84097436
2007,19.33,36.46,11.18,101.03,3.201939,61.89348086999999,168,03659-1-02,30 a 44,Mujeres,Quintil bajo,Sur,Rutina flexible,Motorizados privados,0,0,0,61.89348086999999,168,47.64,0,152.54037396
2010,64.82,33.88,9.71,59.59000000000001,1.704167,103.27406726000001,168,03667-1-02,45 a 59,Mujeres,Quintil bajo,Centro,Cuidadores domesticos,Motorizados privados,17.810000000000002,0,17.810000000000002,85.46406726000001,168,43.59,7.190037679999975,81.47467720999998
2011,16.82,37.74,10.82,102.62,2.92149,49.1394618,168,03667-1-03,18 a 29,Mujeres,Quintil bajo,Centro,Rutina flexible,Motorizados privados,0,0,0,49.1394618,168,48.56,0,141.8675544
2017,42.51,41.37,11.25,72.87,2.538123,84.06561664,168,03681-1-01,45 a 59,Hombres,Quintil bajo,Centro,Trabajadores rutinarios,Motorizados privados,76.17,0,76.17,7.895616639999999,168,52.62,23.829992090000005,157.38602434999999
2029,75.69,33.23,9.91,49.17,8.109588,344.07476758,168,03704-1-01,30 a 44,Mujeres,Quintil alto,Centro,Cuidadores domesticos,Motorizados privados,230.26000000000002,0,230.26000000000002,113.81476758,168,43.14,269.73994813999997,619.58757446
2030,91.93,19.24,7,49.83,2.790853,210.99310155,168,03705-1-02,30 a 44,Mujeres,Quintil bajo,Sur,Cuidadores domesticos,Motorizados privados,79.42999999999999,0,79.42999999999999,131.56310155,168,26.24,45.570014739999976,118.80199746
2032,54.19,42.46,9.32,62.029999999999994,8.843449,249.29650668999997,168,03708-1-01,30 a 44,Hombres,Quintil medio,Centro,Trabajadores rutinarios,Motorizados privados,220.06999999999996,0,220.06999999999996,29.22650669,168,51.78,229.92999461999997,687.8437838399999
2033,66.36,36.85,8.81,55.97999999999999,5.389601,55.619738273683964,168,03711-1-02,45 a 59,Hombres,Quintil alto,Sur,Trabajadores moviles,Motorizados privados,346.65,348.684210526316,-2.0342105263160306,57.653948799999995,168,45.660000000000004,302.03418408631603,548.123365746316
2034,45.6,59.01,7.33,56.06000000000001,3.274866,149.3338896,168,03712-1-02,18 a 29,Hombres,Quintil bajo,Norte,Cuidadores domesticos,Motorizados privados,0,0,0,149.3338896,168,66.34,0,217.25461044
2036,56.85,37.62,5.35,68.18,6.227714,73.53725663793102,168,03723-1-02,60 o mas,Hombres,Quintil alto,Norte,Trabajadores rutinarios,Motorizados privados,122.94000000000001,103.448275862069,19.491724137931016,54.04553250000001,168,42.97,280.50828426206897,548.1131548420689
2038,46.49,34,18.42,69.08999999999999,8.529139,158.2669325175733,168,03724-1-02,30 a 44,Hombres,Quintil medio,Norte,Trabajadores rutinarios,Motorizados privados,227.31,90.5627198124267,136.7472801875733,21.51965233,168,52.42,238.25273959242674,685.3502059724268
2040,49.7,28.6,17.27,72.42999999999999,1.896204,103.6013585,168,03732-1-01,45 a 59,Hombres,Quintil bajo,Centro,Trabajadores rutinarios,Motorizados privados,71.86,0,71.86,31.7413585,168,45.870000000000005,-9.360019699999995,77.61885778000001
2043,68.21,36.6,5.96,57.230000000000004,6.906783,293.74170319000007,168,03734-1-02,30 a 44,Mujeres,Quintil alto,Sur,Cuidadores domesticos,Motorizados privados,222.63000000000005,0,222.63000000000005,71.11170319,168,42.56,177.36996523999989,471.32264971999984
2047,56.31,44.24,12.58,54.86999999999999,7.963479,257.24350926,168,03739-1-02,30 a 44,Hombres,Quintil alto,Sur,Jovenes trabajadores,Motorizados privados,208.82,0,208.82,48.423509259999996,168,56.82,191.17999323000004,643.6648700100001
2048,25.24,56.01,4.82,81.93,3.113319,78.58017156000001,168,03743-1-01,45 a 59,Mujeres,Quintil bajo,Norte,Rutina flexible,Motorizados privados,0,0,0,78.58017156000001,168,60.83,-1.4210854715202004e-14,189.38319477
2052,57.17,32.01,11.47,67.35,15.694123,394.68262618109594,168,03752-1-01,45 a 59,Hombres,Quintil alto,Sur,Trabajadores rutinarios,Motorizados privados,468.34000000000003,95.8904109589041,372.4495890410959,22.23303714,168,43.48,502.550385728904,1184.9308537689042
2053,59.92,19.29,10.6,78.19,3.143633,166.8368877589041,168,03752-1-02,45 a 59,Mujeres,Quintil alto,Sur,Cuidadores domesticos,Motorizados privados,20.08,4.10958904109589,15.970410958904107,150.86647680000002,168,29.89,21.52960160109589,115.4927919710959
2061,61.16,41.13,7.58,58.13000000000001,4.06928,213.11718048,168,03772-1-01,30 a 44,Hombres,Quintil bajo,Centro,Trabajadores rutinarios,Motorizados privados,164.24,0,164.24,48.87718048,168,48.71,35.75998431999997,233.97461311999996
2062,41.72,49.16,8.98,68.14,3.007089,125.45575308000001,168,03772-1-02,30 a 44,Mujeres,Quintil bajo,Centro,Cuidadores domesticos,Motorizados privados,0,0,0,125.45575308000001,168,58.14,0,174.83215445999997
2065,32.28,59.6,9.33,66.79,3.043939,98.25835092,168,03774-1-04,30 a 44,Mujeres,Quintil medio,Centro,Rutina flexible,Motorizados privados,0,0,0,98.25835092,168,68.93,0,209.81871526999998
2071,79.79,14.05,5.47,68.69,1.867893,102.09920774,168,03786-1-01,30 a 44,Hombres,Quintil bajo,Norte,Trabajadores rutinarios,Motorizados privados,78.06,0,78.06,24.039207740000002,168,19.52,46.93997473000002,83.40124609
2075,55.49,44.18,3.91,64.41999999999999,4.809056,194.13450939,168,03794-1-01,30 a 44,Mujeres,Quintil medio,Sur,Rutina flexible,Motorizados privados,102.28,0,102.28,91.85450939,168,48.09,72.72000804999999,303.98751109000005
2077,59.75,38.25,11.19,58.81,2.500295,128.492613,168,03797-1-01,45 a 59,Mujeres,Quintil bajo,Sur,Cuidadores domesticos,Motorizados privados,29.1,0,29.1,99.392613,168,49.44,20.90001325,144.51459804999996
2078,56.34,42.63,11.95,57.08,22.526589,436.40799826,168,03798-1-01,30 a 44,Hombres,Quintil alto,Centro,Trabajadores rutinarios,Motorizados privados,417.26,0,417.26,19.147998259999998,168,54.58,832.7400260000001,2062.24125362
2079,72.13,11.99,12.92,70.96000000000001,2.902092,209.32789596,168,03799-1-01,30 a 44,Mujeres,Quintil bajo,Norte,Cuidadores domesticos,Motorizados privados,0,0,0,209.32789596,168,24.91,0,72.29111171999998
2083,44.49,43.34,9.51,70.65999999999998,3.06023,136.14963269999998,168,03808-1-01,30 a 44,Hombres,Quintil bajo,Sur,Cuidadores domesticos,Motorizados privados,0,0,0,136.14963269999998,168,52.85,0,161.73315550000007
2086,81.7,34.19,5.46,46.65,2.293276,83.68062719999999,168,03812-1-01,30 a 44,Hombres,Quintil medio,Centro,Trabajadores moviles,Motorizados privados,76.32,30,46.31999999999999,37.360627199999996,168,39.65,103.68002200000002,194.6084154
2095,54.81,35.87,11.11,66.21,1.749302,57.03069108142857,168,03829-1-02,45 a 59,Hombres,Quintil alto,Sur,Trabajadores rutinarios,Motorizados privados,45.080000000000005,8.92857142857143,36.151428571428575,20.879262509999997,168,46.98,38.84855153857143,121.03075949857144
2115,49.16,43.28,6.84,68.72,3.122889,21.921240320000006,168,03866-1-01,60 o mas,Hombres,Quintil bajo,Centro,Trabajadores rutinarios,Motorizados privados,93.4,75,18.400000000000006,3.52124032,168,50.120000000000005,131.59998291999997,288.1191796
2120,52.49,54.38,2.66,58.469999999999985,2.230247,83.40564081999999,168,03873-1-02,18 a 29,Hombres,Quintil bajo,Sur,Jovenes trabajadores,Motorizados privados,68.83999999999999,0,68.83999999999999,14.56564082,168,57.040000000000006,33.66002421,160.87331309
2122,50.31,38.08,11.03,68.58,4.23558,141.09201981,168,03877-1-01,30 a 44,Mujeres,Quintil bajo,Norte,Trabajadores rutinarios,Motorizados privados,78,0,78,63.09201981,168,49.11,72.00000999,280.00934378999995
2123,68.51,31.6,4.45,63.43999999999998,2.520017,124.65637020000001,168,03877-1-02,30 a 44,Mujeres,Quintil bajo,Norte,Cuidadores domesticos,Motorizados privados,52.010000000000005,0,52.010000000000005,72.6463702,168,36.050000000000004,47.98999447000001,138.83660732000004
2130,14.75,88.5,8.56,56.19,3.161239,46.62827525,168,03891-1-02,45 a 59,Mujeres,Quintil alto,Centro,Rutina flexible,Motorizados privados,0,0,0,46.62827525,168,97.06,0,306.82985734000005
2132,25.34,45.75,7.27,89.64,3.129256,31.606481282641795,168,03893-1-02,60 o mas,Mujeres,Quintil alto,Centro,Rutina flexible,Motorizados privados,32.870000000000005,80.5588657573582,-47.6888657573582,79.29534704,168,53.019999999999996,47.6888657573582,213.60201887735818
2133,67.55,34.6,7.43,58.419999999999995,3.031155,204.75452024999998,168,03893-1-03,45 a 59,Mujeres,Quintil alto,Centro,Cuidadores domesticos,Motorizados privados,0,0,0,204.75452024999998,168,42.03,0,127.39944465000008
2134,54.05,36.23,16.44,61.28,5.142947,172.67631025000003,168,03895-1-01,30 a 44,Hombres,Quintil alto,Sur,Trabajadores rutinarios,Motorizados privados,161.70000000000002,17,144.70000000000002,27.976310250000004,168,52.67,105.29997509999998,376.17899359
2140,53.1,30.08,17.95,66.87,2.966838,74.955078661244,168,03902-1-03,60 o mas,Mujeres,Quintil alto,Sur,Cuidadores domesticos,Motorizados privados,69.66000000000001,152.24401913875602,-82.584019138756,157.5390978,168,48.03,82.584019138756,225.081248278756
2141,46.73,38.38,16.2,66.69000000000001,3.070281,60.68421246,168,03903-1-01,45 a 59,Hombres,Quintil bajo,Centro,Trabajadores rutinarios,Motorizados privados,54.71,0,54.71,5.9742124599999995,168,54.58,82.79001867,250.36595564999996
2142,48.95,29.36,9.32,80.37,3.034319,148.52991505,168,03903-1-02,45 a 59,Mujeres,Quintil bajo,Centro,Cuidadores domesticos,Motorizados privados,0,0,0,148.52991505,168,38.68,0,117.36745891999999
2143,19.71,60.78,11.02,76.49,3.143151,61.951506210000005,168,03904-1-02,30 a 44,Mujeres,Quintil medio,Sur,Rutina flexible,Motorizados privados,0,0,0,61.951506210000005,168,71.8,0,225.67824180000002
2149,50.35,64.04,6.26,47.35,4.191546,136.87435040000003,168,03909-1-01,30 a 44,Hombres,Quintil bajo,Centro,Jovenes trabajadores,Motorizados privados,120.83000000000001,0,120.83000000000001,16.0443504,168.00000000000003,70.30000000000001,74.16999069999997,368.8356745
2151,81.77,16.72,6.75,62.760000000000005,1.379468,1.7490950500000082,168,03911-1-01,60 o mas,Mujeres,Quintil bajo,Norte,Cuidadores domesticos,Motorizados privados,55.95,154.5,-98.55,100.29909505,168,23.47,111.05000330999998,143.42611726999996
2152,83.06,34.03,6.61,44.3,7.71356,314.4039275560976,168,03917-1-02,30 a 44,Mujeres,Quintil alto,Centro,Trabajadores moviles,Motorizados privados,262.74,64.0243902439024,198.7156097560976,115.68831780000001,168,40.64,326.2843660439025,639.7634444439025
2155,60.04,45.05,9.47,53.44000000000001,31.424871,722.2192519999999,168,03925-1-01,45 a 59,Hombres,Quintil alto,Centro,Jovenes trabajadores,Motorizados privados,660.4699999999999,0,660.4699999999999,61.749252,168,54.519999999999996,1164.5300028400002,2877.8139697599995
2156,65.27,31.43,8.14,63.16000000000001,6.377316,183.17741,168,03927-1-01,45 a 59,Hombres,Quintil medio,Sur,Trabajadores rutinarios,Motorizados privados,166.93,0,166.93,16.24741,168,39.57,233.07000532,485.42039944
2167,80.94,24.3,6.5,56.260000000000005,2.939053,237.88694981999998,168,03937-1-02,30 a 44,Mujeres,Quintil bajo,Sur,Cuidadores domesticos,Motorizados privados,0,0,0,237.88694981999998,168,30.8,0,90.52283239999997
2175,69.59,35.68,10.92,51.809999999999995,5.628705,272.64159253,168,03953-1-01,30 a 44,Hombres,Quintil medio,Sur,Trabajadores moviles,Motorizados privados,205.94,0,205.94,66.70159253,168,46.6,119.05998842000002,381.35764141999994
2177,48.18,14.54,14.7,90.58,3.378571,147.77954902,168,03954-1-02,45 a 59,Mujeres,Quintil bajo,Sur,Trabajadores rutinarios,Motorizados privados,47.5,0,47.5,100.27954901999999,168,29.24,15.000001760000004,113.78941780000002
2179,67.06,46.29,12.44,42.21,2.876248,146.17117896000002,168,03956-1-01,18 a 29,Mujeres,Quintil bajo,Norte,Jovenes trabajadores,Motorizados privados,78.29,0,78.29,67.88117896000001,168,58.73,46.71001191999997,215.63205695999994
2181,56.12,33.3,12.5,66.08,3.224061,117.23429708,168,03959-1-01,30 a 44,Mujeres,Quintil alto,Centro,Trabajadores rutinarios,Motorizados privados,68.8,0,68.8,48.43429708,168,45.8,63.700006239999965,211.36200003999997
2182,90.13,22.68,9.11,46.080000000000005,8.525987,443.99720071,168,03959-1-02,30 a 44,Hombres,Quintil alto,Centro,Cuidadores domesticos,Motorizados privados,350.55,0,350.55,93.44720070999999,168,31.79,324.45000760000005,595.49113433
2184,22.22,39.62,24.36,81.8,3.003479,35.955198116842105,168,03962-1-01,60 o mas,Mujeres,Quintil bajo,Norte,Rutina flexible,Motorizados privados,18.560000000000002,49.3421052631579,-30.782105263157895,66.73730338,168,63.98,30.782105263157895,222.94469168315788
2185,58.87,52.83,7.16,49.14,4.11233,77.88500318315789,168,03962-1-02,45 a 59,Mujeres,Quintil bajo,Norte,Jovenes trabajadores,Motorizados privados,98.94999999999999,63.1578947368421,35.792105263157886,42.09289792,168,59.989999999999995,164.2078639168421,410.9065406168421
2187,37.68,56.7,4.95,68.66999999999999,12.063017,130.60445504,168,03965-1-01,60 o mas,Hombres,Quintil medio,Centro,Rutina flexible,Motorizados privados,230.57,154.5,76.07,54.534455040000005,168,61.650000000000006,323.93002552,1067.6150235700002
2189,33.24,39.71,21.18,73.86999999999998,7.336883,120.34798452,168,03972-1-01,45 a 59,Hombres,Quintil bajo,Centro,Trabajadores rutinarios,Motorizados privados,131.47,40,91.47,28.877984519999995,167.99999999999997,60.89,123.53000640000003,570.2728122700003
2195,64.37,27.51,4.82,71.29999999999998,3.05347,196.5518639,168,03981-1-01,45 a 59,Mujeres,Quintil alto,Norte,Cuidadores domesticos,Motorizados privados,0,0,0,196.5518639,168,32.33,0,98.71868510000002
2202,49.1,50.6,11,57.30000000000001,7.210607,190.3408027,168,03995-1-01,30 a 44,Hombres,Quintil bajo,Sur,Jovenes trabajadores,Motorizados privados,236.3,75,161.3,29.0408027,168,61.6,163.70000100000001,607.8733921999999
2203,57.18,42.67,10.08,58.06999999999999,0.925106,52.89758078000001,168,03996-1-01,45 a 59,Hombres,Quintil bajo,Centro,Rutina flexible,Motorizados privados,0,0,0,52.89758078000001,168,52.75,-1.97000000170533e-5,48.79932179999999
2205,55.62,46.59,11.53,54.25999999999999,3.082668,59.6171859231461,168,04000-1-03,18 a 29,Mujeres,Quintil medio,Norte,Jovenes trabajadores,Motorizados privados,66.53,53.3707865168539,13.159213483146104,46.45797244,168,58.120000000000005,111.84080823685389,291.0054723968539
2209,38.83,51.61,7.7,69.86000000000001,2.594351,75.6583188524138,168,04009-1-04,30 a 44,Mujeres,Quintil bajo,Centro,Rutina flexible,Motorizados privados,14.23,9.31034482758621,4.9196551724137905,70.73866368,168,59.31,25.0803304775862,178.95128828758618
2213,69.28,22.18,7.9,68.63999999999999,6.392218,195.392876,168,04017-1-02,45 a 59,Mujeres,Quintil alto,Centro,Cuidadores domesticos,Motorizados privados,127.53999999999999,0,127.53999999999999,67.85287600000001,168,30.08,247.45998704,439.7379044800001
2214,49.03,38.8,8.76,71.41,3.704628,104.52664758425533,168,04018-1-01,60 o mas,Hombres,Quintil bajo,Sur,Rutina flexible,Motorizados privados,62.410000000000004,67.0212765957447,-4.611276595744691,109.13792418000001,168,47.559999999999995,77.11126325574469,253.30337093574468
2218,40.99,47.12,8.46,71.42999999999998,2.919278,119.66120522,168,04027-1-02,45 a 59,Mujeres,Quintil alto,Centro,Rutina flexible,Motorizados privados,0,0,0,119.66120522,167.99999999999997,55.58,0,162.25347124000007
2219,58.2,26.79,17.71,65.29999999999998,3.068524,178.5880968,168,04030-1-02,30 a 44,Mujeres,Quintil medio,Centro,Cuidadores domesticos,Motorizados privados,0,0,0,178.5880968,168,44.5,2.842170943040401e-14,136.54931800000006
2221,63.52,37.86,10.72,55.89999999999999,5.465838,188.38004992,168,04034-1-01,45 a 59,Hombres,Quintil bajo,Norte,Trabajadores rutinarios,Motorizados privados,141.19,0,141.19,47.19004992,168,48.58,158.80997984,424.34038988
2222,81.75,30.41,5.07,50.77,3.643768,230.83800025,168,04037-1-01,18 a 29,Mujeres,Quintil bajo,Centro,Cuidadores domesticos,Motorizados privados,120.46000000000001,0,120.46000000000001,110.37800025,168,35.480000000000004,67.04003375000002,196.32092238999996
2224,54.79,49.5,11.1,52.61000000000001,3.74533,122.38664361,168,04042-1-02,30 a 44,Hombres,Quintil bajo,Centro,Jovenes trabajadores,Motorizados privados,92.17999999999999,0,92.17999999999999,30.20664361,168,60.6,82.81998709000001,309.7869850899999
2225,66.59,38.95,6.62,55.839999999999996,3.342015,137.94478909,168,04045-1-01,45 a 59,Hombres,Quintil medio,Centro,Cuidadores domesticos,Motorizados privados,77.9,0,77.9,60.044789089999995,168,45.57,84.59998976,236.89561330999996
2227,71.15,26.59,5.52,64.74,3.060818,217.7772007,168,04045-1-06,45 a 59,Mujeres,Quintil medio,Centro,Cuidadores domesticos,Motorizados privados,0,0,0,217.7772007,168,32.11,0,98.28286597999997
2234,65.12,39.91,15.01,47.96,3.501441,118.5193101454826,168,04058-1-04,45 a 59,Hombres,Quintil alto,Centro,Trabajadores moviles,Motorizados privados,57.879999999999995,17.3745173745174,40.5054826254826,78.01382752,168,54.919999999999995,109.49452777451741,301.7936674945173
2236,62.19,24.84,9.82,71.15,3.474617,157.46645771,168,04060-1-01,30 a 44,Mujeres,Quintil bajo,Sur,Trabajadores moviles,Motorizados privados,91.38,0,91.38,66.08645771,168,34.66,58.61997352,179.05019873999998
2237,53.03,57.77,10.85,46.349999999999994,12.571803,301.72272243000003,168,04066-1-01,45 a 59,Hombres,Quintil medio,Centro,Jovenes trabajadores,Motorizados privados,260.04,0,260.04,41.68272243,168,68.62,364.95999065999996,1227.63711252
2238,56.38,29.3,5.95,76.37,4.657277,112.89229485999999,168,04067-1-01,45 a 59,Hombres,Quintil medio,Norte,Trabajadores rutinarios,Motorizados privados,103.44,28.125,75.315,37.577294859999995,168,35.25,149.68498240000002,313.85399664999994
2244,51.29,49.39,6,61.32000000000001,3.081417,158.04587793,168,04081-1-04,45 a 59,Mujeres,Quintil bajo,Norte,Cuidadores domesticos,Motorizados privados,0,0,0,158.04587793,168,55.39,0,170.67968763000002
2246,71.02,20.28,4.74,71.96000000000001,2.739664,190.31089974000002,168,04084-1-01,45 a 59,Mujeres,Quintil medio,Norte,Cuidadores domesticos,Motorizados privados,3.2400000000000007,0,3.2400000000000007,187.07089974000002,168,25.020000000000003,4.260037539999956,72.80643081999995
2248,99.02,23.46,9.45,36.07000000000001,3.241083,275.39201242,168,04088-1-01,30 a 44,Hombres,Quintil bajo,Sur,Cuidadores domesticos,Motorizados privados,104.46000000000001,0,104.46000000000001,170.93201241999998,168,32.91,45.540026239999975,152.20406777000005
2249,40.6,30.85,10.36,86.19000000000001,8.07766,169.89300400000002,168,04091-1-01,45 a 59,Hombres,Quintil bajo,Centro,Trabajadores rutinarios,Motorizados privados,116.94000000000001,0,116.94000000000001,52.95300400000001,168,41.21,158.05999199999997,490.94036059999985
2250,61.58,46.76,10.63,49.03,3.841614,129.96962732873786,168,04092-1-02,30 a 44,Hombres,Quintil bajo,Centro,Jovenes trabajadores,Motorizados privados,101.17000000000002,7.76699029126214,93.40300970873787,36.566617619999995,168,57.39,106.59696279126211,327.0671902512621
2254,55.86,40.02,4.94,67.18,23.737742,533.1902565,168,04100-1-01,18 a 29,Mujeres,Quintil alto,Norte,Rutina flexible,Motorizados privados,457.2,0,457.2,75.9902565,168,44.96,792.8000116200001,1860.04889194
2257,72.87,28.01,10.46,56.65999999999999,12.99803,343.0964478899999,168,04103-1-01,60 o mas,Hombres,Quintil alto,Centro,Cuidadores domesticos,Motorizados privados,270.92999999999995,0,270.92999999999995,72.16644789,168,38.47,604.0699982100001,1104.10421231
2259,72.83,28.56,14.06,52.55,3.24817,147.8809941967532,168,04106-1-01,45 a 59,Mujeres,Quintil medio,Sur,Cuidadores domesticos,Motorizados privados,108.07000000000001,46.7532467532468,61.31675324675321,86.56424095,168,42.62,88.6832269032468,227.12023230324684
2263,79.55,17.47,6.91,64.07000000000001,3.833347,217.44279190000003,168,04115-1-02,45 a 59,Mujeres,Quintil bajo,Sur,Cuidadores domesticos,Motorizados privados,112.50000000000001,0,112.50000000000001,104.94279190000002,168,24.38,87.49996194999994,180.95696180999994
2267,17.36,48.47,5.2,96.96999999999998,2.962316,51.425805759999996,168,04122-1-02,18 a 29,Hombres,Quintil bajo,Sur,Rutina flexible,Motorizados privados,0,0,0,51.425805759999996,168,53.67,0,158.98749972000005
2268,65.72,33.61,11.09,57.58,5.791607,213.85440683999997,168,04126-1-01,30 a 44,Hombres,Quintil medio,Centro,Trabajadores moviles,Motorizados privados,133.23,0,133.23,80.62440683999999,168,44.7,166.77000520000001,425.65483810000006
2271,64.27,29.25,11.9,62.580000000000005,16.501585,475.70684796999996,168,04135-1-01,45 a 59,Hombres,Quintil alto,Centro,Trabajadores rutinarios,Motorizados privados,415.15,0,415.15,60.55684797,168,41.15,584.8500199799998,1263.8902427299997
2274,61.33,38.87,11.4,56.40000000000001,3.125322,86.11152062555558,168,04139-1-01,45 a 59,Hombres,Quintil medio,Sur,Trabajadores rutinarios,Motorizados privados,88.88,44.4444444444444,44.435555555555595,41.67596507,168,50.269999999999996,105.56447763444442,262.6744145744444
2284,67.28,37.19,9.9,53.63,3.999552,171.0298424,168,04154-1-01,30 a 44,Hombres,Quintil bajo,Centro,Cuidadores domesticos,Motorizados privados,176.94,87.5,89.44,81.5898424,168,47.089999999999996,98.06001615999998,286.39891984
2288,43.08,20.29,27.46,77.16999999999999,3.042552,18.95860271506612,168,04160-1-01,60 o mas,Hombres,Quintil alto,Norte,Rutina flexible,Motorizados privados,55.00000000000001,167.1145374449339,-112.11453744493389,131.07314016,168,47.75,112.11453744493389,257.3963954449339
2291,59.71,43.66,4.1,60.529999999999994,2.74598,115.4448354611765,168,04163-1-02,18 a 29,Mujeres,Quintil bajo,Norte,Jovenes trabajadores,Motorizados privados,91.6,20.1176470588235,71.48235294117649,43.96248252,168,47.76,48.517630338823494,179.6656351388235
2294,29.9,58.41,12.87,66.82,3.092419,15.693328099999988,168,04168-1-01,60 o mas,Hombres,Quintil bajo,Centro,Rutina flexible,Motorizados privados,112.22999999999999,189,-76.77000000000001,92.4633281,168,71.28,76.77000000000001,297.19762632000004
2296,53.86,47.76,7.14,59.239999999999995,2.9738,127.748868,168,04173-1-03,45 a 59,Mujeres,Quintil medio,Norte,Cuidadores domesticos,Motorizados privados,30.080000000000002,62.5,-32.42,160.168868,168,54.9,32.42,195.68162
2299,68.24,14.17,13.96,71.63,13.859121,443.95641784,168,04178-1-01,45 a 59,Hombres,Quintil alto,Centro,Trabajadores moviles,Motorizados privados,373.21,0,373.21,70.74641784,168,28.130000000000003,501.7899992,891.64707293
2300,61.95,37.18,4.3,64.57000000000001,3.28549,203.5361055,168,04180-1-02,45 a 59,Mujeres,Quintil alto,Centro,Cuidadores domesticos,Motorizados privados,0,0,0,203.5361055,168,41.48,0,136.28212519999997
2301,41.9,80.47,4.63,40.99999999999999,2.95596,97.3847142,168,04184-1-01,30 a 44,Hombres,Quintil bajo,Sur,Jovenes trabajadores,Motorizados privados,61.03,0,61.03,36.354714200000004,168,85.1,26.4700098,278.0222058
2321,59.58,45.2,14.48,48.739999999999995,3.051509,181.80890621999998,168,04200-1-02,30 a 44,Mujeres,Quintil bajo,Sur,Cuidadores domesticos,Motorizados privados,0,0,0,181.80890621999998,168,59.68000000000001,0,182.11405711999998
2322,57.65,34.97,9.22,66.16,3.69976,114.6911958,168,04202-1-01,45 a 59,Mujeres,Quintil bajo,Centro,Trabajadores rutinarios,Motorizados privados,76.39999999999999,0,76.39999999999999,38.291195800000004,168,44.19,98.59996819999998,262.0923626
2332,72.2,5.7,10.41,79.69,3.207907,115.6737643428572,168,04209-1-07,30 a 44,Mujeres,Quintil medio,Norte,Trabajadores rutinarios,Motorizados privados,76.92,42.8571428571428,34.062857142857204,81.6109072,168,16.11,115.9371210571428,167.6165028271428
2335,8.63,85.49,13.69,60.19000000000001,2.981118,25.727048339999996,168,04213-1-02,30 a 44,Hombres,Quintil bajo,Centro,Rutina flexible,Motorizados privados,0,0,0,25.727048339999996,168,99.17999999999999,7.105427357601002e-15,295.66728323999996
2336,79.16,30.65,3.22,54.970000000000006,2.98986,236.6773176,168,04215-1-02,30 a 44,Mujeres,Quintil bajo,Centro,Cuidadores domesticos,Motorizados privados,0,0,0,236.6773176,168,33.87,0,101.26655819999999
2337,50.33,31.08,10.56,76.03,11.34312,254.83254995333334,168,04216-1-01,60 o mas,Hombres,Quintil alto,Sur,Trabajadores rutinarios,Motorizados privados,325.6,91.6666666666667,233.93333333333334,20.89921662,168,41.64,316.06667964666667,788.3941964466668
2338,54.47,32.81,7.93,72.78999999999999,4.227209,21.984670745977994,168,04219-1-02,30 a 44,Hombres,Quintil medio,Sur,Trabajadores rutinarios,Motorizados privados,160.7,160.221402214022,0.4785977859779962,21.506072959999997,168,40.74,208.27140348402202,380.48789814402204
2340,58.11,45.44,11.8,52.650000000000006,4.81802,45.64516874999999,168,04223-1-02,30 a 44,Mujeres,Quintil alto,Sur,Jovenes trabajadores,Motorizados privados,215.67,225,-9.330000000000013,54.97516875,168,57.239999999999995,234.32997345,510.11343825
2341,74.98,15.33,10.01,67.67999999999999,2.969809,222.67627882000002,168,04226-1-02,60 o mas,Mujeres,Quintil bajo,Centro,Cuidadores domesticos,Motorizados privados,0,0,0,222.67627882000002,168,25.34,0,75.25496006
2342,57.4,18.23,8.59,83.77999999999999,9.402893,257.88605359999997,168,04228-1-01,60 o mas,Hombres,Quintil alto,Norte,Trabajadores rutinarios,Motorizados privados,218.15999999999997,0,218.15999999999997,39.7260536,168,26.82,281.84000460000004,534.0255948600002
2343,54.71,24.73,6.53,82.02999999999999,7.400544,193.50375817,168,04228-1-02,45 a 59,Mujeres,Quintil alto,Norte,Jovenes trabajadores,Motorizados privados,163.62,0,163.62,29.883758170000004,168,31.26,211.38000407,442.72100951000016
2355,56.02,35.72,16.61,59.64999999999999,3.198595,179.1852919,168,04244-1-02,30 a 44,Mujeres,Quintil medio,Norte,Cuidadores domesticos,Motorizados privados,0,0,0,179.1852919,168,52.33,0,167.38247635000002
2362,22.99,98.54,8.97,37.499999999999986,3.095701,23.153678695530594,168,04257-1-01,60 o mas,Mujeres,Quintil bajo,Centro,Rutina flexible,Motorizados privados,36.88,84.89648729446941,-48.01648729446941,71.17016599,168,107.51,48.01648729446941,380.83530180446945
2367,67.31,28,12.18,60.51,4.780372,207.246828,168,04267-1-01,30 a 44,Mujeres,Quintil bajo,Norte,Trabajadores rutinarios,Motorizados privados,135.48,0,135.48,71.76682800000002,168,40.18,114.52001131999998,306.5953582800001
2369,65.72,32.77,8.27,61.239999999999995,5.21015,196.56107079999998,168,04272-1-02,30 a 44,Mujeres,Quintil medio,Norte,Cuidadores domesticos,Motorizados privados,104.15,0,104.15,92.41107079999999,168,41.040000000000006,145.8499872,359.67454319999996
2374,62.52,27,7.22,71.25999999999999,12.435339,365.91740400000003,168,04288-1-01,60 o mas,Hombres,Quintil alto,Centro,Trabajadores moviles,Motorizados privados,338.46000000000004,0,338.46000000000004,27.457404,168,34.22,411.5399902800001,837.0772908600002
2380,57.46,48.76,3.01,58.769999999999996,4.54631,20.584323793333013,168,04298-1-02,30 a 44,Hombres,Quintil medio,Sur,Jovenes trabajadores,Motorizados privados,176.02,166.666666666667,9.353333333333012,11.23099046,168,51.769999999999996,240.64664880666703,476.00911750666705
2384,48.41,41.52,19.51,58.55999999999999,3.124524,63.188189959999995,168,04312-1-03,30 a 44,Hombres,Quintil bajo,Sur,Trabajadores rutinarios,Motorizados privados,61.92999999999999,0,61.92999999999999,1.25818996,168,61.03,88.07001688,278.75971660000005
2387,63.71,36.47,7.83,59.989999999999995,13.455623,436.55773257999994,168,04321-1-01,45 a 59,Mujeres,Quintil alto,Centro,Trabajadores rutinarios,Motorizados privados,378.79999999999995,0,378.79999999999995,57.75773258,168,44.3,420.70000875,1016.7841076499999
2391,92.61,29.86,6.88,38.65,7.924857,392.77097356999997,168,04325-1-02,30 a 44,Mujeres,Quintil alto,Centro,Cuidadores domesticos,Motorizados privados,233.84999999999997,0,233.84999999999997,158.92097357,168,36.74,341.1500332000001,632.3092793799999
2396,43.45,34.89,6.62,83.03999999999999,1.797829,76.55566505,168,04330-1-02,45 a 59,Mujeres,Quintil bajo,Centro,Cuidadores domesticos,Motorizados privados,5.9399999999999995,0,5.9399999999999995,70.61566505,168,41.51,1.5600050000000039,76.18788679000001
2401,60.28,33.5,9.43,64.78999999999999,9.320725,322.1432902,168,04337-1-01,30 a 44,Hombres,Quintil alto,Sur,Trabajadores rutinarios,Motorizados privados,260.29,0,260.29,61.85329019999999,168,42.93,239.71001279999996,639.84873705
2403,56.6,12.96,16.1,82.34,2.732875,49.83072499999999,168,04339-1-02,60 o mas,Mujeres,Quintil bajo,Centro,Cuidadores domesticos,Motorizados privados,67.64999999999999,172.5,-104.85000000000001,154.680725,168,29.060000000000002,104.85000000000001,184.26734749999997
2408,32.98,58.77,10.3,65.95,3.080372,101.59066856,168,04344-1-03,30 a 44,Mujeres,Quintil alto,Centro,Rutina flexible,Motorizados privados,0,0,0,101.59066856,168,69.07000000000001,0,212.76129404
2412,44.28,20.6,14.41,88.71000000000001,3.107923,137.61883044,168,04352-1-02,18 a 29,Mujeres,Quintil bajo,Norte,Cuidadores domesticos,Motorizados privados,0,0,0,137.61883044,168,35.010000000000005,0,108.80838422999997
2415,68.52,23.88,5.33,70.27000000000001,2.264755,76.5109882,168,04358-1-02,45 a 59,Hombres,Quintil bajo,Sur,Trabajadores rutinarios,Motorizados privados,61.330000000000005,40,21.330000000000005,55.180988199999994,168,29.21,78.6700244,144.82351795
2416,53.74,33.65,5.67,74.93999999999998,4.269499,162.79290262,168,04359-1-01,45 a 59,Mujeres,Quintil bajo,Centro,Trabajadores rutinarios,Motorizados privados,120.85000000000001,0,120.85000000000001,41.94290262,168,39.32,66.64997363999998,234.52667432000004
2423,49.43,36.73,7.67,74.17,6.148664,182.81846757999998,168,04368-1-01,30 a 44,Hombres,Quintil bajo,Centro,Trabajadores rutinarios,Motorizados privados,153.89,0,153.89,28.928467579999996,168,44.4,121.10999394000001,394.1106755400001
2424,56.05,23.02,6.78,82.15,3.029224,169.7880052,168,04368-1-02,18 a 29,Mujeres,Quintil bajo,Centro,Cuidadores domesticos,Motorizados privados,0,0,0,169.7880052,168,29.8,0,90.27087520000003
2429,47.96,38.53,9.71,71.79999999999998,2.988921,72.00864075999999,168,04373-1-02,30 a 44,Hombres,Quintil bajo,Norte,Trabajadores rutinarios,Motorizados privados,53.66,0,53.66,18.348640760000002,168,48.24,71.34001040000001,215.52555944000005
2430,33.67,55.25,8.79,70.28999999999999,3.066372,103.24474524,168,04373-1-03,30 a 44,Mujeres,Quintil bajo,Norte,Rutina flexible,Motorizados privados,0,0,0,103.24474524,168,64.03999999999999,0,196.37046288000005
2432,21.63,52.71,11.48,82.17999999999999,2.966732,64.17041316,168,04375-1-05,18 a 29,Mujeres,Quintil alto,Norte,Rutina flexible,Motorizados privados,0,0,0,64.17041316,168,64.19,0,190.43452708
2438,58.88,35.91,4.4,68.81,10.570539,345.92334328,168,04386-1-01,45 a 59,Hombres,Quintil alto,Sur,Trabajadores rutinarios,Motorizados privados,298.53,0,298.53,47.393343279999996,168,40.309999999999995,276.46999304,702.56842013
2443,77.71,27.32,9.46,53.510000000000005,7.265573,383.38770709,168,04391-1-01,45 a 59,Mujeres,Quintil medio,Sur,Trabajadores moviles,Motorizados privados,293.78,0,293.78,89.60770709,168,36.78,181.21997073999995,448.44774567999997
2456,31.46,43.54,16.99,76.01,3.045503,95.81152438000001,168,04417-1-02,45 a 59,Mujeres,Quintil bajo,Centro,Rutina flexible,Motorizados privados,0,0,0,95.81152438000001,168,60.53,0,184.34429658999997
2458,19.78,53.95,16.04,78.22999999999999,3.097326,26.644929108667398,168,04419-1-03,60 o mas,Mujeres,Quintil medio,Centro,Rutina flexible,Motorizados privados,28.759999999999998,63.3801791713326,-34.6201791713326,61.26510828,168,69.99000000000001,34.6201791713326,251.40202591133266
2461,87.62,26.61,5.01,48.76,3.333504,292.08162048,168,04435-1-03,60 o mas,Mujeres,Quintil bajo,Centro,Cuidadores domesticos,Motorizados privados,0,0,0,292.08162048,168,31.619999999999997,0,105.40539647999998
2465,61.86,43.94,9.9,52.300000000000004,9.634454,345.8173301,168,04441-1-02,30 a 44,Mujeres,Quintil alto,Sur,Jovenes trabajadores,Motorizados privados,249.82999999999998,0,249.82999999999998,95.9873301,168,53.839999999999996,250.16999433999996,768.8889976999999
2469,77.36,34.81,7.29,48.54,2.999969,152.08259232,168,04444-1-02,45 a 59,Mujeres,Quintil alto,Centro,Trabajadores moviles,Motorizados privados,91.88,21.875,70.005,82.07759232000001,168,42.1,79.99500952,206.29370442000004
2470,54.77,38.17,10.04,65.01999999999998,6.561,190.43595003000001,168,04445-1-01,30 a 44,Mujeres,Quintil bajo,Centro,Cuidadores domesticos,Motorizados privados,156.09,0,156.09,34.34595003,167.99999999999997,48.21,168.91001997,485.21582997000013
2475,55.66,15.66,10.25,86.43,2.356021,65.0018699057143,168,04451-1-03,18 a 29,Mujeres,Quintil bajo,Norte,Trabajadores moviles,Motorizados privados,57.080000000000005,10.7142857142857,46.365714285714304,18.63615562,168,25.91,66.13425895428571,127.1787630642857
2478,76.13,37.03,9.61,45.230000000000004,4.471859,82.22461924536299,168,04457-1-02,30 a 44,Mujeres,Quintil alto,Centro,Cuidadores domesticos,Motorizados privados,193.11,263.827993254637,-70.71799325463701,152.9426125,168,46.64,258.218006424637,466.785510184637
2480,5.51,71.79,8.54,82.16,3.102303,17.09368953,168,04461-1-03,18 a 29,Hombres,Quintil medio,Sur,Rutina flexible,Motorizados privados,0,0,0,17.09368953,168,80.33000000000001,0,249.20799999000002
2481,74.43,12.37,12.19,69.00999999999999,2.979434,221.75927262000002,168,04462-1-02,30 a 44,Mujeres,Quintil medio,Norte,Cuidadores domesticos,Motorizados privados,0,0,0,221.75927262000002,168,24.56,0,73.17489903999999
2482,72.73,27.99,7.71,59.57,4.850626,235.04601205999998,168,04464-1-01,45 a 59,Hombres,Quintil bajo,Centro,Cuidadores domesticos,Motorizados privados,132.26,0,132.26,102.78601205999999,168,35.699999999999996,117.74001692000004,290.9073651200001
2483,74.92,39.56,8.05,45.47,6.541587,205.53567248000002,168,04470-1-01,30 a 44,Mujeres,Quintil medio,Norte,Cuidadores domesticos,Motorizados privados,252.94,137.5,115.44,90.09567248,168,47.61,284.56002556,596.00498263
2487,61.36,40.26,10.74,55.63999999999999,11.835292,393.45354256,168,04479-1-01,30 a 44,Hombres,Quintil alto,Norte,Trabajadores rutinarios,Motorizados privados,352.24,0,352.24,41.21354256000001,168,51,332.75997456,936.3598665600002
2490,59.58,24.19,5.71,78.52000000000001,1.440288,76.28234720000002,168,04488-1-01,30 a 44,Hombres,Quintil alto,Sur,Trabajadores moviles,Motorizados privados,15.47,0,15.47,60.81234720000001,168,29.900000000000002,9.530011839999986,52.59462303999997
2491,83.47,28.14,6.37,50.02,9.473828,533.50042763,168,04488-1-02,30 a 44,Mujeres,Quintil alto,Sur,Cuidadores domesticos,Motorizados privados,417.71999999999997,0,417.71999999999997,115.78042762999999,168,34.51,257.27999552999995,584.2217998099999
2492,48.17,19.68,13.17,86.98,2.957878,142.48098326000002,168,04489-1-02,30 a 44,Mujeres,Quintil bajo,Norte,Cuidadores domesticos,Motorizados privados,0,0,0,142.48098326000002,168,32.85,0,97.16629229999998
2494,4.64,57.97,3.04,102.35000000000001,3.016288,13.995576319999998,168,04495-1-03,18 a 29,Mujeres,Quintil bajo,Sur,Jovenes trabajadores,Motorizados privados,0,0,0,13.995576319999998,168,61.01,0,184.02373087999996
2501,64.78,41.1,8.37,53.75,2.594699,131.1331585685714,168,04503-1-02,45 a 59,Hombres,Quintil bajo,Sur,Trabajadores rutinarios,Motorizados privados,119.11999999999999,41.0714285714286,78.04857142857139,53.084587140000004,168,49.47,36.95144265142861,165.3112021814286
2502,46.98,37.68,14.56,68.78,3.116351,146.40616998,168,04503-1-03,30 a 44,Mujeres,Quintil bajo,Sur,Cuidadores domesticos,Motorizados privados,0,0,0,146.40616998,168,52.24,0,162.79817624
2503,25.6,48.23,12.78,81.39000000000001,3.080149,78.85181440000001,168,04509-1-01,18 a 29,Mujeres,Quintil bajo,Sur,Rutina flexible,Motorizados privados,0,0,0,78.85181440000001,168,61.01,0,187.91989048999994
2506,79.47,16.62,7.11,64.8,2.496277,140.0552318401877,168,04514-1-02,60 o mas,Mujeres,Quintil bajo,Sur,Cuidadores domesticos,Motorizados privados,94.53,50.6038798498123,43.9261201501877,96.12911169,168,23.73,58.3239013498123,117.56055455981229
2516,60.2,32.03,9.53,66.24,3.008195,181.09333900000001,168,04532-1-02,30 a 44,Hombres,Quintil bajo,Centro,Cuidadores domesticos,Motorizados privados,0,0,0,181.09333900000001,168,41.56,0,125.02058420000003
2517,53.31,34.44,11.12,69.13,3.083437,164.37802647,168,04535-1-01,30 a 44,Mujeres,Quintil medio,Centro,Cuidadores domesticos,Motorizados privados,0,0,0,164.37802647,168,45.559999999999995,0,140.48138971999998
2519,62.63,34.82,12.51,58.04000000000001,7.276975,244.15695533999997,168,04540-1-01,18 a 29,Hombres,Quintil bajo,Centro,Trabajadores rutinarios,Motorizados privados,188.39999999999998,0,188.39999999999998,55.75695534,168.00000000000003,47.33,211.59998891000004,556.0192156599999
2522,6.1,20.22,5.93,135.75,3.386541,20.6579001,168,04545-1-02,18 a 29,Mujeres,Quintil medio,Sur,Jovenes trabajadores,Motorizados privados,0,0,0,20.6579001,168,26.15,0,88.55804715
2523,72.04,37.06,16.19,42.709999999999994,4.956053,115.06563098736801,168,04548-1-02,30 a 44,Hombres,Quintil alto,Centro,Cuidadores domesticos,Motorizados privados,167.9,147.368421052632,20.53157894736802,94.53405203999999,168,53.25,241.96842713263197,505.87824938263196
2530,44.14,65.55,8.92,49.39,2.763011,81.23930079999998,168,04558-1-02,18 a 29,Hombres,Quintil bajo,Centro,Jovenes trabajadores,Motorizados privados,69.27999999999999,0,69.27999999999999,11.9593008,168,74.47,40.72000474000002,246.48143391000002
2531,52.12,43.05,10.17,62.66,2.466954,69.45763792,168,04561-1-01,45 a 59,Hombres,Quintil bajo,Centro,Trabajadores rutinarios,Motorizados privados,77.13,31.25,45.879999999999995,23.577637919999997,168,53.22,59.120004559999984,190.41129643999997
2541,47.41,25.91,12.29,82.39000000000001,2.626515,21.14627028013201,168,04578-1-01,60 o mas,Hombres,Quintil bajo,Centro,Trabajadores rutinarios,Motorizados privados,64.61000000000001,67.986798679868,-3.3767986798679885,24.52306896,168,38.2,103.37680586986798,203.70967886986796
2542,39.85,51.55,11.47,65.13000000000001,3.056276,121.7925986,168,04580-1-01,60 o mas,Hombres,Quintil bajo,Norte,Rutina flexible,Motorizados privados,0,0,0,121.7925986,168,63.019999999999996,0,192.60651351999996
2545,64.56,51.2,5.06,47.17999999999999,4.950504,223.37454848,168,04584-1-01,30 a 44,Hombres,Quintil medio,Sur,Jovenes trabajadores,Motorizados privados,153.77,0,153.77,69.60454847999999,168,56.260000000000005,96.22998976000002,374.74534479999994
2548,47.61,35.47,9.61,75.31,2.017111,87.65463997,168,04587-1-02,30 a 44,Hombres,Quintil bajo,Centro,Trabajadores rutinarios,Motorizados privados,79.12,0,79.12,8.534639969999999,168,45.08,8.380014739999993,99.31137861999997
2549,79.4,30.75,5.38,52.46999999999999,5.307377,301.7556932,168,04588-1-02,30 a 44,Mujeres,Quintil medio,Centro,Cuidadores domesticos,Motorizados privados,155.35,0,155.35,146.40569319999997,168,36.13,119.65004060000001,311.40557161000004
2558,55.93,66.73,6.55,38.78999999999999,4.229341,5.687053940000013,168,04607-1-01,60 o mas,Hombres,Quintil medio,Sur,Jovenes trabajadores,Motorizados privados,194.14000000000001,225,-30.859999999999985,36.54705394,168,73.28,230.85998818999997,540.78609667
2562,68.42,8.18,13.28,78.12,2.59932,107.98544519999999,168,04622-1-01,45 a 59,Hombres,Quintil bajo,Centro,Trabajadores rutinarios,Motorizados privados,80.13999999999999,0,80.13999999999999,27.8454452,168,21.46,69.86002920000001,125.6414364
2566,75.2,25.52,13.24,54.04,3.059217,230.0531184,168,04627-1-01,45 a 59,Mujeres,Quintil bajo,Norte,Cuidadores domesticos,Motorizados privados,0,0,0,230.0531184,168,38.76,0,118.57525092
2569,54.47,36.49,12.39,64.64999999999999,3.545772,149.28820577,168,04632-1-02,18 a 29,Hombres,Quintil bajo,Sur,Trabajadores rutinarios,Motorizados privados,148.64999999999998,30,118.64999999999998,30.63820577,168,48.88,43.849995070000006,217.16733043000005
2570,45.08,38.02,9.4,75.5,12.549567,281.75450244,168,04633-1-01,60 o mas,Hombres,Quintil medio,Sur,Trabajadores rutinarios,Motorizados privados,266.02000000000004,0,266.02000000000004,15.73450244,168,47.42,283.97997792,879.08044506
2575,46.86,27.82,11.98,81.33999999999999,5.449844,142.08970775999998,168,04638-1-02,30 a 44,Hombres,Quintil medio,Centro,Trabajadores rutinarios,Motorizados privados,136.70999999999998,0,136.70999999999998,5.3797077600000005,168,39.8,113.28998207999999,330.1937732800001
2579,7.31,44.29,4.38,112.02000000000001,3.142853,22.97425543,168,04645-1-04,18 a 29,Hombres,Quintil alto,Sur,Rutina flexible,Motorizados privados,0,0,0,22.97425543,168,48.67,0,152.96265550999996
2580,62.08,31.99,11.88,62.050000000000004,7.648197,279.08005624,168,04646-1-01,30 a 44,Mujeres,Quintil medio,Sur,Trabajadores rutinarios,Motorizados privados,241.78,0,241.78,37.30005624,168,43.87,195.72001352,531.2464159099999
2588,50.07,45.1,3.29,69.54,0.624722,31.279806590000003,168,04656-1-02,30 a 44,Hombres,Quintil bajo,Norte,Jovenes trabajadores,Motorizados privados,0,0,0,31.279806590000003,168,48.39,2.394999999566494e-5,30.230321529999994
2592,62.19,16.59,9.98,79.24,4.114934,178.16776536,168,04667-1-01,30 a 44,Mujeres,Quintil bajo,Centro,Trabajadores rutinarios,Motorizados privados,122.26,0,122.26,55.907765360000006,168,26.57,77.73998009999997,187.07377648000002
2594,53.94,44.57,8.1,61.39000000000001,4.965018,138.74307166,168,04670-1-01,60 o mas,Hombres,Quintil bajo,Sur,Jovenes trabajadores,Motorizados privados,95.93,0,95.93,42.81307166,168,52.67,129.06999925999997,390.57749731999985
2599,69.32,8.92,9.28,80.48,3.501763,137.33220928000003,168,04688-1-01,60 o mas,Hombres,Quintil bajo,Centro,Trabajadores rutinarios,Motorizados privados,44.59,0,44.59,92.74220928000001,168,18.2,105.41000187999995,169.14208847999993
2603,20.19,67.43,4.55,75.83,2.563643,40.89995763,168,04691-1-03,18 a 29,Hombres,Quintil bajo,Sur,Rutina flexible,Motorizados privados,9.14,0,9.14,31.75995763,168,71.98,10.859994539999995,195.39101768
2608,58.38,22.98,9.65,76.99,2.262634,93.54258297999999,168,04698-1-02,60 o mas,Hombres,Quintil bajo,Sur,Trabajadores moviles,Motorizados privados,63.44999999999999,2,61.44999999999999,32.09258298,168,32.63,38.54998993999999,112.37973736000001
2612,75.74,24.27,9.15,58.84000000000001,3.103005,235.0215987,168,04705-1-01,45 a 59,Mujeres,Quintil bajo,Centro,Cuidadores domesticos,Motorizados privados,0,0,0,235.0215987,168,33.42,0,103.7024271
2615,69.15,17.45,11.29,70.10999999999999,17.135804,303.37110192373206,168,04710-1-02,45 a 59,Hombres,Quintil alto,Centro,Trabajadores rutinarios,Motorizados privados,512.7,269.269776876268,243.43022312373205,59.9408788,168,28.74,881.5697446762681,1374.052751636268
2618,87.19,32.71,4.39,43.71,5.19266,309.7301298471429,168,04714-1-02,18 a 29,Hombres,Quintil alto,Sur,Cuidadores domesticos,Motorizados privados,211,29.0178571428571,181.9821428571429,127.74798699,168,37.1,143.0178955528571,335.6655815528571
2620,85.84,21.51,9.15,51.49999999999999,2.525143,187.52827152,168,04721-1-01,18 a 29,Mujeres,Quintil bajo,Centro,Cuidadores domesticos,Motorizados privados,70.77,0,70.77,116.75827152000001,168,30.660000000000004,29.230003600000003,106.65088797999996
2621,68.66,36.16,4.93,58.25000000000001,2.712793,149.71035021999998,168,04721-1-02,30 a 44,Hombres,Quintil bajo,Centro,Trabajadores moviles,Motorizados privados,88.44999999999999,0,88.44999999999999,61.26035022,168,41.089999999999996,36.55001716000001,148.01868153
2623,39.47,22.26,16.44,89.83,3.18641,125.7676027,168,04724-1-02,45 a 59,Mujeres,Quintil bajo,Centro,Rutina flexible,Motorizados privados,0,0,0,125.7676027,168,38.7,0,123.314067
2624,55.01,60.62,10.01,42.360000000000014,3.662674,190.77367134,168,04726-1-02,30 a 44,Mujeres,Quintil bajo,Sur,Jovenes trabajadores,Motorizados privados,101.78999999999999,0,101.78999999999999,88.98367134,168,70.63,10.710025400000006,269.40469002
2627,56.61,43.28,8.33,59.78,4.414421,139.36035995999998,168,04736-1-01,45 a 59,Mujeres,Quintil medio,Centro,Trabajadores rutinarios,Motorizados privados,89.46,0,89.46,49.90035996,168,51.61,110.54001285000001,338.36828066
2630,56.77,21.16,14.65,75.41999999999999,3.258001,184.95671677,168,04742-1-01,45 a 59,Mujeres,Quintil bajo,Centro,Cuidadores domesticos,Motorizados privados,0,0,0,184.95671677,168,35.81,0,116.66901581000002
2636,47.74,48.03,9.44,62.78999999999999,2.917834,139.29739515999998,168,04752-1-03,30 a 44,Mujeres,Quintil bajo,Centro,Cuidadores domesticos,Motorizados privados,0,0,0,139.29739515999998,168,57.47,2.842170943040401e-14,167.68791998000003
2644,71.28,18.76,7.12,70.83999999999999,2.717037,147.17043112,168,04762-1-02,30 a 44,Mujeres,Quintil bajo,Norte,Cuidadores domesticos,Motorizados privados,53.5,0,53.5,93.67043112,168,25.880000000000003,46.49996624000002,116.81688380000003
2646,56.02,40.94,11.71,59.32999999999999,4.022786,141.73644904000002,168,04765-1-01,60 o mas,Hombres,Quintil alto,Sur,Trabajadores moviles,Motorizados privados,116.38000000000001,0,116.38000000000001,25.35644904,168,52.65,83.62002267999998,295.41970558
2647,57.27,39.28,9.73,61.719999999999985,4.374501,166.90768523000003,168,04765-1-03,18 a 29,Mujeres,Quintil alto,Sur,Trabajadores moviles,Motorizados privados,116.38000000000001,0,116.38000000000001,50.52768523,168,49.010000000000005,83.61998704000001,298.0142810500001
2648,53.07,43.89,7.42,63.620000000000005,3.354971,110.10833631000001,168,04765-1-05,18 a 29,Hombres,Quintil alto,Sur,Trabajadores moviles,Motorizados privados,94.56000000000002,0,94.56000000000002,15.548336309999998,168,51.31,67.93997465999998,240.08353666999994
2652,57.31,28.73,9.79,72.16999999999999,18.590831,411.23055349000003,168,04768-1-01,45 a 59,Hombres,Quintil alto,Norte,Trabajadores rutinarios,Motorizados privados,370.79,0,370.79,40.44055349,168,38.519999999999996,654.20997112,1370.3287812400004
2654,54.52,51.05,3.32,59.10999999999999,3.093445,66.7038576092308,168,04773-1-02,30 a 44,Hombres,Quintil medio,Sur,Jovenes trabajadores,Motorizados privados,104.77999999999999,81.7307692307692,23.04923076923079,43.65462684,167.99999999999997,54.37,101.9507637907692,270.14136844076927
2658,45.87,47.98,15.3,58.85000000000001,4.739415,61.959077093157894,168,04782-1-01,60 o mas,Hombres,Quintil bajo,Sur,Jovenes trabajadores,Motorizados privados,107.72,63.1578947368421,44.562105263157896,17.39697183,168,63.28,155.4378889568421,455.3480701568421
2659,53.39,23.45,20.1,71.06,3.061628,62.43031891999999,168,04783-1-02,60 o mas,Mujeres,Quintil medio,Centro,Cuidadores domesticos,Motorizados privados,63.97,165,-101.03,163.46031892,168,43.55,101.03,234.36389939999998
2660,85.66,24.34,6.75,51.25,5.277425,348.37424838,168,04784-1-01,30 a 44,Hombres,Quintil bajo,Sur,Cuidadores domesticos,Motorizados privados,221.31,0,221.31,127.06424837999998,168,31.09,103.68997711999998,267.76512037000003
2664,72.1,18.05,11.68,66.17000000000002,2.686042,159.9036036,168,04796-1-01,18 a 29,Mujeres,Quintil bajo,Centro,Cuidadores domesticos,Motorizados privados,81.24,0,81.24,78.6636036,168,29.73,33.76002459999998,113.61605325999994
2667,62.23,31.56,8.24,65.97000000000001,6.987876,234.00550696,168,04802-1-01,45 a 59,Hombres,Quintil bajo,Sur,Trabajadores rutinarios,Motorizados privados,174.15,0,174.15,59.85550696,168,39.8,200.85001652,478.9674813199999
2670,27.18,47.33,12.94,80.55,3.11514,31.638758931343283,168,04805-1-01,60 o mas,Mujeres,Quintil bajo,Sur,Rutina flexible,Motorizados privados,26.82,79.8507462686567,-53.030746268656706,84.66950519999999,168,60.269999999999996,53.030746268656706,240.7802340686567
2671,35.34,42.16,18.45,72.05,2.850958,100.75285572,168,04809-1-03,45 a 59,Mujeres,Quintil bajo,Centro,Rutina flexible,Motorizados privados,0,0,0,100.75285572,168,60.61,0,172.79656438
2678,55.54,46.48,7.65,58.33000000000002,6.253087,125.17071083428569,168,04824-1-01,30 a 44,Mujeres,Quintil medio,Norte,Jovenes trabajadores,Motorizados privados,142.16,64.2857142857143,77.87428571428569,47.296425119999995,168.00000000000003,54.129999999999995,222.1257411457143,560.6053404557142
2686,78.87,21.83,11.17,56.129999999999995,6.859306,113.79390324523705,168,04839-1-01,30 a 44,Mujeres,Quintil alto,Norte,Trabajadores moviles,Motorizados privados,267.24,269.439579684763,-2.1995796847629663,115.99348293000001,168,33,427.199560974763,653.556658974763
2687,28.78,59.27,8.43,71.51999999999998,3.047705,87.71294990000001,168,04843-1-03,18 a 29,Hombres,Quintil bajo,Centro,Rutina flexible,Motorizados privados,0,0,0,87.71294990000001,168,67.7,0,206.32962850000007
2688,69.28,35.57,11.12,52.03,4.638192,210.93396016,168,04847-1-02,30 a 44,Mujeres,Quintil medio,Centro,Trabajadores moviles,Motorizados privados,139.6,0,139.6,71.33396016,168,46.69,110.39998160000002,326.95716608
2694,73.5,31.75,16.44,46.31,2.78511,40.338893333333296,168,04860-1-01,45 a 59,Hombres,Quintil bajo,Norte,Trabajadores moviles,Motorizados privados,102.3,66.6666666666667,35.6333333333333,4.70556,168,48.19,164.3666916666667,298.5811425666667
2706,81.25,17.42,12.29,57.04,3.999458,178.12594374999998,168,04878-1-01,30 a 44,Mujeres,Quintil bajo,Norte,Cuidadores domesticos,Motorizados privados,135.67,82.5,53.16999999999999,124.95594374999999,168,29.71,146.83001875000002,265.6539159300001
2713,59.63,49.16,8.4,50.81000000000001,4.383721,131.52128360999998,168,04893-1-01,45 a 59,Hombres,Quintil bajo,Sur,Jovenes trabajadores,Motorizados privados,95.11999999999999,0,95.11999999999999,36.40128361,168,57.559999999999995,129.87999962000006,382.2069803800001
2714,63.13,38.78,8.03,58.06,3.500881,134.42058032,168,04893-1-02,45 a 59,Mujeres,Quintil bajo,Sur,Cuidadores domesticos,Motorizados privados,63.410000000000004,0,63.410000000000004,71.01058031999999,168,46.81,86.59003721000002,250.46627682000002
2723,39.22,41.46,10.19,77.13,3.062427,120.10838694,168,04911-1-01,30 a 44,Mujeres,Quintil bajo,Centro,Rutina flexible,Motorizados privados,0,0,0,120.10838694,168,51.65,0,158.17435455000003
2726,90.48,18.55,8.36,50.61,2.994451,198.78795047999998,168,04915-1-01,45 a 59,Mujeres,Quintil bajo,Norte,Cuidadores domesticos,Motorizados privados,52.85,0,52.85,145.93795047999998,168,26.91,72.14997600000007,152.73065241000003
2727,52.21,69.99,3.86,41.94,2.947249,81.72586718,168,04915-1-04,18 a 29,Hombres,Quintil bajo,Norte,Jovenes trabajadores,Motorizados privados,52.85,0,52.85,28.87586718,168,73.85,72.15000311,289.80434175999994
2728,61.31,52.75,8.87,45.07,4.078894,147.70700075,168,04918-1-02,18 a 29,Mujeres,Quintil medio,Norte,Jovenes trabajadores,Motorizados privados,97.63,0,97.63,50.077000749999996,168,61.62,102.36999039000003,353.71143867
2729,74.9,15.1,14.33,63.67,4.705508,254.8825633,168,04920-1-01,30 a 44,Mujeres,Quintil medio,Sur,Cuidadores domesticos,Motorizados privados,152.44,0,152.44,102.44256329999999,168,29.43,97.55998590000004,236.04308634000003
2731,68.69,20.9,4.83,73.58,4.055976,170.63498077,168,04922-1-01,45 a 59,Mujeres,Quintil bajo,Centro,Trabajadores rutinarios,Motorizados privados,112.03,0,112.03,58.604980770000004,168,25.729999999999997,107.97001067,212.33027315
2738,50.49,33.81,12.25,71.44999999999999,3.117861,83.7668582280282,168,04940-1-01,60 o mas,Hombres,Quintil alto,Sur,Cuidadores domesticos,Motorizados privados,113.67,187.32394366197178,-73.65394366197178,157.42080188999998,168,46.06,73.65394366197181,217.26262132197184
2740,49.3,44.88,14.06,59.75999999999999,3.278564,161.6332052,168,04942-1-01,45 a 59,Hombres,Quintil bajo,Norte,Cuidadores domesticos,Motorizados privados,0,0,0,161.6332052,168,58.940000000000005,0,193.23856216000004
2744,32.15,68.41,13.92,53.519999999999996,2.089993,53.7261238928571,168,04950-1-02,60 o mas,Mujeres,Quintil medio,Centro,Rutina flexible,Motorizados privados,8.39,14.3571428571429,-5.9671428571429,59.69326675,168,82.33,13.4671510571429,185.53627474714295
2746,66.39,22.08,14.7,64.83,3.073353,118.17992643999999,168,04954-1-01,30 a 44,Mujeres,Quintil bajo,Centro,Trabajadores rutinarios,Motorizados privados,84.63999999999999,33,51.639999999999986,66.53992644,168,36.78,85.85997923000001,198.89790257000004
2750,57.11,40.03,15.75,55.11,3.004233,171.57174663,168,04963-1-02,45 a 59,Mujeres,Quintil bajo,Centro,Cuidadores domesticos,Motorizados privados,0,0,0,171.57174663,168,55.78,0,167.57611674000003
2751,26.89,60.77,15.97,64.37,2.788162,74.97367618,168,04963-1-03,18 a 29,Hombres,Quintil bajo,Centro,Rutina flexible,Motorizados privados,0,0,0,74.97367618,168,76.74000000000001,0,213.96355188
2754,60.59,25.73,11.03,70.64999999999999,2.955178,179.05423502000002,168,04969-1-02,45 a 59,Mujeres,Quintil alto,Centro,Cuidadores domesticos,Motorizados privados,0,0,0,179.05423502000002,168,36.76,0,108.63234327999999
2759,59.59,43.04,8.23,57.14,9.206586,283.86047468000004,168,04978-1-02,45 a 59,Mujeres,Quintil alto,Centro,Jovenes trabajadores,Motorizados privados,235.24,0,235.24,48.62047468,168,51.269999999999996,264.75998505999996,736.7816492799999
2765,66.43,25.01,6.83,69.72999999999999,3.081002,146.5637855428572,168,04987-1-03,30 a 44,Mujeres,Quintil alto,Sur,Cuidadores domesticos,Motorizados privados,59.75,42.8571428571428,16.892857142857203,129.6709284,168,31.840000000000003,58.1071773171428,156.2062809971428
2766,72.28,17.47,7.32,70.93,1.142007,52.22423956,168,04990-1-01,45 a 59,Hombres,Quintil bajo,Centro,Trabajadores rutinarios,Motorizados privados,44.68,0,44.68,7.544239559999999,168,24.79,30.320026400000003,58.63037992999999
2767,79.53,36.12,7.39,44.96,4.950381,227.63380528,168,04991-1-01,30 a 44,Mujeres,Quintil bajo,Norte,Trabajadores moviles,Motorizados privados,173.43,50,123.43,104.20380528,168,43.51,166.06999565,381.46107295999997
2768,52.14,37.08,9.54,69.24000000000001,2.815821,93.20691682,168,04993-1-01,60 o mas,Hombres,Quintil bajo,Centro,Trabajadores rutinarios,Motorizados privados,61.39,0,61.39,31.816916819999996,168,46.62,53.60999011999999,184.88356513999997
2772,55.99,29.31,7.02,75.67999999999999,2.228191,62.686431729999995,168,05001-1-03,18 a 29,Hombres,Quintil bajo,Centro,Trabajadores rutinarios,Motorizados privados,37.92999999999999,0,37.92999999999999,24.756431730000003,168,36.33,62.06998236,143.02016139
2773,67.97,34.26,7.5,58.27000000000001,16.907627,367.5514080499999,168,05003-1-01,60 o mas,Hombres,Quintil alto,Norte,Cuidadores domesticos,Motorizados privados,418.3399999999999,150,268.3399999999999,99.21140804999999,168,41.76,781.6599991400001,1487.72250266
2777,55.05,43.04,13.21,56.699999999999996,3.032345,166.93059225,168,05018-1-02,45 a 59,Mujeres,Quintil alto,Centro,Cuidadores domesticos,Motorizados privados,0,0,0,166.93059225,168,56.25,0,170.56940625000001
2781,54.08,56.68,6.29,50.95,6.981638,218.94699803999998,168,05025-1-01,18 a 29,Mujeres,Quintil bajo,Sur,Jovenes trabajadores,Motorizados privados,191.38,0,191.38,27.56699804,168,62.97,158.61998500000004,598.25372986
2785,5.51,75.38,13.16,73.95000000000002,3.425755,18.875910049999998,168,05032-1-01,60 o mas,Hombres,Quintil bajo,Sur,Rutina flexible,Motorizados privados,0,0,0,18.875910049999998,168,88.53999999999999,0,303.31634769999994
2789,66.68,37.66,6.96,56.699999999999996,3.582188,144.90026111999998,168,05045-2-01,45 a 59,Mujeres,Quintil bajo,Norte,Cuidadores domesticos,Motorizados privados,81.03999999999999,0,81.03999999999999,63.860261120000004,168,44.62,93.96003472000004,253.79726328000004
2793,85.13,27.23,7.28,48.36,2.96289,252.23082569999997,168,05054-1-01,18 a 29,Mujeres,Quintil bajo,Centro,Cuidadores domesticos,Motorizados privados,0,0,0,252.23082569999997,168,34.51,0,102.24933390000001
2799,22.58,47.18,8.83,89.41000000000001,3.131775,70.7154795,168,05062-1-03,18 a 29,Mujeres,Quintil bajo,Centro,Rutina flexible,Motorizados privados,0,0,0,70.7154795,168,56.01,0,175.41071775
2800,54.37,34.59,12.39,66.64999999999999,5.43629,154.79109241999998,168,05065-1-01,45 a 59,Mujeres,Quintil alto,Centro,Trabajadores moviles,Motorizados privados,109.22,0,109.22,45.57109242,168,46.980000000000004,140.77999488,396.17689908000006
2805,0.78,58.65,8.02,100.55,3.184641,2.4840199800000002,168,05073-1-03,18 a 29,Hombres,Quintil bajo,Centro,Rutina flexible,Motorizados privados,0,0,0,2.4840199800000002,168,66.67,0,212.32001547000002
2806,51.42,35.73,5.9,74.94999999999999,3.789364,104.39911846,168,05074-1-01,45 a 59,Mujeres,Quintil bajo,Sur,Trabajadores rutinarios,Motorizados privados,84.55,0,84.55,19.84911846,168,41.629999999999995,90.44997842,248.20120174000004
2807,50.18,35.35,7.37,75.1,3.307505,88.45062376,168,05074-1-02,60 o mas,Hombres,Quintil bajo,Sur,Trabajadores rutinarios,Motorizados privados,72.48,0,72.48,15.970623759999999,168,42.72,77.51997714,218.81659074000004
2811,55.27,43.87,7.41,61.44999999999999,8.087017,284.0194511,168,05082-1-01,30 a 44,Hombres,Quintil bajo,Sur,Trabajadores moviles,Motorizados privados,237.05,0,237.05,46.9694511,168,51.28,162.94997848999998,577.65221025
2817,50.68,42.31,9.45,65.55999999999999,6.323637,169.54191024,168,05096-1-01,60 o mas,Hombres,Quintil bajo,Norte,Rutina flexible,Motorizados privados,99.05999999999999,0,99.05999999999999,70.48191023999999,168,51.760000000000005,150.94001292000002,478.2514640400001
2818,49.47,28.28,14.25,76,3.668222,112.03693335,168,05096-1-02,45 a 59,Mujeres,Quintil bajo,Norte,Trabajadores rutinarios,Motorizados privados,45.57,0,45.57,66.46693334999999,168,42.53,69.43000899,225.43949065
2819,61.22,34.08,14.35,58.35,3.559755,48.534529780187,168,05098-1-01,60 o mas,Hombres,Quintil medio,Sur,Trabajadores rutinarios,Motorizados privados,123.34,125.233644859813,-1.8936448598129942,50.428174639999995,168,48.43,169.393671319813,341.79260596981305
2821,110.07,15.61,1.41,40.91000000000001,3.020458,332.46181206000006,168,05101-1-01,18 a 29,Mujeres,Quintil medio,Centro,Cuidadores domesticos,Motorizados privados,0,0,0,332.46181206000006,168,17.02,-5.684341886080802e-14,51.408195159999934
2840,24.93,39.47,17.01,86.58999999999999,3.548886,88.47372797999999,168,05145-1-01,60 o mas,Hombres,Quintil bajo,Centro,Rutina flexible,Motorizados privados,0,0,0,88.47372797999999,168,56.480000000000004,0,200.44108128000005
2843,60.03,38.09,10.99,58.88999999999999,13.538232,269.310321828139,168,05155-1-01,45 a 59,Hombres,Quintil alto,Centro,Trabajadores moviles,Motorizados privados,335.68,129.069767441861,206.61023255813902,62.70008926999999,168,49.080000000000005,543.389745131861,1207.8461716918614
2846,18.46,39.63,9.68,100.22999999999999,3.290983,60.751546180000005,168,05162-1-04,45 a 59,Mujeres,Quintil medio,Norte,Cuidadores domesticos,Motorizados privados,0,0,0,60.751546180000005,168,49.31,0,162.27837173000006
2855,15.29,42.1,8.81,101.80000000000001,3.213466,49.13389513999999,168,05180-1-04,18 a 29,Hombres,Quintil bajo,Norte,Rutina flexible,Motorizados privados,0,0,0,49.13389513999999,168,50.910000000000004,0,163.59755405999996
2856,7.56,36.36,7.17,116.91,3.393042,25.651397519999996,168,05180-1-05,18 a 29,Mujeres,Quintil bajo,Norte,Rutina flexible,Motorizados privados,0,0,0,25.651397519999996,168,43.53,0,147.69911826
2861,8.97,75.98,12.91,70.14,3.060597,27.453555090000002,168,05194-1-01,18 a 29,Mujeres,Quintil bajo,Centro,Rutina flexible,Motorizados privados,0,0,0,27.453555090000002,168,88.89,0,272.05646733
2862,69.48,39.94,7.78,50.8,3.99561,236.23501240000002,168,05197-1-02,30 a 44,Mujeres,Quintil medio,Norte,Cuidadores domesticos,Motorizados privados,58.620000000000005,0,58.620000000000005,177.6150124,168,47.72,41.37997039999999,232.05047960000002
2871,51.88,41.79,8,66.33000000000001,7.708809,131.16548203018897,168,05214-1-01,45 a 59,Hombres,Quintil alto,Centro,Trabajadores rutinarios,Motorizados privados,219.43999999999997,113.207547169811,106.23245283018898,24.9330292,168,49.79,268.76752888981105,652.5891289998109
2873,77.03,16.83,9.25,64.89,3.59978,203.041008,168,05218-1-02,30 a 44,Hombres,Quintil bajo,Centro,Trabajadores moviles,Motorizados privados,100.75,0,100.75,102.291008,168,26.08,74.2500454,168.1323078
2880,89.08,23.6,5.65,49.67,2.145354,91.95810596,168,05235-1-01,30 a 44,Hombres,Quintil bajo,Norte,Trabajadores moviles,Motorizados privados,75.85,0,75.85,16.10810596,168,29.25,99.15002836000001,161.90163286
2885,89.26,20.38,7.08,51.28,8.492753,391.38313122,168,05248-1-01,30 a 44,Mujeres,Quintil alto,Norte,Cuidadores domesticos,Motorizados privados,258.32,0,258.32,133.06313122,168,27.46,366.68000156000005,599.89099894
2888,52.39,37.48,11.71,66.41999999999999,3.083828,161.56174892,168,05252-1-02,45 a 59,Mujeres,Quintil medio,Centro,Cuidadores domesticos,Motorizados privados,0,0,0,161.56174892,168,49.19,0,151.69349932
2890,69.9,35.87,7.9,54.33,7.542249,295.2732219,168,05256-1-01,45 a 59,Hombres,Quintil alto,Norte,Cuidadores domesticos,Motorizados privados,218.07000000000002,0,218.07000000000002,77.2032219,168,43.769999999999996,231.92998319999998,562.05422193
2895,85.64,22.45,6.4,53.51,2.63044,104.11088128,168,05265-1-03,30 a 44,Hombres,Quintil medio,Norte,Trabajadores rutinarios,Motorizados privados,98.84,0,98.84,5.270881279999999,168,28.85,121.16000032000002,197.04819432000005
2902,72.06,27.32,5.79,62.830000000000005,4.266286,227.25860252,168,05278-1-01,45 a 59,Mujeres,Quintil bajo,Centro,Trabajadores moviles,Motorizados privados,144.83,0,144.83,82.42860252000001,168,33.11,80.16996663999998,221.42669609999996
2903,72.17,35.99,5.94,53.9,3.043192,219.62716663999998,168,05279-1-02,30 a 44,Mujeres,Quintil bajo,Sur,Cuidadores domesticos,Motorizados privados,0,0,0,219.62716663999998,168,41.93,0,127.60104056
2907,49.29,47.27,8.55,62.89,5.507593,130.2213901827103,168,05286-1-01,30 a 44,Mujeres,Quintil alto,Norte,Jovenes trabajadores,Motorizados privados,87.14,15.8878504672897,71.2521495327103,58.969240649999996,168,55.82000000000001,141.2478687872897,448.68171004728964
2908,74.29,24.01,6.44,63.25999999999999,5.069667,251.74559835000002,168,05288-1-01,30 a 44,Hombres,Quintil bajo,Centro,Trabajadores moviles,Motorizados privados,175.12,0,175.12,76.62559835,168,30.450000000000003,124.87996307999998,279.25132323
2912,59.36,47.76,8.84,52.040000000000006,4.776729,178.93663664000002,168,05297-1-01,30 a 44,Hombres,Quintil bajo,Centro,Jovenes trabajadores,Motorizados privados,145.39000000000001,0,145.39000000000001,33.546636639999996,168,56.599999999999994,104.60999679999998,374.97285819999985
2921,65.75,36.88,9.58,55.790000000000006,3.867845,127.228291879845,168,05307-1-01,45 a 59,Mujeres,Quintil medio,Norte,Cuidadores domesticos,Motorizados privados,87.84,39.922480620155,47.917519379845004,79.3107725,168,46.46,127.082516870155,306.78259557015497
2923,46.1,39.26,13.74,68.90000000000002,2.966583,136.7594763,168,05308-1-04,18 a 29,Mujeres,Quintil bajo,Norte,Cuidadores domesticos,Motorizados privados,0,0,0,136.7594763,168,53,0,157.22889899999993
2926,57.2,27.33,10.17,73.3,1.712664,76.59440000000001,168,05314-2-01,45 a 59,Hombres,Quintil bajo,Centro,Trabajadores rutinarios,Motorizados privados,53.63,0,53.63,22.964399999999998,168,37.5,21.369980799999993,85.5948808
2927,39.15,37.9,5.63,85.32,4.712907,110.59031019999999,168,05315-1-01,45 a 59,Hombres,Quintil bajo,Centro,Trabajadores rutinarios,Motorizados privados,86.08,35,51.08,59.51031019999999,168,43.53,73.91999885000003,279.0728405600001
2932,65.61,34.36,9.74,58.29,8.3513,232.29875668,168,05321-1-01,45 a 59,Mujeres,Quintil medio,Centro,Trabajadores rutinarios,Motorizados privados,284.37,100,184.37,47.92875668,168,44.1,315.63003632000004,683.92236632
2935,9.37,49.63,12.91,96.09,3.096304,29.012368479999996,168,05329-1-03,18 a 29,Mujeres,Quintil medio,Sur,Rutina flexible,Motorizados privados,0,0,0,29.012368479999996,168,62.540000000000006,0,193.64285216
2938,76.57,27.83,8.29,55.31000000000001,3.061623,153.83846408,168,05333-1-01,45 a 59,Mujeres,Quintil medio,Centro,Cuidadores domesticos,Motorizados privados,69.41,0,69.41,84.42846408000001,168,36.12,80.59000902999998,191.17583179000002
2940,68.22,20.74,20.45,58.59,2.918566,128.4184535889922,168,05334-1-02,60 o mas,Mujeres,Quintil medio,Centro,Cuidadores domesticos,Motorizados privados,43.81,94.49612403100781,-50.68612403100781,179.10457762000001,168,41.19,70.6861189310078,190.9018524710078
2944,54.3,37.03,9.72,66.95,2.430381,87.5696814,168,05339-1-01,45 a 59,Mujeres,Quintil bajo,Centro,Trabajadores rutinarios,Motorizados privados,68.85,0,68.85,18.7196814,168,46.75,44.40000690000001,158.02031865000004
2954,49.16,24.03,12.17,82.64,4.132932,83.77493971999999,168,05361-1-02,45 a 59,Hombres,Quintil bajo,Centro,Trabajadores rutinarios,Motorizados privados,80.6,0,80.6,3.1749397199999994,168,36.2,119.39999740000002,269.0121358
2956,3.74,76.88,9.48,77.89999999999999,3.147631,11.77213994,168,05362-1-02,60 o mas,Mujeres,Quintil alto,Centro,Rutina flexible,Motorizados privados,0,0,0,11.77213994,168,86.36,0,271.82941316000006
2961,38.59,66.25,4.02,59.14,3.963398,114.06206651454539,168,05369-1-02,30 a 44,Mujeres,Quintil bajo,Norte,Rutina flexible,Motorizados privados,66.91,10.7954545454546,56.11454545454539,57.94752106,168,70.27,38.88546230545464,317.3934397654546
2965,60.92,43.75,4.28,59.05,13.372959,349.73068612000003,168,05373-1-01,60 o mas,Mujeres,Quintil alto,Norte,Jovenes trabajadores,Motorizados privados,285.05,0,285.05,64.68068612,168,48.03,464.94997615999995,1107.25319693
2966,50.75,45.18,15.92,56.14999999999999,2.961249,39.992921633721025,168,05374-1-02,60 o mas,Mujeres,Quintil alto,Sur,Cuidadores domesticos,Motorizados privados,76.07000000000001,186.360465116279,-110.29046511627898,150.28338675,168,61.1,110.29046511627898,291.222779016279
2967,80.63,19.1,6.7,61.57000000000001,3.072906,247.76841078,168,05376-1-01,30 a 44,Mujeres,Quintil bajo,Centro,Cuidadores domesticos,Motorizados privados,0,0,0,247.76841078,168,25.8,0,79.28097479999997
2969,34.69,53.38,10.44,69.49000000000001,3.426422,118.86257918,168,05384-1-01,60 o mas,Hombres,Quintil bajo,Centro,Rutina flexible,Motorizados privados,0,0,0,118.86257918,168,63.82,0,218.67425203999994
2970,58.97,40.53,8.8,59.7,3.056441,180.23832577,168,05388-1-02,60 o mas,Mujeres,Quintil bajo,Centro,Cuidadores domesticos,Motorizados privados,0,0,0,180.23832577,168,49.33,0,150.77423452999997
2976,75.51,27.59,7.48,57.41999999999999,2.972591,224.46034640999997,168,05406-1-02,30 a 44,Mujeres,Quintil bajo,Norte,Cuidadores domesticos,Motorizados privados,0,0,0,224.46034640999997,168,35.07,5.684341886080802e-14,104.24876637000008
2978,51.53,38.41,17.08,60.980000000000004,2.810698,125.80527333,168,05414-1-01,30 a 44,Hombres,Quintil bajo,Centro,Trabajadores moviles,Motorizados privados,105.97,0,105.97,19.835273330000003,168,55.489999999999995,19.02999460999999,174.99562662999998
2983,69.05,29.87,9.3,59.78,2.558565,176.24893179999998,168,05420-1-01,30 a 44,Mujeres,Quintil bajo,Centro,Trabajadores rutinarios,Motorizados privados,99.57999999999998,0,99.57999999999998,76.66893180000001,168,39.17,0.41998145000002296,100.63897250000002
2985,66.8,18.05,12.97,70.18,4.592727,155.96417960000002,168,05421-1-01,45 a 59,Mujeres,Quintil bajo,Centro,Trabajadores rutinarios,Motorizados privados,99.17000000000002,0,99.17000000000002,56.79417960000001,168,31.020000000000003,150.82998399999997,293.29637553999993
2987,65.84,47.29,6.57,48.3,5.920143,237.62222368,168,05432-1-01,30 a 44,Hombres,Quintil alto,Norte,Trabajadores moviles,Motorizados privados,172.83999999999997,0,172.83999999999997,64.78222368,168,53.86,152.15999144000006,471.0188934200001
2988,81.39,34.87,4.09,47.650000000000006,6.10888,321.63178132999997,168,05432-1-02,30 a 44,Mujeres,Quintil alto,Norte,Cuidadores domesticos,Motorizados privados,199.43,0,199.43,122.20178132999999,168,38.959999999999994,175.56996187000004,413.57192667000004
2993,76.3,35.29,5.21,51.2,4.039308,208.14915589999998,168,05440-1-02,30 a 44,Mujeres,Quintil bajo,Centro,Cuidadores domesticos,Motorizados privados,99.95,0,99.95,108.1991559,168,40.5,100.05004450000001,263.6420185
2996,78.18,9.23,9.06,71.52999999999999,1.81097,126.87160873999999,168,05442-1-01,60 o mas,Hombres,Quintil bajo,Centro,Cuidadores domesticos,Motorizados privados,67.78999999999999,37.5,30.289999999999992,96.58160874,168,18.29,14.710025860000016,47.83266716000004
2998,53.26,27.04,7.37,80.33000000000001,3.070305,163.5244443,168,05446-1-02,45 a 59,Mujeres,Quintil alto,Norte,Cuidadores domesticos,Motorizados privados,0,0,0,163.5244443,168,34.41,0,105.64919504999997
3004,59.97,10.89,20.01,77.13,2.918677,175.03305969000002,168,05455-1-01,30 a 44,Mujeres,Quintil bajo,Sur,Cuidadores domesticos,Motorizados privados,0,0,0,175.03305969000002,168,30.900000000000002,0,90.1871193
3007,70.66,22.2,6.44,68.7,2.08743,42.6350490272727,168,05457-1-01,45 a 59,Hombres,Quintil bajo,Centro,Trabajadores rutinarios,Motorizados privados,102.41,119.7727272727273,-17.362727272727298,59.9977763,168,28.64,104.86275477272729,164.64674997272726
3013,28.56,65.13,5.84,68.47,4.157953,89.85115968,168,05465-1-01,45 a 59,Hombres,Quintil bajo,Centro,Rutina flexible,Motorizados privados,21.099999999999998,0,21.099999999999998,68.75115968,168,70.97,28.899978000000004,323.98990241
3015,68.94,32.68,12.41,53.97,4.971446,169.13148084,168,05473-1-01,60 o mas,Hombres,Quintil medio,Centro,Trabajadores rutinarios,Motorizados privados,126.4,0,126.4,42.73148084,168,45.09,173.60000639999998,397.76250654
3016,71.47,31.95,13.81,50.769999999999996,3.368153,139.45190287999998,168,05473-1-02,60 o mas,Mujeres,Quintil medio,Centro,Cuidadores domesticos,Motorizados privados,73.73,0,73.73,65.72190287999999,168,45.76,101.26999203000003,255.39667331000004
3021,46.05,50.66,9.81,61.480000000000004,3.034908,139.7575134,168,05483-1-01,30 a 44,Mujeres,Quintil alto,Norte,Cuidadores domesticos,Motorizados privados,0,0,0,139.7575134,168,60.47,0,183.52088676
3022,56.05,45.43,4.6,61.92000000000001,4.888392,174.87436935,168,05487-1-01,30 a 44,Hombres,Quintil medio,Sur,Jovenes trabajadores,Motorizados privados,150.88,0,150.88,23.994369350000003,168,50.03,99.12000224999997,343.6862540099999
3023,51.34,55.69,10.81,50.16,5.647261,37.433920423835616,168,05490-1-01,60 o mas,Mujeres,Quintil alto,Norte,Rutina flexible,Motorizados privados,145.62,210.6164383561644,-64.99643835616439,102.43035878,168,66.5,252.49645931616442,628.0393158161644
3024,67.45,30.19,4.89,65.47,5.493355,231.28678724999997,168,05491-1-01,30 a 44,Hombres,Quintil bajo,Centro,Trabajadores rutinarios,Motorizados privados,160.76,0,160.76,70.52678725,168,35.08,139.24000750000005,331.94690090000006
3025,84.82,22.95,5.87,54.36000000000001,1.34874,113.66015078,168,05492-1-01,30 a 44,Mujeres,Quintil bajo,Norte,Cuidadores domesticos,Motorizados privados,6.760000000000001,0,6.760000000000001,106.90015077999999,168,28.82,0.7399760200000003,39.61066282
3027,58.74,33.36,9.38,66.52,3.906025,138.72987982,168,05498-1-01,30 a 44,Mujeres,Quintil bajo,Centro,Trabajadores rutinarios,Motorizados privados,141.79,45,96.78999999999999,41.93987982,168,42.74,90.71002868,257.65353718
3028,50.77,19.71,14.24,83.27999999999999,4.624599,157.11856639882353,168,05499-1-03,45 a 59,Mujeres,Quintil medio,Centro,Cuidadores domesticos,Motorizados privados,78.21000000000001,55.8823529411765,22.32764705882351,134.79091934000002,168,33.95,77.67232483117647,234.6774608811765
3032,2.73,66.91,6.28,92.08000000000001,2.981608,8.13978984,168,05505-1-02,18 a 29,Mujeres,Quintil medio,Sur,Rutina flexible,Motorizados privados,0,0,0,8.13978984,168,73.19,0,218.22388951999997
3034,30.68,21.27,13.15,102.89999999999999,3.074689,94.33145852,168,05508-1-02,45 a 59,Mujeres,Quintil alto,Sur,Cuidadores domesticos,Motorizados privados,0,0,0,94.33145852,168,34.42,0,105.83079538000003
3039,57.57,48.08,4.62,57.73000000000001,4.186234,216.90150918,168,05516-1-01,30 a 44,Mujeres,Quintil bajo,Centro,Cuidadores domesticos,Motorizados privados,75.89999999999999,0,75.89999999999999,141.00150918,168.00000000000003,52.699999999999996,24.09998219999997,244.7145139999999
3045,60.56,51.37,6.3,49.77,2.808263,75.3067470933333,168,05521-2-01,60 o mas,Hombres,Quintil bajo,Norte,Rutina flexible,Motorizados privados,87.53,112.2916666666667,-24.7616666666667,100.06841376,168,57.669999999999995,94.76166018666673,256.7141873966667
3049,56.36,33.07,9.22,69.35,3.284781,117.48024132,168,05523-1-04,18 a 29,Hombres,Quintil bajo,Norte,Trabajadores rutinarios,Motorizados privados,44.85,0,44.85,72.63024132,168,42.29,67.65001584000001,206.56340433000003
3051,62.46,27.43,8.37,69.73999999999998,12.755042,391.41994552,168,05528-1-01,45 a 59,Hombres,Quintil alto,Norte,Trabajadores moviles,Motorizados privados,344.74,0,344.74,46.67994552,168,35.8,405.25997779999994,861.8904814000002
3052,64.91,41.36,7.07,54.660000000000004,2.686098,127.0646021,168,05528-1-02,30 a 44,Mujeres,Quintil alto,Norte,Cuidadores domesticos,Motorizados privados,40.21,0,40.21,86.8546021,168,48.43,47.29001907999998,177.37774522
3053,63.26,32.23,13.8,58.71000000000002,8.046136,238.7184949929207,168,05529-1-01,45 a 59,Mujeres,Quintil alto,Sur,Trabajadores rutinarios,Motorizados privados,244.13000000000002,64.4100580270793,179.7199419729207,58.99855302000001,168,46.03,270.28006836707937,640.6437084470792
3054,67.38,35.37,4.54,60.71,2.231527,124.46196768666671,168,05530-1-02,30 a 44,Hombres,Quintil bajo,Sur,Trabajadores moviles,Motorizados privados,73.06,23.9583333333333,49.1016666666667,75.36030102000001,168,39.91,25.898321573333263,114.95856414333325
3057,77.91,14.91,9.38,65.80000000000001,2.173512,105.22830158,168,05533-1-01,60 o mas,Hombres,Quintil medio,Centro,Trabajadores rutinarios,Motorizados privados,45.89,0,45.89,59.33830158,168,24.29,64.11001834000001,116.90462481999998
3058,52.41,27.23,8.95,79.41,4.536028,112.87321309000001,168,05535-1-01,45 a 59,Hombres,Quintil bajo,Norte,Trabajadores rutinarios,Motorizados privados,75.14,0,75.14,37.73321309,168,36.18,124.86001438999998,288.97350743000004
3061,60.79,22.5,6.24,78.47000000000001,3.254977,139.0200693,168,05538-1-01,60 o mas,Hombres,Quintil bajo,Centro,Trabajadores rutinarios,Motorizados privados,91.14999999999999,0,91.14999999999999,47.8700693,168,28.740000000000002,58.849982530000005,152.39802150999992
3067,39.65,41.81,21,65.53999999999999,6.54664,198.7442678,168,05550-1-02,30 a 44,Hombres,Quintil bajo,Sur,Rutina flexible,Motorizados privados,89.17,0,89.17,109.57426779999999,168,62.81,60.83000820000001,472.0244666000001
3073,43.42,59.52,3.78,61.28,3.982461,98.65843834,168,05562-1-01,18 a 29,Mujeres,Quintil bajo,Centro,Jovenes trabajadores,Motorizados privados,163.24,75,88.24000000000001,10.41843834,168,63.300000000000004,74.26001828,326.34979957999997
3079,78.73,34.26,7.41,47.599999999999994,3.196411,251.65343803000002,168,05575-1-02,45 a 59,Mujeres,Quintil bajo,Norte,Cuidadores domesticos,Motorizados privados,0,0,0,251.65343803000002,168,41.67,0,133.19444636999998
3081,66.69,28.2,15.02,58.09,3.141918,209.53451142,168,05589-1-02,45 a 59,Mujeres,Quintil bajo,Centro,Cuidadores domesticos,Motorizados privados,0,0,0,209.53451142,168,43.22,0,135.79369595999998
3083,56.61,38.15,10.41,62.83000000000001,5.124002,153.2321230021965,168,05591-1-01,30 a 44,Hombres,Quintil medio,Centro,Trabajadores rutinarios,Motorizados privados,152.83,52.1676300578035,100.6623699421965,52.56975306,168,48.56,136.8376302178035,385.65916733780347
3086,72.68,30.52,9.85,54.949999999999996,4.392919,202.98735276000002,168,05595-1-01,30 a 44,Hombres,Quintil medio,Centro,Trabajadores moviles,Motorizados privados,133.71,0,133.71,69.27735276,168,40.37,116.29000016000003,293.63214019000003
3087,90.99,11.68,6.41,58.920000000000016,2.985282,271.63080918000003,168,05597-1-01,30 a 44,Mujeres,Quintil bajo,Centro,Cuidadores domesticos,Motorizados privados,0,0,0,271.63080918000003,168,18.09,0,54.003751379999926
3089,49.24,48.76,14.38,55.62,15.844301,29.23502346697698,168,05600-1-03,30 a 44,Hombres,Quintil alto,Sur,Jovenes trabajadores,Motorizados privados,452.54999999999995,453.488372093023,-0.9383720930230197,30.17339556,168,63.14,750.9383577730231,1751.3475229130229
3090,68.37,32.2,6.02,61.41,8.178589,349.74015577000006,168,05601-1-01,45 a 59,Hombres,Quintil alto,Centro,Trabajadores moviles,Motorizados privados,290.57000000000005,0,290.57000000000005,59.17015577,168,38.22,209.42997415999997,522.0156457400001
3096,70.5,24.25,11.59,61.66,4.461302,201.1418025,168,05613-1-01,30 a 44,Mujeres,Quintil medio,Centro,Trabajadores moviles,Motorizados privados,136.62,0,136.62,64.5218025,168,35.84,113.3799885,273.27305218000004
3098,27.01,49.62,26.58,64.79,2.987316,80.68740516,168,05615-1-01,18 a 29,Mujeres,Quintil bajo,Norte,Rutina flexible,Motorizados privados,0,0,0,80.68740516,168,76.19999999999999,0,227.63347919999998
3106,71.92,22.92,8.65,64.50999999999999,7.733058,344.46156564,168,05641-1-01,30 a 44,Mujeres,Quintil alto,Sur,Cuidadores domesticos,Motorizados privados,263.3,0,263.3,81.16156564,168,31.57,211.69996572000002,455.83260678
3108,45.17,57.19,9.97,55.67,16.964137,460.35006755000006,168,05642-1-01,45 a 59,Hombres,Quintil alto,Sur,Jovenes trabajadores,Motorizados privados,444.08000000000004,0,444.08000000000004,16.27006755,168,67.16,305.92000074,1445.2314416600002
3109,46.15,36.16,12.02,73.67,7.620048,170.728835213636,168,05648-1-01,45 a 59,Hombres,Quintil alto,Centro,Cuidadores domesticos,Motorizados privados,182.7,113.636363636364,69.063636363636,101.66519885,168,48.17999999999999,180.936379986364,548.070292626364
3115,58.78,28.65,17.49,63.08,2.890203,158.5918885257143,168,05661-1-01,30 a 44,Hombres,Quintil bajo,Sur,Cuidadores domesticos,Motorizados privados,60.67,6.96428571428571,53.70571428571429,104.88617424000002,168,46.14,11.294243814285721,144.64821023428573
3128,51.34,40.26,13.08,63.32000000000001,6.570316,159.77003072000002,168,05684-1-02,45 a 59,Mujeres,Quintil medio,Norte,Trabajadores rutinarios,Motorizados privados,122.45000000000002,0,122.45000000000002,37.32003072,168,53.339999999999996,177.54999271999998,528.01064816
3129,45.83,44.28,6.34,71.55,4.752398,99.43241221,168,05684-1-03,18 a 29,Hombres,Quintil medio,Norte,Trabajadores moviles,Motorizados privados,81.63,0,81.63,17.80241221,168,50.620000000000005,118.36998813000002,358.93637489
3138,63.68,32.84,6.92,64.55999999999999,6.643441,256.5743392,168,05691-1-01,18 a 29,Mujeres,Quintil medio,Sur,Trabajadores rutinarios,Motorizados privados,208.51999999999998,0,208.51999999999998,48.0543392,168,39.760000000000005,166.47998368000003,430.62319784000005
3153,63.26,33.93,7.48,63.33,4.154423,201.16882476,168,05710-1-01,45 a 59,Mujeres,Quintil bajo,Centro,Cuidadores domesticos,Motorizados privados,63.35999999999999,0,63.35999999999999,137.80882476000002,168,41.41,61.63997422,233.67463065000004
3155,25.73,64.23,14,64.04,3.161079,81.33456267,168,05712-1-02,30 a 44,Mujeres,Quintil bajo,Centro,Rutina flexible,Motorizados privados,0,0,0,81.33456267,168,78.23,0,247.29121016999997
3158,82.66,40.76,13.56,31.020000000000003,4.183342,252.6650094,168,05721-1-01,30 a 44,Mujeres,Quintil bajo,Centro,Cuidadores domesticos,Motorizados privados,119.37,0,119.37,133.2950094,168,54.32,93.13004031999995,320.36917775999984
3166,53.66,18.63,13.89,81.82000000000001,3.073717,20.285654219999998,168,05733-1-01,60 o mas,Mujeres,Quintil bajo,Sur,Cuidadores domesticos,Motorizados privados,80.35000000000001,225,-144.64999999999998,164.93565421999998,168,32.519999999999996,144.64999999999998,244.60727683999997
3167,58.72,44.05,9.79,55.440000000000005,2.896421,101.7078146,168,05736-1-01,60 o mas,Hombres,Quintil bajo,Centro,Jovenes trabajadores,Motorizados privados,56.63,0,56.63,45.0778146,168,53.839999999999996,68.37002652000001,224.31333316
3168,44.15,35.26,9.12,79.47,3.062688,135.2176752,168,05738-1-01,45 a 59,Mujeres,Quintil bajo,Norte,Cuidadores domesticos,Motorizados privados,0,0,0,135.2176752,168,44.379999999999995,0,135.92209344
3169,24.87,62.18,9.09,71.85999999999999,3.077523,76.53799701,168,05742-1-01,45 a 59,Mujeres,Quintil bajo,Centro,Rutina flexible,Motorizados privados,0,0,0,76.53799701,168,71.27,0,219.33506421
3178,30.05,51.97,8.86,77.11999999999999,3.036177,91.23711884999999,168,05762-1-02,60 o mas,Hombres,Quintil bajo,Sur,Rutina flexible,Motorizados privados,0,0,0,91.23711884999999,168,60.83,1.4210854715202004e-14,184.69064691
3180,52.1,50.8,15.46,49.64000000000001,12.469794,363.286245,168,05766-1-01,30 a 44,Hombres,Quintil alto,Centro,Jovenes trabajadores,Motorizados privados,426.11,87.5,338.61,24.676244999999998,168.00000000000003,66.25999999999999,286.3900224,1112.6385728399998
3183,58.63,46.72,7.23,55.42,9.273276,267.36215081,168,05770-1-01,30 a 44,Mujeres,Quintil medio,Norte,Jovenes trabajadores,Motorizados privados,223.67,0,223.67,43.69215081,168,53.95,276.33002106999993,776.6232612699998
3187,7.18,49.58,7.85,103.39,3.086025,22.157659499999998,168,05776-1-03,18 a 29,Mujeres,Quintil bajo,Sur,Rutina flexible,Motorizados privados,0,0,0,22.157659499999998,168,57.43,0,177.23041575
3189,89.87,19.53,9.42,49.17999999999999,3.814918,230.19670775000003,168,05780-1-01,30 a 44,Hombres,Quintil medio,Sur,Trabajadores moviles,Motorizados privados,212.35000000000002,0,212.35000000000002,17.84670775,168,28.950000000000003,112.64997290999997,223.09184900999998
3192,30.82,32.91,9.22,95.05000000000001,3.664084,19.31705978,168,05785-1-01,45 a 59,Mujeres,Quintil bajo,Centro,Trabajadores rutinarios,Motorizados privados,71.39,90,-18.61,37.92705978,168,42.129999999999995,93.61000909999998,247.97786801999993
3194,57.69,29.18,6.69,74.44,3.072126,177.23094894,168,05787-1-02,30 a 44,Mujeres,Quintil bajo,Norte,Cuidadores domesticos,Motorizados privados,0,0,0,177.23094894,168,35.87,0,110.19715962000001
3195,82.98,27.83,6.42,50.769999999999996,4.511033,252.32547907999998,168,05788-1-01,30 a 44,Hombres,Quintil medio,Centro,Trabajadores moviles,Motorizados privados,127.99999999999999,0,127.99999999999999,124.32547907999998,168,34.25,122.00003926000005,276.50291951
3206,74.12,16.89,16.9,60.089999999999996,2.806015,163.64185759999998,168,05802-1-01,30 a 44,Hombres,Quintil bajo,Sur,Trabajadores rutinarios,Motorizados privados,75.66000000000001,0,75.66000000000001,87.98185759999998,168,33.79,44.33997420000003,139.15522105000002
3213,31.81,65.99,6.97,63.230000000000004,3.066252,97.53747612,168,05812-1-02,30 a 44,Mujeres,Quintil bajo,Centro,Rutina flexible,Motorizados privados,0,0,0,97.53747612,168,72.96,0,223.71374591999995
3214,42.9,31.85,13.59,79.66,2.904769,124.61459009999999,168,05813-1-02,18 a 29,Mujeres,Quintil bajo,Centro,Cuidadores domesticos,Motorizados privados,0,0,0,124.61459009999999,168,45.44,0,131.99270336
3216,69.45,45.82,4.99,47.739999999999995,5.351474,52.745991310975995,168,05817-1-02,30 a 44,Mujeres,Quintil alto,Centro,Jovenes trabajadores,Motorizados privados,171.32999999999998,190.243902439024,-18.913902439024014,71.65989375000001,168,50.81,318.91387798902394,590.8222719290239
3218,53.05,56.97,6.42,51.56,1.887258,80.468599878866,168,05819-1-03,30 a 44,Mujeres,Quintil medio,Norte,Rutina flexible,Motorizados privados,11.780000000000001,18.930412371134,-7.150412371133999,87.61901225,168,63.39,19.650437021133996,139.283721641134
3228,30.28,48.54,15.67,73.51,3.001543,90.88672204,168,05835-1-02,45 a 59,Mujeres,Quintil bajo,Norte,Rutina flexible,Motorizados privados,0,0,0,90.88672204,168,64.21,0,192.72907603
3243,70.29,23.23,7.89,66.58999999999999,2.596004,121.202833520297,168,05853-1-02,30 a 44,Hombres,Quintil bajo,Centro,Trabajadores rutinarios,Motorizados privados,91.69999999999999,2.97029702970297,88.72970297029701,32.47313054999999,168,31.12,61.27028763970303,142.05793211970303
3250,57.88,24.16,12.14,73.82000000000001,11.508199,383.30454376,168,05863-1-02,30 a 44,Mujeres,Quintil alto,Sur,Trabajadores rutinarios,Motorizados privados,342.21,0,342.21,41.09454376,168,36.3,282.79001436,700.53763806
3251,60.35,26.7,14.98,65.97,5.836872,203.3352466,168,05864-1-01,30 a 44,Hombres,Quintil medio,Norte,Trabajadores rutinarios,Motorizados privados,138.58,0,138.58,64.7552466,168,41.68,148.91997859999998,392.20080355999994
3252,78.61,13.46,10.62,65.31,5.187178,258.84408823,168,05864-1-02,30 a 44,Mujeres,Quintil medio,Norte,Cuidadores domesticos,Motorizados privados,138.58,0,138.58,120.26408823,168,24.08,148.91997435000002,273.82722059
3254,58.33,30.11,8.21,71.35,9.276064,237.31280923,168,05867-1-02,45 a 59,Mujeres,Quintil alto,Centro,Trabajadores rutinarios,Motorizados privados,196.24,0,196.24,41.07280923,168,38.32,303.76000389,659.2187763700001
3263,52.85,55.08,10.54,49.53000000000001,1.57673,20.550180100000006,168,05883-1-03,60 o mas,Mujeres,Quintil medio,Norte,Jovenes trabajadores,Motorizados privados,62.220000000000006,75,-12.779999999999994,33.3301801,168,65.62,62.78000039999999,166.24502299999997
3266,64.36,29.83,9.49,64.32000000000001,3.799003,129.8038012,168,05888-1-01,45 a 59,Hombres,Quintil bajo,Norte,Trabajadores rutinarios,Motorizados privados,97.8,0,97.8,32.0038012,168,39.32,114.70003187999998,264.07682983999996
3268,75.15,18.64,11.38,62.82999999999999,2.862507,126.12914740588232,168,05890-1-03,30 a 44,Mujeres,Quintil alto,Sur,Cuidadores domesticos,Motorizados privados,69.10000000000001,95.5882352941177,-26.488235294117686,152.6173827,168,30.020000000000003,88.98825364411769,174.92071378411774
3269,55.32,42.19,6.56,63.93000000000001,3.296387,84.36453814656491,168,05892-1-02,18 a 29,Hombres,Quintil medio,Centro,Trabajadores rutinarios,Motorizados privados,100.10000000000001,48.0916030534351,52.00839694656491,32.3561412,168,48.75,97.99159069343509,258.69045694343504
3271,65.04,34.26,5.47,63.22999999999999,2.547308,151.7245501476923,168,05898-1-02,60 o mas,Mujeres,Quintil bajo,Centro,Cuidadores domesticos,Motorizados privados,18.74,32.69230769230769,-13.952307692307695,165.67685784,168,39.73,13.952362172307716,115.15690901230772
3277,61.47,29.52,9.11,67.9,3.922467,184.41406342999997,168,05903-1-01,18 a 29,Hombres,Quintil bajo,Sur,Trabajadores rutinarios,Motorizados privados,143.29999999999998,0,143.29999999999998,41.114063429999995,168,38.629999999999995,56.69998306000002,208.22488327000005
3278,49.61,37.55,15.75,65.09,20.749054,464.66057771,168,05904-1-01,45 a 59,Hombres,Quintil alto,Centro,Trabajadores moviles,Motorizados privados,435.3,0,435.3,29.360577709999998,168,53.3,564.6999912300001,1670.62456943
3279,99.9,10.5,6.94,50.66,5.776565,263.2288328000001,168,05905-1-01,30 a 44,Mujeres,Quintil medio,Centro,Cuidadores domesticos,Motorizados privados,311.15000000000003,200,111.15000000000003,152.07883280000001,168,17.44,313.8500107,414.5933042999999
3280,86.08,24.65,19.11,38.160000000000004,1.891829,140.47863296,168,05908-1-02,18 a 29,Mujeres,Quintil bajo,Norte,Cuidadores domesticos,Motorizados privados,65.13000000000001,37.5,27.63000000000001,112.84863295999999,167.99999999999997,43.76,22.37000735999999,105.1564444
3281,77.56,24.35,6.96,59.13,4.350928,250.29794527999996,168,05911-1-01,30 a 44,Mujeres,Quintil alto,Sur,Trabajadores moviles,Motorizados privados,137.83999999999997,0,137.83999999999997,112.45794528,168,31.310000000000002,87.16003040000004,223.38758608
3282,57.18,27.19,11.58,72.05,8.772672,327.30138166,168,05911-1-02,30 a 44,Hombres,Quintil alto,Sur,Trabajadores rutinarios,Motorizados privados,275.68,0,275.68,51.62138166,168,38.77,174.3200033,514.4364967399999
3287,58.44,48.79,7.14,53.63,2.793811,77.01032084,168,05918-1-03,30 a 44,Hombres,Quintil alto,Sur,Jovenes trabajadores,Motorizados privados,87.74000000000001,24,63.74000000000001,13.270320840000002,168,55.93,86.25999399999996,242.51784322999998
3288,59.15,46.27,10.33,52.24999999999999,6.048442,185.21534305,168,05918-1-04,30 a 44,Mujeres,Quintil alto,Sur,Jovenes trabajadores,Motorizados privados,175.45,48,127.44999999999999,57.76534305,168,56.6,172.55000124999998,514.89181845
3294,74.66,35.03,11.96,46.35,5.666439,237.15633028,168,05925-1-01,30 a 44,Hombres,Quintil alto,Centro,Trabajadores moviles,Motorizados privados,189.1,0,189.1,48.056330280000005,168,46.99,185.90000545999996,452.16597406999995
3298,57.64,53.57,6.73,50.06,2.419093,106.61653048,168,05932-1-01,18 a 29,Hombres,Quintil bajo,Centro,Jovenes trabajadores,Motorizados privados,77.17999999999999,0,77.17999999999999,29.436530480000002,168,60.3,32.81999004000002,178.69129794000003
3299,59.77,24.14,5.96,78.13,2.409354,111.18710808,168,05932-1-02,18 a 29,Mujeres,Quintil bajo,Centro,Trabajadores rutinarios,Motorizados privados,77.17999999999999,0,77.17999999999999,34.00710808,168,30.1,32.819980500000014,105.3415359
3301,49.38,41.17,14.52,62.93000000000001,13.211518,116.32123029290301,168,05934-1-01,45 a 59,Mujeres,Quintil alto,Norte,Trabajadores rutinarios,Motorizados privados,300.63,211.693548387097,88.936451612903,27.384778680000004,168,55.69,536.063528547097,1271.812965967097
3303,55.07,44.78,7.88,60.27,12.199703,210.12007311018903,168,05938-1-02,45 a 59,Hombres,Quintil alto,Centro,Trabajadores moviles,Motorizados privados,276.49,113.207547169811,163.28245283018902,46.83762028,168,52.660000000000004,461.717571099811,1104.153931079811
3304,47.27,36.27,11.77,72.68999999999998,3.026087,143.04313249,168,05939-1-02,45 a 59,Mujeres,Quintil bajo,Norte,Cuidadores domesticos,Motorizados privados,0,0,0,143.04313249,168,48.040000000000006,0,145.37321948000005
3306,50.07,41.57,7.39,68.97000000000001,4.14559,117.7446861,168,05945-1-01,45 a 59,Mujeres,Quintil bajo,Norte,Cuidadores domesticos,Motorizados privados,75.8,40.625,35.175,82.5696861,168,48.96,89.82500520000002,292.7930916
3310,60.54,24.27,9.86,73.33000000000001,2.361205,4.3173600200000095,168,05950-1-01,60 o mas,Mujeres,Quintil bajo,Centro,Cuidadores domesticos,Motorizados privados,61.37,150,-88.63,92.94736002,168,34.129999999999995,138.62999068,219.21791732999998
3313,61.94,21.87,13.89,70.3,2.740837,133.92741784,168,05954-1-01,45 a 59,Hombres,Quintil bajo,Centro,Trabajadores moviles,Motorizados privados,89.16,0,89.16,44.76741784,168,35.760000000000005,35.840025939999975,133.85235706
3314,48.85,32.65,7.98,78.52,3.019278,147.49173029999997,168,05954-1-02,30 a 44,Mujeres,Quintil bajo,Centro,Cuidadores domesticos,Motorizados privados,0,0,0,147.49173029999997,168,40.629999999999995,2.842170943040401e-14,122.67326514000001
3315,62.66,31.54,11.75,62.05000000000001,8.593279,282.03483862,168,05955-1-01,30 a 44,Hombres,Quintil alto,Centro,Trabajadores rutinarios,Motorizados privados,243.58,0,243.58,38.454838620000004,168,43.29,256.42002352000003,628.4230714299999
3317,23.74,59.75,5.95,78.55999999999999,3.320405,34.2364147,168,05963-1-01,60 o mas,Hombres,Quintil bajo,Centro,Rutina flexible,Motorizados privados,52.91,97.5,-44.59,78.8264147,168,65.7,44.59,262.7406085
3318,72.24,24.34,8.93,62.49,3.07001,134.9775488,168,05964-1-01,18 a 29,Hombres,Quintil medio,Centro,Trabajadores moviles,Motorizados privados,131.95,68.75,63.19999999999999,71.7775488,168,33.269999999999996,86.79997359999999,188.9392063
3319,85.6,23.12,3.09,56.19,4.375853,287.7730304,168,05964-1-02,30 a 44,Mujeres,Quintil medio,Centro,Cuidadores domesticos,Motorizados privados,131.95,68.75,63.19999999999999,224.5730304,168,26.21,86.79998640000002,201.49109353000006
3320,91.62,10.63,9.63,56.12,3.550042,228.81484894,168,05965-1-02,45 a 59,Mujeres,Quintil medio,Centro,Cuidadores domesticos,Motorizados privados,103.56,0,103.56,125.25484893999999,168,20.26,96.43999910000002,168.36385001999997
3324,40.94,45.09,10.48,71.49,8.618848,167.45562035999998,168,05973-1-01,30 a 44,Hombres,Quintil alto,Centro,Trabajadores rutinarios,Motorizados privados,164.6,0,164.6,2.85562036,168,55.57000000000001,185.40001676,664.34940012
3325,54.07,58.48,8.08,47.37000000000001,3.052632,165.05581224,168,05973-1-04,18 a 29,Mujeres,Quintil alto,Centro,Cuidadores domesticos,Motorizados privados,0,0,0,165.05581224,168,66.56,0,203.18318592
3329,59.7,46.97,8.5,52.83,2.665542,111.26284290000001,168,05986-1-02,18 a 29,Hombres,Quintil bajo,Centro,Jovenes trabajadores,Motorizados privados,77.13000000000001,0,77.13000000000001,34.13284289999999,168,55.47,47.870014499999996,195.72762924
3331,55.15,65.09,10.58,37.17999999999999,0.280009,15.442491300000002,168,05987-1-03,18 a 29,Mujeres,Quintil bajo,Norte,Jovenes trabajadores,Motorizados privados,0,0,0,15.442491300000002,168,75.67,5.0499999986186594e-6,21.188286079999997
3344,54.06,25.92,9.35,78.67,11.93845,294.24262114000004,168,06010-1-02,45 a 59,Hombres,Quintil alto,Sur,Trabajadores rutinarios,Motorizados privados,273.85,0,273.85,20.39262114,168,35.27,351.14998585999996,772.2191173599999
3349,32.45,46.58,7.62,81.35000000000001,3.235731,104.99947094999999,168,06014-1-01,45 a 59,Hombres,Quintil bajo,Centro,Cuidadores domesticos,Motorizados privados,0,0,0,104.99947094999999,168,54.199999999999996,1.4210854715202004e-14,175.3766202
3350,62.45,16.03,9.59,79.92999999999999,3.055087,190.79018315,168,06014-1-02,45 a 59,Mujeres,Quintil bajo,Centro,Cuidadores domesticos,Motorizados privados,0,0,0,190.79018315,168,25.62,0,78.27132894000002
3358,64.5,35.9,8.56,59.03999999999999,8.104294,301.4369515,168,06034-1-01,30 a 44,Mujeres,Quintil medio,Centro,Cuidadores domesticos,Motorizados privados,228.71000000000004,0,228.71000000000004,72.7269515,168,44.46,221.29001149999993,581.6069227400001
3360,64.02,30.09,10.25,63.64,6.075266,169.11852187999997,168,06036-1-01,18 a 29,Hombres,Quintil medio,Norte,Trabajadores rutinarios,Motorizados privados,155.17999999999998,0,155.17999999999998,13.938521880000001,168,40.34,219.82000744,464.89623787999994
3361,49.37,27.99,13.73,76.91,3.343093,77.11850141,168,06036-1-02,30 a 44,Hombres,Quintil medio,Norte,Trabajadores rutinarios,Motorizados privados,62.07,0,62.07,15.04850141,168,41.72,87.93,227.40383996
3363,64.23,42.21,13.31,48.24999999999999,9.840224,312.87760302000004,168,06042-1-01,45 a 59,Mujeres,Quintil medio,Sur,Jovenes trabajadores,Motorizados privados,255.84000000000003,0,255.84000000000003,57.03760302,168,55.52,319.15998449999995,865.4892209799999
3377,41.55,44.91,17.27,64.27000000000001,5.080105,139.94837695,168,06059-1-01,30 a 44,Hombres,Quintil medio,Centro,Trabajadores rutinarios,Motorizados privados,103.87,0,103.87,36.07837695,168,62.17999999999999,71.12998579999996,387.01091469999994
3381,68.55,28.15,7.83,63.47000000000001,2.791678,141.059538,168,06067-1-01,30 a 44,Mujeres,Quintil bajo,Norte,Trabajadores rutinarios,Motorizados privados,82.19,0,82.19,58.869538000000006,168,35.98,50.30998890000001,150.75456333999998
3395,46.24,29.17,12.17,80.41999999999999,3.067563,103.20411312,168,06089-1-01,60 o mas,Hombres,Quintil medio,Sur,Cuidadores domesticos,Motorizados privados,31.359999999999996,70,-38.64,141.84411312,168,41.34,38.64,165.45305442000006
3398,48.98,27.67,9.08,82.27000000000001,3.585007,170.31362252000002,168,06092-1-01,45 a 59,Mujeres,Quintil bajo,Centro,Cuidadores domesticos,Motorizados privados,82.22000000000001,50,32.22000000000001,138.09362252,168,36.75,5.280020339999965,137.02902758999994
3406,50.07,41.64,11.42,64.87,2.080028,4.818880883597092,168,06112-1-01,60 o mas,Hombres,Quintil bajo,Centro,Trabajadores rutinarios,Motorizados privados,53.00999999999999,64.8381294964029,-11.828129496402909,16.64701038,168,53.06,99.32812107640291,209.69440675640288
3411,6.72,86.64,17.89,56.75,2.99537,20.1288864,168,06121-1-03,18 a 29,Mujeres,Quintil bajo,Norte,Rutina flexible,Motorizados privados,0,0,0,20.1288864,168,104.53,0,313.1060261
3415,46.51,29.93,11.22,80.34,3.253851,18.03660207999998,168,06128-1-02,60 o mas,Mujeres,Quintil medio,Sur,Cuidadores domesticos,Motorizados privados,87.69999999999999,178.5,-90.80000000000001,108.83660207999999,168,41.15,133.30000793,267.19597658000004
3417,46.05,73.76,5.21,42.98,4.143086,123.98909980000002,168,06138-1-02,30 a 44,Hombres,Quintil bajo,Sur,Jovenes trabajadores,Motorizados privados,120.70000000000002,0,120.70000000000002,3.2890998000000002,168,78.97,66.80001049999998,393.9795119200001
3418,72.01,43.7,5.01,47.279999999999994,4.203299,224.34952264999998,168,06139-1-01,30 a 44,Mujeres,Quintil bajo,Sur,Cuidadores domesticos,Motorizados privados,96.67,0,96.67,127.67952265,168,48.71,78.33003834000004,283.0727326300001
3423,57.58,26.34,12.77,71.31,3.033817,174.68718286,168,06148-1-03,45 a 59,Mujeres,Quintil medio,Centro,Cuidadores domesticos,Motorizados privados,0,0,0,174.68718286,168,39.11,0,118.65258287
3424,51.61,38.74,10.07,67.58000000000001,3.233322,166.87174842,168,06149-1-02,30 a 44,Mujeres,Quintil bajo,Centro,Cuidadores domesticos,Motorizados privados,0,0,0,166.87174842,168,48.81,0,157.81844681999993
3427,6.98,48.24,9.15,103.63,2.941668,20.532842640000002,168,06153-1-03,18 a 29,Mujeres,Quintil bajo,Norte,Rutina flexible,Motorizados privados,0,0,0,20.532842640000002,168,57.39,0,168.82232652
3429,43.19,41.51,8,75.30000000000001,3.011366,130.06089754,168,06157-1-04,30 a 44,Mujeres,Quintil bajo,Centro,Cuidadores domesticos,Motorizados privados,0,0,0,130.06089754,168,49.51,0,149.09273065999994
3434,58.65,28.92,8.22,72.21,3.046787,101.31691394285718,168,06163-1-05,30 a 44,Hombres,Quintil bajo,Centro,Trabajadores rutinarios,Motorizados privados,115.47999999999999,42.8571428571428,72.62285714285719,28.694056800000002,168,37.14,77.37714360714281,190.53481278714287
3436,21.44,65.62,6.33,74.61,2.740008,58.745771520000005,168,06166-1-04,18 a 29,Hombres,Quintil bajo,Centro,Rutina flexible,Motorizados privados,0,0,0,58.745771520000005,168,71.95,0,197.1435756
3437,60.82,44.89,7.01,55.28000000000001,2.860344,41.97997343384597,168,06167-1-01,18 a 29,Hombres,Quintil alto,Sur,Jovenes trabajadores,Motorizados privados,146.85999999999999,153.846153846154,-6.986153846154025,48.966127279999995,168.00000000000003,51.9,131.98614864615402,280.43800224615404
3441,69.13,35.86,12.9,50.11000000000001,2.729566,141.41489079000002,168,06172-1-01,30 a 44,Mujeres,Quintil bajo,Centro,Cuidadores domesticos,Motorizados privados,82.72,17.5,65.22,76.19489079,168,48.76,47.28000678999999,180.37364494999997
3443,56.79,38.85,11.45,60.91000000000001,4.553677,156.64739007603072,168,06176-1-02,45 a 59,Mujeres,Quintil medio,Norte,Cuidadores domesticos,Motorizados privados,53.24000000000001,55.1959114139693,-1.9559114139692895,158.60330149,168,50.3,101.95592675396932,331.0058798539693
3450,85.35,22.77,8.6,51.28000000000001,2.928747,239.23860775,168,06183-1-01,18 a 29,Mujeres,Quintil bajo,Sur,Cuidadores domesticos,Motorizados privados,26.770000000000003,0,26.770000000000003,212.46860775,168,31.369999999999997,10.729948699999994,102.60474208999997
3452,61.72,38.97,2.15,65.16,2.924701,117.98252928,168,06185-1-03,18 a 29,Hombres,Quintil medio,Sur,Trabajadores rutinarios,Motorizados privados,74.97,0,74.97,43.012529279999995,168,41.12,62.530016440000026,182.79372156000005
3454,51.61,38.28,21.15,56.96,3.334213,52.2828656370588,168,06187-1-02,45 a 59,Mujeres,Quintil bajo,Sur,Trabajadores rutinarios,Motorizados privados,109.91,92.2058823529412,17.704117647058794,34.578747990000004,168,59.43,119.79586729294121,317.94814588294116
3465,15.93,57.94,2.64,91.49,2.539276,37.79067501,168,06201-1-03,18 a 29,Mujeres,Quintil bajo,Norte,Jovenes trabajadores,Motorizados privados,3.84,1.5,2.34,35.45067501,168,60.58,2.6599916699999966,156.48933175000002
3467,55.4,33.11,13.42,66.07,7.987618,223.12406519999996,168,06206-2-01,30 a 44,Hombres,Quintil bajo,Norte,Trabajadores rutinarios,Motorizados privados,155.60999999999999,0,155.60999999999999,67.51406519999999,168,46.53,219.38997200000006,591.0538375400001
3472,53.15,18.67,6.47,89.71,5.199714,167.4648099,168,06215-1-01,30 a 44,Hombres,Quintil medio,Norte,Trabajadores moviles,Motorizados privados,141.1,0,141.1,26.3648099,168,25.14,108.89998920000002,239.62079916000002
3474,18.52,51.28,7.16,91.03999999999999,8.153388,79.29074628000001,168,06221-1-05,18 a 29,Mujeres,Quintil alto,Norte,Rutina flexible,Motorizados privados,48.290000000000006,0,48.290000000000006,31.00074628,168,58.44,71.70999948,548.1939942
3480,71.97,34.72,1.58,59.730000000000004,4.644759,217.27334356,168,06225-1-02,18 a 29,Mujeres,Quintil medio,Centro,Cuidadores domesticos,Motorizados privados,132.99,0,132.99,84.28334356,168,36.3,117.00996167,285.61471336999995
3482,50.5,39.47,9.42,68.61,9.289341,242.0017245,168,06229-1-01,30 a 44,Hombres,Quintil medio,Centro,Trabajadores moviles,Motorizados privados,222.89,0,222.89,19.1117245,168,48.89,227.109996,681.26587749
3484,74.5,26.79,10.13,56.580000000000005,10.556666,482.2916095,168,06233-1-01,30 a 44,Hombres,Quintil alto,Norte,Trabajadores rutinarios,Motorizados privados,395.82,0,395.82,86.4716095,168,36.92,304.18000750000004,693.9321162199999
3485,38.45,37.87,12.93,78.75,3.051173,26.297601849999978,168,06242-1-01,60 o mas,Mujeres,Quintil medio,Sur,Rutina flexible,Motorizados privados,58.98,150,-91.02000000000001,117.31760184999999,168,50.8,91.02000000000002,246.01958840000003
3492,64.45,36.21,11.07,56.27,1.512484,79.47051528413229,168,06248-1-02,45 a 59,Mujeres,Quintil alto,Centro,Cuidadores domesticos,Motorizados privados,18.64,11.6490891658677,6.9909108341323005,72.47960445,168,47.28,18.009078515867714,89.51932203586767
3494,46.93,47.74,13.54,59.789999999999985,10.305389,241.67192943,168,06252-1-01,60 o mas,Hombres,Quintil medio,Sur,Trabajadores moviles,Motorizados privados,233.04,0,233.04,8.631929430000001,168,61.28,241.95997634,873.4742142600002
3495,58.48,31.08,8.08,70.36000000000001,6.687197,196.92727832000003,168,06257-1-01,30 a 44,Hombres,Quintil bajo,Centro,Trabajadores rutinarios,Motorizados privados,155.86,0,155.86,41.06727832,168,39.16,194.14000223999994,456.0106367599999
3497,79.17,15.41,12.27,61.150000000000006,7.256681,379.08140248,168,06259-1-01,30 a 44,Hombres,Quintil medio,Norte,Cuidadores domesticos,Motorizados privados,254.57000000000002,0,254.57000000000002,124.51140248,168,27.68,195.43003229000004,396.29496236999995
3498,79.5,18.01,12.26,58.23,3.075129,244.4727555,168,06261-1-02,30 a 44,Mujeres,Quintil bajo,Norte,Cuidadores domesticos,Motorizados privados,0,0,0,244.4727555,168,30.270000000000003,0,93.08415483000005
3503,47.73,63.53,4.53,52.21000000000001,3.578047,91.75016916999999,168,06275-1-01,60 o mas,Hombres,Quintil bajo,Sur,Jovenes trabajadores,Motorizados privados,83.47,0,83.47,8.28016917,168,68.06,79.03001414000002,322.55189296
3505,50.74,31.29,11.25,74.72,3.911169,128.14269384000002,168,06277-1-01,45 a 59,Hombres,Quintil bajo,Sur,Trabajadores rutinarios,Motorizados privados,79.69000000000001,0,79.69000000000001,48.45269384,168,42.54,70.31002121999998,236.69115048
3509,65.59,49,7.95,45.459999999999994,5.393913,218.24677349,168,06285-1-01,30 a 44,Hombres,Quintil bajo,Centro,Jovenes trabajadores,Motorizados privados,139.46,0,139.46,78.78677349000002,168,56.95,135.53998018000004,442.7233255300001
3510,43.3,44.66,13.09,66.95,3.231461,75.8422387,168,06285-1-02,30 a 44,Mujeres,Quintil bajo,Centro,Trabajadores rutinarios,Motorizados privados,65.92,0,65.92,9.9222387,168,57.75,64.08002259999998,250.69689534999998
3516,61.37,38.41,6.73,61.489999999999995,4.645169,177.38404051999999,168,06296-1-01,30 a 44,Mujeres,Quintil bajo,Centro,Cuidadores domesticos,Motorizados privados,117.31,0,117.31,60.07404052,168,45.14,107.68998101,317.37290967000007
3517,6.08,72.74,3.41,85.77,2.988117,18.16775136,168,06297-1-03,18 a 29,Hombres,Quintil alto,Centro,Rutina flexible,Motorizados privados,0,0,0,18.16775136,168,76.14999999999999,0,227.54510955
3521,40.48,48.79,6.08,72.65000000000002,2.969308,120.19758783999998,168,06304-1-03,45 a 59,Mujeres,Quintil bajo,Centro,Cuidadores domesticos,Motorizados privados,0,0,0,120.19758783999998,168,54.87,0,162.92592995999996
3527,53.03,31.86,16.93,66.18,2.637381,69.90029381000001,168,06317-1-01,45 a 59,Hombres,Quintil bajo,Centro,Trabajadores rutinarios,Motorizados privados,45.040000000000006,0,45.040000000000006,24.860293809999998,168,48.79,69.96002061999998,198.63783960999996
3529,52.6,56.36,6.66,52.38000000000001,9.780777,250.12886039999998,168,06318-1-01,30 a 44,Mujeres,Quintil medio,Centro,Trabajadores moviles,Motorizados privados,223.15999999999997,0,223.15999999999997,26.9688604,168,63.019999999999996,264.3400098000001,880.72457634
3530,53.7,51.12,5.98,57.2,3.678764,129.7696105,168,06318-1-02,30 a 44,Hombres,Quintil medio,Centro,Rutina flexible,Motorizados privados,57.22,0,57.22,72.5496105,168,57.099999999999994,67.78001630000003,277.8374407
3534,49.89,40.78,6.44,70.89,3.026085,94.29139074,168,06331-1-01,18 a 29,Hombres,Quintil bajo,Sur,Jovenes trabajadores,Motorizados privados,88.32,0,88.32,5.9713907399999995,168,47.22,56.67998991000002,199.57172361
3539,53.28,40.42,11.46,62.839999999999996,4.220817,94.22513251999997,168,06340-1-01,60 o mas,Mujeres,Quintil bajo,Centro,Cuidadores domesticos,Motorizados privados,69.33999999999999,125,-55.66000000000001,149.88513251999998,168,51.88,130.65999724000005,349.6359832
3540,47.19,59.08,14.45,47.28,8.410216,156.05809150000002,168,06341-1-02,30 a 44,Mujeres,Quintil alto,Norte,Jovenes trabajadores,Motorizados privados,134.18,0,134.18,21.8780915,168,73.53,240.82000154,859.22318402
3544,7.89,65.18,4.53,90.4,3.374661,26.626075290000003,168,06360-1-02,30 a 44,Hombres,Quintil bajo,Norte,Rutina flexible,Motorizados privados,0,0,0,26.626075290000003,168,69.71000000000001,-3.552713678800501e-15,235.24761830999995
3545,9.37,52.66,4.76,101.21,3.144762,29.466419940000005,168,06360-1-03,18 a 29,Mujeres,Quintil bajo,Norte,Rutina flexible,Motorizados privados,0,0,0,29.466419940000005,168,57.419999999999995,-7.105427357601002e-15,180.57223404
3553,56.76,20.26,21.2,69.78,21.853778,523.86046064,168,06382-1-01,30 a 44,Hombres,Quintil alto,Centro,Trabajadores rutinarios,Motorizados privados,483.44000000000005,0,483.44000000000005,40.420460639999995,168,41.46,716.5599786399997,1622.6176145199997
3554,57.79,33.22,10.44,66.55000000000001,6.32465,171.43150465999997,168,06382-1-02,30 a 44,Mujeres,Quintil alto,Centro,Trabajadores rutinarios,Motorizados privados,130.92999999999998,0,130.92999999999998,40.50150466,168,43.66,194.07001884000005,470.20423784
3561,60.78,40.6,8.22,58.400000000000006,1.04121,63.28472114,168,06406-1-02,45 a 59,Mujeres,Quintil bajo,Centro,Cuidadores domesticos,Motorizados privados,0,0,0,63.28472114,168,48.82,2.2659999999063984e-5,50.83189485999999
3566,94.43,12.97,5.79,54.809999999999995,2.96763,280.2333009,168,06417-1-02,30 a 44,Mujeres,Quintil medio,Centro,Cuidadores domesticos,Motorizados privados,0,0,0,280.2333009,168,18.76,0,55.67273879999999
3568,11.66,19.76,5.2,131.38000000000002,3.086504,35.98863664,168,06423-1-02,45 a 59,Mujeres,Quintil alto,Norte,Cuidadores domesticos,Motorizados privados,0,0,0,35.98863664,168.00000000000003,24.96,0,77.03913983999993
3569,42.24,38.44,11.43,75.88999999999999,12.694747,248.74573082962965,168,06426-1-01,45 a 59,Hombres,Quintil alto,Norte,Trabajadores rutinarios,Motorizados privados,257.89000000000004,70.3703703703704,187.51962962962966,61.226101199999995,168,49.87,287.48038245037037,920.5674153403705
3570,60.96,24.41,9.15,73.47999999999999,3.288366,136.22877248,168,06429-1-01,60 o mas,Mujeres,Quintil medio,Centro,Trabajadores rutinarios,Motorizados privados,60.77,0,60.77,75.45877248000001,168,33.56,64.23001887999999,174.58758184
3571,55.22,39.51,8.13,65.14000000000001,2.886564,95.16606408000001,168,06429-1-02,45 a 59,Hombres,Quintil medio,Centro,Trabajadores rutinarios,Motorizados privados,60.77,0,60.77,34.39606408,168,47.64,64.22999999999999,201.74590895999995
3573,81.96,36.86,5.09,44.09,3.014056,204.2720688,168,06438-1-01,30 a 44,Mujeres,Quintil bajo,Sur,Cuidadores domesticos,Motorizados privados,94.74,0,94.74,109.5320688,168,41.95,42.75996096,169.19961016000002
3574,20.02,49.31,14.44,84.22999999999999,2.979561,59.650811219999994,168,06442-1-01,45 a 59,Mujeres,Quintil alto,Centro,Rutina flexible,Motorizados privados,0,0,0,59.650811219999994,168,63.75,0,189.94701375000005
3577,37.5,51,4.25,75.25,2.422918,90.85945000000001,168,06446-1-01,18 a 29,Hombres,Quintil bajo,Centro,Rutina flexible,Motorizados privados,0,0,0,90.85945000000001,168,55.25,-2.500000000793534e-5,133.8661945
3578,58.7,20.62,9.25,79.42999999999999,2.888847,84.3453201,168,06447-1-01,60 o mas,Hombres,Quintil bajo,Norte,Cuidadores domesticos,Motorizados privados,39.769999999999996,0,39.769999999999996,44.5753201,168,29.87,85.22999880000002,171.51985869000004
3579,36.69,35.17,14.5,81.64,3.331337,89.5310437342857,168,06448-1-02,30 a 44,Hombres,Quintil bajo,Sur,Rutina flexible,Motorizados privados,37.839999999999996,45.5357142857143,-7.695714285714303,97.22675802,168,49.67,32.69571079571429,198.1632195857143
3584,59.81,22.39,3.72,82.08,3.716197,132.52572994000002,168,06451-1-01,30 a 44,Hombres,Quintil bajo,Centro,Trabajadores rutinarios,Motorizados privados,85.26,0,85.26,47.26572994,168,26.11,89.74001263,186.76991629999998
3587,50.58,34.03,12.75,70.64,4.625774,107.40166056000001,168,06457-1-02,45 a 59,Mujeres,Quintil alto,Centro,Trabajadores rutinarios,Motorizados privados,73.43,0,73.43,33.971660560000004,168,46.78,126.56998835999997,342.96369608
3588,28.7,33.92,5.34,100.04,0.493643,14.1675578,168,06460-1-02,18 a 29,Hombres,Quintil bajo,Centro,Jovenes trabajadores,Motorizados privados,0,0,0,14.1675578,168,39.260000000000005,-3.7000000006059963e-6,19.380420479999994
3590,74.02,28.64,8.32,57.02,8.58218,367.42294667999994,168,06461-1-02,30 a 44,Hombres,Quintil alto,Centro,Cuidadores domesticos,Motorizados privados,282.16999999999996,50,232.16999999999996,135.25294667999998,168,36.96,267.83001692,585.02738972
3591,57,43.03,5.37,62.6,4.860134,126.40762100000002,168,06465-1-01,45 a 59,Mujeres,Quintil medio,Sur,Trabajadores rutinarios,Motorizados privados,149.38000000000002,50,99.38000000000002,27.027621,168,48.4,150.62001700000002,385.8505026000001
3594,25.47,42.2,12.61,87.72,15.402305,200.53671982,168,06470-1-01,18 a 29,Hombres,Quintil medio,Centro,Rutina flexible,Motorizados privados,183.24,0,183.24,17.29671982,168,54.81,191.75998852999996,1035.96032558
3599,57.18,48.31,6.46,56.04999999999999,4.966988,158.4853760546269,168,06491-1-01,30 a 44,Hombres,Quintil bajo,Sur,Jovenes trabajadores,Motorizados privados,125.07000000000001,20.5970149253731,104.4729850746269,54.01239098,168,54.77,125.52699778537311,397.5689305453731
3601,79.16,15.37,11.01,62.46,3.705165,227.39087192,168,06492-1-02,30 a 44,Mujeres,Quintil alto,Sur,Cuidadores domesticos,Motorizados privados,109.09,0,109.09,118.30087191999999,168,26.38,65.90998947999998,163.65224217999997
3604,64.75,26.98,5.3,70.97,2.057749,73.22923175000001,168,06496-1-01,30 a 44,Hombres,Quintil bajo,Norte,Trabajadores rutinarios,Motorizados privados,58.99000000000001,0,58.99000000000001,14.239231750000002,168,32.28,60.010015999999965,126.43415371999997
3605,71.08,32.01,4.7,60.209999999999994,1.877392,83.01502432000001,168,06496-1-02,30 a 44,Mujeres,Quintil bajo,Norte,Trabajadores moviles,Motorizados privados,49.57,0,49.57,33.44502432,168,36.71,50.429999039999984,119.34905935999998
3606,62.78,29.72,9.46,66.03999999999999,4.261351,155.56764242000003,168,06498-1-02,30 a 44,Hombres,Quintil bajo,Norte,Trabajadores rutinarios,Motorizados privados,88.04,0,88.04,67.52764242,168,39.18,111.95997335999999,278.91970554000005
3617,52.32,31.09,9.4,75.19,3.758984,87.50004016,168,06511-1-01,45 a 59,Hombres,Quintil bajo,Norte,Trabajadores rutinarios,Motorizados privados,65.83,0,65.83,21.67004016,168,40.49,109.17000271999999,261.37126488
3624,63.33,46.9,11.97,45.800000000000004,4.088418,170.60950238,168,06532-1-01,18 a 29,Hombres,Quintil bajo,Sur,Jovenes trabajadores,Motorizados privados,111.69000000000001,0,111.69000000000001,58.91950238,168,58.87,88.31000956,328.99517721999996
3625,74.87,26.93,6.96,59.23999999999999,3.916872,204.94620171000003,168,06532-1-02,30 a 44,Mujeres,Quintil bajo,Sur,Cuidadores domesticos,Motorizados privados,111.69000000000001,0,111.69000000000001,93.25620171,168,33.89,88.31000492999999,221.05279701000006
3631,32.18,66.46,8.43,60.93,2.793457,126.59344309999999,168,06543-1-02,18 a 29,Mujeres,Quintil bajo,Centro,Rutina flexible,Motorizados privados,83.69999999999999,16.25,67.44999999999999,59.1434431,168,74.88999999999999,-36.69999683999998,172.50199788999998
3633,81.04,19.06,7.61,60.28999999999999,3.369999,186.4353916457143,168,06546-1-01,30 a 44,Mujeres,Quintil medio,Centro,Trabajadores moviles,Motorizados privados,97.17,38.8392857142857,58.3307142857143,128.10467736,168,26.669999999999998,86.66932731428571,176.5472006442857
3634,70.62,29.06,10.06,58.25999999999999,5.062732,193.15940163428567,168,06546-1-02,30 a 44,Hombres,Quintil medio,Centro,Cuidadores domesticos,Motorizados privados,184.29,73.6607142857143,110.62928571428569,82.53011591999999,168,39.12,164.37073220571435,362.42480804571426
3637,44.17,45.16,9.89,68.78,2.593541,81.13668604,168,06553-1-02,45 a 59,Hombres,Quintil bajo,Centro,Trabajadores rutinarios,Motorizados privados,66.58,0,66.58,14.55668604,168,55.05,33.42001993000001,176.19445198000003
3639,28.64,46.32,10.28,82.76000000000002,3.30567,43.84874970225561,168,06556-1-01,60 o mas,Hombres,Quintil bajo,Norte,Rutina flexible,Motorizados privados,37.68,88.50563909774439,-50.82563909774439,94.6743888,168.00000000000003,56.6,50.82563909774439,237.92656109774433
3640,59.69,30.61,13.23,64.47,1.196921,54.229926794890886,168,06558-1-02,60 o mas,Hombres,Quintil bajo,Centro,Trabajadores rutinarios,Motorizados privados,14.139999999999999,6.35430038510911,7.785699614890889,46.44422718,168,43.84,17.214287695109107,69.6873043351091
3643,53.24,12.59,3.86,98.30999999999999,1.17453,63.881964159999995,168,06562-1-01,60 o mas,Mujeres,Quintil bajo,Centro,Trabajadores rutinarios,Motorizados privados,21.349999999999998,0,21.349999999999998,42.53196416,168,16.45,-1.3499869599999883,17.971031540000027
3647,99.18,17.2,6.64,44.97999999999999,4.623565,342.08513848,168,06570-1-01,30 a 44,Mujeres,Quintil medio,Sur,Cuidadores domesticos,Motorizados privados,183.52,0,183.52,158.56513848,168,23.84,116.48003822000004,226.70582782000002
3649,60.25,25.88,9.58,72.29,1.556189,24.540380499999983,168,06575-1-01,18 a 29,Hombres,Quintil bajo,Norte,Trabajadores rutinarios,Motorizados privados,88.27999999999999,112.5,-24.220000000000013,48.7603805,168,35.46,69.22000675000002,124.40246869000002
3650,36.92,61.65,6.28,63.14999999999998,3.151869,77.90700348000001,168,06575-1-02,60 o mas,Mujeres,Quintil bajo,Norte,Rutina flexible,Motorizados privados,49.040000000000006,87.5,-38.459999999999994,116.36700348000001,167.99999999999997,67.92999999999999,38.459999999999994,252.56646117000008
3651,72.12,36.87,9.02,49.989999999999995,5.148963,260.53323336,168,06576-1-01,30 a 44,Mujeres,Quintil medio,Centro,Cuidadores domesticos,Motorizados privados,164.19,0,164.19,96.34323336000001,168,45.89,110.80997820000005,347.0958902700001
3652,65.45,36.44,8.31,57.8,3.046909,169.5501869,168,06578-1-01,30 a 44,Mujeres,Quintil bajo,Centro,Trabajadores rutinarios,Motorizados privados,107.63000000000001,0,107.63000000000001,61.9201869,168,44.75,29.870007149999992,166.2191849
3653,73.63,21.27,17.74,55.360000000000014,4.970463,260.96517471000004,168,06585-1-01,30 a 44,Hombres,Quintil medio,Centro,Trabajadores rutinarios,Motorizados privados,169.99,0,169.99,90.97517471000002,168,39.01,105.01001597999993,298.9077776099998
3659,14.19,79.06,10.62,64.13,7.540091,84.32388845,168,06596-1-01,30 a 44,Hombres,Quintil bajo,Centro,Jovenes trabajadores,Motorizados privados,64.83,0,64.83,19.49388845,168,89.68,22.67000284000001,698.86536372
3660,15.96,39.57,8.06,104.41,3.262583,17.982049169795893,168,06598-1-04,60 o mas,Mujeres,Quintil alto,Sur,Rutina flexible,Motorizados privados,32.849999999999994,66.9387755102041,-34.0887755102041,52.070824679999994,168,47.63,34.08877551020411,189.4856038002041
3661,51.44,42.14,10.12,64.3,9.938513,215.66709711999997,168,06600-1-01,60 o mas,Hombres,Quintil alto,Sur,Trabajadores rutinarios,Motorizados privados,204.42999999999998,0,204.42999999999998,11.23709712,168,52.26,295.57001160000004,814.9567009800002
3662,45.84,53.83,10.64,57.69,5.317978,110.76610224,168,06600-1-04,30 a 44,Hombres,Quintil alto,Sur,Jovenes trabajadores,Motorizados privados,91.99,0,91.99,18.77610224,168,64.47,133.01000928000002,475.86005094000006
3663,50.09,43.6,10.58,63.730000000000004,8.075919,182.84277495999999,168,06600-1-05,30 a 44,Mujeres,Quintil alto,Sur,Trabajadores rutinarios,Motorizados privados,153.32,0,153.32,29.52277496,168,54.18,221.68000775000007,659.23329917
3668,78.44,13.41,11.46,64.69,3.672457,145.52982904727267,168,06605-1-01,30 a 44,Hombres,Quintil bajo,Norte,Trabajadores rutinarios,Motorizados privados,100.35999999999999,55.3977272727273,44.96227272727268,100.56755632,168,24.87,142.53769803272732,233.87170362272732
3672,33.63,37.58,17.16,79.63000000000001,5.705516,121.30935565285719,168,06609-1-02,30 a 44,Hombres,Quintil bajo,Sur,Trabajadores rutinarios,Motorizados privados,122.28999999999999,42.8571428571428,79.43285714285719,41.87649851,168,54.739999999999995,70.56714742714283,382.88709326714275
3682,49.43,47.76,6.68,64.13,2.573232,121.46486501,168,06625-1-01,18 a 29,Hombres,Quintil bajo,Sur,Rutina flexible,Motorizados privados,19.27,0,19.27,102.19486501,168,54.44,5.729992749999994,145.81674283
3688,63.48,32.54,8.17,63.81000000000002,3.470421,140.48236024,168,06635-1-02,30 a 44,Mujeres,Quintil bajo,Norte,Trabajadores moviles,Motorizados privados,70.17999999999999,0,70.17999999999999,70.30236023999998,168,40.71,79.81996483999998,221.10080374999995
3689,62.39,27.17,6.33,72.11,5.622399,197.75148837,168,06637-1-01,30 a 44,Mujeres,Quintil bajo,Sur,Trabajadores rutinarios,Motorizados privados,181.97,10,171.97,25.781488369999998,168,33.5,153.02998523999997,341.38035174
3693,77.02,28.43,12.37,50.18000000000001,1.906119,99.53927970000001,168,06641-1-01,45 a 59,Hombres,Quintil bajo,Centro,Trabajadores moviles,Motorizados privados,77.73,0,77.73,21.809279699999998,168,40.8,47.27000567999997,125.03966087999996
3694,74.35,33.85,9.35,50.45,12.775805,420.96107130000007,168,06643-1-01,45 a 59,Hombres,Quintil alto,Centro,Cuidadores domesticos,Motorizados privados,346.08000000000004,0,346.08000000000004,74.8810713,168,43.2,528.9200304499999,1080.83480645
3695,32.16,60.81,19.95,55.08,3.026609,97.33574544000001,168,06643-1-02,45 a 59,Mujeres,Quintil alto,Centro,Rutina flexible,Motorizados privados,0,0,0,97.33574544000001,168,80.76,-1.4210854715202004e-14,244.42894284000002
3702,49.39,50.22,6.47,61.92,2.41527,57.96019052,168,06649-1-03,18 a 29,Hombres,Quintil bajo,Sur,Jovenes trabajadores,Motorizados privados,53.669999999999995,0,53.669999999999995,4.2901905199999995,168,56.69,61.32999478000001,198.25165108000002
3704,46.89,21.31,7.58,92.22,13.76683,288.39666733,168,06659-1-01,45 a 59,Hombres,Quintil alto,Centro,Trabajadores rutinarios,Motorizados privados,267.87,0,267.87,20.52666733,168,28.89,357.12999136999997,754.8537100700001
3705,62.92,37.64,9.52,57.92,10.891125,328.13958432,168,06659-1-02,45 a 59,Mujeres,Quintil alto,Centro,Trabajadores moviles,Motorizados privados,267.87,0,267.87,60.26958431999999,168,47.16,357.13000068,870.7554556800001
3708,64.57,33.2,8.5,61.730000000000004,3.754655,194.75806599,168,06664-1-01,30 a 44,Mujeres,Quintil bajo,Centro,Cuidadores domesticos,Motorizados privados,92.32,0,92.32,102.43806599000001,168,41.7,47.68000735999996,204.24912085999998
3711,71.4,22.75,5.46,68.39,3.058899,99.72276919740258,168,06667-1-01,60 o mas,Hombres,Quintil bajo,Sur,Cuidadores domesticos,Motorizados privados,81.22,149.9025974025974,-68.6825974025974,168.40536659999998,168,28.21,118.68261940259742,204.9741601925974
3712,53.31,24.24,11.74,78.71000000000001,9.17277,266.96034901,168,06668-1-01,30 a 44,Hombres,Quintil medio,Sur,Trabajadores rutinarios,Motorizados privados,240.46,0,240.46,26.50034901,168,35.98,222.04001969,552.0762842899999
3714,62.67,23.46,8.18,73.69,4.862295,23.120015020000004,168,06669-1-02,45 a 59,Mujeres,Quintil alto,Centro,Cuidadores domesticos,Motorizados privados,218.4,250,-31.599999999999994,54.72001502,168,31.64,281.60001263,435.44302643
3721,50.96,48.07,10.71,58.26,2.346425,105.23381576,168,06681-1-02,60 o mas,Mujeres,Quintil bajo,Centro,Cuidadores domesticos,Motorizados privados,23.16,0,23.16,82.07381576,168,58.78,14.340002240000004,152.26286374000003
3722,79.84,27.08,5.88,55.199999999999996,1.545434,99.49741248000001,168,06681-1-03,18 a 29,Hombres,Quintil bajo,Centro,Trabajadores moviles,Motorizados privados,38.61,0,38.61,60.88741248,168,32.96,23.890038079999997,74.82754272
3737,61.06,32.27,10.87,63.79999999999999,5.603304,198.65772431999997,168,06705-1-01,45 a 59,Hombres,Quintil medio,Sur,Trabajadores rutinarios,Motorizados privados,156.51999999999998,0,156.51999999999998,42.13772432,168,43.14,143.48001792,385.20655248000014
3740,41.43,21.84,12.02,92.71,3.027307,125.42132901,168,06708-1-02,18 a 29,Mujeres,Quintil bajo,Centro,Cuidadores domesticos,Motorizados privados,0,0,0,125.42132901,168,33.86,0,102.50461502000002
3742,46.29,73.44,8.55,39.72000000000001,1.440925,3.1048456944444007,168,06714-1-02,18 a 29,Hombres,Quintil bajo,Centro,Jovenes trabajadores,Motorizados privados,54.46,55.5555555555556,-1.095555555555599,4.20040125,168,81.99,63.5955725555556,181.73701330555556
3743,52.09,39.68,4.82,71.41,3.013392,156.96758928000003,168,06715-1-01,45 a 59,Mujeres,Quintil alto,Norte,Cuidadores domesticos,Motorizados privados,0,0,0,156.96758928000003,168,44.5,0,134.09594399999997
3744,63.98,32.93,7.9,63.190000000000005,3.716601,186.06815254,168,06716-1-02,45 a 59,Mujeres,Quintil medio,Norte,Cuidadores domesticos,Motorizados privados,48.28,0,48.28,137.78815254,168,40.83,51.719979439999975,203.46879827
3745,68.38,42.54,10.35,46.730000000000004,3.192492,179.99262948,168,06717-1-01,30 a 44,Hombres,Quintil bajo,Sur,Trabajadores moviles,Motorizados privados,119.18999999999998,0,119.18999999999998,60.80262948000001,168,52.89,38.30997348,207.16087535999998
3746,64,30.63,10.17,63.2,2.87698,184.12672,168,06717-1-02,30 a 44,Mujeres,Quintil bajo,Sur,Cuidadores domesticos,Motorizados privados,0,0,0,184.12672,168,40.8,0,117.38078399999998
3748,38.36,17.71,8.68,103.24999999999997,3.15399,120.98705639999999,168,06719-1-03,45 a 59,Mujeres,Quintil medio,Sur,Cuidadores domesticos,Motorizados privados,0,0,0,120.98705639999999,167.99999999999997,26.39,0,83.2337961000001
3755,44.7,46.95,10.7,65.64999999999999,22.715211,371.5599212,168,06739-1-01,45 a 59,Hombres,Quintil alto,Centro,Trabajadores rutinarios,Motorizados privados,442.19,86,356.19,15.3699212,168,57.650000000000006,643.8100105000001,1953.34192465
3756,68.85,34.78,8.7,55.67,4.939838,179.15786855,168,06739-1-02,45 a 59,Mujeres,Quintil alto,Centro,Trabajadores moviles,Motorizados privados,110.55,21.5,89.05,90.10786855,168,43.480000000000004,160.94997774999996,375.73413399000003
3758,65.19,45.56,4.21,53.04,2.693727,123.75406052999999,168,06747-1-01,30 a 44,Mujeres,Quintil bajo,Centro,Jovenes trabajadores,Motorizados privados,63.15,0,63.15,60.60406052999999,168,49.77,51.850002599999996,185.91679539
3759,54.89,42.62,9.49,61.00000000000001,3.054723,105.66376693,168,06747-1-02,30 a 44,Hombres,Quintil bajo,Centro,Trabajadores rutinarios,Motorizados privados,75.49,0,75.49,30.17376693,168,52.11,62.009978540000006,221.19159407
3762,2.67,21.06,7.71,136.56,3.015158,8.05047186,168,06749-2-03,18 a 29,Mujeres,Quintil bajo,Centro,Rutina flexible,Motorizados privados,0,0,0,8.05047186,168,28.77,0,86.74609566
3763,52.53,49.4,8.18,57.88999999999999,3.764114,123.47890591,168,06750-1-01,60 o mas,Hombres,Quintil bajo,Centro,Jovenes trabajadores,Motorizados privados,100.75,0,100.75,22.728905909999998,168,57.58,74.25000251000002,290.9876866300001
3765,54.12,31.08,21.64,61.16,3.091863,91.28162096,168,06753-1-02,30 a 44,Hombres,Quintil bajo,Centro,Trabajadores rutinarios,Motorizados privados,86.45,37.5,48.95,42.331620959999995,168,52.72,76.0500046,239.05302196000002
3766,109.28,21.07,3.11,34.54,3.591237,415.08036288,168,06755-1-01,18 a 29,Mujeres,Quintil bajo,Centro,Cuidadores domesticos,Motorizados privados,97.63000000000001,0,97.63000000000001,317.45036288,168,24.18,-22.629983519999996,64.20612714000004
3769,67.06,35.85,6.08,59.010000000000005,2.963444,89.43856116,168,06760-1-01,30 a 44,Hombres,Quintil medio,Norte,Trabajadores rutinarios,Motorizados privados,65.71000000000001,0,65.71000000000001,23.728561159999998,168,41.93,109.28999347999999,233.54720039999995
3771,44.97,37.4,14,71.63,5.912641,150.89147063,168,06762-1-01,45 a 59,Hombres,Quintil medio,Sur,Trabajadores rutinarios,Motorizados privados,135,0,135,15.891470629999999,168,51.4,114.99999513999998,418.90974254
3776,54.64,37.69,15.63,60.04,4.240852,146.4401308,168,06771-1-01,30 a 44,Hombres,Quintil bajo,Centro,Trabajadores moviles,Motorizados privados,114.71999999999998,0,114.71999999999998,31.720130800000003,168,53.32,85.28002248000001,311.4022511200001
3777,81.75,23.2,8.51,54.54,5.562837,225.82196399999998,168,06775-1-01,30 a 44,Hombres,Quintil bajo,Norte,Cuidadores domesticos,Motorizados privados,146.05999999999997,0,146.05999999999997,79.76196399999999,168,31.71,228.93996075,405.33752202000005
3781,54.32,40.99,4.82,67.87,4.982019,173.07326224,168,06781-1-01,18 a 29,Mujeres,Quintil bajo,Sur,Trabajadores moviles,Motorizados privados,164.95,37.5,127.44999999999999,45.62326224,168,45.81,97.55000984,325.77630023000006
3787,5.72,38.89,2.14,121.25,3.150915,18.0232338,168,06785-1-03,18 a 29,Hombres,Quintil bajo,Centro,Rutina flexible,Motorizados privados,0,0,0,18.0232338,168,41.03,0,129.28204245
3789,43.35,35.45,12.98,76.22,4.844497,97.3189491,168,06787-1-01,45 a 59,Hombres,Quintil alto,Sur,Cuidadores domesticos,Motorizados privados,87.31,0,87.31,10.008949099999999,168,48.43000000000001,112.68999585,347.30898556
3790,48.48,44.75,11.11,63.66000000000001,4.131807,101.70001855999999,168,06787-1-02,45 a 59,Mujeres,Quintil alto,Sur,Trabajadores rutinarios,Motorizados privados,76.38999999999999,0,76.38999999999999,25.310018560000003,168,55.86,98.6099848,329.41272382
3791,74.37,27.26,12.54,53.82999999999999,4.736393,211.36552575999997,168,06787-1-03,18 a 29,Mujeres,Quintil alto,Sur,Cuidadores domesticos,Motorizados privados,109.11999999999999,0,109.11999999999999,102.24552575999999,168,39.8,140.88002165,329.38846305000004
3792,47.64,39.5,13.18,67.68,5.725424,131.87919327999998,168,06787-1-04,18 a 29,Mujeres,Quintil alto,Sur,Trabajadores rutinarios,Motorizados privados,109.11999999999999,0,109.11999999999999,22.75919328,168,52.68,140.88000608000004,442.4953424
3796,59.13,66.31,6.16,36.400000000000006,3.147446,71.69858670962299,168,06791-1-07,30 a 44,Hombres,Quintil alto,Sur,Jovenes trabajadores,Motorizados privados,162.29999999999998,114.209905660377,48.09009433962298,23.60849237,168,72.47,114.409895270377,342.50530689037697
3800,27.23,66.17,15.7,58.900000000000006,3.106976,84.60295648,168,06803-1-02,30 a 44,Mujeres,Quintil medio,Centro,Rutina flexible,Motorizados privados,0,0,0,84.60295648,168,81.87,0,254.36812512
3801,68.21,26.47,8.83,64.49000000000001,2.888968,174.79651295000002,168,06806-1-01,30 a 44,Mujeres,Quintil bajo,Norte,Cuidadores domesticos,Motorizados privados,90.24000000000001,0,90.24000000000001,84.55651295,168,35.3,22.259994329999984,124.24056472999996
3809,60.88,47.53,5.44,54.150000000000006,3.611209,172.0803904,168,06823-1-02,30 a 44,Mujeres,Quintil medio,Sur,Rutina flexible,Motorizados privados,77.22999999999999,0,77.22999999999999,94.8503904,168,52.97,47.77001352000002,239.05575425
3813,65.11,47.76,8.02,47.11,9.776431,330.77339718,168,06830-1-01,45 a 59,Mujeres,Quintil alto,Sur,Jovenes trabajadores,Motorizados privados,269.23,0,269.23,61.54339717999999,168,55.78,305.77002523000004,851.09934641
3814,45.39,28,27.34,67.27,19.651196,416.44777929,168,06831-1-02,45 a 59,Hombres,Quintil alto,Centro,Trabajadores rutinarios,Motorizados privados,399.48,0,399.48,16.96777929,168,55.34,475.5200071499999,1563.01719379
3818,46.83,32.84,16.9,71.43,2.69111,65.59468940000001,168,06838-1-01,45 a 59,Hombres,Quintil bajo,Norte,Trabajadores rutinarios,Motorizados privados,59.57,0,59.57,6.024689400000001,168,49.74,60.42999189999999,194.2858033
3819,56.68,28.85,12.69,69.78,3.261005,147.05378504,168,06838-1-03,18 a 29,Hombres,Quintil bajo,Norte,Cuidadores domesticos,Motorizados privados,37.22,0,37.22,109.83378504000001,168,41.54,37.77997836,173.24212606
3822,57.15,49.08,5.21,56.559999999999995,5.033992,137.04261695000002,168,06846-1-01,30 a 44,Mujeres,Quintil bajo,Norte,Jovenes trabajadores,Motorizados privados,99.35000000000001,0,99.35000000000001,37.69261695,167.99999999999997,54.29,150.65002584999996,423.9454515299999
3824,50.61,41.74,10.27,65.38000000000001,3.018624,152.77256064000002,168,06848-1-01,45 a 59,Mujeres,Quintil bajo,Norte,Cuidadores domesticos,Motorizados privados,0,0,0,152.77256064000002,168,52.010000000000005,-2.842170943040401e-14,156.99863423999997
3825,84.41,30.87,5.85,46.87,3.919582,145.02030543438363,168,06852-1-01,60 o mas,Mujeres,Quintil medio,Centro,Cuidadores domesticos,Motorizados privados,167.73000000000002,103.5616438356164,64.16835616438362,80.85194927,168,36.72,185.83161118561637,329.7586622256164
3826,52.73,43.38,10.77,61.12000000000002,5.514191,152.96328039,168,06854-1-01,45 a 59,Mujeres,Quintil alto,Centro,Trabajadores moviles,Motorizados privados,112.19999999999999,0,112.19999999999999,40.76328039,168,54.150000000000006,137.80001104,436.3934536899999
3830,66.41,30.6,12.03,58.96000000000001,7.365828,334.96461143,168,06861-1-01,45 a 59,Hombres,Quintil medio,Centro,Trabajadores rutinarios,Motorizados privados,284.3,0,284.3,50.66461143,168,42.63,154.20002604999996,468.2052736899999
3831,86.36,15.8,8.13,57.71,2.979052,257.27093071999997,168,06861-1-02,30 a 44,Mujeres,Quintil medio,Centro,Cuidadores domesticos,Motorizados privados,0,0,0,257.27093071999997,168,23.93,0,71.28871435999997
3835,60.71,38.26,7.72,61.31,8.197827,224.48009292,168,06871-1-01,30 a 44,Mujeres,Quintil medio,Centro,Trabajadores rutinarios,Motorizados privados,246.79,70,176.79,47.69009292,168,45.98,273.20998425,650.1460697099999
3840,48.4,40.27,13.2,66.12999999999998,3.548044,109.115329,168,06881-1-02,45 a 59,Mujeres,Quintil bajo,Centro,Rutina flexible,Motorizados privados,37.39,0,37.39,71.725329,168,53.47,62.61000059999998,252.32391328000008
3853,46.11,59.47,6.86,55.56,2.556871,42.692638692448995,168,06915-1-02,18 a 29,Hombres,Quintil bajo,Sur,Jovenes trabajadores,Motorizados privados,61.529999999999994,36.734693877551,24.79530612244899,17.897332570000003,168,66.33,75.20468311755101,244.801936547551
3857,43.69,54.61,7.65,62.050000000000004,8.852401,228.85139160999998,168,06919-1-02,18 a 29,Mujeres,Quintil medio,Sur,Jovenes trabajadores,Motorizados privados,217.08999999999997,0,217.08999999999997,11.761391609999999,168,62.26,157.91000808000004,709.06049434
3858,55.27,39.8,12.61,60.31999999999999,2.205759,82.69231076,168,06921-1-03,60 o mas,Hombres,Quintil medio,Norte,Trabajadores moviles,Motorizados privados,35.78,0,35.78,46.912310760000004,168,52.41,39.219989170000005,154.82381836000002
3860,50.83,43.94,8.21,65.02000000000001,4.648456,138.70104150000003,168,06925-1-02,30 a 44,Hombres,Quintil medio,Sur,Trabajadores moviles,Motorizados privados,102.42000000000002,0,102.42000000000002,36.2810415,168,52.15,97.57997697999997,339.99695737999997
3861,83.39,28.88,9.5,46.230000000000004,5.58537,294.69404686,168,06926-1-01,30 a 44,Hombres,Quintil medio,Centro,Cuidadores domesticos,Motorizados privados,178.93,0,178.93,115.76404686000001,168,38.379999999999995,171.06995744,385.43645804
3862,76.93,15.64,17.93,57.49999999999999,3.964659,195.04119336999997,168,06926-1-02,30 a 44,Mujeres,Quintil medio,Centro,Trabajadores rutinarios,Motorizados privados,115.03999999999999,0,115.03999999999999,80.00119337,168,33.57,109.96002350000009,243.05362613000005
3873,78.95,25.54,7.24,56.269999999999996,3.56931,151.6470582,168,06962-1-01,45 a 59,Hombres,Quintil medio,Centro,Cuidadores domesticos,Motorizados privados,74.85,30,44.849999999999994,106.79705820000001,168,32.78,130.14996630000002,247.15194810000003
3876,29.22,78.02,6.04,54.720000000000006,3.199139,93.47884158000001,168,06965-1-06,30 a 44,Mujeres,Quintil alto,Norte,Rutina flexible,Motorizados privados,0,0,0,93.47884158000001,168,84.06,0,268.91962434000004
3878,73.7,33.41,5.14,55.75,22.199519,483.7645399,168,06968-1-02,45 a 59,Mujeres,Quintil alto,Centro,Trabajadores moviles,Motorizados privados,472.65999999999997,0,472.65999999999997,11.1045399,168,38.55,1152.3400104,2008.1314678499996
3882,55.32,40.41,12.26,60.01000000000001,3.27794,49.59277021714289,168,06970-1-04,18 a 29,Hombres,Quintil alto,Centro,Trabajadores rutinarios,Motorizados privados,87.89999999999999,69.6428571428571,18.257142857142895,31.335627359999997,168,52.669999999999995,131.7428705828571,304.39197038285704
3887,63.2,25.95,8.9,69.94999999999999,2.572008,185.2409224,168,06976-1-01,30 a 44,Mujeres,Quintil bajo,Centro,Trabajadores rutinarios,Motorizados privados,85.19,0,85.19,100.0509224,168,34.85,-22.690016799999995,66.94446200000002
3888,83.74,15.43,7.53,61.30000000000001,2.875553,221.69884162,168,06979-1-01,30 a 44,Mujeres,Quintil bajo,Centro,Cuidadores domesticos,Motorizados privados,45.9,0,45.9,175.79884162,168,22.96,19.099966599999988,85.12266347999997
3889,74.06,38.08,8.23,47.629999999999995,3.542263,210.90997529999999,168,06979-1-02,18 a 29,Hombres,Quintil bajo,Centro,Trabajadores moviles,Motorizados privados,123.57,0,123.57,87.3399753,168,46.31,51.43002248000005,215.47222201000005
3890,62.15,29.91,7.4,68.53999999999999,3.573099,141.2580817,168,06981-1-01,60 o mas,Hombres,Quintil bajo,Sur,Trabajadores rutinarios,Motorizados privados,69.19,0,69.19,72.0680817,168,37.31,80.81002115000001,214.12234484000004
3898,44.88,40.41,14.08,68.63000000000001,2.947377,38.24827976,168,06998-1-01,60 o mas,Mujeres,Quintil bajo,Centro,Cuidadores domesticos,Motorizados privados,70.97,165,-94.03,132.27827976,168,54.489999999999995,94.03,254.63257272999994
3899,9.68,77.69,20.4,60.23,3.509468,33.97165024,168,06998-1-02,45 a 59,Hombres,Quintil bajo,Centro,Rutina flexible,Motorizados privados,0,0,0,33.97165024,168,98.09,0,344.24371612000004
3901,74.23,20.69,11.37,61.71,1.347854,29.869368684084495,168,07001-1-01,60 o mas,Hombres,Quintil bajo,Norte,Trabajadores rutinarios,Motorizados privados,29.290000000000003,36.9718309859155,-7.6818309859155,37.551199669999995,168,32.06,70.18183373591552,113.39403297591551
3902,90.42,21.42,6.22,49.94,2.972838,233.27399152,168,07007-1-02,30 a 44,Mujeres,Quintil bajo,Centro,Cuidadores domesticos,Motorizados privados,79.47,0,79.47,153.80399152,168,27.64,35.53002043999996,117.69926275999998
3906,37.73,50.35,12.35,67.57000000000002,3.084594,24.761731620000006,168,07015-1-02,60 o mas,Mujeres,Quintil bajo,Centro,Rutina flexible,Motorizados privados,65.88000000000001,157.5,-91.61999999999999,116.38173162,168,62.7,91.61999999999999,285.02404379999996
3908,69.64,39.4,8.22,50.74,7.451059,277.44178395999995,168,07017-1-01,30 a 44,Mujeres,Quintil medio,Norte,Cuidadores domesticos,Motorizados privados,183.54999999999998,0,183.54999999999998,93.89178396,168,47.62,241.4499648000001,596.26939438
3910,79.76,25.69,6.04,56.51,9.984133,473.21447871999993,168,07018-1-01,30 a 44,Mujeres,Quintil alto,Centro,Cuidadores domesticos,Motorizados privados,351.87999999999994,0,351.87999999999994,121.33447871999999,168,31.73,323.1199693600001,639.9165094500001
3917,63.1,37.2,13.76,53.940000000000005,6.659622,251.95216729999999,168,07028-1-01,45 a 59,Mujeres,Quintil medio,Sur,Cuidadores domesticos,Motorizados privados,194.23,0,194.23,57.7221673,168.00000000000003,50.96,168.2699809,507.64431801999996
3926,12.47,43.44,6.11,105.98,3.141033,39.16868151,168,07042-1-03,18 a 29,Mujeres,Quintil medio,Sur,Rutina flexible,Motorizados privados,0,0,0,39.16868151,168,49.55,7.105427357601002e-15,155.63818515
3932,51.25,56.39,4.65,55.71,12.073592,363.86161250000004,168,07055-1-01,30 a 44,Hombres,Quintil alto,Centro,Trabajadores moviles,Motorizados privados,345.09000000000003,0,345.09000000000003,18.7716125,168,61.04,254.9099774999999,991.8820331799998
3933,84.79,7.97,9.77,65.47,3.418687,251.16049885,168,07056-1-02,45 a 59,Mujeres,Quintil bajo,Norte,Cuidadores domesticos,Motorizados privados,36.29,0,36.29,214.87049885000002,168,17.74,38.70997188000001,99.35747925999999
3934,68.51,46.03,5.82,47.63999999999999,2.573197,127.74970729,168,07058-1-01,30 a 44,Mujeres,Quintil bajo,Centro,Jovenes trabajadores,Motorizados privados,46.459999999999994,0,46.459999999999994,81.28970729000001,168,51.85,48.54001918,181.96028363000005
3935,55.97,46.19,8.11,57.730000000000004,2.482978,90.43230728,168,07058-1-02,30 a 44,Hombres,Quintil bajo,Centro,Jovenes trabajadores,Motorizados privados,46.459999999999994,0,46.459999999999994,43.97230728,168,54.3,48.53997138,183.36567677999997
3936,62.03,60.47,5.16,40.34,3.701101,185.12377692444443,168,07059-1-01,18 a 29,Hombres,Quintil bajo,Sur,Jovenes trabajadores,Motorizados privados,123.60000000000001,18.0555555555556,105.54444444444441,79.57933248,168,65.63,44.45551810555557,287.3587767355556
3939,68.22,29.82,10.91,59.05000000000001,3.997916,159.00784683999998,168,07063-1-01,45 a 59,Hombres,Quintil bajo,Centro,Trabajadores moviles,Motorizados privados,98.77,0,98.77,60.237846839999996,168,40.730000000000004,113.72998268,276.56510135999997
3940,50.39,43.4,13.69,60.52000000000001,4.604099,134.72056621000002,168,07064-1-01,30 a 44,Mujeres,Quintil bajo,Sur,Trabajadores rutinarios,Motorizados privados,102.72,0,102.72,32.00056621,168,57.089999999999996,97.27998239999997,360.1279943099999
3941,36.05,45.45,13.57,72.92999999999998,2.923112,105.3781876,168,07068-1-02,45 a 59,Mujeres,Quintil bajo,Norte,Rutina flexible,Motorizados privados,0,0,0,105.3781876,167.99999999999997,59.02,0,172.52207024000006
3945,39.01,49.76,18.7,60.530000000000015,3.147568,19.730584374150894,168,07074-1-01,60 o mas,Mujeres,Quintil bajo,Norte,Rutina flexible,Motorizados privados,57.510000000000005,98.06603773584911,-40.5560377358491,60.286622109999996,168,68.46,103.0560433058491,318.53854858584907
3951,79.54,21.94,8.16,58.36,4.799492,262.02156909999997,168,07085-1-01,30 a 44,Mujeres,Quintil bajo,Centro,Cuidadores domesticos,Motorizados privados,155.26999999999998,0,155.26999999999998,106.7515691,168,30.1,119.73002458000008,264.19473378
3955,63.3,30.52,14.98,59.2,4.601722,141.4689988,168,07096-1-01,45 a 59,Hombres,Quintil bajo,Centro,Trabajadores rutinarios,Motorizados privados,100.17999999999999,0,100.17999999999999,41.2889988,168,45.5,149.82000379999994,359.19835479999995
3956,61.49,38.38,9.49,58.63999999999999,2.886572,106.70533784999999,168,07097-1-02,18 a 29,Hombres,Quintil bajo,Centro,Cuidadores domesticos,Motorizados privados,54.21,0,54.21,52.49533784999999,168,47.870000000000005,70.78997443000002,208.9701760700001
3962,45.57,52.63,11.01,58.79000000000001,11.078302,234.24822975,168,07104-1-01,60 o mas,Hombres,Quintil medio,Sur,Trabajadores moviles,Motorizados privados,229.41,0,229.41,4.838229750000001,168.00000000000003,63.64,270.58999239,975.6131316699998
3979,62.47,43.08,7.84,54.61,2.73858,120.08906385,168,07144-1-01,30 a 44,Hombres,Quintil bajo,Centro,Jovenes trabajadores,Motorizados privados,74.01,0,74.01,46.07906385,168,50.92,50.99002874999999,190.43852234999997
3982,66.71,40.85,7.24,53.2,14.185706,507.11844381000003,168,07154-1-01,30 a 44,Mujeres,Quintil alto,Centro,Trabajadores moviles,Motorizados privados,435.79,0,435.79,71.32844381000001,168,48.09,439.2100034499998,1121.40060499
3983,51.42,43.46,12.89,60.230000000000004,3.365576,78.77793937999999,168,07156-1-01,45 a 59,Mujeres,Quintil bajo,Norte,Trabajadores rutinarios,Motorizados privados,55.72,0,55.72,23.05793938,168,56.35,94.27997854,283.93018613999993
3984,65.18,32.01,9.74,61.07,16.174451,405.12070106,168,07157-1-01,30 a 44,Mujeres,Quintil alto,Centro,Trabajadores rutinarios,Motorizados privados,475.87,150,325.87,79.25070106,168,41.75,649.1300151200002,1324.4133443700002
3987,41.07,44.25,17.54,65.14000000000001,4.421489,24.453086250700604,168,07162-1-01,60 o mas,Hombres,Quintil bajo,Sur,Trabajadores rutinarios,Motorizados privados,127.06,121.6974522292994,5.362547770700601,19.090538480000003,168,61.79,157.1374669792994,430.34127228929935
3993,91.93,15.56,19.84,40.66999999999999,3.814342,245.35249198,168,07173-1-01,30 a 44,Hombres,Quintil medio,Centro,Cuidadores domesticos,Motorizados privados,144.7,0,144.7,100.65249198000001,168,35.4,105.29996808000001,240.32767488000005
3994,79.11,22.07,9.93,56.88999999999999,3.842939,219.75488473000001,168,07173-1-02,30 a 44,Mujeres,Quintil medio,Centro,Cuidadores domesticos,Motorizados privados,115.74000000000001,0,115.74000000000001,104.01488473,168,32,84.26001955999999,207.23406756000003
3995,73.57,37.52,5.79,51.120000000000005,3.908456,153.71507966999997,168,07177-1-01,45 a 59,Mujeres,Quintil bajo,Centro,Cuidadores domesticos,Motorizados privados,191.17,125,66.16999999999999,87.54507966999999,168,43.31,133.83002825,303.10525761
3996,54.68,37.89,14.51,60.919999999999995,3.105743,169.82202723999998,168,07180-1-01,45 a 59,Mujeres,Quintil medio,Norte,Cuidadores domesticos,Motorizados privados,0,0,0,169.82202723999998,168,52.4,0,162.74093320000006
3997,12.28,43.83,14.79,97.1,3.042547,37.362477160000005,168,07182-1-02,18 a 29,Mujeres,Quintil bajo,Centro,Cuidadores domesticos,Motorizados privados,0,0,0,37.362477160000005,168,58.62,-7.105427357601002e-15,178.35410514
3998,41.31,60.03,11.34,55.31999999999999,4.900196,141.30706756,168,07184-1-02,30 a 44,Mujeres,Quintil alto,Centro,Rutina flexible,Motorizados privados,63.88,0,63.88,77.42706756,168,71.37,61.120029200000005,410.84701772
3999,64.13,36.67,9,58.2,5.03813,211.83529577000002,168,07186-1-02,30 a 44,Hombres,Quintil medio,Sur,Cuidadores domesticos,Motorizados privados,138.74,0,138.74,73.09529577,168,45.67,111.25998112999997,341.3513782299999
4002,50.85,50,5.94,61.21000000000001,5.268135,110.820301423913,168,07190-1-03,18 a 29,Mujeres,Quintil medio,Norte,Jovenes trabajadores,Motorizados privados,109.24,16.304347826087,92.935652173913,17.88464925,168,55.94,157.064363326087,451.763835226087
4007,74.43,32.91,8.8,51.86,3.020051,141.1924287,168,07199-1-02,30 a 44,Mujeres,Quintil bajo,Centro,Cuidadores domesticos,Motorizados privados,66.41000000000001,0,66.41000000000001,74.7824287,168,41.709999999999994,83.58996723000004,209.55629444
4022,26.05,68.16,8.23,65.55999999999999,2.978839,77.59875595,168,07238-1-01,30 a 44,Mujeres,Quintil bajo,Norte,Rutina flexible,Motorizados privados,0,0,0,77.59875595,168,76.39,0,227.55351121
4025,48.61,24.34,9.06,85.99,3.106068,150.98596548,168,07246-1-01,30 a 44,Mujeres,Quintil bajo,Sur,Cuidadores domesticos,Motorizados privados,0,0,0,150.98596548,168,33.4,0,103.74267120000002
4030,68.58,25.87,6.28,67.27,4.71902,188.41041281999998,168,07259-1-02,45 a 59,Hombres,Quintil medio,Centro,Trabajadores moviles,Motorizados privados,114.77999999999999,0,114.77999999999999,73.63041281999999,168,32.15,135.21997878000002,286.9364717800001
4033,85.21,20.75,7.79,54.25000000000001,3.068309,199.53065192,168,07265-1-02,30 a 44,Mujeres,Quintil bajo,Norte,Cuidadores domesticos,Motorizados privados,63.080000000000005,0,63.080000000000005,136.45065191999998,168,28.54,61.91995797000001,149.48949683000004
4035,76.25,25.4,7.04,59.309999999999995,2.912396,150.0448028846154,168,07266-1-02,18 a 29,Mujeres,Quintil bajo,Norte,Trabajadores moviles,Motorizados privados,62.59,9.61538461538461,52.97461538461539,97.0701875,168,32.44,72.02539211538462,166.5035183553846
4040,61.38,31.05,8.63,66.94000000000001,2.249468,127.34235058,168,07275-1-02,45 a 59,Mujeres,Quintil bajo,Norte,Cuidadores domesticos,Motorizados privados,14.27,0,14.27,113.07235058,168,39.68,10.729995259999995,99.98888549999994
4048,71.94,22.8,8.01,65.25,2.662405,136.03340631999998,168,07291-1-02,45 a 59,Mujeres,Quintil bajo,Centro,Trabajadores rutinarios,Motorizados privados,44.5,0,44.5,91.53340632,168,30.810000000000002,55.50000938000002,137.52870743000005
4054,57.09,49.81,2.5,58.599999999999994,2.976546,164.59098192000002,168,07304-1-01,30 a 44,Mujeres,Quintil medio,Centro,Cuidadores domesticos,Motorizados privados,7.16,0,7.16,157.43098192000002,168,52.31,5.340029219999991,161.04315047999998
4060,65.09,25.6,9.18,68.13,2.932776,147.77436465,168,07321-1-01,30 a 44,Hombres,Quintil bajo,Centro,Cuidadores domesticos,Motorizados privados,71.88,0,71.88,75.89436465,168,34.78,43.12002519000001,145.12197447
4064,50.48,32.46,12.89,72.17,4.540153,110.93691784,168,07332-1-01,45 a 59,Hombres,Quintil bajo,Centro,Trabajadores rutinarios,Motorizados privados,94.25,0,94.25,16.686917840000003,168,45.35,118.25000559999998,324.14594415
4065,71.32,35.67,3.45,57.56,2.390316,112.4373434,168,07334-1-01,30 a 44,Hombres,Quintil bajo,Norte,Trabajadores rutinarios,Motorizados privados,66.96000000000001,0,66.96000000000001,45.4773434,168,39.120000000000005,58.039993719999984,151.54915563999995
4070,75.19,35.3,8.6,48.910000000000004,25.54489,710.6493020480644,168,07339-1-01,45 a 59,Hombres,Quintil alto,Sur,Trabajadores moviles,Motorizados privados,673.8,58.8709677419355,614.9290322580645,95.72026979,168,43.9,1210.0709770519352,2331.4916480519355
4071,53.33,35.99,14.18,64.5,9.896101,196.23001292193544,168,07339-1-02,45 a 59,Mujeres,Quintil alto,Sur,Trabajadores rutinarios,Motorizados privados,184.59999999999997,16.1290322580645,168.47096774193545,27.759045179999998,168,50.17,331.52905340806456,828.0164405780645
4077,54.64,39.28,10.27,63.81,3.511729,146.440864,168,07353-1-02,45 a 59,Mujeres,Quintil bajo,Centro,Cuidadores domesticos,Motorizados privados,44.559999999999995,0,44.559999999999995,101.880864,168,49.55,45.440008559999995,219.44618050999995
4083,43,27.02,14.41,83.57000000000001,3.174186,36.19130039722861,168,07361-1-01,60 o mas,Hombres,Quintil bajo,Norte,Trabajadores rutinarios,Motorizados privados,49.49,99.7886836027714,-50.2986836027714,86.489984,168,41.43,100.2986976027714,231.8052235827714
4086,30.77,30.76,9.55,96.91999999999999,3.052293,93.91905561,168,07364-1-02,60 o mas,Mujeres,Quintil medio,Sur,Trabajadores rutinarios,Motorizados privados,0,0,0,93.91905561,168,40.31,0,123.03793083000004
4093,32.58,53.47,5.09,76.86000000000001,3.017383,98.30633814,168,07375-1-02,18 a 29,Mujeres,Quintil bajo,Norte,Rutina flexible,Motorizados privados,0,0,0,98.30633814,168,58.56,0,176.69794847999998
4101,50.85,42.98,17.82,56.350000000000016,4.923626,130.06640234999998,168,07391-1-02,45 a 59,Hombres,Quintil bajo,Centro,Trabajadores rutinarios,Motorizados privados,79.69999999999999,0,79.69999999999999,50.366402349999994,168.00000000000003,60.8,120.29997975,419.65644054999984
4104,83.02,24.07,12.13,48.78,9.633034,381.4044335,168,07397-1-01,45 a 59,Mujeres,Quintil alto,Norte,Cuidadores domesticos,Motorizados privados,369.17,87.5,281.67,99.73443349999998,168,36.2,418.33004918000006,767.04587998
4105,46.97,51.7,8,61.33,10.0672,142.0202395638461,168,07399-1-02,45 a 59,Hombres,Quintil alto,Norte,Jovenes trabajadores,Motorizados privados,148.01,28.8461538461539,119.1638461538461,22.85639341,168,59.7,330.83614443615386,931.847984436154
4108,61.97,18.77,12.12,75.14,3.102258,126.04027374333332,168,07405-1-02,30 a 44,Mujeres,Quintil bajo,Norte,Trabajadores rutinarios,Motorizados privados,75.46000000000001,16.6666666666667,58.79333333333331,67.24694041000001,168,30.89,66.20665451666669,162.03540413666667
4111,56.02,41.08,9.95,60.94999999999999,3.081698,172.63672196,168,07410-1-02,45 a 59,Mujeres,Quintil bajo,Norte,Cuidadores domesticos,Motorizados privados,0,0,0,172.63672196,168,51.03,0,157.25904894
4118,53.5,29.6,8.77,76.13000000000001,9.824018,216.134983,168,07425-1-01,45 a 59,Hombres,Quintil alto,Centro,Trabajadores rutinarios,Motorizados privados,253.05,62.5,190.55,25.584983,168,38.370000000000005,309.44998,686.39755066
4123,54.35,35.21,11.22,67.22,5.412982,206.65556049999998,168,07432-1-01,45 a 59,Hombres,Quintil medio,Sur,Trabajadores rutinarios,Motorizados privados,162.45999999999998,0,162.45999999999998,44.1955605,168,46.43,87.54001120000004,338.86476546000006
4124,49.04,44.06,13.48,61.42,5.69156,172.28409743999998,168,07434-1-01,60 o mas,Hombres,Quintil bajo,Centro,Trabajadores rutinarios,Motorizados privados,143.17,0,143.17,29.11409744,168,57.540000000000006,106.83000496,434.32236736000004
4131,71.7,14.8,12.12,69.38,2.584292,140.7393637,168,07447-1-01,18 a 29,Hombres,Quintil bajo,Sur,Trabajadores moviles,Motorizados privados,86.93,21.484375,65.445625,75.2937387,168,26.92,44.55437269999999,114.12351334000002
4132,73.02,29.18,6.57,59.23000000000001,1.849504,114.79513417999999,168,07447-1-04,30 a 44,Mujeres,Quintil bajo,Sur,Cuidadores domesticos,Motorizados privados,39.51,9.765625,29.744374999999998,85.05075918,168,35.75,20.255647900000014,86.37541589999998
4138,68.89,33.88,4.82,60.40999999999999,2.764257,156.69968123,168,07457-1-02,30 a 44,Mujeres,Quintil bajo,Centro,Cuidadores domesticos,Motorizados privados,41.269999999999996,0,41.269999999999996,115.42968123,168,38.7,33.7299835,140.70672940000003
4146,55.42,39,16.93,56.65,3.044404,168.72086968000002,168,07474-1-01,60 o mas,Mujeres,Quintil bajo,Sur,Cuidadores domesticos,Motorizados privados,0,0,0,168.72086968000002,168,55.93,0,170.27351571999998
4147,70.97,46.17,4.11,46.75,2.755987,147.21244129999997,168,07480-1-01,30 a 44,Mujeres,Quintil bajo,Sur,Jovenes trabajadores,Motorizados privados,81.61999999999999,15,66.61999999999999,80.59244129999999,168,50.28,48.379956090000036,186.95098245000008
4148,64.55,28.85,12.78,61.81999999999999,3.031684,195.69520219999998,168,07481-1-01,30 a 44,Mujeres,Quintil bajo,Centro,Cuidadores domesticos,Motorizados privados,0,0,0,195.69520219999998,168,41.63,0,126.20900492000004
4149,54.76,28.04,13.51,71.69000000000001,4.291791,149.22849964,168,07481-1-02,30 a 44,Hombres,Quintil bajo,Centro,Trabajadores rutinarios,Motorizados privados,176.71,50,126.71000000000001,22.51849964,168,41.55,85.78997551999998,264.11389156999996
4151,59.58,25.52,9.34,73.56,3.111171,185.36356818000002,168,07484-1-02,45 a 59,Mujeres,Quintil bajo,Centro,Cuidadores domesticos,Motorizados privados,0,0,0,185.36356818000002,168,34.86,0,108.45542105999999
4152,59.65,49.17,9.98,49.19999999999999,11.218378,205.09455199322701,168,07487-1-01,45 a 59,Mujeres,Quintil alto,Centro,Trabajadores moviles,Motorizados privados,265.5,104.581673306773,160.91832669322702,44.176225300000006,168,59.150000000000006,464.08169570677296,1127.6487544067732
4153,46.65,46.89,13.13,61.32999999999999,6.5447,82.551066062749,168,07487-1-02,45 a 59,Hombres,Quintil alto,Centro,Trabajadores rutinarios,Motorizados privados,127.44,50.199203187251,77.240796812749,5.310269249999999,167.99999999999997,60.02,222.759188937251,615.5720829372511
4155,65.3,28.78,8.95,64.97,8.364617,300.6525347230769,168,07497-1-01,30 a 44,Hombres,Quintil alto,Centro,Trabajadores moviles,Motorizados privados,302.52,48.0769230769231,254.4430769230769,46.2094578,168,37.730000000000004,245.55695537692316,561.1539547869232
4160,64.95,26.14,14.01,62.9,7.044148,292.74738455,168,07513-1-01,18 a 29,Hombres,Quintil alto,Sur,Cuidadores domesticos,Motorizados privados,216.48,0,216.48,76.26738454999999,168,40.15,164.77002805,447.59257025
4163,19.69,44.69,14.11,89.51,3.165804,62.33468075999999,168,07520-1-01,45 a 59,Mujeres,Quintil bajo,Centro,Cuidadores domesticos,Motorizados privados,0,0,0,62.33468075999999,168,58.8,1.4210854715202004e-14,186.14927519999998
4165,51.93,51.64,13.34,51.08999999999999,3.071784,159.51774312,168,07522-1-02,30 a 44,Mujeres,Quintil alto,Norte,Cuidadores domesticos,Motorizados privados,0,0,0,159.51774312,168,64.98,0,199.60452432000002
4167,65.71,43.39,7.71,51.190000000000005,2.787982,143.17826465,168,07525-1-01,30 a 44,Mujeres,Quintil bajo,Norte,Cuidadores domesticos,Motorizados privados,34.98,0,34.98,108.19826465,168,51.1,40.020032569999984,182.48591277
4170,75.73,16.1,7.56,68.60999999999999,14.213032,343.69961830666705,168,07528-1-02,45 a 59,Hombres,Quintil alto,Centro,Trabajadores moviles,Motorizados privados,430.68,163.333333333333,267.34666666666703,76.35295164,168,23.66,732.653295053333,1068.933632173333
4175,86.26,30.79,7.38,43.56999999999999,2.808911,177.4238045971429,168,07532-1-02,30 a 44,Mujeres,Quintil medio,Centro,Cuidadores domesticos,Motorizados privados,62.27,7.14285714285714,55.127142857142864,122.29666174000002,168,38.17,64.87285826285714,172.08899113285716
4176,68.98,23.7,11.52,63.8,3.018625,183.77985888297866,168,07533-1-02,30 a 44,Mujeres,Quintil alto,Sur,Cuidadores domesticos,Motorizados privados,37.470000000000006,61.9148936170213,-24.444893617021293,208.22475249999997,168,35.22,24.444893617021364,130.76086611702135
4179,73.99,28.32,7.21,58.48,3.267857,173.05872982,168,07538-1-02,45 a 59,Mujeres,Quintil bajo,Norte,Cuidadores domesticos,Motorizados privados,68.77000000000001,0,68.77000000000001,104.28872982,168,35.53,68.73000960999997,184.83696882000004
4181,63.33,20.36,11.57,72.74000000000001,5.618606,213.48632457999997,168,07540-1-01,30 a 44,Mujeres,Quintil bajo,Centro,Trabajadores rutinarios,Motorizados privados,157.66,0,157.66,55.82632457999999,168,31.93,142.33999340000003,321.74208297999996
4190,71.98,36.2,8.74,51.07999999999999,8.240401,240.03784397180337,168,07560-1-01,45 a 59,Hombres,Quintil alto,Centro,Trabajadores moviles,Motorizados privados,306.32000000000005,84.4262295081967,221.89377049180337,18.144073480000003,168,44.940000000000005,353.1062200081967,723.4298409481968
4191,53.7,39.5,4.89,69.91,1.120304,60.160312299999994,168,07560-1-02,45 a 59,Mujeres,Quintil alto,Centro,Trabajadores rutinarios,Motorizados privados,0,0,0,60.160312299999994,168,44.39,1.250000000396767e-5,49.73030706000001
4192,51.97,30.96,10.89,74.17999999999999,2.240757,70.3900442976265,168,07560-1-03,18 a 29,Hombres,Quintil alto,Centro,Trabajadores rutinarios,Motorizados privados,39.95,11.0121168923735,28.937883107626504,41.45216119,168,41.85,46.06209699237348,139.8377774423735
4193,52.96,40.29,10.7,64.05,3.612869,127.85756048000002,168,07561-2-01,30 a 44,Hombres,Quintil bajo,Centro,Trabajadores rutinarios,Motorizados privados,111.52000000000001,0,111.52000000000001,16.33756048,168,50.989999999999995,63.47998175999999,247.70017207
4197,53.94,40.99,8.45,64.61999999999999,9.740397,271.03700385999997,168,07565-1-01,45 a 59,Hombres,Quintil alto,Sur,Trabajadores rutinarios,Motorizados privados,220.64,0,220.64,50.39700386,168,49.44,254.36001031999996,735.925238
4198,28.13,52.13,15.47,72.27000000000001,3.137264,88.25123632,168,07566-1-01,45 a 59,Mujeres,Quintil bajo,Norte,Rutina flexible,Motorizados privados,0,0,0,88.25123632,168,67.60000000000001,0,212.07904639999995
4199,60.15,29.51,13.02,65.32,3.268412,41.78043169649099,168,07569-1-01,45 a 59,Mujeres,Quintil medio,Sur,Cuidadores domesticos,Motorizados privados,125.00999999999999,142.324561403509,-17.314561403509003,59.094993099999996,168,42.53,154.81455010350902,293.820112463509
4202,56.93,36.33,10.8,63.94,1.955929,97.0624726114286,168,07580-1-01,30 a 44,Hombres,Quintil bajo,Centro,Trabajadores rutinarios,Motorizados privados,82.14,21.4285714285714,60.7114285714286,36.35104404,168,47.129999999999995,14.288565358571404,106.4714991285714
4209,64.16,32.3,7.89,63.650000000000006,2.69767,82.652483,168,07589-1-02,45 a 59,Hombres,Quintil bajo,Centro,Trabajadores moviles,Motorizados privados,47.07,25,22.07,60.582483,168,40.19,90.43002419999998,198.8493815
4213,71,32.42,9.01,55.57,6.394606,227.137042,168,07603-1-01,60 o mas,Hombres,Quintil bajo,Centro,Cuidadores domesticos,Motorizados privados,148.12,0,148.12,79.017042,168,41.43,226.87998399999998,491.80851058
4216,58.5,40.48,6.48,62.540000000000006,4.636262,186.9913495,168,07609-1-01,30 a 44,Mujeres,Quintil bajo,Sur,Cuidadores domesticos,Motorizados privados,128.27,0,128.27,58.721349499999995,168,46.959999999999994,84.22997750000002,301.94884102
4217,59.86,50.01,7.44,50.690000000000005,3.154144,87.2491370745206,168,07610-1-05,18 a 29,Hombres,Quintil medio,Centro,Trabajadores moviles,Motorizados privados,106.49,58.0479452054794,48.442054794520594,38.80708228,168,57.449999999999996,101.55792276547939,282.7634955654794
4220,53.46,64.32,6.14,44.08,6.330862,156.3578775,168,07614-1-01,45 a 59,Hombres,Quintil bajo,Norte,Jovenes trabajadores,Motorizados privados,130.41,0,130.41,25.9478775,168,70.46,182.09000502,628.16254154
4223,65.38,35.11,10.07,57.440000000000005,7.830006,293.72581204000005,168,07618-1-02,30 a 44,Hombres,Quintil alto,Centro,Trabajadores moviles,Motorizados privados,231.8,0,231.8,61.92581204000001,168,45.18,218.1999802399999,571.9596513199999
4226,5.03,73.27,3.76,85.94,3.087272,15.528978159999998,168,07620-1-03,18 a 29,Hombres,Quintil bajo,Centro,Rutina flexible,Motorizados privados,0,0,0,15.528978159999998,168,77.03,3.552713678800501e-15,237.81256216
4227,86.34,17.23,9.65,54.779999999999994,2.987285,115.41220104000001,168,07621-1-01,45 a 59,Hombres,Quintil bajo,Centro,Trabajadores rutinarios,Motorizados privados,107.49000000000001,0,107.49000000000001,7.922201039999999,168,26.880000000000003,142.50998585999997,222.80820666
4229,52.6,39.48,8.32,67.60000000000002,9.01123,253.81067679999998,168,07630-1-01,30 a 44,Hombres,Quintil medio,Sur,Trabajadores rutinarios,Motorizados privados,229.82,0,229.82,23.990676799999996,168.00000000000003,47.8,220.18002120000003,650.9168151999997
4230,81.1,23.33,8.15,55.42000000000001,8.428253,329.4246260333333,168,07631-1-02,30 a 44,Mujeres,Quintil alto,Centro,Trabajadores moviles,Motorizados privados,268.81,47.9166666666667,220.89333333333332,108.5312927,168,31.479999999999997,354.10669226666664,619.4280967066666
4231,64.02,31.69,12.21,60.080000000000005,6.370837,207.80100083999994,168,07634-1-01,30 a 44,Hombres,Quintil medio,Centro,Trabajadores rutinarios,Motorizados privados,299.93999999999994,125,174.93999999999994,32.86100084,168,43.900000000000006,200.05998390000005,479.73972819999994
4238,65.48,34.4,9.95,58.17,2.798878,159.19030587609024,168,07645-1-01,60 o mas,Mujeres,Quintil alto,Norte,Cuidadores domesticos,Motorizados privados,27.009999999999998,51.09022556390977,-24.08022556390977,183.27053144,168,44.349999999999994,24.080225563909778,148.2104648639098
4239,55.24,56.65,5.63,50.47999999999999,3.366089,94.98522312300751,168,07645-1-03,30 a 44,Mujeres,Quintil alto,Norte,Jovenes trabajadores,Motorizados privados,102.05000000000001,23.0075187969925,79.04248120300751,15.942741920000001,168,62.28,90.95753323699249,300.59755615699254
4240,56.02,27.02,6.84,78.11999999999999,8.376581,228.51382204090228,168,07645-1-04,30 a 44,Hombres,Quintil alto,Norte,Trabajadores moviles,Motorizados privados,270.15999999999997,60.9022556390977,209.25774436090228,19.25607768,168,33.86,240.74224557909773,524.3732782390978
4241,50.03,54.47,7.19,56.31,4.046478,124.40527180999999,168,07647-1-01,30 a 44,Hombres,Quintil bajo,Norte,Jovenes trabajadores,Motorizados privados,109.46,0,109.46,14.94527181,168,61.66,78.04002252999999,327.54585600999997
4251,74.68,43.58,5.81,43.92999999999999,3.204296,183.24687008,168,07663-1-02,30 a 44,Mujeres,Quintil medio,Norte,Cuidadores domesticos,Motorizados privados,43.95,0,43.95,139.29687008000002,168,49.39,56.0499552,214.31013464
4253,66.38,37.1,11.85,52.67000000000001,4.225548,171.45186947999997,168,07668-1-01,30 a 44,Mujeres,Quintil alto,Centro,Cuidadores domesticos,Motorizados privados,138.95999999999998,48,90.95999999999998,80.49186948,168,48.95,109.04000675999998,315.88058135999995
4258,64.61,50.85,7.07,45.47,11.843613,206.78011164428602,168,07672-1-01,45 a 59,Hombres,Quintil alto,Centro,Trabajadores moviles,Motorizados privados,405.85,214.285714285714,191.56428571428603,15.21582593,168,57.92,558.4357242857138,1244.417789245714
4259,63.55,25.14,18.67,60.64,4.709702,155.9315688,168,07675-1-01,45 a 59,Hombres,Quintil bajo,Norte,Trabajadores rutinarios,Motorizados privados,81.63000000000001,0,81.63000000000001,74.3015688,168,43.81,143.3699933,349.70203791999995
4266,96.04,16.84,6.1,49.01999999999999,4.381031,341.60425752000003,168,07691-1-01,30 a 44,Mujeres,Quintil bajo,Sur,Trabajadores moviles,Motorizados privados,163.35000000000002,10,153.35000000000002,188.25425751999998,168,22.939999999999998,79.14995972000003,179.6508108600001
4267,86.12,14.91,5.52,61.45,2.415066,136.84551244000002,168,07694-1-02,45 a 59,Mujeres,Quintil bajo,Sur,Trabajadores rutinarios,Motorizados privados,53.86000000000001,0,53.86000000000001,82.98551244000001,168,20.43,71.13997147999999,120.47976985999995
4270,67.39,26.22,14.11,60.28,3.271767,63.02017550335839,168,07697-1-05,60 o mas,Hombres,Quintil alto,Centro,Cuidadores domesticos,Motorizados privados,68.75999999999999,226.2242026266416,-157.46420262664162,220.48437813,168,40.33,157.46420262664162,289.41456573664163
4273,40.34,65.72,5.99,55.949999999999996,2.696734,33.39624103999999,168,07701-1-01,45 a 59,Mujeres,Quintil bajo,Centro,Jovenes trabajadores,Motorizados privados,62.10999999999999,75,-12.890000000000008,46.28624104,168,71.71,75.39000852000002,268.77280366
4277,51.52,35.57,9.64,71.27,7.691042,227.62251207999998,168,07714-1-02,30 a 44,Hombres,Quintil alto,Centro,Trabajadores moviles,Motorizados privados,206.38,0,206.38,21.242512079999997,168,45.21,168.61997176000006,516.33198058
4285,24.46,53.83,13.68,76.03,3.162478,77.35421188000001,168,07725-1-01,60 o mas,Hombres,Quintil bajo,Norte,Rutina flexible,Motorizados privados,0,0,0,77.35421188000001,168,67.50999999999999,0,213.49888977999998
4302,47.26,38.18,6.8,75.76,2.57648,65.68446023999999,168,07769-1-03,30 a 44,Hombres,Quintil bajo,Centro,Trabajadores rutinarios,Motorizados privados,58.919999999999995,0,58.919999999999995,6.764460239999999,168,44.98,56.079984560000014,171.97005496
4306,65.7,34.01,7.78,60.50999999999999,3.421456,165.02963269999998,168,07779-1-01,30 a 44,Hombres,Quintil bajo,Norte,Trabajadores rutinarios,Motorizados privados,102.74,0,102.74,62.2896327,168,41.79,59.76002650000004,202.74267274000005
4308,97.32,17.85,6.23,46.60000000000001,2.836217,203.77219302736842,168,07782-1-01,30 a 44,Mujeres,Quintil bajo,Norte,Cuidadores domesticos,Motorizados privados,87.62,47.3684210526316,40.25157894736841,163.52061408,168,24.080000000000002,72.24844541263155,140.54455077263157
4311,51.07,21.05,24.99,70.89000000000001,3.312874,113.96849007,168,07784-1-02,45 a 59,Hombres,Quintil bajo,Centro,Trabajadores rutinarios,Motorizados privados,94.78,0,94.78,19.18849007,168,46.04,55.21998510999998,207.74470406999993
4315,27.17,37.68,21.03,82.11999999999998,3.127888,26.580016499170505,168,07791-1-02,60 o mas,Mujeres,Quintil medio,Centro,Rutina flexible,Motorizados privados,40.54,98.9447004608295,-58.404700460829496,84.98471696,167.99999999999997,58.71,58.404700460829496,242.04300494082955
4319,53.79,42.38,20.94,50.890000000000015,3.287347,134.50639513000002,168,07802-1-02,60 o mas,Mujeres,Quintil medio,Centro,Cuidadores domesticos,Motorizados privados,28.93,71.25,-42.32,176.82639513,168,63.32000000000001,42.31999999999999,250.47481203999993
4322,55.8,34.63,9,68.57,4.192757,148.7858156,168,07811-1-01,30 a 44,Hombres,Quintil bajo,Centro,Trabajadores rutinarios,Motorizados privados,114.83,0,114.83,33.9558156,168,43.63,85.17002500000001,268.10001291000003
4323,58.51,31.38,7.53,70.58000000000001,2.515733,96.74556996000001,168,07812-1-03,45 a 59,Hombres,Quintil bajo,Centro,Trabajadores moviles,Motorizados privados,62.050000000000004,0,62.050000000000004,34.69556996,168,38.91,50.449967869999995,148.33713889999996
4330,48.74,25.44,14.87,78.94999999999999,2.422973,59.4457112,168,07831-1-01,45 a 59,Hombres,Quintil bajo,Sur,Trabajadores rutinarios,Motorizados privados,57.1,0,57.1,2.3457111999999998,168,40.31,58.64999282,156.32003445
4331,63.89,13.99,14.52,75.60000000000001,1.155673,48.4959267,168,07831-1-04,18 a 29,Mujeres,Quintil bajo,Sur,Trabajadores rutinarios,Motorizados privados,24.66,0,24.66,23.835926699999998,168,28.509999999999998,25.340021269999994,58.288258499999984
4332,82.52,25.15,4.83,55.50000000000001,2.710736,164.64993992,168,07833-1-02,45 a 59,Mujeres,Quintil bajo,Centro,Cuidadores domesticos,Motorizados privados,65.96,0,65.96,98.68993992000001,168,29.979999999999997,59.03999479999996,140.30786007999995
4335,87.95,12.53,11.37,56.15,5.391864,167.20439404999996,168,07845-1-01,30 a 44,Mujeres,Quintil medio,Centro,Cuidadores domesticos,Motorizados privados,292.98999999999995,225,67.98999999999995,99.21439405000001,168,23.9,307.0100447500001,435.87559435
4338,6.97,91.58,3.32,66.13000000000001,3.329524,23.20678228,168,07848-1-02,18 a 29,Mujeres,Quintil bajo,Sur,Rutina flexible,Motorizados privados,0,0,0,23.20678228,168,94.89999999999999,0,315.9718276
4344,59.33,48.14,9.42,51.11,2.408524,99.83774346,168,07858-1-01,30 a 44,Hombres,Quintil bajo,Centro,Trabajadores moviles,Motorizados privados,56.94,0,56.94,42.89774346,168,57.56,43.05998545999999,181.6946269
4348,61.89,47.99,9.17,48.949999999999996,11.029065,398.06881960000004,168,07866-1-02,45 a 59,Hombres,Quintil alto,Sur,Jovenes trabajadores,Motorizados privados,340.48,0,340.48,57.5888196,168,57.160000000000004,284.52001324999986,914.94136865
4349,34.42,57.22,7.36,68.99999999999999,21.13977,280.26087822,168,07867-1-01,30 a 44,Hombres,Quintil alto,Norte,Rutina flexible,Motorizados privados,227.63,0,227.63,52.63087822000001,168,64.58,447.37000518,1812.57635178
4354,19.3,51.31,10.41,86.97999999999999,3.072207,59.293595100000005,168,07875-1-04,18 a 29,Mujeres,Quintil bajo,Norte,Rutina flexible,Motorizados privados,0,0,0,59.293595100000005,168,61.72,0,189.61661604000003
4362,45.33,53.62,7.31,61.74000000000001,2.262966,75.94026218,168,07884-1-03,18 a 29,Hombres,Quintil bajo,Sur,Jovenes trabajadores,Motorizados privados,43.36000000000001,0,43.36000000000001,32.58026218,168,60.93,26.639986599999986,164.52250497999995
4364,53.82,37.24,11.8,65.14,4.579519,150.16969472000002,168,07888-1-02,45 a 59,Hombres,Quintil bajo,Sur,Trabajadores rutinarios,Motorizados privados,103.70000000000002,0,103.70000000000002,46.46969472,168,49.040000000000006,96.30001786,320.87962962000006
4365,47.92,55.09,9.4,55.589999999999996,7.484417,120.4744504705882,168,07897-1-01,30 a 44,Hombres,Quintil alto,Centro,Jovenes trabajadores,Motorizados privados,183.88,72.0588235294118,111.8211764705882,8.653274,168,64.49000000000001,238.1788121694118,720.8488644994118
4367,39.68,60.04,10.44,57.84,3.016591,119.69833088,168,07901-1-02,45 a 59,Mujeres,Quintil bajo,Sur,Rutina flexible,Motorizados privados,0,0,0,119.69833088,168,70.48,0,212.60933367999996
4370,46.39,44.24,9.55,67.82000000000001,4.46839,108.62859033999999,168,07908-1-03,18 a 29,Hombres,Quintil alto,Sur,Trabajadores rutinarios,Motorizados privados,88.83999999999999,0,88.83999999999999,19.788590340000002,168,53.790000000000006,98.66002176000003,339.01471986
4371,56.41,53.05,7.41,51.13000000000001,2.83732,98.8276033049123,168,07911-1-02,30 a 44,Mujeres,Quintil bajo,Norte,Jovenes trabajadores,Motorizados privados,56.019999999999996,35.7456140350877,20.274385964912298,78.55321734,168,60.459999999999994,61.225617895087694,232.7699850950877
4372,46.18,33.27,12.4,76.14999999999998,9.65456,238.01758109999997,168,07912-1-01,30 a 44,Mujeres,Quintil medio,Centro,Trabajadores moviles,Motorizados privados,217.17,0,217.17,20.8475811,168,45.67,207.82999970000003,648.7537549000003
4379,20.26,51.09,9.06,87.59,3.036877,61.52712801999999,168,07918-1-06,18 a 29,Mujeres,Quintil bajo,Norte,Rutina flexible,Motorizados privados,0,0,0,61.52712801999999,168,60.150000000000006,1.4210854715202004e-14,182.66815155
4382,91.46,14.99,6.08,55.470000000000006,2.424304,137.776877,168,07925-2-01,18 a 29,Hombres,Quintil bajo,Centro,Trabajadores rutinarios,Motorizados privados,116.05000000000001,0,116.05000000000001,21.726877000000002,168,21.07,83.94996683999995,135.03005212
4384,62.12,20.57,5.05,80.26,3.612765,215.04496496000002,168,07927-1-01,45 a 59,Hombres,Quintil bajo,Norte,Cuidadores domesticos,Motorizados privados,65.62,0,65.62,149.42496496,168,25.62,9.379996839999961,101.93903613999998
4389,83.34,25.13,7.76,51.77,3.564478,155.96862706000002,168,07938-1-01,60 o mas,Hombres,Quintil medio,Norte,Cuidadores domesticos,Motorizados privados,112.03,28.125,83.905,72.06362706,168,32.89,141.09496945999996,258.33065087999995
4390,73.01,29.44,11.43,54.12,3.368709,136.21446746,168,07938-1-02,60 o mas,Mujeres,Quintil medio,Norte,Cuidadores domesticos,Motorizados privados,87.14000000000001,46.875,40.265000000000015,95.94946746,168,40.870000000000005,109.73497663,247.41411345999998
4394,59.56,54.63,9.41,44.39999999999999,7.900363,220.11560192,168,07947-1-01,30 a 44,Hombres,Quintil medio,Norte,Jovenes trabajadores,Motorizados privados,174.57,0,174.57,45.54560192,168,64.04,250.43001836,756.36926488
4403,85.7,28,7.53,46.769999999999996,3.925434,222.4696848,168,07966-1-03,30 a 44,Mujeres,Quintil bajo,Norte,Cuidadores domesticos,Motorizados privados,98.56,0,98.56,123.90968480000001,168,35.53,113.940009,253.41067902
4404,31.68,41.74,10.25,84.32999999999998,3.318588,64.96054460767681,168,07967-1-02,60 o mas,Mujeres,Quintil bajo,Sur,Cuidadores domesticos,Motorizados privados,25.560000000000002,65.7323232323232,-40.172323232323194,105.13286784,168,51.99,40.172323232323194,212.70571335232324
4416,65.71,33.99,8.25,60.05000000000001,0.85949,40.41707651,168,07992-1-01,60 o mas,Hombres,Quintil bajo,Centro,Trabajadores rutinarios,Motorizados privados,21.44,0,21.44,18.97707651,168,42.24,16.060011389999993,52.36486898999999
4417,32.92,39.63,9.84,85.60999999999999,2.822002,82.19029372,168,07992-1-02,45 a 59,Mujeres,Quintil bajo,Centro,Rutina flexible,Motorizados privados,14.29,0,14.29,67.90029372,168,49.47,10.710012120000002,150.31445106000004
4418,94.74,7.7,6.59,58.97,2.613521,214.67503249999996,168,07993-1-01,18 a 29,Mujeres,Quintil bajo,Centro,Cuidadores domesticos,Motorizados privados,118.57,50,68.57,146.10503249999996,168,14.29,32.92994704000003,70.27716213000005
4419,48.87,49.27,5.72,64.13999999999999,1.553541,75.92151874999999,168,07994-1-02,30 a 44,Mujeres,Quintil bajo,Sur,Jovenes trabajadores,Motorizados privados,0,0,0,75.92151874999999,168,54.99,2.992000000290318e-5,85.42924951000003
4420,62.51,36.59,4.91,63.99000000000001,7.641279,121.76636967,168,07997-1-01,60 o mas,Mujeres,Quintil medio,Centro,Trabajadores moviles,Motorizados privados,279.11,210,69.11000000000001,52.65636966999999,168,41.5,355.88998061999996,673.0030591199999
4421,45.92,29.34,16.42,76.32,4.070266,4.536607999999994,168,07999-1-01,60 o mas,Mujeres,Quintil bajo,Norte,Trabajadores rutinarios,Motorizados privados,82.63,90,-7.3700000000000045,11.906607999999999,168,45.760000000000005,182.37000672000002,368.62537888
4425,50.3,31.49,9.71,76.5,4.287791,140.47590390000002,168,08009-1-01,45 a 59,Hombres,Quintil medio,Norte,Trabajadores rutinarios,Motorizados privados,49.800000000000004,0,49.800000000000004,90.67590390000001,168,41.2,75.19998339999998,251.85697260000003
4429,45.35,63.35,8.29,51.010000000000005,3.137266,137.3850216,168,08020-1-01,30 a 44,Mujeres,Quintil bajo,Sur,Trabajadores moviles,Motorizados privados,120.10999999999999,0,120.10999999999999,17.2750216,168,71.64,4.889991500000008,229.64372774
4439,48.43,51.03,5.95,62.58999999999999,5.437543,147.55019238,168,08039-1-01,30 a 44,Mujeres,Quintil medio,Norte,Jovenes trabajadores,Motorizados privados,121.71000000000001,0,121.71000000000001,25.840192379999998,168,56.980000000000004,115.79001511000001,425.6212152500001
4440,67.48,33.53,7.83,59.16,2.648984,120.80341487999999,168,08040-1-01,45 a 59,Mujeres,Quintil bajo,Centro,Cuidadores domesticos,Motorizados privados,94.55,37.5,57.05,63.753414879999994,168,41.36,57.95002544000002,167.51200368000002
4450,62.16,36.84,6.43,62.57,2.665165,118.96667356,168,08063-1-02,18 a 29,Hombres,Quintil bajo,Norte,Trabajadores rutinarios,Motorizados privados,65.8,0,65.8,53.16667356,168,43.27,46.69998283999999,162.02167239
4451,55.65,29.74,6.17,76.44,4.862757,143.79241,168,08065-1-01,45 a 59,Mujeres,Quintil bajo,Sur,Trabajadores rutinarios,Motorizados privados,108.42999999999999,0,108.42999999999999,35.36241,168,35.91,126.82001705000002,301.44162092
4454,62.26,32.54,12.32,60.88000000000002,3.325799,95.8842402,168,08077-1-01,45 a 59,Hombres,Quintil bajo,Centro,Trabajadores rutinarios,Motorizados privados,88.82,0,88.82,7.064240200000001,168.00000000000003,44.86,111.18000554,260.3753486799999
4457,40.51,27.53,16.87,83.09,3.745518,87.6909196,168,08082-1-02,45 a 59,Hombres,Quintil bajo,Centro,Trabajadores rutinarios,Motorizados privados,85.96000000000001,0,85.96000000000001,1.7309196,168,44.400000000000006,64.04001457999999,230.34101378
4458,59.56,45.58,7.48,55.379999999999995,3.932511,167.15036456,168,08083-1-01,45 a 59,Mujeres,Quintil bajo,Sur,Trabajadores moviles,Motorizados privados,107.93,0,107.93,59.22036456,168,53.06,67.06999059999998,275.72902426
4459,54.96,43.48,7.3,62.260000000000005,3.385043,109.0310012990476,168,08089-1-02,30 a 44,Hombres,Quintil bajo,Sur,Trabajadores moviles,Motorizados privados,112.87,52.3809523809524,60.489047619047604,48.54195368,168,50.779999999999994,77.0109619809524,248.9034455209524
4463,72.28,36.62,6.44,52.660000000000004,5.809837,219.88503136,168,08100-1-01,30 a 44,Mujeres,Quintil medio,Sur,Cuidadores domesticos,Motorizados privados,282.45,145,137.45,82.43503136000001,168,43.059999999999995,200.04998700000002,450.22156822
4465,43.68,53.99,4.59,65.73999999999998,2.872511,39.6779674666667,168,08104-2-03,30 a 44,Hombres,Quintil medio,Norte,Jovenes trabajadores,Motorizados privados,60.04,33.3333333333333,26.7066666666667,12.9713008,168,58.58,85.79331301333329,254.06500739333336
4471,78.64,9.64,11.59,68.13,3.39532,201.06794784,168,08112-1-02,30 a 44,Mujeres,Quintil alto,Sur,Trabajadores rutinarios,Motorizados privados,84.06,0,84.06,117.00794784,168,21.23,65.94001695999998,138.02266056000002
4482,69.89,34.2,13.78,50.129999999999995,2.630163,115.49212499000001,168,08138-1-02,18 a 29,Mujeres,Quintil bajo,Norte,Cuidadores domesticos,Motorizados privados,49.17,0,49.17,66.32212499,168,47.980000000000004,68.32996707999999,194.52518782
4483,62.32,43.06,6.91,55.71000000000001,5.084247,40.55300215272706,168,08139-1-01,45 a 59,Mujeres,Quintil alto,Sur,Rutina flexible,Motorizados privados,246.43000000000004,272.727272727273,-26.29727272727294,66.85027488,168,49.97,276.297270887273,530.3570934772729
4484,8.36,70.21,9.33,80.1,3.268134,27.32160024,168,08139-1-03,18 a 29,Hombres,Quintil alto,Sur,Rutina flexible,Motorizados privados,0,0,0,27.32160024,168,79.53999999999999,0,259.94737836
4485,5.44,54.04,10.46,98.06,3.190636,17.35705984,168,08139-1-04,18 a 29,Hombres,Quintil alto,Sur,Rutina flexible,Motorizados privados,0,0,0,17.35705984,168,64.5,0,205.796022
4490,49.72,36.13,6.79,75.36,3.43893,128.24361015999997,168,08154-1-01,45 a 59,Mujeres,Quintil bajo,Sur,Cuidadores domesticos,Motorizados privados,37.26,0,37.26,90.98361015999998,168,42.92,42.739989440000016,190.33886504000006
4491,83.23,21.81,6.56,56.39999999999999,5.908541,296.65787696000007,168,08156-1-01,30 a 44,Mujeres,Quintil alto,Centro,Cuidadores domesticos,Motorizados privados,179.89000000000001,0,179.89000000000001,116.76787696000002,168,28.369999999999997,195.1099904699999,362.7352986399999
4493,12.53,63.67,13.51,78.28999999999999,3.33009,41.7260277,168,08157-1-03,18 a 29,Hombres,Quintil bajo,Sur,Rutina flexible,Motorizados privados,0,0,0,41.7260277,168,77.18,0,257.01634620000004
4502,74.96,38.15,4.19,50.70000000000001,2.180827,117.86479599999998,168,08178-1-01,30 a 44,Mujeres,Quintil bajo,Sur,Cuidadores domesticos,Motorizados privados,104.38999999999999,50,54.389999999999986,63.474796,168,42.339999999999996,45.60999591999999,137.94621109999997
4507,31.31,55.78,11.89,69.02,11.464976,69.5552949460486,168,08188-1-01,60 o mas,Mujeres,Quintil alto,Centro,Rutina flexible,Motorizados privados,151.21,140.6231003039514,10.586899696048619,58.96839524999999,168,67.67,289.41310361395136,1065.2480295339515
4514,47.91,27.44,15.27,77.38000000000001,21.127391,449.88331119,168,08203-1-01,45 a 59,Hombres,Quintil alto,Centro,Trabajadores rutinarios,Motorizados privados,437.66999999999996,0,437.66999999999996,12.21331119,168,42.71,562.3299916199999,1464.6808612299997
4515,44.63,35.15,16.36,71.86,3.024675,134.99124525,168,08203-1-02,45 a 59,Mujeres,Quintil alto,Centro,Cuidadores domesticos,Motorizados privados,0,0,0,134.99124525,168,51.51,0,155.80100924999996
4516,43.3,61.32,7.58,55.800000000000004,1.960229,39.8078966,168,08206-1-03,18 a 29,Mujeres,Quintil medio,Norte,Jovenes trabajadores,Motorizados privados,29.93,0,29.93,9.8778966,168,68.9,45.07001909999999,180.12979719999998
4520,67.23,13.99,5.67,81.11,3.226896,169.66420005,168,08212-1-01,30 a 44,Hombres,Quintil bajo,Centro,Trabajadores rutinarios,Motorizados privados,102.72,0,102.72,66.94420005,168,19.66,47.28001803000001,110.72079339000001
4522,64.98,28.84,9.33,64.85,4.358474,181.23365453999997,168,08215-1-01,30 a 44,Hombres,Quintil medio,Sur,Trabajadores rutinarios,Motorizados privados,148.01999999999998,0,148.01999999999998,33.21365454,168,38.17,101.97998598000004,268.34293856000005
4525,87.84,15.73,5.09,59.33999999999999,2.981972,229.20642304,168,08217-1-02,18 a 29,Mujeres,Quintil bajo,Centro,Cuidadores domesticos,Motorizados privados,67.27000000000001,0,67.27000000000001,161.93642304,168,20.82,32.72999743999998,94.81465448
4527,99.31,12.33,8.44,47.92,2.146443,84.4554446322222,168,08220-1-01,45 a 59,Mujeres,Quintil bajo,Centro,Trabajadores moviles,Motorizados privados,99.07000000000001,77.7777777777778,21.292222222222208,63.163222409999996,168,20.77,128.7078096977778,173.2894308077778
4534,55.05,41.57,10.47,60.91,11.044298,78.69863255000004,168,08230-1-01,60 o mas,Hombres,Quintil alto,Norte,Trabajadores rutinarios,Motorizados privados,345.71000000000004,300,45.710000000000036,32.988632550000005,168,52.04,529.2899723499999,1104.03524027
4539,80.73,17.43,9.87,59.970000000000006,4.952528,248.10756470999996,168,08245-1-01,18 a 29,Mujeres,Quintil alto,Norte,Trabajadores moviles,Motorizados privados,166.28999999999996,18,148.28999999999996,99.81756471000001,168,27.299999999999997,151.71002073000005,286.91403513000006
4543,75.32,28.59,6.27,57.82000000000001,8.177596,359.46137102967737,168,08253-1-01,30 a 44,Mujeres,Quintil alto,Sur,Cuidadores domesticos,Motorizados privados,309.16999999999996,40.6451612903226,268.52483870967734,90.93653232000001,168,34.86,256.4751596903226,541.5461562503225
4549,58.72,13.2,16.18,79.9,5.668281,222.07143824000002,168,08266-1-01,30 a 44,Mujeres,Quintil bajo,Centro,Trabajadores rutinarios,Motorizados privados,189.23000000000002,0,189.23000000000002,32.84143824,168,29.38,110.77002207999999,277.30411785999996
4551,88.05,9.06,5.79,65.1,3.424744,207.37874845,168,08269-1-01,45 a 59,Mujeres,Quintil bajo,Norte,Cuidadores domesticos,Motorizados privados,80.83,0,80.83,126.54874844999999,168,14.850000000000001,94.16996075000003,145.02740915000004
4558,53.27,59.21,6.04,49.47999999999999,5.348318,137.13488886000002,168,08283-1-01,30 a 44,Hombres,Quintil medio,Centro,Trabajadores moviles,Motorizados privados,152.23000000000002,25,127.23000000000002,9.904888860000002,168,65.25,147.77001099999998,496.7477605
4559,59.87,42.88,7.78,57.47,4.66697,184.84151337,168,08284-1-01,30 a 44,Hombres,Quintil medio,Sur,Cuidadores domesticos,Motorizados privados,92.92999999999999,0,92.92999999999999,91.91151337000001,168,50.660000000000004,94.56998052999998,330.99868072999993
4560,51,44.54,14.99,57.470000000000006,4.805563,49.192502541806014,168,08285-1-01,60 o mas,Hombres,Quintil medio,Centro,Trabajadores rutinarios,Motorizados privados,140.48000000000002,111.371237458194,29.108762541806016,20.08374,168,59.53,195.891210458194,481.96637584819405
4562,60.53,37.78,8.1,61.589999999999996,3.093706,105.01203978,168,08290-1-03,18 a 29,Mujeres,Quintil medio,Sur,Trabajadores rutinarios,Motorizados privados,67.75,0,67.75,37.262039779999995,168,45.88,82.2499844,224.18921567999996
4563,54.61,36.71,8.12,68.56,2.947838,160.98143317999998,168,08290-1-05,18 a 29,Mujeres,Quintil medio,Sur,Cuidadores domesticos,Motorizados privados,0,0,0,160.98143317999998,168,44.83,0,132.15157754000003
4564,68.36,25.4,7.67,66.57000000000001,2.225094,98.71567810956518,168,08291-1-02,45 a 59,Mujeres,Quintil medio,Centro,Cuidadores domesticos,Motorizados privados,43.129999999999995,46.5217391304348,-3.3917391304348072,102.10741723999999,168,33.07,53.391747730434815,126.97560631043481
4570,74.89,31.81,9.52,51.78,2.706506,174.75023545,168,08299-1-01,30 a 44,Hombres,Quintil bajo,Centro,Cuidadores domesticos,Motorizados privados,84.55999999999999,0,84.55999999999999,90.19023545,168,41.33,27.939998890000027,139.79989187
4578,58.34,30.52,9.79,69.35,1.700985,74.2954562,168,08315-1-01,45 a 59,Mujeres,Quintil bajo,Centro,Trabajadores rutinarios,Motorizados privados,50.06,0,50.06,24.2354562,168,40.31,24.940008700000007,93.50671405000001
4580,34.79,57.01,4.23,71.97000000000001,6.322164,132.47809673,168,08320-1-02,45 a 59,Mujeres,Quintil bajo,Norte,Rutina flexible,Motorizados privados,87.53,0,87.53,44.948096729999996,168,61.239999999999995,87.46998882999998,474.6393121899999
4585,72.29,22.88,4.91,67.92,27.919924,603.2257768444439,168,08331-1-01,45 a 59,Hombres,Quintil alto,Centro,Trabajadores rutinarios,Motorizados privados,650.4499999999999,115.555555555556,534.8944444444439,68.3313324,168,27.79,1415.1055291155562,2191.0002170755565
4586,54.74,25.94,12.83,74.49,15.364964,296.8136875155556,168,08331-1-02,30 a 44,Mujeres,Quintil alto,Centro,Trabajadores rutinarios,Motorizados privados,250.18,44.4444444444444,205.7355555555556,91.07813196000001,168,38.77,544.2644418444445,1139.9640961244445
4600,55.09,52.31,7.59,53.00999999999999,5.326197,159.75017942,168,08363-1-01,30 a 44,Hombres,Quintil bajo,Centro,Jovenes trabajadores,Motorizados privados,128.82999999999998,0,128.82999999999998,30.92017942,168,59.900000000000006,133.67001331,452.70921361
4601,54.52,32.87,14.34,66.26999999999998,2.656881,103.4431392,168,08366-1-02,30 a 44,Hombres,Quintil bajo,Centro,Trabajadores rutinarios,Motorizados privados,83.59,0,83.59,19.8531392,168,47.209999999999994,41.41001292,166.84136493
4608,59.31,24.35,7.11,77.23,13.37949,336.93754536000006,168,08378-1-01,60 o mas,Mujeres,Quintil alto,Centro,Trabajadores rutinarios,Motorizados privados,293.40000000000003,0,293.40000000000003,43.537545359999996,168,31.46,456.60000654,877.5187619399999
4609,68.54,32.47,8.37,58.62,8.349848,267.89859032,168,08378-1-02,18 a 29,Hombres,Quintil alto,Centro,Cuidadores domesticos,Motorizados privados,195.6,0,195.6,72.29859032,168,40.839999999999996,304.3999916000001,645.4077839199999
4613,43.77,56.56,4.32,63.34999999999999,5.85973,111.4732509153846,168,08384-1-02,30 a 44,Mujeres,Quintil medio,Norte,Jovenes trabajadores,Motorizados privados,129.44,29.4471153846154,99.9928846153846,11.4803663,168,60.88,145.0071311846154,501.7474935846154
4614,36.59,47.27,9.52,74.61999999999999,2.992766,5.9330272382456,168,08385-1-01,60 o mas,Mujeres,Quintil medio,Norte,Rutina flexible,Motorizados privados,91.34,194.9122807017544,-103.57228070175441,109.50530794000001,168,56.790000000000006,103.57228070175441,273.53146184175444
4617,72.45,22.64,9.05,63.86,5.844001,242.32454206666668,168,08389-1-02,30 a 44,Mujeres,Quintil alto,Sur,Cuidadores domesticos,Motorizados privados,171.01,27.0833333333333,143.92666666666668,98.3978754,168,31.69,181.07333038333329,366.26972207333324
4621,61.05,32.17,8.95,65.83,3.083403,64.238084127069,168,08397-1-03,30 a 44,Mujeres,Quintil alto,Centro,Trabajadores rutinarios,Motorizados privados,95.61,117.113659022931,-21.503659022931004,85.74174315,168,41.120000000000005,124.00366902293099,250.79320038293105
4626,46.71,51.58,6.48,63.22999999999999,8.515767,208.35149214999998,168,08401-1-01,60 o mas,Hombres,Quintil medio,Sur,Trabajadores moviles,Motorizados privados,185.57999999999998,0,185.57999999999998,22.77149215,168,58.06,189.41998442000002,683.8454164400001
4628,42.34,69.67,7.62,48.37,11.980085,149.08677993999999,168,08403-1-02,30 a 44,Mujeres,Quintil alto,Sur,Jovenes trabajadores,Motorizados privados,221.85,80,141.85,7.23677994,168,77.29,358.15001896000007,1284.09078861
4630,58.57,43.81,5.89,59.730000000000004,3.072893,179.97934301,168,08405-1-02,30 a 44,Mujeres,Quintil bajo,Centro,Cuidadores domesticos,Motorizados privados,0,0,0,179.97934301,168,49.7,0,152.7227821
4633,63.58,36.98,9.88,57.559999999999995,2.543263,54.28620504341391,168,08409-1-01,45 a 59,Hombres,Quintil medio,Norte,Trabajadores rutinarios,Motorizados privados,86.54,43.9544807965861,42.58551920341391,11.70068584,168,46.86,107.4144564965861,226.59176067658612
4636,25.24,41.47,7.67,93.61999999999999,2.961786,74.75547864,168,08410-1-03,18 a 29,Mujeres,Quintil bajo,Sur,Rutina flexible,Motorizados privados,0,0,0,74.75547864,168,49.14,-1.4210854715202004e-14,145.54216404000002
4637,61.05,54.41,7.94,44.60000000000001,4.679017,183.7082454735632,168,08411-1-01,30 a 44,Hombres,Quintil medio,Centro,Jovenes trabajadores,Motorizados privados,146.56,13.5057471264368,133.0542528735632,50.6539926,168,62.349999999999994,101.94574237643675,393.68245232643676
4638,79.47,28.35,7.64,52.54,3.848962,219.1227994964368,168,08411-1-02,18 a 29,Mujeres,Quintil medio,Centro,Cuidadores domesticos,Motorizados privados,124.74,11.4942528735632,113.2457471264368,105.87705237,168,35.99,86.75421064356323,225.27835302356323
4639,63.84,30.75,8.35,65.06,7.205889,239.09397624000002,168,08413-1-01,45 a 59,Mujeres,Quintil alto,Sur,Trabajadores rutinarios,Motorizados privados,179.07000000000002,0,179.07000000000002,60.02397624,168,39.1,220.92997752000002,502.68023741999997
4642,73.83,18.75,9.18,66.24000000000001,4.189419,165.00480674000002,168,08419-1-02,30 a 44,Mujeres,Quintil alto,Centro,Cuidadores domesticos,Motorizados privados,155.70000000000002,75,80.70000000000002,84.30480674,168,27.93,144.29999802999995,261.3104707
4644,28.09,38.61,9.5,91.8,3.143964,88.31394876,168,08422-1-02,60 o mas,Mujeres,Quintil bajo,Sur,Cuidadores domesticos,Motorizados privados,0,0,0,88.31394876,168,48.11,0,151.25610804000002
4646,38.61,40.61,15.42,73.35999999999999,2.915202,112.55594921999999,168,08429-1-02,45 a 59,Mujeres,Quintil bajo,Sur,Rutina flexible,Motorizados privados,0,0,0,112.55594921999999,168,56.03,0,163.33876806
4647,87.53,7.32,9.77,63.38000000000001,2.215729,214.97280525000002,168,08431-1-01,30 a 44,Mujeres,Quintil bajo,Sur,Trabajadores moviles,Motorizados privados,96.03,0,96.03,118.94280525,168,17.09,-21.030045880000017,16.836762729999975
4650,57.19,28.69,6.5,75.62,7.648384,259.56109781,168,08434-1-02,30 a 44,Mujeres,Quintil alto,Centro,Cuidadores domesticos,Motorizados privados,222.15,0,222.15,37.411097809999994,168,35.19,177.84998315,446.99661611
4653,12.25,76.02,15.04,64.69,3.10914,38.086965,168,08443-1-02,45 a 59,Hombres,Quintil bajo,Centro,Rutina flexible,Motorizados privados,0,0,0,38.086965,168,91.06,0,283.1182884
4655,80.53,9.89,6.8,70.78,2.594021,154.68653654,168,08445-1-01,60 o mas,Hombres,Quintil bajo,Norte,Trabajadores rutinarios,Motorizados privados,45.79,0,45.79,108.89653654,168,16.69,54.20997459000003,97.50418508000001
4663,41.89,43.01,16.16,66.94,3.137113,131.41366356999998,168,08461-1-04,18 a 29,Mujeres,Quintil medio,Norte,Rutina flexible,Motorizados privados,0,0,0,131.41366356999998,168,59.17,0,185.62297621
4664,54.85,17.01,9.26,86.88,9.035586,236.85191615000002,168,08462-1-01,30 a 44,Hombres,Quintil medio,Norte,Trabajadores rutinarios,Motorizados privados,216.25000000000003,0,216.25000000000003,20.601916149999997,168,26.270000000000003,258.74997595,496.1148201700001
4667,23.26,49.26,15.08,80.40000000000002,3.52115,81.901949,168,08464-1-01,60 o mas,Hombres,Quintil bajo,Centro,Rutina flexible,Motorizados privados,0,0,0,81.901949,168,64.34,0,226.55079099999995
4668,72.3,37.27,8.9,49.53,4.658977,243.83404019999998,168,08470-1-01,30 a 44,Hombres,Quintil medio,Sur,Trabajadores moviles,Motorizados privados,156.98999999999998,0,156.98999999999998,86.8440402,168,46.17,93.0099969,308.11496499
4671,51.3,34.27,13.38,69.05000000000001,20.167302,478.60259909999996,168,08480-1-01,45 a 59,Hombres,Quintil alto,Sur,Trabajadores rutinarios,Motorizados privados,444.02,0,444.02,34.5825991,168,47.650000000000006,555.9799935000001,1516.9519337999998
4672,67.16,31.82,7.1,61.92000000000001,7.37117,244.10434228413789,168,08481-1-01,45 a 59,Mujeres,Quintil alto,Centro,Trabajadores moviles,Motorizados privados,254.66,80.6034482758621,174.05655172413788,70.04779056000001,168,38.92,250.9434349158621,537.8293713158621
4675,73.5,24.36,6.83,63.31,4.208658,203.33639950000003,168,08485-1-01,30 a 44,Mujeres,Quintil bajo,Sur,Cuidadores domesticos,Motorizados privados,194.00000000000003,75,119.00000000000003,84.3363995,168,31.189999999999998,105.99996349999998,237.26800651999991
4676,74.96,20.19,7.8,65.05000000000001,2.698163,147.3443084,168,08487-1-01,30 a 44,Mujeres,Quintil bajo,Norte,Trabajadores moviles,Motorizados privados,53.839999999999996,0,53.839999999999996,93.5043084,168,27.990000000000002,54.90999008,130.43157244999998
4677,63.55,29.67,8.23,66.55,0.973914,61.8922234,168,08491-1-01,60 o mas,Hombres,Quintil bajo,Sur,Trabajadores rutinarios,Motorizados privados,0,0,0,61.8922234,168,37.900000000000006,1.1299999997049781e-5,36.91135189999999
4682,70.78,31.18,8.12,57.919999999999995,3.769843,172.3895137,168,08502-1-01,30 a 44,Hombres,Quintil bajo,Norte,Cuidadores domesticos,Motorizados privados,80.56,0,80.56,91.8295137,168,39.3,94.43997384,242.59480374000003
4683,62.41,22.5,16.41,66.68,5.666323,214.38519592,168,08504-1-01,45 a 59,Mujeres,Quintil bajo,Centro,Trabajadores rutinarios,Motorizados privados,160.75,0,160.75,53.63519592,168,38.91,139.25002251,359.72665043999996
4685,70.13,22.24,9.93,65.70000000000002,7.353323,309.06852804000005,168,08508-1-01,45 a 59,Mujeres,Quintil alto,Centro,Trabajadores rutinarios,Motorizados privados,218.38000000000002,0,218.38000000000002,90.68852804,168,32.17,206.62001394999993,443.1764148599998
4689,23.28,56.2,10.93,77.59,3.096726,72.09178128,168,08516-1-02,30 a 44,Mujeres,Quintil alto,Norte,Rutina flexible,Motorizados privados,0,0,0,72.09178128,168,67.13,0,207.88321637999996
4694,47.93,49.91,5.81,64.35,3.65156,105.30849178923079,168,08522-1-03,18 a 29,Hombres,Quintil bajo,Norte,Jovenes trabajadores,Motorizados privados,89.52000000000001,9.23076923076923,80.28923076923078,25.019261020000002,168,55.72,69.7107790107692,273.1757022107692
4699,69.59,36.83,8.28,53.3,2.725908,196.26592798,168,08533-1-01,18 a 29,Mujeres,Quintil bajo,Centro,Cuidadores domesticos,Motorizados privados,119.07,0,119.07,77.19592798,168,45.11,-6.569990259999969,116.39571962
4700,43.2,27.8,18.39,78.61,3.044435,2.489592000000016,168,08534-1-01,45 a 59,Mujeres,Quintil medio,Sur,Cuidadores domesticos,Motorizados privados,155.97,285,-129.03,131.51959200000002,168,46.19,129.03,269.65245265
4707,7.08,51.27,10.45,99.19999999999997,3.211175,22.735119,168,08547-1-02,18 a 29,Hombres,Quintil bajo,Centro,Cuidadores domesticos,Motorizados privados,0,0,0,22.735119,167.99999999999997,61.72,0,198.19372100000007
4708,61.2,48.47,13.57,44.76,2.927654,164.95244359999998,168,08548-1-01,18 a 29,Hombres,Quintil bajo,Centro,Jovenes trabajadores,Motorizados privados,110.78,0,110.78,54.172443599999994,168,62.04,14.219981200000035,195.85163536000005
4711,40.51,24.87,3.93,98.69,3.160523,128.03278673,168,08549-1-02,45 a 59,Hombres,Quintil bajo,Centro,Rutina flexible,Motorizados privados,0,0,0,128.03278673,168,28.8,0,91.02306240000001
4715,70.45,20.67,5.51,71.36999999999999,3.289791,212.13574540000002,168,08557-1-01,45 a 59,Mujeres,Quintil bajo,Centro,Cuidadores domesticos,Motorizados privados,47.870000000000005,0,47.870000000000005,164.26574540000001,168,26.18,19.630030549999987,105.75675893000005
4721,57.04,36.03,12.53,62.400000000000006,8.746628,245.31767968,168,08572-1-01,30 a 44,Mujeres,Quintil medio,Norte,Trabajadores rutinarios,Motorizados privados,221.41,0,221.41,23.907679679999998,168,48.56,253.58998143999995,678.32623712
4722,57.49,42.69,5,62.81999999999999,2.504894,59.419143204110696,168,08573-1-01,60 o mas,Mujeres,Quintil bajo,Norte,Rutina flexible,Motorizados privados,51.480000000000004,61.0671936758893,-9.587193675889296,69.00633687999999,168,47.69,84.5872128558893,204.04560771588933
4723,50.89,30.6,11.47,75.03999999999999,3.791566,133.01280246,168,08574-1-01,60 o mas,Hombres,Quintil bajo,Centro,Trabajadores rutinarios,Motorizados privados,115.06,0,115.06,17.952802459999997,168,42.07,59.939991280000015,219.45117290000002
4724,58.76,44.45,5.6,59.190000000000005,12.929944,376.6335444,168,08575-1-01,45 a 59,Mujeres,Quintil alto,Norte,Trabajadores moviles,Motorizados privados,316.87,0,316.87,59.76354440000001,168,50.050000000000004,383.12996504,1030.2736622400002
4725,2.22,63.63,4.1,98.05000000000001,2.964195,6.5805129000000004,168,08575-1-03,18 a 29,Hombres,Quintil alto,Norte,Rutina flexible,Motorizados privados,0,0,0,6.5805129000000004,168,67.73,0,200.76492734999997
4727,85.49,13.47,7.11,61.93000000000001,2.758702,188.72140731,168,08585-1-01,45 a 59,Mujeres,Quintil bajo,Centro,Cuidadores domesticos,Motorizados privados,65.38,0,65.38,123.34140731,168,20.580000000000002,47.12002666999999,103.89411383000001
4728,83.64,29.51,9.23,45.61999999999999,3.591615,194.15265044,168,08586-1-01,30 a 44,Mujeres,Quintil medio,Norte,Cuidadores domesticos,Motorizados privados,93.75,0,93.75,100.40265044,168,38.74,106.25002816,245.38919326
4738,55.12,67.6,4.22,41.06,2.578488,82.59626176,168,08598-1-04,18 a 29,Hombres,Quintil bajo,Norte,Jovenes trabajadores,Motorizados privados,65.47,0,65.47,17.126261760000002,168,71.82,59.52999679999999,244.71700496
4747,53.45,38.73,11,64.82,7.861189,193.2705675,168,08605-1-01,45 a 59,Mujeres,Quintil bajo,Norte,Trabajadores rutinarios,Motorizados privados,148.09,0,148.09,45.1805675,168,49.73,226.90998455000002,617.8469135200002
4748,61.75,34.45,7.83,63.97,3.865773,142.00146675000002,168,08608-1-01,45 a 59,Hombres,Quintil medio,Norte,Trabajadores rutinarios,Motorizados privados,90.79,0,90.79,51.21146675,168,42.28,96.71001599999997,260.15489843999995
4754,48.76,41.93,16.46,60.85,3.202076,26.160067865263017,168,08621-1-01,60 o mas,Hombres,Quintil medio,Centro,Cuidadores domesticos,Motorizados privados,111.29,241.263157894737,-129.97315789473697,156.13322576,168,58.39,129.97315789473697,316.94237553473704
4757,51.72,44.74,6.71,64.83,4.387624,133.31277404878048,168,08624-1-05,18 a 29,Hombres,Quintil bajo,Centro,Rutina flexible,Motorizados privados,68.57999999999998,12.1951219512195,56.384878048780486,76.92789599999999,168,51.45,93.6151392312195,319.3583940312195
4768,20.89,17.85,11.75,117.51000000000002,3.049963,63.713727070000004,168,08642-1-03,18 a 29,Mujeres,Quintil bajo,Sur,Rutina flexible,Motorizados privados,0,0,0,63.713727070000004,168.00000000000003,29.6,0,90.27890479999994
4772,51.26,30.65,22.26,63.83,2.92785,96.02845846987947,168,08652-1-01,60 o mas,Mujeres,Quintil bajo,Centro,Cuidadores domesticos,Motorizados privados,41.73,95.7831325301205,-54.0531325301205,150.08159099999997,168,52.91,54.05313253012051,208.9656760301205
4773,60.17,40.25,16.19,51.39,4.505663,163.28574107,168,08653-1-01,45 a 59,Hombres,Quintil bajo,Centro,Trabajadores rutinarios,Motorizados privados,117.17999999999999,0,117.17999999999999,46.10574107,168,56.44,107.82000164000002,362.11962136
4774,71.1,18.03,7.22,71.65,3.777275,184.70428779999997,168,08653-1-02,45 a 59,Mujeres,Quintil bajo,Centro,Trabajadores moviles,Motorizados privados,91.14,0,91.14,93.56428779999999,168,25.25,83.85996469999998,179.23615845
4775,7.01,49.73,11.42,99.84000000000002,2.980069,20.890283689999997,168,08653-1-03,18 a 29,Hombres,Quintil bajo,Centro,Rutina flexible,Motorizados privados,0,0,0,20.890283689999997,168,61.15,0,182.23121934999995
4787,77.87,26.02,10.43,53.68,4.037461,226.74708664,168,08671-1-01,30 a 44,Mujeres,Quintil medio,Centro,Cuidadores domesticos,Motorizados privados,137.35,0,137.35,89.39708664,168,36.45,87.65000143000006,234.81545488000003
4789,35,68.2,3.8,61,2.981791,75.62267700000001,168,08674-1-02,18 a 29,Hombres,Quintil bajo,Centro,Rutina flexible,Motorizados privados,43.760000000000005,0,43.760000000000005,31.862676999999998,168,72,28.74000799999999,243.42895999999996
4791,53,40.31,8.44,66.25,2.736188,63.03798000000001,168,08678-1-01,60 o mas,Hombres,Quintil bajo,Centro,Trabajadores rutinarios,Motorizados privados,48.02000000000001,0,48.02000000000001,15.01798,168,48.75,81.97998399999997,215.369149
4792,29.75,53.86,11.66,72.73,7.400374,107.06113075,168,08679-1-01,45 a 59,Hombres,Quintil bajo,Norte,Rutina flexible,Motorizados privados,91.9,0,91.9,15.16113075,168,65.52,113.09999574999999,597.97250023
4801,67.31,33.7,9.02,57.97,4.723532,188.58091072,168,08695-1-01,30 a 44,Mujeres,Quintil bajo,Norte,Trabajadores moviles,Motorizados privados,120.64,0,120.64,67.94091071999999,168,42.72,129.36002820000002,331.14931523999996
4808,57.71,47.53,9.64,53.11999999999999,6.157095,56.14593374,168,08703-1-01,30 a 44,Mujeres,Quintil medio,Sur,Jovenes trabajadores,Motorizados privados,300.82,300,0.8199999999999932,55.32593374,168,57.17,299.18001871,651.18113986
4810,22.29,49.65,7.37,88.69,3.216939,21.569726154155802,168,08708-1-01,60 o mas,Mujeres,Quintil bajo,Centro,Rutina flexible,Motorizados privados,44.019999999999996,94.15584415584419,-50.1358441558442,71.70557031,168,57.019999999999996,50.1358441558442,233.5657059358442
4812,47.22,35.84,7.88,77.06,3.031239,108.04601467090907,168,08708-1-03,18 a 29,Mujeres,Quintil bajo,Centro,Cuidadores domesticos,Motorizados privados,30.82,65.9090909090909,-35.089090909090906,143.13510558,168,43.720000000000006,35.08909090909091,167.61485998909092
4815,90.4,18.49,6.01,53.1,3.132276,191.48776479999998,168,08716-1-01,30 a 44,Hombres,Quintil bajo,Centro,Cuidadores domesticos,Motorizados privados,95.83,0,95.83,95.6577648,168,24.5,91.66998560000002,168.41074760000004
4821,54.82,32.04,13.27,67.87000000000002,9.96822,52.52766825602798,168,08722-1-03,45 a 59,Hombres,Quintil alto,Norte,Trabajadores rutinarios,Motorizados privados,296.84999999999997,290.780141843972,6.069858156027976,46.4578101,168,45.31,493.93015214397207,945.5902003439719
4822,65.94,40.49,6.67,54.9,8.748453,313.86295654,168,08723-1-01,45 a 59,Mujeres,Quintil alto,Sur,Cuidadores domesticos,Motorizados privados,236.99,0,236.99,76.87295654,168,47.160000000000004,263.0100342799999,675.5870777599998
4823,56.1,26.16,12.16,73.58000000000001,7.133892,202.96132289999997,168,08723-1-02,45 a 59,Hombres,Quintil alto,Sur,Trabajadores rutinarios,Motorizados privados,177.74999999999997,0,177.74999999999997,25.2113229,168,38.32,197.25001830000008,470.62075974
4824,31.5,71.37,12.2,52.92999999999999,3.004688,94.647672,168,08728-1-02,30 a 44,Mujeres,Quintil alto,Norte,Rutina flexible,Motorizados privados,0,0,0,94.647672,168,83.57000000000001,0,251.10177615999999
4825,26.12,56.42,15.3,70.16,3.085419,89.21115424000001,168,08729-1-02,18 a 29,Mujeres,Quintil bajo,Norte,Rutina flexible,Motorizados privados,13.620000000000001,0,13.620000000000001,75.59115424000001,168,71.72,-8.620009960000019,212.66624072
4827,98.7,19.29,7.17,42.839999999999996,3.035303,278.2443604,168,08735-1-01,45 a 59,Mujeres,Quintil bajo,Centro,Cuidadores domesticos,Motorizados privados,78.66,50,28.659999999999997,249.58436040000004,168,26.46,21.340045699999962,101.65416307999999
4830,52.05,60.88,11.63,43.44,4.542003,151.471244,168,08741-1-02,45 a 59,Hombres,Quintil bajo,Centro,Jovenes trabajadores,Motorizados privados,115.06000000000002,0,115.06000000000002,36.411244,168,72.51,84.94001214999997,414.28064968000007
4831,71.17,30.27,7.75,58.81,8.010368,284.92789331000006,168,08743-1-01,30 a 44,Mujeres,Quintil medio,Centro,Cuidadores domesticos,Motorizados privados,289.83000000000004,100,189.83000000000004,95.09789331,168,38.019999999999996,285.16999724999994,589.7241886099999
4837,81.6,24.52,9.08,52.80000000000001,4.742189,230.2026576,168,08766-1-01,30 a 44,Hombres,Quintil medio,Centro,Trabajadores rutinarios,Motorizados privados,193.24,0,193.24,36.9626576,168,33.6,156.75996479999992,316.0975151999999
4844,65.48,22.69,10.06,69.77,7.028147,240.6659061028571,168,08779-1-01,45 a 59,Mujeres,Quintil alto,Centro,Trabajadores rutinarios,Motorizados privados,196.92000000000002,16.4571428571429,180.4628571428571,60.20304896,168,32.75,219.53715945714293,449.70897370714295
4845,48.94,53.92,9.27,55.870000000000005,9.948121,226.16818189714292,168,08779-1-02,45 a 59,Hombres,Quintil alto,Centro,Jovenes trabajadores,Motorizados privados,233.85,19.5428571428571,214.3071428571429,11.861039040000001,168,63.19,260.6928598428571,889.3146258328572
4846,44.62,63.93,15.01,44.44,10.976026,234.05029710000002,168,08780-1-01,30 a 44,Mujeres,Quintil medio,Norte,Jovenes trabajadores,Motorizados privados,219.3,0,219.3,14.750297100000001,168,78.94,255.69998301999993,1122.14747546
4847,59.9,19.63,6.19,82.28,3.036181,181.8672419,168,08781-1-01,45 a 59,Mujeres,Quintil medio,Centro,Cuidadores domesticos,Motorizados privados,0,0,0,181.8672419,168,25.82,0,78.39419341999997
4849,51.28,47.16,10.01,59.550000000000004,6.255045,165.51869699999997,168,08782-1-01,45 a 59,Hombres,Quintil medio,Norte,Trabajadores moviles,Motorizados privados,144.76,0,144.76,20.758696999999998,168,57.169999999999995,155.2400106,512.8409332499999
4852,17.5,53.58,6.02,90.9,2.20849,29.838564999999996,168,08788-1-03,18 a 29,Mujeres,Quintil alto,Centro,Jovenes trabajadores,Motorizados privados,6.1899999999999995,0,6.1899999999999995,23.648564999999998,168,59.599999999999994,8.810009999999998,140.436014
4855,44.82,39.36,10.7,73.12,2.182697,79.84845827999999,168,08792-1-02,30 a 44,Hombres,Quintil bajo,Sur,Trabajadores rutinarios,Motorizados privados,52.019999999999996,0,52.019999999999996,27.82845828,168,50.06,17.980021260000015,127.24583308000001
4859,74.81,30.8,11.74,50.65,3.209595,201.99975361999998,168,08798-1-01,30 a 44,Mujeres,Quintil alto,Norte,Cuidadores domesticos,Motorizados privados,36.89,0,36.89,165.10975362,168,42.54,38.11004833000004,174.64621963000002
4864,67.82,32.74,9.13,58.309999999999995,3.583547,168.73614132,168,08809-1-01,30 a 44,Hombres,Quintil bajo,Centro,Trabajadores rutinarios,Motorizados privados,100.7,0,100.7,68.03614132,168,41.870000000000005,74.30001621999997,224.34312910999995
4868,58.38,27.51,6.45,75.66,7.885803,219.23319236000003,168,08813-1-01,45 a 59,Hombres,Quintil medio,Centro,Trabajadores rutinarios,Motorizados privados,183.86,0,183.86,35.373192360000004,168,33.96,241.13998678000002,508.94185666000004
4869,57.04,31.48,11.06,68.42,13.856884,400.61665616,168,08816-1-01,18 a 29,Hombres,Quintil alto,Centro,Trabajadores rutinarios,Motorizados privados,360.21999999999997,0,360.21999999999997,40.39665616,168,42.54,389.78000720000006,979.2518525600001
4871,55.07,24.36,10.77,77.80000000000001,3.097568,170.58306976,168,08818-1-02,45 a 59,Mujeres,Quintil bajo,Centro,Cuidadores domesticos,Motorizados privados,0,0,0,170.58306976,168,35.129999999999995,0,108.81756383999993
4872,19.29,85.56,13.61,49.540000000000006,3.001241,57.893938889999994,168,08821-1-01,30 a 44,Hombres,Quintil bajo,Norte,Rutina flexible,Motorizados privados,0,0,0,57.893938889999994,168,99.17,0,297.63306996999995
4875,93.69,21.26,6.36,46.69,9.580606,523.30694854,168,08825-1-01,30 a 44,Hombres,Quintil alto,Centro,Cuidadores domesticos,Motorizados privados,375.7,0,375.7,147.60694854,168,27.62,374.3000275999999,638.91636532
4877,44.7,32.94,12.54,77.82,3.089663,138.1079361,168,08828-1-02,30 a 44,Mujeres,Quintil medio,Centro,Cuidadores domesticos,Motorizados privados,0,0,0,138.1079361,168,45.48,0,140.51787324
4879,34.66,34.59,11.47,87.28,3.121953,108.20689098000001,168,08832-1-02,45 a 59,Mujeres,Quintil bajo,Centro,Cuidadores domesticos,Motorizados privados,0,0,0,108.20689098000001,168,46.06,-2.842170943040401e-14,143.79715518
4881,32.95,40.35,9.01,85.69000000000001,3.003374,98.96117330000001,168,08840-1-02,18 a 29,Mujeres,Quintil bajo,Sur,Rutina flexible,Motorizados privados,0,0,0,98.96117330000001,168.00000000000003,49.36,0,148.24654063999995
4882,85.33,27.91,5.68,49.080000000000005,4.383489,177.9376131745455,168,08846-1-02,18 a 29,Mujeres,Quintil alto,Norte,Trabajadores moviles,Motorizados privados,145.94,92.0454545454545,53.894545454545494,124.04306772,168,33.59,196.1055031954545,343.34689870545446
4887,48.41,50.21,11.61,57.769999999999996,4.868811,117.47913074999998,168,08856-1-01,45 a 59,Hombres,Quintil bajo,Centro,Jovenes trabajadores,Motorizados privados,106.77999999999999,0,106.77999999999999,10.69913075,168,61.82,118.22000976,419.2099057800001
4892,47.07,49.51,6.13,65.29000000000002,4.652909,67.09616836296479,168,08866-1-01,60 o mas,Hombres,Quintil medio,Centro,Jovenes trabajadores,Motorizados privados,111.83999999999999,51.2562814070352,60.583718592964786,6.512449769999999,168,55.64,151.91625826703523,410.8041150270351
4895,89.84,9.55,8.35,60.26,3.495152,251.01444680000003,168,08875-1-01,30 a 44,Hombres,Quintil bajo,Norte,Cuidadores domesticos,Motorizados privados,87.01,0,87.01,164.0044468,168,17.9,62.990008880000005,125.55322968000002
4898,96.56,21.25,4.54,45.65,3.162457,247.15688927999997,168,08880-1-01,30 a 44,Mujeres,Quintil bajo,Sur,Cuidadores domesticos,Motorizados privados,154.29,0,154.29,92.86688928,168,25.79,58.209958640000025,139.76972467000002
4901,60.56,26.4,8.08,72.96,5.176258,201.9541684,168,08882-1-02,30 a 44,Mujeres,Quintil alto,Sur,Trabajadores rutinarios,Motorizados privados,138.48,0,138.48,63.474168399999996,168,34.48,111.52001608000003,289.99739192000004
4902,38.71,51.8,10.86,66.63,3.041801,1.5581167100000073,168,08883-1-01,60 o mas,Mujeres,Quintil bajo,Sur,Rutina flexible,Motorizados privados,72.81,189,-116.19,117.74811671,168,62.66,116.19,306.78925066
4903,51.33,53.05,12.98,50.64,6.49531,111.7888657146154,168,08884-1-01,30 a 44,Mujeres,Quintil alto,Norte,Jovenes trabajadores,Motorizados privados,113,34.6153846153846,78.3846153846154,33.404250329999996,168,66.03,221.6153965853846,650.5007158853846
4904,52.53,32.15,11.5,71.82,19.802474,301.499340975385,168,08884-1-02,30 a 44,Hombres,Quintil alto,Norte,Cuidadores domesticos,Motorizados privados,376.66,115.384615384615,261.275384615385,40.223956359999995,168,43.65,738.7246182446152,1603.1026083446152
4909,28.72,37.29,9.51,92.48,3.050857,25.753887376283217,168,08889-1-01,60 o mas,Mujeres,Quintil medio,Centro,Rutina flexible,Motorizados privados,41.120000000000005,102.9867256637168,-61.86672566371679,87.62061304000001,168,46.8,61.86672566371678,204.6468332637168
4910,54.87,40.73,6.96,65.44000000000001,7.929478,233.94046878,168,08891-1-01,45 a 59,Hombres,Quintil alto,Sur,Trabajadores moviles,Motorizados privados,198.85,0,198.85,35.09046878,168,47.69,201.14998907999995,579.3067948999999
4912,30.96,55.22,3.5,78.32,3.503126,79.26678096,168,08900-1-01,30 a 44,Mujeres,Quintil bajo,Sur,Trabajadores moviles,Motorizados privados,45.81,0,45.81,33.456780959999996,168,58.72,29.189999999999998,234.89355872
4918,73.4,17.98,12.06,64.55999999999999,1.527886,97.55682,168,08913-1-06,45 a 59,Mujeres,Quintil bajo,Norte,Cuidadores domesticos,Motorizados privados,10.409999999999998,0,10.409999999999998,87.14682,168,30.04,14.590012400000006,60.48770784000003
4921,70.33,32.79,7.9,56.98,5.001374,245.22660302999998,168,08915-1-02,30 a 44,Mujeres,Quintil medio,Norte,Cuidadores domesticos,Motorizados privados,108.48,0,108.48,136.74660303,168,40.69,106.52003039000004,310.0259384500001
4922,72.6,24.37,11.06,59.97,5.086891,295.5683158,168,08916-1-02,45 a 59,Mujeres,Quintil alto,Centro,Cuidadores domesticos,Motorizados privados,126.26,0,126.26,169.3083158,168,35.43,73.73997079999992,253.96851893000002
4926,57.71,43.89,12.38,54.01999999999999,4.148434,134.85614755,168,08919-2-01,30 a 44,Hombres,Quintil bajo,Norte,Jovenes trabajadores,Motorizados privados,95.44999999999999,0,95.44999999999999,39.40614755,167.99999999999997,56.27,104.54997859,337.9823597700001
4931,81.32,24.73,12.85,49.1,3.144371,128.18028,168,08938-1-01,45 a 59,Mujeres,Quintil bajo,Centro,Cuidadores domesticos,Motorizados privados,116.23,93.75,22.480000000000004,105.70028,168,37.58,127.51996971999998,245.6854319
4938,27.68,62.84,8.65,68.82999999999998,3.005807,41.7246721862295,168,08956-1-03,60 o mas,Hombres,Quintil bajo,Centro,Rutina flexible,Motorizados privados,33.36,74.8360655737705,-41.4760655737705,83.20073776,168,71.49000000000001,41.4760655737705,256.3612080037705
4939,45.06,25.53,18.96,78.44999999999999,2.557496,67.09816669483871,168,08957-1-01,60 o mas,Mujeres,Quintil bajo,Sur,Rutina flexible,Motorizados privados,32.18,72.8225806451613,-40.642580645161296,107.74074734000001,168,44.49,48.142603065161296,161.92560010516132
4946,20.03,73.37,6.48,68.11999999999999,3.237676,64.85065028000001,168,08969-1-02,30 a 44,Mujeres,Quintil bajo,Centro,Rutina flexible,Motorizados privados,0,0,0,64.85065028000001,168,79.85000000000001,0,258.5284286
4948,7.14,47.76,4.98,108.12000000000002,2.879081,20.55663834,168,08974-1-01,18 a 29,Hombres,Quintil bajo,Centro,Rutina flexible,Motorizados privados,0,0,0,20.55663834,168,52.739999999999995,0,151.84273193999994
4960,57.62,36.62,17.37,56.389999999999986,7.134951,200.54589056,168,08995-1-01,30 a 44,Hombres,Quintil alto,Norte,Trabajadores rutinarios,Motorizados privados,189.43,0,189.43,11.11589056,168,53.989999999999995,210.56998606,595.7859905500002
4961,58.47,46.35,11.66,51.519999999999996,8.821745,265.75740541,168,08995-1-02,30 a 44,Mujeres,Quintil alto,Norte,Jovenes trabajadores,Motorizados privados,224.95,0,224.95,40.807405409999994,168,58.010000000000005,250.05002473999997,761.79945219
4963,61.75,49.08,10.53,46.64,3.436348,150.6344695,168,08998-1-01,30 a 44,Mujeres,Quintil bajo,Norte,Jovenes trabajadores,Motorizados privados,100.94,0,100.94,49.6944695,168,59.61,61.56001950000001,266.40072378
4965,81.85,25.63,6.79,53.73000000000001,1.235983,52.84522855,168,09001-1-01,60 o mas,Hombres,Quintil bajo,Sur,Trabajadores rutinarios,Motorizados privados,26.68,0,26.68,26.16522855,168,32.42,48.31998,88.39054886
4967,29.2,35.63,14.79,88.38000000000002,3.046797,88.9664724,168,09004-1-02,45 a 59,Mujeres,Quintil alto,Centro,Rutina flexible,Motorizados privados,0,0,0,88.9664724,168.00000000000003,50.42,0,153.61950473999997
4974,54.08,59.13,9.78,45.01,2.765974,118.87389304000001,168,09012-1-01,30 a 44,Mujeres,Quintil bajo,Norte,Jovenes trabajadores,Motorizados privados,89.29,0,89.29,29.583893040000003,168,68.91,30.70998087999999,221.31324922000002
4978,4.42,72.13,16.35,75.10000000000002,3.060109,13.525681780000001,168,09018-1-03,18 a 29,Hombres,Quintil alto,Norte,Rutina flexible,Motorizados privados,0,0,0,13.525681780000001,168.00000000000003,88.47999999999999,0,270.7584443199999
4979,12.43,66.31,13.8,75.46,12.522455,75.41334331620149,168,09019-1-02,18 a 29,Hombres,Quintil alto,Sur,Rutina flexible,Motorizados privados,92.85999999999999,28.1007751937985,64.75922480620149,10.65411851,168,80.11,80.2407723337985,1083.4146423837988
4980,49.83,46.4,6.46,65.31000000000002,2.315528,62.01273856,168,09021-1-03,30 a 44,Hombres,Quintil medio,Norte,Trabajadores moviles,Motorizados privados,46.63,0,46.63,15.38273856,168,52.86,53.370021679999994,175.76883175999996
4982,88.38,22.41,10.95,46.260000000000005,5.720492,243.67705349999997,168,09024-1-01,30 a 44,Mujeres,Quintil medio,Norte,Cuidadores domesticos,Motorizados privados,238.1,125,113.1,130.57705349999998,168,33.36,261.90002946000004,452.73564258
4984,71.75,30.89,8.16,57.2,5.743335,254.31430400000002,168,09028-1-01,45 a 59,Hombres,Quintil bajo,Norte,Cuidadores domesticos,Motorizados privados,167.23000000000002,0,167.23000000000002,87.084304,168,39.05,157.76998224999997,382.04721400000005
4992,23.33,31.18,11.77,101.72000000000001,8.044529,13.753073752283008,168,09043-1-01,45 a 59,Hombres,Quintil bajo,Centro,Trabajadores rutinarios,Motorizados privados,89.97,113.895781637717,-23.925781637716995,37.67885539,168,42.95,173.925787817717,519.4383083677169
4993,46.83,67.95,6.82,46.4,2.600658,26.888799629999994,168,09046-1-01,45 a 59,Hombres,Quintil medio,Centro,Jovenes trabajadores,Motorizados privados,105.1,100,5.099999999999994,21.78879963,168,74.77000000000001,94.90001451,289.35121317
4998,62.27,45.28,7.01,53.43999999999999,11.317093,474.09536664,168,09052-1-01,18 a 29,Hombres,Quintil alto,Centro,Jovenes trabajadores,Motorizados privados,419.38,0,419.38,54.71536664,168,52.29,230.62001447000006,822.3908074399999
4999,10.31,86,8.62,63.07,3.069764,31.649266840000003,168,09052-1-02,18 a 29,Mujeres,Quintil alto,Centro,Rutina flexible,Motorizados privados,0,0,0,31.649266840000003,168,94.62,0,290.46106968000004
5004,55.58,47.56,10.01,54.85,5.353897,187.66957268,168,09061-1-01,30 a 44,Hombres,Quintil bajo,Centro,Jovenes trabajadores,Motorizados privados,140.1,0,140.1,47.56957268,168,57.57,109.90002257999998,418.12387287
5006,68.17,18.96,16.44,64.43,3.076643,209.73475331,168,09065-1-02,45 a 59,Mujeres,Quintil bajo,Sur,Cuidadores domesticos,Motorizados privados,0,0,0,209.73475331,168,35.400000000000006,0,108.91316219999996
5008,48.4,49.2,7.46,62.93999999999999,3.102371,150.1547564,168,09072-1-01,45 a 59,Mujeres,Quintil bajo,Centro,Cuidadores domesticos,Motorizados privados,0,0,0,150.1547564,167.99999999999997,56.660000000000004,0,175.78034086000002
5014,75.37,28.28,5.51,58.839999999999996,5.055187,246.55941028999996,168,09077-1-01,45 a 59,Mujeres,Quintil bajo,Centro,Cuidadores domesticos,Motorizados privados,115.55,0,115.55,131.00941028999998,168,33.79,134.45003390000005,305.2648026300001
5016,17.52,62.25,10.91,77.32,3.162735,55.4111172,168,09078-1-02,30 a 44,Hombres,Quintil bajo,Norte,Rutina flexible,Motorizados privados,0,0,0,55.4111172,168,73.16,0,231.3856926
5017,68.95,27.08,10.14,61.83,2.284064,114.53621534999999,168,09079-1-01,30 a 44,Hombres,Quintil alto,Centro,Trabajadores rutinarios,Motorizados privados,32.05,0,32.05,82.48621535,168,37.22,42.94999745000001,127.96285953
5019,43.07,26.25,9.32,89.36000000000001,3.023683,125.58329174931937,168,09081-1-02,60 o mas,Mujeres,Quintil medio,Centro,Cuidadores domesticos,Motorizados privados,3.03,3.92670157068063,-0.8967015706806301,126.47999332,168,35.57,4.646735060680626,112.19913937068058
5021,62.26,50.96,9.3,45.480000000000004,3.243875,41.69205075677421,168,09085-1-01,60 o mas,Hombres,Quintil alto,Centro,Jovenes trabajadores,Motorizados privados,133.68,143.9516129032258,-10.271612903225787,51.963663659999995,168,60.260000000000005,160.2716067432258,355.7475142432258
5027,25.38,46.32,9.91,86.39000000000001,3.054399,32.438472706956496,168,09096-1-01,60 o mas,Mujeres,Quintil alto,Sur,Rutina flexible,Motorizados privados,35.57,80.6521739130435,-45.0821739130435,77.52064662,168,56.230000000000004,45.0821739130435,216.83102968304345
5028,45.5,50.28,7.46,64.76,5.870811,106.0884122391304,168,09096-1-04,30 a 44,Hombres,Quintil alto,Sur,Trabajadores moviles,Motorizados privados,127.01,38.0434782608696,88.9665217391304,17.1218905,168,57.74,161.03348826086958,500.0141154008695
5031,45.71,40.94,21,60.349999999999994,3.075115,140.56350665,168,09110-1-01,45 a 59,Mujeres,Quintil bajo,Norte,Cuidadores domesticos,Motorizados privados,0,0,0,140.56350665,168,61.94,0,190.4726231
5033,88.09,20.82,9.2,49.89,5.537551,255.78286974,168,09111-1-01,30 a 44,Hombres,Quintil medio,Centro,Trabajadores moviles,Motorizados privados,242.98,0,242.98,12.802869739999998,168,30.02,232.01999785,398.25727886999994
5034,65.17,27.29,7.41,68.13,2.712638,176.78262319,168,09111-1-02,30 a 44,Mujeres,Quintil medio,Centro,Cuidadores domesticos,Motorizados privados,0,0,0,176.78262319,168,34.7,-4.73000000056345e-6,94.12853387000004
5036,49.35,38.83,19.89,59.93000000000001,6.344171,103.36814638333328,168,09114-1-01,45 a 59,Hombres,Quintil medio,Sur,Trabajadores rutinarios,Motorizados privados,166.95,76.6666666666667,90.28333333333329,13.08481305,168,58.72,209.71669246666676,582.2464135866667
5037,35.37,65.2,9.06,58.36999999999999,3.029825,107.16491025,168,09115-1-01,45 a 59,Mujeres,Quintil bajo,Norte,Rutina flexible,Motorizados privados,0,0,0,107.16491025,168,74.26,0,224.99480450000004
5040,68.47,43.67,4.81,51.05,5.411844,252.78896587,168,09116-1-01,30 a 44,Hombres,Quintil medio,Sur,Trabajadores moviles,Motorizados privados,182.24,0,182.24,70.54896586999999,168,48.480000000000004,117.75999281,380.1261899300001
5041,80.95,24.01,8.81,54.22999999999999,4.240546,254.95215855,168,09116-1-02,30 a 44,Mujeres,Quintil medio,Sur,Cuidadores domesticos,Motorizados privados,136.68,0,136.68,118.27215855,168,32.82,88.32004015000004,227.49475987000008
5043,81.41,16.87,8.92,60.8,2.997422,175.08014332,168,09120-1-02,45 a 59,Mujeres,Quintil bajo,Centro,Cuidadores domesticos,Motorizados privados,61.059999999999995,0,61.059999999999995,114.02014331999999,168,25.79,68.93998169999998,146.24349508
5051,58.46,35.14,7.75,66.64999999999999,9.261554,257.44043186,168,09129-1-01,60 o mas,Hombres,Quintil medio,Norte,Jovenes trabajadores,Motorizados privados,216.01,0,216.01,41.43043185999999,168,42.89,283.99001498000007,681.2180660400002
5053,86.9,6.47,11.25,63.379999999999995,2.801756,155.7925777,168,09134-1-01,45 a 59,Mujeres,Quintil medio,Norte,Trabajadores rutinarios,Motorizados privados,74.82,0,74.82,80.97257770000002,168,17.72,87.6800187,137.32713502000004
5066,23.8,27.62,8.65,107.92999999999998,1.610123,38.3209366,168,09161-1-03,18 a 29,Hombres,Quintil bajo,Norte,Jovenes trabajadores,Motorizados privados,0,0,0,38.3209366,167.99999999999997,36.27,-9.200000000930686e-6,58.39915201000003
5068,70.2,16.63,12.66,68.51,2.643197,106.042406,168,09165-1-02,45 a 59,Mujeres,Quintil bajo,Centro,Trabajadores rutinarios,Motorizados privados,50.489999999999995,0,50.489999999999995,55.552406,168,29.29,79.5100234,156.92926353
5071,55.76,40.31,7.44,64.49000000000001,5.053161,167.13424092000002,168,09174-1-01,30 a 44,Mujeres,Quintil bajo,Sur,Trabajadores rutinarios,Motorizados privados,135.37000000000003,0,135.37000000000003,31.76424092,168,47.75,114.63001643999996,355.9184541899999
5073,66.08,40.07,9.58,52.27,5.604161,180.66297088,168,09176-1-01,30 a 44,Mujeres,Quintil bajo,Centro,Trabajadores rutinarios,Motorizados privados,197.84,100,97.84,82.82297088,168,49.65,189.65998800000006,467.90658165
5074,45.31,27,20.69,75,3.113611,141.07771441000003,168,09178-1-02,45 a 59,Mujeres,Quintil bajo,Norte,Cuidadores domesticos,Motorizados privados,0,0,0,141.07771441000003,168,47.69,0,148.48810859
5076,53.77,40.11,9.22,64.89999999999999,9.160879,260.31044567000004,168,09181-1-01,45 a 59,Mujeres,Quintil alto,Sur,Trabajadores rutinarios,Motorizados privados,242.73000000000002,0,242.73000000000002,17.58044567,168,49.33,232.27001815999995,684.17617923
5077,87.64,23.13,6.86,50.370000000000005,6.127911,343.47011832,168,09182-1-02,18 a 29,Mujeres,Quintil alto,Norte,Cuidadores domesticos,Motorizados privados,156.42,0,156.42,187.05011832,168,29.99,193.58000172000004,377.35605261
5078,59.54,22.06,13.98,72.42,5.36409,136.2144518644717,168,09183-1-01,45 a 59,Hombres,Quintil medio,Sur,Trabajadores rutinarios,Motorizados privados,178.59,86.7534456355283,91.83655436447171,44.3778975,168,36.04,183.1634667355283,376.4852703355283
5088,31.08,41.82,12.74,82.36000000000003,3.728613,15.98412348941179,168,09198-1-03,60 o mas,Hombres,Quintil bajo,Centro,Trabajadores rutinarios,Motorizados privados,65.53999999999999,52.9411764705882,12.598823529411789,3.38529996,168.00000000000003,54.56,99.90116855058821,303.33429383058814
5089,65.3,17.63,13.8,71.27000000000001,3.046018,198.90497540000004,168,09202-1-02,30 a 44,Mujeres,Quintil bajo,Centro,Cuidadores domesticos,Motorizados privados,0,0,0,198.90497540000004,168,31.43,-2.842170943040401e-14,95.73634573999996
5092,50.85,70.96,5.22,40.97000000000001,7.554532,141.91239439444442,168,09206-1-02,30 a 44,Hombres,Quintil medio,Norte,Jovenes trabajadores,Motorizados privados,188.32000000000002,55.5555555555556,132.76444444444442,9.147949950000001,168,76.17999999999999,242.2355578055556,817.7398055655555
5093,56.84,46.45,9.68,55.029999999999994,5.460055,105.266014166487,168,09207-1-01,45 a 59,Mujeres,Quintil alto,Sur,Jovenes trabajadores,Motorizados privados,233.43,163.513513513513,69.916486486487,35.34952768,168,56.13,205.08351203351302,511.5563991835129
5095,46.8,45.85,11.94,63.41,8.521351,206.66012029090908,168,09209-1-01,60 o mas,Hombres,Quintil alto,Sur,Trabajadores rutinarios,Motorizados privados,211.26999999999998,28.4090909090909,182.86090909090908,23.799211200000002,168,57.79,192.13910650909085,684.5879807990909
5097,68.09,25.89,15.12,58.9,3.909512,212.78869851000002,168,09210-1-02,45 a 59,Mujeres,Quintil alto,Centro,Cuidadores domesticos,Motorizados privados,54.09,0,54.09,158.69869851,168,41.01,53.40997356999998,213.73906068999997
5098,56.77,43.35,5.72,62.16,4.772975,145.87180883,168,09211-1-02,45 a 59,Mujeres,Quintil bajo,Norte,Jovenes trabajadores,Motorizados privados,124.91,0,124.91,20.96180883,168,49.07,125.08998191999999,359.29986517
5101,58.65,43.99,5.04,60.319999999999986,2.419227,98.8476458,168,09216-1-01,30 a 44,Hombres,Quintil bajo,Norte,Jovenes trabajadores,Motorizados privados,56.96,0,56.96,41.887645799999994,168,49.03,43.04001774999999,161.65471756
5102,72.88,38.61,6.67,49.84,3.25406,172.59591232,168,09216-1-02,30 a 44,Mujeres,Quintil bajo,Norte,Cuidadores domesticos,Motorizados privados,85.44,0,85.44,87.15591232,168,45.28,64.55998047999998,211.90381727999997
5104,46.32,40.84,9.15,71.69,2.24362,56.87446032,168,09223-1-02,45 a 59,Hombres,Quintil bajo,Sur,Trabajadores rutinarios,Motorizados privados,52.949999999999996,0,52.949999999999996,3.92446032,168,49.99,47.05001808,159.20858188
5108,78.26,17.42,6.3,66.02,3.911673,180.02752586,168,09230-1-01,60 o mas,Hombres,Quintil bajo,Centro,Trabajadores rutinarios,Motorizados privados,83.89999999999999,12.5,71.39999999999999,108.62752586,168,23.720000000000002,126.10000312000003,218.88488668
5109,50.81,38.81,8.83,69.55,0.703045,21.22171046,168,09231-1-02,45 a 59,Hombres,Quintil bajo,Sur,Trabajadores rutinarios,Motorizados privados,15.5,0,15.5,5.721710460000001,168,47.64,14.500005990000002,47.99306979000001
5110,85.74,18.49,5.85,57.92000000000001,6.39786,250.17248544,168,09236-1-01,30 a 44,Hombres,Quintil medio,Norte,Trabajadores rutinarios,Motorizados privados,201.62,0,201.62,48.55248544,168,24.339999999999996,298.38003095999994,454.10394335999985
5111,92.56,9.61,11.38,54.449999999999996,1.876329,111.00304607999999,168,09236-1-02,30 a 44,Mujeres,Quintil medio,Norte,Trabajadores rutinarios,Motorizados privados,42.330000000000005,0,42.330000000000005,68.67304607999999,168,20.990000000000002,62.66996616,102.05411187000001
5125,77.62,17.4,10.17,62.80999999999999,4.5796,267.11852624,168,09264-1-02,30 a 44,Mujeres,Quintil medio,Centro,Cuidadores domesticos,Motorizados privados,111.64999999999999,0,111.64999999999999,155.46852624,168,27.57,88.35002576000005,214.6095977600001
5126,52.92,49.79,9.98,55.30999999999999,7.557435,183.09947808000004,168,09266-1-01,30 a 44,Hombres,Quintil bajo,Norte,Jovenes trabajadores,Motorizados privados,158.16000000000003,0,158.16000000000003,24.93947808,168,59.769999999999996,216.83998211999995,668.54787207
5130,50.84,28.02,16.65,72.49000000000001,4.110923,70.25489643555561,168,09270-1-05,45 a 59,Hombres,Quintil alto,Norte,Trabajadores rutinarios,Motorizados privados,105.7,44.4444444444444,61.2555555555556,8.99934088,168,44.67,138.7444288844444,322.3793592944443
5132,88.71,22.71,5.77,50.81,2.56648,111.38243133,168,09275-1-01,45 a 59,Hombres,Quintil bajo,Centro,Trabajadores moviles,Motorizados privados,96.21000000000001,0,96.21000000000001,15.17243133,168,28.48,116.29000946999997,189.38335986999996
5137,74.85,17.78,15.64,59.730000000000004,2.526185,133.5149665,168,09278-1-02,45 a 59,Mujeres,Quintil bajo,Centro,Trabajadores rutinarios,Motorizados privados,56.93,0,56.93,76.58496650000001,168,33.42,55.56998074999996,139.99508344999998
5138,67.93,38.14,6.89,55.03999999999999,1.031803,70.0903603,168,09279-1-01,30 a 44,Hombres,Quintil bajo,Centro,Cuidadores domesticos,Motorizados privados,0,0,0,70.0903603,168,45.03,1.7490000004727335e-5,46.46210658000001
5140,62.7,30.25,7.26,67.78999999999999,7.904015,37.571730600000016,168,09282-1-01,60 o mas,Hombres,Quintil alto,Centro,Trabajadores rutinarios,Motorizados privados,366.99,375,-8.009999999999991,45.58173060000001,168,37.51,458.0100099,754.4896125500001
5144,67.95,42.52,6.09,51.44,11.18649,220.7020045,168,09288-1-02,60 o mas,Hombres,Quintil alto,Sur,Cuidadores domesticos,Motorizados privados,285.58,150,135.57999999999998,85.1220045,168,48.61,539.419991,1083.1952699
5146,38.79,27.07,19.51,82.63000000000001,3.989118,133.20789321,168,09290-1-01,30 a 44,Mujeres,Quintil bajo,Centro,Trabajadores rutinarios,Motorizados privados,75.47,0,75.47,57.737893209999996,168,46.58,21.529994009999996,207.34311044999993
5148,54.21,37.38,8.52,67.89,1.099312,36.38373021,168,09297-1-02,45 a 59,Hombres,Quintil bajo,Centro,Trabajadores rutinarios,Motorizados privados,26.790000000000003,0,26.790000000000003,9.593730209999999,168,45.900000000000006,23.209973310000002,73.66839411000001
5149,60.95,29.75,9.73,67.57,19.038452,407.16363025000004,168,09298-1-01,30 a 44,Hombres,Quintil alto,Norte,Trabajadores rutinarios,Motorizados privados,371.77000000000004,0,371.77000000000004,35.39363025,168,39.480000000000004,753.2300191499999,1504.8681041099999
5165,44.48,47.3,14.77,61.45000000000002,3.680247,92.92737600000001,168,09330-1-01,30 a 44,Hombres,Quintil bajo,Centro,Jovenes trabajadores,Motorizados privados,79.23,0,79.23,13.697376,168,62.06999999999999,70.77001055999997,299.2029418499999
5168,49.38,51.52,6.91,60.19,4.634478,98.45054438,168,09336-1-01,30 a 44,Hombres,Quintil bajo,Norte,Jovenes trabajadores,Motorizados privados,69.6,0,69.6,28.850544380000002,168,58.43000000000001,130.39997926,401.1925288
5169,50.68,19.19,15.19,82.94,5.930405,114.02831509538458,168,09337-1-01,30 a 44,Hombres,Quintil bajo,Centro,Trabajadores rutinarios,Motorizados privados,141.35999999999999,52.8846153846154,88.47538461538458,25.55293048,168,34.38,186.5246103046154,390.4119342046155
5174,75.2,33.91,7.22,51.67,4.739475,244.5985088,168,09349-1-01,18 a 29,Hombres,Quintil bajo,Centro,Cuidadores domesticos,Motorizados privados,138.19,0,138.19,106.4085088,168,41.129999999999995,111.81001120000002,306.7446179499999
5180,49.57,48.07,7.46,62.90000000000001,2.801343,79.27257402,168,09358-1-03,18 a 29,Mujeres,Quintil alto,Centro,Trabajadores moviles,Motorizados privados,65.41,0,65.41,13.862574020000002,168,55.53,59.58999849000001,215.14857528000005
5184,55.91,30.14,4.98,76.97,3.307235,98.06753359000001,168,09362-1-01,45 a 59,Hombres,Quintil bajo,Centro,Trabajadores rutinarios,Motorizados privados,78.16000000000001,0,78.16000000000001,19.90753359,168,35.120000000000005,86.83997525999996,202.99006846
5185,19.57,56.59,7.92,83.92,3.018095,59.06411915,168,09362-1-02,60 o mas,Mujeres,Quintil bajo,Centro,Rutina flexible,Motorizados privados,0,0,0,59.06411915,168,64.51,0,194.69730845
5190,58.51,52.11,15.03,42.35000000000001,4.897644,147.65114751,168,09369-1-01,30 a 44,Hombres,Quintil bajo,Centro,Jovenes trabajadores,Motorizados privados,111.08999999999999,0,111.08999999999999,36.56114751,168,67.14,138.91000292999996,467.7378210899999
5191,82.27,14.7,13.57,57.46,3.01247,196.26282997692311,168,09372-1-02,45 a 59,Mujeres,Quintil alto,Centro,Cuidadores domesticos,Motorizados privados,65.35000000000001,116.9230769230769,-51.5730769230769,247.8359069,168,28.27,51.57307692307688,136.73560382307687
5198,45.69,46.92,6.24,69.15,3.065457,140.06073032999998,168,09381-1-01,30 a 44,Mujeres,Quintil bajo,Centro,Cuidadores domesticos,Motorizados privados,0,0,0,140.06073032999998,168,53.160000000000004,0,162.95969411999997
5209,72.84,21.55,9.48,64.13,5.287939,187.12348924000003,168,09400-1-01,45 a 59,Mujeres,Quintil bajo,Centro,Trabajadores moviles,Motorizados privados,189.45000000000002,87.5,101.95000000000002,85.17348924,168,31.03,198.04998751999995,362.13473468999996
5211,65.61,41.37,10.85,50.17,4.78695,226.87181153,168,09405-1-01,30 a 44,Mujeres,Quintil bajo,Sur,Jovenes trabajadores,Motorizados privados,200.3,37.5,162.8,64.07181152999999,168,52.22,87.19997797000002,337.17450697
5215,49.15,45.29,5.49,68.07000000000001,3.018187,148.34389105,168,09409-1-02,30 a 44,Mujeres,Quintil bajo,Sur,Cuidadores domesticos,Motorizados privados,0,0,0,148.34389105,168,50.78,0,153.26353586000002
5216,72,27.98,5.96,62.059999999999995,2.930719,190.0118,168,09410-1-02,18 a 29,Mujeres,Quintil bajo,Norte,Cuidadores domesticos,Motorizados privados,29.000000000000004,0,29.000000000000004,161.0118,168,33.94,20.999967999999996,120.46857086
5220,49.08,47.11,10.32,61.49,8.225631,197.69397456000002,168,09414-1-01,60 o mas,Hombres,Quintil alto,Sur,Jovenes trabajadores,Motorizados privados,168.98000000000002,0,168.98000000000002,28.71397456,168,57.43,206.01999492,678.4179832499999
5221,62.24,38.7,8.24,58.819999999999986,9.137075,294.00153152000007,168,09414-1-02,60 o mas,Mujeres,Quintil alto,Sur,Cuidadores domesticos,Motorizados privados,225.31000000000003,0,225.31000000000003,68.69153152000001,167.99999999999997,46.940000000000005,274.69001647999994,703.5843169799999
5222,56.12,34.26,13.29,64.33000000000001,3.340114,98.17721404,168,09414-1-04,18 a 29,Hombres,Quintil alto,Sur,Trabajadores rutinarios,Motorizados privados,73.22999999999999,0,73.22999999999999,24.94721404,168,47.55,89.26998363999999,248.09240433999994
5223,59.12,31.62,4.6,72.66,3.920937,170.9057664,168,09415-1-01,30 a 44,Mujeres,Quintil bajo,Norte,Cuidadores domesticos,Motorizados privados,101.6,62.5,39.099999999999994,131.8057664,168,36.22,60.90002903999999,202.91636718
5226,76.24,16.4,8.09,67.27000000000001,3.074805,234.4231332,168,09424-1-02,30 a 44,Mujeres,Quintil medio,Norte,Cuidadores domesticos,Motorizados privados,0,0,0,234.4231332,168,24.49,0,75.30197444999999
5227,48.81,43.69,10.07,65.43,8.220939,194.88402841,168,09426-1-01,45 a 59,Hombres,Quintil bajo,Centro,Trabajadores rutinarios,Motorizados privados,168.62,0,168.62,26.26402841,168,53.76,206.38000418,648.3376848199998
5230,13.38,70.2,11.12,73.3,3.162135,42.3093663,168,09428-1-02,30 a 44,Hombres,Quintil bajo,Centro,Rutina flexible,Motorizados privados,0,0,0,42.3093663,168,81.32000000000001,7.105427357601002e-15,257.1448182
5236,37.99,67.42,8.48,54.109999999999985,3.087982,39.82243618,168,09444-1-02,60 o mas,Mujeres,Quintil alto,Centro,Rutina flexible,Motorizados privados,95.01,172.5,-77.49,117.31243617999999,168,75.9,77.49,311.8678338
5238,63.36,20.74,18.46,65.44,8.797326,292.1585926,168,09449-1-01,45 a 59,Hombres,Quintil alto,Centro,Trabajadores rutinarios,Motorizados privados,234.76000000000002,0,234.76000000000002,57.3985926,168,39.2,265.23998276,610.09516196
5242,44.66,54.72,8.53,60.09,11.527365,253.91210824,168,09451-1-02,45 a 59,Hombres,Quintil medio,Norte,Jovenes trabajadores,Motorizados privados,239.10000000000002,0,239.10000000000002,14.81210824,168,63.25,260.90001265999996,990.0058489099999
5243,70.67,22.7,10.14,64.49,3.385699,183.35734149,168,09453-1-01,30 a 44,Mujeres,Quintil bajo,Sur,Trabajadores rutinarios,Motorizados privados,106.59,0,106.59,76.76734149,168,32.84,55.910006839999994,167.096362
5253,29.44,48.63,9.67,80.26,2.997982,17.91443623384609,168,09473-1-01,60 o mas,Mujeres,Quintil medio,Sur,Rutina flexible,Motorizados privados,67.24999999999999,137.5961538461539,-70.34615384615391,88.26059008,168,58.300000000000004,70.34615384615391,245.12850444615387
5258,45.58,36.5,9.1,76.82000000000001,6.949656,158.43532204000002,168,09478-1-02,45 a 59,Hombres,Quintil bajo,Centro,Trabajadores rutinarios,Motorizados privados,141.67000000000002,0,141.67000000000002,16.76532204,168,45.6,158.32999844,475.2343120399999
5262,66.83,17.21,13.28,70.68,10.993851,451.84907444,168,09485-1-01,30 a 44,Mujeres,Quintil alto,Sur,Trabajadores rutinarios,Motorizados privados,342.13,0,342.13,109.71907443999999,168,30.490000000000002,282.86998788999995,618.0725048799999
5264,69.18,28.37,12.46,57.98999999999999,3.500343,184.01376652,168,09489-1-01,45 a 59,Mujeres,Quintil bajo,Sur,Cuidadores domesticos,Motorizados privados,91.86,0,91.86,92.15376651999999,168,40.83,58.13996222000003,201.0589669100001
5266,70.81,17.52,10.1,69.57000000000001,13.251996,462.01383755,168,09491-1-01,45 a 59,Hombres,Quintil alto,Centro,Trabajadores rutinarios,Motorizados privados,398.64,0,398.64,63.373837550000005,168,27.619999999999997,476.35999921,842.3801287299998
5267,51.6,49.22,10.35,56.830000000000005,4.856845,159.9832268,168,09492-1-01,30 a 44,Hombres,Quintil bajo,Norte,Jovenes trabajadores,Motorizados privados,121.87,0,121.87,38.11322680000001,168,59.57,90.62997519999999,379.95223184999986
5269,23.78,75.48,3.03,65.71,2.88734,48.60094834,168,09496-1-03,30 a 44,Mujeres,Quintil bajo,Centro,Jovenes trabajadores,Motorizados privados,24.94,0,24.94,23.66094834,168,78.51,20.05999686,246.74506026
5271,52.24,33.58,5.94,76.24,9.284464,128.3621956275145,168,09504-1-02,45 a 59,Mujeres,Quintil alto,Norte,Trabajadores rutinarios,Motorizados privados,159.31,53.4682080924855,105.8417919075145,22.52040372,168,39.519999999999996,356.6582037324855,723.5802210124855
5273,7.09,48.76,9.05,103.10000000000001,3.217706,22.81353554,168,09507-1-03,18 a 29,Mujeres,Quintil medio,Centro,Rutina flexible,Motorizados privados,0,0,0,22.81353554,168,57.81,0,186.01558386
5278,49.7,36.77,10.45,71.08,5.681247,121.40797780000001,168,09515-1-01,60 o mas,Hombres,Quintil bajo,Norte,Trabajadores rutinarios,Motorizados privados,89.05000000000001,0,89.05000000000001,32.3579778,168,47.22,160.94999809999996,429.21848144
5280,50.79,50.35,5.72,61.140000000000015,2.325875,96.58116981,168,09519-1-01,45 a 59,Hombres,Quintil bajo,Sur,Jovenes trabajadores,Motorizados privados,94.2,0,94.2,2.3811698100000003,168,56.07,21.550021439999995,151.96183268999994
5283,50.29,37.98,8.22,71.51000000000002,6.095422,128.5394216309537,168,09525-1-01,60 o mas,Mujeres,Quintil alto,Centro,Trabajadores rutinarios,Motorizados privados,207.22,110.2193460490463,97.0006539509537,31.53876768,168,46.199999999999996,177.9993507490463,459.60784714904617
5287,60.57,51.56,8.11,47.760000000000005,6.190463,198.61634618999997,168,09533-1-01,30 a 44,Hombres,Quintil medio,Centro,Jovenes trabajadores,Motorizados privados,148.65999999999997,0,148.65999999999997,49.956346190000005,168,59.67,176.33999772000007,545.72492493
5291,7.36,65.33,15.41,79.89999999999999,3.130345,23.0393392,168,09540-1-01,45 a 59,Mujeres,Quintil bajo,Sur,Rutina flexible,Motorizados privados,0,0,0,23.0393392,168,80.74,0,252.74405530000004
5293,75.01,29.28,11.62,52.089999999999996,2.352285,111.55486572000001,168,09549-1-01,45 a 59,Mujeres,Quintil bajo,Centro,Cuidadores domesticos,Motorizados privados,85.11,50,35.11,76.44486572000001,168,40.9,64.89003213000001,161.09848863000002
5297,38.12,70.6,7.7,51.58,9.350875,196.95534244,168,09556-1-01,60 o mas,Hombres,Quintil bajo,Norte,Jovenes trabajadores,Motorizados privados,140.5,0,140.5,56.45534244,168,78.3,159.50001256,891.6735250600001
5298,45.13,39.39,11.4,72.08,20.867977,341.06325226495727,168,09558-1-01,60 o mas,Hombres,Quintil alto,Sur,Trabajadores rutinarios,Motorizados privados,344.21,69.9185415050427,274.2914584949573,66.77179376999999,168,50.79,600.7085497450428,1660.5931015750427
5302,24.26,27.12,17.4,99.22,2.963913,31.095243665714307,168,09562-1-01,60 o mas,Mujeres,Quintil alto,Norte,Rutina flexible,Motorizados privados,29.28,70.0892857142857,-40.80928571428569,71.90452938,168,44.519999999999996,40.80928571428569,172.7626924742857
5307,65.52,38.12,8.89,55.47000000000001,2.762906,150.89559392,168,09567-1-01,45 a 59,Hombres,Quintil bajo,Centro,Trabajadores rutinarios,Motorizados privados,89.87,0,89.87,61.02559392,168,47.01,30.130007199999994,160.01421825999995
5309,32.49,38.92,10.66,85.92999999999999,3.029548,98.43001452000001,168,09569-1-02,45 a 59,Mujeres,Quintil bajo,Norte,Rutina flexible,Motorizados privados,0,0,0,98.43001452000001,168,49.58,0,150.20498984000002
5312,74.36,33.99,6.95,52.699999999999996,2.925544,131.52346784,168,09578-1-02,30 a 44,Mujeres,Quintil medio,Norte,Trabajadores moviles,Motorizados privados,68.97999999999999,42.5,26.47999999999999,105.04346784,168,40.940000000000005,86.019984,205.79175536000005
5313,58.2,23.55,18.5,67.75,7.08583,217.5852832,168,09582-1-01,45 a 59,Hombres,Quintil medio,Norte,Trabajadores rutinarios,Motorizados privados,180.19,0,180.19,37.395283199999994,168,42.05,194.8100228,492.7691743
5317,75.08,23.1,9.37,60.449999999999996,1.458319,87.70058879999999,168,09586-1-01,30 a 44,Hombres,Quintil bajo,Centro,Trabajadores rutinarios,Motorizados privados,78.21,0,78.21,9.490588800000001,168,32.47,21.790001720000006,69.14161965000002
5321,48.6,49.62,8.42,61.36,3.315565,65.34645959999999,168,09594-1-01,60 o mas,Hombres,Quintil medio,Norte,Jovenes trabajadores,Motorizados privados,54.209999999999994,0,54.209999999999994,11.1364596,168,58.04,95.78999940000001,288.225392
5323,74.16,26.22,12.35,55.27,3.740945,210.94848672,168,09597-1-01,18 a 29,Mujeres,Quintil medio,Sur,Cuidadores domesticos,Motorizados privados,108.52,0,108.52,102.42848672,168,38.57,66.47999447999996,210.76824312999997
5329,77.89,43.03,8.77,38.31,4.026184,211.43945095,168,09611-1-02,30 a 44,Mujeres,Quintil alto,Centro,Trabajadores moviles,Motorizados privados,112.84,0,112.84,98.59945095,168,51.8,102.16002080999996,310.7163520099999
5332,37.12,34.18,10.32,86.38,2.664492,98.9059248,168,09617-1-02,30 a 44,Mujeres,Quintil bajo,Norte,Rutina flexible,Motorizados privados,0,0,0,98.9059248,168,44.5,1.8240000002833767e-5,118.56991224000002
5335,54.37,53.57,5.66,54.39999999999999,5.730183,177.86005462,168,09621-1-01,30 a 44,Hombres,Quintil medio,Centro,Jovenes trabajadores,Motorizados privados,148.81,0,148.81,29.050054619999997,168,59.230000000000004,133.68999509,473.0887341800001
5336,79.06,22.62,7.54,58.779999999999994,4.473009,235.336065,168,09621-1-02,30 a 44,Mujeres,Quintil medio,Centro,Cuidadores domesticos,Motorizados privados,131.7,0,131.7,103.636065,168,30.16,118.30002654000006,253.20597798000003
5342,51.76,15.31,14.96,85.97,1.70399,15.843539999999996,168,09629-1-02,60 o mas,Hombres,Quintil bajo,Norte,Trabajadores rutinarios,Motorizados privados,30.769999999999996,28.125,2.644999999999996,13.19854,168,30.270000000000003,72.3549824,123.9347597
5345,70.9,16.02,10.17,70.91,3.241008,179.16743639999999,168,09634-1-01,45 a 59,Mujeres,Quintil bajo,Sur,Trabajadores rutinarios,Motorizados privados,99.38,0,99.38,79.7874364,168,26.189999999999998,50.62003080000002,135.50203032000002
5352,61.54,33.91,6,66.55000000000001,2.872284,116.2403587,168,09645-1-01,45 a 59,Mujeres,Quintil bajo,Norte,Trabajadores rutinarios,Motorizados privados,101.98,37.5,64.48,51.7603587,168,39.91,60.51999866,175.15285309999996
5353,68.87,35.53,8.31,55.28999999999999,5.054566,214.29796184999998,168,09647-1-01,30 a 44,Mujeres,Quintil bajo,Centro,Trabajadores moviles,Motorizados privados,186.19,45,141.19,73.10796185,168,43.84,133.80999857000006,355.4021720100001
5355,55.69,32.48,7.61,72.22000000000001,2.989447,105.79231289,168,09650-1-02,30 a 44,Hombres,Quintil bajo,Norte,Trabajadores rutinarios,Motorizados privados,56.81,0,56.81,48.98231289,168,40.089999999999996,60.68999054,180.53692077
5356,68.29,38.43,6.67,54.60999999999999,5.336763,240.63756406,168,09651-1-01,30 a 44,Hombres,Quintil medio,Centro,Trabajadores moviles,Motorizados privados,201.19,0,201.19,39.447564060000005,168,45.1,123.80998121000005,364.4979925100002
5357,40.33,40.23,10.73,76.71,3.060168,123.41657543999999,168,09651-1-02,30 a 44,Mujeres,Quintil medio,Centro,Rutina flexible,Motorizados privados,0,0,0,123.41657543999999,168,50.959999999999994,0,155.94616128000007
5358,37.5,21.45,10.16,98.89,3.077724,115.41465,168,09653-1-01,45 a 59,Mujeres,Quintil bajo,Sur,Rutina flexible,Motorizados privados,0,0,0,115.41465,168,31.61,0,97.28685564
5362,50.91,38.2,11.95,66.94,10.166265,299.20456728,168,09658-1-01,45 a 59,Hombres,Quintil alto,Centro,Trabajadores moviles,Motorizados privados,281.64,0,281.64,17.564567280000002,168,50.150000000000006,218.35998386999995,728.19817362
5365,38.01,50.26,10.51,69.22000000000001,20.392027,407.63096103,168,09660-1-01,30 a 44,Hombres,Quintil alto,Sur,Jovenes trabajadores,Motorizados privados,382.53,0,382.53,25.10096103,168,60.769999999999996,367.4699852399999,1606.6934660299996
5367,68.17,6.6,18.79,74.44,2.9283960000000002,80.39330765350881,168,09666-1-02,60 o mas,Mujeres,Quintil bajo,Sur,Trabajadores rutinarios,Motorizados privados,60.940000000000005,50.1754385964912,10.764561403508807,69.62874625,168,25.39,119.2354476664912,193.5874221064912
5369,21.84,56.95,12.34,76.86999999999999,3.174152,69.32347967999999,168,09671-1-01,18 a 29,Hombres,Quintil bajo,Norte,Rutina flexible,Motorizados privados,0,0,0,69.32347967999999,168,69.29,0,219.93699208000004
5376,49.6,28.63,9.6,80.17000000000002,3.835446,79.93816505286338,168,09684-1-03,18 a 29,Mujeres,Quintil bajo,Centro,Trabajadores rutinarios,Motorizados privados,106.32999999999998,41.6299559471366,64.70004405286338,15.238121,168,38.23,110.29995654713662,256.92905712713656
5377,56.63,39.93,7.5,63.94,2.975541,168.50488683,168,09686-1-02,18 a 29,Mujeres,Quintil bajo,Sur,Cuidadores domesticos,Motorizados privados,0,0,0,168.50488683,168,47.43,2.842170943040401e-14,141.12990963000001
5380,37.99,39.93,18.32,71.75999999999999,2.999343,113.94504057,168,09688-1-01,45 a 59,Mujeres,Quintil bajo,Centro,Rutina flexible,Motorizados privados,0,0,0,113.94504057,168,58.25,0,174.71172975000002
5381,62.64,44.44,7.01,53.910000000000004,2.507828,100.28032167999999,168,09690-1-01,45 a 59,Hombres,Quintil bajo,Centro,Jovenes trabajadores,Motorizados privados,55.69,0,55.69,44.590321679999995,168,51.449999999999996,56.81002424000002,185.83777484
5387,58.12,43.65,7.76,58.46999999999999,4.976822,69.75291456,168,09698-1-01,60 o mas,Mujeres,Quintil bajo,Sur,Trabajadores rutinarios,Motorizados privados,143,112.5,30.5,39.25291456,168,51.41,219.49998008000003,475.35839910000004
5389,27.2,27.64,10.43,102.73000000000002,2.530246,50.202687999999995,168,09701-1-03,18 a 29,Mujeres,Quintil bajo,Norte,Rutina flexible,Motorizados privados,13.379999999999999,0,13.379999999999999,36.822688,168.00000000000003,38.07,18.6200032,114.94646841999995
5392,50.8,35.95,14.66,66.59,5.283468,150.689847522807,168,09703-1-06,30 a 44,Hombres,Quintil medio,Sur,Trabajadores rutinarios,Motorizados privados,188.43,56.140350877193,132.28964912280702,18.400198400000004,168,50.61,117.71032687719295,385.106642357193
5393,82.37,36.21,3.91,45.50999999999999,8.054774,388.36175048999996,168,09705-1-01,45 a 59,Hombres,Quintil alto,Centro,Cuidadores domesticos,Motorizados privados,224.89,0,224.89,163.47175049,168,40.120000000000005,275.1099838900001,598.2675167700002
5394,30.1,51.44,5.89,80.57000000000001,3.08436,92.83923600000001,168,09707-1-02,30 a 44,Mujeres,Quintil bajo,Sur,Rutina flexible,Motorizados privados,0,0,0,92.83923600000001,168,57.33,0,176.82635879999998
5396,64.91,29.81,4.55,68.73,1.867101,89.07350574,168,09711-1-01,30 a 44,Hombres,Quintil bajo,Centro,Trabajadores rutinarios,Motorizados privados,55.38,0,55.38,33.69350574,168,34.36,32.12002016999999,96.27361052999998
5402,53.74,9.26,8.55,96.44999999999999,3.84094,87.00210000000001,168,09727-1-02,45 a 59,Mujeres,Quintil alto,Centro,Trabajadores rutinarios,Motorizados privados,59.34,0,59.34,27.662100000000002,168,17.810000000000002,119.41001559999998,187.81715700000004
5403,52.47,42.93,9.96,62.63999999999999,9.966422,188.89815887999998,168,09727-1-03,30 a 44,Mujeres,Quintil alto,Centro,Trabajadores moviles,Motorizados privados,165.95999999999998,0,165.95999999999998,22.93815888,168,52.89,334.04000346,861.1640630400002
5406,42.82,42.84,9.04,73.30000000000001,11.300046,215.4279835,168,09733-1-02,45 a 59,Mujeres,Quintil alto,Centro,Trabajadores rutinarios,Motorizados privados,206.56,0,206.56,8.8679835,168,51.88,268.43998622000004,854.6863727
5407,77.5,21.26,7.49,61.74999999999999,2.66501,155.918265,168,09735-1-01,30 a 44,Mujeres,Quintil bajo,Sur,Trabajadores moviles,Motorizados privados,99.38,30,69.38,86.538265,168,28.75,50.62001000000001,127.2390475
5411,19.06,84.42,16.65,47.87,2.692405,59.17724402000001,168,09747-1-02,60 o mas,Mujeres,Quintil bajo,Sur,Rutina flexible,Motorizados privados,25.360000000000007,0,25.360000000000007,33.817244020000004,168,101.07,-7.860004720000013,264.26136863
5412,68.83,38.44,6.49,54.24,3.148988,185.32484129,168,09748-1-01,45 a 59,Mujeres,Quintil bajo,Sur,Trabajadores moviles,Motorizados privados,86.08,17.5,68.58,116.74484129,168,44.93,31.42000275000001,172.90403358999998
5421,31.76,56.81,8.54,70.89000000000001,3.705439,56.51475408,168,09770-1-04,30 a 44,Hombres,Quintil medio,Norte,Rutina flexible,Motorizados privados,31.33,0,31.33,25.18475408,168.00000000000003,65.35,61.16998856000001,303.32042721
5422,51.32,20.67,6.32,89.69,2.322335,53.0522428,168,09770-1-05,18 a 29,Mujeres,Quintil medio,Norte,Trabajadores rutinarios,Motorizados privados,33.87,0,33.87,19.1822428,168,26.990000000000002,66.12998939999999,128.80981105
5426,75.98,20.62,12.88,58.51999999999999,1.236089,93.9180877,168,09780-1-01,30 a 44,Hombres,Quintil bajo,Sur,Cuidadores domesticos,Motorizados privados,0,0,0,93.9180877,168,33.5,-4.5479999997155574e-5,41.40893602000003
5438,55.71,33.18,23.72,55.389999999999986,2.878038,116.07081533205991,168,09806-1-03,60 o mas,Mujeres,Quintil bajo,Sur,Cuidadores domesticos,Motorizados privados,27.99,72.2546816479401,-44.26468164794011,160.33549698000002,168,56.9,44.26468164794011,208.02504384794014
5439,65.3,43.84,7.74,51.12,3.368391,73.25303955714288,168,09807-1-02,60 o mas,Mujeres,Quintil medio,Centro,Cuidadores domesticos,Motorizados privados,110.44,107.14285714285711,3.2971428571428874,69.9558967,168,51.580000000000005,146.7028927428571,320.4445005228571
5442,63.71,30.1,8.75,65.44,3.357075,187.18927038,168,09809-1-01,30 a 44,Hombres,Quintil bajo,Norte,Trabajadores moviles,Motorizados privados,123.31,0,123.31,63.87927038000001,168,38.85,26.689977870000007,157.11234162000002
5454,25.09,26.04,19.13,97.74000000000001,4.826672,56.70667841607839,168,09829-1-02,18 a 29,Hombres,Quintil alto,Centro,Rutina flexible,Motorizados privados,76.88,86.2745098039216,-9.394509803921608,66.10118822,168,45.17,64.39452206392161,282.4152963039216
5460,73.25,14.68,8.29,71.78,3.948048,219.30453350000002,168,09837-1-02,30 a 44,Mujeres,Quintil bajo,Norte,Cuidadores domesticos,Motorizados privados,105.11000000000001,0,105.11000000000001,114.1945335,168,22.97,69.8899825,160.57664506
5461,78.07,10.66,8.01,71.26,4.313868,213.75368215999998,168,09838-1-01,45 a 59,Hombres,Quintil bajo,Norte,Cuidadores domesticos,Motorizados privados,126.97,0,126.97,86.78368216,168,18.67,123.02999260000001,203.56990816
5463,50.7,57.53,9.52,50.25,4.11722,84.543059,168,09847-1-01,45 a 59,Hombres,Quintil bajo,Norte,Jovenes trabajadores,Motorizados privados,75.8,0,75.8,8.743059,168,67.05,124.199995,400.259596
5464,4.19,83.7,10.08,70.03,3.104928,13.009648320000002,168,09856-1-04,18 a 29,Hombres,Quintil bajo,Sur,Rutina flexible,Motorizados privados,0,0,0,13.009648320000002,168,93.78,0,291.18014784
5470,51.47,29.27,13.34,73.92,2.939534,60.03781498000001,168,09868-1-02,60 o mas,Mujeres,Quintil medio,Sur,Cuidadores domesticos,Motorizados privados,63.24,154.5,-91.25999999999999,151.29781498,168,42.61,91.25999999999999,216.51354374
5472,17.89,54.08,6.36,89.67000000000002,3.100618,55.47005602,168,09871-1-02,60 o mas,Mujeres,Quintil bajo,Centro,Cuidadores domesticos,Motorizados privados,0,0,0,55.47005602,168,60.44,0,187.40135191999997
5473,34.75,56.38,12.44,64.43,6.192672,90.75534975000001,168,09874-1-01,60 o mas,Hombres,Quintil bajo,Centro,Rutina flexible,Motorizados privados,75.56,0,75.56,15.19534975,168,68.82000000000001,124.44000224999998,550.6196892899999
5476,47,29.18,17.95,73.86999999999999,3.136784,147.428848,168,09880-1-02,45 a 59,Hombres,Quintil bajo,Centro,Cuidadores domesticos,Motorizados privados,0,0,0,147.428848,168,47.129999999999995,0,147.83662992000004
5487,34.89,26.94,13.93,92.24000000000001,3.100113,108.16294257,168,09901-1-02,30 a 44,Mujeres,Quintil bajo,Norte,Rutina flexible,Motorizados privados,0,0,0,108.16294257,168,40.870000000000005,0,126.70161830999997
5493,50.06,38.77,11.95,67.21999999999998,3.713666,160.36614190000003,168,09912-1-01,30 a 44,Mujeres,Quintil bajo,Centro,Cuidadores domesticos,Motorizados privados,106.96000000000001,82.5,24.460000000000008,135.90614190000002,168,50.72,25.53997805999998,213.89711758
5495,63.18,22.3,15.05,67.47,3.163299,199.85723081999998,168,09914-1-02,45 a 59,Mujeres,Quintil bajo,Norte,Cuidadores domesticos,Motorizados privados,0,0,0,199.85723081999998,168,37.35,0,118.14921765000003
5514,64.58,41.23,15.36,46.830000000000005,4.809064,211.6893594,168,09946-1-02,60 o mas,Mujeres,Quintil bajo,Sur,Trabajadores rutinarios,Motorizados privados,151.12,0,151.12,60.56935940000001,168,56.589999999999996,98.87999372000002,371.0249254799999
5515,51.83,38.85,13.71,63.60999999999999,6.0141,176.50078502,168,09952-1-01,45 a 59,Hombres,Quintil bajo,Sur,Trabajadores moviles,Motorizados privados,139.79,0,139.79,36.710785019999996,168,52.56,135.21001798,451.3111139800001
5516,12.68,27.93,9.58,117.80999999999999,3.109591,39.42961388,168,09952-1-03,18 a 29,Hombres,Quintil bajo,Sur,Rutina flexible,Motorizados privados,0,0,0,39.42961388,168,37.51,0,116.64075841000002
5517,66.42,38.6,7.98,55,1.613377,75.18047556,168,09954-1-01,30 a 44,Mujeres,Quintil bajo,Centro,Trabajadores rutinarios,Motorizados privados,43.02,0,43.02,32.16047556,168,46.58,31.980024780000008,107.13112543999999
5518,61.51,44.94,6.13,55.42000000000001,4.461028,167.58785396000002,168,09955-1-01,30 a 44,Hombres,Quintil bajo,Norte,Jovenes trabajadores,Motorizados privados,118.19,0,118.19,49.397853960000006,168,51.07,106.80997831999997,334.6346782799999
5519,57.06,34.12,13.22,63.599999999999994,7.251336,195.67125004,168,09957-1-01,60 o mas,Hombres,Quintil alto,Centro,Trabajadores moviles,Motorizados privados,156.91,0,156.91,38.76125004,168,47.339999999999996,218.08998212000003,561.3682283600001
5524,12.31,41.22,12.16,102.31,2.832393,34.866757830000005,168,09964-1-01,18 a 29,Mujeres,Quintil bajo,Centro,Rutina flexible,Motorizados privados,0,0,0,34.866757830000005,168,53.379999999999995,0,151.19313834
5525,56.17,47.22,9.07,55.54,3.026875,170.01956875,168,09964-1-03,45 a 59,Mujeres,Quintil bajo,Centro,Cuidadores domesticos,Motorizados privados,0,0,0,170.01956875,168,56.29,0,170.38279375000005
5528,60.07,62.15,6.5,39.28000000000001,7.596736,250.16590656000002,168,09966-1-01,45 a 59,Hombres,Quintil alto,Centro,Jovenes trabajadores,Motorizados privados,218.83,0,218.83,31.33590656,168,68.65,206.17002495999995,727.6859513599999
5530,80.51,25.77,7.6,54.12,2.191655,191.03013078,168,09969-1-01,45 a 59,Mujeres,Quintil bajo,Centro,Cuidadores domesticos,Motorizados privados,64.58000000000001,12.5,52.08000000000001,138.95013078,168,33.37,-14.579986730000002,58.55554061999996
5532,42.13,54.28,7.46,64.13000000000001,21.509191,365.09222915000004,168,09972-1-01,30 a 44,Mujeres,Quintil alto,Sur,Jovenes trabajadores,Motorizados privados,454.66,95.75,358.91,6.1822291499999995,168,61.74,541.0899876800001,1869.06744002
5540,65.4,42.32,8.62,51.66,5.539041,219.113252,168,09982-1-01,60 o mas,Mujeres,Quintil medio,Centro,Jovenes trabajadores,Motorizados privados,156.86,0,156.86,62.25325199999999,168,50.94,143.14002940000006,425.29877794000004
5542,76.05,34.93,4.4,52.620000000000005,3.413172,202.4117203,168,09985-1-01,30 a 44,Mujeres,Quintil bajo,Sur,Cuidadores domesticos,Motorizados privados,119.59,0,119.59,82.8217203,168,39.33,57.16001029999995,191.40006505999997
5544,58.91,33.44,12.29,63.36000000000001,2.68645,98.46876463999999,168,09991-1-01,30 a 44,Hombres,Quintil bajo,Centro,Trabajadores rutinarios,Motorizados privados,55.21,0,55.21,43.258764639999995,168,45.73,59.79000485999998,182.64136335999993
5549,58.77,29.06,9.03,71.13999999999999,3.064032,180.07316064000003,168,09994-1-02,30 a 44,Hombres,Quintil medio,Norte,Cuidadores domesticos,Motorizados privados,0,0,0,180.07316064000003,168,38.089999999999996,0,116.70897888000002
5558,78.6,17.7,8.24,63.46,4.796613,254.3638092,168,10005-1-01,30 a 44,Mujeres,Quintil bajo,Centro,Trabajadores rutinarios,Motorizados privados,177.35,0,177.35,77.0138092,168,25.939999999999998,122.64997259999996,247.07411381999992
5559,66.12,19.57,8.23,74.08,2.88102,130.80980255354837,168,10007-1-02,30 a 44,Mujeres,Quintil medio,Norte,Cuidadores domesticos,Motorizados privados,53.22,25.4032258064516,27.816774193548397,102.99302835999998,168,27.8,59.68323984645164,139.7755958464516
5560,101.71,18.56,10.3,37.43000000000001,2.662742,220.587533,168,10009-1-01,30 a 44,Mujeres,Quintil bajo,Norte,Cuidadores domesticos,Motorizados privados,49.76,0,49.76,170.82753300000002,168,28.86,50.23995581999998,127.08668993999999
5562,73.5,21.74,7.13,65.63000000000001,6.19669,299.3667075,168,10013-1-01,30 a 44,Hombres,Quintil bajo,Sur,Trabajadores moviles,Motorizados privados,218.91,0,218.91,80.45670750000001,168,28.869999999999997,156.0900075,334.98844779999996
5570,57.94,47.96,8.26,53.84,2.864495,148.01935242054054,168,10025-1-02,30 a 44,Hombres,Quintil bajo,Centro,Cuidadores domesticos,Motorizados privados,16.51,9.45945945945946,7.050540540540542,140.96881188,168,56.22,17.94948787945944,178.99139677945942
5571,15.64,39.05,11.52,101.79000000000002,1.445167,22.60242048,168,10026-1-01,30 a 44,Hombres,Quintil bajo,Sur,Rutina flexible,Motorizados privados,0,0,0,22.60242048,168,50.56999999999999,-8.599999997471741e-6,73.08208658999999
5572,28.68,47.24,12.51,79.56999999999998,2.935763,84.19768284,168,10026-1-02,30 a 44,Mujeres,Quintil bajo,Sur,Rutina flexible,Motorizados privados,0,0,0,84.19768284,168,59.75,0,175.4118392500001
5575,82.99,29.86,6.73,48.42,4.66849,261.86801526,168,10038-1-01,30 a 44,Mujeres,Quintil bajo,Centro,Cuidadores domesticos,Motorizados privados,149.43,0,149.43,112.43801526000001,168,36.59,125.56996984,296.39001894
5580,63.95,49.55,7.85,46.65,3.052844,195.2293738,168,10054-1-02,30 a 44,Mujeres,Quintil bajo,Centro,Cuidadores domesticos,Motorizados privados,0,0,0,195.2293738,168,57.4,0,175.2332456
5583,56.72,35.63,8.64,67.01,3.598547,139.24956616,168,10058-1-01,30 a 44,Hombres,Quintil bajo,Sur,Trabajadores rutinarios,Motorizados privados,110.14,0,110.14,29.10956616,168,44.27,64.86001968,224.16769536999996
5585,4.53,57.55,3.08,102.84,3.083375,13.967688750000002,168,10058-1-03,18 a 29,Hombres,Quintil bajo,Sur,Rutina flexible,Motorizados privados,0,0,0,13.967688750000002,168,60.629999999999995,0,186.94502624999998
5587,66.94,39.65,8.98,52.43000000000001,4.990434,139.8163094266667,168,10066-1-01,45 a 59,Mujeres,Quintil bajo,Centro,Trabajadores moviles,Motorizados privados,139.09,83.3333333333333,55.7566666666667,84.05964276,168,48.629999999999995,194.24334253333325,436.9281479533333
5588,65.71,23,10.6,68.69000000000001,6.894497,189.44740874000001,168,10068-1-01,45 a 59,Mujeres,Quintil alto,Sur,Trabajadores rutinarios,Motorizados privados,236.41,125,111.41,78.03740874,168,33.6,263.58998912999994,495.24508832999993
5591,57.87,34.97,12.61,62.55,8.417191,228.08284837000002,168,10076-1-01,18 a 29,Hombres,Quintil medio,Sur,Trabajadores rutinarios,Motorizados privados,215.98000000000002,0,215.98000000000002,12.10284837,168,47.58,259.0199948,659.5099425800001
5594,70.02,18.68,14.44,64.86000000000001,4.008307,167.67167776,168,10078-1-02,30 a 44,Mujeres,Quintil medio,Centro,Trabajadores rutinarios,Motorizados privados,87.00999999999999,0,87.00999999999999,80.66167776,168,33.12,112.98997838,245.74510622
5601,72.37,24.84,16.6,54.18999999999999,3.013432,218.08207384,168,10088-1-01,30 a 44,Mujeres,Quintil bajo,Norte,Cuidadores domesticos,Motorizados privados,0,0,0,218.08207384,168,41.44,0,124.87662207999998
5602,58.2,44.25,6.78,58.769999999999996,6.925801,252.191608,168,10088-1-02,30 a 44,Hombres,Quintil bajo,Norte,Trabajadores moviles,Motorizados privados,199.11,0,199.11,53.081607999999996,168,51.03,150.89001020000003,504.31363523000005
5603,84.37,26.65,9.25,47.73,6.755454,332.8476341,168,10089-1-01,30 a 44,Mujeres,Quintil medio,Norte,Cuidadores domesticos,Motorizados privados,212.89,0,212.89,119.95763409999999,168,35.9,237.11001988000004,479.6308184800001
5605,39.07,31.52,14.21,83.20000000000002,3.049294,119.13591658000001,168,10094-1-02,45 a 59,Mujeres,Quintil bajo,Centro,Cuidadores domesticos,Motorizados privados,0,0,0,119.13591658000001,168.00000000000003,45.730000000000004,0,139.44421461999997
5607,52.58,46.31,14.4,54.71,5.705345,219.19704928,168,10100-1-02,30 a 44,Mujeres,Quintil medio,Sur,Cuidadores domesticos,Motorizados privados,94.21,0,94.21,124.98704928,168,60.71,80.78999082000001,427.16148577
5608,49.59,43.47,6.13,68.81,5.199558,226.54608405,168,10102-1-01,30 a 44,Hombres,Quintil bajo,Centro,Rutina flexible,Motorizados privados,106.19999999999999,0,106.19999999999999,120.34608404999999,168,49.6,31.299997169999983,289.19807397
5612,47.92,22.14,12.84,85.1,2.981633,142.87985336,168,10107-1-02,30 a 44,Mujeres,Quintil bajo,Norte,Cuidadores domesticos,Motorizados privados,0,0,0,142.87985336,168,34.980000000000004,0,104.29752234000003
5613,82.8,22.42,6.02,56.760000000000005,3.054622,252.9227016,168,10110-1-02,30 a 44,Mujeres,Quintil medio,Sur,Cuidadores domesticos,Motorizados privados,0,0,0,252.9227016,168,28.44,0,86.87344968
5614,50.26,32.1,10.3,75.34000000000002,3.070611,154.32890886,168,10111-1-01,30 a 44,Hombres,Quintil bajo,Sur,Cuidadores domesticos,Motorizados privados,0,0,0,154.32890886,168,42.400000000000006,-2.842170943040401e-14,130.19390639999995
5615,47.23,23.98,6.68,90.11000000000001,3.182493,6.593924173845,168,10115-1-03,60 o mas,Hombres,Quintil medio,Centro,Trabajadores rutinarios,Motorizados privados,132.68,132.895229186155,-0.21522918615499975,6.80915336,168,30.66,143.715220216155,241.29045559615494
5623,67.45,31.39,9.15,60.01,3.264646,130.23036555,168,10131-1-01,45 a 59,Mujeres,Quintil bajo,Centro,Cuidadores domesticos,Motorizados privados,60.029999999999994,0,60.029999999999994,70.20036554999999,168,40.54,89.97000715000001,222.31875599000006
5624,15.09,32.98,11.62,108.31,3.078647,46.45678323,168,10132-1-01,60 o mas,Hombres,Quintil bajo,Norte,Rutina flexible,Motorizados privados,0,0,0,46.45678323,168,44.599999999999994,0,137.3076562
5625,65.07,33.92,6.3,62.71000000000001,2.73796,98.2490526,168,10132-1-02,45 a 59,Mujeres,Quintil bajo,Norte,Trabajadores rutinarios,Motorizados privados,45.09,0,45.09,53.1590526,168,40.22,79.91000460000001,190.03075579999998
5633,53.32,37.24,11.38,66.06,6.114429,158.87134079999998,168,10143-1-01,60 o mas,Hombres,Quintil bajo,Centro,Trabajadores rutinarios,Motorizados privados,132.85,0,132.85,26.0213408,168,48.620000000000005,167.15001348000004,464.43355146
5634,68.39,23.8,12.02,63.790000000000006,2.665626,148.01216886000003,168,10144-1-02,30 a 44,Mujeres,Quintil bajo,Sur,Trabajadores rutinarios,Motorizados privados,78.21000000000001,0,78.21000000000001,69.80216886000001,168,35.82,34.289993279999976,129.77271659999997
5635,57.97,22.96,15.3,71.77,3.66511,117.23641138,168,10145-1-01,45 a 59,Hombres,Quintil bajo,Sur,Trabajadores rutinarios,Motorizados privados,104.77000000000001,0,104.77000000000001,12.466411379999998,168,38.260000000000005,95.23001531999999,235.45712392000002
5637,53.29,42.98,13.07,58.66000000000002,6.412149,221.76343524,168,10148-1-01,18 a 29,Mujeres,Quintil bajo,Sur,Jovenes trabajadores,Motorizados privados,180.06,0,180.06,41.70343524,168.00000000000003,56.05,119.93998496999998,479.3409364199998
5639,36.11,11.92,12.97,106.99999999999999,3.109911,25.328886209999993,168,10149-1-02,60 o mas,Mujeres,Quintil bajo,Centro,Trabajadores rutinarios,Motorizados privados,63.03,150,-86.97,112.29888620999999,168,24.89,86.97,164.37568479000004
5643,62.89,13.74,14.06,77.31,3.019994,189.92742266000002,168,10160-1-02,30 a 44,Mujeres,Quintil bajo,Norte,Cuidadores domesticos,Motorizados privados,0,0,0,189.92742266000002,168,27.8,0,83.9558332
5645,59.8,31.69,14.46,62.050000000000004,4.573287,78.2864634434783,168,10169-1-01,30 a 44,Hombres,Quintil bajo,Centro,Trabajadores rutinarios,Motorizados privados,127.63000000000001,97.8260869565217,29.803913043478303,48.482550399999994,168,46.150000000000006,195.1960991565217,406.2532942065216
5647,54.65,32.09,13.71,67.54999999999998,3.194279,174.56734735,168,10172-1-02,30 a 44,Mujeres,Quintil bajo,Norte,Cuidadores domesticos,Motorizados privados,0,0,0,174.56734735,168,45.800000000000004,-2.842170943040401e-14,146.29797820000002
5649,83.48,10.76,13.05,60.709999999999994,2.770493,181.73076464000002,168,10178-1-01,45 a 59,Mujeres,Quintil bajo,Centro,Cuidadores domesticos,Motorizados privados,52.95,0,52.95,128.78076464,168,23.810000000000002,49.549991000000006,115.51542933000002
5652,70.18,36.23,4.3,57.29,5.148823,236.84440658,168,10181-1-02,30 a 44,Mujeres,Quintil alto,Sur,Cuidadores domesticos,Motorizados privados,150.5,0,150.5,86.34440658000001,168,40.529999999999994,124.49999156000007,333.18178775000007
5653,47.18,60.29,3.49,57.03999999999999,5.744567,157.85866194000002,168,10181-1-03,30 a 44,Hombres,Quintil alto,Sur,Jovenes trabajadores,Motorizados privados,136.83,0,136.83,21.02866194,168,63.78,113.17000912,479.55849237999996
5655,85.45,20.18,12.08,50.29,6.707586,339.03321170000004,168,10184-1-01,45 a 59,Mujeres,Quintil medio,Norte,Cuidadores domesticos,Motorizados privados,215.87,0,215.87,123.1632117,168,32.26,234.13001199999997,450.51673636
5664,60.61,43.69,6.6,57.1,12.831393,389.12075089999996,168,10209-1-01,30 a 44,Hombres,Quintil alto,Centro,Jovenes trabajadores,Motorizados privados,311.40999999999997,0,311.40999999999997,77.71075090000001,168,50.29,388.58997883000006,1033.8807328000003
5672,30.73,53.02,8.37,75.88,3.053327,8.92873870999999,168,10222-1-02,60 o mas,Mujeres,Quintil alto,Norte,Rutina flexible,Motorizados privados,69.6,154.5,-84.9,93.82873871,168,61.39,84.9,272.34374453
5673,56.92,41.45,14.09,55.53999999999999,3.557868,91.70384704,168,10229-1-01,45 a 59,Mujeres,Quintil bajo,Norte,Trabajadores rutinarios,Motorizados privados,114.19,50,64.19,27.51384704,168,55.540000000000006,110.80999952000002,308.41398824
5674,51.95,58.15,6.12,51.78,6.001922,176.99983379999998,168,10230-1-03,30 a 44,Hombres,Quintil alto,Centro,Jovenes trabajadores,Motorizados privados,140.2,0,140.2,36.7998338,168,64.27,134.80001410000006,520.54354104
5677,69.9,38.06,11.85,48.18999999999999,4.097518,207.0064896,168,10234-1-01,30 a 44,Hombres,Quintil bajo,Sur,Cuidadores domesticos,Motorizados privados,120.59,0,120.59,86.4164896,168,49.910000000000004,79.4100186,283.91714198
5679,65.23,45.97,9.43,47.37,2.602179,147.24011167999998,168,10235-1-01,30 a 44,Hombres,Quintil bajo,Norte,Jovenes trabajadores,Motorizados privados,65,0,65,82.24011168,168,55.4,22.500024490000015,166.66074109
5681,52.91,52.77,8.16,54.16,2.898782,34.39457474000001,168,10237-1-03,45 a 59,Hombres,Quintil medio,Centro,Jovenes trabajadores,Motorizados privados,96.02000000000001,107.5,-11.47999999999999,45.87457474,168,60.93000000000001,118.97998087999999,295.60276814
5683,69.48,33.35,7.55,57.61999999999999,5.391974,207.1443792,168,10238-1-02,45 a 59,Hombres,Quintil alto,Centro,Cuidadores domesticos,Motorizados privados,132.51,0,132.51,74.6343792,168,40.9,167.48997432000004,388.02171092000003
5686,61.48,37.06,14.71,54.75000000000001,1.988113,111.91919108,168,10243-1-02,30 a 44,Mujeres,Quintil bajo,Sur,Cuidadores domesticos,Motorizados privados,19.689999999999998,0,19.689999999999998,92.22919108,168,51.77,10.309996159999997,113.23460616999999
5691,63.68,37.06,9.64,57.61999999999999,3.290032,134.41926976000002,168,10250-1-02,45 a 59,Mujeres,Quintil bajo,Sur,Cuidadores domesticos,Motorizados privados,62.410000000000004,0,62.410000000000004,72.00926976000001,168,46.7,75.08996799999997,228.73446240000004
5696,56.8,59.53,7.64,44.03,4.201512,138.165885,168,10260-1-01,45 a 59,Mujeres,Quintil bajo,Sur,Jovenes trabajadores,Motorizados privados,99.52,0,99.52,38.645885,168,67.17,100.47999659999999,382.69555764000006
5698,65.45,26.21,12.31,64.03,2.727326,71.0013378978836,168,10262-1-02,45 a 59,Mujeres,Quintil bajo,Centro,Trabajadores rutinarios,Motorizados privados,98.9,88.9021164021164,9.9978835978836,61.0034543,168,38.52,107.50214880211642,212.5587463221164
5699,53.79,43.63,6.65,63.930000000000014,3.822387,118.36617478999999,168,10263-1-03,18 a 29,Mujeres,Quintil medio,Centro,Trabajadores rutinarios,Motorizados privados,75.25999999999999,0,75.25999999999999,43.10617479,168.00000000000003,50.28,87.24002194,279.42964029999996
5706,59.13,39.33,9.49,60.050000000000004,3.732752,146.18764326,168,10278-1-01,45 a 59,Hombres,Quintil medio,Sur,Trabajadores rutinarios,Motorizados privados,100.47,0,100.47,45.717643259999996,168,48.82,74.52998250000002,256.76293513999997
5707,29.11,66.96,9.1,62.82999999999999,6.383078,122.7822066492079,168,10285-1-02,30 a 44,Hombres,Quintil bajo,Sur,Trabajadores moviles,Motorizados privados,126.55,17.0792079207921,109.4707920792079,13.31141457,167.99999999999997,76.05999999999999,63.029193930792104,548.5261066107922
5714,48.25,42.03,7.14,70.58,3.052763,147.29581475,168,10296-1-02,30 a 44,Mujeres,Quintil alto,Norte,Cuidadores domesticos,Motorizados privados,0,0,0,147.29581475,168,49.17,0,150.10435671000002
5718,54.56,44.61,9,59.83,3.05063,166.44237280000002,168,10298-1-03,18 a 29,Mujeres,Quintil bajo,Centro,Cuidadores domesticos,Motorizados privados,0,0,0,166.44237280000002,168,53.61,0,163.5442743
5729,75.7,27.96,11.23,53.11,5.190671,230.92381199999997,168,10312-1-01,45 a 59,Mujeres,Quintil bajo,Sur,Cuidadores domesticos,Motorizados privados,137.98999999999998,0,137.98999999999998,92.93381199999999,168,39.19,162.00998270000005,365.43237919
5731,48.95,42.73,12.55,63.769999999999996,13.378634,290.21413055,168,10317-1-01,45 a 59,Hombres,Quintil medio,Norte,Trabajadores rutinarios,Motorizados privados,260.33,0,260.33,29.88413055,168,55.28,364.67000375000003,1104.24089127
5734,64.41,24.49,9.13,69.97000000000001,2.642227,128.53587947,168,10326-1-01,18 a 29,Hombres,Quintil bajo,Sur,Trabajadores rutinarios,Motorizados privados,70.85,0,70.85,57.685879469999996,168,33.62,41.64996160000001,130.48163333999997
5736,77.42,17.01,14.96,58.60999999999999,3.100888,240.07074896,168,10331-1-02,30 a 44,Mujeres,Quintil bajo,Centro,Cuidadores domesticos,Motorizados privados,0,0,0,240.07074896,168,31.970000000000002,0,99.13538936000003
5738,49.29,51.61,8.53,58.57000000000001,7.881794,169.70361156,168,10333-1-02,45 a 59,Hombres,Quintil alto,Centro,Jovenes trabajadores,Motorizados privados,156.21,0,156.21,13.49361156,168,60.14,218.79001469999997,692.8011058599999
5740,64.12,33.1,7.02,63.760000000000005,9.268512,327.98696452,168,10334-1-02,45 a 59,Mujeres,Quintil alto,Centro,Cuidadores domesticos,Motorizados privados,233.69,0,233.69,94.29696452000002,168,40.120000000000005,266.31002492000005,638.1627263599999
5742,67.99,46.16,10.14,43.71000000000001,4.697534,171.26533734,168,10339-1-01,45 a 59,Mujeres,Quintil bajo,Centro,Jovenes trabajadores,Motorizados privados,101.88,0,101.88,69.38533734,168,56.3,148.11999932,412.59116352
5743,50.88,54.33,24.73,38.06,3.632777,117.56568192,168,10347-1-01,45 a 59,Hombres,Quintil bajo,Sur,Trabajadores moviles,Motorizados privados,82.73,0,82.73,34.83568192,168,79.06,67.27001184,354.47736146
5746,60.11,47.85,11.47,48.57,2.630813,106.20816845,168,10351-1-01,45 a 59,Mujeres,Quintil bajo,Sur,Jovenes trabajadores,Motorizados privados,60.57,0,60.57,45.63816845,168,59.32,51.930000979999974,207.98982814
5748,53,29.96,5.63,79.41,7.830362,236.00921600000004,168,10353-1-01,60 o mas,Hombres,Quintil alto,Sur,Trabajadores rutinarios,Motorizados privados,196.00000000000003,0,196.00000000000003,40.009216,168,35.59,178.99996999999996,457.68255358
5757,79.84,26.05,10.99,51.12,4.947602,81.47652592000001,168,10367-1-02,30 a 44,Mujeres,Quintil alto,Centro,Cuidadores domesticos,Motorizados privados,167.71,206.25,-38.53999999999999,120.01652592,168,37.04,313.54001775999996,496.79919584
5758,83.97,29.17,3.5,51.36,1.013601,51.85211582,168,10368-1-01,30 a 44,Hombres,Quintil bajo,Centro,Trabajadores moviles,Motorizados privados,29.240000000000002,0,29.240000000000002,22.61211582,168,32.67,33.25996014999999,66.37430481999999
5765,24.14,76.54,8.92,58.400000000000006,3.157616,76.22485024,168,10381-1-01,45 a 59,Hombres,Quintil bajo,Centro,Rutina flexible,Motorizados privados,0,0,0,76.22485024,168,85.46000000000001,0,269.84986336
5767,86.61,14.53,11.28,55.58,8.669342,386.61170291999997,168,10385-1-01,30 a 44,Mujeres,Quintil alto,Norte,Trabajadores moviles,Motorizados privados,385.76,125,260.76,125.85170292,168,25.81,364.2400077000001,587.9957247200001
5775,62.74,38.84,16.42,49.999999999999986,3.153969,167.3499951,168,10397-2-01,60 o mas,Hombres,Quintil bajo,Centro,Cuidadores domesticos,Motorizados privados,69.47,0,69.47,97.87999510000002,168,55.260000000000005,30.530019960000004,204.81834690000005
5776,18.98,71.27,13.21,64.54000000000002,3.390665,59.00483348,168,10397-2-04,18 a 29,Hombres,Quintil bajo,Centro,Rutina flexible,Motorizados privados,12.15,0,12.15,46.85483348,168.00000000000003,84.47999999999999,5.34998822,291.7933674199999
5778,48.99,41.45,5.69,71.86999999999999,7.732649,240.1324794,168,10400-1-01,30 a 44,Hombres,Quintil medio,Centro,Trabajadores moviles,Motorizados privados,211.31,0,211.31,28.8224794,168,47.14,138.68999511,503.20706897000014
5787,60.08,38.48,6.56,62.879999999999995,3.053736,183.46845887999999,168,10413-1-01,45 a 59,Mujeres,Quintil medio,Norte,Cuidadores domesticos,Motorizados privados,0,0,0,183.46845887999999,168,45.04,0,137.54026944
5789,95.47,16.89,4.24,51.4,2.966357,219.18812567999998,168,10419-1-02,30 a 44,Hombres,Quintil bajo,Centro,Trabajadores moviles,Motorizados privados,185.98999999999998,0,185.98999999999998,33.19812568,168,21.130000000000003,64.00997711000002,126.68910052000001
5791,23.87,37.73,7.4,99,3.047738,72.74950605999999,168,10420-1-02,60 o mas,Hombres,Quintil bajo,Centro,Rutina flexible,Motorizados privados,0,0,0,72.74950605999999,168,45.129999999999995,1.4210854715202004e-14,137.54441594
5792,65.48,45.83,7.97,48.72,37.6323,882.0430154000001,168,10424-1-01,45 a 59,Hombres,Quintil alto,Sur,Jovenes trabajadores,Motorizados privados,817.88,0,817.88,64.1630154,168,53.8,1582.1199886,3606.7377285999996
5793,63.31,13.5,12.5,78.69,2.996997,189.73988007,168,10425-1-02,18 a 29,Mujeres,Quintil medio,Centro,Cuidadores domesticos,Motorizados privados,0,0,0,189.73988007,168,26,0,77.92192200000002
5794,69.82,41.41,6.13,50.64000000000001,8.238166,299.56874002,168,10428-1-01,45 a 59,Mujeres,Quintil alto,Norte,Trabajadores moviles,Motorizados privados,224.38,0,224.38,75.18874002000001,168,47.54,275.6200100999999,667.2624217399998
5795,69.19,40.6,6.8,51.410000000000004,7.572812,275.91283601,168,10428-1-02,45 a 59,Hombres,Quintil alto,Norte,Trabajadores moviles,Motorizados privados,201.95,0,201.95,73.96283600999999,168,47.4,248.05002627,607.00131507
5797,57.71,31.83,14.91,63.55,2.055608,0.46914308999998866,168,10438-1-01,60 o mas,Hombres,Quintil bajo,Centro,Trabajadores rutinarios,Motorizados privados,81.83999999999999,150,-68.16000000000001,68.62914309,168,46.739999999999995,118.15999459000001,214.23911251
5798,43.76,51.87,12.81,59.56,5.97736,157.79929063999998,168,10441-1-01,45 a 59,Hombres,Quintil bajo,Sur,Jovenes trabajadores,Motorizados privados,146.23,0,146.23,11.569290639999998,168,64.67999999999999,103.76998296,490.38562776000003
5800,45.03,51.28,9.37,62.32,1.455283,44.791407650000004,168,10441-1-05,18 a 29,Hombres,Quintil bajo,Sur,Jovenes trabajadores,Motorizados privados,29.260000000000005,0,29.260000000000005,15.53140765,168,60.65,20.739985839999996,109.00289979000001
5802,54.52,46.61,8.55,58.31999999999999,4.262511,117.58210048000001,168,10446-1-01,30 a 44,Mujeres,Quintil bajo,Norte,Jovenes trabajadores,Motorizados privados,88.94000000000001,0,88.94000000000001,28.64210048,168,55.16,114.80999924,349.930106
5804,72.35,35.43,8.97,51.25000000000001,15.031865,504.61541825,168,10450-1-01,45 a 59,Hombres,Quintil alto,Centro,Cuidadores domesticos,Motorizados privados,417.06,0,417.06,87.55541825,168,44.4,582.9400145,1250.3548205
5817,41.33,36.11,12.87,77.69,3.175064,52.48539511999999,168,10476-1-01,60 o mas,Mujeres,Quintil alto,Norte,Cuidadores domesticos,Motorizados privados,60.76,139.5,-78.74000000000001,131.22539512,168,48.98,78.74000000000001,234.25463471999998
5823,31.82,45.17,9.01,82,3.146039,100.10696098,168,10486-1-02,45 a 59,Mujeres,Quintil bajo,Centro,Rutina flexible,Motorizados privados,0,0,0,100.10696098,168,54.18,0,170.45239302
5825,52.66,40.24,13.14,61.959999999999994,3.834679,147.94186647882353,168,10490-1-04,30 a 44,Hombres,Quintil bajo,Sur,Trabajadores rutinarios,Motorizados privados,151.89000000000001,30.8823529411765,121.00764705882352,26.934219419999998,168,53.38,53.992329661176456,258.68749468117653
5838,51.09,60.59,4.12,52.199999999999996,3.689115,116.39689289999998,168,10511-1-01,45 a 59,Mujeres,Quintil bajo,Sur,Rutina flexible,Motorizados privados,52.919999999999995,0,52.919999999999995,63.476892899999996,168,64.71000000000001,72.07999245000005,310.8026241000001
5842,51.12,34.04,6.01,76.83,5.270384,218.35203224,168,10518-1-01,30 a 44,Mujeres,Quintil bajo,Centro,Trabajadores rutinarios,Motorizados privados,123.93,0,123.93,94.42203224,168,40.05,51.06999783999996,262.14887704
5844,53.08,24.23,16.34,74.35,3.104546,36.88953032022789,168,10519-1-04,45 a 59,Mujeres,Quintil alto,Norte,Trabajadores rutinarios,Motorizados privados,94.17999999999999,72.0797720797721,22.100227920227894,14.7893024,168,40.57,127.8997713597721,253.85120257977212
5852,109,7.65,1.09,50.26,1.506059,48.5157224657534,168,10533-1-06,30 a 44,Hombres,Quintil bajo,Norte,Trabajadores moviles,Motorizados privados,87.78,53.4246575342466,34.3553424657534,14.16038,168,8.74,115.64470853424662,128.80766419424663
5855,61.4,27.46,8.15,70.98999999999998,5.926184,160.0377222,168,10542-1-02,45 a 59,Mujeres,Quintil bajo,Norte,Cuidadores domesticos,Motorizados privados,171.17,75,96.16999999999999,63.867722199999996,168,35.61,203.8299754,414.8613876400002
5859,51.1,36.15,8.03,72.72,5.564769,125.06517154545453,168,10546-1-01,45 a 59,Mujeres,Quintil bajo,Norte,Trabajadores rutinarios,Motorizados privados,136.16000000000003,45.4545454545455,90.70545454545453,34.359717,168,44.18,159.2945243545455,405.1460187745455
5860,59.35,52.45,10,46.2,2.980126,121.3346886263158,168,10552-1-02,60 o mas,Mujeres,Quintil bajo,Sur,Cuidadores domesticos,Motorizados privados,34.529999999999994,90.06578947368419,-55.5357894736842,176.87047809999999,168,62.45,55.53578947368419,241.64465817368418
5862,19.17,56.2,11.71,80.91999999999999,2.966962,14.04562705724139,168,10557-1-01,45 a 59,Hombres,Quintil bajo,Norte,Rutina flexible,Motorizados privados,30.1,72.9310344827586,-42.831034482758604,56.87666153999999,168,67.91,42.83103448275862,244.31742390275866
5864,46.99,51.95,7.96,61.09999999999999,2.954325,138.82373175,168,10562-1-02,30 a 44,Mujeres,Quintil bajo,Centro,Cuidadores domesticos,Motorizados privados,0,0,0,138.82373175,167.99999999999997,59.910000000000004,0,176.99361075
5865,55.22,50.2,12.24,50.339999999999996,4.699984,132.9540544241096,168,10563-1-02,45 a 59,Mujeres,Quintil alto,Sur,Jovenes trabajadores,Motorizados privados,158.01,59.5890410958904,98.4209589041096,34.533095519999996,168,62.440000000000005,126.5790620558904,420.04606301589035
5872,49.69,31.08,8.71,78.52000000000001,3.376109,114.33886610000002,168,10580-1-01,30 a 44,Hombres,Quintil bajo,Centro,Trabajadores moviles,Motorizados privados,84.08000000000001,0,84.08000000000001,30.2588661,168,39.79,53.419990109999986,187.75536721999993
5876,52.93,19.67,19.17,76.22999999999999,2.49728,53.651008159999996,168,10583-1-01,60 o mas,Hombres,Quintil bajo,Norte,Trabajadores rutinarios,Motorizados privados,38.47,0,38.47,15.181008159999998,168,38.84,78.53002224,175.52437744000002
5883,33.03,60,6.97,68,3.084987,64.48379679666667,168,10590-1-03,18 a 29,Hombres,Quintil bajo,Sur,Jovenes trabajadores,Motorizados privados,33.42,8.33333333333333,25.086666666666673,39.39713013,168,66.97,37.413323813333335,244.01490320333332
5884,56.67,34.95,9.55,66.83,2.929211,165.99838737000002,168,10590-1-04,18 a 29,Mujeres,Quintil bajo,Sur,Cuidadores domesticos,Motorizados privados,0,0,0,165.99838737000002,168,44.5,0,130.3498895
5888,77.53,42.07,9.83,38.57,6.361342,274.99480664000004,168,10600-1-01,30 a 44,Mujeres,Quintil bajo,Norte,Cuidadores domesticos,Motorizados privados,181.8,0,181.8,93.19480664000001,168,51.9,218.20003861999993,548.35368842
5892,54.14,56.17,4.12,53.57,3.056551,165.48167114,168,10604-2-02,30 a 44,Mujeres,Quintil bajo,Centro,Cuidadores domesticos,Motorizados privados,0,0,0,165.48167114,168,60.29,0,184.27945978999998
5894,70.34,29.55,8.81,59.3,5.379571,274.68904492,168,10611-1-01,30 a 44,Hombres,Quintil medio,Centro,Trabajadores moviles,Motorizados privados,171.29,0,171.29,103.39904492000001,168,38.36,103.70997922000004,310.0703227800001
5896,52.77,54.69,9.26,51.279999999999994,2.449487,98.18945231,168,10613-1-02,45 a 59,Hombres,Quintil bajo,Sur,Jovenes trabajadores,Motorizados privados,83.92999999999999,0,83.92999999999999,14.259452309999999,168,63.949999999999996,31.06997668000001,187.71467033
5897,52.1,33.5,9.74,72.66000000000001,5.037777,116.1881984,168,10615-1-01,45 a 59,Hombres,Quintil bajo,Sur,Trabajadores rutinarios,Motorizados privados,103.72,0,103.72,12.4681984,168,43.24,146.2799833,364.11346077999997
5902,66,39.81,10.28,51.91,3.237474,144.293281,168,10622-1-01,30 a 44,Mujeres,Quintil bajo,Centro,Trabajadores rutinarios,Motorizados privados,80.62,0,80.62,63.673281,168,50.09,69.38000300000002,231.54507566000004
5909,52.61,47.19,10.72,57.480000000000004,2.489587,67.2620192648649,168,10627-1-02,18 a 29,Mujeres,Quintil medio,Centro,Jovenes trabajadores,Motorizados privados,62.67,18.8851351351351,43.7848648648649,23.477154399999996,168,57.91,63.71515280513512,207.88713597513512
5910,57.93,38.67,9.72,61.67999999999999,2.665812,86.2677719172973,168,10627-1-03,18 a 29,Hombres,Quintil medio,Centro,Trabajadores moviles,Motorizados privados,67.04,20.2027027027027,46.837297297297305,39.43047462,168,48.39,68.16271724270268,197.16135992270273
5912,17.85,56.52,11.51,82.11999999999999,3.236618,57.773631300000005,168,10630-1-04,30 a 44,Hombres,Quintil bajo,Centro,Rutina flexible,Motorizados privados,0,0,0,57.773631300000005,168,68.03,0,220.18712254000005
5914,58.7,31.46,5.17,72.67,2.705537,89.9250067,168,10636-1-02,30 a 44,Hombres,Quintil alto,Norte,Trabajadores rutinarios,Motorizados privados,56.10999999999999,0,56.10999999999999,33.815006700000005,168,36.63,68.89001520000001,167.99383551
5916,25.15,32.8,18.67,91.38,3.134187,78.82480304999999,168,10637-1-01,18 a 29,Hombres,Quintil bajo,Centro,Rutina flexible,Motorizados privados,0,0,0,78.82480304999999,168,51.47,0,161.31660489
5923,40.3,39.43,22.77,65.50000000000001,3.101294,124.98214820000003,168,10649-1-02,45 a 59,Hombres,Quintil alto,Centro,Rutina flexible,Motorizados privados,0,0,0,124.98214820000003,168,62.2,-2.842170943040401e-14,192.90048679999995
5926,74.68,31.58,9.23,52.50999999999999,9.795342,383.9361730400001,168,10655-1-01,45 a 59,Hombres,Quintil alto,Centro,Trabajadores moviles,Motorizados privados,352.4200000000001,0,352.4200000000001,31.516173039999998,168,40.81,347.57996751999997,747.32787454
5927,10.18,41.55,8.66,107.61,2.935255,29.880895900000002,168,10655-1-02,45 a 59,Mujeres,Quintil alto,Centro,Cuidadores domesticos,Motorizados privados,0,0,0,29.880895900000002,168,50.209999999999994,0,147.37915355
5928,94.49,17.59,4.85,51.07,3.70495,308.65076765,168,10656-1-01,30 a 44,Mujeres,Quintil bajo,Sur,Cuidadores domesticos,Motorizados privados,158.57,0,158.57,150.08076764999998,168,22.439999999999998,41.429957849999994,124.56903585000009
5929,50.52,40.22,17.76,59.499999999999986,7.273222,79.480041366631,168,10663-1-01,60 o mas,Hombres,Quintil medio,Centro,Trabajadores rutinarios,Motorizados privados,177.66,115.623136553369,62.036863446631,17.44317792,168,57.980000000000004,287.963134073369,709.6645456333691
5931,49.3,54.06,4.68,59.96,3.816423,79.44684578391481,168,10665-1-03,18 a 29,Mujeres,Quintil medio,Centro,Jovenes trabajadores,Motorizados privados,105.83000000000001,39.5328208160852,66.2971791839148,13.1496666,168,58.74,108.70280811608517,332.87949513608515
5932,24.29,32.56,7.89,103.26,3.005047,7.329216940173694,168,10669-1-01,60 o mas,Mujeres,Quintil bajo,Centro,Rutina flexible,Motorizados privados,37.72,103.3833746898263,-65.6633746898263,72.99259162999999,168,40.45,65.6633746898263,187.21752583982627
5937,70.07,39.13,10.83,47.970000000000006,3.056844,214.19305907999998,168,10674-1-01,30 a 44,Mujeres,Quintil bajo,Centro,Cuidadores domesticos,Motorizados privados,0,0,0,214.19305907999998,168,49.96,0,152.71992624000004
5938,53.41,59.67,9.11,45.81,3.008907,127.55570863999999,168,10674-1-02,30 a 44,Hombres,Quintil bajo,Centro,Jovenes trabajadores,Motorizados privados,116.85,0,116.85,10.705708640000001,168,68.78,33.15001423,240.10263769000005
5939,60.62,38.85,8.14,60.39,3.272263,153.82455068000002,168,10675-1-01,30 a 44,Hombres,Quintil bajo,Sur,Trabajadores rutinarios,Motorizados privados,130.46,0,130.46,23.36455068,168,46.99,44.540032379999985,198.30367074999998
5941,48.81,34.89,14.23,70.07,0.234924,11.466636959999999,168,10678-1-01,45 a 59,Hombres,Quintil bajo,Norte,Trabajadores rutinarios,Motorizados privados,0,0,0,11.466636959999999,168,49.120000000000005,3.48000000194304e-6,11.539470360000003
5944,53.12,39.47,8.79,66.62,5.483886,184.61401664,168,10685-1-01,30 a 44,Hombres,Quintil alto,Sur,Trabajadores rutinarios,Motorizados privados,143.31,0,143.31,41.30401664,168,48.26,106.69000768000001,371.34234604
5947,71.46,40.26,11.94,44.34000000000001,7.669474,370.86059978000003,168,10693-1-02,30 a 44,Mujeres,Quintil medio,Sur,Cuidadores domesticos,Motorizados privados,272.8,0,272.8,98.06059978,168,52.199999999999996,177.20001225999988,577.54655506
5949,59.06,29.01,14.17,65.75999999999999,3.190616,43.94585113543903,168,10695-1-01,60 o mas,Hombres,Quintil bajo,Centro,Cuidadores domesticos,Motorizados privados,166.78,311.27192982456097,-144.49192982456097,188.43778096,168,43.18,144.49192982456097,282.262728704561
5950,61.57,37.41,10.3,58.72000000000001,2.372081,115.3109633845614,168,10695-1-02,60 o mas,Mujeres,Quintil bajo,Centro,Cuidadores domesticos,Motorizados privados,35.49,41.2280701754386,-5.738070175438601,121.04903356,168,47.709999999999994,30.738063785438612,143.9100482954386
5953,63.42,42.98,7.1,54.5,5.453425,209.74622635999998,168,10700-1-01,18 a 29,Mujeres,Quintil bajo,Norte,Rutina flexible,Motorizados privados,138.89,0,138.89,70.85622636000001,168,50.08,136.10998714000004,409.21751114
5958,67.35,29.2,5.69,65.76,19.561238,519.6793498000001,168,10708-1-01,45 a 59,Hombres,Quintil alto,Centro,Trabajadores rutinarios,Motorizados privados,452.23,0,452.23,67.44934980000001,168,34.89,797.7700294999999,1480.2616233199997
5959,21.52,35.39,9.65,101.43999999999998,2.994803,64.44816056,168,10713-1-01,45 a 59,Mujeres,Quintil bajo,Sur,Rutina flexible,Motorizados privados,0,0,0,64.44816056,168,45.04,0,134.88592712000008
5960,57.77,37.55,8.96,63.71999999999999,3.124031,191.35529960999997,168,10713-1-02,30 a 44,Mujeres,Quintil bajo,Sur,Trabajadores rutinarios,Motorizados privados,125.88,0,125.88,65.47529961,168,46.51,-10.880028739999972,134.41865307
5964,1.63,21.51,15.71,129.15,3.032463,4.942914689999999,168,10717-1-03,18 a 29,Mujeres,Quintil bajo,Norte,Rutina flexible,Motorizados privados,0,0,0,4.942914689999999,168,37.22,0,112.86827285999999
5965,73.46,34.34,7.65,52.550000000000004,7.837962,353.63669984,168,10719-1-01,30 a 44,Mujeres,Quintil medio,Sur,Trabajadores moviles,Motorizados privados,277.86,0,277.86,75.77669983999999,168,41.99,222.13998868,551.2560130599999
5969,76.66,29.48,6.41,55.45,7.786522,384.3747426,168,10722-1-01,30 a 44,Hombres,Quintil medio,Centro,Trabajadores moviles,Motorizados privados,287.46,0,287.46,96.91474260000003,168,35.89,212.54003391999993,491.9983085
5980,67.32,39.14,9.4,52.14000000000001,5.868342,157.03300689655174,168,10738-1-03,18 a 29,Hombres,Quintil alto,Norte,Trabajadores moviles,Motorizados privados,209.39000000000001,72.4137931034483,136.97620689655173,20.0568,168,48.54,238.0237765434482,522.8730972234482
5983,46.84,60.92,6.27,53.97,13.462726,311.0356156315151,168,10746-1-02,30 a 44,Hombres,Quintil alto,Sur,Jovenes trabajadores,Motorizados privados,352.78999999999996,47.3484848484849,305.4415151515151,5.59410048,168,67.19,319.55847020848495,1224.1190301484849
5986,72.03,28.79,10.78,56.400000000000006,2.991165,154.23360705,168,10761-1-02,30 a 44,Mujeres,Quintil alto,Norte,Trabajadores moviles,Motorizados privados,53.78,0,53.78,100.45360705,168,39.57,61.22000790000001,179.58040695
5987,97.13,13.64,5.63,51.6,3.755541,230.33570688,168,10762-1-01,30 a 44,Hombres,Quintil medio,Sur,Trabajadores moviles,Motorizados privados,190.56,0,190.56,39.77570688,168,19.27,134.43999044999995,206.80926552000003
5989,44.6,35.25,8.94,79.21000000000001,2.348027,3.9373974153850035,168,10767-1-03,45 a 59,Hombres,Quintil alto,Centro,Trabajadores rutinarios,Motorizados privados,89.60000000000001,115.384615384615,-25.784615384614995,29.722012799999998,168,44.19,100.784606784615,204.543919914615
5994,47.53,38.87,18.98,62.61999999999999,3.230844,153.56201532,168,10771-1-02,45 a 59,Mujeres,Quintil alto,Norte,Cuidadores domesticos,Motorizados privados,0,0,0,153.56201532,168,57.849999999999994,0,186.9043254
5996,41,42.65,12.27,72.08,3.238246,153.978092,168,10773-1-01,30 a 44,Hombres,Quintil bajo,Sur,Rutina flexible,Motorizados privados,102.46000000000001,16.25,86.21000000000001,67.768092,168,54.92,-21.210005999999993,156.63446432
5997,40.43,46,4.97,76.6,2.982342,120.57608706,168,10773-1-02,18 a 29,Mujeres,Quintil bajo,Sur,Cuidadores domesticos,Motorizados privados,0,0,0,120.57608706,168,50.97,0,152.00997174000003
5998,92.27,13.6,11.07,51.06,3.021855,278.82656085,168,10774-1-02,30 a 44,Mujeres,Quintil bajo,Norte,Cuidadores domesticos,Motorizados privados,0,0,0,278.82656085,168,24.67,-5.684341886080802e-14,74.54916284999996
6001,56.3,41.44,11.55,58.71000000000001,2.900868,139.3789079,168,10782-1-02,30 a 44,Mujeres,Quintil bajo,Norte,Cuidadores domesticos,Motorizados privados,26.060000000000002,0,26.060000000000002,113.31890789999999,168,52.989999999999995,23.939960499999984,177.65695581999995
6002,77.61,24.54,6.45,59.39999999999999,2.937085,227.94716685,168,10786-1-01,60 o mas,Mujeres,Quintil alto,Centro,Cuidadores domesticos,Motorizados privados,0,0,0,227.94716685,168,30.99,0,91.02026415000003
6005,97.99,11.08,8.83,50.10000000000001,1.810013,116.48313711999998,168,10792-1-01,45 a 59,Mujeres,Quintil bajo,Centro,Cuidadores domesticos,Motorizados privados,54.11999999999999,0,54.11999999999999,62.36313712,168,19.91,60.880036750000016,96.91739558
6010,53.07,40.85,3.05,71.03000000000002,1.235211,37.8426306,168,10800-1-02,18 a 29,Hombres,Quintil bajo,Norte,Trabajadores rutinarios,Motorizados privados,22.29,0,22.29,15.552630599999999,168,43.9,27.710017170000008,81.93578006999999
6014,84.46,10.72,10.17,62.650000000000006,7.420996,441.29731516000004,168,10809-1-01,30 a 44,Mujeres,Quintil alto,Centro,Cuidadores domesticos,Motorizados privados,264.52000000000004,0,264.52000000000004,176.77731516,168,20.89,185.4800069999999,340.50461343999984
6017,65.02,15.23,10.64,77.11,2.924109,133.58555239999998,168,10824-1-01,45 a 59,Mujeres,Quintil medio,Centro,Trabajadores rutinarios,Motorizados privados,58.46,0,58.46,75.12555239999999,168,25.87,56.54001478000001,132.18671461000002
6018,93.55,23.48,8.82,42.15,3.915139,197.86123795000003,168,10825-1-01,30 a 44,Mujeres,Quintil medio,Sur,Cuidadores domesticos,Motorizados privados,264.1,225,39.10000000000002,158.76123795,168,32.3,168.40001549999994,294.85900519999996
6019,10.71,53.82,9.33,94.14,2.96939,31.802166900000003,168,10826-1-03,18 a 29,Hombres,Quintil medio,Sur,Rutina flexible,Motorizados privados,0,0,0,31.802166900000003,168,63.15,0,187.51697850000002
6020,47.88,35.19,9.57,75.36000000000001,3.073068,149.32849163999998,168,10827-1-01,30 a 44,Hombres,Quintil bajo,Centro,Cuidadores domesticos,Motorizados privados,27.189999999999998,0,27.189999999999998,122.13849164,168,44.76,-2.189995799999963,135.36052788
6022,65.56,45.13,8.87,48.44,12.337631,380.36509712000003,168,10829-1-01,45 a 59,Hombres,Quintil alto,Sur,Jovenes trabajadores,Motorizados privados,321.51000000000005,0,321.51000000000005,58.855097119999996,168,54,428.48999124000005,1094.7220652400001
6026,62.62,43.91,11.27,50.2,7.136038,257.74869574,168,10837-1-01,30 a 44,Hombres,Quintil bajo,Centro,Trabajadores moviles,Motorizados privados,185.89,0,185.89,71.85869574,168,55.17999999999999,189.11000381999997,582.87658066
6034,68.34,20.72,7.37,71.57,3.721343,202.98658313999996,168,10850-1-01,30 a 44,Mujeres,Quintil bajo,Centro,Trabajadores moviles,Motorizados privados,98.66999999999999,0,98.66999999999999,104.31658313999998,168,28.09,51.32999748000006,155.8625223500001
6035,50.45,44.64,9.96,62.949999999999996,6.290368,163.63908855,168,10855-1-01,45 a 59,Hombres,Quintil bajo,Centro,Trabajadores rutinarios,Motorizados privados,146.29,0,146.29,17.34908855,168,54.6,153.70997705000002,497.16406985000003
6038,48.95,31.79,11.83,75.42999999999999,13.339284,324.5179384,168,10860-1-01,45 a 59,Hombres,Quintil medio,Centro,Trabajadores rutinarios,Motorizados privados,296.56,0,296.56,27.957938399999996,168,43.62,328.44001340000005,910.2995814799999
6039,65.7,22.02,13,67.28,3.182674,209.10168179999997,168,10860-1-02,45 a 59,Mujeres,Quintil medio,Centro,Cuidadores domesticos,Motorizados privados,0,0,0,209.10168179999997,168,35.019999999999996,5.684341886080802e-14,111.45724348000002
6041,73.25,31.9,8.43,54.42,1.699438,78.1038715,168,10861-1-01,60 o mas,Hombres,Quintil bajo,Centro,Trabajadores rutinarios,Motorizados privados,53.62,0,53.62,24.4838715,168,40.33,46.379962000000006,114.91829654
6054,55.16,26.55,12.71,73.58000000000001,4.025655,110.71511984,168,10882-1-01,45 a 59,Hombres,Quintil bajo,Centro,Trabajadores rutinarios,Motorizados privados,88.66,0,88.66,22.05511984,168,39.260000000000005,111.34000996,269.38722526
6060,52.44,41.26,8.1,66.20000000000002,3.749615,54.49842855053802,168,10891-1-01,45 a 59,Hombres,Quintil medio,Sur,Trabajadores rutinarios,Motorizados privados,98.46000000000001,115.591397849462,-17.13139784946199,71.62982640000001,168,49.36,142.13138204946196,327.2123784494619
6066,60.43,36.22,11.9,59.449999999999996,3.301179,133.74022281999999,168,10900-1-01,18 a 29,Mujeres,Quintil bajo,Sur,Trabajadores rutinarios,Motorizados privados,87.49999999999999,0,87.49999999999999,46.24022282,168,48.12,65.75002415,224.60275763000004
6071,62.6,40.09,8.96,56.35,2.540583,97.480499,168,10903-1-01,30 a 44,Hombres,Quintil bajo,Centro,Trabajadores rutinarios,Motorizados privados,113.44,25,88.44,9.040499,168,49.050000000000004,61.55999680000001,186.17559295
6074,78.5,26.89,8.91,53.7,3.699387,168.9529114491525,168,10909-1-02,30 a 44,Mujeres,Quintil alto,Norte,Cuidadores domesticos,Motorizados privados,98.88999999999999,20.3389830508475,78.55101694915248,90.40189450000001,168,35.8,121.4489680508475,253.88702265084748
6075,52.49,45.52,12.25,57.73999999999998,10.269092,273.37463030000004,168,10911-1-01,30 a 44,Hombres,Quintil medio,Norte,Jovenes trabajadores,Motorizados privados,234.35000000000002,0,234.35000000000002,39.0246303,168,57.77,265.65000878,858.8954536200001
6077,67.89,32.77,13.32,54.02,2.728272,124.3223574,168,10916-1-01,45 a 59,Mujeres,Quintil bajo,Centro,Cuidadores domesticos,Motorizados privados,76.6,37.5,39.099999999999994,85.2223574,168,46.09,60.900028680000005,186.64608515999998
6082,55.01,21.5,11.22,80.27000000000001,3.323922,36.704390665454476,168,10927-1-01,60 o mas,Hombres,Quintil medio,Sur,Trabajadores rutinarios,Motorizados privados,133.05999999999997,129.2045454545455,3.855454545454478,32.84893612,168,32.72,146.14455855454554,254.9032863945455
6083,11.82,58.05,3.52,94.61000000000001,3.135494,37.06153908,168,10928-1-02,45 a 59,Mujeres,Quintil bajo,Sur,Rutina flexible,Motorizados privados,0,0,0,37.06153908,168,61.57,0,193.05236557999996
6086,56.4,31.41,6.97,73.22,5.294384,183.5932532,168,10930-1-02,30 a 44,Hombres,Quintil medio,Centro,Trabajadores rutinarios,Motorizados privados,134.99,0,134.99,48.6032532,168,38.38,115.01000440000001,318.20846232
6093,47.23,24.18,9.71,86.88,7.021736,166.17657366,168,10942-1-01,30 a 44,Mujeres,Quintil medio,Norte,Trabajadores rutinarios,Motorizados privados,159.54,0,159.54,6.63657366,168,33.89,165.46001761999995,403.42665065999995
6097,70.42,30.53,5.92,61.129999999999995,9.654915,251.32403536037697,168,10945-1-01,30 a 44,Hombres,Quintil alto,Centro,Trabajadores rutinarios,Motorizados privados,375.34,186.415094339623,188.92490566037696,62.39912970000001,168,36.45,428.5750789396231,780.4967306896233
6099,51.41,30.55,6.73,79.31,3.116126,160.20003766,168,10951-1-02,45 a 59,Mujeres,Quintil bajo,Norte,Cuidadores domesticos,Motorizados privados,0,0,0,160.20003766,168,37.28,0,116.16917728000001
6101,73.26,25.48,12.45,56.80999999999999,3.578882,219.83891065999995,168,10952-1-01,30 a 44,Hombres,Quintil bajo,Centro,Cuidadores domesticos,Motorizados privados,132.64999999999998,0,132.64999999999998,87.18891065999999,168,37.93,42.349984660000075,178.09697892000008
6103,63.35,18.42,17.5,68.73,2.58987,144.55823594999998,168,10954-1-01,45 a 59,Hombres,Quintil bajo,Centro,Trabajadores rutinarios,Motorizados privados,80.49,0,80.49,64.06823595,168,35.92,19.510028550000015,112.53815895000002
6115,72.55,30.29,7.28,57.879999999999995,4.457931,192.36249583333336,168,10973-1-02,30 a 44,Mujeres,Quintil medio,Norte,Cuidadores domesticos,Motorizados privados,125.45000000000002,6.51041666666667,118.93958333333335,73.4229125,168,37.57,131.06039821666667,298.5448658866667
6119,43.05,37.35,9.18,78.41999999999999,3.663628,78.8333707741758,168,10979-1-02,18 a 29,Mujeres,Quintil medio,Norte,Rutina flexible,Motorizados privados,45.29,24.1758241758242,21.1141758241758,57.71919495000001,168,46.53,78.88581462582418,249.35442546582425
6128,99.67,32.49,2.69,33.15,3.000059,299.01588053,168,10986-1-02,18 a 29,Mujeres,Quintil bajo,Norte,Cuidadores domesticos,Motorizados privados,0,0,0,299.01588053,168,35.18,0,105.54207561999993
6137,47.44,44.32,8.91,67.33000000000001,2.801039,81.29130004,168,11010-1-01,45 a 59,Hombres,Quintil bajo,Centro,Trabajadores rutinarios,Motorizados privados,73.41,0,73.41,7.881300039999999,168,53.230000000000004,51.589990119999996,200.6892960899999
6138,7.3,62.33,6.17,92.19999999999999,2.925818,21.3584714,168,11010-1-03,18 a 29,Mujeres,Quintil bajo,Centro,Rutina flexible,Motorizados privados,0,0,0,21.3584714,168,68.5,0,200.41853300000002
6139,56.12,23.62,16.13,72.13,2.953707,147.1676154830769,168,11013-1-02,45 a 59,Mujeres,Quintil bajo,Centro,Cuidadores domesticos,Motorizados privados,27.919999999999998,9.01442307692308,18.905576923076918,128.26203855999998,168,39.75,18.594421356923107,136.00427460692313
6141,61.24,47.09,7.79,51.87999999999999,3.337604,122.22483883999999,168,11014-1-02,18 a 29,Mujeres,Quintil medio,Norte,Trabajadores moviles,Motorizados privados,82.82999999999998,0,82.82999999999998,39.39483884,168,54.88,82.17003012,265.33773764
6142,53.37,40.71,8.23,65.68999999999998,14.536323,376.42357168,168,11017-1-01,45 a 59,Mujeres,Quintil alto,Centro,Trabajadores moviles,Motorizados privados,350.62,0,350.62,25.803571679999997,168,48.94,399.3799868299999,1110.78763445
6144,46.64,38.13,9.58,73.64999999999999,4.966236,89.86217611692298,168,11018-1-02,30 a 44,Mujeres,Quintil medio,Centro,Rutina flexible,Motorizados privados,135.16,126.923076923077,8.236923076922992,81.62525303999999,168,47.71,141.763070923077,378.7021904830771
6145,38.73,55.36,8.87,65.04,3.138391,69.5714218915385,168,11018-1-03,60 o mas,Mujeres,Quintil medio,Centro,Rutina flexible,Motorizados privados,49.56,101.53846153846149,-51.97846153846149,121.54988343,168,64.23,51.97846153846149,253.55731546846144
6146,58.15,16.19,9.12,84.53999999999999,1.468954,80.10967345,168,11020-1-01,45 a 59,Hombres,Quintil bajo,Sur,Trabajadores moviles,Motorizados privados,44.69,0,44.69,35.41967345,168,25.310000000000002,5.310001650000004,42.48922739000001
6151,2.02,53.44,9.08,103.46,3.055812,6.17274024,168,11037-1-02,18 a 29,Mujeres,Quintil alto,Centro,Rutina flexible,Motorizados privados,0,0,0,6.17274024,168,62.519999999999996,0,191.04936624
6157,64.15,39.69,6.07,58.089999999999996,2.726747,81.44183683275858,168,11047-1-01,45 a 59,Hombres,Quintil bajo,Sur,Cuidadores domesticos,Motorizados privados,68.58999999999999,62.0689655172414,6.521034482758587,74.92080235,168,45.76,93.47898321724145,218.25492593724144
6159,53.17,36.9,14.42,63.510000000000005,7.478946,193.4055509,168,11053-1-01,45 a 59,Hombres,Quintil alto,Centro,Trabajadores rutinarios,Motorizados privados,170.75,0,170.75,22.655550899999998,168,51.32,204.25000792,588.06951664
6160,59.09,56.21,5.03,47.669999999999995,3.720079,144.47947277999998,168,11055-1-02,18 a 29,Mujeres,Quintil medio,Sur,Jovenes trabajadores,Motorizados privados,99.66,0,99.66,44.81947278,168,61.24,75.33999533000005,303.1576332900001
6162,12.37,43.66,6.19,105.78,3.165846,39.16151502,168,11056-1-03,18 a 29,Mujeres,Quintil bajo,Norte,Rutina flexible,Motorizados privados,0,0,0,39.16151502,168,49.849999999999994,-7.105427357601002e-15,157.8174231
6163,86.93,10.25,5.22,65.6,3.045918,264.78165174000003,168,11058-1-02,45 a 59,Mujeres,Quintil bajo,Centro,Cuidadores domesticos,Motorizados privados,0,0,0,264.78165174000003,168,15.469999999999999,0,47.120351459999995
6164,46.19,1.04,19.78,100.99,3.087614,142.61689066,168,11060-1-02,45 a 59,Mujeres,Quintil bajo,Sur,Cuidadores domesticos,Motorizados privados,0,0,0,142.61689066,168,20.82,0,64.28412348
6173,64.13,42.13,11.46,50.28,10.769717,332.98196099,168,11075-1-02,45 a 59,Hombres,Quintil alto,Centro,Jovenes trabajadores,Motorizados privados,267.32,0,267.32,65.66196099,168,53.59,357.67999022,934.82912425
6175,27.81,35.3,10.45,94.44,6.850459,141.64126632,168,11081-1-01,30 a 44,Hombres,Quintil bajo,Sur,Cuidadores domesticos,Motorizados privados,101.13,0,101.13,40.511266320000004,168,45.75,48.869998469999985,362.27849772
6191,48.8,25.61,18.57,75.02000000000001,4.358583,100.0788286,168,11107-1-01,45 a 59,Hombres,Quintil bajo,Centro,Trabajadores rutinarios,Motorizados privados,87.38,0,87.38,12.6988286,168,44.18,112.6200218,305.18221874
6194,48.89,38.27,10.93,69.91,3.271688,106.90283371000001,168,11111-1-01,45 a 59,Mujeres,Quintil bajo,Norte,Trabajadores rutinarios,Motorizados privados,34.95,0,34.95,71.95283371000001,168,49.2,53.049992610000004,214.01704221000003
6199,32.82,56.52,15.5,63.16,3.077288,100.99659215999999,168,11116-1-01,60 o mas,Mujeres,Quintil bajo,Centro,Rutina flexible,Motorizados privados,0,0,0,100.99659215999999,168,72.02000000000001,0,221.62628176000004
6209,56.41,38.36,9.83,63.400000000000006,5.772511,112.98841108899461,168,11133-1-02,45 a 59,Hombres,Quintil alto,Norte,Cuidadores domesticos,Motorizados privados,156.49,94.1289332310054,62.361066768994604,50.62734432,168,48.19,212.63893442100533,490.81623951100534
6212,69.03,37.64,15.81,45.519999999999996,6.830854,263.14387371,168,11137-1-01,45 a 59,Hombres,Quintil bajo,Centro,Trabajadores moviles,Motorizados privados,191.60999999999999,0,191.60999999999999,71.53387371,168,53.45,208.38997791000008,573.4991242100001
6215,68.34,21.82,14.45,63.39,3.25803,221.66374776,168,11139-1-01,18 a 29,Mujeres,Quintil bajo,Norte,Cuidadores domesticos,Motorizados privados,36.51,0,36.51,185.15374776000002,168,36.269999999999996,0.9900224400000184,119.15877054
6221,53.15,50.58,5.32,58.949999999999996,0.799538,42.495447950000006,168,11153-1-01,30 a 44,Hombres,Quintil bajo,Centro,Trabajadores moviles,Motorizados privados,0,0,0,42.495447950000006,167.99999999999997,55.9,-3.2500000060053935e-6,44.69417094999999
6222,44.95,50.89,13.13,59.029999999999994,3.964146,97.79836664999999,168,11161-1-01,18 a 29,Hombres,Quintil alto,Centro,Jovenes trabajadores,Motorizados privados,82.11,0,82.11,15.688366649999999,168,64.02,80.38999605000001,334.17462297
6225,95.74,21.59,4.73,45.94,2.807145,257.8060785,168,11169-1-01,30 a 44,Mujeres,Quintil medio,Centro,Cuidadores domesticos,Motorizados privados,14.05,0,14.05,243.75607850000003,168,26.32,10.949983799999927,84.83404019999995
6236,54.12,46.52,4.22,63.139999999999986,2.803629,51.84611901023261,168,11197-1-02,18 a 29,Hombres,Quintil alto,Centro,Jovenes trabajadores,Motorizados privados,115.23000000000002,90.1162790697674,25.113720930232617,26.73239808,168,50.74,99.88628246976738,242.14241792976742
6240,27.71,41.09,19,80.19999999999999,3.090341,85.63334911,168,11206-1-02,45 a 59,Mujeres,Quintil bajo,Sur,Rutina flexible,Motorizados privados,0,0,0,85.63334911,168,60.09,0,185.69859069000006
6241,81.15,21.4,9.06,56.389999999999986,5.031238,118.55388130449401,168,11209-1-03,45 a 59,Mujeres,Quintil alto,Norte,Cuidadores domesticos,Motorizados privados,179.37,219.101123595506,-39.731123595506006,158.28500490000002,168,30.46,289.73108239550606,442.98259187550605
6242,44.38,36.55,7.6,79.47000000000001,5.390278,127.14054599999999,168,11211-1-01,18 a 29,Hombres,Quintil bajo,Norte,Jovenes trabajadores,Motorizados privados,112.91999999999999,0,112.91999999999999,14.220546,168,44.15,112.07999164000005,350.06076534
6245,67.68,36.59,9.13,54.59999999999999,10.487085,360.94593104,168,11217-1-02,45 a 59,Mujeres,Quintil alto,Centro,Cuidadores domesticos,Motorizados privados,276.18,0,276.18,84.76593104,168,45.720000000000006,348.81998176000013,828.28950796
6250,72.01,19.98,9.09,66.91999999999999,3.054854,219.98003654000001,168,11228-1-02,45 a 59,Mujeres,Quintil alto,Norte,Cuidadores domesticos,Motorizados privados,0,0,0,219.98003654000001,168,29.07,0,88.80460578000003
6251,122.56,5.12,3.17,37.15,1.245898,34.67719124,168,11229-1-01,60 o mas,Mujeres,Quintil bajo,Centro,Trabajadores moviles,Motorizados privados,81.98,100,-18.019999999999996,52.697191239999995,168,8.29,118.02006764,128.34856206
6256,71.62,27.33,7.41,61.64,2.919386,172.84643078,168,11244-1-02,18 a 29,Hombres,Quintil bajo,Sur,Cuidadores domesticos,Motorizados privados,106.26,17.5,88.76,84.08643078,168,34.739999999999995,36.23999454,137.65946418
6257,74.35,27.69,9.26,56.70000000000001,4.922995,164.68340763150474,168,11245-1-02,60 o mas,Hombres,Quintil alto,Norte,Cuidadores domesticos,Motorizados privados,82.06000000000002,38.4012539184953,43.65874608150472,121.02466155,168,36.95,201.34127061849523,383.2459358684952
6260,61.3,36.16,9.36,61.18000000000001,2.689513,110.42922566551721,168,11247-1-03,18 a 29,Mujeres,Quintil medio,Centro,Trabajadores moviles,Motorizados privados,69.7,11.6379310344828,58.0620689655172,52.3671567,168,45.519999999999996,54.437921234482786,176.86455299448278
6264,47.86,30.59,7.44,82.11,3.112522,148.96530292,168,11258-1-02,45 a 59,Mujeres,Quintil bajo,Norte,Cuidadores domesticos,Motorizados privados,0,0,0,148.96530292,168,38.03,0,118.36921165999996
6268,54.23,43.9,7.67,62.2,2.722702,140.66572732447204,168,11263-1-03,30 a 44,Mujeres,Quintil medio,Centro,Cuidadores domesticos,Motorizados privados,6.290000000000001,0.77639751552795,5.513602484472051,135.15212484,168,51.57,6.986402135527953,147.39614427552792
6272,58.68,37.28,7.42,64.61999999999999,3.287487,140.45974908,168,11272-1-02,30 a 44,Hombres,Quintil bajo,Centro,Cuidadores domesticos,Motorizados privados,47.550000000000004,0,47.550000000000004,92.90974908,168,44.7,52.44998808,199.40065698000006
6273,55.41,37.97,12.78,61.84,3.149533,174.51562353,168,11273-1-03,45 a 59,Mujeres,Quintil bajo,Norte,Cuidadores domesticos,Motorizados privados,0,0,0,174.51562353,168,50.75,-2.842170943040401e-14,159.83879975
6278,56.48,27,12.87,71.65,3.156473,178.27759504000002,168,11280-1-02,18 a 29,Mujeres,Quintil bajo,Norte,Cuidadores domesticos,Motorizados privados,0,0,0,178.27759504000002,168,39.87,-2.842170943040401e-14,125.84857850999995
6279,31.11,29.08,15.03,92.77999999999999,3.493914,35.59066454000002,168,11282-1-01,60 o mas,Hombres,Quintil medio,Centro,Rutina flexible,Motorizados privados,48.77,121.875,-73.10499999999999,108.69566454000001,168,44.11,73.10499999999999,227.22154654000002
6294,58.57,44.63,7.41,57.390000000000015,4.965952,171.17580965,168,11305-1-01,45 a 59,Mujeres,Quintil medio,Sur,Jovenes trabajadores,Motorizados privados,130.32,0,130.32,40.85580965,168,52.040000000000006,119.67999898999997,378.1081410699999
6295,64.97,43.82,10.45,48.760000000000005,4.792291,191.67512904999998,168,11305-1-02,45 a 59,Mujeres,Quintil medio,Sur,Jovenes trabajadores,Motorizados privados,130.32,0,130.32,61.355129049999995,168,54.269999999999996,119.68001722,379.75764978999996
6301,57.55,27.4,7.62,75.43,6.206428,170.76995335,168,11315-1-02,45 a 59,Mujeres,Quintil alto,Norte,Trabajadores moviles,Motorizados privados,113.59,0,113.59,57.17995335,168,35.019999999999996,186.40997804999998,403.75908660999994
6303,40.46,33.41,4.37,89.75999999999999,2.815928,13.794493838484495,168,11320-1-04,45 a 59,Hombres,Quintil medio,Centro,Trabajadores rutinarios,Motorizados privados,43.879999999999995,31.5179461615155,12.362053838484496,1.43244,168,37.779999999999994,100.1379530415155,206.52371288151554
6305,59.71,45.68,5.24,57.36999999999999,0.997265,59.54668911,168,11321-1-01,30 a 44,Mujeres,Quintil bajo,Centro,Trabajadores moviles,Motorizados privados,0,0,0,59.54668911,168,50.92,4.039999993210586e-6,50.78073784
6307,29.59,46.52,12.86,79.02999999999999,3.046862,4.986646579999999,168,11325-1-01,60 o mas,Mujeres,Quintil bajo,Norte,Cuidadores domesticos,Motorizados privados,79.83,165,-85.17,90.15664658,168,59.38,85.17,266.09266556
6310,68.77,22.38,8.87,67.98,4.144378,156.1563658374603,168,11327-1-01,30 a 44,Mujeres,Quintil bajo,Norte,Trabajadores rutinarios,Motorizados privados,110.83,39.6825396825397,71.1474603174603,85.00890552,168,31.25,128.85250922253968,258.36432172253967
6312,67.84,20.29,13.41,66.46000000000001,1.661497,33.5081684622222,168,11331-1-04,45 a 59,Mujeres,Quintil medio,Sur,Trabajadores rutinarios,Motorizados privados,48.57,77.7777777777778,-29.2077777777778,62.71594624,168,33.7,79.2077880177778,135.20023691777777
6313,49.93,47.82,5.72,64.53,7.814789,236.7824359,168,11332-1-01,45 a 59,Hombres,Quintil bajo,Sur,Trabajadores moviles,Motorizados privados,221.59,0,221.59,15.1924359,168,53.54,153.40997887000003,571.81378193
6319,82.71,24.08,5.24,55.970000000000006,3.057164,252.85803444,168,11342-1-04,60 o mas,Mujeres,Quintil alto,Centro,Cuidadores domesticos,Motorizados privados,0,0,0,252.85803444,168,29.32,0,89.63604848000003
6320,39.9,43.54,12.22,72.34,12.928068,174.27748137560982,168,11343-1-01,60 o mas,Hombres,Quintil medio,Norte,Trabajadores rutinarios,Motorizados privados,202.35000000000002,43.9024390243902,158.44756097560983,15.8299204,168,55.76,341.55243182439017,1062.42150350439
6324,45.23,41.98,11.84,68.95000000000002,3.675125,88.90590764,168,11351-1-01,45 a 59,Hombres,Quintil medio,Centro,Trabajadores rutinarios,Motorizados privados,72.67999999999999,0,72.67999999999999,16.225907640000003,168,53.81999999999999,77.31999610999999,275.11522360999993
6326,66.64,35.59,9.48,56.28999999999999,10.446014,345.11234859999996,168,11352-1-01,30 a 44,Hombres,Quintil medio,Centro,Cuidadores domesticos,Motorizados privados,273.98999999999995,0,273.98999999999995,71.1223486,168,45.07000000000001,351.01002436000005,821.8118753400001
6331,29.81,50.27,9.12,78.79999999999998,3.0509,90.947329,168,11363-1-02,45 a 59,Mujeres,Quintil medio,Sur,Rutina flexible,Motorizados privados,0,0,0,90.947329,168,59.39,0,181.19295100000008
6336,5.24,70.78,8.73,83.24999999999999,3.038011,15.919177640000001,168,11371-1-01,18 a 29,Hombres,Quintil bajo,Centro,Rutina flexible,Motorizados privados,0,0,0,15.919177640000001,168,79.51,0,241.55225461000003
6340,75.86,33.18,7.93,51.03,6.850028,256.16315364,168,11381-1-03,45 a 59,Mujeres,Quintil alto,Centro,Trabajadores moviles,Motorizados privados,236.52,0,236.52,19.643153639999998,168,41.11,263.47997044,545.0846215199999
6341,78.46,22.99,6.73,59.82000000000001,5.072339,200.36574414,168,11381-1-04,45 a 59,Hombres,Quintil alto,Centro,Trabajadores moviles,Motorizados privados,177.39000000000001,0,177.39000000000001,22.975744140000003,168,29.72,197.60997379999998,348.35988888
6342,65.22,43.08,8.31,51.39,5.05116,201.52664456000002,168,11387-1-01,45 a 59,Hombres,Quintil medio,Centro,Rutina flexible,Motorizados privados,122.09000000000002,0,122.09000000000002,79.43664456,168,51.39,127.91001064,387.48912304
6344,43.61,18.76,18.87,86.75999999999999,3.109572,135.60843492,168,11388-1-01,30 a 44,Mujeres,Quintil bajo,Sur,Cuidadores domesticos,Motorizados privados,0,0,0,135.60843492,168,37.63,0,117.01319436000003
6346,64.59,27.98,9.23,66.19999999999999,2.977458,192.31401221999997,168,11390-1-03,45 a 59,Mujeres,Quintil medio,Norte,Cuidadores domesticos,Motorizados privados,0,0,0,192.31401221999997,168,37.21,2.842170943040401e-14,110.79121218000009
6351,8.05,73.93,9.65,76.36999999999998,3.152307,25.376071350000004,168,11402-1-02,60 o mas,Mujeres,Quintil alto,Norte,Rutina flexible,Motorizados privados,0,0,0,25.376071350000004,168,83.58000000000001,0,263.4698190600001
6355,34.36,31.9,14.97,86.76999999999998,3.26529,61.663599694117586,168,11408-2-01,60 o mas,Mujeres,Quintil bajo,Norte,Rutina flexible,Motorizados privados,28.880000000000003,79.4117647058824,-50.5317647058824,112.19536439999999,167.99999999999997,46.87,50.5317647058824,203.57590700588247
6358,50.41,24.19,17.7,75.7,3.674003,132.11649673,168,11413-1-01,45 a 59,Mujeres,Quintil bajo,Sur,Trabajadores rutinarios,Motorizados privados,89.41,50,39.41,92.70649673,168,41.89,53.08999449999999,206.99398017
6360,60.48,27.51,16.44,63.57000000000001,2.686521,115.71081328,168,11415-1-01,45 a 59,Hombres,Quintil bajo,Centro,Trabajadores rutinarios,Motorizados privados,68.23,0,68.23,47.48081328,168,43.95,46.769976799999995,164.84257474999995
6368,55.61,46.22,9.92,56.25,4.018463,157.8467085,168,11435-1-01,30 a 44,Hombres,Quintil bajo,Sur,Trabajadores moviles,Motorizados privados,109.38000000000001,0,109.38000000000001,48.466708499999996,168,56.14,65.62001892999999,291.21653174999994
6369,57.36,37.75,14.71,58.18,4.235197,208.25091808000002,168,11435-1-02,18 a 29,Mujeres,Quintil bajo,Sur,Cuidadores domesticos,Motorizados privados,57.82000000000001,0,57.82000000000001,150.43091808,168,52.46,34.67998184000001,256.85841646
6370,74.62,27.32,7.18,58.88,14.780236,559.02124708,168,11437-1-01,30 a 44,Hombres,Quintil alto,Norte,Cuidadores domesticos,Motorizados privados,468.61999999999995,0,468.61999999999995,90.40124707999999,168,34.5,543.87996324,1053.79810524
6371,73.59,35.81,10.77,47.83,2.947784,216.92742456000002,168,11437-1-02,18 a 29,Mujeres,Quintil alto,Norte,Cuidadores domesticos,Motorizados privados,0,0,0,216.92742456000002,168,46.58,0,137.30777872
6372,66.62,22.21,11.06,68.10999999999999,3.116681,59.53328822,168,11451-1-02,60 o mas,Mujeres,Quintil medio,Centro,Cuidadores domesticos,Motorizados privados,91.9,240,-148.1,207.63328822,168,33.27,148.1,251.79197687
6377,93.19,20.45,13.55,40.81,3.033435,282.68580764999996,168,11456-1-02,45 a 59,Mujeres,Quintil medio,Norte,Cuidadores domesticos,Motorizados privados,0,0,0,282.68580764999996,168,34,0,103.13679000000002
6387,97.7,17.18,5.3,47.82,5.238592,335.50039620000007,168,11478-1-02,30 a 44,Mujeres,Quintil alto,Norte,Cuidadores domesticos,Motorizados privados,173.69000000000003,0,173.69000000000003,161.8103962,168,22.48,176.31004219999994,294.0735903599999
6389,39.61,44.52,11.75,72.11999999999998,3.047632,120.71670352000001,168,11480-1-02,45 a 59,Mujeres,Quintil bajo,Norte,Rutina flexible,Motorizados privados,0,0,0,120.71670352000001,167.99999999999997,56.27,0,171.49025264000005
6394,36.99,45.32,9.3,76.39,3.127252,14.827051480000009,168,11489-1-01,60 o mas,Mujeres,Quintil bajo,Centro,Rutina flexible,Motorizados privados,55.400000000000006,156.25,-100.85,115.67705148,168,54.620000000000005,100.85,271.66050423999997
6397,65.41,35.52,9.96,57.10999999999999,4.84372,161.89772582999998,168,11494-1-01,30 a 44,Mujeres,Quintil bajo,Sur,Cuidadores domesticos,Motorizados privados,207.57,175,32.56999999999999,129.32772583,168,45.480000000000004,154.92999937,375.2223849700001
6400,33.05,57.15,11.15,66.64999999999998,3.289578,108.7205529,168,11505-1-02,18 a 29,Mujeres,Quintil bajo,Norte,Rutina flexible,Motorizados privados,0,0,0,108.7205529,167.99999999999997,68.3,0,224.67817740000007
6402,22.97,59.59,14.03,71.41,2.939457,67.51932728999999,168,11506-1-03,18 a 29,Mujeres,Quintil alto,Centro,Rutina flexible,Motorizados privados,0,0,0,67.51932728999999,168,73.62,0,216.40282434000005
6403,47.09,35.38,7.89,77.64,2.682009,88.32580051000002,168,11510-1-02,18 a 29,Hombres,Quintil bajo,Centro,Trabajadores rutinarios,Motorizados privados,89.53000000000002,22.5,67.03000000000002,21.29580051,168,43.27,37.97000329999999,154.02053272999996
6406,57.19,22.7,8.81,79.3,2.865168,103.47895287,168,11521-1-02,30 a 44,Mujeres,Quintil bajo,Centro,Cuidadores domesticos,Motorizados privados,64.62,0,64.62,38.858952869999996,168,31.509999999999998,60.380005049999994,150.66144873000002
6411,40.79,69.23,5.82,52.160000000000004,2.859956,112.93476989714287,168,11530-1-02,60 o mas,Mujeres,Quintil bajo,Centro,Rutina flexible,Motorizados privados,2.17,2.14285714285714,0.0271428571428598,112.90762704000001,168,75.05000000000001,3.722835342857124,218.36253314285716
6412,59.5,28.17,9.68,70.65,9.384194,298.6669170656109,168,11533-1-01,45 a 59,Mujeres,Quintil alto,Sur,Trabajadores rutinarios,Motorizados privados,335.33000000000004,95.0226244343891,240.30737556561093,58.3595415,168,37.85,259.6926259343891,614.8843688343891
6414,58.4,29.63,8.75,71.22,1.835232,32.6136190562329,168,11536-1-02,60 o mas,Mujeres,Quintil medio,Centro,Cuidadores domesticos,Motorizados privados,54.54,109.1039581437671,-54.5639581437671,87.1775772,168,38.379999999999995,74.56392974376709,145.0001339037671
6417,26.31,34.35,16.15,91.19,2.913699,76.65942068999999,168,11544-1-01,30 a 44,Mujeres,Quintil bajo,Sur,Rutina flexible,Motorizados privados,0,0,0,76.65942068999999,168,50.5,0,147.1417995
6420,85.12,19.13,11.05,52.7,7.090884,339.2801529270588,168,11547-1-01,30 a 44,Mujeres,Quintil alto,Norte,Cuidadores domesticos,Motorizados privados,255.41,44.7058823529412,210.7041176470588,128.57603528,168,30.18,264.2958931529413,478.29877227294116
6421,79.42,26.82,10.07,51.69,6.038243,270.90317215294124,168,11547-1-02,30 a 44,Hombres,Quintil alto,Norte,Trabajadores moviles,Motorizados privados,201.64,35.2941176470588,166.3458823529412,104.5572898,168,36.89,208.65408690705874,431.4048711770587
6428,48.49,52.89,6.48,60.139999999999986,8.265558,213.94690745,168,11558-1-02,30 a 44,Mujeres,Quintil alto,Norte,Jovenes trabajadores,Motorizados privados,188.15,0,188.15,25.79690745,168,59.370000000000005,186.84999997000003,677.5761784300001
6429,38.3,46.27,13.15,70.27999999999997,1.196522,45.8267953,168,11559-1-02,45 a 59,Mujeres,Quintil bajo,Sur,Trabajadores rutinarios,Motorizados privados,0,0,0,45.8267953,167.99999999999997,59.42,-2.7000000031307536e-6,71.09733454000003
6433,78.32,31.95,5.19,52.540000000000006,3.500766,154.6482940004222,168,11563-1-03,30 a 44,Mujeres,Quintil alto,Centro,Cuidadores domesticos,Motorizados privados,98.12,35.1517150395778,62.9682849604222,91.68000904,168,37.14,119.53169911957781,249.5501483595778
6434,63.76,18.98,11.42,73.84,7.374354,191.8286448886544,168,11563-1-05,60 o mas,Hombres,Quintil alto,Centro,Trabajadores rutinarios,Motorizados privados,228.5,81.8601583113456,146.6398416886544,45.188803199999995,168,30.4,278.36016615134565,502.5405277513456
6438,52.16,38.07,9.29,68.48000000000002,2.860258,93.43104896,168,11572-1-04,45 a 59,Hombres,Quintil bajo,Norte,Trabajadores rutinarios,Motorizados privados,56.739999999999995,0,56.739999999999995,36.691048959999996,168,47.36,55.76000832,191.22182719999995
6441,51.93,50.01,8.76,57.300000000000004,3.582092,154.38804195,168,11581-1-01,30 a 44,Hombres,Quintil bajo,Centro,Jovenes trabajadores,Motorizados privados,118.37,0,118.37,36.018041950000004,168,58.769999999999996,31.62999560999998,242.14954244999996
6445,77.59,23.64,11.78,54.989999999999995,3.120945,118.0812645571429,168,11585-1-01,30 a 44,Mujeres,Quintil bajo,Norte,Cuidadores domesticos,Motorizados privados,95.57,94.6428571428571,0.927142857142897,117.1541217,168,35.42,124.07285799285711,234.6167298928571
6447,57.21,33.25,12.1,65.44,3.155679,180.53639559,168,11594-1-01,30 a 44,Mujeres,Quintil bajo,Centro,Cuidadores domesticos,Motorizados privados,0,0,0,180.53639559,168,45.35,0,143.11004265
6454,67.2,28.19,9.11,63.5,2.495118,82.79486161063122,168,11600-1-04,30 a 44,Hombres,Quintil medio,Centro,Trabajadores rutinarios,Motorizados privados,49.01,33.887043189368796,15.122956810631202,67.67190480000001,168,37.3,84.87706798936881,177.94496938936882
6462,67.43,21.85,7.34,71.38,6.27278,212.98356013,168,11617-1-01,45 a 59,Hombres,Quintil bajo,Norte,Trabajadores rutinarios,Motorizados privados,140.01,0,140.01,72.97356013,168,29.19,209.98999527000007,393.09244347000003
6465,79.64,27.12,7.02,54.22,2.149692,135.42144608,168,11626-1-02,30 a 44,Mujeres,Quintil bajo,Norte,Trabajadores rutinarios,Motorizados privados,76.72,0,76.72,58.701446080000004,168,34.14,35.78002479999998,109.17050967999998
6466,66.04,11.92,20.83,69.21,3.301511,164.40179415999998,168,11628-1-01,30 a 44,Mujeres,Quintil bajo,Centro,Trabajadores rutinarios,Motorizados privados,98.86999999999999,0,98.86999999999999,65.53179415999999,168,32.75,53.62999228000004,161.75447753000006
6467,45.92,46.13,13.83,62.11999999999999,2.893514,92.43017712,168,11628-1-02,30 a 44,Hombres,Quintil bajo,Centro,Jovenes trabajadores,Motorizados privados,74.56,0,74.56,17.87017712,168,59.96,40.43998576000001,213.93508520000006
6468,50.95,52.46,11.71,52.88,5.00989,48.6433918510949,168,11630-1-01,45 a 59,Hombres,Quintil bajo,Norte,Jovenes trabajadores,Motorizados privados,99.53,83.6405109489051,15.889489051094898,32.7539028,168,64.17,206.61050364890514,528.0951449489052
6469,90.35,23.07,6.2,48.38,9.836006,406.26315705,168,11634-1-01,30 a 44,Mujeres,Quintil alto,Centro,Cuidadores domesticos,Motorizados privados,267.58,0,267.58,138.68315705,168,29.27,482.4199850499999,770.31988067
6470,60.22,36.47,10.65,60.660000000000004,3.1067,93.68547596000002,168,11635-1-01,45 a 59,Hombres,Quintil bajo,Sur,Trabajadores rutinarios,Motorizados privados,56.60000000000001,0,56.60000000000001,37.085475960000004,168,47.12,93.39999803999999,239.78770204
6472,90.93,23.26,3.73,50.07999999999999,5.66113,338.91659755,168,11643-1-02,30 a 44,Mujeres,Quintil alto,Sur,Cuidadores domesticos,Motorizados privados,199.14999999999998,0,199.14999999999998,139.76659755,168,26.990000000000002,175.84995335000008,328.6438520500001
6474,75.32,30.1,9.23,53.35000000000001,4.994591,262.22264016,168,11645-1-01,30 a 44,Mujeres,Quintil medio,Sur,Cuidadores domesticos,Motorizados privados,186.03000000000003,0,186.03000000000003,76.19264016,168,39.33,113.96995395999994,310.4072179899999
6480,78.06,25.59,8.99,55.35999999999999,3.072104,239.80843824000002,168,11664-1-02,45 a 59,Mujeres,Quintil medio,Sur,Cuidadores domesticos,Motorizados privados,0,0,0,239.80843824000002,168,34.58,0,106.23335632000001
6485,63.29,40.07,7.81,56.83000000000001,3.499734,121.9715055933333,168,11671-1-01,30 a 44,Mujeres,Quintil bajo,Sur,Cuidadores domesticos,Motorizados privados,67.14,41.6666666666667,25.4733333333333,96.49817226,168,47.88,99.5266592666667,267.0939231866667
6487,79.47,18.38,9.36,60.790000000000006,4.308742,94.55637597391302,168,11673-1-02,60 o mas,Mujeres,Quintil alto,Sur,Cuidadores domesticos,Motorizados privados,214.07000000000002,286.929347826087,-72.85934782608697,167.4157238,168,27.74,247.85935076608695,367.38385384608694
6489,39.74,48.41,10.65,69.19999999999999,7.148701,148.62938638,168,11675-1-01,60 o mas,Hombres,Quintil bajo,Sur,Rutina flexible,Motorizados privados,114.53999999999999,0,114.53999999999999,34.08938638,168,59.059999999999995,135.45999136000003,557.66227242
6491,56.15,33.35,9.54,68.96000000000001,4.012872,118.1427509,168,11678-1-01,45 a 59,Hombres,Quintil bajo,Centro,Trabajadores rutinarios,Motorizados privados,92.82,0,92.82,25.3227509,168,42.89,107.1800119,279.29209197999995
6497,58.3,36.38,13.51,59.809999999999995,7.127399,261.9873477,168,11685-1-02,30 a 44,Hombres,Quintil alto,Sur,Trabajadores moviles,Motorizados privados,221.45999999999998,0,221.45999999999998,40.5273477,168,49.89,153.54001399999999,509.12595010999996
6499,54.18,48.24,6.47,59.109999999999985,6.33487,177.17323494000001,168,11688-1-02,45 a 59,Mujeres,Quintil alto,Sur,Jovenes trabajadores,Motorizados privados,133.95000000000002,0,133.95000000000002,43.22323494,168,54.71,166.05002165999994,512.63075936
6501,28.45,56.77,3.84,78.94,3.135182,55.115940550000005,168,11692-1-01,45 a 59,Hombres,Quintil bajo,Norte,Rutina flexible,Motorizados privados,40.92,0,40.92,14.195940550000001,168,60.61,34.079987349999996,224.10336837
6506,44.18,30.4,12.51,80.90999999999998,3.074572,135.83459095999999,168,11697-1-04,45 a 59,Mujeres,Quintil medio,Norte,Cuidadores domesticos,Motorizados privados,0,0,0,135.83459095999999,168,42.91,0,131.92988452000006
6508,56.86,26.44,9.95,74.75,3.493776,129.62609174000002,168,11701-1-01,60 o mas,Hombres,Quintil bajo,Norte,Trabajadores rutinarios,Motorizados privados,70.97000000000001,0,70.97000000000001,58.65609174,168,36.39,69.03001161999998,196.16852025999995
6511,86.18,38.56,7.62,35.63999999999999,8.597138,384.3213079,168,11705-1-01,45 a 59,Hombres,Quintil medio,Sur,Cuidadores domesticos,Motorizados privados,268.42,0,268.42,115.9013079,168,46.18,356.58004493999994,753.5958777800001
6517,53.58,47.73,7.42,59.269999999999996,2.514703,104.21779251999999,168,11712-1-01,45 a 59,Mujeres,Quintil bajo,Norte,Jovenes trabajadores,Motorizados privados,61.98,0,61.98,42.23779252,168,55.15,30.51999422,169.20586467000004
6520,43.91,47.17,14.48,62.44,3.082236,83.14598275999998,168,11715-1-02,60 o mas,Mujeres,Quintil medio,Sur,Rutina flexible,Motorizados privados,50.93000000000001,103.125,-52.19499999999999,135.34098275999997,168,61.650000000000006,52.19499999999999,242.21484940000005
6521,67.66,29.34,6.67,64.33,3.25107,171.80737263999998,168,11718-1-01,18 a 29,Hombres,Quintil bajo,Centro,Trabajadores moviles,Motorizados privados,101.84,0,101.84,69.96737264,168,36.01,48.16002356000001,165.23105426
6525,53.29,22.94,8.8,82.97000000000001,2.909439,99.74400430999998,168,11731-1-01,60 o mas,Mujeres,Quintil bajo,Norte,Cuidadores domesticos,Motorizados privados,84.69999999999999,140,-55.30000000000001,155.04400431,168,31.740000000000002,55.30000000000001,147.64559385999996
6530,58.01,34.35,3.76,71.88000000000001,3.080329,105.0714196115385,168,11739-1-02,18 a 29,Mujeres,Quintil bajo,Sur,Trabajadores rutinarios,Motorizados privados,75.42,24.0384615384615,51.3815384615385,53.689881150000005,168,38.11,73.61846567846148,191.00980386846146
6536,52.04,41.15,28.03,46.78,29.240528,555.8370611199999,168,11746-1-01,60 o mas,Hombres,Quintil alto,Centro,Trabajadores rutinarios,Motorizados privados,534.16,0,534.16,21.677061119999998,168,69.18,965.8400160000002,2988.69974304
6544,43.68,62.38,10.25,51.68999999999999,3.702939,92.58435936000001,168,11761-1-01,45 a 59,Hombres,Quintil bajo,Sur,Jovenes trabajadores,Motorizados privados,80.84,0,80.84,11.74435936,168,72.63,69.16001616,338.10447573000005
6546,85.3,30.66,8.97,43.07000000000001,5.237227,296.06541899999996,168,11763-1-02,30 a 44,Mujeres,Quintil medio,Centro,Cuidadores domesticos,Motorizados privados,174.32999999999998,0,174.32999999999998,121.735419,168,39.63,150.67004409999998,358.22135010999995
6547,5.09,43.12,8.84,110.94999999999999,3.159692,16.08283228,168,11764-1-03,18 a 29,Hombres,Quintil bajo,Centro,Rutina flexible,Motorizados privados,0,0,0,16.08283228,168,51.959999999999994,0,164.17759632000005
6554,70.41,34.41,2.93,60.25000000000001,3.635487,189.0157633310811,168,11779-1-01,18 a 29,Hombres,Quintil bajo,Sur,Cuidadores domesticos,Motorizados privados,126.96000000000001,18.9189189189189,108.0410810810811,80.97468225,168,37.339999999999996,66.95887633891888,202.70796091891887
6556,50.55,39.87,8.19,69.39000000000001,3.637453,83.2230635198198,168,11783-1-01,60 o mas,Hombres,Quintil bajo,Norte,Trabajadores rutinarios,Motorizados privados,112.03,62.6801801801802,49.3498198198198,33.8732437,168,48.059999999999995,100.65018563018019,275.4661768101801
6557,27.55,61.28,8.68,70.48999999999998,3.114911,85.81579805,168,11783-1-02,45 a 59,Mujeres,Quintil bajo,Norte,Rutina flexible,Motorizados privados,0,0,0,85.81579805,167.99999999999997,69.96000000000001,1.4210854715202004e-14,217.91917356000005
6564,67.32,48.67,3.75,48.260000000000005,6.63807,189.56911423428568,168,11796-1-02,45 a 59,Mujeres,Quintil alto,Centro,Jovenes trabajadores,Motorizados privados,181.98,64.2857142857143,117.69428571428568,71.87482852,168,52.42,257.3057581657143,605.2733875657143
6582,21.07,59.27,14.16,73.5,3.077084,64.83415988,168,11826-1-02,18 a 29,Mujeres,Quintil bajo,Centro,Rutina flexible,Motorizados privados,0,0,0,64.83415988,168,73.43,0,225.95027812
6587,58.24,28.24,7.83,73.69,15.452715,231.5024564060219,168,11833-1-01,60 o mas,Hombres,Quintil alto,Sur,Trabajadores rutinarios,Motorizados privados,451.1599999999999,244.623655913978,206.5363440860219,24.96611232,168,36.07,668.463665193978,1225.843095243978
6588,47.78,40.24,9.23,70.74999999999999,3.132997,149.69459666,168,11835-1-02,45 a 59,Mujeres,Quintil bajo,Centro,Cuidadores domesticos,Motorizados privados,0,0,0,149.69459666,168,49.47,0,154.98936159000004
6589,45.07,43.62,8.51,70.8,4.76521,113.13803289000002,168,11838-1-01,30 a 44,Hombres,Quintil medio,Sur,Trabajadores rutinarios,Motorizados privados,98.37000000000002,0,98.37000000000002,14.768032889999999,168,52.129999999999995,101.62998180999996,350.04037910999995
6593,45.45,26.69,12.38,83.48,3.113058,141.48848610000002,168,11841-1-02,45 a 59,Mujeres,Quintil bajo,Norte,Cuidadores domesticos,Motorizados privados,0,0,0,141.48848610000002,168,39.07,0,121.62717605999998
6596,45.53,26.52,12.25,83.7,6.069793,147.46767864,168,11845-1-01,30 a 44,Mujeres,Quintil medio,Centro,Trabajadores rutinarios,Motorizados privados,118.61,0,118.61,28.857678639999996,168,38.769999999999996,128.88999664999997,364.21587126
6607,29.46,50.71,12.62,75.20999999999998,3.200431,94.28469726,168,11863-1-01,60 o mas,Hombres,Quintil bajo,Sur,Rutina flexible,Motorizados privados,0,0,0,94.28469726,168,63.33,0,202.68329523000008
6610,71.74,32.76,12.06,51.440000000000005,2.595641,127.3446444933333,168,11867-1-02,18 a 29,Hombres,Quintil medio,Sur,Cuidadores domesticos,Motorizados privados,75.3,19.1666666666667,56.1333333333333,71.21131116000001,168,44.82,58.866640846666684,175.2032704666667
6617,66.74,29.53,5.82,65.91,3.669054,98.07562494647888,168,11880-1-01,30 a 44,Hombres,Quintil medio,Centro,Trabajadores moviles,Motorizados privados,125.20999999999998,84.5070422535211,40.70295774647887,57.37266720000001,168,35.35,146.7970390135211,276.4980979135212
6618,83.96,16.95,7.35,59.74,3.13601,194.79276140169011,168,11880-1-03,30 a 44,Mujeres,Quintil medio,Centro,Cuidadores domesticos,Motorizados privados,58.42999999999999,39.4366197183099,18.993380281690094,175.79938112000002,168,24.299999999999997,68.5066381983099,144.7116811983099
6622,48.08,42.16,5.29,72.47,2.894304,77.76812536,168,11885-1-01,30 a 44,Mujeres,Quintil medio,Norte,Trabajadores rutinarios,Motorizados privados,53.61,0,53.61,24.15812536,168,47.449999999999996,61.390010959999984,198.72473576
6623,71.6,26.56,5.63,64.21000000000001,6.51752,252.0844032,168,11886-1-02,45 a 59,Mujeres,Quintil alto,Norte,Trabajadores rutinarios,Motorizados privados,185.43,0,185.43,66.65440319999999,168,32.19,214.5700288,424.36899759999994
6624,50.75,45.52,10.05,61.67999999999999,4.287031,108.386825,168,11889-1-01,45 a 59,Hombres,Quintil bajo,Centro,Trabajadores moviles,Motorizados privados,90.82000000000001,0,90.82000000000001,17.566824999999998,168,55.57000000000001,109.17999825,347.41031092000003
6627,45.02,45.76,14.27,62.95,28.101057,437.5795976,168,11897-1-01,30 a 44,Hombres,Quintil alto,Norte,Trabajadores moviles,Motorizados privados,422.47,0,422.47,15.109597599999999,168,60.03,827.5299885400002,2514.43644025
6628,57.15,26.7,15.39,68.75999999999999,5.270465,135.70708739999998,168,11897-1-02,30 a 44,Mujeres,Quintil alto,Norte,Trabajadores rutinarios,Motorizados privados,84.5,0,84.5,51.20708739999999,168,42.09,165.49998735000003,387.3338592
6631,85,18.8,8.45,55.75,4.39801,260.94086500000003,168,11903-1-01,30 a 44,Mujeres,Quintil medio,Sur,Cuidadores domesticos,Motorizados privados,137.11,0,137.11,123.830865,168,27.25,112.88998499999997,232.73575749999998
6636,62.34,22.14,9.93,73.59,13.101953,451.50575677999996,168,11912-1-01,45 a 59,Mujeres,Quintil alto,Centro,Trabajadores rutinarios,Motorizados privados,384.72999999999996,0,384.72999999999996,66.77575678,168,32.07,365.2699932400001,785.4496259499999
6649,46.06,34.52,11.21,76.20999999999998,9.081588,178.45571749777778,168,11937-1-02,45 a 59,Mujeres,Quintil alto,Centro,Trabajadores rutinarios,Motorizados privados,182.38,22.2222222222222,160.1577777777778,18.29793972,168,45.730000000000004,239.84222578222224,655.1432450222225
6653,68.33,34.33,6.93,58.410000000000004,3.110391,150.90302667,168,11943-1-01,18 a 29,Hombres,Quintil bajo,Centro,Cuidadores domesticos,Motorizados privados,88.37,0,88.37,62.53302667,168,41.26,61.629990359999994,189.96472301999998
6658,18.73,36.52,7.6,105.15,3.047842,57.08608066000001,168,11961-1-02,30 a 44,Mujeres,Quintil bajo,Norte,Cuidadores domesticos,Motorizados privados,0,0,0,57.08608066000001,168,44.120000000000005,0,134.47078904
6659,14.07,33.16,4.83,115.94000000000001,3.040033,42.77326431,168,11961-1-04,18 a 29,Mujeres,Quintil bajo,Norte,Rutina flexible,Motorizados privados,0,0,0,42.77326431,168,37.989999999999995,0,115.49085366999998
6671,53.38,29.07,6.15,79.4,11.241547,335.70380638,168,11979-1-01,45 a 59,Hombres,Quintil medio,Sur,Trabajadores rutinarios,Motorizados privados,310.63,0,310.63,25.073806379999997,168,35.22,264.36997248000006,660.2972578199999
6678,74.41,34.58,7.56,51.45,4.393385,248.88173078999998,168,11995-1-02,45 a 59,Mujeres,Quintil bajo,Centro,Cuidadores domesticos,Motorizados privados,84.47,0,84.47,164.41173078999998,168,42.14,78.03004706000004,263.16729096000006
6683,49.72,59.95,11.21,47.12,7.642991,155.54413298634154,168,12005-1-02,30 a 44,Hombres,Quintil alto,Norte,Jovenes trabajadores,Motorizados privados,157.12000000000003,31.5853658536585,125.53463414634153,30.00949884,168,71.16,224.46537953365845,768.3406190936585
6689,64.56,58.56,5.54,39.339999999999996,1.465161,77.19077951999999,168,12013-1-01,45 a 59,Hombres,Quintil bajo,Centro,Jovenes trabajadores,Motorizados privados,42.599999999999994,0,42.599999999999994,34.59077952,168,64.10000000000001,17.40001464000001,111.31683474
6691,72.02,43.34,8.87,43.77,2.924053,136.56029862000003,168,12014-1-01,45 a 59,Mujeres,Quintil bajo,Norte,Cuidadores domesticos,Motorizados privados,40.970000000000006,0,40.970000000000006,95.59029862000001,168,52.21,74.02999843999996,226.69480556999991
6692,66.6,41.57,8.53,51.300000000000004,6.455677,284.46805559999996,168,12015-1-01,45 a 59,Mujeres,Quintil bajo,Centro,Cuidadores domesticos,Motorizados privados,204.51999999999998,0,204.51999999999998,79.9480556,168,50.1,145.48003259999996,468.9094502999999
6697,68.76,33.75,9.75,55.739999999999995,7.515397,292.48869372,168,12022-1-01,30 a 44,Mujeres,Quintil alto,Norte,Cuidadores domesticos,Motorizados privados,200.73000000000002,0,200.73000000000002,91.75869372000001,168,43.5,224.27000400000009,551.1897735
6707,17.95,38.32,13.34,98.39000000000001,3.178978,18.563800610835912,168,12038-1-01,60 o mas,Hombres,Quintil alto,Centro,Rutina flexible,Motorizados privados,27.190000000000005,65.68885448916409,-38.49885448916408,57.06265509999999,168,51.66,38.49885448916408,202.72485796916402
6711,64.48,35.84,11.47,56.209999999999994,2.53871,119.05599344000001,168,12050-1-01,18 a 29,Hombres,Quintil bajo,Norte,Trabajadores rutinarios,Motorizados privados,67.86000000000001,0,67.86000000000001,51.19599344,168,47.31,44.640027360000005,164.74639746000003
6712,55.53,31.19,11.18,70.1,2.668368,98.57444847999999,168,12050-1-02,18 a 29,Mujeres,Quintil bajo,Norte,Trabajadores rutinarios,Motorizados privados,75.39999999999999,0,75.39999999999999,23.17444848,168,42.370000000000005,49.60002656000002,162.65877872000004
6718,66.19,14.6,6.82,80.39000000000001,3.370345,94.08310217,168,12058-1-02,60 o mas,Hombres,Quintil medio,Centro,Trabajadores rutinarios,Motorizados privados,105,84,21,73.08310217,168,21.42,129.00003338,201.1928232799999
6722,56.84,40.27,8.4,62.48999999999999,2.720127,97.37464158582772,168,12068-1-02,30 a 44,Hombres,Quintil bajo,Centro,Trabajadores moviles,Motorizados privados,92.69000000000001,24.9273959341723,67.76260406582772,29.61203752,168,48.67,57.23737709417229,189.62595818417236
6725,51.46,53.69,8.23,54.61999999999999,5.299574,50.046468206239,168,12071-1-01,45 a 59,Hombres,Quintil medio,Norte,Jovenes trabajadores,Motorizados privados,136.4,109.069585613761,27.330414386239,22.71605382,168,61.92,222.669609833761,550.8192319137611
6726,40.04,45.37,14.41,68.18,3.187258,127.61781031999999,168,12071-1-02,45 a 59,Mujeres,Quintil medio,Norte,Rutina flexible,Motorizados privados,0,0,0,127.61781031999999,168,59.78,0,190.53428323999998
6731,55.28,40.65,10.51,61.559999999999995,10.098627,232.66210895999998,168,12079-1-01,30 a 44,Mujeres,Quintil alto,Sur,Trabajadores rutinarios,Motorizados privados,199.41,0,199.41,33.252108959999994,168,51.16,325.5899916000001,842.23574892
6737,65.96,38.81,4.32,58.910000000000004,4.399153,166.14814031999998,168,12085-1-01,45 a 59,Mujeres,Quintil medio,Norte,Trabajadores moviles,Motorizados privados,100.97999999999999,0,100.97999999999999,65.16814031999999,168,43.13,124.01999156,313.75546045000004
6738,83.63,20.15,11.04,53.18,2.617633,206.08265133999998,168,12086-1-01,30 a 44,Hombres,Quintil bajo,Centro,Trabajadores moviles,Motorizados privados,137.17000000000002,37.5,99.67000000000002,106.41265133999998,168,31.189999999999998,12.82999645000001,94.47396972000001
6741,73.78,23.03,7.35,63.839999999999996,2.28161,126.79843589999999,168,12091-1-01,45 a 59,Mujeres,Quintil medio,Norte,Trabajadores rutinarios,Motorizados privados,51.42999999999999,5.46875,45.96124999999999,80.8371859,168,30.380000000000003,41.53874990000003,110.85406170000002
6748,53.61,35.69,8.69,70.01,3.770823,119.42379611000001,168,12101-1-01,30 a 44,Hombres,Quintil bajo,Centro,Cuidadores domesticos,Motorizados privados,92.27000000000001,0,92.27000000000001,27.15379611,168,44.379999999999995,82.73002491999998,250.07914965999998
6752,77.71,17.99,5.77,66.53000000000002,5.139066,238.23678855,168,12109-1-01,30 a 44,Hombres,Quintil medio,Norte,Trabajadores rutinarios,Motorizados privados,138.88,0,138.88,99.35678855,168,23.759999999999998,161.12003030999992,283.2242384699998
6753,90.73,20.55,5.84,50.879999999999995,4.797845,274.18848488000003,168,12109-1-02,18 a 29,Mujeres,Quintil medio,Norte,Cuidadores domesticos,Motorizados privados,138.88,0,138.88,135.30848488,168,26.39,161.11999196999994,287.73512152
6766,49.35,37.2,12.62,68.83,6.119428,150.7437866,168,12139-1-03,30 a 44,Mujeres,Quintil medio,Norte,Trabajadores rutinarios,Motorizados privados,123.74999999999999,0,123.74999999999999,26.9937866,168,49.82,151.2499852,456.11988815999996
6773,73.44,11.37,15.37,67.82,4.935698,229.47765748,168,12159-1-01,45 a 59,Hombres,Quintil bajo,Centro,Trabajadores rutinarios,Motorizados privados,142,0,142,87.47765747999999,168,26.74,133.00000364,264.9805681600001
6775,61.17,21.32,12.21,73.29999999999998,5.161705,209.23146963,168,12163-1-02,45 a 59,Mujeres,Quintil alto,Norte,Trabajadores rutinarios,Motorizados privados,130.99,0,130.99,78.24146963,168,33.53,106.51002522000005,279.58199387000013
6777,62.67,51.02,8.31,45.99999999999999,2.257538,90.12993845,168,12165-1-01,18 a 29,Mujeres,Quintil bajo,Norte,Jovenes trabajadores,Motorizados privados,48.65,0,48.65,41.47993845,168,59.330000000000005,51.34996801,185.28969754999997
6778,64.1,46.73,10.79,46.38000000000001,2.35032,99.30549440000001,168,12165-1-02,18 a 29,Hombres,Quintil bajo,Norte,Jovenes trabajadores,Motorizados privados,48.65,0,48.65,50.65549440000001,168,57.519999999999996,51.35001759999997,186.54042399999994
6779,31.75,59.23,6.68,70.34,3.227967,102.48795225,168,12166-1-01,30 a 44,Hombres,Quintil bajo,Centro,Rutina flexible,Motorizados privados,0,0,0,102.48795225,168,65.91,0,212.75530496999997
6782,60.76,25.34,18.96,62.940000000000005,4.427407,179.50926568,168,12168-1-02,30 a 44,Mujeres,Quintil alto,Centro,Trabajadores rutinarios,Motorizados privados,85.5,0,85.5,94.00926568,168,44.3,89.49998363999998,285.63411374
6791,56.37,27.14,7.48,77.00999999999999,2.850364,105.45501107999999,168,12184-1-01,30 a 44,Mujeres,Quintil bajo,Centro,Cuidadores domesticos,Motorizados privados,57.28,0,57.28,48.17501108,168,34.620000000000005,55.2200076,153.89960928000002
6796,7.3,39.63,11.31,109.75999999999999,2.894841,21.132339299999998,168,12187-1-04,18 a 29,Mujeres,Quintil bajo,Sur,Rutina flexible,Motorizados privados,0,0,0,21.132339299999998,168,50.940000000000005,0,147.46320054
6798,33.65,49.55,8.63,76.17,3.480332,91.233172,168,12191-1-01,45 a 59,Hombres,Quintil bajo,Sur,Rutina flexible,Motorizados privados,74.11999999999999,0,74.11999999999999,17.113172,168,58.18,25.879999800000007,228.36571556000004
6801,7.03,53.49,10.85,96.63,3.02001,21.2306703,168,12196-1-03,18 a 29,Mujeres,Quintil bajo,Sur,Rutina flexible,Motorizados privados,0,0,0,21.2306703,168,64.34,0,194.3074434
6802,44.76,38.91,15.25,69.08000000000001,3.149289,140.96217564000003,168,12196-1-04,18 a 29,Mujeres,Quintil bajo,Sur,Cuidadores domesticos,Motorizados privados,0,0,0,140.96217564000003,168,54.16,-2.842170943040401e-14,170.56549223999994
6803,43.8,40.44,9.91,73.85000000000001,3.582927,97.2122188,168,12203-1-02,60 o mas,Hombres,Quintil bajo,Centro,Trabajadores rutinarios,Motorizados privados,84.03,31.25,52.78,44.4322188,168,50.349999999999994,59.71998380000001,240.12035824999998
6805,59.09,28.08,7.54,73.28999999999999,8.947346,295.32865712,168,12209-1-01,45 a 59,Hombres,Quintil alto,Centro,Trabajadores rutinarios,Motorizados privados,266.63,0,266.63,28.69865712,168,35.62,233.37001801999997,552.0744825400001
6806,62.91,45.46,7.74,51.89,4.74999,184.48184248,168,12209-1-02,45 a 59,Mujeres,Quintil alto,Centro,Trabajadores moviles,Motorizados privados,130.66000000000003,0,130.66000000000003,53.82184248,168,53.2,114.34002842000001,367.03949642000003
6811,56.63,23.08,4.12,84.17,3.161651,17.095846611539,168,12217-1-02,45 a 59,Hombres,Quintil alto,Norte,Trabajadores rutinarios,Motorizados privados,149.59,161.538461538461,-11.948461538461004,29.044308150000003,168,27.2,161.94844951846102,247.94535671846097
6812,17.07,59.09,15.5,76.34,3.117662,53.21849034,168,12217-1-04,45 a 59,Mujeres,Quintil alto,Norte,Rutina flexible,Motorizados privados,0,0,0,53.21849034,168,74.59,0,232.54640858
6813,10.83,41.02,8.41,107.73999999999998,3.022231,32.730761730000005,168,12218-1-04,18 a 29,Hombres,Quintil medio,Norte,Rutina flexible,Motorizados privados,0,0,0,32.730761730000005,168,49.43000000000001,0,149.38887833000004
6817,55.8,32.24,12.24,67.72000000000001,4.711267,170.358694,168,12231-1-02,18 a 29,Mujeres,Quintil medio,Centro,Trabajadores rutinarios,Motorizados privados,122.47,0,122.47,47.888694,168,44.480000000000004,92.53000459999998,302.08716075999996
6819,56.61,30.08,9.98,71.33,3.224292,92.67769643578949,168,12233-1-02,60 o mas,Mujeres,Quintil alto,Norte,Cuidadores domesticos,Motorizados privados,65.94000000000001,155.78947368421052,-89.84947368421051,182.52717012,168,40.06,89.84947368421051,219.01461120421055
6820,71.93,32.8,5.89,57.379999999999995,3.796146,183.8681002878261,168,12234-1-01,30 a 44,Mujeres,Quintil bajo,Centro,Cuidadores domesticos,Motorizados privados,130.92000000000002,32.6086956521739,98.31130434782611,85.55679594,168,38.69,89.18868149217388,236.0615702321739
6821,31.5,56.59,5.41,74.5,3.940006,76.5388781521739,168,12234-1-02,30 a 44,Hombres,Quintil bajo,Centro,Rutina flexible,Motorizados privados,69.82,17.3913043478261,52.42869565217389,24.1101825,168,62,47.5713108478261,291.8516828478261
6822,82.1,21.88,8.03,55.99000000000001,5.330203,284.5397042,168,12235-1-02,30 a 44,Mujeres,Quintil alto,Norte,Trabajadores moviles,Motorizados privados,171.93,0,171.93,112.60970420000001,168,29.909999999999997,153.06996209999994,312.49633382999997
6830,52.39,25.45,11.67,78.49,4.616118,91.0784041,168,12256-1-01,30 a 44,Mujeres,Quintil bajo,Norte,Trabajadores rutinarios,Motorizados privados,161.74,137.5,24.24000000000001,66.83840409999999,168,37.12,150.76001792000002,322.11031808
6836,57.57,34.22,10.98,65.23,3.150909,130.91782001,168,12269-1-02,30 a 44,Hombres,Quintil bajo,Sur,Trabajadores rutinarios,Motorizados privados,74.52,0,74.52,56.397820010000004,168,45.2,50.48001111999997,192.90109791999998
6837,60.24,32.9,15.36,59.499999999999986,13.090954,356.47908479999995,168,12273-1-01,45 a 59,Hombres,Quintil alto,Centro,Trabajadores rutinarios,Motorizados privados,367.87999999999994,50,317.87999999999994,38.5990848,168,48.26,432.1199841600001,1063.8894242000001
6838,65.05,32.18,9.14,61.63000000000001,7.535063,311.72585975,168,12274-1-01,45 a 59,Hombres,Quintil medio,Centro,Cuidadores domesticos,Motorizados privados,221.57,0,221.57,90.15585975,168,41.32,178.4299884,489.77879156
6839,81.4,25.35,10.07,51.17999999999999,3.042045,191.86245300000002,168,12274-1-02,30 a 44,Mujeres,Quintil medio,Centro,Cuidadores domesticos,Motorizados privados,69.24,0,69.24,122.62245300000001,168,35.42,55.760009999999994,163.5092439
6846,48.9,30.95,17.75,70.39999999999999,3.001326,146.7648414,168,12280-1-01,18 a 29,Mujeres,Quintil bajo,Norte,Cuidadores domesticos,Motorizados privados,0,0,0,146.7648414,168,48.7,0,146.16457620000003
6847,59,37.39,12.82,58.79,4.39337,159.718834,168,12280-1-02,30 a 44,Hombres,Quintil bajo,Norte,Trabajadores moviles,Motorizados privados,125.50999999999999,0,125.50999999999999,34.208834,168,50.21,99.48999599999999,320.0811037000001
6851,75.85,15.69,13.66,62.80000000000001,3.061447,181.51077565000003,168,12290-1-02,30 a 44,Mujeres,Quintil alto,Centro,Cuidadores domesticos,Motorizados privados,49.3,0,49.3,132.21077565000002,168,29.35,50.69997929999994,140.55344874999992
6852,108.36,21.06,1.18,37.4,2.632592,91.570716403077,168,12291-1-01,60 o mas,Hombres,Quintil medio,Norte,Cuidadores domesticos,Motorizados privados,129.38,223.07692307692298,-93.69692307692299,185.26763947999999,168,22.24,193.696952716923,252.24579879692297
6858,41.48,36.49,7.28,82.75,3.165743,90.76501964,168,12300-1-02,60 o mas,Mujeres,Quintil bajo,Centro,Cuidadores domesticos,Motorizados privados,25.7,66.25,-40.55,131.31501964,168,43.77,40.55,179.11457110999999
6862,49.94,40.96,13.03,64.07,6.131626,174.42342036,168,12310-1-01,30 a 44,Hombres,Quintil bajo,Sur,Trabajadores rutinarios,Motorizados privados,168.21,0,168.21,6.21342036,168,53.99,131.78998208,462.83646982000005
6865,59.41,44.92,5.23,58.44,3.040745,66.238846512851,168,12315-1-01,60 o mas,Mujeres,Quintil alto,Centro,Cuidadores domesticos,Motorizados privados,100.52,214.931813937149,-114.411813937149,180.65066045,168,50.150000000000006,114.41181393714898,266.905175687149
6867,49.85,33.29,9.47,75.39000000000001,8.140891,184.92341785,168,12320-1-01,30 a 44,Mujeres,Quintil bajo,Norte,Trabajadores rutinarios,Motorizados privados,184.1,30,154.1,30.823417850000006,168,42.76,220.8999985,569.0044976599999
6871,51.23,31.04,17.07,68.660000000000025,3.12536,81.6721933,168,12331-1-03,30 a 44,Hombres,Quintil bajo,Norte,Trabajadores moviles,Motorizados privados,71.56,0,71.56,10.1121933,168.00000000000003,48.11,78.4399995,228.80106909999995
6876,57.47,38.54,8.96,63.03000000000001,2.835022,84.08872706,168,12342-1-02,18 a 29,Mujeres,Quintil bajo,Norte,Trabajadores rutinarios,Motorizados privados,46.160000000000004,0,46.160000000000004,37.92872706,168,47.5,78.83998728,213.50353228
6880,63.96,44.79,10.27,48.97999999999999,10.277342,385.49879408,168,12356-1-01,45 a 59,Hombres,Quintil alto,Sur,Jovenes trabajadores,Motorizados privados,385.65999999999997,57.5,328.15999999999997,57.33879408000001,168,55.06,271.84000024000005,837.7104507600002
6882,78.94,19.17,11.12,58.77,4.533549,249.07836672,168,12357-1-01,30 a 44,Hombres,Quintil medio,Sur,Trabajadores rutinarios,Motorizados privados,153.7,0,153.7,95.37836672,168,30.29,108.79999133999999,246.12119054999997
6884,58.32,51.43,4.49,53.760000000000005,2.724971,97.56029199999999,168,12359-1-02,18 a 29,Hombres,Quintil bajo,Sur,Jovenes trabajadores,Motorizados privados,63.63999999999999,0,63.63999999999999,33.920291999999996,168,55.92,61.36001672000002,213.74039504
6886,78.19,42.44,12.91,34.46000000000001,4.529736,242.87005780999996,168,12362-1-01,30 a 44,Hombres,Quintil bajo,Centro,Cuidadores domesticos,Motorizados privados,138.68999999999997,0,138.68999999999997,104.18005781,168,55.349999999999994,111.31000003,362.03088763000005
6888,52.9,24.62,9.2,81.27999999999999,7.559922,189.4298785,168,12364-1-01,45 a 59,Hombres,Quintil medio,Norte,Trabajadores rutinarios,Motorizados privados,164.51,0,164.51,24.919878500000003,168,33.82,210.4899953,466.16655734000017
6889,83.2,25.37,7.42,52.00999999999999,4.118505,263.41959280000003,168,12368-1-01,30 a 44,Mujeres,Quintil bajo,Norte,Cuidadores domesticos,Motorizados privados,120.76,0,120.76,142.6595928,168,32.79,79.2400232,214.28580215
6891,75.32,33.48,8.85,50.35000000000001,5.898065,260.6522916,168,12372-1-01,45 a 59,Mujeres,Quintil medio,Centro,Cuidadores domesticos,Motorizados privados,166.41,0,166.41,94.2422916,168,42.33,183.58996419999994,433.2550556499999
6893,62.05,24.84,11.21,69.9,3.13321,114.4750243968933,168,12376-1-01,45 a 59,Mujeres,Quintil alto,Centro,Cuidadores domesticos,Motorizados privados,92.7,60.1406799531067,32.559320046893305,81.91570435,168,36.05,79.9406561031067,192.89287660310666
6894,54.97,33.28,15.36,64.39,5.35943,108.07961333608402,168,12376-1-04,45 a 59,Hombres,Quintil alto,Centro,Trabajadores rutinarios,Motorizados privados,216.3,140.328253223916,75.97174677608402,32.107866560000005,168,48.64,186.52825376391593,447.21092896391593
6895,59.5,28.66,15.49,64.35000000000001,11.283204,372.51065750000004,168,12377-1-01,30 a 44,Hombres,Quintil alto,Sur,Trabajadores rutinarios,Motorizados privados,326.16,0,326.16,46.350657500000004,168,44.15,298.83998049999997,796.9934370999999
6905,15.12,69.65,10.65,72.57999999999998,3.096715,46.8223308,168,12391-1-02,30 a 44,Hombres,Quintil medio,Centro,Rutina flexible,Motorizados privados,0,0,0,46.8223308,168,80.30000000000001,-7.105427357601002e-15,248.66621450000005
6907,66.5,19.07,15.31,67.12,2.814285,152.189964,168,12396-1-01,30 a 44,Mujeres,Quintil bajo,Norte,Trabajadores rutinarios,Motorizados privados,90.04,0,90.04,62.149964000000004,168,34.38,34.95998849999998,131.71510679999997
6910,82.33,30.31,10.96,44.4,12.063169,456.95479534146335,168,12400-1-01,30 a 44,Hombres,Quintil alto,Norte,Cuidadores domesticos,Motorizados privados,424.15999999999997,85.3658536585366,338.7941463414634,118.16064899999999,168,41.269999999999996,536.2059084285368,1034.0528930585367
6919,56.4,21.68,12.85,77.07,2.854655,102.96255660000001,168,12415-1-01,45 a 59,Hombres,Quintil bajo,Centro,Trabajadores rutinarios,Motorizados privados,66.96000000000001,0,66.96000000000001,36.002556600000005,168,34.53,58.03998539999999,156.61122254999998
6922,54.95,33.06,9.72,70.27,10.052291,245.87340809999998,168,12423-1-01,45 a 59,Hombres,Quintil medio,Norte,Trabajadores rutinarios,Motorizados privados,193.49999999999997,0,193.49999999999997,52.3734081,168,42.78,306.4999823500001,736.5369913300001
6924,57.82,46.68,7.49,56.010000000000005,3.110798,37.87016829384601,168,12428-1-02,18 a 29,Hombres,Quintil medio,Sur,Jovenes trabajadores,Motorizados privados,111.85,103.846153846154,8.003846153845998,29.866322140000005,168,54.17,141.996172066154,310.50809972615394
6930,50.14,34.09,5.42,78.35,6.109285,166.66955996,168,12444-1-02,18 a 29,Mujeres,Quintil bajo,Norte,Trabajadores rutinarios,Motorizados privados,135.35,0,135.35,31.319559960000003,168,39.510000000000005,139.64998993999998,381.02784029
6932,64.6,25.7,12.92,64.78,3.916159,186.69386959999997,168,12448-1-01,45 a 59,Mujeres,Quintil medio,Sur,Trabajadores rutinarios,Motorizados privados,108.71,0,108.71,77.98386959999999,168,38.62,66.2900018,217.53206238
6933,47.98,32.72,12.95,74.35000000000001,5.768305,182.05327612,168,12448-1-02,60 o mas,Hombres,Quintil medio,Sur,Trabajadores rutinarios,Motorizados privados,155.29,0,155.29,26.763276120000004,168,45.67,94.70999777999995,358.1484871299999
6934,2.06,45.66,8.92,111.36,3.10858,6.4036748,168,12448-1-03,18 a 29,Hombres,Quintil medio,Sur,Rutina flexible,Motorizados privados,0,0,0,6.4036748,168,54.58,0,169.6662964
6935,58.42,27.57,14.66,67.35,3.266096,144.10536196,168,12451-1-01,30 a 44,Mujeres,Quintil bajo,Centro,Trabajadores rutinarios,Motorizados privados,103.30000000000001,0,103.30000000000001,40.80536196,168,42.230000000000004,46.69996635999999,184.62720044
6940,43.11,55.64,18.33,50.92,3.275923,165.43502642,168,12460-2-01,18 a 29,Mujeres,Quintil bajo,Sur,Rutina flexible,Motorizados privados,96.71000000000001,0,96.71000000000001,68.72502642,168,73.97,-24.209985890000013,218.11003842
6941,46.35,37.54,13.09,71.02000000000001,6.563774,173.27092969999998,168,12462-1-01,45 a 59,Hombres,Quintil bajo,Sur,Trabajadores rutinarios,Motorizados privados,169.04,0,169.04,4.2309297,168,50.629999999999995,130.95999520000007,463.28387281999994
6943,47.98,41.14,3.48,75.4,5.801957,130.96790144,168,12472-1-01,45 a 59,Hombres,Quintil bajo,Sur,Trabajadores rutinarios,Motorizados privados,102.58999999999999,0,102.58999999999999,28.377901440000002,168,44.62,147.40999541999997,406.2933167599999
6946,74.95,34.14,6.35,52.559999999999995,2.833668,204.14340785,168,12479-1-01,30 a 44,Mujeres,Quintil bajo,Sur,Cuidadores domesticos,Motorizados privados,116.75999999999999,0,116.75999999999999,87.38340785,168,40.49,8.240008750000015,122.97522606999999
6947,71.91,26.14,8.7,61.25,3.608238,197.68839519000002,168,12481-1-01,45 a 59,Mujeres,Quintil bajo,Sur,Cuidadores domesticos,Motorizados privados,100.72000000000001,0,100.72000000000001,96.96839519000001,168,34.84,61.77999938999997,187.49101131
6948,45.97,51.13,10.21,60.690000000000005,10.952041,238.02531045,168,12484-1-01,45 a 59,Hombres,Quintil medio,Norte,Jovenes trabajadores,Motorizados privados,234.56,0,234.56,3.4653104499999996,168,61.34,265.44001431999993,937.2382092599998
6950,74.79,25.72,6.85,60.63999999999999,4.372956,219.78340921,168,12486-1-02,45 a 59,Mujeres,Quintil bajo,Centro,Cuidadores domesticos,Motorizados privados,92.72999999999999,0,92.72999999999999,127.05340921,168,32.57,107.26997003000002,249.6971469500001
6953,43.59,25.07,10.84,88.5,3.081654,134.32929786,168,12493-1-01,60 o mas,Mujeres,Quintil medio,Norte,Cuidadores domesticos,Motorizados privados,0,0,0,134.32929786,168,35.91,0,110.66219514
6955,47.01,45.05,7.12,68.82000000000001,5.485836,141.47305593787397,168,12494-1-01,30 a 44,Hombres,Quintil bajo,Sur,Trabajadores moviles,Motorizados privados,115.07999999999998,31.496062992126,83.58393700787398,57.88911892999999,168,52.169999999999995,116.41609442212601,402.61215854212605
6957,65.33,37.88,7.56,57.22999999999999,2.853775,132.21711517999998,168,12496-1-01,45 a 59,Hombres,Quintil bajo,Sur,Cuidadores domesticos,Motorizados privados,50.779999999999994,0,50.779999999999994,81.43711517999999,168,45.440000000000005,54.22000557000004,183.89554157000006
6958,64.44,41.93,7.93,53.7,5.732318,214.51058367999997,168,12496-1-02,30 a 44,Mujeres,Quintil bajo,Sur,Jovenes trabajadores,Motorizados privados,145.11999999999998,0,145.11999999999998,69.39058368,168,49.86,154.87998824000005,440.6933637200001
6964,7.71,45.32,3.35,111.62,3.150038,24.286792979999998,168,12504-1-01,18 a 29,Hombres,Quintil bajo,Norte,Rutina flexible,Motorizados privados,0,0,0,24.286792979999998,168,48.67,0,153.31234945999998
6965,72.41,36.29,11.07,48.230000000000004,3.061713,152.18866605,168,12508-1-01,45 a 59,Hombres,Quintil bajo,Norte,Trabajadores moviles,Motorizados privados,80.49,0,80.49,71.69866604999999,168,47.36,69.50997228,214.51269996000002
6969,47.81,35.56,18.75,65.88,2.903465,87.70467373999999,168,12515-1-02,18 a 29,Hombres,Quintil bajo,Norte,Trabajadores rutinarios,Motorizados privados,63.88999999999999,0,63.88999999999999,23.81467374,168,54.31,51.109987910000015,208.79717206000004
6971,51.55,26.36,5.74,84.35000000000001,1.86142,2.929013874110698,168,12523-1-02,60 o mas,Hombres,Quintil bajo,Centro,Trabajadores rutinarios,Motorizados privados,43.04,61.0671936758893,-18.0271936758893,20.95620755,168,32.1,93.0271871258893,152.77876912588928
6975,57.99,62.26,12.21,35.53999999999999,2.918511,46.844202775834,168,12531-1-01,30 a 44,Mujeres,Quintil bajo,Sur,Jovenes trabajadores,Motorizados privados,116.2,108.600223964166,7.599776035833997,39.24442674,168,74.47,122.40025011416603,339.74176428416604
6976,65.39,32.56,8.29,61.76,8.623368,226.02200504000004,168,12533-1-01,30 a 44,Mujeres,Quintil medio,Sur,Trabajadores moviles,Motorizados privados,312.14000000000004,150,162.14000000000004,63.88200504,168,40.85,337.86002847999987,690.12461128
6978,73.44,24.81,5.31,64.44,3.314891,133.06560639999998,168,12537-1-01,45 a 59,Hombres,Quintil medio,Centro,Trabajadores rutinarios,Motorizados privados,89.61999999999999,0,89.61999999999999,43.445606399999996,168,30.119999999999997,110.37998864,210.22450556
6981,76.03,38.99,7.7,45.279999999999994,3.520454,185.66013151,168,12541-1-02,45 a 59,Mujeres,Quintil medio,Sur,Cuidadores domesticos,Motorizados privados,93,0,93,92.66013151000001,168,46.690000000000005,81.99998610999998,246.36998336999997
6984,78.71,26.75,8.8,53.74000000000001,3.899926,175.8931563,168,12550-1-01,45 a 59,Mujeres,Quintil medio,Centro,Trabajadores moviles,Motorizados privados,118.92999999999999,0,118.92999999999999,56.9631563,168,35.55,131.07001915999996,269.71238845999994
6995,74.69,27.93,13.77,51.61,6.145905,206.96767738,168,12570-1-01,45 a 59,Mujeres,Quintil medio,Sur,Cuidadores domesticos,Motorizados privados,272.93,175,97.93,109.03767737999999,168,41.7,252.06996706999996,508.35420557000003
7002,41.94,40.28,11.4,74.38,1.852984,62.476387417959195,168,12582-1-02,30 a 44,Mujeres,Quintil bajo,Centro,Trabajadores rutinarios,Motorizados privados,29.15,19.3877551020408,9.7622448979592,52.714142519999996,168,51.68,15.237761542040793,110.99997466204081
7003,30.73,63.58,10.13,63.56000000000001,1.484622,30.384667587959196,168,12582-1-03,18 a 29,Mujeres,Quintil bajo,Centro,Rutina flexible,Motorizados privados,29.15,19.3877551020408,9.7622448979592,20.622422689999997,168,73.71,15.237766472040807,124.6692540920408
7004,84.77,33.52,4.75,44.96,7.602254,343.8259566228571,168,12583-1-01,30 a 44,Hombres,Quintil alto,Norte,Trabajadores moviles,Motorizados privados,268.24,18.8571428571429,249.38285714285712,94.44309948,168,38.27,300.6171149571429,591.5553755371428
7006,60.73,44.85,8,54.42000000000001,7.444793,143.91229826999998,168,12585-1-01,45 a 59,Mujeres,Quintil medio,Norte,Jovenes trabajadores,Motorizados privados,246.79,155,91.78999999999999,52.122298269999995,168,52.85,308.20998062,701.6672906699999
7008,56.53,28.61,11.47,71.39,2.736742,111.5580242,168,12590-1-01,30 a 44,Mujeres,Quintil medio,Sur,Trabajadores rutinarios,Motorizados privados,61.85,0,61.85,49.708024200000004,168,40.08,43.150001059999994,152.83862042
7009,46.75,45.46,10.6,65.19,9.030606,257.810851,168,12590-1-02,30 a 44,Hombres,Quintil medio,Sur,Trabajadores rutinarios,Motorizados privados,235.63,0,235.63,22.180851,168,56.06,164.3699795,670.62575186
7014,63,23.5,6.56,74.94,2.97875,187.66125,168,12598-1-01,30 a 44,Mujeres,Quintil bajo,Sur,Cuidadores domesticos,Motorizados privados,0,0,0,187.66125,168,30.06,0,89.541225
7023,55.3,20.96,15.52,76.22000000000001,3.065333,109.13290810000001,168,12613-1-01,45 a 59,Hombres,Quintil bajo,Centro,Trabajadores rutinarios,Motorizados privados,89.62,0,89.62,19.512908100000004,168,36.480000000000004,60.38000679999996,172.20335463999993
7024,44.61,44.64,8.2,70.55,3.100393,138.30853173,168,12613-1-02,45 a 59,Mujeres,Quintil bajo,Centro,Cuidadores domesticos,Motorizados privados,0,0,0,138.30853173,168,52.84,0,163.82476612000002
7026,82.08,32.39,7.43,46.1,2.688908,153.72561136,168,12618-1-01,45 a 59,Mujeres,Quintil medio,Norte,Cuidadores domesticos,Motorizados privados,58.019999999999996,0,58.019999999999996,95.70561135999999,168,39.82,66.97995728000001,174.05227384000003
7033,78.72,31.09,4.92,53.269999999999996,9.247929,188.12787353090897,168,12634-1-01,45 a 59,Mujeres,Quintil alto,Centro,Cuidadores domesticos,Motorizados privados,301.03999999999996,215.909090909091,85.13090909090897,102.99696444,168,36.01,539.8690973490909,872.8870206390909
7034,66.8,35.51,5.3,60.39,2.923372,127.13127599999999,168,12636-1-01,45 a 59,Mujeres,Quintil alto,Sur,Cuidadores domesticos,Motorizados privados,46.85,0,46.85,80.28127599999999,168,40.809999999999995,68.14997360000001,187.45278492000003
7036,72.98,28.4,7.1,59.52,2.416294,121.84117816,168,12639-1-01,30 a 44,Hombres,Quintil bajo,Norte,Trabajadores moviles,Motorizados privados,45.50000000000001,0,45.50000000000001,76.34117816,168,35.5,54.49995796000002,140.27839495999999
7037,85.48,30.48,5.71,46.32999999999999,3.320542,206.87995388000002,168,12640-1-02,30 a 44,Mujeres,Quintil bajo,Centro,Cuidadores domesticos,Motorizados privados,73.03999999999999,0,73.03999999999999,133.83995388000002,168,36.19,76.95997627999998,197.13039126000007
7039,36.29,49.33,12.8,69.58000000000001,3.068295,111.34842555,168,12643-1-02,60 o mas,Mujeres,Quintil alto,Sur,Rutina flexible,Motorizados privados,0,0,0,111.34842555,168,62.129999999999995,0,190.63316834999995
7044,56.05,40.08,7.91,63.96000000000001,3.535131,142.7325623984848,168,12658-1-01,30 a 44,Hombres,Quintil bajo,Centro,Trabajadores rutinarios,Motorizados privados,109.73999999999998,15.1515151515152,94.58848484848478,48.14407754999999,168,47.989999999999995,55.411530151515194,225.06246684151517
7051,72.94,31.49,7.52,56.05000000000001,4.501754,215.03796346000001,168,12667-1-01,45 a 59,Hombres,Quintil alto,Centro,Trabajadores moviles,Motorizados privados,136.68,0,136.68,78.35796346000001,168,39.01,113.31997329999996,288.93339683999994
7058,56.76,34.29,11.18,65.77000000000001,5.395575,186.65287332000003,168,12681-1-02,30 a 44,Mujeres,Quintil alto,Norte,Cuidadores domesticos,Motorizados privados,80.4,0,80.4,106.25287332000002,168,45.47,119.59996367999997,364.9367589299999
7062,51.61,53.16,4.23,59,2.728352,84.32023164,168,12684-1-01,18 a 29,Mujeres,Quintil bajo,Centro,Jovenes trabajadores,Motorizados privados,73.51,0,73.51,10.81023164,168,57.39,56.490015080000006,213.07013636000002
7065,76.87,26.41,8.79,55.93,3.281006,122.38092926000002,168,12686-1-01,60 o mas,Hombres,Quintil bajo,Norte,Trabajadores rutinarios,Motorizados privados,70.17,0,70.17,52.21092926000001,168,35.2,129.83000196,245.32141315999996
7070,41.44,42.03,13.15,71.38,13.979173,249.87691968000001,168,12696-1-01,60 o mas,Hombres,Quintil medio,Sur,Trabajadores rutinarios,Motorizados privados,245.58,0,245.58,4.29691968,168,55.18,329.42000943999994,1100.7907755800002
7072,59.28,48.52,7.84,52.36,9.480904,376.32796304,168,12701-1-01,45 a 59,Hombres,Quintil alto,Centro,Trabajadores moviles,Motorizados privados,314.3,0,314.3,62.02796304,168,56.36,185.70002608000004,720.04377552
7073,56.7,39.37,11.11,60.82000000000001,4.512796,190.87552820000002,168,12701-1-02,30 a 44,Mujeres,Quintil alto,Centro,Rutina flexible,Motorizados privados,110,0,110,80.8755282,168,50.48,65.00000499999999,292.80594707999995
7086,59.39,49.02,9.38,50.209999999999994,3.109298,117.72122791999999,168,12731-1-01,30 a 44,Hombres,Quintil bajo,Sur,Jovenes trabajadores,Motorizados privados,83.05999999999999,0,83.05999999999999,34.66122792,168,58.400000000000006,66.9399803,248.5229835
7087,62.68,27.44,9.46,68.41999999999999,6.009351,283.53608851999996,168,12733-1-01,30 a 44,Hombres,Quintil bajo,Sur,Trabajadores moviles,Motorizados privados,206.86999999999998,0,206.86999999999998,76.66608852,168,36.900000000000006,93.13003215999998,314.8750840600001
7088,23.9,30.02,7.24,106.84,3.120179,74.57227809999999,168,12733-1-02,30 a 44,Mujeres,Quintil bajo,Sur,Cuidadores domesticos,Motorizados privados,0,0,0,74.57227809999999,168,37.26,0,116.25786953999999
7090,55.59,38.32,9.37,64.72,2.106677,74.8101738,168,12737-1-01,30 a 44,Mujeres,Quintil alto,Norte,Trabajadores rutinarios,Motorizados privados,27.7,0,27.7,47.1101738,168,47.69,42.30000063,142.76742675999998
7097,65.54,26.54,10.44,65.47999999999999,7.064105,318.02144676,168,12756-1-02,30 a 44,Hombres,Quintil medio,Sur,Cuidadores domesticos,Motorizados privados,205.04,0,205.04,112.98144676,168,36.98,144.95999494,406.19059784
7098,61.98,52.23,10.64,43.15000000000001,3.092643,191.68201314,168,12757-1-02,30 a 44,Mujeres,Quintil medio,Centro,Cuidadores domesticos,Motorizados privados,0,0,0,191.68201314,168,62.87,-2.842170943040401e-14,194.43446540999994
7100,49.78,26.73,10.19,81.3,2.830876,67.46102048,168,12758-1-01,45 a 59,Hombres,Quintil bajo,Centro,Trabajadores rutinarios,Motorizados privados,61.540000000000006,0,61.540000000000006,5.92102048,168,36.92,73.4599868,177.97592872
7101,48.54,35.54,7.03,76.89000000000001,2.814174,63.14002000000001,168,12758-1-03,18 a 29,Hombres,Quintil bajo,Centro,Trabajadores rutinarios,Motorizados privados,61.540000000000006,0,61.540000000000006,1.6000200000000002,168,42.57,73.45998596,193.25937313999998
7108,77.9,13.57,11.21,65.32,10.928036,499.8639797000001,168,12766-1-01,30 a 44,Mujeres,Quintil alto,Centro,Trabajadores moviles,Motorizados privados,398.57000000000005,0,398.57000000000005,101.29397970000002,168,24.78,351.4300247,622.22675678
7111,62.82,41.19,8.78,55.21000000000001,4.02222,201.9124076591304,168,12769-1-01,30 a 44,Mujeres,Quintil bajo,Sur,Cuidadores domesticos,Motorizados privados,82.27999999999999,13.0434782608696,69.23652173913038,132.67588592,168,49.97,50.76345274086961,251.75378614086958
7112,37.56,63.42,6.57,60.449999999999996,3.045057,114.37234092,168,12770-1-01,45 a 59,Mujeres,Quintil alto,Norte,Rutina flexible,Motorizados privados,0,0,0,114.37234092,168,69.99000000000001,0,213.12353943000005
7113,22.16,53.65,7.59,84.6,3.135245,69.47702919999999,168,12770-1-04,18 a 29,Hombres,Quintil alto,Norte,Rutina flexible,Motorizados privados,0,0,0,69.47702919999999,168,61.239999999999995,0,192.00240380000002
7114,68.9,38.96,5.06,55.07999999999999,2.839479,132.6501306,168,12771-1-02,30 a 44,Mujeres,Quintil medio,Centro,Cuidadores domesticos,Motorizados privados,62.010000000000005,0,62.010000000000005,70.64013059999999,168,44.02,62.98997249999999,187.98383808
7115,30.11,25.21,15.92,96.75999999999998,3.03037,13.170579127503501,168,12772-1-01,60 o mas,Hombres,Quintil bajo,Norte,Rutina flexible,Motorizados privados,53.93000000000001,125.7538569424965,-71.82385694249649,84.99443606999999,167.99999999999997,41.13,78.0738615724965,202.71297967249654
7117,67.76,57.97,14.81,27.459999999999994,3.182172,121.37932889851331,168,12772-1-03,60 o mas,Mujeres,Quintil bajo,Norte,Cuidadores domesticos,Motorizados privados,65.12,84.3646563814867,-19.244656381486692,140.62398528,168,72.78,94.2446458214867,325.84312398148677
7118,25.4,50.82,11.34,80.44,3.169875,80.514825,168,12776-1-02,45 a 59,Mujeres,Quintil bajo,Centro,Rutina flexible,Motorizados privados,0,0,0,80.514825,168,62.16,0,197.03943
7119,66.26,24.38,11.52,65.84,2.241297,71.66834518,168,12777-1-01,45 a 59,Hombres,Quintil bajo,Centro,Trabajadores rutinarios,Motorizados privados,60.660000000000004,0,60.660000000000004,11.00834518,168,35.9,76.83999404000001,157.30255633999997
7126,17.28,49.83,8.22,92.67,3.09922,7.994521599999985,168,12786-1-02,60 o mas,Mujeres,Quintil bajo,Centro,Rutina flexible,Motorizados privados,29.439999999999994,75,-45.56,53.55452159999999,168,58.05,45.56000000000002,225.469721
7127,43.41,45.48,10.18,68.93,17.513181,314.32718981,168,12788-1-01,30 a 44,Hombres,Quintil alto,Norte,Trabajadores rutinarios,Motorizados privados,304.08,0,304.08,10.24718981,168,55.66,445.9199973999999,1420.7036518599998
7143,51.84,54.36,16.84,44.959999999999994,5.777634,122.96812256966612,168,12812-1-02,30 a 44,Hombres,Quintil medio,Centro,Jovenes trabajadores,Motorizados privados,172.76000000000002,86.8044515103339,85.95554848966611,37.01257408,168,71.2,176.5444239903339,587.911964790334
7145,87.92,28.21,21.15,30.72,3.035665,153.7510585353846,168,12816-1-03,60 o mas,Mujeres,Quintil alto,Centro,Cuidadores domesticos,Motorizados privados,77.24,102.8846153846154,-25.644615384615406,179.39567392,168,49.36,113.14460826461541,262.98503266461535
7146,48.77,39.97,8.31,70.94999999999999,9.469356,262.15052364999997,168,12818-1-01,30 a 44,Mujeres,Quintil bajo,Centro,Rutina flexible,Motorizados privados,175.32999999999998,0,175.32999999999998,86.82052365,168,48.28,199.66996847000001,656.8504761500001
7147,61,21.72,15.65,69.63,3.32013,26.026919072165015,168,12819-1-01,60 o mas,Hombres,Quintil medio,Sur,Trabajadores rutinarios,Motorizados privados,130.20000000000002,181.701030927835,-51.50103092783499,77.52795,168,37.37,176.50101092783498,300.574269027835
7149,62.79,36.34,15.82,53.050000000000004,3.665569,124.80004174183668,168,12822-1-02,60 o mas,Mujeres,Quintil alto,Norte,Cuidadores domesticos,Motorizados privados,57.19,42.5510204081633,14.638979591836694,110.16106214999999,168,52.160000000000004,105.36103576816333,296.5571148081633
7153,38.69,49.09,7.88,72.34,3.041442,117.67339098,168,12833-1-02,30 a 44,Hombres,Quintil bajo,Norte,Cuidadores domesticos,Motorizados privados,0,0,0,117.67339098,168,56.970000000000006,0,173.27095074000002
7154,49.62,52.67,14.55,51.16,2.298794,65.36617674,168,12835-1-01,45 a 59,Mujeres,Quintil bajo,Sur,Jovenes trabajadores,Motorizados privados,51.3,0,51.3,14.066176740000001,168,67.22,48.699981539999996,203.22491422000002
7155,49.01,56,11.14,51.85000000000001,2.297737,63.9120916,168,12835-1-02,45 a 59,Hombres,Quintil bajo,Sur,Trabajadores moviles,Motorizados privados,51.3,0,51.3,12.6120916,168,67.14,48.69999877000001,202.97006095
7156,49.91,19.65,11.71,86.72999999999999,3.18234,158.83058939999998,168,12837-1-02,45 a 59,Hombres,Quintil medio,Sur,Cuidadores domesticos,Motorizados privados,0,0,0,158.83058939999998,168,31.36,0,99.79818240000006
7159,48.06,58.57,10.04,51.33,3.166946,63.103424759999996,168,12847-1-02,60 o mas,Mujeres,Quintil medio,Centro,Cuidadores domesticos,Motorizados privados,65.4,154.5,-89.1,152.20342476,168,68.61,89.1,306.38416506
7160,9.28,77.04,9.79,71.88999999999999,3.037278,28.18593984,168,12848-1-05,18 a 29,Hombres,Quintil alto,Centro,Rutina flexible,Motorizados privados,0,0,0,28.18593984,168,86.83000000000001,0,263.72684874000004
7164,63.25,41.88,5.04,57.83,3.288712,123.36101725,168,12851-1-03,18 a 29,Hombres,Quintil alto,Centro,Jovenes trabajadores,Motorizados privados,77.85000000000001,0,77.85000000000001,45.511017249999995,168,46.92,84.65001674999999,238.95638379
7165,52.7,37.77,7.97,69.56,2.367323,67.44790130000001,168,12851-1-04,45 a 59,Hombres,Quintil alto,Centro,Trabajadores moviles,Motorizados privados,52.690000000000005,0,52.690000000000005,14.7579013,168,45.74,57.31002079999999,165.59137481999997
7169,59.19,42.3,11.21,55.300000000000004,6.465964,164.09740010696999,168,12856-1-02,18 a 29,Mujeres,Quintil medio,Sur,Jovenes trabajadores,Motorizados privados,249.17999999999998,142.80303030303,106.37696969696998,57.720430410000006,168,53.51,218.62300905303,564.6167426930299
7173,55.25,32.04,9.92,70.79,2.880349,129.5492855,168,12862-1-01,30 a 44,Hombres,Quintil bajo,Centro,Trabajadores rutinarios,Motorizados privados,95.41000000000001,0,95.41000000000001,34.1392855,168,41.96,29.589996749999983,150.44944078999998
7175,48.02,53.42,3.9,62.65999999999999,2.901299,32.750403799999994,168,12863-1-01,18 a 29,Mujeres,Quintil bajo,Sur,Jovenes trabajadores,Motorizados privados,95.92999999999999,90,5.929999999999993,26.8204038,168,57.32,106.56997418,272.87243286
7176,72.64,23.68,10.88,60.800000000000004,3.249697,169.31799683999998,168,12867-1-01,30 a 44,Hombres,Quintil bajo,Sur,Trabajadores rutinarios,Motorizados privados,83.25999999999999,0,83.25999999999999,86.05799684,168,34.56,66.73999324000002,179.04952155999996
7177,50.23,52.91,9.12,55.740000000000016,2.308435,75.00267675,168,12868-1-02,30 a 44,Hombres,Quintil bajo,Sur,Jovenes trabajadores,Motorizados privados,59.050000000000004,0,59.050000000000004,15.952676750000002,168,62.029999999999994,40.95001329999998,184.14223634999993
7181,51.34,28.21,14.76,73.68999999999998,4.784481,140.30526082,168,12874-1-01,45 a 59,Hombres,Quintil bajo,Sur,Trabajadores rutinarios,Motorizados privados,119.66999999999999,0,119.66999999999999,20.63526082,168,42.97,105.32999372000003,310.91914229000014
7182,38.79,35.36,15.82,78.03,3.020535,117.16655265,168,12877-1-02,30 a 44,Mujeres,Quintil bajo,Centro,Rutina flexible,Motorizados privados,0,0,0,117.16655265,168,51.18,0,154.59098130000004
7185,61.88,28.46,6.69,70.97,2.990201,185.03363788000001,168,12885-1-01,30 a 44,Mujeres,Quintil bajo,Centro,Cuidadores domesticos,Motorizados privados,0,0,0,185.03363788000001,168,35.15,0,105.10556514999996
7196,59.1,37.69,11.61,59.60000000000001,4.1517,156.785481,168,12919-1-01,60 o mas,Hombres,Quintil bajo,Centro,Trabajadores rutinarios,Motorizados privados,111.42,0,111.42,45.365481,168,49.3,88.57998900000001,293.25879899999995
7203,76.52,26.26,7.87,57.35,3.556311,171.97888984000002,168,12929-1-02,45 a 59,Mujeres,Quintil alto,Centro,Cuidadores domesticos,Motorizados privados,59.85,0,59.85,112.12888984000001,168,34.13,100.15002787999998,221.52692230999997
7208,75.71,28.12,10.4,53.77,2.110223,37.608507675607996,168,12940-1-01,30 a 44,Mujeres,Quintil medio,Centro,Trabajadores rutinarios,Motorizados privados,69.36,81.516452074392,-12.156452074392007,49.76495975,168,38.52,122.15647565439198,203.44226561439197
7212,51.21,54.21,9.26,53.31999999999999,6.225516,183.26864928,168,12951-1-01,30 a 44,Mujeres,Quintil bajo,Sur,Jovenes trabajadores,Motorizados privados,164.46,0,164.46,18.80864928,168,63.47,135.54002508,530.6735256000001
7219,24.62,37.38,13.34,92.66,2.971829,73.16642998,168,12959-1-02,18 a 29,Mujeres,Quintil bajo,Sur,Rutina flexible,Motorizados privados,0,0,0,73.16642998,168,50.72,0,150.73116688000002
7220,55.15,38.05,13.81,60.989999999999995,3.050733,84.79795324999999,168,12963-1-01,45 a 59,Hombres,Quintil bajo,Norte,Trabajadores rutinarios,Motorizados privados,54.05,0,54.05,30.74795325,168,51.86,83.4499717,241.66098508000005
7221,81.72,16.76,13.12,56.4,2.242511,171.69796704,168,12964-1-01,30 a 44,Mujeres,Quintil bajo,Centro,Trabajadores moviles,Motorizados privados,103.44000000000001,0,103.44000000000001,68.25796704,168,29.880000000000003,11.560031879999968,78.56626055999996
7224,22.44,47.4,12.27,85.89,3.015366,43.1202644769668,168,12968-1-03,18 a 29,Hombres,Quintil medio,Sur,Rutina flexible,Motorizados privados,35.1,14.6445497630332,20.4554502369668,22.664814240000002,168,59.67,24.54454856303321,204.4714377830332
7226,58.48,23.01,6.99,79.52000000000001,8.410836,280.52568524000003,168,12970-1-01,30 a 44,Mujeres,Quintil medio,Sur,Trabajadores rutinarios,Motorizados privados,238.66000000000003,0,238.66000000000003,41.865685240000005,168,30,211.34000403999994,463.6650840399999
7227,94.52,13.94,9.13,50.410000000000004,3.558831,244.01067712,168,12971-1-03,45 a 59,Mujeres,Quintil bajo,Centro,Trabajadores moviles,Motorizados privados,112.63,0,112.63,131.38067712,168,23.07,92.37002900000002,174.47226017
7230,77.34,8.3,5.47,76.89,3.016023,233.25921882000003,168,12975-1-02,18 a 29,Mujeres,Quintil bajo,Centro,Cuidadores domesticos,Motorizados privados,0,0,0,233.25921882000003,168,13.77,0,41.53063670999998
7243,57.45,13.12,19.01,78.41999999999999,3.128963,179.75892435,168,13008-1-02,45 a 59,Mujeres,Quintil bajo,Centro,Cuidadores domesticos,Motorizados privados,0,0,0,179.75892435,168,32.13,2.842170943040401e-14,100.53358119000004
7246,7.69,56.7,10.53,93.08,3.080485,23.68892965,168,13011-1-04,18 a 29,Hombres,Quintil bajo,Norte,Rutina flexible,Motorizados privados,0,0,0,23.68892965,168,67.23,3.552713678800501e-15,207.10100655
7252,27.44,49.84,10.67,80.05,3.349781,91.91799064000001,168,13023-1-01,60 o mas,Hombres,Quintil bajo,Norte,Rutina flexible,Motorizados privados,0,0,0,91.91799064000001,168,60.510000000000005,0,202.69524831
7255,64.16,32.69,11.97,59.18000000000001,3.183057,96.27666125793095,168,13028-1-01,60 o mas,Hombres,Quintil alto,Centro,Cuidadores domesticos,Motorizados privados,95.5,203.448275862069,-107.94827586206901,204.22493711999996,168,44.66,107.94827586206901,250.10360148206902
7258,56.5,28.14,12.22,71.14,2.575703,119.527203,168,13034-1-01,30 a 44,Mujeres,Quintil bajo,Norte,Trabajadores rutinarios,Motorizados privados,84,0,84,35.527203,168,40.36,26.0000165,129.95538957999997
7260,20.3,26.05,9.71,111.94,3.010975,0.7495992226890991,168,13038-1-01,60 o mas,Mujeres,Quintil bajo,Centro,Cuidadores domesticos,Motorizados privados,47.61,107.9831932773109,-60.373193277310904,61.1227925,168,35.760000000000005,60.373193277310904,168.0456592773109
7266,71.25,27.11,9.09,60.55,4.618902,201.9967625,168,13051-1-02,45 a 59,Mujeres,Quintil medio,Norte,Trabajadores rutinarios,Motorizados privados,122.9,0,122.9,79.0967625,168,36.2,127.10000500000001,294.30425740000004
7272,17.42,55.67,27.04,67.86999999999998,3.353342,58.41521764000001,168,13067-1-01,60 o mas,Hombres,Quintil bajo,Norte,Rutina flexible,Motorizados privados,0,0,0,58.41521764000001,167.99999999999997,82.71000000000001,0,277.3549168200001
7273,73.25,42.02,3.87,48.86,2.764029,134.48339136403513,168,13069-1-02,18 a 29,Mujeres,Quintil bajo,Norte,Cuidadores domesticos,Motorizados privados,87.72000000000001,30.7017543859649,57.01824561403511,77.46514575,168,45.89,67.98173288596487,194.82302369596488
7276,78.5,23.41,8.3,57.790000000000006,4.98491,268.2154115,168,13075-1-01,30 a 44,Mujeres,Quintil medio,Centro,Cuidadores domesticos,Motorizados privados,119.4,0,119.4,148.8154115,168,31.71,123.10002350000002,281.17151959999995
7285,56.92,52.15,7.79,51.14,3.937382,136.69577788,168,13087-1-01,45 a 59,Hombres,Quintil bajo,Sur,Jovenes trabajadores,Motorizados privados,112.58,0,112.58,24.11577788,168,59.94,87.42000555999999,323.42668263999997
7287,69.94,31.12,5.85,61.089999999999996,2.66732,75.92853612356163,168,13088-1-01,60 o mas,Mujeres,Quintil medio,Centro,Cuidadores domesticos,Motorizados privados,86.02000000000001,84.1438356164384,1.8761643835616155,74.05237174000001,168,36.97,110.62382467643837,209.23464507643837
7288,48.36,32.86,12.05,74.73,2.534498,11.944498463561615,168,13088-1-02,60 o mas,Hombres,Quintil medio,Centro,Trabajadores rutinarios,Motorizados privados,86.02000000000001,84.1438356164384,1.8761643835616155,10.06833408,168,44.91,110.62382481643839,224.44812999643838
7292,56.68,27.1,10.54,73.68,3.727921,138.73855504,168,13095-1-01,30 a 44,Hombres,Quintil medio,Norte,Trabajadores rutinarios,Motorizados privados,102.44,0,102.44,36.298555040000004,168,37.64,72.56000724,212.87895367999994
7294,12.86,44.48,7.62,103.03999999999999,3.154711,40.56958346,168,13099-1-02,18 a 29,Mujeres,Quintil medio,Norte,Rutina flexible,Motorizados privados,0,0,0,40.56958346,168,52.099999999999994,0,164.36044310000003
7300,62.8,37.99,7.12,60.09000000000001,24.988916,450.11390600000004,168,13115-1-01,30 a 44,Hombres,Quintil alto,Centro,Trabajadores moviles,Motorizados privados,570.8100000000001,190,380.81000000000006,69.30390600000001,168,45.11,1119.1900188,2246.4400195599997
7305,53.75,45.94,9.52,58.790000000000006,2.852919,11.8928905660377,168,13120-1-01,60 o mas,Hombres,Quintil alto,Centro,Trabajadores moviles,Motorizados privados,106.19,122.6415094339623,-16.4515094339623,28.3444,168,55.459999999999994,141.4515056839623,299.6743934239623
7307,62.15,24.98,12.92,67.94999999999999,2.535149,75.78949030000001,168,13124-1-02,45 a 59,Hombres,Quintil bajo,Norte,Trabajadores rutinarios,Motorizados privados,68.23,0,68.23,7.5594903,168,37.9,81.77002005,177.85216715
7309,3.5,43.19,11.94,109.37,2.831501,9.9102535,168,13124-1-05,18 a 29,Hombres,Quintil bajo,Norte,Rutina flexible,Motorizados privados,0,0,0,9.9102535,168,55.129999999999995,0,156.10065012999996
7311,54,53.32,3.05,57.63,8.758087,242.74669600000001,168,13130-1-02,30 a 44,Hombres,Quintil alto,Centro,Rutina flexible,Motorizados privados,169.81,0,169.81,72.93669600000001,168,56.37,230.19000199999996,723.88336619
7316,41.21,35.16,9.7,81.92999999999999,10.411869,140.06875149564098,168,13139-1-01,18 a 29,Hombres,Quintil medio,Centro,Trabajadores rutinarios,Motorizados privados,244.97,108.974358974359,135.995641025641,4.0731104700000005,168,44.86,289.004369994359,756.080813334359
7317,55.8,43.36,5.12,63.720000000000006,12.461374,291.0931836,168,13143-1-01,45 a 59,Hombres,Quintil medio,Norte,Jovenes trabajadores,Motorizados privados,237.54,0,237.54,53.5531836,168,48.48,404.2514855999999,1008.3788971199999
7319,92.94,14.03,6.46,54.57,2.170942,107.67733446,168,13149-1-01,45 a 59,Hombres,Quintil medio,Norte,Trabajadores moviles,Motorizados privados,80.91,0,80.91,26.767334459999997,168,20.49,94.09001502000001,138.57261660000003
7323,50.7,46.92,12.76,57.62,12.657508,285.15567880000003,168,13154-1-01,45 a 59,Hombres,Quintil medio,Sur,Jovenes trabajadores,Motorizados privados,268.42,0,268.42,16.735678800000002,168,59.68,356.57997680000005,1111.9800542399998
7325,15.41,44.82,15.57,92.20000000000002,3.089139,47.60363199,168,13157-1-04,18 a 29,Hombres,Quintil alto,Norte,Rutina flexible,Motorizados privados,0,0,0,47.60363199,168.00000000000003,60.39,0,186.55310420999993
7331,54.26,29.06,11.22,73.46000000000001,3.567326,75.95253550470588,168,13167-1-01,45 a 59,Hombres,Quintil bajo,Norte,Trabajadores rutinarios,Motorizados privados,121.35999999999999,76.4705882352941,44.88941176470588,31.063123739999998,168,40.28,117.61057325529413,261.3024645352941
7332,82.61,15.24,9.71,60.440000000000005,8.398558,372.19485276,168,13168-1-01,45 a 59,Mujeres,Quintil medio,Centro,Trabajadores rutinarios,Motorizados privados,303.39,0,303.39,68.80485276,168,24.950000000000003,321.61002362,531.15404572
7336,65.76,34.02,8.17,60.05,2.517441,124.49690096000002,168,13182-1-01,45 a 59,Mujeres,Quintil bajo,Norte,Cuidadores domesticos,Motorizados privados,46.45,0,46.45,78.04690096000002,168,42.190000000000005,41.050019199999994,147.26085498999998
7337,51.73,48.83,7.44,60.000000000000014,5.853569,179.9051503,168,13187-1-01,45 a 59,Mujeres,Quintil alto,Sur,Jovenes trabajadores,Motorizados privados,159.6,0,159.6,20.3051503,168,56.269999999999996,122.89997406999998,452.28030169999994
7338,55.06,51.91,6.52,54.510000000000005,3.203145,108.94514143999999,168,13187-1-03,18 a 29,Hombres,Quintil alto,Sur,Jovenes trabajadores,Motorizados privados,87.57999999999998,0,87.57999999999998,21.36514144,168,58.42999999999999,67.42002226000002,254.57978461
7341,29.9,43.73,7.84,86.53,3.02897,90.56620300000002,168,13197-1-02,45 a 59,Mujeres,Quintil medio,Centro,Rutina flexible,Motorizados privados,0,0,0,90.56620300000002,168,51.56999999999999,-1.4210854715202004e-14,156.20398289999997
7346,56.19,42.57,12.14,57.10000000000001,3.113,101.77948506999999,168,13202-1-01,45 a 59,Mujeres,Quintil bajo,Sur,Jovenes trabajadores,Motorizados privados,51.85999999999999,0,51.85999999999999,49.91948507,168,54.71,73.13998493,243.45221493
7349,52.45,38.41,25.36,51.78,6.177658,152.5181891,168,13207-1-01,45 a 59,Hombres,Quintil medio,Centro,Trabajadores rutinarios,Motorizados privados,128.5,0,128.5,24.0181891,168,63.769999999999996,171.49997300000004,565.44922366
7351,27.06,13.78,20.35,106.81,4.42721,62.6402995,168,13207-1-03,18 a 29,Mujeres,Quintil medio,Centro,Rutina flexible,Motorizados privados,42.84,0,42.84,19.800299499999998,168,34.13,57.16000309999998,208.26068039999998
7353,38.41,47.35,8.67,73.57000000000001,3.071971,117.99440610999999,168,13208-1-02,30 a 44,Hombres,Quintil bajo,Centro,Rutina flexible,Motorizados privados,0,0,0,117.99440610999999,168,56.02,0,172.09181542
7356,71.68,33.85,7.98,54.489999999999995,4.833675,242.5377968,168,13213-1-02,45 a 59,Mujeres,Quintil medio,Sur,Cuidadores domesticos,Motorizados privados,146.06,0,146.06,96.4777968,168,41.83,103.94002720000006,306.13265245
7357,59.11,47.24,9.2,52.45,6.619587,248.73380705,168,13214-1-01,45 a 59,Hombres,Quintil medio,Sur,Jovenes trabajadores,Motorizados privados,232.45,0,232.45,16.28380705,168,56.44,142.54998052000002,516.1594708
7362,67.01,32.31,5.65,63.029999999999994,3.773103,173.75561041000003,168,13228-1-01,30 a 44,Mujeres,Quintil bajo,Centro,Cuidadores domesticos,Motorizados privados,103.42,0,103.42,70.33561041000002,168,37.96,79.08002161999997,222.30701149999993
7366,40.91,33.66,20.17,73.26,2.827043,86.7258414315385,168,13232-1-02,60 o mas,Hombres,Quintil bajo,Norte,Rutina flexible,Motorizados privados,20.11,11.5384615384615,8.5715384615385,78.15430297,168,53.83,28.928487698461495,181.1082123884615
7369,55.87,57.12,9.08,45.93,5.360667,159.58045115000004,168,13239-1-01,30 a 44,Hombres,Quintil bajo,Sur,Jovenes trabajadores,Motorizados privados,135.08000000000004,0,135.08000000000004,24.50045115,168,66.2,139.92001413999998,494.79616953999994
7374,77.02,28.86,5.93,56.190000000000005,5.818843,245.8856553167742,168,13251-1-01,45 a 59,Mujeres,Quintil alto,Centro,Cuidadores domesticos,Motorizados privados,204.17,56.4516129032258,147.7183870967742,98.16726822,168,34.79,202.28163254322578,404.71918051322587
7377,46.29,29.88,8.49,83.34000000000002,3.018695,139.73539155,168,13253-1-02,45 a 59,Mujeres,Quintil medio,Sur,Cuidadores domesticos,Motorizados privados,0,0,0,139.73539155,168,38.37,0,115.82732714999995
7379,29.8,55.87,6.18,76.14999999999998,3.006561,89.59551780000001,168,13259-1-02,30 a 44,Mujeres,Quintil bajo,Centro,Rutina flexible,Motorizados privados,0,0,0,89.59551780000001,167.99999999999997,62.05,0,186.55711005000003
7384,46.11,37.52,15.2,69.17,4.348292,61.93149331588239,168,13270-1-02,45 a 59,Hombres,Quintil alto,Norte,Trabajadores rutinarios,Motorizados privados,82.02,33.0882352941176,48.931764705882394,12.999728610000002,168,52.72,138.5682508041176,367.8102050441176
7385,34.32,56.49,16.73,60.459999999999994,3.733871,54.2493970964706,168,13270-1-03,18 a 29,Hombres,Quintil alto,Norte,Rutina flexible,Motorizados privados,43.75,17.6470588235294,26.1029411764706,28.14645592,168,73.22,73.89705562352941,347.2910902435294
7387,55.69,24.15,9.28,78.88,2.490946,77.99081239,168,13275-1-01,45 a 59,Mujeres,Quintil bajo,Sur,Trabajadores rutinarios,Motorizados privados,91.77000000000001,37.5,54.27000000000001,23.72081239,168,33.43,60.72997035,144.00229513000002
7394,72.16,7.7,4.16,83.98,3.857885,214.75497176,168,13293-1-01,45 a 59,Mujeres,Quintil bajo,Norte,Cuidadores domesticos,Motorizados privados,128.87,0,128.87,85.88497176,168,11.86,63.630009840000014,109.38452594
7395,49.74,24.38,20.51,73.36999999999999,3.051395,151.77638729999998,168,13293-1-02,60 o mas,Hombres,Quintil bajo,Norte,Cuidadores domesticos,Motorizados privados,0,0,0,151.77638729999998,168,44.89,2.842170943040401e-14,136.97712155000002
7396,25.16,28.53,0.96,113.35000000000001,2.973264,74.80732224,168,13293-1-04,18 a 29,Mujeres,Quintil bajo,Norte,Jovenes trabajadores,Motorizados privados,0,0,0,74.80732224,168,29.490000000000002,0,87.68155535999996
7397,61,41.63,9.66,55.71000000000001,7.888592,250.48411,168,13295-1-01,45 a 59,Mujeres,Quintil bajo,Sur,Cuidadores domesticos,Motorizados privados,169.28,0,169.28,81.20411,168,51.290000000000006,230.72000200000002,635.3258856799999
7398,52.42,35.34,13.31,66.92999999999999,3.068753,160.86403226,168,13296-1-02,30 a 44,Mujeres,Quintil medio,Norte,Cuidadores domesticos,Motorizados privados,0,0,0,160.86403226,168,48.650000000000006,2.842170943040401e-14,149.29483345000006
7399,57.39,29.98,10.07,70.56,5.276294,196.85649138999997,168,13297-1-02,30 a 44,Hombres,Quintil bajo,Sur,Trabajadores rutinarios,Motorizados privados,144.04999999999998,0,144.04999999999998,52.80649138999999,168,40.05,105.95002127000004,317.26559597000005
7404,33.21,60.4,7.4,66.98999999999998,5.301553,68.42087371947369,168,13314-1-02,30 a 44,Hombres,Quintil medio,Sur,Rutina flexible,Motorizados privados,81.82999999999998,39.4736842105263,42.35631578947368,26.06455793,168,67.8,107.64370141052632,467.0889948105265
7413,68.53,42.08,4.33,53.06,4.620747,162.05977201,168,13337-1-02,30 a 44,Hombres,Quintil medio,Centro,Trabajadores moviles,Motorizados privados,145.39999999999998,0,145.39999999999998,16.65977201,168,46.41,154.60001989999998,369.04888816999994
7421,66.23,43.29,8.67,49.809999999999995,4.204933,200.08268677,168,13347-1-01,30 a 44,Mujeres,Quintil bajo,Centro,Cuidadores domesticos,Motorizados privados,116.59,0,116.59,83.49268676999999,168,51.96,78.41002581999999,296.89834449999995
7423,42.46,34.64,16.27,74.63,4.614217,87.49108853142859,168,13351-1-01,60 o mas,Hombres,Quintil bajo,Sur,Trabajadores rutinarios,Motorizados privados,119.24999999999999,40.1785714285714,79.07142857142858,8.41965996,168,50.91,108.42856528857142,343.33835275857143
7426,39.83,37.17,14.91,76.09000000000002,3.144859,59.81973396999999,168,13355-1-01,60 o mas,Mujeres,Quintil bajo,Norte,Rutina flexible,Motorizados privados,39.56,105,-65.44,125.25973396999998,168,52.08,65.44,229.22425671999994
7429,74.03,34.82,11.24,47.91,5.574951,256.06362246,168,13358-1-02,30 a 44,Hombres,Quintil medio,Centro,Cuidadores domesticos,Motorizados privados,168.35,0,168.35,87.71362246,168,46.06,156.6500000700001,413.43224313000013
7446,59.11,40.66,8.67,59.56,9.233723,301.26534549,168,13389-1-01,30 a 44,Hombres,Quintil medio,Sur,Trabajadores rutinarios,Motorizados privados,255.46,0,255.46,45.80534548999999,168,49.33,244.54002104,700.0395766299998
7447,48.94,42.7,4.48,71.88,5.68153,181.92405972,168,13391-1-01,30 a 44,Hombres,Quintil bajo,Centro,Trabajadores rutinarios,Motorizados privados,153.87,0,153.87,28.054059719999998,168,47.18000000000001,96.13001847999999,364.1846038800001
7448,72.22,40.2,6.24,49.339999999999996,3.107515,185.3360511294574,168,13394-1-02,60 o mas,Mujeres,Quintil alto,Norte,Cuidadores domesticos,Motorizados privados,25.64,64.7286821705426,-39.0886821705426,224.42473329999999,168,46.440000000000005,39.0886821705426,183.4016787705426
7449,66.8,24.56,14.06,62.58,3.110095,81.76434599999996,168,13395-1-01,60 o mas,Hombres,Quintil medio,Sur,Cuidadores domesticos,Motorizados privados,149.26,275.25,-125.99000000000001,207.75434599999997,168,38.62,125.99000000000001,246.10186890000003
7450,44.84,37.8,7.33,78.03,40.508835,704.1261630399999,168,13396-1-01,45 a 59,Hombres,Quintil alto,Sur,Rutina flexible,Motorizados privados,637.7099999999999,0,637.7099999999999,66.41616304,168,45.129999999999995,1112.28999836,2940.45372191
7451,91.75,25.71,6.88,43.66,5.082144,295.95668125,168,13399-1-03,45 a 59,Mujeres,Quintil medio,Norte,Cuidadores domesticos,Motorizados privados,154.67,0,154.67,141.28668125,168,32.59,170.33003075000005,335.95710371000007
7453,67.86,25.58,10.23,64.33,2.998833,203.50080738,168,13409-1-01,30 a 44,Mujeres,Quintil bajo,Centro,Cuidadores domesticos,Motorizados privados,0,0,0,203.50080738,168,35.81,0,107.38820973
7456,70.2,32.55,8.94,56.31,2.701826,137.0982212,168,13417-1-02,45 a 59,Mujeres,Quintil bajo,Sur,Cuidadores domesticos,Motorizados privados,59.93000000000001,0,59.93000000000001,77.1682212,168,41.489999999999995,52.569964,164.66872474000002
7458,53.12,47.22,7.66,60,5.022053,131.83148160000002,168,13419-1-03,45 a 59,Hombres,Quintil medio,Sur,Trabajadores moviles,Motorizados privados,115.06,0,115.06,16.7714816,168,54.879999999999995,134.93997375999993,410.55024239999995
7462,55.11,36.04,11.59,65.25999999999999,3.282501,124.67861475000001,168,13425-1-02,45 a 59,Hombres,Quintil bajo,Norte,Trabajadores rutinarios,Motorizados privados,93.78,0,93.78,30.898614750000004,168,47.629999999999995,56.22001535999999,212.56553799
7470,46.64,51.33,14.26,55.77,5.542834,137.10777688,168,13436-1-02,30 a 44,Hombres,Quintil alto,Norte,Jovenes trabajadores,Motorizados privados,103.58999999999997,0,103.58999999999997,33.51777688000001,168,65.59,121.41000088000001,484.96448294000004
7477,27.95,67.56,6.75,65.74000000000001,4.252463,139.54008045,168,13458-1-02,18 a 29,Hombres,Quintil bajo,Centro,Jovenes trabajadores,Motorizados privados,92.16999999999999,0,92.16999999999999,47.37008045,168,74.31,-20.683739600000024,295.3167859299999
7480,47.21,44.4,5.59,70.79999999999998,2.579892,145.99669826000002,168,13467-1-01,30 a 44,Mujeres,Quintil bajo,Sur,Rutina flexible,Motorizados privados,99.2,0,99.2,46.79669826000001,168,49.989999999999995,-24.199996940000005,104.76880414000004
7481,70.83,20.8,7.35,69.02000000000001,4.724964,215.79920178000003,168,13468-1-01,45 a 59,Mujeres,Quintil bajo,Sur,Cuidadores domesticos,Motorizados privados,131.13000000000002,0,131.13000000000002,84.66920178000001,168,28.15,118.86999833999994,251.87773493999993
7482,63.31,45.01,14.48,45.2,2.689896,105.63729860000001,168,13472-1-01,60 o mas,Mujeres,Quintil medio,Centro,Jovenes trabajadores,Motorizados privados,50.34000000000001,0,50.34000000000001,55.2972986,168,59.489999999999995,64.66001716,224.6819302
7492,45.56,56.55,6.84,59.05,0.374213,17.049145080000002,168,13487-1-04,18 a 29,Hombres,Quintil bajo,Sur,Jovenes trabajadores,Motorizados privados,0,0,0,17.049145080000002,168,63.39,-8.000000022434506e-7,23.721361270000003
7502,20.27,33.96,8.64,105.12999999999998,3.066119,62.15023213,168,13512-1-02,45 a 59,Mujeres,Quintil bajo,Centro,Cuidadores domesticos,Motorizados privados,0,0,0,62.15023213,168,42.6,0,130.61666940000006
7507,20.99,62.98,23.44,60.59,3.044895,63.91234605,168,13517-1-02,45 a 59,Mujeres,Quintil alto,Norte,Rutina flexible,Motorizados privados,0,0,0,63.91234605,168,86.42,0,263.1398259
7515,77.55,25.61,9.4,55.440000000000005,2.72852,167.9002971617647,168,13528-1-02,30 a 44,Mujeres,Quintil bajo,Norte,Cuidadores domesticos,Motorizados privados,47.480000000000004,41.1764705882353,6.303529411764707,161.59676775,168,35.01,43.69642883823528,139.22191403823533
7517,92.7,15.93,9.52,49.849999999999994,6.766727,469.8555397,168,13530-1-02,30 a 44,Mujeres,Quintil alto,Sur,Cuidadores domesticos,Motorizados privados,242.58,0,242.58,227.27553970000002,168,25.45,157.4200532000001,329.6332553500001
7518,48.19,32.65,12.56,74.6,0.950708,10.287563891694898,168,13532-1-02,45 a 59,Hombres,Quintil bajo,Norte,Trabajadores rutinarios,Motorizados privados,35.67,54.9470338983051,-19.2770338983051,29.564597789999997,168,45.21,35.527054628305095,78.5085633083051
7519,44.31,38.88,13.39,71.42,17.225131,273.05191166636405,168,13533-1-01,60 o mas,Hombres,Quintil alto,Centro,Trabajadores rutinarios,Motorizados privados,396.1700000000001,136.363636363636,259.80636363636404,13.245548029999998,168,52.27,490.19364294363606,1390.551240313636
7522,73.3,29.32,11.96,53.419999999999995,3.439404,169.92827739999998,168,13535-1-01,30 a 44,Hombres,Quintil bajo,Centro,Cuidadores domesticos,Motorizados privados,92.82,0,92.82,77.10827739999999,168,41.28,82.18003580000001,224.1586329200001
7523,38.36,46.65,10.91,72.07999999999998,6.441441,175.67365536,168,13537-1-01,45 a 59,Hombres,Quintil bajo,Sur,Rutina flexible,Motorizados privados,103.58000000000001,0,103.58000000000001,72.09365536,167.99999999999997,57.56,71.4200214,442.1893653600001
7525,74.39,25.31,7.03,61.269999999999996,2.861397,162.17930179,168,13548-1-01,30 a 44,Mujeres,Quintil bajo,Centro,Trabajadores moviles,Motorizados privados,56.82,0,56.82,105.35930179,168,32.339999999999996,50.680021040000014,143.21760002000002
7526,78.29,19.74,9.93,60.04,4.21556,218.28620317000002,168,13554-1-01,30 a 44,Mujeres,Quintil bajo,Centro,Trabajadores moviles,Motorizados privados,150.75,37.5,113.25,105.03620317000001,168,29.669999999999998,111.74998922999998,236.82565443
7527,72.61,33.54,10.59,51.260000000000005,1.831547,62.79863841,168,13555-1-01,60 o mas,Hombres,Quintil medio,Centro,Trabajadores rutinarios,Motorizados privados,54.81,0,54.81,7.988638409999999,168,44.129999999999995,70.18998926,151.01615837
7540,60.44,34.39,5.59,67.58,2.958106,178.78792664,168,13577-1-02,45 a 59,Mujeres,Quintil bajo,Sur,Cuidadores domesticos,Motorizados privados,0,0,0,178.78792664,168,39.980000000000004,0,118.26507788
7542,54.12,56.28,9.41,48.19,6.567373,126.56407160695649,168,13585-1-02,18 a 29,Mujeres,Quintil alto,Centro,Jovenes trabajadores,Motorizados privados,166.79,70.6521739130435,96.1378260869565,30.42624552,168,65.69,228.8621551530435,660.2728875230434
7543,76.52,25.33,11.98,54.17,3.192104,163.60976932,168,13588-1-02,45 a 59,Mujeres,Quintil medio,Norte,Trabajadores moviles,Motorizados privados,69.35,0,69.35,94.25976932,168,37.31,80.65002876,199.747429
7544,39.78,36.53,7.44,84.25,3.819276,76.6816171077218,168,13591-1-01,30 a 44,Mujeres,Quintil medio,Centro,Rutina flexible,Motorizados privados,50.769999999999996,76.0191846522782,-25.249184652278203,101.93080176000001,168,43.97,75.2491821722782,243.18274789227814
7545,58.7,37.3,12.72,59.28,2.842479,110.5835,168,13592-1-01,30 a 44,Mujeres,Quintil bajo,Norte,Trabajadores moviles,Motorizados privados,68.73,0,68.73,41.8535,168,50.019999999999996,56.27001729999999,198.45081688
7550,51.18,41.92,5.63,69.27,4.572843,130.84812490000002,168,13604-1-02,18 a 29,Mujeres,Quintil medio,Sur,Trabajadores rutinarios,Motorizados privados,96.81,0,96.81,34.0381249,168,47.550000000000004,103.18997983999998,320.62866449
7553,26.34,47.51,23.23,70.92,0.268031,7.05993912,168,13608-1-01,30 a 44,Hombres,Quintil bajo,Norte,Rutina flexible,Motorizados privados,0,0,0,7.05993912,168,70.74,-2.579999999419158e-6,18.96051036
7557,46.78,52.37,7.86,60.989999999999995,2.807545,68.22697188000001,168,13611-1-03,18 a 29,Hombres,Quintil bajo,Centro,Jovenes trabajadores,Motorizados privados,46.89000000000001,0,46.89000000000001,21.33697188,168,60.23,63.109983220000004,232.20841857000005
7558,65.24,30.58,10.2,61.980000000000004,3.56608,196.27101864000002,168,13613-1-04,30 a 44,Mujeres,Quintil alto,Norte,Cuidadores domesticos,Motorizados privados,38.62,0,38.62,157.65101864000002,168,40.78,36.38004055999994,181.80478295999995
7559,76.71,32.9,7.95,50.440000000000005,2.154143,92.14431064,168,13614-1-01,18 a 29,Hombres,Quintil bajo,Norte,Trabajadores rutinarios,Motorizados privados,76.9,0,76.9,15.24431064,168,40.85,73.09999888999998,161.09674044000002
7567,78.4,14.53,11.09,63.97999999999999,4.98481,266.9791008,168,13629-1-01,30 a 44,Mujeres,Quintil bajo,Sur,Cuidadores domesticos,Motorizados privados,151.17000000000002,0,151.17000000000002,115.80910080000001,168,25.619999999999997,123.83000320000002,251.54083540000005
7570,2.26,20.45,5.5,139.79000000000002,3.243916,7.33125016,168,13631-1-03,18 a 29,Mujeres,Quintil alto,Sur,Rutina flexible,Motorizados privados,0,0,0,7.33125016,168.00000000000003,25.95,0,84.17962019999993
7575,54.23,34.28,10.2,69.29,4.109079,146.47538173,168,13636-1-01,18 a 29,Hombres,Quintil bajo,Sur,Trabajadores rutinarios,Motorizados privados,118.64,0,118.64,27.835381729999998,168,44.480000000000004,76.35997244,259.13180636000004
7576,57.22,53.58,3.88,53.32,3.209005,108.97925716,168,13639-1-01,30 a 44,Hombres,Quintil bajo,Norte,Jovenes trabajadores,Motorizados privados,55.36,0,55.36,53.61925716,168,57.46,74.64000893999997,259.02943624
7578,31.93,49.78,5.5,80.78999999999999,3.13573,100.1238589,168,13639-1-03,30 a 44,Hombres,Quintil bajo,Norte,Cuidadores domesticos,Motorizados privados,0,0,0,100.1238589,168,55.28,0,173.3431544
7586,5.99,77.22,23.21,61.57999999999999,3.331522,19.955816780000003,168,13652-1-02,30 a 44,Hombres,Quintil bajo,Sur,Rutina flexible,Motorizados privados,0,0,0,19.955816780000003,167.99999999999997,100.43,0,334.58475446000006
7588,67.57,40.63,5.55,54.25000000000001,4.071865,165.40595033000002,168,13656-1-01,18 a 29,Hombres,Quintil bajo,Sur,Trabajadores moviles,Motorizados privados,140.27,0,140.27,25.135950330000004,168,46.18,109.72996771999996,297.76869342
7590,42.52,43.33,20.25,61.89999999999999,3.222639,137.02661028,168,13663-1-02,45 a 59,Mujeres,Quintil bajo,Centro,Rutina flexible,Motorizados privados,0,0,0,137.02661028,168,63.58,0,204.89538762
7594,45.7,54.34,7.01,60.949999999999996,4.454093,89.95205000000001,168,13671-1-01,30 a 44,Hombres,Quintil bajo,Centro,Rutina flexible,Motorizados privados,136.4,125,11.400000000000006,78.55205000000001,168,61.35,113.60000010000002,386.8586056500001
7598,71.05,23.88,4.51,68.56,3.87515,129.7594216,168,13679-1-01,30 a 44,Hombres,Quintil bajo,Norte,Trabajadores rutinarios,Motorizados privados,104.42999999999999,0,104.42999999999999,25.329421600000003,168,28.39,145.5699859,255.58549440000002
7599,44.01,16.51,10.98,96.5,3.045801,134.04570200999999,168,13681-1-02,18 a 29,Mujeres,Quintil bajo,Norte,Cuidadores domesticos,Motorizados privados,0,0,0,134.04570200999999,168,27.490000000000002,0,83.72906949
7600,59.7,28.12,11.34,68.83999999999999,3.082316,184.0142652,168,13682-1-03,30 a 44,Mujeres,Quintil bajo,Sur,Cuidadores domesticos,Motorizados privados,0,0,0,184.0142652,168,39.46,0,121.62818936000002
7601,58.15,27.71,10.23,71.90999999999998,8.017362,295.88958834999994,168,13683-1-01,45 a 59,Mujeres,Quintil medio,Sur,Trabajadores rutinarios,Motorizados privados,254.67999999999998,0,254.67999999999998,41.20958834999999,168,37.94,170.3200119500001,474.4987262300002
7602,62.11,33.47,7.83,64.59,4.86381,160.36120678999998,168,13684-1-02,30 a 44,Mujeres,Quintil medio,Centro,Trabajadores rutinarios,Motorizados privados,108.27,0,108.27,52.09120679,168,41.3,141.73003231,342.60538531
7603,48.31,30.75,10.43,78.50999999999999,2.998477,144.85642387,168,13684-1-03,45 a 59,Mujeres,Quintil medio,Centro,Cuidadores domesticos,Motorizados privados,0,0,0,144.85642387,168,41.18,0,123.47728286000003
7605,87.41,7.98,9.48,63.129999999999995,4.154235,243.72173386,168,13686-1-01,45 a 59,Mujeres,Quintil bajo,Norte,Cuidadores domesticos,Motorizados privados,105.6,0,105.6,138.12173386,168,17.46,119.39994748999996,191.93289059000003
7607,68.91,37.04,7.37,54.68000000000001,11.278841,451.57492447000004,168,13689-1-02,45 a 59,Hombres,Quintil alto,Norte,Cuidadores domesticos,Motorizados privados,374.35,0,374.35,77.22492447,168,44.41,325.65000883999994,826.5433376499998
7608,44.15,55.67,12.25,55.92999999999999,2.961136,130.7341544,168,13690-1-01,30 a 44,Mujeres,Quintil bajo,Centro,Cuidadores domesticos,Motorizados privados,0,0,0,130.7341544,168,67.92,0,201.12035712000008
7614,30.34,32.24,8.22,97.19999999999999,2.616767,69.35542569272727,168,13697-1-03,18 a 29,Mujeres,Quintil bajo,Centro,Trabajadores rutinarios,Motorizados privados,22.689999999999998,2.72727272727273,19.962727272727268,49.39269842,168,40.46,10.037285087272735,115.91167790727275
7618,33.73,51.46,8.44,74.37,3.135491,105.76011143,168,13705-1-02,60 o mas,Mujeres,Quintil bajo,Centro,Rutina flexible,Motorizados privados,0,0,0,105.76011143,168,59.9,0,187.8159109
7628,55.02,51.88,5.71,55.389999999999986,2.852246,102.29060192,168,13723-1-02,18 a 29,Mujeres,Quintil bajo,Norte,Jovenes trabajadores,Motorizados privados,57.86,0,57.86,44.430601919999994,168,57.59,54.639973,218.90082014000004
7629,83.2,29.87,6.01,48.919999999999995,5.864707,226.7453647304348,168,13725-1-02,30 a 44,Hombres,Quintil alto,Norte,Trabajadores moviles,Motorizados privados,182.28,43.4782608695652,138.8017391304348,87.9436256,168,35.88,261.19825766956524,471.62394482956523
7632,7.79,82.43,9.3,68.48,3.073612,23.94343748,168,13731-1-03,18 a 29,Hombres,Quintil bajo,Norte,Rutina flexible,Motorizados privados,0,0,0,23.94343748,168,91.73,0,281.94242876
7636,49.08,44.89,7.33,66.7,3.21917,36.3622500553846,168,13740-1-01,60 o mas,Mujeres,Quintil alto,Sur,Rutina flexible,Motorizados privados,106.25,127.8846153846154,-21.6346153846154,57.99686544,168,52.22,121.6346135446154,289.7396709446154
7637,47.95,54.63,8.84,56.579999999999984,13.549249,244.21109848461498,168,13740-1-02,30 a 44,Mujeres,Quintil alto,Sur,Jovenes trabajadores,Motorizados privados,354.14,134.615384615385,219.52461538461498,24.6864831,168,63.47,405.47539106538505,1265.4462250953852
7639,58.52,36.04,8.63,64.81,4.963114,184.07139764,168,13744-1-02,45 a 59,Mujeres,Quintil medio,Centro,Cuidadores domesticos,Motorizados privados,93.63,0,93.63,90.44139764,168,44.67,106.37003364000003,328.07233601999997
7641,90.15,19.76,6.2,51.889999999999986,9.821508,392.22899474999997,168,13748-1-01,30 a 44,Mujeres,Quintil alto,Centro,Trabajadores rutinarios,Motorizados privados,331.82,0,331.82,60.40899475,168,25.96,493.1799514500001,748.1462991300001
7644,75.45,22.55,8.88,61.12,2.44445,143.5537295,168,13751-1-02,18 a 29,Mujeres,Quintil bajo,Sur,Trabajadores rutinarios,Motorizados privados,59.12,0,59.12,84.4337295,168,31.43,40.880022999999994,117.70908649999998
7648,41.92,24.94,11.04,90.1,3.106266,130.21467072000002,168,13757-1-03,45 a 59,Mujeres,Quintil alto,Centro,Cuidadores domesticos,Motorizados privados,0,0,0,130.21467072000002,168,35.980000000000004,0,111.76345068
7649,46.77,46.1,9.07,66.06,3.664785,120.40200777,168,13758-1-01,30 a 44,Hombres,Quintil bajo,Sur,Trabajadores rutinarios,Motorizados privados,99,0,99,21.402007769999997,168,55.17,50.99998668000002,253.18617512999998
7654,38.05,40.57,12.67,76.71,13.325202,217.10392935000002,168,13765-1-01,45 a 59,Hombres,Quintil medio,Norte,Trabajadores rutinarios,Motorizados privados,210.08,0,210.08,7.0239293499999995,168,53.24,289.92000674999997,999.3537612300001
7655,53.06,48.58,8.87,57.49,26.724922,538.94435466,168,13769-1-01,45 a 59,Hombres,Quintil alto,Centro,Jovenes trabajadores,Motorizados privados,495.9200000000001,0,495.9200000000001,43.02435465999999,168,57.449999999999996,879.08000666,2414.4267755599994
7657,48.08,41.61,6.64,71.67,6.754006,178.96262144,168,13772-1-01,45 a 59,Hombres,Quintil medio,Centro,Trabajadores rutinarios,Motorizados privados,154.23,0,154.23,24.73262144,168,48.25,145.76998704000002,471.65077654000004
7661,70.32,42.2,7.33,48.150000000000006,2.681017,123.41911856,168,13776-1-04,18 a 29,Hombres,Quintil bajo,Centro,Jovenes trabajadores,Motorizados privados,59.89,0,59.89,63.52911856,168,49.53,65.10999688,197.90076889
7663,55.81,55.94,8.4,47.85,3.063753,112.63802874999999,168,13777-1-02,18 a 29,Hombres,Quintil medio,Sur,Jovenes trabajadores,Motorizados privados,79.14999999999999,0,79.14999999999999,33.488028750000005,168,64.34,58.350026180000015,255.47189420000007
7664,72.12,26.41,6.86,62.61,14.993221,588.54107552,168,13780-1-01,45 a 59,Hombres,Quintil alto,Centro,Trabajadores rutinarios,Motorizados privados,507.23,0,507.23,81.31107551999999,168,33.27,492.77002300000004,991.59448567
7667,70.27,31.91,5.59,60.230000000000004,3.316599,125.5373841,168,13790-1-01,30 a 44,Hombres,Quintil bajo,Norte,Trabajadores moviles,Motorizados privados,92.47999999999999,0,92.47999999999999,33.0573841,168,37.5,107.52002762999999,231.89249013
7668,67.1,35.86,7.11,57.93000000000001,1.255472,50.6421454,168,13790-1-02,18 a 29,Mujeres,Quintil bajo,Norte,Trabajadores moviles,Motorizados privados,28.9,0,28.9,21.7421454,168,42.97,33.60002579999999,87.54765763999998
7669,73.29,31.82,3.45,59.43999999999999,3.90544,160.85973056,168,13791-1-01,30 a 44,Mujeres,Quintil bajo,Centro,Cuidadores domesticos,Motorizados privados,199.63,125,74.63,86.22973056000001,168,35.27,125.36996704,263.11483584
7670,70.03,43.55,4.76,49.660000000000004,3.257027,184.65956837,168,13793-1-01,45 a 59,Hombres,Quintil bajo,Sur,Cuidadores domesticos,Motorizados privados,105.32,0,105.32,79.33956837,168,48.309999999999995,43.43003244000002,200.77700681
7677,82.03,18.92,7.52,59.53,2.691375,265.27354301,168,13803-1-01,30 a 44,Hombres,Quintil bajo,Sur,Cuidadores domesticos,Motorizados privados,107,0,107,158.27354301,168,26.44,-44.50005176000005,26.65990323999995
7686,67.52,43.29,7.74,49.45,4.956792,204.02258639999997,168,13815-1-01,30 a 44,Mujeres,Quintil bajo,Centro,Trabajadores moviles,Motorizados privados,134.33999999999997,0,134.33999999999997,69.6825864,168,51.03,130.66000944,383.6051052000001
7694,70.53,31.67,5.85,59.949999999999996,5.194793,189.39877676999998,168,13825-1-01,30 a 44,Mujeres,Quintil bajo,Sur,Trabajadores moviles,Motorizados privados,223.01,125,98.00999999999999,91.38877677,168,37.52,176.98997351999998,371.89860688000005
7695,63.61,25.18,12.97,66.24000000000001,5.268045,167.57938665024392,168,13827-1-01,30 a 44,Hombres,Quintil alto,Norte,Trabajadores rutinarios,Motorizados privados,117.54,10.0609756097561,107.47902439024391,60.10036226000001,168,38.15,167.52095579975605,368.49687254975606
7698,58.86,13.71,2.82,92.61000000000001,1.417861,75.75528752,168,13831-1-01,30 a 44,Hombres,Quintil bajo,Sur,Cuidadores domesticos,Motorizados privados,17.299999999999997,0,17.299999999999997,58.45528752,168,16.53,7.7000109399999985,31.137253269999988
7704,60.19,21.67,13.65,72.49,3.617782,87.14318050888889,168,13846-1-01,45 a 59,Mujeres,Quintil bajo,Sur,Trabajadores rutinarios,Motorizados privados,122.5,83.1111111111111,39.3888888888889,47.75429162,168,35.32,130.6111180711111,258.39117831111116
7705,24.41,63.38,6.72,73.49000000000001,3.25374,79.42379340000001,168,13846-1-03,18 a 29,Mujeres,Quintil bajo,Sur,Rutina flexible,Motorizados privados,0,0,0,79.42379340000001,168,70.10000000000001,0,228.08717399999995
7706,66.55,34.46,8.65,58.34000000000001,4.407752,168.40588005,168,13847-1-01,60 o mas,Mujeres,Quintil bajo,Centro,Trabajadores rutinarios,Motorizados privados,125.07000000000001,0,125.07000000000001,43.33588004999999,168,43.11,124.93001555000001,314.94820427
7709,70.78,35.55,12.05,49.620000000000005,5.575697,249.13782257999998,168,13849-1-01,30 a 44,Mujeres,Quintil bajo,Sur,Cuidadores domesticos,Motorizados privados,179.48999999999998,0,179.48999999999998,69.64782258000001,168,47.599999999999994,145.51001108000003,410.91318828000004
7713,80.42,24.87,6.33,56.379999999999995,2.511545,113.23842312000001,168,13855-1-01,30 a 44,Mujeres,Quintil bajo,Centro,Trabajadores rutinarios,Motorizados privados,61.26,0,61.26,51.97842312000001,168,31.200000000000003,88.74002577999998,167.10022978
7714,38.68,32.2,14.86,82.25999999999999,3.094728,119.70407904,168,13857-1-02,45 a 59,Mujeres,Quintil alto,Sur,Rutina flexible,Motorizados privados,0,0,0,119.70407904,168,47.06,0,145.63789968000003
7715,16.95,62.23,8.26,80.56000000000002,2.476823,32.26214805,168,13857-1-04,18 a 29,Mujeres,Quintil alto,Sur,Rutina flexible,Motorizados privados,10.280000000000001,0,10.280000000000001,21.98214805,168,70.49,9.720001799999999,184.31125506999996
7724,56.24,44.93,8.82,58.009999999999984,3.905093,128.24241632000002,168,13877-1-01,45 a 59,Hombres,Quintil bajo,Sur,Jovenes trabajadores,Motorizados privados,108.62,0,108.62,19.62241632,168,53.75,91.38001399999999,301.27876275
7727,53.56,26.48,13.55,74.41,3.050314,163.37481784000002,168,13889-1-01,30 a 44,Mujeres,Quintil bajo,Centro,Cuidadores domesticos,Motorizados privados,0,0,0,163.37481784000002,168,40.03,0,122.10406942
7730,67.16,21.29,9.44,70.11000000000001,2.965576,124.92807163999998,168,13892-1-02,45 a 59,Hombres,Quintil bajo,Centro,Trabajadores rutinarios,Motorizados privados,100.75999999999999,0,100.75999999999999,24.16807164,168,30.729999999999997,74.24001252,165.372163
7732,48.08,21.7,10.19,88.03,3.085075,148.33040599999998,168,13896-1-02,60 o mas,Mujeres,Quintil bajo,Centro,Cuidadores domesticos,Motorizados privados,0,0,0,148.33040599999998,168,31.89,0,98.38304174999999
7733,37.06,57.11,9.15,64.67999999999999,7.183382,118.97611896,168,13896-1-03,30 a 44,Hombres,Quintil bajo,Centro,Jovenes trabajadores,Motorizados privados,97.75999999999999,0,97.75999999999999,21.21611896,168,66.26,147.24001796,623.21090928
7738,60.31,51.75,5.06,50.879999999999995,8.876387,156.14487638,168,13909-1-01,60 o mas,Mujeres,Quintil alto,Sur,Jovenes trabajadores,Motorizados privados,350.81,255,95.81,60.33487638,168,56.81,379.19002359,883.4575690599999
7741,81.76,15.21,5.24,65.79,2.8763,180.75633807999998,168,13914-1-01,30 a 44,Mujeres,Quintil bajo,Centro,Trabajadores rutinarios,Motorizados privados,70.59,0,70.59,110.16633807999999,168,20.450000000000003,54.40994992000003,113.23028492000003
7745,83.86,15.39,8.78,59.97,4.068753,166.6210677709677,168,13919-1-01,45 a 59,Mujeres,Quintil medio,Centro,Cuidadores domesticos,Motorizados privados,108.47999999999999,58.0645161290323,50.41548387096769,116.20558390000001,168,24.17,174.5845588090323,272.9263188190323
7747,86.59,19.36,7.43,54.62,3.704922,205.33465740647063,168,13921-1-01,30 a 44,Hombres,Quintil bajo,Centro,Cuidadores domesticos,Motorizados privados,143.11,33.5845588235294,109.52544117647062,95.80921623,168,26.79,115.47453857352934,214.7293989535293
7749,37.19,46.57,6.6,77.64000000000001,3.129736,85.03835047468633,168,13922-1-01,60 o mas,Mujeres,Quintil alto,Norte,Rutina flexible,Motorizados privados,29.279999999999998,60.63653136531365,-31.356531365313653,116.39488183999998,168,53.17,31.356531365313657,197.7645944853136
7754,6.38,15.69,7.9,138.03,3.008441,19.19385358,168,13930-1-03,18 a 29,Hombres,Quintil alto,Norte,Rutina flexible,Motorizados privados,0,0,0,19.19385358,168,23.59,0,70.96912319
7755,53.33,34.62,12.79,67.26000000000002,21.587207,357.7657475,168,13931-1-01,30 a 44,Hombres,Quintil alto,Norte,Trabajadores rutinarios,Motorizados privados,331.52,0,331.52,26.2457475,168,47.41,793.4800018099999,1816.9294856799993
7756,54.53,35.81,12.02,65.64,21.171697,361.01265301,168,13931-1-02,30 a 44,Mujeres,Quintil alto,Norte,Trabajadores rutinarios,Motorizados privados,331.52,0,331.52,29.492653009999998,168,47.83,793.4799844,1806.1222519100002
7763,53.84,20.63,12.9,80.63,2.644213,75.00441952,168,13943-1-01,45 a 59,Mujeres,Quintil bajo,Norte,Trabajadores rutinarios,Motorizados privados,45.13999999999999,0,45.13999999999999,29.864419520000002,168,33.53,67.36000840000003,156.02047029000002
7764,59.72,24.25,16.26,67.77,2.903538,106.03930399999999,168,13943-1-02,60 o mas,Hombres,Quintil bajo,Norte,Trabajadores rutinarios,Motorizados privados,45.13999999999999,0,45.13999999999999,60.899304,168,40.510000000000005,67.35998536000002,184.98230974000003
7774,29.69,60.78,2.6,74.93,3.018404,89.61641476,168,13967-1-02,18 a 29,Mujeres,Quintil bajo,Norte,Rutina flexible,Motorizados privados,0,0,0,89.61641476,168,63.38,0,191.30644551999995
7775,19.48,46.9,12.14,89.48,3.422298,66.66636503999999,168,13968-1-01,30 a 44,Hombres,Quintil bajo,Sur,Rutina flexible,Motorizados privados,0,0,0,66.66636503999999,168,59.04,1.4210854715202004e-14,202.05247391999998
7776,64.1,32.55,17.6,53.75000000000001,1.967118,124.86229300000001,168,13969-1-01,30 a 44,Mujeres,Quintil bajo,Norte,Cuidadores domesticos,Motorizados privados,2.52,0,2.52,122.34229300000001,168,50.15,1.2299707999999754,99.88093849999997
7781,61.68,30.19,7.79,68.33999999999999,15.010624,461.01526835999994,168,13979-1-01,45 a 59,Mujeres,Quintil alto,Centro,Trabajadores rutinarios,Motorizados privados,410.15999999999997,0,410.15999999999997,50.85526836,168,37.980000000000004,464.84001996000006,1034.9435194800003
7782,51.5,55.32,3.58,57.6,3.311687,115.15257927370952,168,13980-1-01,18 a 29,Hombres,Quintil bajo,Sur,Jovenes trabajadores,Motorizados privados,167.89000000000001,73.2893157262905,94.60068427370952,20.551895000000002,168,58.9,55.39930122629049,250.4576655262905
7786,2.69,25.46,7.63,132.22,2.968371,7.98491799,168,13985-1-03,18 a 29,Hombres,Quintil bajo,Centro,Rutina flexible,Motorizados privados,0,0,0,7.98491799,168,33.09,0,98.22339639
7788,47.61,35.53,10.15,74.71,5.25878,120.48050718,168,13995-1-02,45 a 59,Hombres,Quintil bajo,Norte,Trabajadores rutinarios,Motorizados privados,95.11,0,95.11,25.37050718,168,45.68,129.89000862,370.11107902
7791,83.52,15.84,10.75,57.89,9.928065,416.22510669473684,168,14006-1-01,30 a 44,Mujeres,Quintil alto,Norte,Cuidadores domesticos,Motorizados privados,336.77,49.7368421052632,287.0331578947368,129.1919488,168,26.59,412.96688210526315,676.9541304552632
7792,59.91,28.32,9.54,70.23000000000002,5.158727,161.5661936652632,168,14006-1-02,30 a 44,Hombres,Quintil alto,Norte,Trabajadores moviles,Motorizados privados,120.27000000000001,17.7631578947368,102.50684210526322,59.059351559999996,168,37.86,147.49314090473678,342.8025451247367
7798,74.71,40.78,5.03,47.480000000000004,1.892294,92.26533454205129,168,14022-1-02,30 a 44,Hombres,Quintil bajo,Centro,Trabajadores moviles,Motorizados privados,49.61,48.7179487179487,0.8920512820512982,91.37328326,168,45.81,49.10795019794868,135.7939383379487
7800,79.85,45.77,7.62,34.760000000000005,3.253039,183.45514895000002,168,14026-1-02,18 a 29,Mujeres,Quintil bajo,Norte,Cuidadores domesticos,Motorizados privados,73.7,0,73.7,109.75514895,168,53.39,76.30001519999996,249.97976740999997
7804,34.69,42.64,7.47,83.2,3.019636,104.75117284,168,14033-1-02,30 a 44,Mujeres,Quintil bajo,Norte,Rutina flexible,Motorizados privados,0,0,0,104.75117284,168,50.11,0,151.31395996000003
7805,53.44,40.36,4.67,69.53,3.051751,123.74555615999999,168,14034-1-01,18 a 29,Hombres,Quintil bajo,Sur,Trabajadores rutinarios,Motorizados privados,98.16,0,98.16,25.58555616,168,45.03,39.34001728,176.76036481
7808,44.66,51.79,7.92,63.63000000000001,5.643654,38.654627859048,168,14036-1-03,30 a 44,Hombres,Quintil alto,Centro,Jovenes trabajadores,Motorizados privados,238.99,202.380952380952,36.609047619048,2.04558024,168,59.71,213.390959780952,550.3735401209519
7813,50.65,56.62,8.01,52.72,2.314177,112.25308100000001,168,14047-1-01,30 a 44,Hombres,Quintil bajo,Sur,Jovenes trabajadores,Motorizados privados,50.040000000000006,0,50.040000000000006,62.213080999999995,168,64.63,4.9599840499999885,154.52524355999998
7818,44.51,49.87,9.72,63.900000000000006,4.235061,90.03255214,168,14063-1-03,30 a 44,Hombres,Quintil bajo,Norte,Jovenes trabajadores,Motorizados privados,76.53,0,76.53,13.50255214,168,59.589999999999996,98.47001296999997,350.83729795999994
7819,44.79,60.98,8.54,53.69000000000001,4.781171,100.82006830142859,168,14064-1-02,18 a 29,Mujeres,Quintil bajo,Centro,Jovenes trabajadores,Motorizados privados,108.1,21.4285714285714,86.67142857142859,14.148639730000001,168,69.52,113.3285807885714,445.7155887085713
7820,21.92,68.96,7.74,69.38,3.105594,68.07462048000001,168,14065-1-02,45 a 59,Mujeres,Quintil bajo,Norte,Rutina flexible,Motorizados privados,0,0,0,68.07462048000001,168,76.69999999999999,0,238.1990598
7822,68.49,46.83,8.04,44.64000000000001,5.287427,216.38588862,168,14071-1-01,30 a 44,Mujeres,Quintil bajo,Centro,Jovenes trabajadores,Motorizados privados,129,0,129,87.38588862,168,54.87,145.74998660999995,435.87110609999996
7823,66.68,48.49,8.8,44.02999999999999,3.342575,168.3729368,168,14072-1-01,18 a 29,Mujeres,Quintil bajo,Centro,Rutina flexible,Motorizados privados,82.99,0,82.99,85.3829368,168,57.290000000000006,54.50996420000004,246.00608595000006
7824,68.43,35.79,7.18,56.599999999999994,3.415273,164.3171063,168,14072-1-02,18 a 29,Hombres,Quintil bajo,Centro,Cuidadores domesticos,Motorizados privados,105.61,0,105.61,58.7071063,168,42.97,69.39002509000002,216.14430590000003
7829,79.3,28.78,4.97,54.95,2.49673,166.0894700394495,168,14081-1-02,30 a 44,Mujeres,Quintil alto,Norte,Cuidadores domesticos,Motorizados privados,35.53,17.4311926605505,18.0988073394495,147.9906627,168,33.75,31.901218960550466,116.16585646055046
7832,61.83,42.74,8.31,55.12,2.846505,92.7660602766667,168,14095-1-01,45 a 59,Mujeres,Quintil bajo,Norte,Jovenes trabajadores,Motorizados privados,75.10000000000001,33.3333333333333,41.76666666666671,50.99939360999999,168,51.050000000000004,83.2333438733333,228.5474241233333
7836,52.61,40.61,8.48,66.3,4.550753,108.65512744,168,14101-1-01,60 o mas,Hombres,Quintil bajo,Norte,Trabajadores rutinarios,Motorizados privados,69.24000000000001,0,69.24000000000001,39.41512744,168,49.09,130.75998789000002,354.15645266
7837,51.23,32.53,4.71,79.53000000000002,3.757141,98.03833852,168,14106-1-01,18 a 29,Hombres,Quintil bajo,Norte,Trabajadores rutinarios,Motorizados privados,68.06,0,68.06,29.97833852,168,37.24,94.43999491,234.35592574999995
7838,53.48,51.99,3.48,59.05000000000001,13.004536,341.06261187999996,168,14109-1-02,30 a 44,Hombres,Quintil alto,Centro,Jovenes trabajadores,Motorizados privados,295.58,0,295.58,45.48261188,168,55.47,354.4199734,1075.78158532
7841,61.05,33.74,10.56,62.650000000000006,2.675618,73.55030357168681,168,14111-1-01,45 a 59,Hombres,Quintil bajo,Centro,Trabajadores moviles,Motorizados privados,69.24,46.5361445783132,22.703855421686796,50.84644815000001,168,44.300000000000004,89.79617532831318,208.3260527283132
7844,38.08,54.61,8.51,66.80000000000001,3.029284,115.35513472,168,14116-1-01,30 a 44,Mujeres,Quintil bajo,Centro,Rutina flexible,Motorizados privados,0,0,0,115.35513472,168,63.12,0,191.20840608
7847,57.24,45.69,4.27,60.8,2.823784,24.012254168889008,168,14119-1-03,30 a 44,Hombres,Quintil medio,Centro,Jovenes trabajadores,Motorizados privados,98.49000000000001,111.111111111111,-12.621111111110991,36.63336528,168,49.959999999999994,137.621141991111,278.697390631111
7848,68.73,32.81,5.65,60.809999999999995,5.60001,206.95867465000003,168,14125-1-01,60 o mas,Mujeres,Quintil bajo,Norte,Cuidadores domesticos,Motorizados privados,122.07000000000002,0,122.07000000000002,84.88867465,168,38.46,177.93001264999998,393.3063972499999
7849,71.46,35.91,9.41,51.22000000000001,17.690667,595.8650999199999,168,14126-1-01,30 a 44,Hombres,Quintil alto,Centro,Cuidadores domesticos,Motorizados privados,531.6899999999999,0,531.6899999999999,64.17509992,168,45.31999999999999,668.3099639,1470.05099234
7853,53.18,35.27,10.58,68.96999999999998,19.622824,460.04176431999997,168,14140-1-01,45 a 59,Hombres,Quintil alto,Norte,Trabajadores rutinarios,Motorizados privados,416.5,0,416.5,43.54176432,168,45.85,583.5000160000001,1483.2064964000006
7859,69.59,14.79,3.45,80.17,4.902913,219.97368731,168,14153-1-01,30 a 44,Hombres,Quintil bajo,Centro,Trabajadores rutinarios,Motorizados privados,128.78,0,128.78,91.19368731000002,168,18.24,121.22002836000001,210.64916147999998
7860,47.87,56.27,5.88,57.97999999999999,2.509443,95.88701283999998,168,14153-1-06,30 a 44,Mujeres,Quintil bajo,Centro,Trabajadores moviles,Motorizados privados,25.759999999999998,0,25.759999999999998,70.12701283999999,168,62.150000000000006,24.24002357000002,180.20190602000005
7867,34.16,60.88,9.48,63.480000000000004,3.007416,102.73333056,168,14169-1-03,30 a 44,Mujeres,Quintil bajo,Norte,Cuidadores domesticos,Motorizados privados,0,0,0,102.73333056,168,70.36,0,211.60178975999997
7869,52.96,36.55,9.12,69.36999999999999,4.035164,110.77225836000001,168,14174-1-01,30 a 44,Hombres,Quintil bajo,Norte,Trabajadores rutinarios,Motorizados privados,84.57000000000001,0,84.57000000000001,26.202258360000002,168,45.669999999999995,102.93002707999999,287.21596696
7872,45.53,44.7,5.69,72.08,6.219636,201.66000893999998,168,14176-1-01,18 a 29,Mujeres,Quintil bajo,Sur,Trabajadores rutinarios,Motorizados privados,168.48,0,168.48,33.18000894,168,50.39,81.52001814000002,394.92747618
7873,22.24,58.39,7.37,79.99999999999999,3.067253,68.21570672,168,14176-1-02,30 a 44,Hombres,Quintil bajo,Sur,Rutina flexible,Motorizados privados,0,0,0,68.21570672,168,65.76,0,201.70255728
7874,62.84,32.52,9.23,63.40999999999998,3.872972,170.037556,168,14177-1-01,18 a 29,Hombres,Quintil bajo,Norte,Trabajadores rutinarios,Motorizados privados,114.16,0,114.16,55.877556000000006,168,41.75,73.34000448,235.03658548000004
7875,26.83,59.75,5.86,75.56000000000002,3.110472,0.5292269178946896,168,14181-1-02,60 o mas,Mujeres,Quintil alto,Sur,Rutina flexible,Motorizados privados,89.97000000000001,172.89473684210532,-82.9247368421053,83.45396376,168,65.61,82.9247368421053,287.0028047621053
7886,56.45,20.77,15.36,75.42,8.453561,206.07350749999995,168,14199-1-01,60 o mas,Mujeres,Quintil medio,Norte,Trabajadores rutinarios,Motorizados privados,178.86999999999995,0,178.86999999999995,27.203507499999997,168,36.129999999999995,271.1300109500001,576.5571698800002
7888,54.06,25.42,16.27,72.25,3.114468,81.66815694,168,14201-1-01,45 a 59,Hombres,Quintil bajo,Norte,Trabajadores moviles,Motorizados privados,63.3,0,63.3,18.368156940000002,168,41.69,86.69998314000001,216.54215405999997
7898,76.25,23.68,8.57,59.49999999999999,1.706309,60.096089500000005,168,14223-1-01,45 a 59,Hombres,Quintil bajo,Norte,Trabajadores rutinarios,Motorizados privados,44.99,0,44.99,15.106089500000001,168,32.25,70.00997175,125.03843700000002
7899,68,39.14,10.11,50.75,2.040578,103.749282,168,14223-1-02,45 a 59,Mujeres,Quintil bajo,Norte,Cuidadores domesticos,Motorizados privados,22.490000000000002,0,22.490000000000002,81.259282,168,49.25,35.01002199999999,135.5084885
7900,90.77,27.92,10.37,38.940000000000005,5.924547,385.01112556,168,14224-1-01,30 a 44,Hombres,Quintil bajo,Sur,Cuidadores domesticos,Motorizados privados,247.24,0,247.24,137.77112555999997,168,38.29,152.7600056299999,379.61091025999997
7905,56.69,26.65,4.19,80.47,8.376876,273.65510818,168,14235-1-01,30 a 44,Mujeres,Quintil alto,Sur,Trabajadores moviles,Motorizados privados,223.77,0,223.77,49.88510818,168,30.84,201.2299922599999,459.57284809999993
7917,40.26,32.6,13.26,81.88000000000001,2.815384,105.14734,168,14257-1-01,45 a 59,Hombres,Quintil bajo,Sur,Trabajadores rutinarios,Motorizados privados,104.3,0,104.3,0.84734,168,45.86,8.200019839999996,137.31353007999996
7923,64.79,31.47,5.53,66.21,2.795132,123.566621,168,14267-1-03,18 a 29,Hombres,Quintil bajo,Centro,Trabajadores rutinarios,Motorizados privados,57.47,0,57.47,66.096621,168,37,57.529981280000044,160.94986528000004
7928,24.98,67.31,15.41,60.30000000000001,3.119556,29.116508879999998,168,14280-1-04,45 a 59,Mujeres,Quintil alto,Sur,Rutina flexible,Motorizados privados,60.44,109.25,-48.81,77.92650888,168,82.72,48.81,306.85967231999996
7929,72.88,16.11,4.95,74.06,4.554687,154.878450142857,168,14281-1-02,30 a 44,Mujeres,Quintil alto,Sur,Cuidadores domesticos,Motorizados privados,184.54,111.607142857143,72.93285714285699,81.945593,168,21.06,177.06713841714304,272.988846637143
7930,82.29,23.82,5.16,56.72999999999999,2.787904,207.01661922,168,14283-1-01,45 a 59,Mujeres,Quintil bajo,Centro,Cuidadores domesticos,Motorizados privados,77.60000000000001,0,77.60000000000001,129.41661922,168,28.98,22.40000094000004,103.19345886000008
7933,58.17,53.51,11.03,45.29,9.14653,286.15365345,168,14292-1-01,45 a 59,Hombres,Quintil alto,Norte,Jovenes trabajadores,Motorizados privados,254.1,0,254.1,32.05365345,168,64.53999999999999,245.89999665000005,836.2170428500002
7934,35.89,53.06,9.45,69.60000000000001,7.289784,150.9703553,168,14292-1-03,18 a 29,Hombres,Quintil alto,Norte,Rutina flexible,Motorizados privados,114.34,0,114.34,36.6303553,168,62.510000000000005,110.65999246000001,566.3443903
7935,41.45,41.07,8.45,77.02999999999999,3.113086,129.0374147,168,14293-1-02,30 a 44,Hombres,Quintil bajo,Centro,Cuidadores domesticos,Motorizados privados,0,0,0,129.0374147,168,49.519999999999996,0,154.16001872000004
7936,55.77,38.77,6.72,66.73999999999998,3.130473,110.80067450837251,168,14294-1-02,60 o mas,Mujeres,Quintil medio,Norte,Cuidadores domesticos,Motorizados privados,44.15,107.93580470162749,-63.78580470162749,174.58647921,168,45.49,63.785804701627484,206.19102147162752
7938,79.81,20.52,10.86,56.81,3.058544,94.3148637,168,14296-1-02,45 a 59,Mujeres,Quintil bajo,Centro,Cuidadores domesticos,Motorizados privados,92.4,117.1875,-24.787499999999994,119.1023637,168,31.38,149.78753294,245.76464366
7940,97.66,11.28,8.96,50.1,3.751842,232.15487572,168,14297-1-01,45 a 59,Mujeres,Quintil medio,Centro,Cuidadores domesticos,Motorizados privados,115.75,0,115.75,116.40487571999999,168,20.240000000000002,134.25001399999996,210.18729608
7941,70.48,18.77,6.96,71.79,4.006948,148.15970392,168,14297-1-02,45 a 59,Hombres,Quintil medio,Centro,Trabajadores moviles,Motorizados privados,115.75,0,115.75,32.40970392,168,25.73,134.24999112000003,237.34876316
7942,5.8,40.35,17.66,104.19,3.154381,18.295409799999998,168,14297-1-03,18 a 29,Mujeres,Quintil medio,Centro,Rutina flexible,Motorizados privados,0,0,0,18.295409799999998,168,58.010000000000005,0,182.98564181
7943,64.63,27.23,7.77,68.37,3.026456,195.59985128,168,14298-1-01,30 a 44,Mujeres,Quintil bajo,Sur,Cuidadores domesticos,Motorizados privados,0,0,0,195.59985128,168,35,0,105.92595999999998
7950,30.9,51.62,9.09,76.38999999999999,3.011387,93.05185829999999,168,14312-1-01,45 a 59,Hombres,Quintil bajo,Centro,Rutina flexible,Motorizados privados,0,0,0,93.05185829999999,168,60.709999999999994,0,182.82130477000004
7951,72.6,35.62,9.46,50.32000000000001,6.480421,301.5885214,168,14314-1-02,45 a 59,Mujeres,Quintil alto,Centro,Cuidadores domesticos,Motorizados privados,206.11,0,206.11,95.4785214,168,45.08,168.89004319999998,461.0274218799999
7953,57.27,39.53,6.47,64.72999999999999,2.031556,11.117203439999997,168,14317-1-01,60 o mas,Mujeres,Quintil bajo,Norte,Trabajadores moviles,Motorizados privados,67.77,105.75,-37.980000000000004,49.09720344,168,46,105.23000868000001,198.68158468000004
7955,5.17,34.74,8.52,119.57000000000001,2.964648,15.32723016,168,14320-1-02,18 a 29,Mujeres,Quintil alto,Centro,Trabajadores moviles,Motorizados privados,0,0,0,15.32723016,168,43.260000000000005,0,128.25067247999996
7958,53.85,52.9,8.65,52.60000000000001,7.878642,290.33487019999995,168,14330-1-02,30 a 44,Hombres,Quintil medio,Centro,Cuidadores domesticos,Motorizados privados,166.07,0,166.07,124.26487019999999,168,61.55,133.93000150000006,618.8604166
7969,49.06,41.64,8.82,68.47999999999999,5.89097,108.12363517894741,168,14349-1-01,60 o mas,Mujeres,Quintil medio,Centro,Trabajadores rutinarios,Motorizados privados,148.06,78.9473684210526,69.1126315789474,39.0110036,168,50.46,180.88735302105263,478.1456992210526
7971,60.35,35.49,11.02,61.14,3.006608,181.4487928,168,14351-1-02,60 o mas,Mujeres,Quintil bajo,Centro,Cuidadores domesticos,Motorizados privados,0,0,0,181.4487928,168,46.510000000000005,0,139.83733807999997
7980,60.61,35.08,7.02,65.29,2.383996,104.17399409000001,168,14363-1-02,45 a 59,Hombres,Quintil bajo,Centro,Trabajadores moviles,Motorizados privados,59.68,0,59.68,44.49399409,168,42.099999999999994,40.32000346999999,140.68623506999995
7981,49.67,63.6,7,47.73,6.653058,158.2174056,168,14366-1-01,30 a 44,Hombres,Quintil medio,Norte,Jovenes trabajadores,Motorizados privados,127.76000000000002,0,127.76000000000002,30.4574056,168,70.6,172.23998525999997,641.94588006
7986,64.31,43.21,6.77,53.709999999999994,2.690282,111.93946414851061,168,14377-1-01,30 a 44,Mujeres,Quintil bajo,Sur,Jovenes trabajadores,Motorizados privados,72.97000000000001,21.5425531914894,51.42744680851061,60.51201734000001,168,49.980000000000004,61.07257127148938,195.5328656314894
7988,11.23,26.16,7.67,122.94000000000001,1.141627,12.820470120000001,168,14379-1-03,18 a 29,Hombres,Quintil bajo,Norte,Rutina flexible,Motorizados privados,0,0,0,12.820470120000001,168,33.83,1.0899999978164487e-6,38.62124249999998
7995,71.44,24.18,14.38,57.99999999999999,2.276797,99.77440536,168,14393-1-01,30 a 44,Hombres,Quintil bajo,Sur,Trabajadores rutinarios,Motorizados privados,62.120000000000005,0,62.120000000000005,37.65440536,168,38.56,62.87997232000001,150.67326464
7998,62.87,40.13,8.15,56.85,2.506619,89.85111884999999,168,14396-1-02,45 a 59,Mujeres,Quintil bajo,Sur,Trabajadores rutinarios,Motorizados privados,44.75999999999999,0,44.75999999999999,45.09111885,168,48.28,67.74001768000001,188.75958300000008
8006,67.65,25.88,11.11,63.36,3.076717,88.2963151388889,168,14402-1-03,30 a 44,Mujeres,Quintil alto,Sur,Trabajadores rutinarios,Motorizados privados,102.83,90.1736111111111,12.656388888888898,75.63992625,168,36.989999999999995,119.84358991111111,233.65135174111109
8008,56.15,49.19,8.66,54,16.238109,412.54520640540545,168,14404-1-01,45 a 59,Hombres,Quintil alto,Sur,Trabajadores moviles,Motorizados privados,470.37,94.5945945945946,375.7754054054054,36.769801,168,57.849999999999994,499.2246139445946,1438.5992195945946
8009,46.18,44.91,10.8,66.11,3.144568,145.21615024,168,14404-1-03,45 a 59,Mujeres,Quintil alto,Sur,Rutina flexible,Motorizados privados,0,0,0,145.21615024,168,55.709999999999994,0,175.18388328000003
8014,49.29,41.8,14.34,62.57000000000001,3.136588,154.60242252,168,14416-1-02,30 a 44,Mujeres,Quintil alto,Norte,Cuidadores domesticos,Motorizados privados,0,0,0,154.60242252,168,56.14,0,176.08805031999998
8015,48.43,49.44,9.39,60.739999999999995,15.513501,404.79885687,168,14419-1-01,60 o mas,Hombres,Quintil alto,Sur,Trabajadores moviles,Motorizados privados,403.48,0,403.48,1.3188568699999998,168,58.83,346.51999656,1259.17926039
8016,19.76,64.61,12.98,70.65,3.067675,60.61725800000001,168,14419-1-02,60 o mas,Mujeres,Quintil alto,Sur,Rutina flexible,Motorizados privados,0,0,0,60.61725800000001,168,77.59,0,238.02090325
8018,56.77,35.35,7.04,68.83999999999999,2.929302,166.29647454,168,14422-1-02,30 a 44,Mujeres,Quintil bajo,Centro,Cuidadores domesticos,Motorizados privados,0,0,0,166.29647454,168,42.39,0,124.17311178000003
8019,79.65,24.53,7.96,55.85999999999999,4.478296,231.1744607681818,168,14423-1-01,30 a 44,Hombres,Quintil alto,Centro,Cuidadores domesticos,Motorizados privados,192.66,68.1818181818182,124.4781818181818,106.69627894999999,168,32.49,125.52181563181824,271.0216526718183
8021,48.34,64.58,3.37,51.71,5.075461,161.75778695999998,168,14425-1-03,18 a 29,Mujeres,Quintil medio,Sur,Jovenes trabajadores,Motorizados privados,91.41,0,91.41,70.34778696,168,67.95,83.58999778000003,428.4675727299999
8025,49.51,41.47,5.89,71.13000000000001,3.175053,157.19687403,168,14436-1-02,30 a 44,Mujeres,Quintil bajo,Norte,Cuidadores domesticos,Motorizados privados,0,0,0,157.19687403,168,47.36,0,150.37051007999997
8026,9.8,18.85,5.55,133.79999999999998,2.926073,28.675515400000002,168,14437-1-01,45 a 59,Mujeres,Quintil bajo,Sur,Cuidadores domesticos,Motorizados privados,0,0,0,28.675515400000002,168,24.400000000000002,0,71.39618120000006
8045,14.41,75.61,9.5,68.48,3.110975,7.506295077142798,168,14466-1-04,18 a 29,Mujeres,Quintil alto,Norte,Rutina flexible,Motorizados privados,32.32,32.1428571428572,0.17714285714279754,7.32915222,168,85.11,37.322854672857204,302.0979369228572
8048,52.03,38.76,13.59,63.620000000000005,6.956573,107.38663844831302,168,14470-1-02,45 a 59,Hombres,Quintil medio,Norte,Trabajadores rutinarios,Motorizados privados,211.4,140.963855421687,70.43614457831302,36.95049387,168,52.349999999999994,254.56385474168695,618.7404512916869
8049,32.01,48.75,11.75,75.49000000000001,7.023171,96.81171192000002,168,14471-1-01,45 a 59,Hombres,Quintil bajo,Norte,Rutina flexible,Motorizados privados,72.00000000000001,0,72.00000000000001,24.81171192,168,60.5,127.99999178999994,552.9018372899999
8050,55.74,44.36,11.06,56.83999999999999,2.428077,61.267043695849104,168,14476-1-02,45 a 59,Mujeres,Quintil bajo,Sur,Trabajadores rutinarios,Motorizados privados,72.86,59.4339622641509,13.4260377358491,47.841005960000004,168,55.42,74.07396828415091,208.6379956241509
8051,77.29,25.66,10.01,55.04,2.117312,119.19702762,168,14477-1-01,30 a 44,Hombres,Quintil bajo,Centro,Trabajadores moviles,Motorizados privados,80.55,0,80.55,38.647027619999996,168,35.67,44.450016860000034,119.97453590000003
8054,67.34,17.84,9.48,73.33999999999999,4.653685,100.999926970811,168,14481-1-01,45 a 59,Mujeres,Quintil alto,Centro,Cuidadores domesticos,Motorizados privados,226.81,189.189189189189,37.62081081081101,63.37911616,168,27.32,212.37922092918902,339.5178951291891
8055,65.01,28.72,12.57,61.699999999999996,3.511601,47.778379979189,168,14481-1-02,60 o mas,Hombres,Quintil alto,Centro,Cuidadores domesticos,Motorizados privados,192.8,335.810810810811,-143.010810810811,190.78919079,168,41.29,180.51080103081102,325.5048063208111
8061,46.85,31.77,10.93,78.45000000000002,3.252871,152.39700635,168,14490-1-03,30 a 44,Mujeres,Quintil bajo,Norte,Cuidadores domesticos,Motorizados privados,0,0,0,152.39700635,168.00000000000003,42.7,0,138.89759169999994
8067,48.73,23.65,10.96,84.66,3.221759,156.99631607,168,14500-1-02,30 a 44,Mujeres,Quintil bajo,Centro,Cuidadores domesticos,Motorizados privados,0,0,0,156.99631607,168,34.61,0,111.50507898999999
8076,68.52,33.94,6.37,59.17000000000001,7.941392,334.49418316000003,168,14521-1-01,45 a 59,Hombres,Quintil medio,Sur,Trabajadores rutinarios,Motorizados privados,290.35,0,290.35,44.144183160000004,168,40.309999999999995,209.64999667999996,529.7675081999998
8077,67.5,34.17,8.44,57.89,2.692023,126.8608737142857,168,14523-1-01,45 a 59,Hombres,Quintil bajo,Centro,Cuidadores domesticos,Motorizados privados,87.56,42.4107142857143,45.1492857142857,81.71158799999999,168,42.61,54.85067878571428,169.55777881571427
8078,54.35,34.27,13.67,65.71,3.816232,0.7806479384610157,168,14526-1-01,60 o mas,Hombres,Quintil bajo,Centro,Trabajadores rutinarios,Motorizados privados,106.83000000000001,138.461538461539,-31.63153846153898,32.412186399999996,168,47.940000000000005,206.631561261539,389.581723341539
8079,61.59,34.59,14.09,57.72999999999999,5.353192,154.12311029,168,14528-1-01,45 a 59,Hombres,Quintil bajo,Sur,Trabajadores rutinarios,Motorizados privados,149.42,0,149.42,4.70311029,168,48.68000000000001,175.57998499,436.17337155000007
8081,50.92,50.58,13.63,52.87,3.856603,87.56824076,168,14530-1-01,45 a 59,Hombres,Quintil bajo,Norte,Jovenes trabajadores,Motorizados privados,53.69,0,53.69,33.87824076,168,64.21,108.809984,356.44246262999997
8083,30.26,61.93,5.05,70.76,3.108459,94.06196933999999,168,14534-1-01,30 a 44,Mujeres,Quintil bajo,Centro,Rutina flexible,Motorizados privados,0,0,0,94.06196933999999,168,66.98,1.4210854715202004e-14,208.20458381999995
8085,69.37,29.72,9.38,59.529999999999994,7.06839,329.4341901,168,14538-1-01,30 a 44,Hombres,Quintil alto,Centro,Trabajadores rutinarios,Motorizados privados,239.10000000000002,0,239.10000000000002,90.3341901,168,39.1,160.90002420000002,437.2740732
8090,49.98,33.33,22.23,62.46000000000001,25.919867,558.45498074,168,14551-1-01,60 o mas,Mujeres,Quintil alto,Sur,Trabajadores rutinarios,Motorizados privados,512.98,0,512.98,45.47498073999999,168,55.56,737.0199719199999,2177.12778244
8092,55.53,34.33,7.82,70.32,3.015956,167.47603668000002,168,14554-1-01,30 a 44,Mujeres,Quintil medio,Sur,Cuidadores domesticos,Motorizados privados,0,0,0,167.47603668000002,168,42.15,0,127.1225454
8095,57.37,37.71,8.6,64.32,2.507631,89.15276706,168,14559-1-01,30 a 44,Hombres,Quintil bajo,Centro,Trabajadores rutinarios,Motorizados privados,60.290000000000006,0,60.290000000000006,28.862767059999996,168,46.31,54.71002340999999,170.83841501999999
8096,69.14,50.25,6.3,42.31,5.0707700000000004,202.92301743999997,168,14561-1-01,30 a 44,Mujeres,Quintil bajo,Sur,Rutina flexible,Motorizados privados,189.82999999999998,75,114.82999999999998,88.09301744,168,56.55,147.67002036000008,434.4220638600001
8097,39.35,39.09,10.67,78.89,2.301997,85.66335129186047,168,14562-1-07,18 a 29,Mujeres,Quintil bajo,Norte,Rutina flexible,Motorizados privados,3.51,0.930232558139535,2.579767441860465,83.08358385,168,49.760000000000005,4.920230658139545,119.46760137813953
8099,5.89,64.48,4.41,93.22000000000001,3.072823,18.09892747,168,14563-1-02,18 a 29,Hombres,Quintil bajo,Norte,Rutina flexible,Motorizados privados,0,0,0,18.09892747,168,68.89,0,211.68677646999996
8101,5.77,20.42,6.45,135.36,3.116438,17.98184726,168,14564-1-03,18 a 29,Mujeres,Quintil bajo,Norte,Rutina flexible,Motorizados privados,0,0,0,17.98184726,168,26.87,0,83.73868905999997
8105,57.04,40,12.25,58.71000000000001,9.279096,233.66965904,168,14569-1-01,45 a 59,Hombres,Quintil medio,Norte,Trabajadores rutinarios,Motorizados privados,179.39,0,179.39,54.27965904,168,52.25,295.60997679999997,780.4427427999999
8107,41.04,30.3,7,89.66000000000001,3.11963,35.722457222857095,168,14570-1-01,60 o mas,Hombres,Quintil bajo,Centro,Trabajadores rutinarios,Motorizados privados,50.55,17.8571428571429,32.69285714285709,3.02960008,168,37.3,92.30715797714291,208.66935697714288
8109,63.52,19.8,5.02,79.66,2.345595,63.5222168,168,14573-1-01,45 a 59,Hombres,Quintil bajo,Centro,Trabajadores rutinarios,Motorizados privados,52.03,37.5,14.530000000000001,48.9922168,168,24.82,85.469977599999993,143.6876455
8111,16.78,68.58,7.31,75.33,3.155093,52.94246054,168,14577-1-02,45 a 59,Hombres,Quintil bajo,Centro,Rutina flexible,Motorizados privados,0,0,0,52.94246054,168,75.89,0,239.44000776999997
8113,49.92,45.93,10.48,61.67,7.624482,215.18416159999998,168,14578-1-01,30 a 44,Hombres,Quintil bajo,Sur,Jovenes trabajadores,Motorizados privados,184.57,0,184.57,30.6141616,168,56.41,165.42997984000004,595.52700946
8114,64.63,27.25,11.41,64.71000000000001,3.497522,123.84482046,168,14581-1-01,45 a 59,Hombres,Quintil bajo,Norte,Trabajadores rutinarios,Motorizados privados,72.8,0,72.8,51.04482046,168,38.66,102.20002639999998,237.41422691999998
8119,90.73,27.98,5.51,43.779999999999994,6.351222,359.34638216,168,14592-1-02,30 a 44,Mujeres,Quintil alto,Norte,Cuidadores domesticos,Motorizados privados,233.1,0,233.1,126.24638216000001,168,33.49,216.89998989999998,429.60241468
8120,61.09,31.02,11.87,64.02,6.370717,252.48711973999997,168,14599-1-01,30 a 44,Mujeres,Quintil medio,Sur,Trabajadores rutinarios,Motorizados privados,188.29999999999998,0,188.29999999999998,64.18711974,168,42.89,136.69998179000004,409.9400339200001
8121,51.56,37.37,9.15,69.91999999999999,5.053649,165.92615492,168,14599-1-02,30 a 44,Hombres,Quintil medio,Sur,Trabajadores rutinarios,Motorizados privados,130.35999999999999,0,130.35999999999999,35.56615492,168,46.519999999999996,94.63998752000003,329.7357390000001
8123,4.05,70.89,7.36,85.69999999999999,3.172124,12.8471022,168,14603-1-05,18 a 29,Mujeres,Quintil medio,Norte,Rutina flexible,Motorizados privados,0,0,0,12.8471022,168,78.25,0,248.21870300000006
8125,68.07,19.95,11.16,68.82000000000001,2.797684,157.01835825,168,14608-1-03,18 a 29,Mujeres,Quintil bajo,Norte,Cuidadores domesticos,Motorizados privados,29.08,0,29.08,127.93835825,168,31.11,33.41999162999997,120.45594086999995
8126,37.37,49.12,8.35,73.16,1.736707,51.530758590000005,168,14608-1-05,18 a 29,Hombres,Quintil bajo,Norte,Rutina flexible,Motorizados privados,11.63,0,11.63,39.90075859,168,57.47,13.369981999999993,113.17853328999999
8128,85.56,9.98,12.09,60.36999999999999,3.162921,247.17946820000003,168,14614-1-01,45 a 59,Mujeres,Quintil bajo,Centro,Cuidadores domesticos,Motorizados privados,109.06000000000002,0,109.06000000000002,138.1194682,168,22.07,23.44005255999997,93.24571902999998
8135,20.82,42.01,10.91,94.26000000000002,3.005524,62.57500968,168,14627-1-01,45 a 59,Mujeres,Quintil bajo,Sur,Rutina flexible,Motorizados privados,0,0,0,62.57500968,168,52.92,0,159.05233007999993
8137,64.43,27.23,7.99,68.35,3.729984,174.13288819000002,168,14634-1-02,30 a 44,Mujeres,Quintil bajo,Norte,Trabajadores moviles,Motorizados privados,71.31,0,71.31,102.82288819,168,35.22,66.18998093000002,197.56001741
8146,42.48,51.8,6.08,67.64000000000001,10.193202,210.74722064000002,168,14650-1-01,30 a 44,Hombres,Quintil medio,Norte,Jovenes trabajadores,Motorizados privados,202.74,0,202.74,8.00722064,168,57.879999999999995,222.2600003199999,812.2425320799998
8147,62.14,58.22,4.91,42.730000000000004,3.550148,148.8461879,168,14652-1-01,45 a 59,Hombres,Quintil bajo,Centro,Jovenes trabajadores,Motorizados privados,93.24,0,93.24,55.6061879,168,63.129999999999995,71.76000882000002,295.88085206000005
8150,60.49,36.12,8.16,63.22999999999999,11.131173,317.28466417,168,14660-1-01,45 a 59,Hombres,Quintil alto,Norte,Trabajadores moviles,Motorizados privados,268.96,0,268.96,48.324664170000005,168,44.28,356.03999060000007,848.9283310400001
8157,46.64,49.56,14.64,57.16,9.044461,133.31819345454505,168,14676-1-01,30 a 44,Hombres,Quintil alto,Norte,Jovenes trabajadores,Motorizados privados,266.03000000000003,154.545454545455,111.48454545454504,21.833647999999997,168,64.2,288.5154675854549,869.1698637854549
8158,72.67,22.92,7.27,65.14,2.620115,82.20919764545451,168,14676-1-02,30 a 44,Mujeres,Quintil alto,Norte,Trabajadores rutinarios,Motorizados privados,99.76,57.9545454545455,41.8054545454545,40.4037431,168,30.19,108.19455940454552,187.2958312545455
8165,66.54,18.35,6.19,76.91999999999999,2.699117,120.06922467999999,168,14701-1-01,30 a 44,Mujeres,Quintil bajo,Centro,Trabajadores moviles,Motorizados privados,65.47,0,65.47,54.59922468,168,24.540000000000003,59.530020500000035,125.76635168000007
8166,49.53,36,9.95,72.52,3.391465,167.97926145000002,168,14704-1-01,45 a 59,Hombres,Quintil bajo,Centro,Cuidadores domesticos,Motorizados privados,0,0,0,167.97926145000002,168,45.95,0,155.83781675
8170,67.86,33.56,7.03,59.55,37.29958,676.7194852199999,168,14708-1-01,45 a 59,Hombres,Quintil alto,Norte,Trabajadores rutinarios,Motorizados privados,645.5699999999999,0,645.5699999999999,31.14948522,168,40.59,1854.43001358,3368.41996578
8172,51.57,33.48,13.06,69.89000000000001,21.243463,385.3353829900001,168,14710-1-01,45 a 59,Hombres,Quintil alto,Centro,Trabajadores rutinarios,Motorizados privados,364.81000000000006,0,364.81000000000006,20.525382989999997,168,46.54,710.1900039199999,1698.8607719399993
8177,52.54,44.61,10.44,60.41000000000001,5.028351,164.30958164,168,14718-1-02,30 a 44,Hombres,Quintil medio,Norte,Jovenes trabajadores,Motorizados privados,125.12,0,125.12,39.18958164,168,55.05,99.8799799,376.6907024499999
8181,52.51,53.27,8.21,54.010000000000005,2.812976,81.94936883999999,168,14728-1-03,18 a 29,Hombres,Quintil medio,Norte,Jovenes trabajadores,Motorizados privados,59.239999999999995,0,59.239999999999995,22.709368839999996,168,61.480000000000004,65.76000092,238.7017654
8189,66.76,37.77,13.54,49.92999999999999,2.445797,108.61138676,168,14748-1-01,45 a 59,Hombres,Quintil bajo,Centro,Cuidadores domesticos,Motorizados privados,60.33,0,60.33,48.281386760000004,168,51.31,54.67002096000003,180.16386503
8198,69.3,30.5,9.12,59.080000000000005,7.629875,291.7403641,168,14768-1-01,30 a 44,Hombres,Quintil medio,Sur,Trabajadores rutinarios,Motorizados privados,262.99,0,262.99,28.750364100000002,168,39.62,237.00997339999998,539.3056208999999
8200,59.05,14.24,11.41,83.30000000000001,3.050203,180.11448715,168,14769-1-03,18 a 29,Mujeres,Quintil bajo,Norte,Cuidadores domesticos,Motorizados privados,0,0,0,180.11448715,168,25.65,0,78.23770694999996
8205,72.49,45.22,8.91,41.38000000000001,5.73133,300.34409757000003,168,14776-1-01,30 a 44,Mujeres,Quintil bajo,Centro,Rutina flexible,Motorizados privados,209.88,0,209.88,90.46409757,168,54.129999999999995,115.1200141299999,425.3569070299999
8208,58.31,35.74,7.06,66.88999999999999,2.893776,117.45604151999999,168,14782-1-01,30 a 44,Mujeres,Quintil bajo,Norte,Jovenes trabajadores,Motorizados privados,63.71999999999999,0,63.71999999999999,53.73604151999999,168,42.800000000000004,51.280037040000025,175.13364984000003
8210,71.13,20.48,8.15,68.24,5.319654,163.5427093357143,168,14798-1-02,30 a 44,Mujeres,Quintil alto,Norte,Trabajadores rutinarios,Motorizados privados,170.87,85.7142857142857,85.15571428571431,78.38699505,168,28.630000000000003,214.84427968428568,367.14597370428567
8211,51.9,29.34,13.77,72.99,2.893914,99.0709834468469,168,14801-1-02,60 o mas,Mujeres,Quintil medio,Sur,Cuidadores domesticos,Motorizados privados,52.029999999999994,103.1531531531531,-51.123153153153105,150.1941366,168,43.11,51.12315315315311,175.87978569315314
8212,52.2,37.35,13.14,65.30999999999999,2.609316,18.624030147747998,168,14801-1-03,30 a 44,Mujeres,Quintil medio,Sur,Trabajadores rutinarios,Motorizados privados,119.67,122.252252252252,-2.5822522522520046,21.206282400000003,168,50.49,117.58226505225203,249.32662989225207
8214,51.14,41.32,10.24,65.3,4.055491,107.96779975999999,168,14804-1-01,45 a 59,Hombres,Quintil bajo,Centro,Trabajadores rutinarios,Motorizados privados,88.07,0,88.07,19.897799759999998,168,51.56,99.43000998000002,308.53112594000004
8228,24.99,54.62,8.36,80.02999999999999,3.039581,75.95912919000001,168,14836-1-02,18 a 29,Mujeres,Quintil bajo,Sur,Rutina flexible,Motorizados privados,0,0,0,75.95912919000001,168,62.98,-1.4210854715202004e-14,191.43281138000003
8230,51.17,50.24,7.91,58.68000000000001,9.201571,254.36438739000002,168,14839-1-01,45 a 59,Mujeres,Quintil medio,Sur,Jovenes trabajadores,Motorizados privados,233.52,0,233.52,20.844387389999998,168,58.150000000000006,216.48000067999996,751.5513543299999
8231,66.07,25.85,11.22,64.86000000000001,0.852701,56.33797741,168,14840-1-01,60 o mas,Hombres,Quintil bajo,Norte,Trabajadores rutinarios,Motorizados privados,0,0,0,56.33797741,168,37.07,-2.2340000001008775e-5,31.609603729999996
8232,77.01,26.82,5.37,58.79999999999999,4.75322,242.81552117999996,168,14842-1-01,45 a 59,Mujeres,Quintil alto,Sur,Cuidadores domesticos,Motorizados privados,126.77,0,126.77,116.04552117999998,168,32.19,123.22995102000004,276.2361028200001
8234,61.39,45.12,6.88,54.61,2.898246,104.62332691,168,14844-1-02,45 a 59,Mujeres,Quintil bajo,Centro,Jovenes trabajadores,Motorizados privados,54.2,0,54.2,50.42332691,168,52,73.29999502999999,224.00878703
8236,61.97,52.33,8.23,45.47,3.036728,134.89603856000002,168,14846-1-01,30 a 44,Hombres,Quintil bajo,Norte,Jovenes trabajadores,Motorizados privados,71.71000000000001,0,71.71000000000001,63.18603856,168,60.56,53.28999559999997,237.19424327999997
8237,48.41,41.14,6.13,72.32000000000001,1.343773,90.25204641,168,14847-1-01,30 a 44,Hombres,Quintil bajo,Sur,Trabajadores rutinarios,Motorizados privados,50.2,0,50.2,40.05204641,168,47.27,-25.19999548,38.32015423
8243,49.71,58.39,11.47,48.42999999999999,2.595267,36.2873799681416,168,14871-1-03,18 a 29,Hombres,Quintil bajo,Centro,Jovenes trabajadores,Motorizados privados,65.02,42.7433628318584,22.276637168141598,14.010742800000001,168,69.86,92.7233426018584,274.02869522185847
8247,59.94,39.37,7.11,61.58,4.588272,211.82102016000002,168,14893-1-01,30 a 44,Mujeres,Quintil bajo,Sur,Trabajadores rutinarios,Motorizados privados,174.3,0,174.3,37.52102016,168,46.48,63.20000351999997,276.46288608
8249,8.77,60.23,7,92,3.108041,27.25751957,168,14893-1-03,18 a 29,Mujeres,Quintil bajo,Sur,Rutina flexible,Motorizados privados,0,0,0,27.25751957,168,67.22999999999999,0,208.95359643
8258,71.85,27.09,5.39,63.67,3.568754,178.9449617,168,14903-1-01,45 a 59,Mujeres,Quintil bajo,Norte,Cuidadores domesticos,Motorizados privados,62.53,40,22.53,156.4149617,168,32.48,77.47001320000001,193.38314312000003
8268,47.92,43.65,11.13,65.30000000000001,0.509446,24.41266344,168,14930-1-01,45 a 59,Hombres,Quintil bajo,Sur,Trabajadores rutinarios,Motorizados privados,0,0,0,24.41266344,168,54.78,-1.1119999999920083e-5,27.90744075999999
8275,56.83,36.13,13.75,61.28999999999999,11.90363,320.88115172787883,168,14937-1-02,30 a 44,Hombres,Quintil alto,Sur,Trabajadores rutinarios,Motorizados privados,359.36,89.9621212121212,269.3978787878788,51.48327293999999,168,49.88,355.6021411721211,949.3552055721211
8276,85.43,18.34,11.85,52.37999999999999,3.066753,261.99270879,168,14938-1-02,45 a 59,Mujeres,Quintil bajo,Centro,Cuidadores domesticos,Motorizados privados,0,0,0,261.99270879,168,30.189999999999998,0,92.58527307000003
8278,68.09,41.57,15.48,42.86,4.9193,219.89516960999998,168,14941-1-01,18 a 29,Mujeres,Quintil medio,Sur,Jovenes trabajadores,Motorizados privados,159.94,0,159.94,59.95516961,168,57.05,115.05996739,395.70603238999996
8281,60.24,31.44,7.43,68.88999999999999,2.371173,94.32946144,168,14947-1-02,45 a 59,Hombres,Quintil medio,Centro,Trabajadores moviles,Motorizados privados,51.49,0,51.49,42.83946144,168,38.870000000000005,48.51000008000001,140.67749459000004
8282,11.99,47.28,15.76,92.96999999999998,3.357449,40.25581351,168,14950-1-01,45 a 59,Hombres,Quintil bajo,Centro,Rutina flexible,Motorizados privados,0,0,0,40.25581351,168,63.04,0,211.65358496000005
8283,60.65,55.7,5.98,45.66999999999999,2.998058,91.499229477027,168,14953-1-02,18 a 29,Mujeres,Quintil bajo,Sur,Jovenes trabajadores,Motorizados privados,117.64,72.972972972973,44.667027027027004,46.83220245,168,61.68000000000001,90.332988222973,275.2532056629731
8284,30.96,59.64,4.28,73.11999999999999,2.327257,27.962099543687202,168,14954-1-05,18 a 29,Hombres,Quintil medio,Norte,Rutina flexible,Motorizados privados,22.67,16.7597765363128,5.910223463687203,22.05187608,168,63.92,44.08977717631279,192.84804461631282
8290,54.43,44.08,5.78,63.709999999999994,13.562615,192.7147699816216,168,14966-1-01,45 a 59,Mujeres,Quintil alto,Centro,Trabajadores moviles,Motorizados privados,257.88,78.3783783783784,179.5016216216216,13.213148359999998,168,49.86,545.4983644683784,1221.7303483683784
8292,46.16,62.08,9.89,49.870000000000005,5.864606,112.70293581509671,168,14974-1-01,45 a 59,Hombres,Quintil alto,Centro,Jovenes trabajadores,Motorizados privados,124.12,32.1272613849033,91.9927386150967,20.710197200000003,168,71.97,158.00727714490327,580.0829709649033
8293,45.81,44.51,14.57,63.11000000000001,11.296311,201.4594869901934,168,14974-1-04,18 a 29,Hombres,Quintil alto,Centro,Trabajadores rutinarios,Motorizados privados,248.23000000000002,64.2545227698066,183.9754772301934,17.48400976,168,59.08,316.02451991980655,983.4105737998063
8294,76.45,22.72,4.94,63.89,6.071827,196.1212102,168,14975-1-01,30 a 44,Hombres,Quintil alto,Norte,Trabajadores rutinarios,Motorizados privados,181.93,0,181.93,14.191210200000002,168,27.66,268.06996395,436.01669877
8298,59.33,46.38,5.66,56.629999999999995,4.995277,218.3561478563636,168,14982-1-01,30 a 44,Hombres,Quintil bajo,Sur,Cuidadores domesticos,Motorizados privados,120.85000000000001,23.8636363636364,96.9863636363636,121.36978422,168,52.040000000000006,78.01363655363636,337.9678516336364
8299,57.77,43.72,8.38,58.12999999999999,3.741098,171.54685927363641,168,14982-1-02,30 a 44,Mujeres,Quintil bajo,Sur,Cuidadores domesticos,Motorizados privados,69.06,13.6363636363636,55.423636363636405,116.12322291000001,168,52.1,44.576372186363585,239.4875779863636
8301,31.15,62.83,5.61,68.41,3.03792,94.631208,168,14987-1-02,30 a 44,Mujeres,Quintil bajo,Sur,Rutina flexible,Motorizados privados,0,0,0,94.631208,168,68.44,0,207.91524480000004
8310,64,38.15,8.78,57.06999999999999,2.65471,91.84142,168,15001-1-04,45 a 59,Hombres,Quintil medio,Centro,Trabajadores rutinarios,Motorizados privados,46.94,0,46.94,44.90142,168,46.93,78.06002000000001,202.64556030000003
8311,70.61,27.64,11.95,57.8,3.109728,141.51789030999998,168,15001-1-05,45 a 59,Mujeres,Quintil medio,Centro,Cuidadores domesticos,Motorizados privados,46.94,0,46.94,94.57789030999999,168,39.59,78.06000377000001,201.17413529000004
8312,42.59,14.41,24.39,86.61,3.016952,128.49198568,168,15003-1-02,45 a 59,Mujeres,Quintil bajo,Norte,Cuidadores domesticos,Motorizados privados,0,0,0,128.49198568,168,38.8,0,117.0577376
8328,90.3,19.44,7.25,51.010000000000005,4.869555,230.14085269999995,168,15034-1-01,30 a 44,Mujeres,Quintil medio,Centro,Cuidadores domesticos,Motorizados privados,260.41999999999996,170,90.41999999999996,139.7208527,168,26.69,209.57996380000006,339.54838674999996
8332,59.93,41.76,4.36,61.95,4.320351,167.67864047,168,15040-1-02,18 a 29,Hombres,Quintil medio,Centro,Jovenes trabajadores,Motorizados privados,108.76,0,108.76,58.91864047,168,46.12,91.23999495999999,290.4945830799999
8334,60.34,23.37,9.8,74.49,4.937326,161.48826798,168,15042-1-02,30 a 44,Hombres,Quintil bajo,Centro,Trabajadores rutinarios,Motorizados privados,141.07,0,141.07,20.41826798,168,33.17,136.42998286,300.20108628
8336,56.18,36.8,13.22,61.8,7.114251,238.26860278,168,15048-1-01,30 a 44,Hombres,Quintil medio,Centro,Trabajadores rutinarios,Motorizados privados,188.59,0,188.59,49.678602780000006,168,50.019999999999996,161.41001839999998,517.26485342
8343,46.59,23.46,10.89,87.05999999999999,2.925421,136.29536439,168,15067-1-03,60 o mas,Mujeres,Quintil alto,Centro,Cuidadores domesticos,Motorizados privados,0,0,0,136.29536439,168,34.35,0,100.48821135000003
8347,44.82,53.9,10.48,58.8,4.240256,125.16826172000002,168,15076-1-01,30 a 44,Hombres,Quintil bajo,Sur,Jovenes trabajadores,Motorizados privados,110.12000000000002,0,110.12000000000002,15.048261720000001,168,64.38,64.88001219999997,337.86769347999996
8356,61.3,32.23,11.29,63.18,1.822954,82.43707739999999,168,15092-1-01,45 a 59,Hombres,Quintil bajo,Centro,Trabajadores rutinarios,Motorizados privados,40.69,0,40.69,41.7470774,168,43.519999999999996,29.310002800000007,108.64496087999999
8357,69.44,25.75,12.61,60.2,1.230544,85.4489832,168,15097-1-01,30 a 44,Hombres,Quintil bajo,Norte,Cuidadores domesticos,Motorizados privados,0,0,0,85.4489832,168,38.36,-7.839999994985192e-6,47.20366
8361,58.76,45.46,7.46,56.32000000000001,5.845429,203.99740319999998,168,15103-1-02,30 a 44,Mujeres,Quintil medio,Centro,Trabajadores moviles,Motorizados privados,280.52,120,160.51999999999998,43.477403200000005,168,52.92,139.48000484000002,448.82010751999997
8363,62.98,38.2,10.36,56.46000000000001,6.892039,240.7706354,168,15105-1-01,45 a 59,Mujeres,Quintil medio,Centro,Trabajadores moviles,Motorizados privados,181.71,0,181.71,59.0606354,168,48.56,193.28998081999993,527.9673946599999
8372,48.33,22.5,9.18,87.99000000000001,3.123041,74.08657153,168,15120-1-01,60 o mas,Hombres,Quintil bajo,Centro,Cuidadores domesticos,Motorizados privados,77.64999999999999,154.5,-76.85000000000001,150.93657153,168,31.68,76.85000000000001,175.78793888
8376,56.27,15.61,8.72,87.39999999999999,4.723074,110.0850808236653,168,15125-1-04,30 a 44,Hombres,Quintil alto,Sur,Trabajadores rutinarios,Motorizados privados,151.25,66.9322709163347,84.3177290836653,25.76735174,168,24.33,155.68229315633477,270.5946835763348
8377,88.02,17.09,8.25,54.64,1.71906,127.85169607999998,168,15126-1-02,45 a 59,Mujeres,Quintil bajo,Norte,Cuidadores domesticos,Motorizados privados,26.54,0,26.54,101.31169607999999,168,25.34,23.45996512000002,67.02094552000003
8380,46.5,44.07,9.66,67.77000000000001,3.722072,74.996352,168,15131-1-01,60 o mas,Hombres,Quintil bajo,Centro,Trabajadores rutinarios,Motorizados privados,51.919999999999995,0,51.919999999999995,23.076352,168,53.730000000000004,98.079996,298.06692455999996
8381,26.48,36.47,8.59,96.46000000000001,3.031017,80.26133016,168,15131-1-02,60 o mas,Mujeres,Quintil bajo,Centro,Rutina flexible,Motorizados privados,0,0,0,80.26133016,168,45.06,0,136.57762601999997
8383,74.59,40,4.34,49.06999999999999,2.239292,111.31879183000001,168,15135-1-01,45 a 59,Hombres,Quintil bajo,Centro,Cuidadores domesticos,Motorizados privados,44.29,0,44.29,67.02879183,168,44.34,55.70999845,155.00020573
8385,35.94,58.94,14,59.120000000000005,4.9474,117.8295613,168,15140-1-01,18 a 29,Hombres,Quintil bajo,Sur,Jovenes trabajadores,Motorizados privados,115.02,0,115.02,2.8095613,168,72.94,59.97999469999999,420.8433507
8386,66.63,43.55,3.46,54.36000000000001,2.937126,108.95070057,168,15141-1-01,45 a 59,Hombres,Quintil bajo,Sur,Jovenes trabajadores,Motorizados privados,53.25,0,53.25,55.700700569999995,168,47.01,86.75000481,224.82429807
8392,73.92,36.1,6.53,51.449999999999996,3.396537,200.32200064,168,15151-1-01,30 a 44,Hombres,Quintil bajo,Sur,Cuidadores domesticos,Motorizados privados,99.25000000000001,0,99.25000000000001,101.07200063999998,168,42.63,50.7500144,195.54438671000003
8395,56.1,15.46,22.4,74.03999999999999,4.468667,112.2522361,168,15155-1-02,45 a 59,Hombres,Quintil bajo,Norte,Trabajadores rutinarios,Motorizados privados,86.56,0,86.56,25.6922361,168,37.86,138.4399826,307.62371522
8404,19.82,43.12,6.05,99.01,3.070261,23.873215221834904,168,15178-1-02,60 o mas,Mujeres,Quintil bajo,Norte,Rutina flexible,Motorizados privados,35.75,72.7293577981651,-36.9793577981651,60.85257302,168,49.169999999999995,36.9793577981651,187.94409116816507
8412,57.31,36.59,15.55,58.55,7.456778,193.28759858791852,168,15197-1-01,60 o mas,Mujeres,Quintil medio,Centro,Trabajadores moviles,Motorizados privados,178.27,37.3303167420815,140.93968325791852,52.34791533,168,52.14,234.06034859208148,622.8567535120815
8418,60.93,29.01,6.27,71.78999999999999,3.353192,168.13995202,168,15206-1-01,18 a 29,Mujeres,Quintil bajo,Sur,Trabajadores rutinarios,Motorizados privados,101.33000000000001,25,76.33000000000001,91.80995202,168,35.28,36.170036539999984,154.4706503
8430,0.85,83.86,3.6,79.69000000000001,3.085965,2.6230702499999996,168,15225-1-02,18 a 29,Hombres,Quintil bajo,Centro,Rutina flexible,Motorizados privados,0,0,0,2.6230702499999996,168,87.46,0,269.89849889999994
8432,67.9,23.36,9.75,66.99,3.476658,168.24508299999997,168,15228-1-01,60 o mas,Hombres,Quintil bajo,Centro,Cuidadores domesticos,Motorizados privados,82.17999999999999,0,82.17999999999999,86.06508299999999,168,33.11,67.81999520000005,182.93214158000006
8446,57.34,45.43,5.64,59.58999999999999,5.028338,117.82490564,168,15256-1-02,30 a 44,Hombres,Quintil alto,Sur,Jovenes trabajadores,Motorizados privados,204.5,125,79.5,38.32490564,168,51.07,170.49999528,427.29721694
8453,71.9,31.49,7.69,56.92,10.24287,406.8423171,168,15268-1-01,30 a 44,Mujeres,Quintil alto,Sur,Cuidadores domesticos,Motorizados privados,295.38,0,295.38,111.4623171,168,39.18,329.6200359,730.9356825
8454,53.19,59.02,11.91,43.879999999999995,9.855308,282.18382510000004,168,15270-1-03,30 a 44,Hombres,Quintil alto,Centro,Jovenes trabajadores,Motorizados privados,257.98,0,257.98,24.2038251,168,70.93,242.02000741999996,941.05700386
8461,50.73,55.28,7.92,54.07000000000001,4.162778,119.86770793,168,15285-1-03,30 a 44,Hombres,Quintil alto,Sur,Jovenes trabajadores,Motorizados privados,83.69,0,83.69,36.17770793,168,63.2,91.31002001000002,354.39758961
8465,35.05,43.1,9.12,80.72999999999999,3.497113,122.57381065000001,168,15297-1-02,30 a 44,Hombres,Quintil bajo,Centro,Rutina flexible,Motorizados privados,0,0,0,122.57381065000001,168,52.22,-1.4210854715202004e-14,182.61924086000002
8471,73.57,22.56,4.62,67.25,3.841387,220.27086561,168,15313-1-01,30 a 44,Hombres,Quintil bajo,Sur,Trabajadores moviles,Motorizados privados,137.66,0,137.66,82.61086561,168,27.18,62.33997598000002,166.74887464
8472,69.64,21.09,7.07,70.19999999999999,3.898169,240.308516,168,15313-1-02,30 a 44,Mujeres,Quintil bajo,Sur,Cuidadores domesticos,Motorizados privados,68.84000000000002,0,68.84000000000002,171.468516,168,28.16,31.159973159999993,140.93241220000004
8474,74.5,28.75,6.71,58.04,13.49402,369.19095858823493,168,15316-1-01,30 a 44,Hombres,Quintil alto,Centro,Cuidadores domesticos,Motorizados privados,422.71,158.823529411765,263.88647058823494,105.30448799999999,168,35.46,636.1135314117652,1114.6114806117653
8475,66.54,50.44,3.75,47.269999999999996,7.716197,248.3892725717647,168,15316-1-02,30 a 44,Mujeres,Quintil alto,Centro,Cuidadores domesticos,Motorizados privados,176.13000000000002,66.1764705882353,109.95352941176472,138.43574316,168,54.19,265.04647580823536,683.1871912382353
8476,57.2,43.22,10.82,56.76,2.808005,76.18785919999999,168,15318-1-01,30 a 44,Hombres,Quintil bajo,Norte,Trabajadores rutinarios,Motorizados privados,65.57,0,65.57,10.6178592,168,54.04,84.43002680000001,236.17461700000007
8491,52.54,58.33,5.53,51.60000000000001,9.791654,239.50348594,168,15341-1-01,60 o mas,Hombres,Quintil alto,Sur,Jovenes trabajadores,Motorizados privados,223.79999999999998,23.75,200.04999999999998,39.45348594,168,63.86,274.95001521999995,900.2450396599997
8492,75.71,19.18,13.54,59.570000000000014,10.666156,527.06466572,168,15344-1-01,30 a 44,Hombres,Quintil alto,Centro,Trabajadores moviles,Motorizados privados,419.53000000000003,0,419.53000000000003,107.53466571999999,168,32.72,280.47000504000005,629.4666293599998
8494,48.93,63.6,7.97,47.49999999999999,13.32852,309.70448848,168,15352-1-01,18 a 29,Hombres,Quintil medio,Sur,Jovenes trabajadores,Motorizados privados,282.54,0,282.54,27.16448848,168,71.57000000000001,342.4599951199999,1296.38217152
8496,37.26,46.3,18.06,66.38000000000001,3.085867,7.859404420000004,168,15355-1-01,60 o mas,Hombres,Quintil bajo,Norte,Rutina flexible,Motorizados privados,62.38000000000001,169.5,-107.11999999999999,114.97940442,168,64.36,107.11999999999999,305.72640012
8498,63.81,18.71,5.73,79.74999999999999,3.514722,136.81443281999998,168,15357-1-02,30 a 44,Mujeres,Quintil medio,Sur,Trabajadores rutinarios,Motorizados privados,112.53999999999999,0,112.53999999999999,24.274432819999998,168,24.44,87.45997800000004,173.35978368000008
8501,58.2,47.29,15.56,46.949999999999996,4.654137,171.7007712,168,15361-1-01,18 a 29,Mujeres,Quintil bajo,Norte,Trabajadores moviles,Motorizados privados,125.83,0,125.83,45.87077119999999,168,62.85,99.17000220000003,391.68251265000015
8503,52.36,51.54,4.33,59.769999999999996,2.384467,115.28066847999999,168,15365-1-02,30 a 44,Mujeres,Quintil bajo,Norte,Cuidadores domesticos,Motorizados privados,15.429999999999998,0,15.429999999999998,99.85066848,168,55.87,9.570023640000002,142.79019493000004
8512,47.42,32.56,11.4,76.61999999999999,3.132209,148.52935078000002,168,15381-1-02,45 a 59,Mujeres,Quintil medio,Centro,Cuidadores domesticos,Motorizados privados,0,0,0,148.52935078000002,168,43.96,0,137.69190764
8514,58.42,41.54,8.43,59.60999999999999,2.885246,122.14607556000001,168,15384-1-01,30 a 44,Mujeres,Quintil bajo,Sur,Trabajadores moviles,Motorizados privados,103.59,37.5,66.09,56.056075560000004,168,49.97,46.40999575999999,190.58573838000004
8527,57.24,23.72,10.84,76.19999999999999,11.400837,356.41392251999997,168,15409-1-01,30 a 44,Mujeres,Quintil alto,Sur,Trabajadores rutinarios,Motorizados privados,328.83,0,328.83,27.583922519999998,168,34.56,296.16998736,690.18291408
8530,71.74,30.98,7.91,57.370000000000005,6.553474,270.32623624,168,15417-1-01,30 a 44,Mujeres,Quintil medio,Centro,Trabajadores moviles,Motorizados privados,205.18,30,175.18,95.14623624,168,38.89,199.81998851999992,454.68459237999986
8533,56.27,48.06,9.87,53.79999999999999,5.33152,145.67465099,168,15426-1-02,18 a 29,Hombres,Quintil medio,Norte,Jovenes trabajadores,Motorizados privados,120.67,0,120.67,25.00465099,168,57.93,154.32997941000005,463.1849330100001
8535,77.53,26.51,6.04,57.919999999999995,5.574156,254.99431326,168,15429-1-01,30 a 44,Hombres,Quintil medio,Norte,Trabajadores moviles,Motorizados privados,197.83,0,197.83,57.16431326000001,168,32.550000000000004,177.17000142,358.6087792200001
8536,52.14,26.93,9.84,79.09,7.625027,168.3489331,168,15431-1-01,45 a 59,Hombres,Quintil bajo,Sur,Trabajadores rutinarios,Motorizados privados,145.78,0,145.78,22.5689331,168,36.769999999999996,229.21997468,509.59221747
8540,75.25,32.04,5.68,55.03,5.54853,241.86977057926828,168,15438-1-01,30 a 44,Mujeres,Quintil alto,Sur,Cuidadores domesticos,Motorizados privados,169.15999999999997,19.8170731707317,149.34292682926827,92.52684375,168,37.72,175.65711192073178,384.94766352073174
8541,58.16,35.06,9.4,65.38,12.991512,377.26341669073173,168,15438-1-02,45 a 59,Hombres,Quintil alto,Sur,Trabajadores rutinarios,Motorizados privados,364.36,42.6829268292683,321.6770731707317,55.58634352,168,44.46,378.3229212292683,955.9255447492685
8548,42.38,64.88,6.02,54.72000000000001,9.610485,159.22233904,168,15450-1-02,18 a 29,Hombres,Quintil alto,Centro,Jovenes trabajadores,Motorizados privados,151.93,0,151.93,7.292339039999999,168,70.89999999999999,248.07001526000005,929.4534017599999
8552,92.16,22.55,6.43,46.86000000000001,4.766061,265.70016288,168,15462-1-01,45 a 59,Mujeres,Quintil bajo,Norte,Trabajadores moviles,Motorizados privados,126.46,0,126.46,139.24016287999999,168,28.98,173.54001887999993,311.6604666599999
8556,38.41,31.95,8.57,89.07,3.066719,117.79267679000002,168,15472-1-01,30 a 44,Mujeres,Quintil bajo,Centro,Cuidadores domesticos,Motorizados privados,0,0,0,117.79267679000002,168,40.519999999999996,-2.842170943040401e-14,124.26345388
8557,61.03,21.06,18.56,67.35,2.929882,115.23071913000001,168,15474-1-01,45 a 59,Mujeres,Quintil bajo,Sur,Trabajadores rutinarios,Motorizados privados,51.42,0,51.42,63.81071913,168,39.62,63.579979329999986,179.66190417
8560,58.5,27.16,6.35,75.99000000000001,3.146317,137.0395665,168,15480-1-01,18 a 29,Hombres,Quintil bajo,Norte,Trabajadores moviles,Motorizados privados,77.98,0,77.98,59.0595665,168,33.51,47.01997799999998,152.45306066999993
8561,53.44,19.59,12.65,82.32,3.107526,90.9563201589542,168,15486-1-02,60 o mas,Mujeres,Quintil bajo,Sur,Cuidadores domesticos,Motorizados privados,45.730000000000004,120.8398692810458,-75.10986928104579,166.06618944,168,32.24,75.10986928104579,175.29650752104578
8566,46.91,33.08,9.41,78.60000000000001,2.614776,66.88914070999999,168,15494-1-01,45 a 59,Hombres,Quintil bajo,Norte,Trabajadores rutinarios,Motorizados privados,44.23,0,44.23,22.65914071,168,42.489999999999995,55.770001449999995,166.87183369
8567,54.2,32.9,8.67,72.23,2.779558,136.7020144,168,15494-1-02,30 a 44,Mujeres,Quintil bajo,Norte,Cuidadores domesticos,Motorizados privados,11.05,0,11.05,125.6520144,168,41.57,13.950029200000017,129.49625526
8568,72.63,30.99,11.32,53.06000000000001,2.860531,144.56036004,168,15495-1-02,30 a 44,Mujeres,Quintil bajo,Norte,Cuidadores domesticos,Motorizados privados,61.8,0,61.8,82.76036004000001,168,42.31,63.200006489999964,184.22907309999997
8572,53.71,37.08,11.47,65.74,2.31014,21.301072157410097,168,15501-1-02,45 a 59,Hombres,Quintil bajo,Centro,Trabajadores rutinarios,Motorizados privados,89.03999999999999,79.3165467625899,9.723453237410098,11.57761892,168,48.55,102.77654724258991,214.93384424258994
8573,46.34,57.89,9.41,54.36,6.752174,137.80574579999998,168,15503-1-02,18 a 29,Hombres,Quintil alto,Sur,Jovenes trabajadores,Motorizados privados,124.91,0,124.91,12.895745799999998,168,67.3,175.08999736000007,629.5113075600001
8577,56.41,34,8.23,69.36,4.778971,180.32174875,168,15506-1-01,30 a 44,Hombres,Quintil bajo,Sur,Jovenes trabajadores,Motorizados privados,173.24,12.5,160.74,19.58174875,168,42.230000000000004,89.26000536000001,291.07595069
8578,75.24,27.5,7.91,57.35000000000001,4.74759,238.47867856,168,15507-1-02,30 a 44,Mujeres,Quintil alto,Norte,Cuidadores domesticos,Motorizados privados,131.26999999999998,0,131.26999999999998,107.20867856000001,168,35.41,118.72999303999995,286.84215493999994
8582,88.35,31.93,5.07,42.650000000000006,5.254527,328.0774402,168,15511-1-01,30 a 44,Mujeres,Quintil alto,Sur,Trabajadores moviles,Motorizados privados,213.84,0,213.84,114.23744020000001,168,37,136.16002025,330.57751924999997
8583,80.15,22.27,12.27,53.31,5.417471,287.83031645,168,15512-1-02,30 a 44,Mujeres,Quintil bajo,Centro,Cuidadores domesticos,Motorizados privados,153.62,0,153.62,134.21031645,168,34.54,146.37998420000002,333.49943254
8586,55.46,53.36,5.29,53.88999999999999,6.241726,178.1761109,168,15515-1-01,30 a 44,Hombres,Quintil medio,Norte,Jovenes trabajadores,Motorizados privados,132.01,0,132.01,46.16611090000001,168,58.65,167.99001306,534.06724296
8590,95.88,23.82,6.23,42.07000000000001,3.898743,322.7214784,168,15519-1-01,45 a 59,Hombres,Quintil bajo,Centro,Cuidadores domesticos,Motorizados privados,161.41,0,161.41,161.3114784,168,30.05,51.09000043999998,168.24722758999997
8591,14.72,49.86,8.58,94.84,3.163793,46.571032960000004,168,15519-1-03,18 a 29,Mujeres,Quintil bajo,Centro,Rutina flexible,Motorizados privados,0,0,0,46.571032960000004,168,58.44,0,184.89206292
8592,65.36,26.74,14.17,61.730000000000004,7.90468,340.31988568,168,15522-1-01,45 a 59,Hombres,Quintil alto,Sur,Trabajadores rutinarios,Motorizados privados,273.67,0,273.67,66.64988568,168,40.91,176.32999911999997,499.7104579199999
8593,13.71,89.18,5.02,60.08999999999999,2.978997,40.842048870000006,168,15523-1-02,30 a 44,Mujeres,Quintil bajo,Centro,Rutina flexible,Motorizados privados,0,0,0,40.842048870000006,168,94.2,0,280.6215174000001
8597,68.93,31.78,5.18,62.10999999999999,6.023368,213.70073379,168,15530-1-02,18 a 29,Mujeres,Quintil alto,Norte,Trabajadores rutinarios,Motorizados privados,148.51,0,148.51,65.19073379,168,36.96,201.49002245000005,424.1137037300001
8601,21.26,59.55,12.92,74.27000000000001,3.078054,65.43942804,168,15532-1-02,30 a 44,Mujeres,Quintil bajo,Norte,Rutina flexible,Motorizados privados,0,0,0,65.43942804,168,72.47,0,223.06657337999997
8603,52.76,47.86,8.63,58.75000000000001,3.8477,100.50370155932958,168,15535-1-02,45 a 59,Hombres,Quintil alto,Centro,Jovenes trabajadores,Motorizados privados,101.27,28.7709497206704,72.4990502793296,28.004651279999997,168,56.49,102.50095044067041,319.85752344067043
8604,63.79,18.51,6.16,79.54,3.105241,198.08332339,168,15539-1-01,45 a 59,Mujeres,Quintil bajo,Sur,Cuidadores domesticos,Motorizados privados,0,0,0,198.08332339,168,24.67,0,76.60629546999999
8605,70.14,20.82,10.75,66.28999999999999,4.383534,116.46106218000001,168,15541-1-01,60 o mas,Hombres,Quintil bajo,Norte,Cuidadores domesticos,Motorizados privados,103.50000000000001,112.5,-8.999999999999986,125.46106218,168,31.57,191.00001258000003,329.38818096000006
8607,21.18,62.1,9.24,75.48,12.005325,109.50278,168,15546-1-01,45 a 59,Hombres,Quintil bajo,Sur,Rutina flexible,Motorizados privados,105.23,0,105.23,4.27278,168,71.34,144.77000349999997,1001.2298889999997
8608,61.86,43.43,6.74,55.97,3.500673,129.68165514,168,15546-1-02,45 a 59,Mujeres,Quintil bajo,Sur,Jovenes trabajadores,Motorizados privados,63.129999999999995,0,63.129999999999995,66.55165514000001,168,50.17,86.86997663999998,262.49874105000004
8619,51.13,18.3,16.95,81.62,3.611027,103.0345125027273,168,15566-1-01,45 a 59,Hombres,Quintil bajo,Centro,Trabajadores rutinarios,Motorizados privados,86.13,17.7272727272727,68.40272727272729,34.63178523,168,35.25,81.59729800727271,208.8859997572727
8620,48.85,38.7,8.61,71.84,3.099278,83.4069908772727,168,15566-1-04,18 a 29,Hombres,Quintil bajo,Centro,Trabajadores rutinarios,Motorizados privados,71.78,14.7727272727273,57.0072727272727,26.399718149999998,168,47.31,67.99273942272731,214.61958160272727
8626,55.55,25.48,14.59,72.38,2.807935,155.98076325,168,15573-1-02,30 a 44,Mujeres,Quintil bajo,Centro,Cuidadores domesticos,Motorizados privados,0,0,0,155.98076325,168,40.07,2.599999999119973e-5,112.51398145000002
8628,54.39,34.11,9.03,70.47,2.973584,161.73323376,168,15589-1-01,30 a 44,Mujeres,Quintil bajo,Centro,Cuidadores domesticos,Motorizados privados,0,0,0,161.73323376,168,43.14,0,128.28041376000002
8629,66.28,31.1,11.25,59.370000000000005,4.767373,157.22960828173353,168,15593-1-03,60 o mas,Mujeres,Quintil alto,Centro,Trabajadores rutinarios,Motorizados privados,140.58,49.3318619582665,91.24813804173351,65.98147024000001,168,42.35,158.7518741582665,360.65012070826646
8636,50.69,23.28,26.44,67.59,2.64612,68.96183375000001,168,15618-1-02,60 o mas,Hombres,Quintil bajo,Sur,Trabajadores rutinarios,Motorizados privados,34.830000000000005,0,34.830000000000005,34.13183375,168,49.72,65.16998904999997,196.73507544999998
8640,51.07,47.3,10.4,59.23000000000001,2.905896,81.49410889,168,15622-1-01,60 o mas,Hombres,Quintil bajo,Sur,Jovenes trabajadores,Motorizados privados,70.59,0,70.59,10.90410889,168.00000000000003,57.699999999999996,66.90999982999998,234.5801990299999
8644,56.17,43.2,7.38,61.24999999999999,2.904686,107.71618579,168,15628-1-01,45 a 59,Hombres,Quintil bajo,Centro,Jovenes trabajadores,Motorizados privados,44.559999999999995,0,44.559999999999995,63.15618579,168,50.580000000000005,55.440026829999994,202.35904470999998
8645,26.05,67.19,14.86,59.89999999999999,3.178461,65.46668682777778,168,15631-1-02,60 o mas,Hombres,Quintil medio,Centro,Rutina flexible,Motorizados privados,12.39,29.72222222222222,-17.33222222222222,82.79890904999999,168,82.05,17.332222222222228,278.12494727222224
8646,20.62,41.37,14.25,91.75999999999999,3.033432,62.54936783999999,168,15633-1-01,30 a 44,Mujeres,Quintil bajo,Sur,Rutina flexible,Motorizados privados,0,0,0,62.54936783999999,168,55.62,1.4210854715202004e-14,168.71948784000006
8651,62.27,31.05,17.37,57.30999999999999,3.007179,162.20704813999998,168,15644-1-01,30 a 44,Mujeres,Quintil medio,Sur,Cuidadores domesticos,Motorizados privados,24.95,0,24.95,137.25704814,168,48.42,25.049988190000022,170.65759537000002
8652,53.37,35.11,12.15,67.36999999999999,9.564457,259.85505093,168,15644-1-02,30 a 44,Hombres,Quintil medio,Sur,Trabajadores rutinarios,Motorizados privados,249.39999999999998,0,249.39999999999998,10.45505093,168,47.26,250.60001916000004,702.6162569800001
8669,67.8,22.04,9.53,68.63,2.890611,25.33782330227899,168,15676-1-03,45 a 59,Mujeres,Quintil alto,Centro,Trabajadores rutinarios,Motorizados privados,92.35,137.995629097721,-45.64562909772101,70.9834524,168,31.57,170.645602497721,261.902191767721
8671,89.97,12.18,7.65,58.199999999999996,3.15252,225.40222242,168,15679-1-01,30 a 44,Mujeres,Quintil medio,Sur,Cuidadores domesticos,Motorizados privados,91.77,0,91.77,133.63222241999998,168,19.83,58.23000198,120.74447358000003
8679,59.73,40.24,8.62,59.410000000000004,2.472368,117.274527,168,15697-1-01,45 a 59,Mujeres,Quintil bajo,Norte,Cuidadores domesticos,Motorizados privados,57.099999999999994,0,57.099999999999994,60.174527000000005,168,48.86,30.40001363999997,151.19991412
8687,55.25,49.52,5.05,58.18,2.144798,75.43006925,168,15715-1-02,30 a 44,Mujeres,Quintil medio,Sur,Jovenes trabajadores,Motorizados privados,44.43,0,44.43,31.00006925,168,54.57,43.07002025000001,160.11164711
8696,71.46,28.79,7.5,60.25,5.906943,223.170175,168,15738-1-01,60 o mas,Hombres,Quintil medio,Sur,Cuidadores domesticos,Motorizados privados,151.06,0,151.06,72.110175,168,36.29,198.93997177999998,413.30293325
8699,37.95,90.01,8.45,31.590000000000007,4.727307,131.32129525,168,15740-1-03,18 a 29,Hombres,Quintil bajo,Sur,Jovenes trabajadores,Motorizados privados,64.42,0,64.42,66.90129525,168,98.46000000000001,48.080005400000005,513.53065262
8707,41.28,53.2,10.72,62.8,12.492193,267.73772448,168,15759-1-01,18 a 29,Hombres,Quintil alto,Norte,Jovenes trabajadores,Motorizados privados,252.06,0,252.06,15.677724480000002,168,63.92,247.94000256000004,1046.44097912
8709,49.83,44.06,11.01,63.1,15.64195,350.60836301,168,15761-1-01,30 a 44,Mujeres,Quintil alto,Sur,Jovenes trabajadores,Motorizados privados,321.17,0,321.17,29.43836301,168,55.07,428.8300054899999,1290.23219199
8712,48.73,60.93,7.54,50.80000000000001,8.78761,50.474596626086985,168,15764-1-01,45 a 59,Hombres,Quintil alto,Norte,Jovenes trabajadores,Motorizados privados,230.95,208.695652173913,22.254347826086985,28.2202488,168,68.47,377.74563867391305,979.433295373913
8714,44.14,40.71,9.52,73.63000000000001,3.170497,139.94573758,168,15765-1-04,18 a 29,Mujeres,Quintil bajo,Centro,Cuidadores domesticos,Motorizados privados,0,0,0,139.94573758,168,50.230000000000004,0,159.25406431
8718,67.25,36.8,6.04,57.910000000000004,12.225835,403.5874105,168,15772-1-01,30 a 44,Hombres,Quintil alto,Norte,Cuidadores domesticos,Motorizados privados,331.4,0,331.4,72.1874105,168,42.839999999999996,418.59999325000007,942.3547646500001
8722,69.05,41.41,8.18,49.36000000000001,4.478238,203.3623404,168,15779-1-01,30 a 44,Mujeres,Quintil medio,Centro,Cuidadores domesticos,Motorizados privados,129.14,0,129.14,74.2223404,168,49.589999999999996,105.85999350000003,327.93581592
8726,77.92,28.49,8.84,52.75,4.107663,238.84912863999998,168,15783-1-01,45 a 59,Mujeres,Quintil bajo,Sur,Cuidadores domesticos,Motorizados privados,131.27999999999997,0,131.27999999999997,107.56912864,168,37.33,81.21997231999998,234.55903211
8727,41.89,50.04,14.11,61.959999999999994,3.295371,138.04309118999998,168,15785-1-02,30 a 44,Mujeres,Quintil bajo,Norte,Rutina flexible,Motorizados privados,0,0,0,138.04309118999998,168,64.15,0,211.39804965000002
8729,69.88,26.77,15.68,55.67000000000001,6.028827,256.03439552,168,15796-1-01,45 a 59,Hombres,Quintil alto,Centro,Cuidadores domesticos,Motorizados privados,159.74,0,159.74,96.29439552,168,42.45,165.26003523999998,421.1837413899999
8732,58.36,46.25,5.37,58.02,3.013485,175.86698460000002,168,15805-1-02,30 a 44,Mujeres,Quintil bajo,Centro,Cuidadores domesticos,Motorizados privados,0,0,0,175.86698460000002,168,51.62,0,155.55609569999996
8734,68.1,23.88,3.82,72.20000000000002,1.969038,96.3014781,168,15809-1-01,45 a 59,Hombres,Quintil bajo,Norte,Trabajadores rutinarios,Motorizados privados,39.71,0,39.71,56.5914781,168,27.7,37.790009699999985,92.33236229999997
8735,58.85,50.13,8.05,50.97,4.135301,158.17244625,168,15813-1-01,18 a 29,Hombres,Quintil bajo,Centro,Jovenes trabajadores,Motorizados privados,102.30999999999999,0,102.30999999999999,55.862446250000005,168,58.18000000000001,85.1900176,325.78182978
8736,63.78,33.34,6.97,63.91,2.394644,163.56039608000003,168,15814-1-01,18 a 29,Mujeres,Quintil bajo,Sur,Trabajadores rutinarios,Motorizados privados,105.83000000000001,0,105.83000000000001,57.730396080000006,168,40.31,-10.830001760000016,85.69809787999998
8742,57.01,40.44,15.92,54.63000000000001,2.391041,120.57325585,168,15827-1-02,30 a 44,Mujeres,Quintil bajo,Norte,Trabajadores rutinarios,Motorizados privados,84.25999999999999,0,84.25999999999999,36.313255850000004,168,56.36,15.739991560000007,150.49906231999995
8743,59.72,37.42,8.27,62.59,2.93574,62.7059060917647,168,15828-1-02,45 a 59,Hombres,Quintil bajo,Sur,Trabajadores rutinarios,Motorizados privados,78.56,66.1764705882353,12.383529411764698,50.322376680000005,168,45.69,112.61648670823529,246.75044730823532
8745,13.51,52.73,7.91,93.85000000000002,5.029723,46.40155107,168,15837-1-02,18 a 29,Mujeres,Quintil alto,Centro,Rutina flexible,Motorizados privados,13.45,0,13.45,32.95155107,168,60.64,21.550006659999994,326.55240937999986
8746,91.26,15.5,8.41,52.83,4.101197,266.22527664,168,15838-1-01,30 a 44,Mujeres,Quintil bajo,Norte,Cuidadores domesticos,Motorizados privados,129.45,0,129.45,136.77527664000002,168,23.91,108.04996158,206.10958184999998
8747,62.77,35.47,10.09,59.66999999999999,4.195044,113.76015655177102,168,15839-1-03,30 a 44,Hombres,Quintil medio,Centro,Trabajadores rutinarios,Motorizados privados,110.89000000000001,50.952774498229,59.93722550177102,53.82293105,168,45.56,149.56275532822903,340.688959968229
8749,55.14,36.27,9.78,66.81,2.469968,101.404025,168,15841-1-01,60 o mas,Hombres,Quintil bajo,Centro,Trabajadores rutinarios,Motorizados privados,52.71000000000001,0,52.71000000000001,48.694024999999996,168,46.050000000000004,34.790010519999996,148.53203692
8751,69.78,28.25,12.81,57.16,2.95986,78.31901343999999,168,15843-1-01,60 o mas,Hombres,Quintil bajo,Norte,Trabajadores rutinarios,Motorizados privados,90.52999999999999,43.75,46.77999999999999,31.539013439999998,168,41.06,128.22001736000001,249.75186896000002
8758,11.05,59.29,12.34,85.32,3.824523,22.140978099999998,168,15855-1-03,18 a 29,Hombres,Quintil alto,Centro,Rutina flexible,Motorizados privados,9.88,0,9.88,12.260978099999999,168,71.63,20.120001050000006,294.07058354000003
8767,55.81,27.12,14.78,70.28999999999999,5.144954,65.83297230307689,168,15873-1-01,60 o mas,Hombres,Quintil alto,Centro,Trabajadores rutinarios,Motorizados privados,161.76999999999998,133.0769230769231,28.693076923076887,37.13989538,168,41.9,221.30691043692315,436.8804830369232
8768,63.42,28.57,9.89,66.11999999999999,2.926637,139.5096262323077,168,15873-1-02,60 o mas,Mujeres,Quintil alto,Centro,Cuidadores domesticos,Motorizados privados,33.71,79.80769230769229,-46.09769230769229,185.60731854,168,38.46,46.097692307692284,158.65615132769233
8771,62.49,49.99,9.79,45.72999999999999,3.707542,172.66431353,168,15878-1-01,18 a 29,Hombres,Quintil bajo,Sur,Jovenes trabajadores,Motorizados privados,128.48,0,128.48,44.184313530000004,168,59.78,59.01998605000003,280.65684681000005
8772,71.6,40.29,6.16,49.95,3.033724,177.8646776,168,15878-1-02,18 a 29,Mujeres,Quintil bajo,Sur,Cuidadores domesticos,Motorizados privados,85.64999999999999,0,85.64999999999999,92.2146776,168,46.45,39.34996079999999,180.2664406
8778,48.47,21.43,9.32,88.78,3.83987,85.94037958303869,168,15887-1-02,18 a 29,Hombres,Quintil medio,Centro,Trabajadores rutinarios,Motorizados privados,99.96,25.1381215469613,74.82187845303869,11.11850113,168,30.75,100.1781193169613,218.2541218169613
8781,47.01,23.41,7.37,90.21000000000001,3.121127,6.374180270000011,168,15893-1-01,60 o mas,Hombres,Quintil bajo,Sur,Cuidadores domesticos,Motorizados privados,84.65,225,-140.35,146.72418027,168,30.78,140.35,236.41828905999995
8785,50.05,41.22,6.31,70.42,5.118291,96.410225347561,168,15902-1-03,30 a 44,Hombres,Quintil medio,Norte,Trabajadores rutinarios,Motorizados privados,114.63,24.390243902439,90.239756097561,6.170469249999999,168,47.53,159.76023920243904,403.032610432439
8790,51.78,18.42,4.35,93.45,4.998086,136.34089762,168,15908-1-04,18 a 29,Hombres,Quintil medio,Centro,Jovenes trabajadores,Motorizados privados,115.53999999999999,0,115.53999999999999,20.80089762,168,22.770000000000003,122.45999545999999,236.26641368
8791,64.2,23.7,9.49,70.61,4.020684,14.858937431578987,168,15910-1-03,18 a 29,Hombres,Quintil alto,Sur,Trabajadores rutinarios,Motorizados privados,188.31,231.578947368421,-43.26894736842101,58.1278848,168,33.19,243.26897536842105,376.71547732842106
8793,54.38,24.43,13.53,75.66,2.842396,66.45957803722379,168,15915-1-01,45 a 59,Mujeres,Quintil bajo,Centro,Trabajadores rutinarios,Motorizados privados,122.22999999999999,85.3399433427762,36.890056657223795,29.56952138,168,37.96,88.10991644277621,196.00726860277624
8799,55.51,33.44,11.56,67.49000000000001,3.014061,167.31052611,168,15934-1-02,30 a 44,Mujeres,Quintil bajo,Centro,Cuidadores domesticos,Motorizados privados,0,0,0,167.31052611,168,45,-2.842170943040401e-14,135.63274499999994
8803,48.05,27.88,13.85,78.22000000000001,3.020583,145.13901314999998,168,15938-1-02,30 a 44,Hombres,Quintil bajo,Centro,Cuidadores domesticos,Motorizados privados,0,0,0,145.13901314999998,168,41.73,0,126.04892858999995
8808,61.67,24.31,9.19,72.83,19.047681999999998,373.495782851304,168,15946-1-01,30 a 44,Mujeres,Quintil alto,Centro,Trabajadores rutinarios,Motorizados privados,454.26,130.434782608696,323.825217391304,49.67056545999999,168,33.5,801.1747660886958,1439.2721130886957
8809,49.88,46.54,9.29,62.29000000000001,2.373805,22.854630369230794,168,15947-1-01,45 a 59,Hombres,Quintil bajo,Centro,Jovenes trabajadores,Motorizados privados,86.17999999999999,69.2307692307692,16.949230769230795,5.905399599999999,168.00000000000003,55.83,95.55076303076922,228.08029618076915
8812,28.15,58.07,14.19,67.59,3.07569,86.58067349999999,168,15952-1-01,45 a 59,Mujeres,Quintil bajo,Norte,Rutina flexible,Motorizados privados,0,0,0,86.58067349999999,168,72.26,0,222.2493594
8817,29.51,20.02,1.81,116.66000000000001,3.021839,77.02446997999999,168,15961-1-01,30 a 44,Hombres,Quintil bajo,Norte,Cuidadores domesticos,Motorizados privados,62.849999999999994,0,62.849999999999994,14.17446998,168,21.83,12.149998910000008,78.11674427999998
8818,75.36,45.13,4.96,42.55,2.707726,141.66576803151509,168,15962-1-01,45 a 59,Mujeres,Quintil bajo,Centro,Jovenes trabajadores,Motorizados privados,87.46,34.8484848484849,52.61151515151509,89.05425288,168,50.09,62.38846332848493,198.01845866848493
8823,8.55,65.18,15.47,78.79999999999998,2.995964,10.887714422222203,168,15974-1-02,60 o mas,Mujeres,Quintil medio,Sur,Rutina flexible,Motorizados privados,18.05,32.7777777777778,-14.7277777777778,25.615492200000002,168,80.65,14.7277777777778,256.35227437777786
8825,57.62,34.88,13.78,61.72,2.48116,87.98446208,168,15976-1-01,45 a 59,Mujeres,Quintil bajo,Norte,Trabajadores rutinarios,Motorizados privados,57.52,0,57.52,30.464462079999997,168,48.660000000000004,54.97997711999999,175.71322271999998
8829,33,52.68,15.11,67.21,3.211116,105.966828,168,15991-1-02,45 a 59,Mujeres,Quintil bajo,Norte,Rutina flexible,Motorizados privados,0,0,0,105.966828,168,67.78999999999999,0,217.68155364
8831,84.59,8.01,7.57,67.82999999999998,0.762362,45.90822152999999,168,15995-1-02,30 a 44,Hombres,Quintil bajo,Centro,Trabajadores rutinarios,Motorizados privados,43.919999999999995,0,43.919999999999995,1.98822153,168,15.58,18.579980050000003,30.457580010000015
8833,31.34,32.24,7.72,96.69999999999999,2.941602,92.18980668,168,16000-1-01,18 a 29,Hombres,Quintil bajo,Norte,Rutina flexible,Motorizados privados,0,0,0,92.18980668,168,39.96,0,117.54641592000004
8834,48.18,22.5,9.57,87.75,3.018599,145.43609982,168,16003-1-02,45 a 59,Mujeres,Quintil bajo,Sur,Cuidadores domesticos,Motorizados privados,0,0,0,145.43609982,168,32.07,0,96.80646992999999
8835,77.59,37.27,8.53,44.60999999999999,2.992545,206.70152984000003,168,16005-1-01,30 a 44,Mujeres,Quintil bajo,Centro,Cuidadores domesticos,Motorizados privados,104.51,75,29.510000000000005,177.19152984000002,168,45.800000000000004,25.49003670999997,162.54859770999997
8839,61.68,43.7,8.91,53.709999999999994,2.920213,141.96876344,168,16013-1-01,45 a 59,Mujeres,Quintil bajo,Norte,Jovenes trabajadores,Motorizados privados,76.85,0,76.85,65.11876344000001,168,52.61,38.14997439999999,191.78238033
8840,63.6,29.36,8.29,66.75,6.841298,236.24655099999998,168,16014-1-01,60 o mas,Hombres,Quintil alto,Norte,Trabajadores rutinarios,Motorizados privados,176.14,0,176.14,60.106551,168,37.65,198.86000180000005,456.4348715000001
8842,38.67,57.01,5.51,66.80999999999999,3.349775,85.54580288999999,168,16015-1-01,45 a 59,Hombres,Quintil bajo,Sur,Jovenes trabajadores,Motorizados privados,56.00999999999999,0,56.00999999999999,29.53580289,168,62.519999999999996,43.989996360000035,253.41792936000007
8845,51.6,30.13,15.81,70.46000000000001,2.658524,68.0498404,168,16023-1-02,60 o mas,Hombres,Quintil bajo,Sur,Trabajadores rutinarios,Motorizados privados,55.87,0,55.87,12.1798404,168,45.94,69.129998,191.26259055999998
8849,80.77,19.86,8.79,58.580000000000005,6.956919,248.44034070999996,168,16031-1-01,30 a 44,Mujeres,Quintil alto,Sur,Cuidadores domesticos,Motorizados privados,411.53,275,136.52999999999997,111.91034070999999,168,28.65,313.47000691999995,512.7857362699999
8850,45.2,45.7,5.03,72.07,6.969354,187.55481799999998,168,16034-1-02,45 a 59,Mujeres,Quintil alto,Sur,Jovenes trabajadores,Motorizados privados,172.54,0,172.54,15.014818000000002,168,50.730000000000004,127.45998280000006,481.01531122000006
8851,60.56,29.8,10.21,67.43,4.919958,232.6826524,168,16035-1-01,30 a 44,Hombres,Quintil bajo,Sur,Trabajadores rutinarios,Motorizados privados,184.73,0,184.73,47.9526524,168,40.010000000000005,65.27000408000004,262.11752366
8852,47.98,60.96,8.54,50.52000000000001,8.631742,233.61098102,168,16036-1-02,30 a 44,Mujeres,Quintil alto,Sur,Jovenes trabajadores,Motorizados privados,224.46,0,224.46,9.15098102,168,69.5,180.54000013999996,780.4460691399997
8857,67.48,33.55,10.58,56.39,12.745829,420.31657132000004,168,16048-1-01,45 a 59,Mujeres,Quintil alto,Norte,Cuidadores domesticos,Motorizados privados,335.23,0,335.23,85.08657132,168,44.129999999999995,439.7719696000001,1002.2454033699998
8858,36.99,33.55,7.81,89.64999999999999,3.052199,64.37502011447756,168,16050-1-02,60 o mas,Mujeres,Quintil medio,Sur,Rutina flexible,Motorizados privados,34.309999999999995,82.8358208955224,-48.52582089552241,112.90084100999998,168,41.36,48.52582089552244,174.76477153552244
8859,54.23,41.25,6.22,66.30000000000001,4.712097,37.215845620149,168,16050-1-03,45 a 59,Hombres,Quintil medio,Sur,Trabajadores rutinarios,Motorizados privados,154.44,147.761194029851,6.678805970149,30.53703965,168,47.47,218.32117468985098,442.00441927985094
8862,72.38,30.19,6.32,59.11000000000001,2.708474,171.06933704,168,16056-1-02,30 a 44,Hombres,Quintil bajo,Centro,Cuidadores domesticos,Motorizados privados,87.53,0,87.53,83.53933704,168,36.510000000000005,24.970011079999978,123.85639681999993
8867,63.2,22.54,5.44,76.82,3.036993,191.9379576,168,16065-1-02,30 a 44,Mujeres,Quintil bajo,Norte,Cuidadores domesticos,Motorizados privados,0,0,0,191.9379576,168,27.98,0,84.97506414000003
8872,76.36,25.14,15.85,50.65,3.100855,166.80127552,168,16075-1-01,45 a 59,Hombres,Quintil bajo,Centro,Cuidadores domesticos,Motorizados privados,67.52,0,67.52,99.28127552,168,40.99,69.98001228000001,197.08405872999998
8873,67.17,50.8,11.06,38.97,3.217299,139.77597392,168,16075-1-02,18 a 29,Hombres,Quintil bajo,Centro,Jovenes trabajadores,Motorizados privados,73.66999999999999,0,73.66999999999999,66.10597392000001,168,61.86,76.32999991,275.35211605
8874,52.89,23.52,7.48,84.11,14.949404,458.5840083,168,16077-1-01,45 a 59,Hombres,Quintil alto,Sur,Trabajadores rutinarios,Motorizados privados,417.90999999999997,0,417.90999999999997,40.674008300000004,168,31,332.08996926000003,795.5214932599999
8881,70.54,14.8,16.3,66.36,2.358672,37.49755773383261,168,16086-1-01,60 o mas,Hombres,Quintil bajo,Centro,Trabajadores rutinarios,Motorizados privados,90.01,113.8931718061674,-23.883171806167397,61.380729540000004,168,31.1,128.88316514616741,202.23786434616738
8883,56.33,44.5,15.24,51.93,3.029387,170.64536970999998,168,16092-1-02,30 a 44,Mujeres,Quintil bajo,Centro,Cuidadores domesticos,Motorizados privados,0,0,0,170.64536970999998,168,59.74,0,180.97557937999997
8885,69.69,17.54,11.69,69.08000000000001,4.162212,193.50458530999998,168,16096-1-01,30 a 44,Mujeres,Quintil bajo,Norte,Trabajadores rutinarios,Motorizados privados,103.43999999999998,0,103.43999999999998,90.06458531,168,29.229999999999997,96.55996897,218.22142572999996
8888,60.1,21.65,11.94,74.31,8.838876,231.2364538,168,16101-1-02,18 a 29,Mujeres,Quintil alto,Centro,Trabajadores rutinarios,Motorizados privados,200.01999999999998,0,200.01999999999998,31.2164538,168,33.589999999999996,299.97999380000005,596.8778386400002
8899,50.36,38.58,10.67,68.39,30.416179,599.01875612,168,16129-1-01,45 a 59,Hombres,Quintil alto,Sur,Trabajadores rutinarios,Motorizados privados,567.26,0,567.26,31.758756119999997,168,49.25,932.74001832,2430.73683407
8901,64.8,25.17,18.76,59.269999999999996,2.688377,110.8968188,168,16134-1-03,30 a 44,Hombres,Quintil alto,Centro,Trabajadores rutinarios,Motorizados privados,49.19,0,49.19,61.70681880000001,168,43.93000000000001,63.310010799999986,181.41041241
8904,28.44,59.26,4,76.30000000000001,3.305625,94.011975,168,16140-1-02,18 a 29,Hombres,Quintil alto,Norte,Rutina flexible,Motorizados privados,0,0,0,94.011975,168,63.26,0,209.11383749999993
8906,33.68,58.75,8.98,66.58999999999999,3.103278,104.51840304,168,16141-1-02,18 a 29,Mujeres,Quintil bajo,Norte,Rutina flexible,Motorizados privados,0,0,0,104.51840304,168,67.73,0,210.18501894000002
8907,74.27,25.44,8.84,59.45,2.882835,79.45811143,168,16142-1-01,30 a 44,Mujeres,Quintil bajo,Norte,Trabajadores rutinarios,Motorizados privados,105.35000000000001,90,15.350000000000009,64.10811143,168,34.28,134.65004402,233.47362782000002
8908,24.35,63.72,10.08,69.85000000000001,3.072855,74.82401924999999,168,16142-1-03,45 a 59,Mujeres,Quintil bajo,Norte,Rutina flexible,Motorizados privados,0,0,0,74.82401924999999,168,73.8,1.4210854715202004e-14,226.776699
8910,68.37,19.73,9.83,70.07,2.98932,204.37982796,168,16146-1-02,18 a 29,Mujeres,Quintil bajo,Sur,Cuidadores domesticos,Motorizados privados,0,0,0,204.37982796,168,29.560000000000002,-1.955999996994251e-5,88.36427964000006
8913,41.01,46.84,10.17,69.98,3.052126,125.16768726,168,16152-1-02,30 a 44,Mujeres,Quintil bajo,Norte,Cuidadores domesticos,Motorizados privados,0,0,0,125.16768726,168,57.010000000000005,0,174.00170326
8915,51.61,23.34,7.54,85.50999999999999,2.967871,150.59179274,168,16158-1-02,30 a 44,Mujeres,Quintil bajo,Norte,Cuidadores domesticos,Motorizados privados,6.17,0,6.17,144.42179274,168,30.88,2.580029570000022,94.22788605000005
