PeID,id_persona,grupo_edad,grupo_sexo,grupo_ingreso,grupo_territorio,grupo_cluster_tiempo,grupo_cluster_modo,Tw,Tw_hat,Tf1,Tf1_hat,Tf2,Tf2_hat,Tc,w,Ec,Ec_monetario,ing_fijo,EcI,Ec_trabajo_no_remunerado,VoL_predicho,VoL_observado,VTAW_predicho,VTAW_observado,VoL_predicho_sobre_w,VTAW_predicho_sobre_w,ingreso_libre_observado,ingreso_libre_predicho,ingreso_potencial_neto_Ec,error_Tw,error_Tf1,error_Tf2,cierre_temporal,cierre_temporal_predicho,diferencia_cierre_predicho
1,00001-1-01,60 o mas,Hombres,Quintil bajo,Norte,Trabajadores rutinarios,Movilidad mixta,61.25,53.15781230165249,17.46,28.097613355465395,12.58,10.034574342882127,76.71,3.959658,118.57902849999999,76.05,0,76.05,42.5290285,10.637370662079883,18.21044967785124,6.677712662079883,14.25079167785124,2.686436723090702,1.686436723090702,123.95002400000001,91.90772824273671,242.89815032000007,8.092187698347509,-10.637613355465394,2.545425657117873,168,168,0
2,00001-1-03,18 a 29,Mujeres,Quintil bajo,Norte,Trabajadores rutinarios,Movilidad mixta,65.81,59.13229694152619,24.23,30.614327863367613,10.64,10.933375195106201,67.32,3.997689,139.13788734,76.05,0,76.05,63.087887339999995,10.330880077412889,15.68803888861811,6.33319107741289,11.69034988861811,2.58421304844196,1.5842130484419599,123.95002574999998,97.25464568787291,263.34944118,6.67770305847381,-6.384327863367613,-0.2933751951062007,168,168,0
5,00007-1-01,45 a 59,Hombres,Quintil bajo,Norte,Trabajadores rutinarios,Movilidad activa,61.04,57.04215405222789,31.41,31.98496980247898,8,11.422876145293124,67.55000000000001,2.100166,59.894142640000005,56.7,0,56.7,3.19414264,6.090605669427395,7.648709885404768,3.990439669427395,5.548543885404769,2.9000591712404615,1.9000591712404613,68.29999000000001,59.903849867251246,151.06753206,3.997845947772106,-0.5749698024789787,-3.422876145293124,168,168,0
7,00008-1-01,45 a 59,Hombres,Quintil bajo,Centro,Trabajadores rutinarios,Motorizados privados,51.8,59.41366424182627,38.87,34.496507550491756,15.56,12.319828207681967,61.77000000000001,6.237903,162.0433796,138.92000000000002,0,138.92000000000002,23.1233796,19.662342907382225,13.061024934736901,13.424439907382226,6.823121934736901,3.1520757708772043,2.1520757708772043,161.07999579999998,208.5732948150808,500.60905608999997,-7.613664241826271,4.373492449508241,3.2401717923180335,168,168,0
10,00011-1-01,45 a 59,Hombres,Quintil alto,Centro,Trabajadores rutinarios,Movilidad activa,47.17,51.75118226868335,33.05,30.084618890749326,12.36,10.74419884056732,75.42,14.254286,313.32467332,290.95,0,290.95,22.37467332,45.87043933063204,34.89614149297153,31.616153330632038,20.64185549297153,3.2180103114692686,2.2180103114692686,359.0499973000001,424.3514795759413,1006.33712456,-4.581182268683349,2.9653811092506714,1.6158011594326798,168,168,0
14,00020-1-02,30 a 44,Mujeres,Quintil medio,Sur,Trabajadores rutinarios,Motorizados privados,58.17,57.82410972731278,34.45,32.491953654699046,9.3,11.603936617988165,66.08,4.422605,124.9881249380272,154.79999999999998,87.0748299319728,67.72517006802718,57.26295487000001,13.085827654609254,13.343601559595895,8.663222654609253,8.920996559595896,2.9588506444978138,1.9588506444978138,132.27480791197283,130.74507186253493,325.76377666197277,0.34589027268722106,1.9580463453009571,-2.303936617988164,168,168,0
18,00024-1-02,45 a 59,Mujeres,Quintil alto,Centro,Trabajadores rutinarios,Motorizados privados,47.96,48.10803065609002,28.93,29.482726066216156,11.23,10.529243277693842,79.87999999999998,8.842511,135.29680876,131.21,20,111.21000000000001,24.086808759999997,31.998547129255332,31.736750537128746,23.156036129255334,22.894239537128747,3.6187172545508095,2.6187172545508095,288.7900188,290.0989815048132,643.9052605600002,-0.14803065609002175,-0.5527260662161559,0.7007567223061582,168,168,0
19,00027-1-01,30 a 44,Hombres,Quintil medio,Norte,Trabajadores rutinarios,Motorizados privados,62.06,58.05104628562504,25.63,31.020515620387613,12.46,11.078438093987359,67.85,5.640839,180.59048606,130.51999999999998,0,130.51999999999998,50.07048606,15.396581380569051,19.637283976120504,9.755742380569052,13.996444976120504,2.72948428071942,1.72948428071942,169.47998228,146.86611981875888,384.33953979,4.008953714374961,-5.390515620387614,1.3815619060126423,168,168,0
31,00047-1-01,60 o mas,Mujeres,Quintil bajo,Centro,Trabajadores rutinarios,Movilidad activa,91.01,89.56311646967822,7.88,11.050418567780964,5.67,3.9464649625408175,63.44,0.8884,77.51330279,11.66,0,11.66,65.85330279,0.6046358337139078,1.087874286354296,-0.28376416628609213,0.1994742863542961,0.6805896372286221,-0.3194103627713779,3.339981210000005,2.0545698816621325,15.377801210000001,1.4468835303217844,-3.170418567780964,1.7235350374591825,168,168,0
33,00051-1-02,30 a 44,Hombres,Quintil alto,Norte,Trabajadores rutinarios,Motorizados privados,68.58,63.95173724682942,30.39,32.08106712063258,8.52,11.457195632537987,60.510000000000005,7.127654,281.30452207999997,192.48999999999998,0,192.48999999999998,88.81452207999999,17.690960406940565,23.537035390269747,10.563306406940566,16.409381390269747,2.482017281835028,1.4820172818350281,207.50998923999998,174.52133371431268,484.8470063799999,4.628262753170581,-1.6910671206325816,-2.9371956325379873,168,168,0
42,00062-1-02,60 o mas,Mujeres,Quintil alto,Sur,Trabajadores rutinarios,Motorizados privados,55.41,54.888430577764105,30.7,31.54560483868535,11.59,11.265964583550558,70.3,13.487442,330.86918097999995,283.53,0,283.53,47.33918098,42.20832939600247,43.46303007907223,28.720887396002468,29.97558807907223,3.129454005882099,2.1294540058820988,416.46998024,409.43534290861993,986.8539024199999,0.521569422235892,-0.8456048386853503,0.32403541644944234,168,168,0
43,00065-1-01,30 a 44,Mujeres,Quintil alto,Sur,Trabajadores rutinarios,Motorizados privados,76.25,66.43996525347714,31.1,34.72028744003242,6.21,12.399747306490442,54.44,3.273484,127.012062638889,188.52,111.111111111111,77.40888888888901,49.60317375,8.474456524867755,14.50132377011446,5.200972524867755,11.22783977011446,2.5888186790794623,1.5888186790794625,122.59109236111098,90.47810057892434,244.724780401111,9.81003474652286,-3.6202874400324205,-6.189747306490442,168,168,0
46,00069-1-01,60 o mas,Hombres,Quintil alto,Centro,Trabajadores rutinarios,Motorizados privados,62.58,57.14105243035486,35.37,35.13212104705575,6.87,12.54682652258938,63.180000000000014,40.077886,731.2840738799999,723.2099999999999,0,723.2099999999999,8.07407388,144.29128170924207,185.6462507779747,104.21339570924206,145.5683647779747,3.6002717735471896,2.600271773547189,1776.7900319999999,1558.808511343785,3469.6799366399996,5.438947569645137,0.23787895294425,-5.676826522589379,168,168,0
55,00080-1-01,30 a 44,Hombres,Quintil bajo,Sur,Trabajadores rutinarios,Motorizados privados,61.7,64.5036693885159,33.59,31.210163185295492,11.57,11.146167426188612,61.13999999999999,7.16786,299.33695830000005,232.08000000000004,0,232.08000000000004,67.2569583,16.98582795943108,13.967319536040522,9.81796795943108,6.799459536040522,2.3697209431310156,1.3697209431310153,142.9200037,163.01631336316757,466.6205613,-2.8036693885158996,2.379836814704511,0.4238325738113886,168,168,0
58,00092-1-01,45 a 59,Hombres,Quintil bajo,Centro,Trabajadores rutinarios,Movilidad mixta,51.64,58.43169288612413,30.53,33.26742454366094,21.41,11.880882570214935,64.42,5.057747,138.57203207999999,102.39,0,102.39,36.18203208,15.343463497103977,10.418327656486012,10.285716497103977,5.360580656486012,3.033655795179944,2.033655795179944,122.61002300000001,156.9606873197157,385.30940218,-6.791692886124132,-2.7374245436609357,9.529117429785066,168,168,0
61,00098-1-02,30 a 44,Mujeres,Quintil bajo,Sur,Trabajadores rutinarios,Movilidad activa,58.08,66.41136778822406,36.63,30.806592899946413,13.51,11.002039311829538,59.779999999999994,2.659997,121.16263183999999,66.66999999999999,0,66.66999999999999,54.492631839999994,5.857789512237887,2.9337620613081694,3.197792512237887,0.27376506130816924,2.202178992020625,1.2021789920206252,33.32999392000002,55.49140724257265,166.70224350000004,-8.331367788224057,5.82340710005359,2.5079606881704617,168,168,0
69,00115-1-02,30 a 44,Mujeres,Quintil bajo,Norte,Trabajadores rutinarios,Motorizados privados,52.53,57.71565198464555,41.88,35.22452207230026,11.11,12.579825943054187,62.480000000000004,2.405518,48.57184077,57.21,22.5,34.71,13.86184077,8.333397850646845,6.478939814392749,5.927879850646845,4.073421814392749,3.464284137822642,2.464284137822642,77.79001976999999,90.26419896080057,205.25841859,-5.1856519846455456,6.655477927699742,-1.4698259430541878,168,168,0
74,00125-1-04,45 a 59,Mujeres,Quintil medio,Norte,Trabajadores rutinarios,Movilidad activa,64.56,62.6313454331155,15.85,19.017046779000097,8.03,6.791607787884402,79.56,2.017727,108.39447512000001,18.13,0,18.13,90.26447512000001,3.0744088986100953,4.041923101344843,1.0566818986100954,2.0241961013448435,1.5236991419602828,0.5236991419602828,21.86997999999997,17.97848160672382,70.05330075999996,1.9286545668845037,-3.1670467790000973,1.2383922121155972,168,168,0
79,00129-1-01,60 o mas,Mujeres,Quintil bajo,Norte,Trabajadores rutinarios,Movilidad activa,32.91,29.776045324306274,12.69,18.873582619369234,9.79,6.740372056324484,112.61000000000001,1.829655,11.307427040869591,43.05,76.95652173913041,-33.90652173913041,45.21394878,7.438822127062389,9.601618114549305,5.609167127062389,7.7719631145493056,4.0656966078645365,3.065696607864537,48.906519009130406,43.172463166974005,90.03716340913039,3.1339546756937224,-6.1835826193692345,3.0496279436755147,168,168,0
88,00150-1-05,30 a 44,Mujeres,Quintil alto,Norte,Trabajadores rutinarios,Movilidad mixta,47.74,56.11338364641058,42.95,33.280915664138305,10.59,11.885700689451124,66.71999999999998,5.734147,127.87820081999999,104.13,0,104.13,23.74820082,18.94518377550319,12.024347833323803,13.211036775503189,6.290200833323803,3.303923630751564,2.303923630751564,145.86997696,193.8841896759143,452.8762073400002,-8.37338364641058,9.669084335861697,-1.2957006894511238,168,168,0
106,00182-1-01,18 a 29,Mujeres,Quintil bajo,Centro,Trabajadores rutinarios,Usuarios publicos,57.93,59.135644480151505,31.63,31.12765460081276,11.82,11.116700919035722,66.62,6.560531,220.37158599,190.32,0,190.32,30.051585989999996,17.50864228136385,16.219395278229175,10.94811128136385,9.658864278229174,2.6687843226964176,1.6687843226964174,159.67997484000003,167.58964282701285,444.73504678999996,-1.2056444801515056,0.502345399187238,0.7032990809642783,168,168,0
108,00185-1-02,18 a 29,Mujeres,Quintil medio,Norte,Trabajadores rutinarios,Usuarios publicos,57.17,60.40753694840798,40.26,33.00522167830257,7.77,11.78724137328945,62.8,5.057279,160.98462714,121.86,0,121.86,39.12462714,14.238898014887477,11.774599969720187,9.181619014887477,6.717320969720187,2.815525505887153,1.8155255058871533,128.14001329,144.5131409109078,371.0411236600001,-3.2375369484079783,7.2547783216974295,-4.017241373289451,168,168,0
110,00190-1-01,30 a 44,Mujeres,Quintil bajo,Norte,Trabajadores rutinarios,Movilidad mixta,39.32,61.45216586695406,42.03,25.714387492537703,15,9.183446640508231,71.65,3.129569,142.85463736,82.3,0,82.3,60.554637359999994,6.255558813489624,-1.5322705590067678,3.125989813489624,-4.661839559006768,1.998856332450131,0.998856332450131,-19.79998427999999,49.46415592007756,158.67933579,-22.13216586695406,16.315612507462298,5.816553359491769,168,168,0
115,00206-1-02,30 a 44,Hombres,Quintil bajo,Centro,Trabajadores rutinarios,Motorizados privados,54.02,61.515991033671725,28.03,25.313671189862355,13.82,9.040337776465924,72.13,0.236317,12.76585572,0,0,0,12.76585572,0.22757145788058356,-1.2001092494350723e-6,-0.008745542119416444,-0.23631820010924942,0.9629923275963369,-0.03700767240366306,-1.137999999833994e-5,1.771418733104202,9.889855070000001,-7.4959910336717215,2.7163288101376466,4.779662223534077,168,168,0
116,00208-1-01,45 a 59,Hombres,Quintil bajo,Norte,Trabajadores rutinarios,Motorizados privados,55.21,58.09247657167386,36.02,30.091033663237543,7.7,10.746489765088608,69.06999999999998,4.675645,159.25235428000002,126.11000000000001,0,126.11000000000001,33.14235428,12.143813426542108,9.982658949018262,7.468168426542108,5.307013949018262,2.597248813060467,1.597248813060467,98.89000616999999,112.36744333996404,303.30920557000013,-2.8824765716738625,5.9289663367624605,-3.046489765088608,168,168,0
127,00224-1-06,30 a 44,Hombres,Quintil bajo,Centro,Trabajadores rutinarios,Motorizados privados,66.69,60.987971679815445,32.14,32.437528647680914,6.18,11.584499672503643,62.99,1.993795,69.20618546,103.74000000000001,67.5,36.24000000000001,32.96618546,5.252467060585889,7.343393695231896,3.2586720605858894,5.3495986952318955,2.6344067773195787,1.6344067773195787,63.76000309,52.39132753535763,140.16222749,5.702028320184553,-0.29752864768091314,-5.404499672503643,168,168,0
129,00228-1-01,60 o mas,Hombres,Quintil bajo,Norte,Trabajadores rutinarios,Movilidad mixta,72.37,57.86563053427389,21.63,37.33929066812173,14.54,13.335078797604382,59.46,2.443609,29.2303350363636,75.75,123.3636363636364,-47.6136363636364,76.8439714,9.769331115888434,18.011587346766934,7.325722115888434,15.567978346766933,3.9979109243289064,2.997910924328906,147.6136482936364,112.17064052786289,235.99898582363636,14.504369465726114,-15.709290668121728,1.2049212023956173,168,168,0
131,00231-1-01,60 o mas,Hombres,Quintil alto,Centro,Trabajadores rutinarios,Motorizados privados,49.47,47.215735156613064,28.72,31.149693215936416,11.3,11.124571627450516,78.51,4.097925,21.25945900220401,146.54000000000002,140.504869297796,6.035130702204015,15.224328299999998,17.980400625908455,20.01195467356147,13.882475625908455,15.914029673561469,4.387684163548248,3.3876841635482484,181.46489074779598,172.22708248945958,345.463849247796,2.2542648433869346,-2.4296932159364175,0.17542837254948473,168,168,0
143,00258-1-01,60 o mas,Hombres,Quintil bajo,Norte,Trabajadores rutinarios,Movilidad activa,52.4,62.00578920004706,22.5,20.465362294020373,14.88,7.308848505932565,78.22,0.760508,40.7006398,30.849999999999998,0,30.849999999999998,9.8506398,1.0257603866448444,-0.10036080521039759,0.2652523866448444,-0.8608688052103975,1.348783164207141,0.34878316420714106,-0.8500206000000006,6.455258932949391,27.577768440000007,-9.605789200047063,2.034637705979627,7.571151494067435,168,168,0
147,00263-1-01,45 a 59,Mujeres,Quintil medio,Centro,Trabajadores rutinarios,Usuarios publicos,62.98,58.302256055587954,31.25,31.77857729615962,7.2,11.349166648252426,66.57000000000001,4.913503,151.502411,142.04999999999998,0,142.04999999999998,9.452411,13.811514219412855,18.129978588986248,8.898011219412854,13.216475588986247,2.810930250660853,1.8109302506608531,157.95000794000003,134.9658990358996,346.87419829,4.677743944412043,-0.5285772961596216,-4.149166648252426,168,168,0
150,00266-1-01,30 a 44,Mujeres,Quintil bajo,Centro,Trabajadores rutinarios,Movilidad mixta,61.55,62.88513907503308,34.9,31.452239978707208,9.12,11.232620946259697,62.430000000000014,2.539926,100.20247284999999,58.87,0,58.87,41.332472849999995,6.154195063509614,5.627542377829265,3.614269063509614,3.087616377829265,2.4229820331417584,1.4229820331417586,56.12997245,59.52112690029247,167.93751497,-1.3351390750330836,3.4477600212927904,-2.112620946259698,168,168,0
152,00272-1-01,45 a 59,Hombres,Quintil bajo,Sur,Trabajadores rutinarios,Movilidad mixta,74.76,63.824405667283926,15.02,27.702225788513037,11.64,9.893368544203039,66.58,5.233821,240.56046719999998,149.27999999999997,0,149.27999999999997,91.2804672,10.974359467148581,24.950812754578756,5.740538467148581,19.716991754578757,2.096815971954062,1.096815971954062,150.71999076000006,93.48504749394962,290.25365862,10.935594332716079,-12.682225788513037,1.7466314557969618,168,168,0
160,00288-1-02,30 a 44,Mujeres,Quintil alto,Norte,Trabajadores rutinarios,Motorizados privados,71.96,61.354083048882494,14.27,31.136173614413607,17.38,11.119743336703879,64.39000000000001,8.794784,326.20266752000003,243.33,0,243.33,82.87266752000001,22.28779534615187,42.763332967661704,13.49301134615187,33.968548967661704,2.534206109684089,1.5342061096840889,306.6699891199999,213.39324041298295,585.0249027199998,10.6059169511175,-16.866173614413608,6.26025666329612,168,168,0
161,00289-1-04,30 a 44,Hombres,Quintil medio,Centro,Trabajadores rutinarios,Movilidad mixta,60.46,57.361598474923305,29.4,31.882220505625984,10.77,11.386181019450714,67.36999999999999,5.487832,158.05431014,126.26,0,126.26,31.794310140000004,15.98723253782613,19.08850869703622,10.49940053782613,13.60067669703622,2.9132146424719507,1.9132146424719507,173.74001258,156.73650554183533,394.18622402000005,3.098401525076696,-2.4822205056259854,-0.616181019450714,168,168,0
162,00290-1-01,30 a 44,Hombres,Quintil bajo,Norte,Trabajadores rutinarios,Movilidad mixta,52.97,55.70732757962335,19.88,31.14115136614346,25.12,11.121521054233183,70.03,3.611785,99.86623168000001,83.55000000000001,0,83.55000000000001,16.31623168,10.582386207126163,8.969025797961026,6.970601207126164,5.357240797961026,2.9299601740209242,1.9299601740209242,91.45001976999997,101.33665846216992,253.98034477,-2.7373275796233543,-11.261151366143462,13.998478945766818,168,168,0
169,00299-1-05,30 a 44,Hombres,Quintil bajo,Centro,Trabajadores rutinarios,Movilidad mixta,48.14,50.87055747992145,28.48,26.496631150565612,10.21,9.462811369512956,81.16999999999999,5.048821,147.80024898,92.25,0,92.25,55.550248980000006,13.382316657322901,10.865262179991234,8.333495657322901,5.816441179991234,2.6505825136844625,1.6505825136844623,95.24999396000001,109.0360899063345,290.5888784500001,-2.730557479921451,1.9833688494343882,0.7471886304870452,168,168,0
172,00307-1-01,30 a 44,Hombres,Quintil medio,Centro,Trabajadores rutinarios,Movilidad mixta,56.34,58.161216145036406,34.28,33.054090007214086,12.4,11.804693847749515,64.97999999999999,5.964521,163.17109418,177.13,50,127.13,36.04109418,18.076441794688783,16.34416791761216,12.111920794688782,10.37964691761216,3.030661103328965,2.0306611033289648,172.87001896000004,183.7327009026087,451.29385924000013,-1.8212161450364022,1.2259099927859154,0.595306152250485,168,168,0
173,00308-1-01,30 a 44,Hombres,Quintil bajo,Norte,Trabajadores rutinarios,Usuarios publicos,57.96,59.58095292259881,39.77,34.189029361652715,8.25,12.210017715748496,62.01999999999998,5.172719,140.99077872,116.18,0,116.18,24.810778720000002,15.904262271692751,14.596779881509484,10.73154327169275,9.424060881509483,3.0746426147820425,2.074642614782042,158.82001452,167.20474850083238,407.21398090000014,-1.6209529225988106,5.580970638347289,-3.9600177157484957,168,168,0
176,00316-1-02,30 a 44,Mujeres,Quintil bajo,Sur,Trabajadores rutinarios,Usuarios publicos,55.06,54.87924972977012,26.94,28.487083450819096,11.54,10.173666819410775,74.46000000000001,2.76081,89.0435097133333,61.199999999999996,16.6666666666667,44.533333333333296,44.51017638,7.13114101945519,7.221871827252831,4.37033101945519,4.461061827252831,2.5829886951493184,1.5829886951493182,62.96668888666673,62.46767173311338,169.2026576866667,0.1807502702298791,-1.5470834508190947,1.3663331805892245,168,168,0
177,00321-1-01,45 a 59,Hombres,Quintil bajo,Centro,Trabajadores rutinarios,Movilidad mixta,49.47,57.754123706197504,36.68,34.149850594067125,17.95,12.196025699735378,63.89999999999999,3.052397,72.25206859,58.75,0,58.75,13.502068589999999,9.907142055805215,6.361996207502982,6.854745055805215,3.3095992075029823,3.2456925019272442,2.2456925019272442,78.750011,104.03644534842616,245.50245911000005,-8.284123706197505,2.5301494059328746,5.7539743002646215,168,168,0
179,00322-1-04,30 a 44,Hombres,Quintil bajo,Centro,Trabajadores rutinarios,Motorizados privados,27.5,40.666661110850995,31.87,23.97948317669734,13.84,8.563855712451673,94.78999999999999,7.074052,111.1778680714286,113.07000000000001,71.4285714285714,41.641428571428605,69.5364395,23.936304132384887,8.048463441709531,16.86225213238489,0.9744114417095311,3.383676587673498,2.3836765876734987,83.35856192857139,176.50020729310913,406.7134788485714,-13.166661110850995,7.8905168233026615,5.276144287548327,168,168,0
182,00338-1-01,30 a 44,Mujeres,Quintil bajo,Norte,Trabajadores rutinarios,Motorizados privados,65.36,64.14284938941837,26.82,30.09075895335411,12.8,10.746391657227518,63.019999999999996,2.935865,127.38815936000002,110.50000000000001,0,110.50000000000001,16.88815936,6.58453943491827,7.184872605764673,3.6486744349182696,4.249007605764673,2.2427936689589845,1.2427936689589847,64.49997703999999,60.926587162664774,180.81894834000002,1.2171506105816263,-3.270758953354111,2.053608342772483,168,168,0
186,00342-1-01,18 a 29,Mujeres,Quintil bajo,Norte,Trabajadores rutinarios,Usuarios publicos,65.17,62.584985337909316,7.92,17.695407408542103,13.51,6.319607253548591,81.39999999999999,2.557728,139.21711295,37.53,0,37.53,101.68711295,3.8332675213191774,5.657320727293452,1.2755395213191774,3.0995927272934516,1.4987002219622951,0.4987002219622952,27.470020809999994,20.858256428360107,82.28213185000001,2.5850146620906855,-9.775407408542103,7.190392746451408,168,168,0
191,00347-1-01,45 a 59,Hombres,Quintil bajo,Centro,Trabajadores rutinarios,Movilidad mixta,49.82,56.83052405353317,32.95,32.08932953589736,17.61,11.460146410569463,67.62,2.937264,80.96450052,49.63,0,49.63,31.33450052,8.711567534278254,5.7061784535556885,5.774303534278254,2.7689144535556887,2.9658782915932154,1.9658782915932156,65.36999196,85.96175188357705,213.87805979999996,-7.010524053533167,0.8606704641026397,6.149853589430537,168,168,0
205,00373-1-01,45 a 59,Hombres,Quintil bajo,Norte,Trabajadores rutinarios,Motorizados privados,48.29,53.8910697723962,34.23,31.0057613609736,13.45,11.073168866630178,72.03000000000002,3.593885,87.50870501,76.46,0,76.46,11.04870501,11.135493878292785,7.964126443284748,7.541608878292784,4.370241443284748,3.0984558154456203,2.0984558154456203,86.04000164000001,106.16960227896814,257.39643844,-5.601069772396201,3.224238639026396,2.376831133369821,168,168,0
210,00388-1-01,30 a 44,Mujeres,Quintil bajo,Norte,Trabajadores rutinarios,Movilidad activa,58.84,55.38576833686415,19.6,24.304353986436848,9.93,8.679877676699013,79.63,2.954576,117.22726015999999,87.88,32,55.879999999999995,61.34726016,6.210384604252322,8.462142559791495,3.2558086042523224,5.507566559791496,2.101954596616341,1.101954596616341,56.61999168000003,46.414201709658755,143.86862096000002,3.4542316631358503,-4.704353986436846,1.250122323300987,168,168,0
211,00389-1-02,60 o mas,Hombres,Quintil bajo,Centro,Trabajadores rutinarios,Movilidad mixta,56.9,70.01702234708463,42.66,28.311881253644625,8.88,10.111096399270748,59.559999999999995,0.466961,26.570104500000003,0,0,0,26.570104500000003,0.7035535528704887,-2.0208848683434195e-6,0.2365925528704887,-0.46696302088486835,1.5066644813388885,0.5066644813388884,-2.3600000002232946e-5,6.125114272216987,24.067146339999997,-13.117022347084635,14.348118746355372,-1.231096399270747,168,168,0
219,00401-1-01,45 a 59,Hombres,Quintil medio,Sur,Trabajadores rutinarios,Motorizados privados,52.99,62.49798513033665,36.46,35.95965056143099,21.85,12.842364308232382,56.69999999999998,11.830855,334.03701562000003,307.12,0,307.12,26.91701562,36.65939109714583,22.16770044443254,24.82853609714583,10.33684544443254,3.0986256781226573,2.0986256781226573,292.87999083,405.367584249169,982.73714588,-9.50798513033665,0.5003494385690104,9.00763569176762,168,168,0
222,00408-1-01,30 a 44,Hombres,Quintil bajo,Centro,Trabajadores rutinarios,Motorizados privados,60.34,69.9814798980095,31.71,22.833818588423895,8.92,8.154701513566621,67.02999999999999,0.785516,47.39805356,0,0,0,47.39805356,1.0786258975865641,-1.9682730872401565e-6,0.29310989758656414,-0.7855179682730873,1.3731431283214652,0.3731431283214653,-1.812000000001035e-5,7.573518603564828,31.915496960000006,-9.641479898009493,8.876181411576106,0.7652984864333785,168,168,0
224,00410-1-02,45 a 59,Mujeres,Quintil bajo,Sur,Trabajadores rutinarios,Motorizados privados,54.44,56.07150569169234,28.43,26.61382808887162,9.32,9.50466621943604,75.81,2.144876,80.56705856,51.300000000000004,0,51.300000000000004,29.26705856,4.850962775394021,4.232193232774526,2.706086775394021,2.0873172327745264,2.261651850920063,1.261651850920063,36.19999087999999,39.69936828197429,117.16905987999998,-1.6315056916923396,1.8161719111283787,-0.18466621943603911,168,168,0
227,00414-1-02,45 a 59,Mujeres,Quintil alto,Centro,Trabajadores rutinarios,Usuarios publicos,55.76,57.02227122516376,38.53,33.97437215148704,8.84,12.133356623349195,64.87,11.378895,250.88715575999998,216.39999999999998,0,216.39999999999998,34.48715576,38.09283156628804,35.73956237774364,26.71393656628804,24.36066737774364,3.34767405501923,2.34767405501923,383.60002944,397.96328117265983,922.6182855899999,-1.262271225163765,4.555627848512962,-3.2933566233491955,168,168,0
232,00430-1-02,60 o mas,Hombres,Quintil medio,Centro,Trabajadores rutinarios,Motorizados privados,52.52,55.69079599565029,28.08,32.280709548124555,18.9,11.528494456225157,68.5,6.153641,149.75921344,126.57,0,126.57,23.18921344,19.43727097614666,16.29240602572751,13.28362997614666,10.138765025727508,3.1586618355127736,2.1586618355127736,173.43001188000005,192.94195212146946,462.52806606000007,-3.1707959956502876,-4.200709548124557,7.371505543774841,168,168,0
233,00431-1-01,45 a 59,Mujeres,Quintil medio,Centro,Trabajadores rutinarios,Usuarios publicos,67.37,61.322661923570664,30.43,36.98042272755957,13.71,13.206915348869776,56.48999999999999,4.083367,93.17917008657602,148.89000000000001,125.807269653424,23.082730346576014,70.09643974000001,13.826046430592875,18.189282655995815,9.742679430592876,14.105915655995815,3.385942637679365,2.385942637679365,181.91726470342397,157.22376396428893,362.157084083424,6.047338076429341,-6.550422727559571,0.5030846511302247,168,168,0
236,00438-1-02,18 a 29,Mujeres,Quintil bajo,Centro,Trabajadores rutinarios,Movilidad activa,37.23,50.58450846986234,33.86,23.03790433771665,10.76,8.227587192421002,86.15,2.247385,79.13012872000002,15.460000000000003,0,15.460000000000003,63.67012872000001,4.877431459840515,0.4490572255679075,2.6300464598405147,-1.7983277744320925,2.170269651101398,1.1702696511013977,4.540014829999976,34.55273684754157,104.81833352999996,-13.354508469862346,10.822095662283349,2.5324128075789982,168,168,0
240,00446-1-01,45 a 59,Mujeres,Quintil medio,Norte,Trabajadores rutinarios,Movilidad mixta,64.85,55.35886300219224,26.29,34.51478228593274,11.06,12.326354711875013,65.80000000000001,2.880642,47.177273449438005,92.98,110.112359550562,-17.132359550562,64.309633,10.580216848498404,16.499449571842682,7.699574848498404,13.618807571842682,3.672867662312222,2.672867662312222,139.632360250562,112.29179238692303,247.22433895056196,9.491136997807757,-8.22478228593274,-1.266354711875012,168,168,0
245,00454-1-01,30 a 44,Mujeres,Quintil bajo,Norte,Trabajadores rutinarios,Movilidad mixta,41.44,54.319486621604334,41.05,29.52586410115556,11.9,10.544649277240103,73.61,3.486415,100.87703584,51.4,0,51.4,49.477035840000006,9.747836417442985,3.6340803520064537,6.2614214174429845,0.1476653520064537,2.7959483932472136,1.7959483932472138,43.600001759999984,88.50323710986068,228.20567601,-12.879486621604336,11.524135898844438,1.3553507227598978,168,168,0
246,00456-1-02,30 a 44,Hombres,Quintil medio,Sur,Trabajadores rutinarios,Movilidad mixta,64.07,67.46751900957145,34.21,31.045220115363556,11.32,11.087260875064999,58.4,3.143866,146.30748719,94.88,0,94.88,51.42748719,6.892737928226458,5.3430052436703255,3.7488719282264578,2.1991392436703254,2.192440112977607,1.192440112977607,55.12000742999999,65.80135192854536,198.26022641,-3.397519009571454,3.164779884636445,0.23273912493500148,168,168,0
252,00461-1-02,18 a 29,Mujeres,Quintil bajo,Norte,Trabajadores rutinarios,Movilidad activa,62.35,64.08685443046218,24.99,22.7561736105435,7.63,8.126971958994304,73.03000000000002,2.747903,142.78174095,43.95,0,43.95,98.83174095,4.762038260464421,3.8627473921861375,2.014135260464421,1.1148443921861375,1.7329717462604834,0.7329717462604834,28.550011100000006,33.32271860003033,118.18660695999998,-1.7368544304621807,2.2338263894564996,-0.4969719589943038,168,168,0
256,00467-1-01,60 o mas,Hombres,Quintil bajo,Centro,Trabajadores rutinarios,Motorizados privados,59.45,61.660282752223246,40.83,36.15690643287668,10.45,12.912810814900066,57.269999999999996,2.776518,73.37519787121208,71.18999999999998,37.8787878787879,33.31121212121209,40.06398574999999,8.798595143476518,7.891185316409033,6.022077143476519,5.114667316409033,3.1689314254316088,2.1689314254316088,91.68879722878792,97.82568707542528,234.06864026878787,-2.210282752223243,4.673093567123317,-2.4628108149000667,168,168,0
258,00490-1-01,45 a 59,Hombres,Quintil bajo,Centro,Trabajadores rutinarios,Motorizados privados,53.06,64.01822454342414,35.13,35.39210145065675,23.86,12.639674005919108,55.95,2.62845,87.43557294000001,72.97000000000001,0,72.97000000000001,14.46557294,7.427364461579083,3.892685164511795,4.798914461579083,1.264235164511795,2.825758322044963,1.8257583220449631,52.029984059999975,80.83312936116317,207.08224955999995,-10.958224543424137,-0.2621014506567505,11.220325994080891,168,168,0
273,00520-1-01,45 a 59,Hombres,Quintil medio,Norte,Trabajadores rutinarios,Motorizados privados,40.33,48.39016885362477,32.73,30.608527463341687,16.87,10.931303683033548,78.07,12.424511,143.28052989,242.2,100,142.2,1.08052989,48.65430830573272,31.837036950669983,36.22979730573272,19.41252595066998,3.915993821063277,2.9159938210632768,357.79999874,457.9436553237184,974.05574434,-8.060168853624774,2.1214725366583096,5.938696316966453,168,168,0
275,00523-1-01,45 a 59,Hombres,Quintil bajo,Centro,Trabajadores rutinarios,Movilidad mixta,53.58,60.749445390975644,42.04,34.1164554165969,11.43,12.18409919242747,60.949999999999996,3.439119,103.1279698,76.36,0,76.36,26.767969800000003,10.084619335767119,6.697287503451457,6.645500335767119,3.258168503451457,2.9323263707266656,1.9323263707266656,81.14002622,105.79660208356675,265.02971915,-7.169445390975646,7.9235445834031,-0.7540991924274696,168,168,0
276,00526-1-01,30 a 44,Hombres,Quintil bajo,Norte,Trabajadores rutinarios,Movilidad mixta,60.94,64.37252816900842,40.55,31.08573998766815,5.07,11.101731843323426,61.440000000000005,3.02857,127.66104634,60.10000000000001,0,60.10000000000001,67.56104633999999,7.040079254006898,5.504666861721879,4.0115092540068975,2.476096861721879,2.3245555671511298,1.3245555671511298,56.90000946000002,67.29566129681383,195.06337286000007,-3.432528169008421,9.464260012331849,-6.031731843323426,168,168,0
278,00527-1-01,45 a 59,Hombres,Quintil bajo,Sur,Trabajadores rutinarios,Motorizados privados,51.3,58.27877230656946,39.89,32.746414725801976,11.53,11.694812967628556,65.28,7.029029,199.1791805,163.59,0,163.59,35.5891805,20.9009369832035,13.853910187343802,13.8719079832035,6.824881187343801,2.973516965601294,1.973516965601294,161.41000720000002,210.46400012727364,522.84267838,-6.978772306569461,7.143585274198024,-0.16481296762855635,168,168,0
280,00530-1-01,60 o mas,Hombres,Quintil medio,Norte,Trabajadores rutinarios,Movilidad mixta,62.51,63.9550417308675,35.94,34.69444141967338,12.59,12.390516849459116,56.96000000000001,4.018324,138.60542461,87.42,0,87.42,51.18542461,11.096717792970278,10.238232072177706,7.078393792970278,6.219908072177706,2.761528884423028,1.7615288844230277,112.58000862999998,118.38665449814641,307.58927234999993,-1.4450417308675014,1.245558580326616,0.1994831505408836,168,168,0
290,00550-1-01,18 a 29,Hombres,Quintil bajo,Norte,Trabajadores rutinarios,Movilidad activa,29.16,31.955038752594994,17,17.38589203198287,9.39,6.209069215422138,112.45,7.067497,111.9829304211321,100.14,16.7452830188679,83.39471698113209,28.58821344,21.297218247354074,15.737965682420684,14.229721247354075,8.670468682420683,3.013403224275026,2.013403224275026,94.10528209886792,113.85921009771678,280.6165279288679,-2.7950387525949942,-0.3858920319828698,3.1809307845778623,168,168,0
303,00582-1-01,60 o mas,Hombres,Quintil medio,Sur,Trabajadores rutinarios,Motorizados privados,47.39,48.30439514196554,35.6,32.65384983323671,9.63,11.661755024797749,75.38,2.423681,2.6005963015020086,89.94000000000001,152.197628458498,-62.25762845849799,64.85822476,11.400491766781474,10.953762684853128,8.976810766781474,8.530081684853128,4.7037921932719176,3.703792193271917,112.25764628849801,114.4738484205722,221.88073791849803,-0.9143951419655423,2.946150166763289,-2.0317550247977483,168,168,0
313,00592-1-01,30 a 44,Hombres,Quintil bajo,Centro,Trabajadores rutinarios,Usuarios publicos,60.2,61.479374765220925,30.25,31.39017110732874,13.63,11.21045412745034,63.919999999999995,5.7604,212.77608479999998,166,0,166,46.77608479999999,14.64584264320812,13.477587100085124,8.885442643208119,7.717187100085124,2.5425044516367126,1.5425044516367126,133.9999952,141.36970559757862,386.7663472000001,-1.279374765220922,-1.1401711073287402,2.4195458725496604,168,168,0
327,00611-1-01,45 a 59,Hombres,Quintil bajo,Sur,Trabajadores rutinarios,Movilidad activa,62.67,61.586547993651166,26.64,30.751196541342864,14.01,10.982255465005975,64.67999999999999,2.646129,102.32293692000002,48.99,0,48.99,53.33293692000001,6.413136004343809,6.895334258614552,3.7670070043438084,4.249205258614552,2.423591595248685,1.4235915952486853,63.509967509999996,60.64301373589217,171.07511136,1.0834520063488355,-4.1111965413428635,3.0277445349940244,168,168,0
331,00619-1-02,30 a 44,Hombres,Quintil bajo,Centro,Trabajadores rutinarios,Motorizados privados,56.7,59.79717221273414,32.81,31.450741865945513,12.97,11.232085921320353,65.52,2.668017,92.006552,55.73,0,55.73,36.276552,6.982949474754948,5.713907550924094,4.314932474754948,3.045890550924094,2.617280727504715,1.6172807275047154,59.270011900000014,67.53332001550228,181.41183016000002,-3.0971722127341366,1.359258134054489,1.7379140786796476,168,168,0
332,00620-1-02,45 a 59,Mujeres,Quintil medio,Norte,Trabajadores rutinarios,Movilidad mixta,51.63,56.58803840211012,32.94,32.50379577310112,16.13,11.608165824788738,67.30000000000001,4.08046,105.16416438000002,69.49000000000001,0,69.49000000000001,35.67416438000001,12.580408384908953,9.48967826098677,8.499948384908953,5.409218260986769,3.0830858248601754,2.0830858248601754,105.50998542000002,125.74106279827427,305.7381576199999,-4.95803840211012,0.43620422689888017,4.521834175211261,168,168,0
333,00621-1-02,18 a 29,Hombres,Quintil bajo,Centro,Trabajadores rutinarios,Motorizados privados,53.94,72.86119261430636,25.56,10.646569941970728,7.81,3.802237443722913,80.69,1.745375,121.18553476,102.03999999999999,0,102.03999999999999,19.14553476,1.8279944884992214,-3.576222905536467,0.08261948849922152,-5.321597905536467,1.0473362392031635,0.047336239203163516,-27.04000726000001,5.984569299194959,31.203156489999998,-18.921192614306364,14.91343005802927,4.007762556277086,168,168,0
338,00624-1-02,30 a 44,Hombres,Quintil alto,Centro,Trabajadores rutinarios,Motorizados privados,51.83,57.056149175844915,42.13,33.35256265644805,8.36,11.911288167707037,65.67999999999999,11.385051,273.65722081,233.57,0,233.57,40.08722081,36.65467797493158,27.659621070667995,25.26962697493158,16.274570070667995,3.219544468876914,2.219544468876914,316.42997252,375.9299474206024,891.2611975100002,-5.226149175844917,8.777437343551952,-3.551288167707037,168,168,0
340,00628-1-01,45 a 59,Mujeres,Quintil alto,Centro,Trabajadores rutinarios,Motorizados privados,69.37,57.010830983618256,17.27,30.49014394847143,11.75,10.889025067910309,69.61,9.518385,297.0184120533832,332.01,95.2819332566168,236.72806674338318,60.290345310000006,26.198611234798364,55.2469677730867,16.68022623479836,45.7285827730867,2.7524218903520254,1.7524218903520252,363.2719553966169,245.63262641862406,639.4954880966168,12.359169016381749,-13.220143948471431,0.8609749320896913,168,168,0
344,00631-1-02,45 a 59,Hombres,Quintil bajo,Centro,Trabajadores rutinarios,Movilidad mixta,50.74,58.21931948594203,38.82,29.894411085716822,9.23,10.676269428341145,69.21,4.311402,149.52055860000002,130.76000000000002,0,130.76000000000002,18.760558600000003,11.040004399618264,6.359713009838604,6.728602399618263,2.0483110098386037,2.5606529847177932,1.5606529847177932,69.23997888,101.48633187032942,276.40284498000005,-7.479319485942028,8.925588914283178,-1.4462694283411448,168,168,0
348,00638-1-01,45 a 59,Hombres,Quintil bajo,Norte,Trabajadores rutinarios,Motorizados privados,74.59,66.10087938321588,23.43,28.640620653524085,6.95,10.228499963260044,63.02999999999999,1.278592,62.51016565999999,54.63999999999999,0,54.63999999999999,7.87016566,2.4986659817021457,4.77368685198425,1.2200739817021458,3.49509485198425,1.9542324539040958,0.954232453904096,32.860011620000016,22.005889912344763,71.70363658000002,8.48912061678412,-5.210620653524085,-3.2784999632600433,168,168,0
362,00664-1-01,30 a 44,Mujeres,Quintil bajo,Norte,Trabajadores rutinarios,Movilidad mixta,79.84,83.32748114550498,19.29,17.457777126685116,7.89,6.2347417278099035,60.980000000000004,2.180479,166.68945136000002,92.60000000000001,0,92.60000000000001,74.08945136,2.7949919023850027,1.2015885495356313,0.6145129023850027,-0.9788904504643687,1.2818247285963327,0.28182472859633256,7.3999919999999975,15.004371400669527,66.66541121999998,-3.4874811455049723,1.8322228733148833,1.6552582721900961,168,168,0
363,00666-1-01,45 a 59,Hombres,Quintil bajo,Norte,Trabajadores rutinarios,Motorizados privados,73.72,84.83456656203423,10.42,8.743016888312981,12.56,3.1224165496527956,71.3,2.200379,180.68192344,105.97,0,105.97,74.71192344,2.2266248989701665,-3.547239140188222,0.026245898970166603,-5.747618140188222,1.0119278992256182,0.011927899225618226,-18.469983560000003,5.9862752972022975,32.09472586000001,-11.114566562034227,1.6769831116870186,9.437583450347205,168,168,0
366,00673-1-01,45 a 59,Hombres,Quintil alto,Norte,Trabajadores rutinarios,Motorizados privados,51.4,57.488052177414374,42.42,32.82799859411494,8.22,11.72394922847069,65.96,8.507483,225.38464619999996,244.09999999999997,56,188.09999999999997,37.2846462,26.12206482436341,18.4676315788661,17.61458182436341,9.9601485788661,3.0704809900135452,2.0704809900135452,211.89998000000003,263.69398040246585,642.7189191200002,-6.088052177414376,9.592001405885064,-3.50394922847069,168,168,0
372,00679-1-02,30 a 44,Hombres,Quintil medio,Sur,Trabajadores rutinarios,Motorizados privados,58.46,59.85681299295112,40.15,35.36366764183958,9.24,12.62951936520932,60.149999999999984,5.040493,123.28957939238103,197.67000000000002,119.047619047619,78.62238095238102,44.66719844,16.407171239519514,15.314016778950084,11.366678239519514,10.273523778950084,3.2550727160060564,2.2550727160060564,171.37764138761895,178.41826750089814,420.327590657619,-1.3968129929511193,4.786332358160422,-3.3895193652093205,167.99999999999997,168,0
375,00685-1-01,30 a 44,Hombres,Quintil bajo,Sur,Trabajadores rutinarios,Movilidad activa,62.31,62.69306907230464,22.92,28.82321910175797,16.58,10.293711825937393,66.19,2.79265,120.87003279999999,71.86,0,71.86,49.0100328,6.11627138277036,5.937427851779871,3.3236213827703596,3.144777851779871,2.1901317325015164,1.1901317325015164,53.13998870000003,54.209766544771554,163.44966370000003,-0.38306907230463594,-5.903219101757969,6.286288174062605,168,168,0
381,00697-1-01,30 a 44,Mujeres,Quintil bajo,Centro,Trabajadores rutinarios,Usuarios publicos,58.56,63.860360607819594,19.91,20.815680740688453,13.64,7.433958651491959,75.89,3.349078,178.36201608000002,57.24,0,57.24,121.12201608000001,5.547889488113672,2.33627636149342,2.1988114881136718,-1.0128016385065801,1.6565423343719292,0.6565423343719292,17.759991599999978,35.51131270371522,130.12155849999996,-5.3003606078195915,-0.9056807406884531,6.206041348508042,168,168,0
382,00697-1-02,45 a 59,Hombres,Quintil bajo,Centro,Trabajadores rutinarios,Usuarios publicos,54.78,63.10549365987994,30.45,27.517212188192683,15.22,9.827294151927378,67.55,3.194149,145.37549576,95.4,0,95.4,49.97549576,6.640921526740897,2.860450811846021,3.446772526740897,-0.3336981881539791,2.0790894622451543,1.0790894622451541,29.599986459999997,56.19285370821183,175.47677129000002,-8.325493659879939,2.932787811807316,5.392705848072623,168,168,0
384,00699-1-02,18 a 29,Hombres,Quintil bajo,Norte,Trabajadores rutinarios,Usuarios publicos,74.58,75.27140658797144,28.1,21.971760842122205,2.41,7.846832569906356,62.91,1.448141,95.01234213999999,87.00999999999999,0,87.00999999999999,8.00234214,2.07082739380979,1.8790631801627664,0.6226863938097902,0.4309221801627665,1.4299901693341948,0.4299901693341948,12.99001364,13.991267867711557,57.17279555000002,-0.6914065879714428,6.128239157877797,-5.436832569906356,168,168,0
392,00714-1-01,60 o mas,Hombres,Quintil bajo,Centro,Trabajadores rutinarios,Usuarios publicos,66.8,45.53528039681957,12.45,30.074230717992467,7.1,10.740488885187956,81.65,2.009632,10.358064584615388,90.72999999999999,99.6153846153846,-8.88538461538461,19.243449199999997,8.775089090763304,27.967083833451362,6.765457090763304,25.957451833451362,4.36651540718067,3.36651540718067,123.8853530153846,81.15109202980591,163.1736586153846,21.264719603180424,-17.624230717992468,-3.640488885187956,168,168,0
396,00723-1-01,60 o mas,Hombres,Quintil alto,Centro,Trabajadores rutinarios,Motorizados privados,61.02,56.124909941903354,24.92,30.678718769735763,11.82,10.9563712883609,70.23999999999998,9.282308,271.13640502,204.73000000000002,0,204.73000000000002,66.40640502,26.482748325240067,35.46942909129263,17.200440325240066,26.18712109129263,2.853034862152825,1.853034862152825,295.27002914,249.83229553300907,636.3020250600002,4.895090058096649,-5.758718769735761,0.8636287116390999,167.99999999999997,168,0
402,00740-1-01,30 a 44,Hombres,Quintil bajo,Sur,Trabajadores rutinarios,Motorizados privados,53.63,58.64232670123443,36.19,33.141693415925374,13.8,11.83597988284019,64.38000000000001,5.145521,144.81431075999998,118.85999999999999,0,118.85999999999999,25.954310760000002,15.398760885003457,11.577797815815735,10.253239885003456,6.432276815815736,2.992653394088462,1.9926533940884619,131.13998046999998,156.9310127700625,388.3645752599999,-5.012326701234429,3.0483065840746235,1.9640201171598104,168,168,0
411,00758-1-01,30 a 44,Hombres,Quintil bajo,Centro,Trabajadores rutinarios,Movilidad mixta,58.1,58.04130543282898,33.07,31.366643069553128,9.44,11.20205149761788,67.39000000000001,8.295754,258.2333061,188.75,0,188.75,69.48330610000001,23.14731244280211,23.229824289897635,14.85155844280211,14.934070289897635,2.790260227437085,1.7902602274370851,223.75000130000006,223.26308560961274,576.40250384,0.05869456717102395,1.7033569304468728,-1.7620514976178807,168,168,0
412,00760-1-01,45 a 59,Hombres,Quintil alto,Centro,Trabajadores rutinarios,Motorizados privados,62.65,66.92591346283776,42.73,34.178005722554204,7.93,12.206080814608043,54.69,8.888056,357.61670649999996,300.78,0,300.78,56.83670649999999,22.57171848908691,17.35568414057208,13.683662489086908,8.46762814057208,2.539556286446317,1.539556286446317,199.22000190000006,237.22456020885602,649.4889188600001,-4.275913462837757,8.551994277445793,-4.276080814608044,168,168,0
414,00763-1-02,30 a 44,Hombres,Quintil bajo,Norte,Trabajadores rutinarios,Movilidad activa,51.37,60.84192697438313,39.56,31.59460786335641,12.79,11.283465162260462,64.28,2.150698,77.65137063,67.17,0,67.17,10.48137063,5.475962668745498,2.7677572043492407,3.325264668745498,0.6170592043492404,2.5461327758455616,1.5461327758455616,32.82998563000001,53.20124002995186,145.41902593000003,-9.47192697438313,7.965392136643594,1.5065348377395367,168,168,0
417,00766-1-02,30 a 44,Mujeres,Quintil alto,Centro,Trabajadores rutinarios,Motorizados privados,56.67,56.61846986674408,34.87,33.115061408919466,10.02,11.82646872433644,66.44000000000001,11.703721,278.19987208,239.95,0,239.95,38.249872079999996,37.753958557995155,37.8565909294773,26.050237557995153,26.152869929477298,3.225808147510963,2.225808147510963,385.04999699000007,384.44690268727993,910.4300326799998,0.05153013325592326,1.7549385910805313,-1.8064687243364403,168,168,0
427,00785-1-01,30 a 44,Mujeres,Quintil alto,Norte,Trabajadores rutinarios,Motorizados privados,54.65,54.60231567743426,36.43,32.279589774154935,7.33,11.528094548410811,69.58999999999999,14.55497,316.39912259999994,270.96999999999997,0,270.96999999999997,45.4291226,48.189975221235315,48.312484464545854,33.63500522123532,33.75751446454585,3.3108948504349587,2.310894850434959,479.02998790000004,478.3359440155855,1115.9554751000005,0.04768432256573618,4.150410225845064,-4.198094548410811,168,168,0
428,00785-1-04,30 a 44,Hombres,Quintil alto,Norte,Trabajadores rutinarios,Motorizados privados,57.89,55.81915518837197,32.6,33.099819478038626,10.25,11.821025333589406,67.25999999999999,14.893724,327.28771195,302.59000000000003,0,302.59000000000003,24.697711950000002,49.52387981781618,55.09394231691629,34.63015581781618,40.20021831691629,3.325150903683738,2.3251509036837383,534.90997041,504.06737933878014,1173.1060438100003,2.070844811628028,-0.49981947803862425,-1.5710253335894055,168,168,0
435,00794-1-01,45 a 59,Hombres,Quintil bajo,Centro,Trabajadores rutinarios,Movilidad mixta,61.72,63.02658691888941,33.78,30.17642668295085,8.48,10.776986398159746,64.02,4.18571,173.6020052,117.51,0,117.51,56.092005199999996,9.721511576269153,8.84979136399702,5.535801576269153,4.6640813639970204,2.3225478058129094,1.3225478058129092,84.74001600000003,90.20900993226456,261.62812060000005,-1.3065869188894084,3.6035733170491504,-2.2969863981597456,168,168,0
437,00797-1-01,30 a 44,Hombres,Quintil bajo,Norte,Trabajadores rutinarios,Motorizados privados,63.45,61.63030189499063,29.66,29.237892780656313,8.2,10.441805324353066,66.69,2.139984,88.60198830000002,77.82000000000001,0,77.82000000000001,10.781988300000002,4.81450665740956,5.499855483926007,2.67452265740956,3.359871483926007,2.2497862869112852,1.2497862869112852,47.17999649999999,43.28587167044961,128.19979074,1.8196981050093726,0.4221072193436868,-2.2418053243530665,168,168,0
439,00799-1-01,45 a 59,Mujeres,Quintil bajo,Centro,Trabajadores rutinarios,Usuarios publicos,10.5,20.65281173221954,18.82,10.932747486932373,6.17,3.9044407808480757,132.51000000000002,3.053602,32.062821,0,0,0,32.062821,9.221915535853082,0,6.168313535853082,-3.053602,3.0200122792207633,2.0200122792207633,0,31.002646211129054,76.30951397999995,-10.15281173221954,7.887252513067628,2.2655592191519243,168.00000000000003,168,0
445,00808-1-01,45 a 59,Hombres,Quintil alto,Norte,Trabajadores rutinarios,Motorizados privados,65.26,56.046526675081935,24.54,30.50805252139487,7.65,10.895420803523212,70.54999999999998,6.801119,200.89475828000002,167.21,35.15625,132.05375,68.84100828000001,19.217425677467368,33.30912605238926,12.416306677467368,26.50800705238926,2.8256270295325474,1.8256270295325472,242.94626766,180.28433917390657,461.8742882700001,9.21347332491807,-5.9680525213948705,-3.2454208035232117,168,168,0
472,00854-1-01,60 o mas,Hombres,Quintil alto,Centro,Trabajadores rutinarios,Motorizados privados,63,59.39730634105292,38.52,35.591726894688506,6.18,12.710966764258593,60.29999999999999,9.563579,214.99671848979594,234.43000000000004,46.9387755102041,187.49122448979594,27.505494000000002,32.25848062686835,38.260265821545325,22.694901626868347,28.696686821545324,3.3730552784546814,2.3730552784546814,387.5087585102041,353.05411309006456,815.0007398102043,3.602693658947082,2.928273105311497,-6.530966764258594,168,168,0
474,00859-1-01,45 a 59,Mujeres,Quintil bajo,Norte,Trabajadores rutinarios,Motorizados privados,60.89,58.99602782791804,33.56,29.395780126022792,4.44,10.498192046059167,69.11,4.299851,158.25790423,108.94,0,108.94,49.31790423,10.555746047698417,12.02769829220686,6.2558950476984165,7.72784729220686,2.4549097277320575,1.4549097277320577,103.56002316000001,95.41622502190123,266.95436116,1.8939721720819591,4.16421987397721,-6.058192046059166,168,168,0
476,00865-1-01,30 a 44,Hombres,Quintil medio,Centro,Trabajadores rutinarios,Usuarios publicos,60.9,57.02683209081704,29.87,29.88150696375778,6.81,10.671660945425195,70.41999999999999,4.440039,145.38058182222218,152.76,27.7777777777778,124.98222222222219,20.398359600000003,11.734150482755215,15.042377556393324,7.294111482755215,10.602338556393324,2.6428034714909523,1.6428034714909523,125.01779327777777,107.82077670745699,287.8784237977778,3.8731679091829605,-0.011506963757778266,-3.8616609454251956,168,168,0
484,00873-1-05,30 a 44,Mujeres,Quintil alto,Centro,Trabajadores rutinarios,Movilidad mixta,51.86,55.67023062540754,33.63,31.949544691930814,13.54,11.410224682661648,68.97,3.72409,94.72514808717868,34.88,8.28617623282134,26.593823767178662,68.13132432000002,11.46064907982208,9.207259616835547,7.736559079822079,5.483169616835546,3.077436119917102,2.0774361199171016,98.40615931282132,112.59580108259529,274.0714846128213,-3.8102306254075415,1.6804553080691882,2.1297753173383516,168,168,0
489,00882-1-01,18 a 29,Mujeres,Quintil medio,Centro,Trabajadores rutinarios,Movilidad mixta,68.2,64.82091519395834,28.06,28.57427797687516,7.34,10.204806829166506,64.39999999999999,4.914915,226.8572196,141.66,0,141.66,85.19721960000001,10.439930702583132,13.507018227966368,5.525015702583132,8.59210322796637,2.12413250332572,1.1241325033257201,108.3399834,91.73206880051373,282.3279744,3.3790848060416607,-0.5142779768751602,-2.864806829166506,168,168,0
490,00882-1-02,30 a 44,Hombres,Quintil medio,Centro,Trabajadores rutinarios,Movilidad activa,72.44,68.33057765458368,29.21,30.785069678209698,8.46,10.994352667206629,57.88999999999999,2.246197,108.5345346,70.82000000000001,0,70.82000000000001,37.7145346,4.748270908574922,6.347711382213167,2.5020739085749217,4.101514382213168,2.1139156131785954,1.1139156131785954,54.17997607999999,44.949403935992905,138.79421707000003,4.10942234541632,-1.5750696782096973,-2.534352667206628,168,168,0
494,00888-1-01,45 a 59,Mujeres,Quintil alto,Norte,Trabajadores rutinarios,Motorizados privados,69.23,60.75509089445745,21.42,33.84703038220681,16.04,12.087878723335741,61.309999999999995,11.419656,345.57277618,254.98999999999998,0,254.98999999999998,90.58277618,33.45774246295671,52.4295329557779,22.03808646295671,41.0098769557779,2.929838032157598,1.9298380321575983,445.01000870000007,348.2294620834364,872.7903224599999,8.474909105542551,-12.427030382206809,3.9521212766642577,168,168,0
509,00903-1-01,30 a 44,Mujeres,Quintil alto,Centro,Trabajadores rutinarios,Motorizados privados,73.12,52.43704135227205,14.46,32.58558368977194,9.08,11.637374957956027,71.33999999999999,6.312068,97.10842827999998,423.07,412.5,10.569999999999993,86.53842827999999,23.340764757031373,68.32531248233322,17.028696757031373,62.01324448233322,3.697799953522581,2.697799953522581,364.42998388,233.8777424543531,513.0160646,20.682958647727958,-18.125583689771936,-2.5573749579560268,168,168,0
512,00912-1-02,18 a 29,Hombres,Quintil bajo,Sur,Trabajadores rutinarios,Usuarios publicos,47.22,57.23880565748856,46.16,31.736908854207684,6.93,11.334285488303749,67.69,3.1014,90.56812187999999,69.11999999999999,0,69.11999999999999,21.44812188,8.909804864942107,4.645340441584783,5.808404864942107,1.543940441584783,2.872833193055429,1.8728331930554287,55.87998612,86.95230998613503,220.53331212,-10.018805657488564,14.423091145792313,-4.404285488303749,168,168,0
517,00922-1-01,30 a 44,Mujeres,Quintil bajo,Norte,Trabajadores rutinarios,Movilidad mixta,86.57,69.88094156593311,21.07,33.341662918395,7.49,11.907395515671878,52.870000000000005,1.392398,65.82992375,57.79,0,57.79,8.03992375,3.069664986716405,8.454389760632052,1.677266986716405,7.061991760632052,2.204588764646606,1.204588764646606,54.709971109999984,31.472159524522127,94.47685798999998,16.68905843406688,-12.271662918395002,-4.417395515671878,168,168,0
519,00927-1-01,45 a 59,Hombres,Quintil alto,Centro,Trabajadores rutinarios,Motorizados privados,76.13,61.82861627328778,20.85,33.6160099398134,10.47,12.005373786898808,60.55000000000001,20.734259,678.20914501,599.71,0,599.71,78.49914500999999,58.407803261401995,126.86290517697411,37.67354426140199,106.12864617697412,2.8169708529927204,1.8169708529927204,900.2899926599999,603.7613984119636,1549.6869845399997,14.301383726712217,-12.7660099398134,-1.5353737868988073,168,168,0
527,00949-1-01,18 a 29,Mujeres,Quintil alto,Centro,Trabajadores rutinarios,Usuarios publicos,63.07,59.2117205427888,33.79,34.05583116333621,8.57,12.162448293874984,62.570000000000014,2.861924,77.75155325,109.75,87.5,22.25,55.50155325,8.757233192428309,10.705324461572781,5.895309192428309,7.843400461572781,3.059911162011398,2.059911162011398,102.74999343000002,91.7078908527003,223.98109406999995,3.8582794572112036,-0.26583116333620893,-3.592448293874984,168.00000000000003,168,0
529,00954-1-01,45 a 59,Hombres,Quintil medio,Centro,Trabajadores rutinarios,Motorizados privados,62.01,63.285815452262554,34.83,31.893850188974085,9.73,11.390334358763354,61.43000000000001,4.502968,175.33903668,121.10999999999999,0,121.10999999999999,54.22903668,11.178764990486243,10.289696968865925,6.675796990486243,5.786728968865925,2.4825326296980665,1.4825326296980665,103.89000900000002,109.63496515544381,304.54226308,-1.275815452262556,2.9361498110259134,-1.660334358763354,168,168,0
555,01008-1-02,60 o mas,Hombres,Quintil bajo,Norte,Trabajadores rutinarios,Movilidad mixta,68.17,65.14028572302342,33.41,31.087392328749534,5.75,11.102321948227042,60.67,1.990882,86.79845695,26.080000000000002,0,26.080000000000002,60.71845695,4.486471030971381,5.513374245538906,2.495589030971381,3.5224922455389063,2.2535092642212753,1.2535092642212753,48.91996899,42.88816537082431,126.88290810999999,3.029714276976577,2.322607671250463,-5.352321948227042,168,168,0
562,01026-1-01,45 a 59,Mujeres,Quintil medio,Centro,Trabajadores rutinarios,Motorizados privados,48.05,34.433592770365955,8.28,20.12803080353972,5.42,7.188376426094334,106.25,7.012377,93.96470954999998,259.52,202.5,57.01999999999998,36.944709550000006,23.83046331363977,78.27515807038272,16.818086313639768,71.26278107038272,3.398343145789191,2.3983431457891906,242.9800053,147.4966244202805,339.04957020000006,13.616407229634042,-11.84803080353972,-1.768376426094334,168,168,0
568,01033-1-02,45 a 59,Hombres,Quintil bajo,Centro,Trabajadores rutinarios,Motorizados privados,55.14,57.73675292349277,38.34,31.23736499623999,6.65,11.155882080267245,67.86999999999999,2.328761,73.3378888,57.43,0,57.43,15.907888800000002,6.362690804393734,5.402229241152348,4.0339298043937335,3.073468241152348,2.732221470727882,1.732221470727882,55.069992740000004,61.11720967486596,159.84095013000004,-2.5967529234927724,7.102635003760014,-4.505882080267245,168,168,0
572,01045-1-01,30 a 44,Mujeres,Quintil bajo,Norte,Trabajadores rutinarios,Usuarios publicos,53.79,58.39963402814816,30.53,25.517304203281405,8.71,9.11306176857044,74.97,3.463027,145.20621911,113.93,25,88.93,56.27621911,7.268508947325644,4.619231429035259,3.8054819473256445,1.156204429035259,2.098888904800813,1.0988889048008128,41.07000321999999,57.03329031959581,176.95918269999999,-4.609634028148157,5.012695796718596,-0.4030617685704385,168,168,0
575,01047-1-01,45 a 59,Hombres,Quintil bajo,Centro,Trabajadores rutinarios,Usuarios publicos,51.44,52.05725202504269,25.56,25.791693011669775,10.06,9.21105496328754,80.94,2.865341,93.92315544,59.03,0,59.03,34.89315544,6.964896821948249,6.625064873284431,4.0995558219482495,3.7597238732844307,2.430739246026302,1.4307392460263018,53.46998559999999,55.23862313468784,155.53343202000002,-0.6172520250426956,-0.23169301166977618,0.8489450367124611,168,168,0
583,01063-1-01,60 o mas,Hombres,Quintil bajo,Centro,Trabajadores rutinarios,Motorizados privados,80.18,69.89495514704447,19.74,33.64081306198872,15.63,12.014231790966809,52.449999999999996,1.936933,89.923315,59.62,0,59.62,30.303314999999998,4.39441024747285,8.15799922926653,2.45747724747285,6.22106622926653,2.268746646101259,1.268746646101259,65.37997294000002,45.458530157830296,133.88929315000001,10.285044852955536,-13.900813061988725,3.6157682090331917,168,168,0
588,01071-1-01,45 a 59,Mujeres,Quintil medio,Sur,Trabajadores rutinarios,Usuarios publicos,50.87,52.147902481765136,39.23,34.368120510748135,8.69,12.273977007486726,69.21000000000001,4.961688,31.431553066279,178.42000000000002,179.389534883721,-0.9695348837209963,32.40108795,21.508720905741207,20.351177273291785,16.547032905741208,15.389489273291787,4.33496038157603,3.33496038157603,220.96951549372096,227.31006890266528,458.73360445372094,-1.277902481765139,4.861879489251862,-3.5839770074867268,168,168,0
591,01073-1-01,18 a 29,Mujeres,Quintil bajo,Norte,Trabajadores rutinarios,Usuarios publicos,67.31,65.24082819162135,24.06,28.176444346821384,12.11,10.062727461557273,64.52,3.018259,143.26900135000002,55.11000000000001,0,55.11000000000001,88.15900135000001,6.191451168800121,7.307685933691047,3.1731921688001212,4.289426933691047,2.051331966143436,1.0513319661434362,59.890011939999994,53.64471550681483,169.06043996999998,2.0691718083786554,-4.116444346821385,2.0472725384427264,168,168,0
592,01074-1-01,30 a 44,Hombres,Quintil bajo,Centro,Trabajadores rutinarios,Movilidad mixta,61.15,62.262840130480576,36.74,29.140232291699537,3.92,10.406927577819895,66.18999999999998,2.847316,120.1833451,71.07,0,71.07,49.1133451,6.372126898358464,5.853791600504264,3.5248108983584636,3.006475600504264,2.237941590732628,1.2379415907326279,53.930028300000004,57.09863580895944,169.7018968600001,-1.1128401304805777,7.599767708300465,-6.486927577819895,168,168,0
600,01089-1-02,30 a 44,Hombres,Quintil bajo,Centro,Trabajadores rutinarios,Motorizados privados,58.26,57.35780763802926,34.09,32.03975178396516,8.49,11.442440578005575,67.16000000000001,2.626785,75.65648300000001,53.870000000000005,18.75,35.120000000000005,40.536483,7.6134685754464355,8.02042004731606,4.986683575446436,5.39363504731606,2.898398070434556,1.8983980704345562,77.38001109999999,75.01014573646066,189.22851639999996,0.9021923619707408,2.050248216034845,-2.952440578005575,168,168,0
601,01091-1-02,30 a 44,Mujeres,Quintil medio,Centro,Trabajadores rutinarios,Motorizados privados,62.03,61.2993812523589,39.24,34.433347171680445,6.76,12.297271575960666,59.96999999999999,5.479971,164.624512393617,136.67000000000002,24.468085106383,112.20191489361702,52.42259750000001,16.177649134272674,16.818735187712566,10.697678134272675,11.338764187712567,2.952141377075294,1.9521413770752938,175.29808873638297,171.29431918725345,427.37675473638296,0.7306187476411026,4.806652828319557,-5.537271575960666,168,168,0
602,01093-1-02,30 a 44,Hombres,Quintil alto,Centro,Trabajadores rutinarios,Usuarios publicos,65.84,57.66607121976408,21.42,29.33680033987621,10.22,10.477128440359715,70.52,5.759945,200.0547424,120.82,0,120.82,79.2347424,14.643245639215928,24.993502963837248,8.883300639215928,19.23355796383725,2.5422544206960187,1.5422544206960185,179.1800364,132.09865619192402,361.42469619999997,8.173928780235926,-7.9168003398762075,-0.2571284403597147,168,168,0
609,01104-1-02,30 a 44,Mujeres,Quintil alto,Centro,Trabajadores rutinarios,Usuarios publicos,60.17,62.630272305659496,37.7,33.64426360271512,10.42,12.01546409162538,59.709999999999994,6.577221,225.4213547,179.67,0,179.67,45.7513547,18.02797514235421,15.622106523426265,11.450754142354212,9.044885523426265,2.740971474480516,1.7409714744805158,170.33003287000003,186.51178754450206,486.82590739000005,-2.460272305659494,4.055736397284882,-1.5954640916253808,168,168,0
616,01117-1-01,45 a 59,Mujeres,Quintil bajo,Centro,Trabajadores rutinarios,Usuarios publicos,53.61,48.34832792079046,8.63,22.644560723328244,16.84,8.087111355881287,88.92,2.633854,85.75090886999999,82.05,25,57.05,28.70090887,5.973002120226689,9.608301462030271,3.3391481202266893,6.974447462030271,2.2677802642920564,1.2677802642920561,55.450004070000006,41.59152801748564,122.53426544999999,5.261672079209539,-14.014560723328243,8.752888644118713,168,168,0
617,01122-1-01,18 a 29,Hombres,Quintil bajo,Sur,Trabajadores rutinarios,Usuarios publicos,53.08,60.278771721064075,40.06,27.382164177298872,4.3,9.779064101637049,70.56,2.745336,115.46244252000001,99.74000000000001,0,99.74000000000001,15.72244252,5.940924047132879,3.010587539707089,3.195588047132879,0.2652515397070889,2.164006171606273,1.1640061716062728,30.25999236,50.02303952161914,152.04309731999996,-7.198771721064077,12.67783582270113,-5.479064101637049,168,168,0
618,01123-2-02,18 a 29,Mujeres,Quintil bajo,Centro,Trabajadores rutinarios,Usuarios publicos,59.61,59.07933141852696,21,28.2954428665092,16.87,10.10522571496384,70.52,2.550083,99.66042765999998,62.64999999999999,0,62.64999999999999,37.01042766,5.861083063441971,6.100922804126298,3.3110000634419707,3.550839804126298,2.298389136134773,1.2983891361347732,52.350019970000005,50.996771041751515,148.92166318000002,0.5306685814730372,-7.295442866509202,6.764774285036161,168,168,0
622,01129-1-02,18 a 29,Mujeres,Quintil medio,Norte,Trabajadores rutinarios,Movilidad mixta,67.44,64.87107623851875,34.54,31.271021754774576,5.33,11.167902006706658,60.69000000000001,3.474225,147.6287248969697,93.63,5.3030303030303,88.3269696969697,59.30175519999999,8.085349383034641,9.594263065173553,4.611124383034641,6.120038065173553,2.3272382712791027,1.3272382712791027,86.67300910303032,77.74798994779815,225.19035985303026,2.568923761481244,3.268978245225423,-5.837902006706658,168,168,0
629,01141-1-01,18 a 29,Mujeres,Quintil medio,Sur,Trabajadores rutinarios,Movilidad activa,62.01,64.72669894901954,40.7,33.035313062675904,6.85,11.797987988304556,58.440000000000005,7.631275,297.03537676,243.82000000000002,0,243.82000000000002,53.215376760000005,19.384077921384158,16.352344693606188,11.75280292138416,8.72106969360619,2.540083789587475,1.5400837895874753,176.17998598999992,196.911862762179,539.0471122399999,-2.7166989490195377,7.664686937324099,-4.947987988304556,168,168,0
635,01151-1-01,60 o mas,Hombres,Quintil bajo,Norte,Trabajadores rutinarios,Usuarios publicos,71.58,57.81385452077359,13.34,26.243673528615243,8.51,9.372471950611175,74.57,2.784769,112.26373347999998,37.93,0,37.93,74.33373347999999,6.0389794108944095,17.586978948565946,3.2542104108944097,14.802209948565945,2.168574632543816,1.168574632543816,87.07003154,48.73449635996016,147.91723419000004,13.76614547922641,-12.903673528615244,-0.8624719506111749,168,168,0
638,01157-1-01,45 a 59,Hombres,Quintil medio,Centro,Trabajadores rutinarios,Motorizados privados,55.9,57.43090015495853,28.61,30.040615905863202,13.69,10.728483939178279,69.8,7.305207,240.4710632,207.10999999999999,0,207.10999999999999,33.361063200000004,19.38537941052061,17.516949016871315,12.08017241052061,10.211742016871316,2.65363861838831,1.6536386183883098,167.8900081,179.07355062830413,476.90026420000004,-1.5309001549585304,-1.4306159058632026,2.9615160608217206,168,168,0
642,01161-1-01,60 o mas,Mujeres,Quintil bajo,Sur,Trabajadores rutinarios,Movilidad activa,89.53,66.69872797068008,17.76,32.540130049216444,3.57,11.621141980103479,57.13999999999999,1.553825,68.07396702,51.459999999999994,0,51.459999999999994,16.61396702,3.5542277798789033,14.698939091273878,2.000402779878903,13.145114091273879,2.28740545420424,1.28740545420424,71.03998523000001,35.56418396904198,104.18307248000002,22.83127202931992,-14.780130049216442,-8.051141980103479,168,168,0
645,01166-1-02,45 a 59,Mujeres,Quintil bajo,Sur,Trabajadores rutinarios,Movilidad mixta,68.25,64.13226304994849,23.92,28.352230513716446,10.44,10.12550643633506,65.39,2.656369,121.907162,65.61,0,65.61,56.297162,5.557434071003093,7.628415081625941,2.9010650710030927,4.97204608162594,2.0921167469591357,1.0921167469591357,59.390022250000015,48.45179346572863,150.66286109,4.117736950051508,-4.432230513716444,0.3144935636649393,168,168,0
647,01168-1-01,45 a 59,Mujeres,Quintil bajo,Norte,Trabajadores rutinarios,Usuarios publicos,63.37,65.77309560726488,8.99,14.660987484386045,13.31,5.235916908349079,82.33,2.925247,174.44290675,106.57,0,106.57,67.87290675,3.983696007922584,2.1631623177794443,1.058449007922584,-0.7620846822205558,1.3618323539593695,0.3618323539593695,10.929995640000016,17.959643855864783,76.16300374000002,-2.4030956072648806,-5.670987484386044,8.074083091650921,168,168,0
650,01172-1-02,45 a 59,Hombres,Quintil medio,Sur,Trabajadores rutinarios,Motorizados privados,59.78,65.91740102128956,36.96,35.37060283115394,17.18,12.63199614755651,54.07999999999999,2.392446,88.0443097303627,67.77,7.7461139896373,60.023886010362695,28.020423719999997,6.404565378965846,4.481565576305412,4.012119378965846,2.089119576305412,2.6769947488745185,1.676994748874518,54.976112149637316,69.65951267341742,184.50313858963736,-6.137401021289563,1.5893971688460624,4.54800385244349,168,168,0
660,01186-1-01,60 o mas,Hombres,Quintil bajo,Norte,Trabajadores rutinarios,Motorizados privados,76.67,56.818487323518326,8.66,26.8297379884067,7.9,9.58177468807498,74.77,1.282288,49.90301068,26.59,0,26.59,23.31301068,2.782313152243945,12.901756044404125,1.5000251522439447,11.619468044404126,2.1698036262087337,1.1698036262087337,48.41001028,22.954653793099673,69.64469956000002,19.851512676481676,-18.1697379884067,-1.681774688074979,168,168,0
661,01188-1-01,45 a 59,Mujeres,Quintil bajo,Sur,Trabajadores rutinarios,Usuarios publicos,53.02,59.527254814549025,32.29,26.513801665065472,10.2,9.468943520385508,72.49,3.111382,131.17547564,38.46,0,38.46,92.71547564000001,6.627768512718351,3.5097438220363286,3.516386512718351,0.39836182203632875,2.1301686879715676,1.1301686879715673,33.789998,54.03655349940115,165.99261918000002,-6.507254814549022,5.776198334934527,0.7310564796144909,168,168,0
665,01191-1-01,30 a 44,Mujeres,Quintil bajo,Centro,Trabajadores rutinarios,Usuarios publicos,77.27,76.5522153072065,26.22,23.968022103477274,5.59,8.55976258931623,58.92,2.305856,149.86353963,84.19,0,84.19,65.67353963,3.616559909680471,3.9278009427077416,1.3107039096804711,1.6219449427077417,1.5684240081256033,0.5684240081256033,28.309953489999998,26.654845349413932,101.65923285,0.7177846927935008,2.2519778965227246,-2.9697625893162307,168,168,0
670,01212-1-01,30 a 44,Hombres,Quintil bajo,Sur,Trabajadores rutinarios,Motorizados privados,55.75,62.35598840180451,44.14,33.7137364768423,8.22,12.040275121353186,59.89,6.239509,209.99264225,162.14,0,162.14,47.85264225,17.273776817407775,11.620172381517,11.034267817407775,5.3806633815169995,2.768451302403406,1.7684513024034063,137.85998450000002,179.07810858695487,464.56067573999997,-6.60598840180451,10.4262635231577,-3.820275121353186,168,168,0
671,01214-1-01,45 a 59,Hombres,Quintil bajo,Norte,Trabajadores rutinarios,Motorizados privados,49.62,57.06787111724108,42.12,34.839726125354595,12.61,12.44240275740433,63.64999999999999,4.130173,80.73918074,75.8,0,75.8,4.93918074,14.464364929686479,10.01544253052544,10.33419192968648,5.8852695305254406,3.502120838445866,2.502120838445866,124.20000352,154.96099971590897,350.2443718100001,-7.447871117241085,7.2802738746454025,0.16759724259566866,168,168,0
674,01216-1-04,18 a 29,Mujeres,Quintil medio,Centro,Trabajadores rutinarios,Usuarios publicos,24.48,37.157589911065244,33.86,23.079844644695154,10.14,8.242565444239576,99.52000000000001,2.182415,22.8168116512821,27.34,17.9487179487179,9.3912820512821,13.425529600000003,8.211302445996758,3.070197393856052,6.028887445996757,0.8877823938560518,3.7624844248214737,2.7624844248214737,30.608707548717902,58.276469934475365,126.6349675487179,-12.677589911065244,10.780155355304846,1.8974345557604249,168,168,0
693,01244-1-01,45 a 59,Hombres,Quintil alto,Norte,Trabajadores rutinarios,Motorizados privados,60.02,59.86633424245037,42.78,37.029296124324155,7.32,13.224369633225496,57.87999999999999,13.170571,244.61769985999996,316.61999999999995,112.5,204.11999999999995,40.49769986,47.76285130544674,48.087634901512,34.592280305446735,34.917063901511995,3.626482960036185,2.6264829600361845,545.8799715600001,543.856105789924,1205.7255786600003,0.15366575754963208,5.750703875675846,-5.904369633225496,168,168,0
699,01259-1-01,30 a 44,Hombres,Quintil bajo,Centro,Trabajadores rutinarios,Movilidad activa,60.59,62.795565389791086,36.36,32.01929854947491,9.3,11.43513606073401,61.75,3.866164,146.98090225,100.23,0,100.23,46.75090225,9.729533646616456,8.43534646818284,5.863369646616457,4.56918246818284,2.516585857872676,1.516585857872676,87.26997451,95.79705201965623,263.79902274999995,-2.205565389791083,4.3407014505250885,-2.135136060734009,168,168,0
703,01262-1-01,45 a 59,Mujeres,Quintil bajo,Centro,Trabajadores rutinarios,Movilidad mixta,82.43,68.12266095432913,12.31,27.651932039829283,10.91,9.87540700584159,62.349999999999994,2.347644,121.81633782,53.3,0,53.3,68.51633782,4.482097762120992,13.627954147847934,2.134453762120992,11.280310147847935,1.9091897076903448,0.9091897076903449,71.6999571,38.11141843346505,126.21225078,14.307339045670872,-15.341932039829283,1.0345929941584107,168,168,0
708,01267-1-01,30 a 44,Hombres,Quintil medio,Sur,Trabajadores rutinarios,Motorizados privados,62,64.7193968066781,33.41,30.26277794315246,10.38,10.807825250169435,62.21,4.6901,204.876182,139.09,0,139.09,65.786182,10.602365436805755,8.658503724689954,5.912265436805755,3.9684037246899537,2.260584089210412,1.2605840892104123,85.91001800000001,98.664260963001,291.289497,-2.7193968066781053,3.1472220568475358,-0.42782525016943396,168,168,0
715,01274-1-03,45 a 59,Hombres,Quintil bajo,Norte,Trabajadores rutinarios,Movilidad mixta,64.03,56.95176373637736,32.76,34.306327541348146,6.72,12.251908722274486,64.49000000000001,2.444314,52.39396887454551,55.43,54.5454545454545,0.8845454545455027,51.509423420000005,8.229384481179336,11.638902956346213,5.785070481179336,9.194588956346212,3.366746040475707,2.3667460404757064,104.11545654545448,86.81402455097397,200.61697326545448,7.078236263622642,-1.5463275413481483,-5.531908722274486,168,168,0
718,01278-1-01,45 a 59,Mujeres,Quintil bajo,Centro,Trabajadores rutinarios,Usuarios publicos,59.62,63.14061848024045,23.94,20.52075166316664,7.43,7.328629856592921,77.00999999999999,2.684743,141.88435407999998,81.82,0,81.82,60.06435408,4.378954422473848,2.557725343479746,1.694211422473848,-0.1270176565202541,1.6310516211323944,0.6310516211323944,18.18002358000001,27.63197940049622,102.40041149000007,-3.5206184802404508,3.4192483368333626,0.1013701434070784,168,168,0
720,01283-1-01,45 a 59,Mujeres,Quintil bajo,Sur,Trabajadores rutinarios,Motorizados privados,63.26,59.36823527540905,26.83,30.875217374277625,11.18,11.026547350313306,66.73000000000002,6.400938,220.77332274,165.85,0,165.85,54.92332274000001,16.772249064450477,21.38197771447704,10.371311064450477,14.981039714477038,2.6202798815502475,1.6202798815502473,184.15001513999997,159.23907042730625,427.4496685199998,3.8917647245909492,-4.045217374277627,0.15345264968669348,168.00000000000003,168,0
723,01290-1-02,45 a 59,Mujeres,Quintil medio,Centro,Trabajadores rutinarios,Motorizados privados,56.72,60.43740294251052,36.5,31.62741529214805,10.14,11.295181765341432,64.64,2.878099,101.13575176,50.39,0,50.39,50.74575176,7.486408461929874,5.877290200556372,4.608309461929874,2.9991912005563717,2.60116433170988,1.60116433170988,62.11002352,72.8090772114366,196.34456088000002,-3.7174029425105246,4.872584707851949,-1.1551817653414318,168,168,0
728,01302-2-02,60 o mas,Hombres,Quintil alto,Norte,Trabajadores rutinarios,Motorizados privados,48.83,48.926461395296435,21.16,31.436528676871085,21.6,11.22700992783249,76.41,10.463378,99.73346726279803,247.41000000000003,158.603281447202,88.80671855279803,10.92674871,42.641043910935146,42.440676290263866,32.17766591093515,31.977298290263867,4.0752655510424205,3.075265551042421,411.19328047720194,412.202592518596,858.607323757202,-0.09646139529643705,-10.276528676871084,10.37299007216751,168,168,0
730,01306-1-01,60 o mas,Mujeres,Quintil bajo,Sur,Trabajadores rutinarios,Movilidad mixta,57.35,55.062482981318524,26.1,31.527881881358894,14.4,11.259635137322576,70.15,2.332392,59.8307331304878,51.19,75.1219512195122,-23.9319512195122,83.76268435,7.075534389402665,8.056587159687925,4.743142389402665,5.724195159687925,3.0335957203603274,2.033595720360328,73.9319480695122,68.59656167527567,168.3938240695122,2.287517018681477,-5.427881881358893,3.1403648626774245,168,168,0
740,01329-1-02,30 a 44,Mujeres,Quintil bajo,Centro,Trabajadores rutinarios,Movilidad mixta,68.5,62.38943331890232,23.94,27.971154810141314,7.91,9.989411870956362,67.65,2.729628,120.3194895,48.339999999999996,0,48.339999999999996,71.9794895,5.810874530027664,9.236980814980008,3.0812465300276637,6.507352814980008,2.1288155492351573,1.1288155492351573,66.66002849999998,49.98045459140869,153.59868029999998,6.11056668109768,-4.031154810141313,-2.0794118709563616,168,168,0
743,01337-1-01,45 a 59,Hombres,Quintil bajo,Norte,Trabajadores rutinarios,Usuarios publicos,59.11,57.49020925223429,28.21,31.153764965658794,12.45,11.126025782106924,68.23,3.547909,109.78689022,100.07000000000001,0,100.07000000000001,9.71689022,9.831376368119917,10.846822746498107,6.283467368119917,7.298913746498107,2.771033971874678,1.771033971874678,99.93001077,94.18314059788531,244.18799070999998,1.6197907477657125,-2.9437649656587936,1.3239742178930758,168,168,0
748,01349-1-01,30 a 44,Mujeres,Quintil bajo,Norte,Trabajadores rutinarios,Motorizados privados,47.78,55.22485046749403,37.19,32.557724131615345,14.44,11.627425400890612,68.59,3.015074,68.82025803999998,99.75999999999999,100,-0.2400000000000091,69.06025804,9.7573824404144,6.431622061914211,6.7423084404144,3.416548061914211,3.2361999872687703,2.2361999872687703,75.23997768000002,97.68675275842911,230.90824829999997,-7.444850467494028,4.632275868384653,2.8125745991093876,168,168,0
749,01350-1-01,30 a 44,Mujeres,Quintil bajo,Centro,Trabajadores rutinarios,Movilidad activa,58.91,65.0440164386106,33.43,27.547774581714513,10.09,9.838208979674894,65.57,2.616569,125.84207488999999,84.19999999999999,0,84.19999999999999,41.64207489,5.23551732773144,2.869932003915575,2.61894832773144,0.25336300391557476,2.000909331162847,1.0009093311628472,28.300004900000005,44.35008215875891,142.17308778000006,-6.134016438610601,5.882225418285486,0.2517910203251059,168,168,0
752,01354-1-02,45 a 59,Hombres,Quintil bajo,Centro,Trabajadores rutinarios,Motorizados privados,68.71,65.2709044979551,32.84,33.71748253950797,9.48,12.041612962536927,56.97,1.620758,63.9807198039469,36.47,21.3515754560531,15.118424543946897,48.862295259999996,4.032292290641638,4.9412599451204695,2.411534290641638,3.3205019451204696,2.48790522128636,1.48790522128636,47.38156237605308,41.80762082834981,115.9720409360531,3.439095502044893,-0.877482539507966,-2.561612962536927,168,168,0
755,01362-1-01,45 a 59,Mujeres,Quintil bajo,Centro,Trabajadores rutinarios,Usuarios publicos,76.33,52.03407085167758,12.46,31.548817292659493,6.06,11.267111855662918,73.15,2.878926,53.32840531000001,83.58,125,-41.42,94.74840531000001,9.94439002317274,39.65870794410629,7.065464023172741,36.77978194410629,3.454201331737162,2.454201331737162,166.42001626999996,96.47383415073672,219.73772578999996,24.295929148322415,-19.088817292659492,-5.207111855662919,168,168,0
756,01363-1-01,45 a 59,Hombres,Quintil bajo,Sur,Trabajadores rutinarios,Motorizados privados,48.59,59.2077472425252,39.18,30.381889046574543,12.67,10.850363710900268,67.55999999999999,3.424162,121.41001809000002,92.53000000000002,0,92.53000000000002,28.88001809,8.705047369629574,3.8277912063744846,5.280885369629574,0.40362920637448463,2.542241684134563,1.542241684134563,44.970013489999985,81.32690012345955,222.51281319,-10.617747242525198,8.798110953425457,1.8196362890997317,168,168,0
759,01366-1-01,45 a 59,Mujeres,Quintil bajo,Centro,Trabajadores rutinarios,Usuarios publicos,76.09,67.06776466828074,11.98,22.69655509096869,9.8,8.10568024075057,70.13,2.895968,160.29424251,64.94,0,64.94,95.35424251,4.861825722360254,12.170296680658948,1.965857722360254,9.274328680658948,1.678825775132962,0.6788257751329622,60.059962609999985,33.931857800871654,123.13414565,9.022235331719259,-10.71655509096869,1.6943197592494315,168,168,0
766,01377-1-03,45 a 59,Hombres,Quintil bajo,Norte,Trabajadores rutinarios,Motorizados privados,57.94,55.8253442883655,37.32,32.80788846596741,5.09,11.716767245667086,67.65,2.366048,55.83884196,43.75,0,43.75,12.088841960000002,7.557774127810044,8.455298983466884,5.1917261278100435,6.089250983466884,3.1942606945463674,2.1942606945463674,81.24997916000001,76.24660224279862,181.59407484000002,2.114655711634498,4.5121115340325915,-6.626767245667086,168,168,0
770,01385-1-02,60 o mas,Mujeres,Quintil bajo,Centro,Trabajadores rutinarios,Movilidad activa,24.61,36.69513629586598,32.36,21.851116989647327,9.38,7.803746714486704,101.64999999999999,1.681085,23.66482806557,11.65,16.85667752443,-5.206677524430001,28.87150559,5.6587736030531826,1.8722270892572916,3.9776886030531826,0.1911420892572917,3.3661436530890363,2.3661436530890363,17.706673784429995,38.02281513436586,87.87516168443,-12.08513629586598,10.508883010352672,1.576253285513297,168,168,0
772,01391-1-03,18 a 29,Hombres,Quintil bajo,Centro,Trabajadores rutinarios,Movilidad mixta,50.62,60.69422484004491,43.92,30.178167175225063,7.11,10.777607984730032,66.35,0.153102,7.749999300000001,0,0,0,7.749999300000001,0.1662103550922473,2.0704872524101963e-6,0.013108355092247309,-0.1530999295127476,1.0856184445157302,0.0856184445157301,2.393999999839025e-5,1.542407911460554,7.812818999999999,-10.074224840044913,13.741832824774939,-3.667607984730032,168,168,0
774,01394-1-01,45 a 59,Mujeres,Quintil alto,Sur,Trabajadores rutinarios,Motorizados privados,65,54.27143544434986,20.34,29.65706069484585,9.18,10.591503860804298,73.47999999999999,16.56362,465.307214893617,463.14,74.468085106383,388.671914893617,76.6353,47.548532469595294,91.39700791113528,30.984912469595294,74.83338791113528,2.870660668959762,1.870660668959762,611.3280851063829,433.62421866112527,1100.2861475063833,10.728564555650138,-9.31706069484585,-1.4115038608042987,168,168,0
778,01408-1-01,45 a 59,Hombres,Quintil medio,Sur,Trabajadores rutinarios,Motorizados privados,55.01,58.67364418739191,35.28,29.62595928121603,8.59,10.580396531392049,69.12,3.254374,117.31313247,95.79,0,95.79,21.52313247,8.082596155954537,6.208143735403922,4.828222155954537,2.9537697354039225,2.4836101062614615,1.4836101062614613,61.709981269999986,73.63284965869934,204.47936865,-3.6636441873919097,5.654040718783971,-1.990396531392049,168,168,0
779,01410-1-01,30 a 44,Mujeres,Quintil bajo,Norte,Trabajadores rutinarios,Motorizados privados,44.8,54.44856630050771,35,25.820198497349182,9.69,9.221235202143106,78.51,3.890611,140.319364,78.52,0,78.52,61.799364,9.007670664579944,3.355730812271248,5.117059664579944,-0.5348801877287519,2.3152329196056725,1.3152329196056722,33.98000879999998,71.51882698298456,207.85141438999995,-9.64856630050771,9.179801502650818,0.4687647978568936,168,168,0
785,01421-1-01,45 a 59,Hombres,Quintil bajo,Norte,Trabajadores rutinarios,Usuarios publicos,37.87,49.09809071038389,25.08,29.799526310043852,26.59,10.642382979572254,78.46,5.316919,89.78170558000001,83.43,0,83.43,6.351705580000001,18.690492881401727,9.529783202508579,13.373573881401727,4.2128642025085785,3.5152863681770827,2.5152863681770827,111.57001694999998,171.26886578176362,386.29522168000005,-11.228090710383896,-4.719526310043854,15.947617020427746,168,168,0
787,01429-1-01,30 a 44,Hombres,Quintil alto,Norte,Trabajadores rutinarios,Movilidad mixta,43.46,42.171520717801585,19.04,23.622215508879503,11.73,8.436263773318919,93.77,17.526659,347.45859848,335.75,0,335.75,11.70859848,53.91980846264242,59.41676545187045,36.39314946264243,41.89010645187045,3.0764453432135825,2.076445343213583,414.25000165999995,391.66726465234353,953.54529909,1.2884792821984163,-4.582215508879504,3.293736226681082,168,168,0
792,01438-1-02,30 a 44,Mujeres,Quintil medio,Sur,Trabajadores rutinarios,Motorizados privados,63.86,62.641004056846384,29.02,25.840507672152665,4.83,9.228488271000945,70.29,2.941694,138.32659568000003,80.47000000000001,0,80.47000000000001,57.85659568,5.782027027885812,6.457783642146585,2.840333027885812,3.516089642146585,1.9655433324763936,0.9655433324763936,49.52998315999997,45.94407010800063,149.10632505999996,1.2189959431536153,3.179492327847335,-4.398488271000945,168,168,0
795,01450-1-02,45 a 59,Mujeres,Quintil bajo,Sur,Trabajadores rutinarios,Usuarios publicos,73.67,67.9184792308076,13.29,22.880240482760993,12.01,8.171280286431415,69.02999999999999,2.791961,156.83376862,53.39999999999999,0,53.39999999999999,103.43376862,4.660781070212774,8.521538580984604,1.8688200702127742,5.7295775809846035,1.6693575125916065,0.6693575125916065,48.84999825000003,32.79197657172483,119.48661155000008,5.751520769192396,-9.5902404827609935,3.838719713568585,168,168,0
800,01464-1-01,18 a 29,Hombres,Quintil bajo,Centro,Trabajadores rutinarios,Movilidad mixta,60.04,65.66962869927178,35.16,27.92679998484815,8.37,9.973571315880061,64.43,2.960701,143.11048864,97.85,0,97.85,45.26048864,5.9758164748704825,3.513084108202535,3.0151154748704827,0.5523831082025352,2.0183789159629706,1.0183789159629706,34.649999399999984,51.317646719562646,163.52931392999997,-5.629628699271784,7.233200015151848,-1.6035713158800622,168,168,0
802,01467-1-01,45 a 59,Hombres,Quintil bajo,Sur,Trabajadores rutinarios,Motorizados privados,56.33,55.29235515217593,26.48,32.846933387084256,17.06,11.730711460739816,68.13,6.142696,133.5480687,162.53,50,112.53,21.0180687,20.404527996657542,21.536898945918196,14.261831996657541,15.394202945918195,3.321754486410778,2.321754486410778,212.46999698000002,206.09606012385046,479.9229808200001,1.037644847824069,-6.366933387084256,5.329288539260183,168,168,0
806,01477-1-02,45 a 59,Mujeres,Quintil alto,Centro,Trabajadores rutinarios,Usuarios publicos,65.99,62.31501970428323,32.84,33.81024045541632,9.37,12.074739840300447,59.800000000000004,6.67257,222.510086051236,204.94,47.752808988764,157.187191011236,65.32289504,18.591550776112783,22.774143116875265,11.918980776112782,16.101573116875265,2.7862653784243223,1.7862653784243225,217.812808248764,193.2912449769732,499.4619879487639,3.6749802957167645,-0.9702404554163166,-2.704739840300448,168,168,0
811,01486-1-02,45 a 59,Mujeres,Quintil bajo,Sur,Trabajadores rutinarios,Movilidad mixta,52.45,54.62242615656832,27.2,32.35319313407115,18.88,11.554380709360544,69.47,2.588565,57.4402293,62.919999999999995,18.75,44.169999999999995,13.2702293,8.43865439456565,7.502217776881017,5.850089394565649,4.913652776881017,3.2599739216769326,2.2599739216769326,78.33000495000002,83.95347126397726,197.61108015,-2.1724261565683136,-5.153193134071149,7.325619290639455,168,168,0
827,01516-1-01,30 a 44,Mujeres,Quintil bajo,Sur,Trabajadores rutinarios,Motorizados privados,74.21,73.06419212418767,13.48,16.354929141235566,7.57,5.840878734576754,72.74000000000001,2.69059,178.32865726,116.16,25,91.16,87.16865726,3.6302411310580824,4.474214905990722,0.9396511310580826,1.7836249059907225,1.3492360898754856,0.34923608987548554,21.340026639999962,18.257127427418084,77.97694613999994,1.1458078758123236,-2.8749291412355653,1.7291212654232462,168,168,0
843,01541-1-01,60 o mas,Hombres,Quintil bajo,Centro,Trabajadores rutinarios,Motorizados privados,62.13,54.50286907060219,19.64,26.229662702028556,8.33,9.367468227369251,77.9,3.69622,131.29617318,76.65,0,76.65,54.64617318,8.6983884184314,15.518715543014459,5.002168418431399,11.822495543014458,2.3533199913510017,1.3533199913510017,98.34997541999999,70.15842153614119,201.73324881999994,7.627130929397815,-6.589662702028555,-1.037468227369251,168,168,0
845,01545-1-01,45 a 59,Mujeres,Quintil bajo,Sur,Trabajadores rutinarios,Motorizados privados,63.38,66.8377656173114,18.99,19.34389752922054,10.72,6.908336853468041,74.91000000000001,2.841456,164.08145842,108.99,0,108.99,55.091458419999995,4.343282260797801,2.3782816416739365,1.5018262607978015,-0.46317435832606346,1.5285410932978731,0.5285410932978731,16.01002286000002,25.83511171990321,100.42968062,-3.457765617311402,-0.35389752922054285,3.8116631465319593,168,168,0
855,01568-1-01,18 a 29,Mujeres,Quintil bajo,Norte,Trabajadores rutinarios,Usuarios publicos,65.72,61.44318644741707,20.87,25.971532161937038,10.1,9.275281390645882,71.31,3.613469,163.47718176,101,0,101,62.47718176000001,7.3307830880827165,10.545435095146336,3.7173140880827167,6.931966095146336,2.028738336507859,1.028738336507859,74.00000091999996,58.545867728961696,185.90913584999998,4.276813552582929,-5.101532161937037,0.8247186093541181,168,168,0
857,01571-1-01,45 a 59,Mujeres,Quintil medio,Sur,Trabajadores rutinarios,Motorizados privados,60.04,52.41461605725458,22.42,31.231571064510987,12.34,11.153812878234435,73.2,6.113288,123.19198155924502,203.32000000000002,147.169811320755,56.15018867924502,67.04179288,20.537089681562293,30.961120708979614,14.423801681562292,24.847832708979613,3.3594179893965888,2.3594179893965888,243.849829960755,197.23366180817666,456.34772084075496,7.625383942745422,-8.811571064510986,1.186187121765565,168,168,0
860,01575-1-01,30 a 44,Mujeres,Quintil bajo,Norte,Trabajadores rutinarios,Movilidad mixta,68.26,68.92626982947387,11.12,16.972350225098886,12.58,6.061379945427255,76.03999999999999,3.533262,216.99045154,80.81,0,80.81,136.18045154,5.086019430077963,4.504657037039651,1.5527574300779627,0.9713950370396511,1.4394685223111003,0.43946852231110023,24.19001258000003,26.544118450226506,107.92832198000005,-0.6662698294738618,-5.852350225098887,6.518620054572745,168,168,0
867,01590-1-02,18 a 29,Mujeres,Quintil bajo,Norte,Trabajadores rutinarios,Usuarios publicos,69.1,77.88488521272662,25.37,21.784985710084484,12.98,7.780129077188902,60.55,1.032522,71.34727880000001,0,0,0,71.34727880000001,1.3540334932560305,-9.897079686276196e-7,0.32151149325603057,-1.0325229897079686,1.311384641931146,0.31138464193114584,-8.60000001523531e-6,9.070578649614887,39.597210099999984,-8.784885212726621,3.5850142899155166,5.199870922811098,168,168,0
870,01593-1-01,45 a 59,Hombres,Quintil bajo,Centro,Trabajadores rutinarios,Motorizados privados,47.23,55.506562406534734,35.2,31.18592604186961,15.4,11.137511551595662,70.17,3.158278,85.98547247,61.82000000000001,0,61.82000000000001,24.16547247,9.314085469683432,5.5106530734329615,6.155807469683432,2.3523750734329614,2.949102475995917,1.9491024759959166,63.179997470000004,89.31968243418571,222.98886427000002,-8.276562406534737,4.014073958130393,4.262488448404339,168,168,0
879,01609-1-01,45 a 59,Hombres,Quintil bajo,Norte,Trabajadores rutinarios,Motorizados privados,82.52,69.19033297949754,22.86,33.72527213816804,9.58,12.044394882334412,53.040000000000006,3.328163,149.21997272,74.58000000000001,0,74.58000000000001,74.63997271999999,7.816013994514491,17.06318368166553,4.487850994514491,13.735020681665532,2.3484468743010756,1.3484468743010758,125.42003804000001,81.05673346004349,233.38564576,13.329667020502455,-10.865272138168038,-2.464394882334412,168,168,0
880,01610-1-01,18 a 29,Hombres,Quintil bajo,Centro,Trabajadores rutinarios,Usuarios publicos,25.42,36.83254656058351,35.58,20.67406897071003,3.89,7.38338446870646,103.10999999999999,9.732493,164.90996538,130.01,0,130.01,34.899965380000005,30.44717730480543,9.223764278523442,20.71468430480543,-0.5087287214765581,3.128404747355629,2.1284047473556296,82.49000668000002,193.5625361930531,466.63150539000014,-11.412546560583507,14.905931029289967,-3.4933844687064597,168,168,0
884,01620-1-01,18 a 29,Hombres,Quintil bajo,Centro,Trabajadores rutinarios,Motorizados privados,70.68,65.60769820054165,30.57,31.995621562997346,7.78,11.426680236461008,58.97,4.255127,179.93238612000005,129.18000000000004,0,129.18000000000004,50.75238612,10.08633675508631,13.90424498816323,5.831209755086309,9.64911798816323,2.3703961726844605,1.3703961726844602,120.81999023999998,99.23670190097613,284.00411068999995,5.072301799458359,-1.425621562997346,-3.646680236461008,168,168,0
885,01621-1-01,18 a 29,Mujeres,Quintil bajo,Sur,Trabajadores rutinarios,Movilidad activa,85.63,79.02861629055388,9.68,20.087486851329913,10.98,7.173896858116208,61.709999999999994,2.2696,159.73583028000002,81.14,0,81.14,78.59583028,3.1775431398766583,7.393421868448209,0.9079431398766582,5.123821868448209,1.4000454440767793,0.4000454440767792,34.61001771999997,19.627517253041077,81.49995372000001,6.601383709446111,-10.407486851329914,3.806103141883792,168,168,0
888,01624-1-01,60 o mas,Hombres,Quintil medio,Centro,Trabajadores rutinarios,Usuarios publicos,52.5,57.53689637049769,41.62,36.74151133337608,13.28,13.12159229612624,60.599999999999994,2.900797,39.191172844827996,108.02,108.620689655172,-0.6006896551720047,39.7918625,11.303821903722051,9.092154672055772,8.403024903722052,6.191357672055772,3.8967986741995566,2.896798674199557,113.100669655172,127.71168353602258,272.354424955172,-5.0368963704976935,4.878488666623916,0.1584077038737597,168,168,0
893,01638-1-02,30 a 44,Mujeres,Quintil medio,Norte,Trabajadores rutinarios,Usuarios publicos,48.16,52.22039572341997,35.51,29.657826810782236,8.8,10.59177746579778,75.53000000000002,5.966279,145.30597999999998,120.46999999999998,0,120.46999999999998,24.83598,18.230068998381356,14.146609683885451,12.263789998381355,8.180330683885451,3.055517349822453,2.055517349822453,142.03001663999999,166.25547037633038,406.3958391299999,-4.060395723419973,5.852173189217762,-1.7917774657977787,168,168,0
895,01643-1-01,45 a 59,Hombres,Quintil bajo,Centro,Trabajadores rutinarios,Movilidad mixta,62.52,65.28173420709028,25.87,23.644163629658614,8.98,8.444102163251126,70.62999999999998,2.531739,133.0943096,74.81,0,74.81,58.2843096,4.4262995991601635,3.190065401937139,1.8945605991601635,0.6583264019371389,1.7483238197776958,0.7483238197776957,25.190012679999995,32.182002879724536,113.42111683000005,-2.761734207090278,2.225836370341387,0.5358978367488749,168,168,0
902,01651-1-01,18 a 29,Mujeres,Quintil alto,Sur,Trabajadores rutinarios,Motorizados privados,60.46,59.06055430320415,35.52,34.68301101701431,10.15,12.386434679781553,61.86999999999998,18.642373,455.71786584,416.1,0,416.1,39.61786584,60.506771271135094,64.88201249982617,41.864398271135094,46.239639499826175,3.24565822554538,2.24565822554538,671.4000057399999,645.3110170670868,1522.7971806500002,1.3994456967958513,0.8369889829856945,-2.236434679781553,168,168,0
903,01652-1-01,30 a 44,Hombres,Quintil medio,Norte,Trabajadores rutinarios,Motorizados privados,71.07,60.854608057113005,25.51,31.72526489298918,7.33,11.330127049897806,64.09,5.203507,183.80323704,138.99,0,138.99,44.813237040000004,13.618257290702635,24.998108016219543,8.414750290702635,19.794601016219545,2.617130579569247,1.6171305795692472,186.01000545,132.85414196744392,356.89317532999996,10.215391942886988,-6.215264892989179,-4.000127049897806,168,168,0
907,01660-1-02,18 a 29,Hombres,Quintil medio,Norte,Trabajadores rutinarios,Motorizados privados,56.11,63.67739954700602,44.98,35.856923374448115,11.25,12.805677078545868,55.66,2.370763,74.81353064999999,41.79,0,41.79,33.02353065,6.906394537492325,4.56881275266144,4.535631537492325,2.19804975266144,2.9131526590774044,1.9131526590774044,58.20998128000002,76.15049213225865,191.51798477000003,-7.567399547006019,9.123076625551882,-1.5556770785458678,168,168,0
918,01679-1-01,45 a 59,Hombres,Quintil medio,Norte,Trabajadores rutinarios,Motorizados privados,87.85,68.23709458276544,13.04,27.906561812808924,5.22,9.966343604425624,61.890000000000015,1.53384,80.0578845,45.309999999999995,0,45.309999999999995,34.7478845,2.8674924024198365,13.218458498533915,1.3336524024198364,11.684618498533915,1.8694859975094118,0.8694859975094119,54.689959499999986,24.606900654828948,82.69787789999998,19.612905417234558,-14.866561812808925,-4.746343604425625,168,168,0
919,01683-1-01,30 a 44,Mujeres,Quintil medio,Norte,Trabajadores rutinarios,Motorizados privados,65.36,62.21355278956663,28.6,31.858675043587745,11.49,11.377772166845647,62.54999999999999,6.302956,234.44120768000002,167.48000000000002,0,167.48000000000002,66.96120768,16.09618085890561,19.542728907682097,9.793224858905608,13.239772907682097,2.5537511064499907,1.553751106449991,177.51999648,157.6880781563157,430.2055025200001,3.1464472104333723,-3.2586750435877434,0.11222783315435336,168,168,0
920,01683-1-03,18 a 29,Hombres,Quintil medio,Norte,Trabajadores rutinarios,Movilidad mixta,54.88,58.56244351462125,40.52,32.72160417486966,7.57,11.685952310509087,65.03,4.247143,123.74321248,103.16,0,103.16,20.58321248,12.421016499647266,10.03455822609039,8.173873499647264,5.787415226090389,2.924558108744458,1.924558108744458,109.33999536000003,124.97985955601906,313.58510223,-3.682443514621248,7.798395825130342,-4.115952310509087,168,168,0
922,01689-1-04,30 a 44,Mujeres,Quintil medio,Centro,Trabajadores rutinarios,Usuarios publicos,36.42,52.26044792833589,28.57,23.6230059912892,19.33,8.436546080374914,83.67999999999999,3.063051,111.55631742000001,0,0,0,111.55631742000001,6.679411795157302,0,3.6163607951573016,-3.063051,2.1806400857045154,1.1806400857045154,0,48.52009986733718,146.72014289999998,-15.840447928335891,4.946994008710799,10.893453919625085,168,168,0
923,01692-1-02,18 a 29,Hombres,Quintil bajo,Centro,Trabajadores rutinarios,Motorizados privados,61.58,61.813751317994516,21.1,28.107974158400292,17.28,10.038274523605198,68.03999999999999,3.67653,157.83071912,106.43,0,106.43,51.40071911999999,8.032773286099582,7.885026394662869,4.356243286099582,4.20849639466287,2.1848790261740234,1.1848790261740234,68.56999828,69.42939201314638,209.67521968000003,-0.23375131799451765,-7.007974158400291,7.241725476394803,168,168,0
937,01715-1-01,45 a 59,Hombres,Quintil bajo,Centro,Trabajadores rutinarios,Motorizados privados,50.61,58.556595962348474,42.54,33.73539422713827,11.19,12.048009810513262,63.66,3.169739,84.37051334,61.449999999999996,0,61.449999999999996,22.92051334,9.759152136960928,6.246780304161427,6.589413136960928,3.077041304161427,3.0788503838836347,2.0788503838836347,76.04997745,101.2386125890985,246.36005391999998,-7.946595962348475,8.804605772861727,-0.8580098105132627,168,168,0
941,01724-1-01,60 o mas,Hombres,Quintil bajo,Centro,Trabajadores rutinarios,Usuarios publicos,52.88,53.73742705086109,27.4,30.138965250567743,14.36,10.763607698571157,73.36,2.78189,73.74633776,59.14,0,59.14,14.606337759999999,8.172950933475992,7.753054701646348,5.391060933475991,4.971164701646348,2.9379130495727694,1.9379130495727692,73.36000544000002,75.74527317851998,189.53173184000002,-0.8574270508610908,-2.7389652505677446,3.5963923014288426,168,168,0
942,01728-1-01,60 o mas,Hombres,Quintil medio,Norte,Trabajadores rutinarios,Movilidad mixta,69.13,62.10950742036319,28.52,38.655391308791174,16.92,13.805101270845636,53.43000000000001,1.518177,29.852979781428594,46.330000000000005,96.4285714285714,-50.0985714285714,79.95155120999999,5.421242170433359,7.2940288988513755,3.903065170433359,5.775851898851375,3.5708894090961456,2.5708894090961456,75.09859622857141,64.44024586549614,144.08455910857143,7.020492579636809,-10.135391308791174,3.1148987291543655,168,168,0
947,01735-1-01,30 a 44,Mujeres,Quintil bajo,Norte,Trabajadores rutinarios,Motorizados privados,87.6,62.17634657898634,6.48,27.0744751194961,4.84,9.669178301517562,69.08,1.559659,71.0160884,59.39,0,59.39,11.6260884,3.1178821716616363,25.57984207783113,1.5582231716616364,24.02018307783113,1.999079395984402,0.999079395984402,65.61003999999997,25.957810129035252,83.26537987999998,25.423653421013654,-20.5944751194961,-4.829178301517562,168,168,0
949,01737-1-01,45 a 59,Mujeres,Quintil bajo,Centro,Trabajadores rutinarios,Motorizados privados,66.95,64.54543692124753,31.51,31.717285669768707,9.13,11.327277408983777,60.40999999999999,2.482004,103.04016874999999,46.87,0,46.87,56.17016875,5.860869626381362,6.855767276992483,3.378865626381362,4.3737632769924835,2.361345761884897,1.3613457618848972,63.12999905000001,57.16186387028404,163.99864161000002,2.4045630787524743,-0.2072856697687051,-2.1972774089837763,168,168,0
951,01738-1-01,45 a 59,Hombres,Quintil bajo,Sur,Trabajadores rutinarios,Movilidad mixta,60.58,61.625550591795694,38.28,33.0951070399778,7.68,11.819342368226499,61.46,3.72367,126.38992418000001,106.31000000000002,18,88.31000000000002,38.07992418,10.129223951250088,9.524931758901541,6.405553951250088,5.801261758901541,2.7202260004914742,1.7202260004914742,99.19000441999998,103.08328979215185,270.32987761999993,-1.0455505917956955,5.184892960022204,-4.139342368226499,168,168,0
954,01752-1-01,45 a 59,Hombres,Quintil bajo,Sur,Trabajadores rutinarios,Motorizados privados,56.08,61.44910479178167,32.63,32.27458723112046,16.54,11.52630797709787,62.74999999999999,3.860821,136.44485863999998,101.92999999999999,19.5,82.42999999999999,54.01485863999999,10.156587263185356,7.186931598690695,6.295766263185357,3.3261105986906947,2.6306806928333004,1.6306806928333006,80.06998304000001,100.79913557131133,269.90655161000007,-5.369104791781673,0.3554127688795461,5.013692022902129,168,168,0
955,01753-1-02,30 a 44,Mujeres,Quintil alto,Centro,Trabajadores rutinarios,Usuarios publicos,67.34,62.16013167132499,27.04,29.658021376951098,8.03,10.591846951723909,65.59,3.037376,125.22693372,58.190000000000005,0,58.190000000000005,67.03693372,6.971205734054345,9.980814447779997,3.9338297340543447,6.943438447779997,2.2951408498830386,1.2951408498830388,79.30996612000001,63.57675837532241,185.83074243999997,5.179868328675013,-2.6180213769510985,-2.5618469517239095,168,168,0
963,01761-1-01,45 a 59,Mujeres,Quintil bajo,Sur,Trabajadores rutinarios,Movilidad activa,76.07,61.24448044867421,14,28.925337805070725,10.43,10.330181746255064,67.5,2.612754,107.56201769075469,86.64,62.8301886792453,23.809811320754697,83.75220636999998,5.897365189742567,16.473981916453504,3.2846111897425674,13.861227916453505,2.2571452152566094,1.2571452152566096,91.19017908924528,52.454743579440645,155.0197593092453,14.825519551325783,-14.925337805070725,0.09981825374493525,168,168,0
969,01771-1-01,30 a 44,Hombres,Quintil bajo,Centro,Trabajadores rutinarios,Movilidad activa,59.96,61.13179850040826,32.34,28.816786843068545,7.94,10.29141465652321,67.75999999999999,3.460739,141.84593328,96.84,0,96.84,45.00593328,7.867450650725509,7.194245415453496,4.406711650725509,3.7335064154534963,2.273344118330076,1.273344118330076,65.65997715999998,69.71526593050436,205.05854408,-1.1717985004082578,3.523213156931458,-2.35141465652321,168,168,0
970,01773-1-01,60 o mas,Hombres,Quintil bajo,Centro,Trabajadores rutinarios,Usuarios publicos,54.37,53.750704796812784,26.15,29.37759695918552,13.1,10.4916982440017,74.38,3.743302,105.56332007,77.03999999999999,0,77.03999999999999,28.523320070000004,10.58725001796031,11.014965507066423,6.84394801796031,7.271663507066423,2.828318425272743,1.8283184252727431,97.96000966999998,95.64180069731887,244.88461317,0.6192952031872139,-3.2275969591855223,2.6083017559982995,168,168,0
973,01776-1-01,45 a 59,Hombres,Quintil medio,Norte,Trabajadores rutinarios,Motorizados privados,63.64,67.18087263619645,39.06,36.33331521714897,13.79,12.97581214665458,51.51,5.979432,217.75103912000003,162.22000000000003,0,162.22000000000003,55.53103912,16.46463749806994,13.593461810072212,10.485205498069941,7.6140298100722115,2.7535454033209072,1.7535454033209077,162.78001336,183.9524205087974,478.79299456000007,-3.540872636196454,2.7266847828510308,0.8141878533454197,168,168,0
975,01778-1-01,30 a 44,Hombres,Quintil bajo,Norte,Trabajadores rutinarios,Motorizados privados,56.32,60.604288337016435,31.12,29.323377099618998,12.96,10.472334563364566,67.6,3.403363,134.24737743999998,67.57,0,67.57,66.67737744,7.986134880374344,5.750047280795642,4.582771880374343,2.346684280795642,2.346542193816629,1.3465421938166289,57.43002672000003,72.01101512753328,207.45026776000003,-4.284288337016434,1.7966229003810028,2.487665436635435,168,168,0
986,01797-1-02,45 a 59,Mujeres,Quintil bajo,Centro,Trabajadores rutinarios,Motorizados privados,33.26,40.91452311710552,31.15,24.00316398225258,9.08,8.572312900641899,94.51,6.513163,105.78778374000001,76.66000000000001,0,76.66000000000001,29.127783739999998,21.771383922432417,12.159634948567954,15.258220922432418,5.646471948567954,3.3426745073679895,2.34267450736799,110.84001763999996,160.69517438897628,372.8645651299999,-7.654523117105519,7.146836017747418,0.5076870993581011,168,168,0
994,01818-1-02,45 a 59,Hombres,Quintil bajo,Centro,Trabajadores rutinarios,Motorizados privados,53.1,56.99177483157074,34.13,31.65366778239829,12.72,11.304557386030961,68.05000000000001,5.963369,170.7148864,154.06,0,154.06,16.6548864,17.377798975348743,13.747975587498194,11.414429975348742,7.784606587498194,2.9140908394816325,1.9140908394816323,145.94000749999998,169.14809688556915,425.32384514999995,-3.8917748315707357,2.476332217601712,1.4154426139690397,168,168,0
998,01822-1-01,45 a 59,Mujeres,Quintil bajo,Centro,Trabajadores rutinarios,Movilidad mixta,36.23,55.80460377633054,46.32,29.581041350625338,13.4,10.564354873044115,72.05000000000001,0.329462,12.16367896727273,5,2.27272727272727,2.72727272727273,9.43640624,0.6839990458823433,-0.016795682168176316,0.3545370458823433,-0.3462576821681763,2.0761090683670447,1.076109068367045,-0.2272707072727318,6.221817402084682,19.448199932727263,-19.57460377633054,16.738958649374663,2.8356451269558853,168,168,0
1005,01834-1-01,60 o mas,Hombres,Quintil alto,Norte,Trabajadores rutinarios,Motorizados privados,73.73,59.30486166468931,24.82,35.18826203460839,8.51,12.566876300702305,60.93999999999999,11.787427,277.16391385551015,330.72999999999996,97.6530612244898,233.07693877551014,44.08697508,38.989786472175275,78.37976244721844,27.202359472175274,66.59233544721845,3.307743621417573,2.307743621417573,591.9230788544899,421.8878137621135,984.7980207644898,14.425138335310692,-10.368262034608392,-4.056876300702305,168,168,0
1015,01852-1-04,18 a 29,Mujeres,Quintil bajo,Centro,Trabajadores rutinarios,Usuarios publicos,55.94,58.549388071959974,21.35,27.691186038655168,18.84,9.889425889384846,71.87,2.169457,85.48939846000002,51.63,0,51.63,33.85939846000001,4.877332112066489,3.9390153208025334,2.7078751120664895,1.7695583208025334,2.2481810480993585,1.2481810480993583,35.87002611999998,41.53098133843005,123.06050294999997,-2.6093880719599767,-6.341186038655167,8.950574110615154,168,168,0
1018,01867-1-01,60 o mas,Hombres,Quintil bajo,Centro,Trabajadores rutinarios,Usuarios publicos,52.45,46.541800072584735,15.42,25.862026559679244,13.77,9.236173367736022,86.36,3.116911,72.3620048,58.879999999999995,0,58.879999999999995,13.4820048,9.142212060913874,13.776962949167176,6.025301060913874,10.660051949167176,2.9331001305182838,1.9331001305182836,91.11997715000001,72.70464380604017,182.10260924,5.908199927415268,-10.442026559679244,4.5338266322639775,168,168,0
1026,01880-1-02,18 a 29,Hombres,Quintil alto,Norte,Trabajadores rutinarios,Movilidad mixta,56.74,59.66443579335794,37.35,33.36119363494861,10.85,11.914370571693453,63.059999999999995,4.222389,125.27833412000001,85.7,0,85.7,39.57833412,12.34550531624893,10.465819559644153,8.12311631624893,6.243430559644153,2.923819978748744,1.9238199787487442,114.30001773999999,126.64812326508081,317.81916753999997,-2.9244357933579366,3.9888063650513885,-1.0643705716934537,168,168,0
1027,01880-1-04,18 a 29,Hombres,Quintil alto,Norte,Trabajadores rutinarios,Movilidad mixta,60.45,55.01664716716862,21.3,27.04477972531359,9.97,9.65857310751778,76.28,3.091812,108.32003085000001,58.92,0,58.92,49.40003085000001,7.42888909017002,11.09067941007025,4.33707709017002,7.9988674100702495,2.402762228159416,1.4027622281594159,78.58000455,61.781099061217944,175.26096579,5.433352832831382,-5.744779725313588,0.31142689248222055,168,168,0
1028,01882-1-01,45 a 59,Mujeres,Quintil bajo,Norte,Trabajadores rutinarios,Motorizados privados,52.69,52.6968599746254,36.8,33.86046379286259,9.16,12.092676232512002,69.35000000000001,4.052634,44.18362470719299,87.00999999999999,81.359649122807,5.650350877192992,38.53327383,16.26726011047568,16.26216241742974,12.214626110475677,12.209528417429738,4.013996850067309,3.0139968500673087,169.349660752807,169.37746171921304,355.60871939280696,-0.006859974625399445,2.939536207137408,-2.9326762325120015,168,168,0
1035,01893-1-01,45 a 59,Mujeres,Quintil bajo,Centro,Trabajadores rutinarios,Usuarios publicos,64.85,62.18027693859108,19.54,24.168399254620976,10.59,8.631323806787936,73.02000000000001,2.698278,130.5033139,68.02,0,68.02,62.483313900000006,5.0157663410556,6.515380305938807,2.3174883410555998,3.817102305938807,1.858876787734844,0.8588767877348441,44.48001439999999,37.27635939730769,125.77913054000001,2.6697230614089165,-4.628399254620977,1.9586761932120638,168,168,0
1036,01894-1-05,45 a 59,Mujeres,Quintil medio,Centro,Trabajadores rutinarios,Usuarios publicos,57.4,56.25650904498013,30.56,31.08280668851538,10.48,11.100684266504498,69.55999999999999,2.596999,75.45772399999998,38.88999999999999,0,38.88999999999999,36.567724,7.390680940967921,7.915959409862822,4.793681940967922,5.318960409862822,2.84585436535321,1.8458543653532105,73.61001859999999,70.64037373330436,180.19085756000004,1.143490955019871,-0.5228066885153808,-0.6206842665044974,168,168,0
1042,01905-1-01,60 o mas,Mujeres,Quintil bajo,Centro,Trabajadores rutinarios,Movilidad mixta,48.25,55.62644270895553,17.81,16.92064350291151,12.53,6.042913788132972,89.41,1.284819,61.99254,0,0,0,61.99254,1.8214727412140332,-3.3820604361553474e-6,0.5366537412140333,-1.284822382060436,1.4176882044973131,0.4176882044973131,-2.3249999998142812e-5,9.477370494877526,38.981385210000006,-7.37644270895553,0.8893564970884889,6.487086211867028,168,168,0
1045,01912-1-03,18 a 29,Hombres,Quintil bajo,Centro,Trabajadores rutinarios,Movilidad mixta,61.3,55.0545213358073,17.55,27.061083092423733,12.93,9.664395571768972,76.22,2.274845,80.29244394444441,59.400000000000006,18.5555555555556,40.844444444444406,39.4479995,5.401538266968607,8.565536116527081,3.1266932669686067,6.290691116527081,2.3744643116206188,1.3744643116206188,59.15555455555557,44.94805864371014,128.4928301555556,6.245478664192696,-9.511083092423732,3.2656044282310273,168,168,0
1050,01924-1-01,30 a 44,Hombres,Quintil bajo,Norte,Trabajadores rutinarios,Motorizados privados,46.89,57.22862319094412,47.08,33.947586290489824,9.33,12.123790518566052,64.7,5.806109,132.2784301,110.03000000000002,0,110.03000000000002,22.248430099999997,19.158729021657226,10.950978114505487,13.352620021657227,5.144869114505487,3.299753590857014,2.299753590857014,139.97002091,199.99719406654938,467.4926296,-10.33862319094412,13.132413709510175,-2.793790518566052,168,168,0
1052,01926-1-01,60 o mas,Hombres,Quintil bajo,Norte,Trabajadores rutinarios,Motorizados privados,51.49,55.2157592495594,33.55,31.967576368012367,13.56,11.416664382428245,69.39999999999999,3.862499,94.27005163999999,57.89,0,57.89,36.38005164,12.105750774712014,9.800182695835515,8.243251774712014,5.937683695835515,3.1341757692913355,2.1341757692913355,104.61002187000003,119.00076324566393,286.57234976000007,-3.7257592495593954,1.5824236319876306,2.143335617571756,168,168,0
1061,01947-1-02,30 a 44,Mujeres,Quintil alto,Norte,Trabajadores rutinarios,Usuarios publicos,71.93,62.674603414469324,27.62,35.68214025927181,11.55,12.743256326258878,56.89999999999999,15.04564,440.96288247,358.73,0,358.73,82.23288247,45.75292962311036,72.25390716154848,30.707289623110363,57.208267161548484,3.0409427331180567,2.0409427331180567,641.27000273,502.0166376468763,1230.6077215300002,9.255396585530683,-8.06214025927181,-1.1932563262588776,168,168,0
1066,01962-1-02,30 a 44,Hombres,Quintil bajo,Centro,Trabajadores rutinarios,Motorizados privados,50.7,49.83328666082556,21.71,23.50301865195835,9.32,8.393694687216076,86.27000000000001,2.179385,73.00484039999999,65.00999999999999,0,65.00999999999999,7.9948404,4.925963448043322,5.332211976369581,2.746578448043322,3.152826976369581,2.2602539010057066,1.2602539010057068,37.489979100000014,35.60107704930331,105.11629564999997,0.8667133391744457,-1.7930186519583486,0.9263053127839243,168,168,0
1071,01970-1-01,30 a 44,Mujeres,Quintil bajo,Norte,Trabajadores rutinarios,Movilidad activa,68.58,66.59052078657628,18.17,18.59028277386904,5.07,6.639196439554678,76.18,2.612219,151.70596328,77.56,0,77.56,74.14596328,3.890991099018665,5.211013709069502,1.2787720990186648,2.598794709069502,1.4895347974341604,0.4895347974341603,27.440015740000007,22.243060338589515,88.14798529999999,1.9894792134237207,-0.4202827738690367,-1.5691964395546778,168,168,0
1072,01974-1-01,30 a 44,Mujeres,Quintil bajo,Norte,Trabajadores rutinarios,Usuarios publicos,64.64,68.87910242484024,34.56,29.769306924128863,10.08,10.631590651030896,58.72,2.917296,146.33400319999998,67.75999999999999,0,67.75999999999999,78.5740032,5.965256388080339,4.17612810242621,3.0479603880803388,1.2588321024262101,2.0447895544642503,1.04478955446425,42.240010240000004,54.60672678757675,172.46810368,-4.23910242484024,4.79069307587114,-0.5515906510308959,168,168,0
1074,01975-1-01,45 a 59,Hombres,Quintil alto,Sur,Trabajadores rutinarios,Motorizados privados,49.08,58.84601574648877,44.84,32.69686655430732,9.3,11.677117699203905,64.78,8.218057,242.52225751999998,214.17999999999998,0,214.17999999999998,28.34225752,23.977423558442048,13.10979002239507,15.759366558442048,4.891733022395069,2.9176511623662442,1.917651162366244,160.81998004000002,241.07765410754223,605.74558602,-9.766015746488769,12.143133445692683,-2.377117699203904,168,168,0
1075,01975-1-02,30 a 44,Mujeres,Quintil alto,Sur,Trabajadores rutinarios,Motorizados privados,58.73,59.78109677030863,31.34,29.96678626409428,10.38,10.702116965597071,67.55000000000001,7.335585,269.99890251,214.17999999999998,0,214.17999999999998,55.81890251,18.288993735251477,17.01256327758728,10.953408735251477,9.67697827758728,2.4931881690760145,1.4931881690760147,160.82000453999996,168.53041424182442,466.86061073999997,-1.0510967703086322,1.3732137359057184,-0.32211696559707015,168,168,0
1079,01983-1-01,60 o mas,Mujeres,Quintil bajo,Centro,Trabajadores rutinarios,Movilidad activa,63.47,62.47466591695411,24.53,29.684154235143136,14.76,10.601179847902758,65.24,2.889888,120.42119914,52.00000000000001,0,52.00000000000001,68.42119914,6.586760997763162,7.076727133581615,3.696872997763162,4.186839133581615,2.279244385167578,1.279244385167578,62.999992219999996,60.123588197414676,176.54369174000004,0.9953340830458899,-5.154154235143135,4.158820152097242,168,168,0
1081,01988-1-02,18 a 29,Mujeres,Quintil bajo,Norte,Trabajadores rutinarios,Motorizados privados,47.53,56.30004410506306,38.5,32.605476548260434,14.52,11.644479346676516,67.45,2.900483,72.73997309,49.88,0,49.88,22.85997309,9.032018852613982,5.420614773295599,6.1315358526139825,2.520131773295599,3.113970622345996,2.113970622345996,65.1199839,90.55734773598562,218.90359255999996,-8.770044105063057,5.894523451739566,2.875520653323484,168,168,0
1084,01996-1-01,45 a 59,Hombres,Quintil bajo,Sur,Trabajadores rutinarios,Movilidad activa,44.47,51.47736272324121,34.67,29.984274641187582,13.03,10.708362635571206,75.83,3.687978,81.42438931,67.42,0,67.42,14.004389309999999,11.759247560282114,7.6406523996362035,8.071269560282115,3.9526743996362033,3.188535170297142,2.1885351702971425,82.57999235000001,108.42299191133368,258.49654295000005,-7.007362723241208,4.6857253588124195,2.3216373644287938,168,168,0
1090,02005-1-01,45 a 59,Hombres,Quintil alto,Sur,Trabajadores rutinarios,Motorizados privados,54.83,61.23683882665986,39.03,32.33520471518909,11.26,11.547956458151043,62.88,7.664963,265.2399097,219.97,0,219.97,45.26990969999999,20.53053879288915,13.605300145228396,12.86557579288915,5.940337145228396,2.678491571699583,1.6784915716995827,155.03001159000002,204.1381941433113,540.5010008600001,-6.406838826659865,6.694795284810908,-0.28795645815104365,168,168,0
1097,02019-1-01,30 a 44,Hombres,Quintil bajo,Norte,Trabajadores rutinarios,Motorizados privados,41.31,52.98463029108029,46.77,30.966295418001547,6.93,11.059074290918181,72.98999999999998,3.739851,84.09323057,79.60000000000001,0,79.60000000000001,4.49323057,11.978463337255938,5.785920267137417,8.238612337255939,2.046069267137417,3.2029252869314684,2.2029252869314684,70.40001423999999,114.06139200872693,271.23001294000005,-11.674630291080291,15.803704581998456,-4.129074290918181,168,168,0
1106,02037-1-01,60 o mas,Hombres,Quintil bajo,Sur,Trabajadores rutinarios,Movilidad mixta,71.6,60.712645465209775,22.84,28.410896544891504,4.83,10.146457989898717,68.73,3.228215,132.5302144,51.39,0,51.39,81.1402144,7.264222211068589,15.728441561840306,4.036007211068588,12.500226561840305,2.250228752133482,1.2502287521334818,98.60997959999997,63.46325838047218,187.93468864999997,10.88735453479022,-5.570896544891504,-5.316457989898717,168,168,0
1107,02038-1-01,60 o mas,Hombres,Quintil bajo,Sur,Trabajadores rutinarios,Motorizados privados,50.85,53.82915579381189,34.89,31.87665191287134,11.35,11.38419229331676,70.91000000000001,2.956355,64.31758073385829,61.919999999999995,35.4330708661417,26.486929133858297,37.830651599999996,9.673447843240039,8.209573810790094,6.717092843240039,5.253218810790093,3.2720860124173314,2.272086012417331,86.0130710161417,94.82051314295644,222.7149262161417,-2.9791557938118913,3.013348087128662,-0.034192293316760214,168,168,0
1114,02064-1-01,45 a 59,Hombres,Quintil alto,Sur,Trabajadores rutinarios,Motorizados privados,61.21,56.10263909682301,24.06,30.37828449517197,12.06,10.849076408005027,70.66999999999999,16.743967,498.27820648,473.38,0,473.38,24.898206480000002,47.220219122512674,64.34630328081485,30.476252122512673,47.60233628081485,2.820133312644051,1.8201333126440509,526.6200135900002,441.1025311701144,1131.4121016300005,5.107360903176989,-6.318284495171973,1.2109235919949732,168,168,0
1117,02067-1-01,18 a 29,Hombres,Quintil bajo,Sur,Trabajadores rutinarios,Motorizados privados,63.26,64.52595634784106,32,31.37058453032074,11.84,11.203459121838195,60.900000000000006,4.298848,179.34512472,122.4,0,122.4,56.94512472,10.163468018519822,9.322114294937261,5.8646200185198225,5.023266294937262,2.364230607483638,1.3642306074836381,92.59999975999995,98.04215367400383,281.0614960799999,-1.2659563478410618,0.6294154696792589,0.6365408781618047,168,168,0
1121,02076-1-02,30 a 44,Hombres,Quintil medio,Sur,Trabajadores rutinarios,Motorizados privados,43.04,51.67552732939935,43.95,32.513014527778154,8.81,11.611458142822487,72.2,4.860091,66.00748019916081,183.49,126.6608391608392,56.82916083916081,9.17831936,18.51805557915802,11.97633012190017,13.657964579158019,7.116239121900171,3.8102281581060975,2.810228158106097,143.1708364408392,185.140285094707,399.58923760083917,-8.635527329399352,11.43698547222185,-2.8014581428224865,168,168,0
1126,02085-1-02,30 a 44,Hombres,Quintil bajo,Norte,Trabajadores rutinarios,Motorizados privados,68.1,75.99318783125199,31.88,23.657829483335064,8.12,8.448982685412934,59.90000000000001,2.358414,152.3580151,106.75,0,106.75,45.6080151,3.6929194257592903,0.9102628073820407,1.3345054257592905,-1.448151192617959,1.5658486702331698,0.5658486702331696,8.249978299999981,26.865382985854325,102.58653829999997,-7.893187831251993,8.222170516664935,-0.3289826854129352,168,168,0
1129,02091-1-01,30 a 44,Mujeres,Quintil bajo,Centro,Trabajadores rutinarios,Usuarios publicos,72.69,62.801700822931764,14.67,23.784189284492662,7.72,8.49410989257557,72.92,3.226343,159.30289175000001,88.53,13.75,74.78,84.52289175,5.922718218875443,14.826993890812986,2.696375218875443,11.600650890812986,1.8357373096646707,0.8357373096646707,75.21998091999998,43.316936088160105,147.45780069,9.888299177068234,-9.114189284492662,-0.774109892575571,168,168,0
1130,02093-1-01,45 a 59,Hombres,Quintil bajo,Norte,Trabajadores rutinarios,Usuarios publicos,56.99,60.50340440704771,37.44,34.5335413922448,12.94,12.333054200707497,60.629999999999995,3.746436,106.26939807000001,67.76,0,67.76,38.50939807,11.33827341996302,9.394476473969213,7.59183741996302,5.648040473969213,3.0264158843132565,2.0264158843132565,107.23998956999999,120.4027343231222,295.98543525,-3.513404407047709,2.906458607755198,0.606945799292502,168,168,0
1131,02096-1-01,30 a 44,Hombres,Quintil bajo,Centro,Trabajadores rutinarios,Usuarios publicos,66.69,69.4645412702893,31.37,24.79157760454553,5.05,8.853881125165165,64.89,2.858776,160.71178754,77.56,0,77.56,83.15178754,4.967789669018984,3.6281530936770374,2.109013669018984,0.7693770936770372,1.737733095919017,0.7377330959190169,29.939983900000016,37.87177589451261,134.05660582000002,-2.774541270289305,6.578422395454471,-3.803881125165165,168,168,0
1136,02104-1-01,45 a 59,Hombres,Quintil bajo,Sur,Trabajadores rutinarios,Usuarios publicos,59.81,61.77204744800863,32.3,33.024003557079375,14.48,11.79394899491199,61.41,2.172529,75.45897969999999,45.52,50,-4.479999999999997,79.93897969999999,5.784622507544896,5.1398530622746685,3.6120935075448957,2.9673240622746686,2.6626215380990983,1.6626215380990983,54.479979790000016,58.742584770174744,156.11088641,-1.9620474480086258,-0.7240035570793779,2.686051005088011,168,168,0
1142,02113-1-02,45 a 59,Hombres,Quintil bajo,Norte,Trabajadores rutinarios,Movilidad activa,55.01,53.71635599553107,37.23,35.40821523904479,9.53,12.645428765424112,66.23000000000002,2.686779,18.7427830758739,66.86,70.9169054441261,-4.056905444126102,22.79968852,11.533795983872528,12.18094016136566,8.847016983872528,9.49416116136566,4.292796684756182,3.2927966847561816,129.0569297141261,125.58119416944307,254.69071575412607,1.2936440044689306,1.8217847609552038,-3.115428765424113,168,168,0
1143,02114-1-02,18 a 29,Hombres,Quintil bajo,Centro,Trabajadores rutinarios,Usuarios publicos,43.82,55.283676062467606,34.78,25.801696427953686,11.7,9.214627509578706,77.7,3.237715,121.01667414,109.14,0,109.14,11.87667414,7.307225797842322,1.980715539704548,4.069510797842321,-1.2569994602954522,2.2569082818723456,1.2569082818723456,20.859997159999992,57.976113102592294,171.34899035999996,-11.463676062467606,8.978303572046315,2.485372490421293,168,168,0
1145,02117-1-01,30 a 44,Mujeres,Quintil bajo,Norte,Trabajadores rutinarios,Movilidad activa,58.79,60.74678844207262,41.47,33.04998407317054,5.34,11.80322748475684,62.400000000000006,5.689248,183.76088546,141.79,0,141.79,41.97088546,15.924780107455405,14.209455125621927,10.235532107455406,8.520207125621926,2.799101060009232,1.7991010600092323,150.71000446,161.84265919048477,417.02370333999994,-1.9567884420726216,8.420015926829457,-6.463227484756841,168,168,0
1147,02125-1-01,18 a 29,Hombres,Quintil bajo,Centro,Trabajadores rutinarios,Usuarios publicos,49.82,63.28634688727299,46.06,30.530290427483894,8.84,10.903362685243104,63.28,3.069609,127.26791865999998,111.83999999999997,0,111.83999999999997,15.42791866,7.1362879010987,2.062805686604424,4.0666789010987,-1.0068033133955758,2.3248198389758112,1.324819838975811,25.66000172000001,66.99642132229518,194.18153582000002,-13.46634688727299,15.529709572516108,-2.0633626852431046,168,168,0
1148,02126-1-01,45 a 59,Hombres,Quintil medio,Centro,Trabajadores rutinarios,Motorizados privados,51.85,60.16694553980629,39.23,33.58039863276926,14.66,11.992655827424427,62.26000000000002,2.813109,85.31970905,64.46,0,64.46,20.85970905,8.128614559630849,4.958018731512842,5.315505559630849,2.1449097315128425,2.8895483821035195,1.8895483821035195,60.539992600000005,83.93646695053894,212.13843660999996,-8.31694553980629,5.649601367230737,2.6673441725755733,168,168,0
1149,02126-1-03,30 a 44,Mujeres,Quintil medio,Centro,Trabajadores rutinarios,Motorizados privados,69.72,65.64476077383122,28.69,31.01777860843706,9.33,11.077460617731715,60.260000000000005,4.678335,205.11354288,128.94,0,128.94,76.17354288,10.693462395626328,14.052786383756228,6.015127395626329,9.374451383756227,2.2857410586514924,1.2857410586514924,121.05997331999998,101.99463901484165,298.9302700199999,4.075239226168776,-2.3277786084370575,-1.747460617731715,168,168,0
1153,02139-1-01,45 a 59,Mujeres,Quintil bajo,Centro,Trabajadores rutinarios,Movilidad mixta,60.23,65.0836316235967,33.74,31.070189956492996,13.28,11.0961784199103,60.75,3.653918,157.4354695,112.36,0,112.36,45.0754695,8.412548893352167,5.879537819076728,4.758630893352167,2.2256198190767282,2.30233653118438,1.3023365311843798,62.64001163999998,80.37478359482921,234.44723599999998,-4.853631623596705,2.669810043507006,2.183821580089699,168,168,0
1156,02143-1-02,45 a 59,Mujeres,Quintil bajo,Centro,Trabajadores rutinarios,Usuarios publicos,76.72,67.85937721132446,25.44,32.30386040590039,9.54,11.53676238277515,56.300000000000004,2.610064,118.34410159999999,68.1,0,68.1,50.2441016,5.916661495991747,10.333278269435068,3.306597495991747,7.7232142694350685,2.266864527456701,1.266864527456701,81.90000848,58.77321592169835,173.20004719999997,8.860622788675542,-6.863860405900386,-1.9967623827751506,168,168,0
1157,02143-1-03,30 a 44,Mujeres,Quintil bajo,Centro,Trabajadores rutinarios,Usuarios publicos,49.83,47.10214969472297,22.12,25.41966034417699,9.65,9.078189961100051,86.39999999999999,2.791784,70.87458824999999,56.75999999999999,0,56.75999999999999,14.11458825,7.755855109950851,9.479727216780926,4.964071109950851,6.687943216780926,2.7780999926752394,1.7780999926752397,68.24000846999999,60.62443963333246,156.93498615000001,2.7278503052770304,-3.2996603441769885,0.5718100388999492,168,168,0
1159,02146-1-01,30 a 44,Hombres,Quintil bajo,Norte,Trabajadores rutinarios,Movilidad mixta,49.37,56.25465414387318,33.69,30.502063815017415,14.59,10.893282041109408,70.35,5.269318,158.14620949,135.25,0,135.25,22.89620949,14.74259166207664,9.324101220546405,9.47327366207664,4.054783220546405,2.797817793892234,1.7978177938922342,102.00002017000003,138.27745217408557,356.4026932100001,-6.884654143873185,3.1879361849825827,3.6967179588905914,168,168,0
1161,02146-2-01,45 a 59,Mujeres,Quintil bajo,Norte,Trabajadores rutinarios,Motorizados privados,64.45,63.5709345094968,28.94,32.05218470927626,13.68,11.446880781226946,60.93,2.581106,101.76228915000002,40.660000000000004,0,40.660000000000004,61.102289150000004,6.3230801683178095,6.688454428103923,3.7419741683178094,4.107348428103923,2.4497561000275887,1.4497561000275887,64.58999255,62.32103133806925,174.59673026999997,0.8790654905032014,-3.11218470927626,2.2331192187730533,168,168.00000000000003,2.842170943040401e-14
1173,02167-1-01,45 a 59,Hombres,Quintil bajo,Norte,Trabajadores rutinarios,Usuarios publicos,22.91,31.08436301798584,21.4,13.127410458636152,4.59,4.688226523378002,119.1,3.060235,68.85998135,48.74999999999999,25,23.749999999999993,45.109981350000005,6.506656444748983,0.21226509547629505,3.446421444748983,-2.847969904523705,2.1261950290578935,1.1261950290578935,1.250002500000008,26.265474310345894,80.78551015000002,-8.17436301798584,8.272589541363846,-0.09822652337800175,168,168,0
1184,02180-1-01,45 a 59,Mujeres,Quintil bajo,Sur,Trabajadores rutinarios,Motorizados privados,92.59,70.57169268335508,17.6,32.250574919402524,4.15,11.517732397242396,53.66,3.117624,152.92084322,114.26,0,114.26,38.660843220000004,6.765586055668267,27.54371070445595,3.647962055668267,24.42608670445595,2.1701096911199897,1.1701096911199897,135.73996294000005,67.09515961025221,203.54828494000003,22.018307316644922,-14.650574919402523,-7.367732397242396,168,168,0
1192,02189-1-02,45 a 59,Mujeres,Quintil bajo,Centro,Trabajadores rutinarios,Movilidad activa,86.14,88.42828729756944,10.03,11.923457173211705,8.44,4.258255529218854,63.39,1.247115,106.09646518000001,36.17,0,36.17,69.92646518000001,1.1410854389582132,0.3178085375989617,-0.10602956104178674,-0.9293064624010383,0.9149801252957532,-0.0850198747042468,1.3300209199999955,4.183778333108307,24.36423497,-2.2882872975694397,-1.893457173211706,4.181744470781146,168,168,0
1206,02207-2-01,30 a 44,Mujeres,Quintil bajo,Norte,Trabajadores rutinarios,Movilidad mixta,88.37,69.16391077973503,14.46,28.93312604091751,5.6,10.332963179347468,59.569999999999986,1.289545,67.57708517,53.62,0,53.62,13.95708517,2.429233046358361,10.204080111494394,1.1396880463583612,8.914535111494393,1.8837908303768858,0.8837908303768859,46.38000647999999,21.612890156453403,72.24827918,19.20608922026497,-14.47312604091751,-4.732963179347468,168,168,0
1212,02217-1-01,30 a 44,Hombres,Quintil alto,Norte,Trabajadores rutinarios,Motorizados privados,55.77,57.64864092723611,33.93,31.014919526472177,10.04,11.07643954629173,68.25999999999999,6.476504,202.574606,153.88,0,153.88,48.694606,17.907541461250258,15.921189944684494,11.431037461250257,9.444685944684494,2.765001219986934,1.7650012199869338,158.62002208000004,170.78704755980837,443.39190296000004,-1.8786409272361055,2.915080473527823,-1.0364395462917315,168,168,0
1216,02223-1-01,30 a 44,Hombres,Quintil bajo,Centro,Trabajadores rutinarios,Movilidad activa,60.42,63.18738191150754,31.88,28.436880411993577,9.48,10.155737676498882,66.22,3.52595,156.34788772000002,93.31,0,93.31,63.03788772000001,7.598877495391661,6.049228597342932,4.072927495391661,2.523278597342932,2.1551291128324737,1.1551291128324739,56.69001127999999,66.44766153088,202.52330328,-2.7673819115075418,3.4431195880064216,-0.6757376764988816,168,168,0
1220,02230-1-01,60 o mas,Hombres,Quintil bajo,Norte,Trabajadores rutinarios,Movilidad activa,70.76,62.54125076169257,25.77,28.75087415347356,5.03,10.267875084833875,66.44,2.36551,102.44348360000001,35.06,0,35.06,67.3834836,5.146327696570584,9.305411387101136,2.7808176965705838,6.939901387101136,2.1755679310468286,1.1755679310468288,64.94000400000002,45.49847048929138,137.797712,8.218749238307439,-2.980874153473561,-5.237875084833875,168,168,0
1229,02244-1-01,30 a 44,Mujeres,Quintil bajo,Centro,Trabajadores rutinarios,Usuarios publicos,60.97,52.26887119046518,24.11,28.605258002553516,6.01,10.215870806981311,76.91,4.346727,118.24998743999998,128.23,100,28.22999999999999,90.01998744,12.385889004097736,21.505828836291606,8.039162004097737,17.159101836291605,2.8494747896745616,1.8494747896745614,146.76995775,108.94852622311711,277.69337499,8.701128809534822,-4.495258002553516,-4.205870806981311,168,168,0
1232,02249-1-01,60 o mas,Hombres,Quintil bajo,Sur,Trabajadores rutinarios,Usuarios publicos,54.43,52.87054996387654,33.18,33.07668631110661,10.15,11.812763725016861,70.23999999999998,3.825486,56.87064651856509,103.22999999999999,79.5805739514349,23.64942604856509,33.22122047,14.29384298613708,15.415915327530831,10.46835698613708,11.590429327530831,3.7364776622204547,2.7364776622204547,151.35055646143493,145.38490218054514,317.10886484143504,1.559450036123458,0.10331368889338677,-1.6627637250168608,168,168,0
1234,02250-1-02,45 a 59,Hombres,Quintil bajo,Centro,Trabajadores rutinarios,Motorizados privados,64.34,63.6625810830884,28.18,27.143566005932136,7.98,9.69385291097948,67.49999999999999,2.160008,101.51492138,37.540000000000006,0,37.540000000000006,63.974921380000005,4.312689979852511,4.572074066994312,2.152681979852511,2.412066066994312,1.9966083365675085,0.9966083365675086,37.45999334000001,35.996763060119605,115.56588262000002,0.6774189169116056,1.0364339940678633,-1.7138529109794796,168,168,0
1237,02257-1-01,60 o mas,Hombres,Quintil medio,Sur,Trabajadores rutinarios,Motorizados privados,51.67,57.23903879467621,33.21,32.547269495902356,16.53,11.623691709421426,66.59,8.626323,230.61210921000003,209.89000000000001,0,209.89000000000001,20.72210921,26.293054904488063,19.08661015073658,17.666731904488064,10.46028715073658,3.048002596759716,2.048002596759716,215.11000019999994,263.1503276424076,644.1833062199998,-5.56903879467621,0.6627305040976452,4.9063082905785755,168,168,0
1239,02261-1-02,45 a 59,Hombres,Quintil bajo,Norte,Trabajadores rutinarios,Movilidad mixta,39.2,54.85553226738736,45.26,32.65301194502814,14.71,11.661455787584483,68.83000000000001,3.437779,74.2309408,64.47,0,64.47,9.7609408,11.388475384308917,4.454619149181718,7.950696384308917,1.0168401491817178,3.312742146690906,2.312742146690906,60.529996,114.35025606264664,266.69360263,-15.655532267387358,12.606988054971858,3.0485442124155178,168.00000000000003,168,0
1241,02263-1-02,18 a 29,Mujeres,Quintil bajo,Centro,Trabajadores rutinarios,Movilidad mixta,63.63,63.37571139519986,34,31.245500920548388,8.15,11.158787684251749,62.220000000000006,2.903,117.42788614,70.21,0,70.21,47.217886140000005,6.926662609582167,7.0457455906266,4.023662609582168,4.1427455906266,2.386036034992135,1.386036034992135,67.29000386000001,66.55180404026518,189.65145386,0.2542886048001449,2.7544990794516124,-3.0087876842517485,168,168,0
1242,02264-1-01,30 a 44,Mujeres,Quintil bajo,Centro,Trabajadores rutinarios,Movilidad activa,65.54,65.39044670596802,26.39,29.687263150894058,13.75,10.602290143137933,62.31999999999999,4.237635,192.7045656,114.97,0,114.97,77.7345656,9.244955722416458,9.349081789291589,5.007320722416458,5.1114467892915885,2.18163096217972,1.18163096217972,85.03003230000004,84.39628002684478,255.12870120000005,0.14955329403198903,-3.2972631508940573,3.1477098568620665,168,168,0
1244,02266-1-01,45 a 59,Mujeres,Quintil bajo,Centro,Trabajadores rutinarios,Movilidad activa,66.95,65.18940673597655,28.83,28.33959822874727,7.87,10.120995035276186,64.35,2.469892,116.9292747,56.57,0,56.57,60.35927469999999,5.0584162081501844,5.824013064719819,2.5885242081501842,3.3541210647198185,2.048031334224405,1.048031334224405,48.42999470000002,44.08151948193459,139.07503110000005,1.7605932640234556,0.49040177125272777,-2.250995035276186,168,168,0
1265,02291-1-02,45 a 59,Mujeres,Quintil alto,Centro,Trabajadores rutinarios,Usuarios publicos,72.09,66.786148716196,22.87,30.353593010479845,13.02,10.840258273324165,60.019999999999996,3.890424,180.78065916,100.32,0,100.32,80.46065916,8.46876842652046,12.25768861728856,4.578344426520461,8.36726461728856,2.176824023941982,1.176824023941982,99.68000700000002,79.0457766730581,239.30732436000002,5.303851283804008,-7.483593010479844,2.179741726675834,168,168,0
1272,02300-1-01,45 a 59,Mujeres,Quintil medio,Centro,Trabajadores rutinarios,Movilidad mixta,69.44,63.09402899495348,21.01,31.82148176965784,15.83,11.364489235388687,61.72,2.825914,110.31085539192492,79.73,40.6506090080751,39.0793909919249,71.23146440000001,6.948003226986147,10.293231192404045,4.122089226986147,7.467317192404045,2.4586746896707212,1.4586746896707214,85.92061276807507,67.98744446132005,190.02728452807509,6.345971005046515,-10.811481769657838,4.465510764611313,168,168,0
1275,02304-1-03,18 a 29,Mujeres,Quintil bajo,Centro,Trabajadores rutinarios,Movilidad activa,55.05,57.301936254512256,28.27,25.589292579375293,8.71,9.138771166112452,75.97,2.358676,95.90509305,66.06,0,66.06,29.845093050000003,4.988280590001707,4.050598335832425,2.6296045900017067,1.691922335832425,2.1148646910392555,1.1148646910392555,33.94002075,39.25160874704795,121.16385922999999,-2.251936254512259,2.6807074206247066,-0.42877116611245114,168,168,0
1279,02313-1-01,30 a 44,Mujeres,Quintil medio,Sur,Trabajadores rutinarios,Motorizados privados,63.82,61.47409295413397,26.86,27.437191052118227,8.03,9.798715993747802,69.29,3.775047,163.7735076,122.85,0,122.85,40.9235076,8.094594939829811,9.759080465320247,4.319547939829811,5.984033465320247,2.1442368637608515,1.1442368637608515,77.14999194,68.29408258422458,208.86138176999995,2.345907045866028,-0.5771910521182271,-1.7687159937478025,168,168,0
1285,02322-1-04,60 o mas,Mujeres,Quintil bajo,Norte,Trabajadores rutinarios,Usuarios publicos,49.54,56.719196297854786,23.53,22.835501253859007,14.64,8.155302448286209,80.29,2.476291,107.15546904,9.479999999999999,0,9.479999999999999,97.67546904,4.741942076477932,1.7944988289734243,2.2656510764779325,-0.6817921710265755,1.9149373302563926,0.9149373302563926,15.519987099999994,33.29776627961111,110.04001456999997,-7.179196297854787,0.6944987461409937,6.484697551713792,168,168,0
1289,02335-1-02,45 a 59,Hombres,Quintil bajo,Centro,Trabajadores rutinarios,Movilidad mixta,63.07,61.953916515520376,28.18,27.194161332012253,7.61,9.71192215246737,69.14,3.591825,159.34640408,102.81000000000002,0,102.81000000000002,56.536404080000004,7.55551453896551,8.285465577968585,3.96368953896551,4.693640577968585,2.1035308064745664,1.1035308064745666,67.18999867,63.18122210835895,195.74141542,1.1160834844796241,0.9858386679877462,-2.1019221524673695,168,168,0
1292,02342-1-03,30 a 44,Mujeres,Quintil bajo,Centro,Trabajadores rutinarios,Usuarios publicos,60.43,53.79728382883492,30.64,33.71278194446356,8.48,12.039934226701531,68.44999999999999,2.503994,38.1530200366667,67.67,93.3333333333333,-25.6633333333333,63.81635337,9.313911804577174,12.766765585081927,6.809917804577173,10.262771585081927,3.719622253318967,2.719622253318967,113.1633373833333,96.55505588703298,211.11958266333332,6.632716171165079,-3.072781944463557,-3.5599342267015306,168,168,0
1294,02345-1-01,45 a 59,Mujeres,Quintil bajo,Sur,Trabajadores rutinarios,Motorizados privados,62.95,61.18303567859737,29.74,29.49377508032451,8.52,10.533189241078105,66.79,3.309981,132.4933117,61.629999999999995,0,61.629999999999995,70.8633117,7.720616082795066,8.751833711294267,4.410635082795066,5.441852711294267,2.332525800841475,1.3325258008414749,75.86999225000002,70.02137391847941,202.50986531,1.7669643214026323,0.24622491967548754,-2.0131892410781056,168,168,0
1296,02348-1-01,60 o mas,Hombres,Quintil bajo,Centro,Trabajadores rutinarios,Motorizados privados,62.62,63.43812207736202,31.93,33.97006096472361,14.99,12.131816957914399,58.45999999999999,3.526492,124.26893546,115.94,0,115.94,8.32893546,9.520039094943812,9.082663156158933,5.993547094943811,5.556171156158933,2.6995776808635354,1.6995776808635354,96.55999358,99.44509454084056,262.0229982200001,-0.8181220773620197,-2.040060964723608,2.858183042085601,167.99999999999997,168,0
1303,02358-1-02,60 o mas,Hombres,Quintil bajo,Sur,Trabajadores rutinarios,Motorizados privados,42.8,50.54687235189175,36.44,33.16781787034905,16.32,11.845309777759205,72.44,4.602261,31.30675120000001,121.83000000000001,100,21.830000000000013,9.476751199999999,19.739152669778843,13.858400882159724,15.136891669778842,9.256139882159724,4.289012002965247,3.289012002965247,165.6700196,201.3231480970897,408.48530996000005,-7.746872351891753,3.2721821296509503,4.474690222240795,168,168,0
1305,02360-1-04,30 a 44,Mujeres,Quintil alto,Sur,Trabajadores rutinarios,Movilidad activa,54.11,54.90824234097595,25.01,32.45206616487914,19.83,11.5896914941449,69.05,4.257333,94.6662661342224,127.45,75.6480090157776,51.8019909842224,42.86427515,13.938795581350943,13.356168768291589,9.681462581350942,9.09883576829159,3.2740674928061635,2.2740674928061635,135.6980224957776,139.09640595601178,326.5968342157776,-0.7982423409759534,-7.44206616487914,8.240308505855099,168,168,0
1306,02360-1-05,30 a 44,Mujeres,Quintil alto,Sur,Trabajadores rutinarios,Movilidad activa,55.65,54.0243590867888,21.39,30.863336581558688,18.87,11.02230433165253,72.08999999999999,3.544981,88.71975763737791,101.96000000000001,60.5184072126221,41.44159278737791,47.27816485,10.831365528503742,11.900461032158224,7.286384528503742,8.355480032158225,3.05540862659172,2.05540862659172,108.55843501262208,102.79556886246573,251.27937007262213,1.6256409132111997,-9.473336581558687,7.8476956683474715,168,168,0
1309,02371-1-01,45 a 59,Mujeres,Quintil bajo,Sur,Trabajadores rutinarios,Movilidad mixta,60.85,65.19574866908664,18.58,24.665423833011165,19.24,8.808827497902183,69.33000000000001,1.780433,92.2493483,21.41,0,21.41,70.8393483,3.141508219866315,1.8776234305489752,1.361075219866315,0.09719043054897525,1.764463037848835,0.7644630378488351,16.089999750000004,23.827314090147937,83.42597580999997,-4.345748669086639,-6.085423833011166,10.431172502097816,168,168,0
1313,02374-1-02,45 a 59,Hombres,Quintil bajo,Centro,Trabajadores rutinarios,Motorizados privados,52.8,53.76517648102739,11.92,18.461588133744037,14.1,6.593235385228561,89.18,4.415748,193.4514964,160.29999999999998,0,160.29999999999998,33.151496400000006,7.74390152197,6.733752905259345,3.32815352197,2.318004905259345,1.7537009634539833,0.7537009634539834,39.699997999999994,43.961974115743715,154.59776095999996,-0.9651764810273917,-6.541588133744037,7.506764614771439,168,168,0
1314,02376-1-01,30 a 44,Mujeres,Quintil bajo,Norte,Trabajadores rutinarios,Movilidad mixta,67.59,62.11872544872457,24.98,29.43063477354225,9.49,10.510639777733179,65.94,5.801463,239.07087918,166.95,0,166.95,72.12087918,13.404285939605572,19.595937604849382,7.602822939605572,13.794474604849382,2.310500978736841,1.3105009787368413,153.05000499000002,121.30860811793397,353.0264346,5.471274551275435,-4.450634773542248,-1.0206397777331784,168,168,0
1319,02387-1-01,60 o mas,Mujeres,Quintil bajo,Centro,Trabajadores rutinarios,Usuarios publicos,58.96,53.1751597449358,30.85,34.39961539645167,10.05,12.285224858612532,68.14,2.845854,28.88154612000001,83.59,97.5,-13.909999999999997,42.79154612000001,11.575691574024276,14.9893984581656,8.729837574024277,12.1435444581656,4.067563400660847,3.067563400660848,138.91000572000002,122.4471949407645,255.30543432000002,5.7848402550642035,-3.549615396451671,-2.235224858612531,168,168,0
1321,02390-1-01,18 a 29,Hombres,Quintil bajo,Norte,Trabajadores rutinarios,Motorizados privados,68.08,67.83274897016074,27.27,26.929756476732617,9.03,9.617494553106642,63.620000000000005,1.56665,82.6475392,75.99,0,75.99,6.6575392,2.8526444355629867,2.919170005888408,1.2859944355629866,1.3525200058884077,1.820856244574721,0.820856244574721,24.009992800000006,23.62263697410232,80.8793878,0.24725102983926206,0.3402435232673824,-0.5874945531066427,168,168,0
1323,02393-1-01,30 a 44,Mujeres,Quintil bajo,Centro,Trabajadores rutinarios,Movilidad mixta,61.36,69.54902419078452,30.95,20.846139382939445,5.53,7.444836426276036,70.16,0.80346,49.3002874,0,0,0,49.3002874,1.0264166107234602,2.201864256143886e-6,0.2229566107234603,-0.8034577981357438,1.2774955949561402,0.27749559495614007,1.8199999992418725e-5,6.579571576327723,29.310238999999996,-8.189024190784522,10.103860617060555,-1.914836426276036,168,168,0
1332,02409-1-01,30 a 44,Hombres,Quintil bajo,Sur,Trabajadores rutinarios,Movilidad activa,56.21,47.5650469805891,24.11,28.224915078379187,5.55,10.080037941031716,82.13,2.83606,53.20175359181821,91.23,72.4431818181818,18.786818181818205,34.414935410000005,9.412772784609455,15.804517592650368,6.576712784609455,12.968457592650369,3.318961088485242,2.318961088485242,106.21317900818178,81.69557354795131,190.3307186081818,8.644953019410899,-4.1149150783791875,-4.530037941031716,168,168,0
1339,02425-1-04,30 a 44,Mujeres,Quintil medio,Sur,Trabajadores rutinarios,Movilidad mixta,54.47,56.03104344057823,34.1,28.272075937200935,5.83,10.096880622220826,73.60000000000001,2.475767,85.62502601,65.77,0,65.77,19.85502601,6.107251981376528,5.44132330183289,3.6314849813765284,2.96555630183289,2.4668120955552477,1.4668120955552475,49.230002479999996,53.094782315750024,148.08737878999997,-1.5610434405782314,5.827924062799067,-4.266880622220826,168,168,0
1343,02433-1-01,30 a 44,Mujeres,Quintil bajo,Norte,Trabajadores rutinarios,Usuarios publicos,54.18,55.829481743643505,35.3,31.27219665459562,8.79,11.16832160176089,69.72999999999999,2.749509,76.24837128,47.28,0,47.28,28.96837128,8.03380967322255,7.279271401143752,5.28430067322255,4.529762401143751,2.9219070289359115,1.9219070289359115,72.72002634000002,77.25529123948353,193.94587815000006,-1.6494817436435056,4.027803345404376,-2.3783216017608915,167.99999999999997,168,0
1346,02438-1-01,30 a 44,Mujeres,Quintil alto,Norte,Trabajadores rutinarios,Motorizados privados,52.38,55.87864881370612,30.4,29.40121733539329,13,10.50013385090059,72.22,3.973516,126.56276774,43.43000000000001,0,43.43000000000001,83.13276773999999,10.559956188625439,8.294968055692552,6.5864401886254385,4.321452055692552,2.6575849168910954,1.6575849168910954,81.570000340000007,95.4719373796423,254.02059474,-3.4986488137061187,0.9987826646067077,2.499866149099409,168,168,0
1349,02446-1-02,45 a 59,Mujeres,Quintil bajo,Norte,Trabajadores rutinarios,Usuarios publicos,49.48,55.64377909571697,11.92,14.999433782074147,14.6,5.356787122208859,92.00000000000001,1.450655,71.77839552,0,0,0,71.77839552,1.9386022261367792,2.3098827179616416e-6,0.4879472261367792,-1.450652690117282,1.3363633849101124,0.3363633849101125,1.3879999997357118e-5,8.9415308440973,38.47138447999998,-6.163779095716976,-3.0794337820741475,9.24321287779114,168,168,0
1355,02462-1-02,30 a 44,Mujeres,Quintil bajo,Centro,Trabajadores rutinarios,Movilidad activa,56.35,60.07967736337499,40.69,30.277308168847835,4.13,10.813014467777155,66.83000000000001,3.813479,140.95953980000002,91.07000000000001,0,91.07000000000001,49.8895398,9.4682946786464,7.279856994834176,5.6548156786464,3.4663779948341755,2.4828495656187957,1.4828495656187957,73.93000185,88.15304815200588,244.85013062999997,-3.7296773633749893,10.412691831152163,-6.683014467777155,168,168,0
1358,02467-1-02,60 o mas,Hombres,Quintil alto,Norte,Trabajadores rutinarios,Movilidad mixta,66.72,56.749230844872706,26.91,32.28186282581582,6.93,11.52890632931148,67.44,3.985534,106.48205481931029,125.05,84.48275862068971,40.56724137931029,65.91481344,12.057721463751017,20.793195195461166,8.072187463751018,16.807661195461165,3.025371622410201,2.025371622410201,159.4327736606897,119.69393418677859,294.3032442206897,9.970769155127293,-5.371862825815821,-4.598906329311481,168,168,0
1361,02475-1-01,45 a 59,Mujeres,Quintil bajo,Sur,Trabajadores rutinarios,Movilidad mixta,59.93,64.57224443408784,37.65,29.766991741960553,7.39,10.630763823951623,63.02999999999999,2.789899,124.13868074,64.44,0,64.44,59.69868074,6.119174802939376,4.219386289321333,3.3292758029393763,1.429487289321333,2.193332017732318,1.193332017732318,43.05996633000002,56.01135943441723,168.71701729000006,-4.642244434087836,7.883008258039446,-3.2407638239516237,168,168,0
1362,02477-1-01,60 o mas,Mujeres,Quintil bajo,Centro,Trabajadores rutinarios,Movilidad activa,69.77,62.76172534119868,17.01,29.561056888960337,16.1,10.557217769840975,65.12,2.027015,86.2671873790124,53.33,33.4876543209876,19.842345679012396,66.4248417,4.505099914791353,7.352254819357282,2.4780849147913533,5.325239819357282,2.2225291449699944,1.2225291449699944,55.15764917098758,40.95177131347744,122.27211582098758,7.008274658801319,-12.551056888960336,5.542782230159027,168,168,0
1364,02478-1-03,30 a 44,Mujeres,Quintil medio,Centro,Trabajadores rutinarios,Motorizados privados,72.35,64.84893740843248,23.94,31.633653101141697,11.49,11.297409490425823,60.220000000000006,2.520563,106.0904974280488,43.24,19.5121951219512,23.7278048780488,82.36269255,5.89728175936386,9.500999760739742,3.37671875936386,6.9804367607397415,2.339668462706094,1.3396684627060937,76.2722356219512,57.365334792962,165.5757827119512,7.501062591567518,-7.693653101141695,0.19259050957417756,168,168,0
1367,02484-2-01,30 a 44,Hombres,Quintil bajo,Centro,Trabajadores rutinarios,Movilidad activa,45.44,52.80865317968152,34.67,27.824360121486553,10.46,9.936986698831914,77.43,3.382107,101.49292367999999,105.30999999999999,50,55.30999999999999,46.182923679999995,9.012518648916696,5.103828817573262,5.630411648916697,1.7217218175732616,2.664764494120587,1.6647644941205872,52.190018400000014,77.11159189957314,204.82450731,-7.368653179681523,6.845639878513449,0.5230133011680866,168,168,0
1374,02492-1-01,45 a 59,Hombres,Quintil bajo,Centro,Trabajadores rutinarios,Motorizados privados,74.25,63.765728494348565,23.84,29.123367054294608,5.2,10.400904451356835,64.71,2.099711,93.54356200000001,50.14,0,50.14,43.403562,4.505168295398903,9.47727181607112,2.405457295398903,7.37756081607112,2.1456135131924836,1.1456135131924836,62.35997975000001,40.34603954259711,123.33558719000001,10.484271505651435,-5.283367054294608,-5.200904451356835,168,168,0
1375,02492-1-04,18 a 29,Hombres,Quintil bajo,Centro,Trabajadores rutinarios,Movilidad activa,51.12,48.69690413596107,27.77,26.035109081412134,5.14,9.297986782626806,83.97,2.52,67.86240272,49.040000000000006,0,49.040000000000006,18.822402720000003,6.851710050106551,8.175061715347008,4.331710050106551,5.655061715347008,2.7189325595660914,1.7189325595660916,60.95999727999998,54.853795702621895,143.89319728,2.4230958640389275,1.7348909185878654,-4.157986782626806,168,168,0
1390,02520-1-05,30 a 44,Mujeres,Quintil bajo,Centro,Trabajadores rutinarios,Motorizados privados,63.66,66.01603748995296,34.54,29.241034997538456,7.5,10.442927512508568,62.30000000000001,1.822817,86.6505566,40.61,0,40.61,46.0405566,3.746194585047298,3.0853928741867818,1.9233775850472983,1.2625758741867819,2.0551676800508765,1.0551676800508765,29.389973619999992,33.68459880932359,106.02120029999996,-2.3560374899529677,5.298965002461543,-2.942927512508568,168,168,0
1397,02534-1-01,30 a 44,Hombres,Quintil medio,Centro,Trabajadores rutinarios,Motorizados privados,64.19,57.2993323982474,19.98,27.433330379972656,10.36,9.797337221779944,73.47,7.793617,291.15228909,215.88,0,215.88,75.27228909,18.423452367910198,30.41963146623413,10.629835367910196,22.62601446623413,2.3639155436955903,1.3639155436955903,209.11998613999998,155.41676197763172,445.57832592000005,6.890667601752597,-7.453330379972655,0.5626627782200551,168,168,0
1403,02540-1-01,45 a 59,Mujeres,Quintil bajo,Norte,Trabajadores rutinarios,Movilidad mixta,76.38,66.36413662223576,9.7,23.900290097402777,12.72,8.535573280361458,69.2,2.774053,148.43216773999998,46.550000000000004,0,46.550000000000004,101.88216773999999,4.852844841341978,12.490217589087388,2.0787918413419777,9.716164589087388,1.7493699079801206,0.7493699079801207,63.45000039999999,35.66546454932299,125.64426866,10.015863377764234,-14.200290097402778,4.184426719638543,168,168,0
1419,02573-1-01,45 a 59,Hombres,Quintil medio,Centro,Trabajadores rutinarios,Motorizados privados,40.51,41.60707225087468,23.59,24.273919293963488,10.45,8.66900845516183,93.45,10.111246,170.64107689903227,227.97,91.9354838709677,136.03451612903228,34.60656077,33.50063234894833,30.98272659420619,23.389386348948328,20.87148059420619,3.313205152851422,2.313205152851422,238.96549856096772,250.0582659693353,583.1523124009677,-1.0970722508746817,-0.6839192939634877,1.7809915448381695,168,168,0
1424,02581-1-02,30 a 44,Mujeres,Quintil alto,Sur,Trabajadores rutinarios,Motorizados privados,55.63,60.180827695773175,34.96,32.38384486265411,13.54,11.56532744157272,63.87,6.448723,211.09246789999997,177.34999999999997,0,177.34999999999997,33.7424679,17.77416620346949,13.435866319709985,11.32544320346949,6.987143319709985,2.756230373590165,1.756230373590165,147.64999259000007,176.99701982076954,460.41305809000005,-4.550827695773172,2.576155137345893,1.9746725584272795,168,168,0
1427,02587-1-01,30 a 44,Mujeres,Quintil bajo,Centro,Trabajadores rutinarios,Movilidad activa,55.3,63.178676590734604,29,28.85592959801672,18.04,10.305393811248686,65.66,3.151795,138.0942849,63.79999999999999,0,63.79999999999999,74.2942849,6.878185501577525,3.3963699051998306,3.7263905015775247,0.24457490519983072,2.182307384070831,1.182307384070831,36.19997860000001,61.031952085294364,184.4604154,-7.878676590734607,0.14407040198328147,7.734606188751313,168,168,0
1428,02589-1-01,45 a 59,Hombres,Quintil alto,Norte,Trabajadores rutinarios,Motorizados privados,72.36,57.679259748546926,24.73,34.566069280654354,7.5,12.344670970798726,63.41,6.590601,143.80259256737799,219.07999999999998,102.173291392622,116.90670860737798,26.895883959999995,22.23494082012609,45.61204765967636,15.644339820126092,39.02144665967636,3.373734932538943,2.373734932538943,333.09329579262203,236.33839441065516,545.5083660226221,14.680740251453074,-9.836069280654353,-4.844670970798726,168,168,0
1429,02590-1-01,30 a 44,Mujeres,Quintil bajo,Sur,Trabajadores rutinarios,Motorizados privados,56.73,58.825171872143386,35.33,29.160619583169066,6.34,10.414208544687538,69.60000000000001,5.076632,187.2473301,136.75,0,136.75,50.4973301,12.42187603875215,10.67076490279232,7.345244038752149,5.594132902792319,2.4468734465590867,1.4468734465590867,100.75000325999997,111.38641983162302,312.29325869999997,-2.095171872143389,6.169380416830933,-4.074208544687538,168,168,0
1432,02596-1-02,45 a 59,Hombres,Quintil medio,Norte,Trabajadores rutinarios,Motorizados privados,50.26,53.89966502228412,33.46,31.397325708711094,12.79,11.213009269004772,71.49000000000001,2.637739,61.8527402,54.28,0,54.28,7.572740199999999,8.31927505170599,6.7484592990438665,5.68153605170599,4.110720299043867,3.153941709815107,2.153941709815107,70.72002193999998,80.32050831621467,192.71545068999995,-3.6396650222841203,2.062674291288907,1.5769907309952274,168,168,0
1433,02596-1-04,30 a 44,Hombres,Quintil medio,Norte,Trabajadores rutinarios,Motorizados privados,44.48,52.09390807208728,38,30.406823360198374,10.88,10.859268567714322,74.64000000000001,2.87444,64.21507904,48.86000000000001,0,48.86000000000001,15.355079039999998,9.146974164665423,5.74609815029232,6.272534164665423,2.87165815029232,3.182176063742998,2.182176063742998,63.64001215999998,85.52573407873055,204.14263935999995,-7.613908072087284,7.5931766398016265,0.020731432285678864,168,168,0
1435,02605-1-01,45 a 59,Mujeres,Quintil bajo,Norte,Trabajadores rutinarios,Usuarios publicos,71.1,61.71080047200387,21.21,29.11962977941718,8.92,10.399569748578955,66.77,2.551409,106.00519789999998,37.1,0,37.1,68.90519789999999,5.74517224906646,11.044500871180933,3.19376324906646,8.493091871180933,2.251764514849034,1.2517645148490344,75.399982,51.44429382147493,152.27393517000002,9.389199527996126,-7.90962977941718,-1.479569748578955,168,168,0
1436,02605-1-03,30 a 44,Hombres,Quintil bajo,Norte,Trabajadores rutinarios,Movilidad mixta,54.56,56.37809227545136,35.03,31.19953571477667,9.13,11.142372009771965,69.28,2.621668,76.01822432,32.98,0,32.98,43.038224320000005,7.482484637476479,6.698062934969809,4.8608166374764785,4.076394934969809,2.854093133637241,1.854093133637241,67.01998176000001,71.78641609959803,182.79284064,-1.818092275451356,3.830464285223332,-2.0123720097719637,168,168,0
1443,02616-1-01,60 o mas,Hombres,Quintil bajo,Centro,Trabajadores rutinarios,Motorizados privados,62.37,60.86889136680585,25.15,30.476836197343424,14.71,10.88427243585074,65.76999999999998,1.649008,63.506681266129,30.9,37.741935483871,-6.841935483871005,70.34861675,3.9338245664163294,4.356046885441608,2.284816566416329,2.707038885441608,2.3855703346595827,1.3855703346595827,39.341947693871,36.866607548864785,105.07140657387103,1.5011086331941499,-5.326836197343425,3.825727564149261,167.99999999999997,168,0
1446,02618-1-02,45 a 59,Mujeres,Quintil alto,Norte,Trabajadores rutinarios,Motorizados privados,66.88,56.55078546059918,24.77,34.668103735986634,11.95,12.38111080341419,64.4,2.791218,53.19010890086962,73.47,86.9565217391304,-13.486521739130396,66.67663064000001,9.817106500584337,16.043858481400427,7.025888500584337,13.252640481400427,3.5171407251545155,2.5171407251545155,133.48655093913038,104.65546139089311,235.98007589913038,10.329214539400816,-9.898103735986634,-0.4311108034141906,168,168,0
1447,02620-1-01,45 a 59,Hombres,Quintil alto,Centro,Trabajadores rutinarios,Motorizados privados,48.93,55.631836339461806,45.07,37.41577117790632,12.41,13.36239248263186,61.59,13.013597,32.935290240000064,471.18000000000006,450,21.180000000000064,11.75529024,60.061619981740236,46.36227359601438,47.04802298174023,33.348676596014386,4.6152973679560105,3.61529736795601,603.82001097,691.0350082517111,1351.84156653,-6.701836339461806,7.654228822093678,-0.9523924826318595,168,168,0
1449,02621-1-02,18 a 29,Hombres,Quintil bajo,Sur,Trabajadores rutinarios,Usuarios publicos,54.5,55.402480089248236,27.84,28.779442232821385,12.12,10.278077677930394,73.53999999999999,5.40578,173.95500650000002,149.34000000000003,20,129.34000000000003,44.6150065,14.185565198387113,13.326369086378987,8.779785198387113,7.920589086378987,2.624147708265433,1.6241477082654332,120.66000349999996,125.5386123168563,336.67497230000004,-0.9024800892482361,-0.939442232821385,1.841922322069605,168,168,0
1451,02625-1-01,30 a 44,Mujeres,Quintil bajo,Norte,Trabajadores rutinarios,Movilidad mixta,67.84,61.63657754138446,29.3,28.813265417898233,3.6,10.290157040717293,67.26,2.363936,99.20940447999999,51.339999999999996,0,51.339999999999996,47.86940448,5.247715997732308,8.204377969382492,2.883779997732308,5.840441969382492,2.219906121710701,1.2199061217107012,61.16001376,46.495520086870215,138.93350815999997,6.203422458615542,0.4867345821017679,-6.690157040717294,168,168,0
1458,02635-1-02,60 o mas,Hombres,Quintil bajo,Sur,Trabajadores rutinarios,Movilidad mixta,65.96,60.293880877212324,28.58,36.19109754599453,14.87,12.925021576793128,58.59000000000001,3.535049,81.38406954222219,100.99000000000001,77.7777777777778,23.21222222222221,58.17184731999999,11.839302619577312,15.417748661447794,8.304253619577313,11.882699661447795,3.349119805574778,2.349119805574778,151.78776249777778,131.75775375888634,305.3856415477778,5.66611912278767,-7.611097545994532,1.9449784232068712,168,168,0
1459,02636-1-01,30 a 44,Hombres,Quintil bajo,Norte,Trabajadores rutinarios,Motorizados privados,49.04,49.04547599681599,18.45,27.679331688837333,19.12,9.885192314346686,81.39,3.213948,75.43198716,62.82,0,62.82,12.61198716,9.657291674720422,9.653816631861144,6.443343674720422,6.4398686318611436,3.0048064482438495,2.004806448243849,82.18002275999999,82.19762232901473,202.92804911999997,-0.0054759968159885375,-9.229331688837334,9.234807685653315,168,168,0
1466,02645-1-01,30 a 44,Mujeres,Quintil alto,Centro,Trabajadores rutinarios,Usuarios publicos,65.81,58.1794382865071,24.32,33.00382068176942,12.84,11.786741031723489,65.03,9.724182,266.40841339,201.46,0,201.46,64.94841339,29.49516472400944,44.364480163709736,19.770982724009443,34.64029816370974,3.0331769524685406,2.033176952468541,373.54000403000003,299.33903316576317,734.89060715,7.630561713492902,-8.683820681769419,1.053258968276511,168,168,0
1469,02651-1-01,60 o mas,Hombres,Quintil medio,Norte,Trabajadores rutinarios,Movilidad mixta,51.07,45.2482362386082,15.8,24.58253763039631,11.74,8.779226130995474,89.39000000000001,7.523871,176.734077,167.49,0,167.49,9.244076999999999,21.656805378929967,33.25439944053592,14.132934378929967,25.73052844053592,2.8784126387772955,1.8784126387772953,207.51001497,163.7078154368133,414.7174223099999,5.8217637613918,-8.782537630396309,2.9607738690045267,168,168,0
1470,02651-1-03,18 a 29,Mujeres,Quintil medio,Norte,Trabajadores rutinarios,Movilidad mixta,52.26,56.84198440353288,31.96,31.041929800262814,14.75,11.086085796204307,69.03,3.122532,94.00350028,55.81999999999999,0,55.81999999999999,38.18350028,8.746292451592451,6.536493174547055,5.623760451592451,3.413961174547055,2.8010257225842525,1.8010257225842525,69.18002204000001,83.48741496353233,215.03349176000003,-4.5819844035328785,0.918070199737187,3.6639142037956933,168,168,0
1475,02661-1-01,30 a 44,Mujeres,Quintil bajo,Norte,Trabajadores rutinarios,Motorizados privados,62.44,64.61523688844956,34.64,28.38688163087346,6.06,10.13788148067698,64.86,3.733392,172.7129578,102.10000000000001,0,102.10000000000001,70.61295779999999,7.849789665360868,6.549630364266761,4.116397665360868,2.8162383642667614,2.102589191105801,1.1025891911058008,60.400038679999994,68.52105067744247,212.34909307999996,-2.175236888449561,6.25311836912654,-4.07788148067698,168,168,0
1476,02664-1-01,30 a 44,Mujeres,Quintil bajo,Sur,Trabajadores rutinarios,Movilidad activa,64.13,70.6644940862319,30.21,32.13798356293043,19.94,11.477522350837674,53.72,2.555932,126.45188615000001,97.54,20,77.54,48.911886149999994,5.480570914847987,3.2966375541848727,2.924638914847987,0.7407055541848728,2.1442553694104487,1.1442553694104487,37.46003300999996,54.161755548810845,165.64002281,-6.534494086231902,-1.9279835629304287,8.462477649162327,168,168,0
1479,02668-1-01,45 a 59,Hombres,Quintil bajo,Sur,Trabajadores rutinarios,Motorizados privados,71.61,64.9385524179814,19.56,32.03183451797788,17.24,11.439613064040719,59.59,1.511089,63.599050680000005,42.89,0,42.89,20.70905068,3.50551953881405,5.35006064948536,1.99443053881405,3.8389716494853596,2.319863051623068,1.3198630516230678,44.61003260999999,34.52888155473508,100.21810780999999,6.671447582018601,-12.471834517977879,5.8003869359592795,168,168,0
1485,02676-1-02,30 a 44,Hombres,Quintil bajo,Sur,Trabajadores rutinarios,Motorizados privados,59.34,62.62733007043056,36.69,29.416926001534335,6.52,10.505743928035102,65.45,2.489472,105.56525514,57.84,0,57.84,47.725255139999994,5.565443657087456,4.306162916241647,3.0759716570874556,1.8166909162416465,2.2355919878140647,1.2355919878140647,42.160013340000006,50.3437295050949,149.73009846,-3.2873300704305564,7.273073998465662,-3.9857439280351024,168,168,0
1486,02678-1-03,45 a 59,Mujeres,Quintil alto,Sur,Trabajadores rutinarios,Movilidad mixta,63.24,58.32096473573156,30.85,34.690077067386824,11.31,12.38895819688162,62.599999999999994,5.112756,117.711750311644,174.94,130.558955528356,44.381044471644,73.33070584,16.918011274562307,21.52466966705013,11.805255274562306,16.41191366705013,3.3089807678211725,2.3089807678211725,205.61893912835603,180.46911206675594,421.17273208835604,4.9190352642684445,-3.8400770673868223,-1.0789581968816186,168,168,0
1487,02678-1-04,45 a 59,Mujeres,Quintil alto,Sur,Trabajadores rutinarios,Movilidad mixta,54.68,53.07630925709135,31.28,32.335594927287566,11,11.548095815621092,71.03999999999999,4.565033,82.86271918650397,141.87999999999997,105.883312933496,35.996687066503966,46.86603212,16.034203007310044,17.40657811736676,11.469170007310044,12.84154511736676,3.5123958594187696,2.5123958594187696,166.75328525349602,159.43238409032352,359.762880493496,1.6036907429086469,-1.055594927287565,-0.5480958156210924,168,168,0
1490,02683-1-01,18 a 29,Hombres,Quintil bajo,Centro,Trabajadores rutinarios,Usuarios publicos,33.15,48.596129744154354,47.52,30.780978633989907,9.7,10.99289162185576,77.62999999999998,3.395254,40.21266805000001,67.66000000000001,52.5,15.16000000000001,25.05266805,13.183373530099574,5.579620311083638,9.788119530099575,2.184366311083638,3.882882850620182,2.882882850620182,72.34000204999998,124.78353584835904,266.6164359300001,-15.446129744154355,16.739021366010096,-1.2928916218557607,168,168,0
1493,02690-1-01,18 a 29,Hombres,Quintil medio,Norte,Trabajadores rutinarios,Movilidad activa,55.7,57.6363968643731,40.64,31.79763158074953,4.45,11.355971554877376,67.21,4.009917,118.92238289999999,95.57,0,95.57,23.352382899999995,11.474389541134887,10.221602806215516,7.464472541134887,6.211685806215517,2.8615030039611513,1.861503003961151,104.42999400000001,112.19478470519637,285.23715153,-1.9363968643730942,8.84236841925047,-6.905971554877376,168,168,0
1494,02690-1-02,30 a 44,Hombres,Quintil medio,Norte,Trabajadores rutinarios,Movilidad activa,54.14,57.47692686945148,32.83,32.261455074856066,14.29,11.521618055692437,66.74000000000001,4.274754,120.47517056,101.53999999999999,0,101.53999999999999,18.935170560000003,12.62284444154293,10.39286276571447,8.348090441542931,6.118108765714471,2.952882070299936,1.9528820702999359,110.960011,125.22455248289519,312.38641948,-3.3369268694514815,0.5685449251439323,2.7683819443075617,168,168,0
1496,02693-1-02,45 a 59,Hombres,Quintil alto,Sur,Trabajadores rutinarios,Motorizados privados,52.82,54.648134318792465,22.05,28.650011824447496,18.66,10.231853856760019,74.47000000000001,6.92247,215.34078724592587,198.76999999999998,24.0740740740741,174.69592592592588,40.644861320000004,18.497200032325697,16.294597799428796,11.574730032325697,9.372127799428796,2.6720520323418806,1.6720520323418804,150.3040781540741,162.9592831318854,432.117831854074,-1.8281343187924648,-6.6000118244474955,8.428146143239982,168,168,0
1504,02705-1-01,18 a 29,Mujeres,Quintil bajo,Centro,Trabajadores rutinarios,Movilidad activa,53.57,59.08095264667208,41.75,36.83431267183043,13.75,13.154734681497489,58.93000000000001,2.64927,47.0647272333333,71.81,66.6666666666667,5.1433333333333024,41.9213939,9.663653446822313,7.543082527911654,7.014383446822313,4.893812527911654,3.6476665069329712,2.6476665069329712,94.8566666666667,109.45666818491564,241.89115166666664,-5.510952646672081,4.915687328169568,0.595265318502511,168,168,0
1507,02707-1-01,30 a 44,Mujeres,Quintil bajo,Sur,Trabajadores rutinarios,Usuarios publicos,58.1,56.31396426137167,31.66,29.581512575727647,6.7,10.564523162900679,71.54,5.166062,165.81820220000003,210.67000000000002,100,110.67000000000002,55.1482022,13.753075730621546,15.454978296630282,8.587013730621546,10.288916296630282,2.662197188229941,1.6621971882299411,134.32999999999998,125.10322864003024,332.50013831999996,1.7860357386283283,2.0784874242723532,-3.864523162900679,168,168,0
1512,02725-1-01,45 a 59,Hombres,Quintil medio,Sur,Trabajadores rutinarios,Movilidad activa,60.56,60.398152211321786,32.75,31.752127297729547,10.18,11.339720490948675,64.50999999999999,10.928308,374.95832767999997,313.14,0,313.14,61.81832768,29.198652100297462,29.490565203806593,18.270344100297464,18.562257203806595,2.671836491092442,1.6718364910924421,286.8600048,285.09128231620554,756.01226724,0.16184778867821592,0.9978727022704525,-1.1597204909486756,168,168,0
1515,02730-1-02,30 a 44,Hombres,Quintil bajo,Centro,Trabajadores rutinarios,Motorizados privados,67.53,65.95560462634455,22.56,30.751891659337225,17.6,10.982503714318229,60.309999999999995,3.082709,138.40533848,80.23,0,80.23,58.17533848,6.864921984730103,7.667415596217726,3.7822129847301027,4.5847065962177265,2.2269121038444117,1.2269121038444117,69.77000028999998,64.91659750207398,193.57159372999996,1.5743953736554488,-8.191891659337227,6.6174962856817725,168,168,0
1518,02737-1-02,18 a 29,Mujeres,Quintil alto,Centro,Trabajadores rutinarios,Movilidad mixta,53.21,58.24527007388906,43.14,33.21320936487404,6.97,11.861520561236905,64.67999999999999,4.973246,135.12640688,95.5,0,95.5,39.62640688,15.13165369789024,11.405632964816414,10.15840769789024,6.4323869648164145,3.04261114328353,2.04261114328353,129.50001278000002,154.54164953388846,378.70936984,-5.035270073889059,9.926790635125961,-4.891520561236905,168,168,0
1520,02740-1-02,45 a 59,Hombres,Quintil bajo,Centro,Trabajadores rutinarios,Motorizados privados,62.86,59.052836393452374,23.48,28.123385271651717,10.88,10.043778334895913,70.78,3.425787,133.9949717,81.14999999999999,0,81.14999999999999,52.8449717,7.8986392877987885,10.449087854606166,4.472852287798789,7.023300854606166,2.3056422619966708,1.3056422619966708,81.34999912,68.30746752981602,199.06004044000002,3.8071636065476255,-4.6433852716517166,0.8362216651040875,168,168,0
1522,02747-1-02,45 a 59,Mujeres,Quintil bajo,Sur,Trabajadores rutinarios,Usuarios publicos,45.36,51.376555319137005,36.98,29.682762033561943,9.32,10.600682647301054,76.34,2.517667,57.871359600000005,53.67,0,53.67,4.2013596,7.8310129449674015,5.369487839420109,5.313345944967402,2.851820839420109,3.1104244306206508,2.1104244306206508,56.33001551999999,71.47769830066568,172.89799761999998,-6.016555319137005,7.297237966438054,-1.2806826473010542,168,168,0
1524,02751-1-01,45 a 59,Hombres,Quintil medio,Norte,Trabajadores rutinarios,Motorizados privados,47.14,55.82867230384531,41.8,34.058077251075176,13.11,12.163250445079509,65.95,10.752478,202.64179894,195.77,0,195.77,6.871798940000001,37.96975240779757,24.4525748492127,27.21727440779757,13.700096849212699,3.531255995854869,2.531255995854869,304.23001398,397.65477177630595,894.6485809600001,-8.688672303845308,7.7419227489248215,0.9467495549204905,168,168,0
1528,02758-1-01,30 a 44,Mujeres,Quintil bajo,Sur,Trabajadores rutinarios,Motorizados privados,53.16,82.95428461323144,35.17,8.065324792516936,5.57,2.880390594251632,74.1,1.530878,123.84146096,92.46,25,67.46,56.381460960000005,1.2706831498853206,-4.599734982282454,-0.26019485011467935,-6.130612982282454,0.8300355416207696,-0.16996445837923033,-42.45998648000001,3.151428360134503,19.907983239999993,-29.79428461323144,27.104675207483066,2.689609405748368,168,168,0
1529,02759-1-01,18 a 29,Mujeres,Quintil bajo,Centro,Trabajadores rutinarios,Motorizados privados,63.63,69.18891845464306,31.85,31.486297534781414,16.44,11.244784010575515,56.08000000000001,5.442641,261.13526910999997,202.32,12.5,189.82,71.31526910999999,11.922525626509783,7.7849226173981725,6.479884626509783,2.3422816173981724,2.1905772632275,1.1905772632274998,85.17997772000007,115.435175216897,348.00511161,-5.558918454643056,0.3637024652185872,5.1952159894244865,168,168,0
1533,02761-1-02,30 a 44,Hombres,Quintil medio,Norte,Trabajadores rutinarios,Motorizados privados,62.2,61.03916437660654,33.07,37.52089868018038,16.69,13.399936943213078,56.03999999999999,3.539387,71.81009906303498,70.24,43.579766536965,26.66023346303499,45.1498656,12.50078986445806,13.156828683603022,8.96140286445806,9.617441683603023,3.5319081706685536,2.5319081706685536,148.33977233696504,144.23112582238932,324.459669456965,1.16083562339346,-4.45089868018038,3.2900630567869236,168,168,0
1538,02764-1-01,60 o mas,Hombres,Quintil bajo,Centro,Trabajadores rutinarios,Usuarios publicos,44.66,57.00464510879021,41.3,30.642071528292078,12.63,10.943283362917699,69.41000000000001,4.321665,134.47554858,53.97,0,53.97,80.50554858,11.87363843876423,4.789852762836239,7.55197343876423,0.468187762836239,2.7474684962310194,1.7474684962310196,58.53001032,111.87943102407985,291.59740376999997,-12.34464510879021,10.657928471707919,1.6867166370823021,168,168,0
1542,02779-1-02,45 a 59,Mujeres,Quintil medio,Norte,Trabajadores rutinarios,Movilidad mixta,68.74,57.86331956276037,10.96,26.914599083668,14.69,9.612081353571616,73.61000000000001,4.102474,160.74404906,91.24,0,91.24,69.50404906,9.260021445701389,20.864319607464083,5.157547445701389,16.761845607464082,2.2571798007010866,1.2571798007010864,121.26001369999994,76.63871499991575,226.48847179999996,10.876680437239628,-15.954599083668,5.077918646428383,168,168,0
1569,02833-1-02,30 a 44,Hombres,Quintil alto,Centro,Trabajadores rutinarios,Motorizados privados,73.54,60.87005403798348,14.06,26.445422774235094,9.16,9.444523187781432,71.24,7.857098,342.7210005,239.91,0,239.91,102.8110005,16.667551208962525,44.68336781682612,8.810453208962524,36.82626981682612,2.1213368102272017,1.1213368102272014,235.08998642,135.54097934173188,417.53180198,12.669945962016527,-12.385422774235094,-0.2845231877814314,168,168,0
1571,02835-1-01,60 o mas,Hombres,Quintil alto,Centro,Trabajadores rutinarios,Motorizados privados,72.16,61.83755870215108,27.31,36.35786251156493,11.71,12.984578786283981,56.82,35.621521,910.35898896,839.9100000000001,0,839.9100000000001,70.44898896,115.59700225826819,187.76660025548824,79.97548125826819,152.14507925548824,3.245145041905094,2.245145041905094,1660.0899664,1292.3889069374075,3050.0417158200007,10.322441297848918,-9.047862511564933,-1.2745787862839801,168,167.99999999999997,-2.842170943040401e-14
1573,02841-1-02,45 a 59,Mujeres,Quintil bajo,Centro,Trabajadores rutinarios,Movilidad mixta,50.93,60.35747754176738,37.29,29.88103136473402,12.69,10.671491093498595,67.09,2.310595,88.78862009999999,21.11,0,21.11,67.67862009999999,5.514844733405528,2.5510855424721424,3.204249733405528,0.2404905424721422,2.386763899950241,1.3867638999502414,28.889983250000014,50.673065720620016,144.37352135000003,-9.42747754176738,7.408968635265978,2.0185089065014044,168,168,0
1574,02843-1-01,60 o mas,Hombres,Quintil alto,Sur,Trabajadores rutinarios,Motorizados privados,50,54.953416478205966,42.62,34.76932374950517,9.52,12.417259772288864,65.86,15,203.83000000000004,353.83000000000004,150,203.83000000000004,0,58.033279058860465,46.23073498512011,43.033279058860465,31.230734985120108,3.8688852705906975,2.8688852705906975,546.17,620.4712471730894,1328.27,-4.953416478205966,7.850676250494828,-2.897259772288864,168,168,0
1581,02858-1-01,60 o mas,Mujeres,Quintil bajo,Sur,Trabajadores rutinarios,Movilidad mixta,63.12,52.30970105968845,17.51,26.114101417531238,7.12,9.326197522780324,80.24999999999999,2.604,85.06448703999999,45.7,75,-29.299999999999997,114.36448703999999,6.369744734224651,14.20962838283012,3.7657447342246506,11.605628382830119,2.4461385308082377,1.4461385308082375,79.29999296,51.14997451942875,143.43651296000004,10.810298940311547,-8.604101417531236,-2.2061975227803243,168,168,0
1582,02862-1-01,30 a 44,Hombres,Quintil alto,Norte,Trabajadores rutinarios,Motorizados privados,70.81,64.7739325242432,35.93,36.3310605457955,7.34,12.975006929961301,53.92,7.579877,241.90490148418206,315.44000000000005,110.266159695818,205.17384030418205,36.73106118,22.294678325379792,30.071365313436345,14.714801325379792,22.491488313436346,2.9412981668937097,1.9412981668937097,294.8261888858179,249.07353985588082,622.807466675818,6.036067475756809,-0.4010605457955023,-5.6350069299613015,168,168,0
1586,02875-1-01,30 a 44,Hombres,Quintil bajo,Norte,Trabajadores rutinarios,Movilidad mixta,54.71,60.66288953339083,42.59,33.64233510458017,9.02,12.01477536202901,61.67999999999999,6.393658,196.42701279,146.63,0,146.63,49.797012790000004,18.50449662791847,13.11537124208998,12.11083862791847,6.7217132420899794,2.8941955650299827,1.8941955650299829,153.37001639000005,191.4307561782806,483.34670577000014,-5.952889533390831,8.947664895419834,-2.99477536202901,168,168,0
1589,02883-1-03,30 a 44,Mujeres,Quintil medio,Norte,Trabajadores rutinarios,Motorizados privados,61.49,54.652403985880724,14.78,25.426841446952697,12.89,9.08075456716659,78.83999999999999,3.340392,123.72069742,74.07000000000001,0,74.07000000000001,49.65069741999999,7.525409522811038,13.02808515663193,4.185017522811037,9.68769315663193,2.2528522169886163,1.252852216988616,81.68000666,58.839755635204085,174.10865330000004,6.837596014119278,-10.646841446952697,3.8092454328334107,168,168,0
1590,02887-1-01,45 a 59,Hombres,Quintil medio,Centro,Trabajadores rutinarios,Movilidad mixta,56.15,50.277975390218195,25.6,33.1301627160331,13.49,11.831861893748707,72.76,2.686921,16.946833396551998,100.99,109.913793103448,-8.923793103448006,25.870626500000004,11.59705101995586,15.1204951797621,8.91013001995586,12.4335741797621,4.316111645990284,3.316111645990284,133.923780753448,118.14611451690845,238.95552264344798,5.872024609781803,-7.530162716033097,1.6581381062512932,168,168,0
1599,02895-1-02,60 o mas,Hombres,Quintil medio,Centro,Trabajadores rutinarios,Motorizados privados,73.47,68.35223585213149,32.86,34.43861224313262,8.76,12.299151904735892,52.910000000000004,3.636593,153.86048333000002,111.68000000000002,0,111.68000000000002,42.18048333,8.943268894242415,12.016513813411041,5.3066758942424155,8.379920813411042,2.459243829112143,1.459243829112143,113.32000437999994,94.70877910421038,264.67500504,5.117764147868513,-1.5786122431326177,-3.539151904735892,168,168,0
1604,02899-1-01,45 a 59,Mujeres,Quintil bajo,Centro,Trabajadores rutinarios,Movilidad mixta,61.99,65.72146953730537,25.33,28.91281943483202,17.64,10.32571102786262,63.03999999999999,3.320095,156.33271067,100.52000000000001,0,100.52000000000001,55.81271067,6.958778678449863,5.082040605973,3.6386836784498633,1.761945605973,2.095957699538677,1.0959576995386768,49.47997837999998,61.868811733459836,192.14446052999998,-3.7314695373053652,-3.5828194348320217,7.31428897213738,168,168,0
1605,02900-1-01,45 a 59,Hombres,Quintil alto,Centro,Trabajadores rutinarios,Motorizados privados,59.39,63.04531773141303,35.16,33.684756752269145,14.21,12.029925516317817,59.24,4.941494,172.98535579999998,129.51,0,129.51,43.4753558,13.376216271270165,10.771142278071643,8.434722271270164,5.829648278071644,2.7069174365627413,1.7069174365627409,120.48997286000002,138.5527034978711,364.45153164,-3.655317731413028,1.4752432477308517,2.1800744836821835,168,168,0
1609,02906-1-01,60 o mas,Mujeres,Quintil bajo,Centro,Trabajadores rutinarios,Movilidad activa,50.43,56.60003973972079,28.34,27.270702691404445,14.84,9.739257568874786,74.38999999999999,3.830808,141.24766076,60.56,0,60.56,80.68766076,9.012402007484944,5.308761064942744,5.181594007484944,1.477953064942744,2.3526112526351994,1.3526112526351997,51.939986680000004,75.57622427524035,217.3542761200001,-6.170039739720792,1.069297308595555,5.100742431125214,168,168,0
1610,02906-1-02,18 a 29,Mujeres,Quintil bajo,Centro,Trabajadores rutinarios,Usuarios publicos,45.22,55.28636163498602,36.63,30.06606553355658,14.24,10.737572831457388,71.91000000000001,4.006729,117.70430701999999,74.02,0,74.02,43.68430702,11.228649104878011,5.507430377177083,7.221920104878011,1.5007013771770827,2.802447858309861,1.802447858309861,63.47997836000002,103.81316144738591,267.30228258999995,-10.066361634986023,6.563934466443424,3.502427168542612,168,168,0
1616,02916-1-03,18 a 29,Hombres,Quintil medio,Centro,Trabajadores rutinarios,Motorizados privados,57.72,60.28402631859584,37.89,32.60991074014969,8.93,11.646062941254476,63.46,4.001619,130.4834334,89.00999999999999,0,89.00999999999999,41.4734334,11.044520954249343,9.472519024317451,7.042901954249343,5.4709000243174515,2.7600131232507,1.7600131232507001,100.49001528,110.75027171299317,287.8458168599999,-2.564026318595843,5.280089259850314,-2.716062941254476,168,168,0
1618,02920-1-01,60 o mas,Hombres,Quintil medio,Centro,Trabajadores rutinarios,Motorizados privados,56.12,59.26978357996492,35.81,33.89515192420726,13.34,12.105064495827827,62.72999999999999,11.564275,314.55712148,290.57,0,290.57,23.98712148,35.581003658326075,30.03002397563954,24.016728658326073,18.465748975639542,3.076803661131033,2.0768036611310325,334.42999152000004,370.8549550291989,902.8141077700002,-3.149783579964925,1.9148480757927402,1.2349355041721726,168,168,0
1619,02922-1-01,45 a 59,Hombres,Quintil alto,Centro,Trabajadores rutinarios,Motorizados privados,65.31,53.622823483279106,21.49,32.81711439192266,11.36,11.72006212479823,69.84,10.350778,182.10567047636403,392.46,261.363636363636,131.096363636364,51.00930684000001,36.9556859900435,66.35609753844008,26.6049079900435,56.005319538440084,3.5703293018209354,2.5703293018209354,493.90364070363603,372.93227113224475,833.9266980036359,11.687176516720896,-11.32711439192266,-0.3600621247982314,168,168,0
1627,02936-1-01,18 a 29,Hombres,Quintil bajo,Centro,Trabajadores rutinarios,Movilidad mixta,66.34,75.48767931029535,38.12,28.63561014315327,9.89,10.226710546551384,53.65,3.360308,199.65284892,134.23,0,134.23,65.42284892,6.133543060005219,2.139135810971097,2.773235060005219,-1.221172189028903,1.825291925622657,0.825291925622657,23.269983800000006,54.009003767819934,184.59837087999995,-9.147679310295345,9.484389856846729,-0.33671054655138377,168,168,0
1630,02939-1-01,30 a 44,Mujeres,Quintil bajo,Centro,Trabajadores rutinarios,Usuarios publicos,64.09,62.56325891171973,25.73,30.84204181312385,14.6,11.014699275156431,63.57999999999999,6.361103,251.55308850999998,193.86999999999998,0,193.86999999999998,57.68308851,15.438452640532347,17.085674512157546,9.077349640532347,10.724571512157546,2.427008749981308,1.4270087499813078,156.13000276000005,146.41824544311712,412.6732867500001,1.526741088280275,-5.112041813123849,3.5853007248435684,168,168,0
1632,02940-1-01,60 o mas,Hombres,Quintil bajo,Norte,Trabajadores rutinarios,Movilidad mixta,81.02,63.523782516687305,12.16,33.921679223515696,16.38,12.114538259796987,58.44000000000001,1.87603,67.51592192,40.52,0,40.52,26.995921919999997,4.952222697120389,13.06393669146986,3.076192697120389,11.187906691469859,2.639735343848653,1.639735343848653,84.48002867999999,51.65659979478089,138.02192487999997,17.49621748331269,-21.761679223515696,4.265461740203012,168,168,0
1639,02953-1-01,60 o mas,Hombres,Quintil medio,Centro,Trabajadores rutinarios,Motorizados privados,93.98,61.345314821001544,15.85,39.196379409146125,4.71,13.998305769852326,53.459999999999994,1.410812,21.553578195449695,81.73,117.76455026455031,-36.034550264550305,57.58812846,5.392289248909476,23.834659140630663,3.981477248909476,22.423847140630663,3.8221175102773977,2.8221175102773977,111.03453356455032,64.99312809779713,140.04082828455032,32.63468517899846,-23.346379409146124,-9.288305769852325,168,168,0
1644,02957-1-01,45 a 59,Mujeres,Quintil bajo,Centro,Trabajadores rutinarios,Movilidad mixta,63.85,60.83254714389404,10.59,20.202486037168804,13.81,7.214966818937163,79.75,3.099529,156.35495695,95.94999999999999,0,95.94999999999999,60.404956950000006,5.182820377209363,7.515447898210557,2.083291377209363,4.415918898210556,1.6721315971585886,0.6721315971585886,41.54996969999999,32.197287066366755,117.17847729999997,3.0174528561059617,-9.612486037168804,6.5950331810628375,168,168,0
1648,02966-1-01,45 a 59,Hombres,Quintil bajo,Centro,Trabajadores rutinarios,Movilidad mixta,55.94,62.062811474420975,35.75,30.017102124723444,11.11,10.720086400855571,65.2,2.220615,90.51117643999999,66.28999999999999,0,66.28999999999999,24.22117644,5.1251093862851675,3.1749054401089003,2.9044943862851675,0.9542904401089003,2.30796846201848,1.3079684620184802,33.71002666000001,47.30643366227136,137.76804556000002,-6.122811474420978,5.7328978752765565,0.38991359914442825,168,168,0
1655,02994-1-01,45 a 59,Hombres,Quintil bajo,Centro,Trabajadores rutinarios,Motorizados privados,52.17,57.55742516687722,14.77,15.188327575204369,11.23,5.42424725791841,89.83,0.925128,48.263941110000005,0,0,0,48.263941110000005,1.067145533298815,-2.266114768307841e-6,0.14201753329881495,-0.9251302661147682,1.1535112257966627,0.15351122579666268,-1.3350000003242712e-5,4.984044519782785,24.05331464999999,-5.387425166877222,-0.41832757520436914,5.805752742081591,168,168,0
1657,02998-1-01,45 a 59,Mujeres,Quintil alto,Norte,Trabajadores rutinarios,Movilidad mixta,50.12,51.51340192121214,35.78,29.736664943795983,5.97,10.619933134991888,76.13,14.342902,322.28625252,303.42,0,303.42,18.866252519999996,45.55569242634589,41.92260944601537,31.21279042634589,27.57970744601537,3.1761837615808775,2.1761837615808775,396.57999572,416.5654229225575,995.39615422,-1.3934019212121456,6.043335056204018,-4.649933134991888,168,168,0
1658,02998-1-02,45 a 59,Hombres,Quintil alto,Norte,Trabajadores rutinarios,Movilidad activa,65.64,56.105860728483925,20.18,27.71589058331121,7.9,9.898248688204871,74.28,5.590019,196.95886284,130.03,0,130.03,66.92886284,13.689790773377126,26.71462696234194,8.099771773377126,21.12460796234194,2.4489703475743334,1.4489703475743332,169.96998431999998,116.67396464357898,326.93771783999995,9.534139271516075,-7.535890583311211,-1.9982486882048711,168,168,0
1662,03004-1-01,45 a 59,Mujeres,Quintil bajo,Centro,Trabajadores rutinarios,Usuarios publicos,66.41,62.53241276396248,21.8,23.628926683372153,6.39,8.438660552665356,73.4,3.190505,157.04143793000003,80.16000000000001,0,80.16000000000001,76.88143793,5.844872007883052,8.585712596600398,2.654367007883052,5.3952075966003985,1.8319582661312401,0.8319582661312401,54.83999911999996,42.4685376554861,144.78033506999992,3.877587236037513,-1.8289266833721527,-2.048660552665356,168,168,0
1663,03005-1-01,45 a 59,Hombres,Quintil bajo,Norte,Trabajadores rutinarios,Movilidad mixta,50.83,54.3617092575809,35.5,29.922124094554963,8.64,10.68616664786414,73.03,4.716365,131.77285282,102.04,0,102.04,29.73285282,13.54365565675028,10.794547715532476,8.82729065675028,6.078182715532476,2.871630091553618,1.8716300915536184,107.95998012999999,124.61681006263049,316.14033123,-3.5317092575809,5.577875905445037,-2.0461666478641387,168,168,0
1668,03008-1-02,60 o mas,Mujeres,Quintil bajo,Norte,Trabajadores rutinarios,Usuarios publicos,41.84,47.121986485026106,10.5,11.810204286270908,10.81,4.217809228702999,104.85,3.063576,128.18001983999997,0,0,0,128.18001983999997,4.45574396518916,5.886277449154735e-15,1.3921679651891599,-3.063575999999994,1.4544257969083059,0.4544257969083058,2.842170943040401e-14,16.181767027850356,65.28480456000003,-5.281986485026103,-1.310204286270908,6.592190771297002,168,168,0
1673,03024-1-01,45 a 59,Hombres,Quintil medio,Centro,Trabajadores rutinarios,Usuarios publicos,59.65,62.23234152186143,32.83,31.3511426765303,12.3,11.19651580160827,63.22,4.872497,186.37446025,120.73,0,120.73,65.64446025,12.120934191679295,10.196895395882724,7.248437191679295,5.3243983958827235,2.487622710014864,1.487622710014864,104.2699858,116.85243711824526,324.16577541000004,-2.58234152186143,1.478857323469697,1.1034841983917314,168,168,0
1679,03032-1-01,30 a 44,Mujeres,Quintil bajo,Norte,Trabajadores rutinarios,Usuarios publicos,73.94,70.73895788309488,29.54,28.000979040387627,5.26,10.000063076517478,59.26000000000001,2.425766,132.58112300000002,90.72000000000001,0,90.72000000000001,41.861123,4.531171370205701,5.9327370008814215,2.1054053702057014,3.5069710008814217,1.8679342402382182,0.8679342402382182,46.78001503999997,39.015035908243505,131.19667183999994,3.201042116905114,1.5390209596123725,-4.740063076517478,168,168,0
1685,03048-1-01,45 a 59,Hombres,Quintil alto,Sur,Trabajadores rutinarios,Motorizados privados,42.67,42.643341377277075,20.57,23.657716343305484,11.51,8.448942279417464,93.24999999999999,10.162651,210.82033093,202.18,0,202.18,8.64033093,30.591772915847503,30.654466956527397,20.429121915847503,20.491815956527397,3.010215830086805,2.010215830086805,222.81998724000005,222.54906496112625,548.8378313200001,0.02665862272292685,-3.087716343305484,3.061057720582536,168,168,0
1687,03053-1-01,45 a 59,Hombres,Quintil bajo,Sur,Trabajadores rutinarios,Movilidad mixta,60.15,56.16962391632292,29.59,29.754185711107496,6.81,10.626190372569596,71.44999999999999,3.004917,95.4810651176471,76.5,11.7647058823529,64.7352941176471,30.745771,8.01182129969121,10.338126200601799,5.00690429969121,7.333209200601799,2.6662371372291513,1.6662371372291516,85.26469243235287,73.30399267211821,194.64367123235292,3.980376083677079,-0.16418571110749625,-3.8161903725695963,168,168,0
1690,03057-1-01,18 a 29,Mujeres,Quintil bajo,Centro,Trabajadores rutinarios,Motorizados privados,69.42,67.03124620693058,30.44,31.86774312023128,10.42,11.381010672838144,57.72,4.669628,207.80559128,183.64,50,133.64,74.16559128,10.735898279071877,12.56837920910152,6.066270279071877,7.89875120910152,2.299090693963604,1.299090693963604,116.35998448000004,105.20539288277683,307.16098456000003,2.3887537930694265,-1.4277431202312805,-0.9610106728381442,168,168,0
1694,03065-1-01,45 a 59,Mujeres,Quintil bajo,Centro,Trabajadores rutinarios,Movilidad mixta,50.74,46.91000058878673,18.05,20.896999262699758,6.48,7.463000148513521,92.72999999999999,3.125385,103.13205948,82.05,0,82.05,21.08205948,6.766355804650117,9.976490493020762,3.640970804650117,6.851105493020762,2.1649671335371856,1.1649671335371856,55.44997542,43.479752710185224,132.11566947000006,3.8299994112132723,-2.8469992626997573,-0.9830001485135202,168,168,0
1697,03070-2-01,45 a 59,Mujeres,Quintil bajo,Centro,Trabajadores rutinarios,Usuarios publicos,52.08,65.05188175160504,32.89,23.474579949549792,11.94,8.383538298845165,71.09,2.368175,124.37453527999999,26.039999999999996,0,26.039999999999996,98.33453528,4.111624452569359,-0.1023836872826766,1.743449452569359,-2.4705586872826766,1.7361995851528536,0.7361995851528536,-1.0399812799999921,29.67970478710727,105.12530396999999,-12.97188175160504,9.415420050450209,3.5564617011548343,168,168,0
1707,03093-1-01,45 a 59,Mujeres,Quintil alto,Norte,Trabajadores rutinarios,Movilidad mixta,61.62,52.14403354435908,24.31,31.246737241017748,8.62,11.15922921462319,73.44999999999999,12.157462,234.5422340498551,244.24,58.8405797101449,185.3994202898551,49.14281375999999,41.56728674267645,68.96877609904716,29.40982474267645,56.81131409904716,3.419076016250468,2.419076016250468,514.6005743901449,399.39687229241576,914.9457980501452,9.475966455640915,-6.936737241017749,-2.539229214623191,168,168,0
1711,03101-1-02,45 a 59,Mujeres,Quintil medio,Sur,Trabajadores rutinarios,Motorizados privados,71.86,61.7686826434005,16.38,25.84958667684377,8.61,9.231730679755728,71.15,4.081369,186.65720858,93.37,0,93.37,93.28720858,8.233132881552965,18.831590644609076,4.151763881552966,14.750221644609077,2.0172478601060004,1.0172478601060002,106.62996775999997,65.44357793161285,208.6233790699999,10.091317356599497,-9.469586676843772,-0.6217306797557285,168,168,0
1716,03112-1-01,30 a 44,Hombres,Quintil alto,Sur,Trabajadores rutinarios,Motorizados privados,54.74,56.57023493830731,28.47,27.263190383161533,10.36,9.736574678531166,74.42999999999999,12.648066,461.35513304,369,0,369,92.35513303999998,30.315400214639094,26.255395955995958,17.667334214639094,13.607329955995958,2.3968407671686007,1.3968407671686007,230.9999998,254.14893209521682,722.1244025800002,-1.8302349383073064,1.2068096168384663,0.623425321468833,168,168,0
1723,03121-1-02,18 a 29,Mujeres,Quintil bajo,Sur,Trabajadores rutinarios,Usuarios publicos,49.1,45.60616716049175,26.56,26.411444427723733,5.79,9.432388411784517,86.55,3.12236,61.85897251111111,109.94000000000001,76.3888888888889,33.55111111111111,28.3078614,9.916778746358894,12.476081431385891,6.794418746358893,9.35372143138589,3.1760523278414063,2.1760523278414063,91.44890348888887,80.53989958412191,192.4572494888889,3.4938328395082507,0.14855557227626548,-3.642388411784517,168,168,0
1728,03131-1-01,18 a 29,Hombres,Quintil bajo,Sur,Trabajadores rutinarios,Movilidad mixta,58,58.72369197776464,24.39,22.765872333040914,7.23,8.130435689194448,78.38,2.5168,115.1644,81.69,0,81.69,33.4744,4.661255876656876,4.300350121787387,2.1444558766568758,1.7835501217873873,1.852056530775936,0.852056530775936,30.810000000000002,32.63138796963804,110.39121600000001,-0.7236919777646378,1.6241276669590867,-0.9004356891944472,168,168,0
1732,03136-1-03,18 a 29,Hombres,Quintil bajo,Norte,Trabajadores rutinarios,Movilidad activa,50.07,57.15097520499507,43.25,30.92477779991341,5.8,11.044246995091514,68.88000000000001,2.87678,89.13036372,82.59,0,82.59,6.540363720000001,7.916389086836183,4.940677441233746,5.039609086836183,2.0638974412337463,2.7518229015900357,1.7518229015900357,54.91001088,75.28041873022572,196.01606987999998,-7.08097520499507,12.32522220008659,-5.2442469950915145,168,168,0
1739,03144-1-02,18 a 29,Hombres,Quintil bajo,Sur,Trabajadores rutinarios,Movilidad activa,65.17,68.55123523656854,32.17,28.515094341259783,9.91,10.183670422171673,60.75,2.319253,119.30573844999998,68.16,0,68.16,51.14573844999999,4.525531086110123,3.3394199118430685,2.2062780861101228,1.0201669118430687,1.9512882320773641,0.9512882320773641,31.839979560000017,39.681919526117326,129.4341458,-3.3812352365685427,3.654905658740219,-0.2736704221716728,168,168,0
1742,03147-1-01,30 a 44,Hombres,Quintil bajo,Sur,Trabajadores rutinarios,Motorizados privados,79.59,71.7810186425208,24.86,28.868940815875153,6.51,10.310040541604042,57.04,2.801166,153.68482047,130.74,0,130.74,22.94482047,5.337875053835248,9.744102317317044,2.536709053835248,6.942936317317043,1.9055904055080093,0.9055904055080092,69.25998146999999,47.38572839679543,157.13255889,7.8089813574791975,-4.008940815875153,-3.8000405416040426,168,168,0
1745,03153-1-01,30 a 44,Hombres,Quintil bajo,Norte,Trabajadores rutinarios,Movilidad activa,58.81,57.51180228789506,23.84,31.98522899920524,18.27,11.42296871289971,67.08,4.830285,139.51906624999998,105.44999999999999,0,105.44999999999999,34.069066250000006,14.059163912837336,15.149797282309725,9.228878912837336,10.319512282309725,2.910628236809492,1.9106282368094918,144.54999460000005,138.27932966418518,347.95329595000004,1.298197712104944,-8.14522899920524,6.84703128710029,168,168,0
1750,03163-1-02,45 a 59,Mujeres,Quintil alto,Norte,Trabajadores rutinarios,Motorizados privados,73.35,62.2814758192719,24.87,29.015973478670652,3.44,10.362550702057453,66.34,4.919329,207.2228002,121.38999999999999,0,121.38999999999999,85.83280020000001,11.113535676399103,23.947134422314523,6.194206676399102,19.027805422314522,2.2591568232982797,1.2591568232982795,153.60998195000002,99.16026996054302,292.87618594,11.068524180728097,-4.145973478670651,-6.922550702057453,168,168,0
1758,03187-1-01,30 a 44,Hombres,Quintil medio,Norte,Trabajadores rutinarios,Movilidad activa,46.76,53.50939329140766,37.09,31.26489335379801,12.09,11.165713354794327,72.06,6.339203,142.88114884,121.46000000000001,0,121.46000000000001,21.42114884,20.420765758292124,13.778658877165869,14.081562758292122,7.4394558771658685,3.221345926024474,2.2213459260244734,153.53998344,196.32575764107136,465.30198698000004,-6.749393291407664,5.825106646201995,0.9242866452056724,168,168,0
1761,03193-1-01,60 o mas,Hombres,Quintil bajo,Centro,Trabajadores rutinarios,Usuarios publicos,58.43,55.58721027847834,25.3,29.063327392156594,11.3,10.379462329365067,72.97,2.908264,93.74987383999999,61.31999999999999,0,61.31999999999999,32.42987384,7.598983351454028,9.186156050829466,4.690719351454028,6.2778920508294656,2.612893241966351,1.612893241966351,76.17999168,67.91240867332854,182.62245407999998,2.8427897215216618,-3.7633273921565937,0.9205376706349337,168,168,0
1767,03205-1-01,60 o mas,Hombres,Quintil medio,Centro,Trabajadores rutinarios,Movilidad mixta,49.86,43.283774157132605,15.74,27.88690303081124,15.53,9.959322812056158,86.87,3.173879,25.355693016521705,124.28000000000002,132.1739130434783,-7.8939130434782925,33.24960606,13.063328032119886,18.75647377873267,9.889449032119886,15.58259477873267,4.115887225732262,3.115887225732262,132.8939139234783,112.02176882154416,232.14111025347827,6.5762258428673945,-12.14690303081124,5.570677187943842,168,168,0
1770,03208-1-02,45 a 59,Mujeres,Quintil bajo,Centro,Trabajadores rutinarios,Movilidad activa,61.93,61.62650257749699,37.49,31.370182042275825,4.78,11.203315380227199,63.79999999999998,1.879928,71.29394746,29.869999999999997,0,29.869999999999997,41.42394746,4.619280990544394,4.7120187202676975,2.739352990544394,2.8320907202676975,2.4571584606135946,1.4571584606135946,45.129993580000004,44.55944027750877,124.59455014000005,0.30349742250300693,6.119817957724177,-6.423315380227199,168,168,0
1771,03209-1-01,60 o mas,Hombres,Quintil bajo,Norte,Trabajadores rutinarios,Motorizados privados,71.74,49.50789568456133,14.77,32.26810968232818,6.79,11.523994633110485,74.7,2.912314,23.159399539999995,104.23,165,-60.769999999999996,83.92939953999999,12.196818996517198,38.02776695778379,9.284504996517198,35.11545295778379,4.188016469555548,3.188016469555549,185.77000682,121.02313817268755,248.55949665999998,22.23210431543866,-17.49810968232818,-4.733994633110485,168,168,0
1773,03212-1-01,45 a 59,Mujeres,Quintil bajo,Sur,Trabajadores rutinarios,Usuarios publicos,48.62,53.606351315859186,33.01,29.646069969796336,12.21,10.587578714344481,74.16,2.557756,70.44812016,46.09,0,46.09,24.35812016,7.312652449276815,5.261536266830088,4.754896449276815,2.7037802668300883,2.8590109647975863,1.8590109647975863,53.90997655999999,66.66384655624671,169.57170288,-4.986351315859189,3.3639300302036617,1.6224212856555198,168,168,0
1774,03215-1-01,45 a 59,Hombres,Quintil bajo,Centro,Trabajadores rutinarios,Movilidad mixta,59.43,59.59873694788781,35.2,29.7327338418629,5.32,10.618529210249315,68.04999999999998,3.02131,112.78642797,53.23000000000001,0,53.23000000000001,59.55642797,7.35871101525753,7.272539480277126,4.33740101525753,4.251229480277125,2.435602773385561,1.4356027733855612,66.77002533000001,67.27983195802292,189.19350653000006,-0.16873694788780824,5.467266158137104,-5.298529210249315,167.99999999999997,168,0
1790,03243-1-01,18 a 29,Hombres,Quintil bajo,Norte,Trabajadores rutinarios,Movilidad mixta,58.98,62.28968642224478,29.35,26.033058960268722,9.29,9.29725461748647,70.38000000000002,2.831417,131.33695452,89.33999999999999,0,89.33999999999999,41.99695452,5.625216790878703,4.073037884907628,2.793799790878703,1.2416208849076282,1.9867143521702042,0.9867143521702041,35.66002014,45.03112254061304,145.06597301999994,-3.3096864222447806,3.3169410397312795,-0.007254617486470494,168.00000000000003,168,0
1793,03251-1-01,30 a 44,Mujeres,Quintil medio,Sur,Trabajadores rutinarios,Movilidad mixta,61.12,59.87029318559969,26.69,30.483171747063306,13.43,10.886535067337011,66.75999999999999,8.172496,294.0458118766282,246.14,1.59716060337178,244.5428393966282,49.502972480000004,20.829030606077627,22.601346057593073,12.656534606077626,14.428850057593072,2.5486743102814153,1.5486743102814153,205.4571436433718,195.2439197015126,533.337683163372,1.2497068144003052,-3.7931717470633046,2.543464932662989,168,168,0
1796,03256-1-01,30 a 44,Mujeres,Quintil alto,Centro,Trabajadores rutinarios,Movilidad mixta,52.91,57.24917780056542,32.85,33.320857114920294,16.71,11.899965084514287,65.53,12.26585,300.98610207,277,0,277,23.98610207,39.15814723709553,30.990027116985726,26.892297237095526,18.724177116985725,3.1924528049092014,2.1924528049092014,348.00002142999995,401.2237254550654,955.8955474300001,-4.339177800565423,-0.4708571149202925,4.810034915485714,168,168,0
1798,03260-1-02,30 a 44,Hombres,Quintil bajo,Centro,Trabajadores rutinarios,Motorizados privados,53.06,54.86912040505976,37.85,35.612495635728536,12.29,12.718383959211693,64.80000000000001,3.22821,32.11470007261151,76.63000000000001,53.3041401273885,23.32585987261151,8.788840200000001,13.242203078138216,12.250340086071844,10.013993078138217,9.022130086071844,4.102026534252176,3.1020265342521762,139.17412252738848,145.01434311020643,301.0365719273884,-1.8091204050597582,2.237504364271466,-0.42838395921169337,168,168,0
1809,03289-1-05,30 a 44,Mujeres,Quintil bajo,Norte,Trabajadores rutinarios,Movilidad activa,58.31,68.30443626925884,31.22,23.413749846222572,10.55,8.361813884518584,67.92,0.69477,40.512046299999994,0,0,0,40.512046299999994,0.9644497487061764,-8.030139687719789e-7,0.2696797487061764,-0.6947708030139688,1.388156870196146,0.38815687019614603,-7.599999996443785e-6,6.943826886792969,29.020535300000006,-9.994436269258841,7.806250153777427,2.1881861154814164,168,168,0
1810,03292-1-02,45 a 59,Hombres,Quintil medio,Centro,Trabajadores rutinarios,Movilidad mixta,53.94,59.75381326961162,40.85,35.76377571849154,13.5,12.772411011896843,59.71000000000001,5.006605,114.95437890729193,142.70000000000002,72.8018757327081,69.89812426729192,45.05625464,16.75020117557264,12.59480761980323,11.743596175572641,7.58820261980323,3.3456206702091817,2.3456206702091817,155.1018947927081,184.209361377412,427.2108765427081,-5.813813269611622,5.086224281508464,0.7275889881031574,168,168,0
1811,03294-1-01,30 a 44,Hombres,Quintil alto,Centro,Trabajadores rutinarios,Motorizados privados,49.4,46.85047023414647,21.23,25.045105543116303,10.21,8.94442422273723,87.16,14.574456,367.19812,362.22,0,362.22,4.97812,40.9822775612805,49.52168458102791,26.4078215612805,34.947228581027915,2.8119250256256905,1.8119250256256907,352.78000639999993,315.62199700687745,811.0009030399999,2.549529765853528,-3.815105543116303,1.2655757772627716,168,168,0
1822,03319-1-01,30 a 44,Hombres,Quintil bajo,Sur,Trabajadores rutinarios,Motorizados privados,58.45,57.80697394427844,19.75,25.865582681038624,14.71,9.237443374682933,75.09,2.799773,114.29671379999999,81.9,0,81.9,32.39671379999999,5.978292038566755,6.320421271141452,3.1785190385667548,3.520648271141452,2.1352774094781095,1.1352774094781093,49.35001805000002,47.549691060894304,145.83019563000002,0.6430260557215632,-6.1155826810386245,5.472556625317068,168,168,0
1829,03338-1-02,30 a 44,Mujeres,Quintil medio,Centro,Trabajadores rutinarios,Motorizados privados,59.99,56.40049597714657,27.34,29.731437705266053,9.42,10.618066317587399,71.24999999999999,3.272382,105.2384938123404,73.28999999999999,14.3617021276596,58.928297872340394,46.31019594,8.676577663393655,10.934072149674504,5.404195663393654,7.661690149674504,2.6514562368921646,1.6514562368921644,91.0717023676596,79.32547401434645,211.36446468765968,3.5895040228534327,-2.3914377052660534,-1.198066317587399,168,168,0
1837,03350-1-01,45 a 59,Mujeres,Quintil alto,Centro,Trabajadores rutinarios,Usuarios publicos,72.3,56.22978902099179,14.82,30.093013978674342,9.95,10.747197000333877,70.92999999999999,3.140776,97.768926226531,143.65,147.959183673469,-4.3091836734689934,102.07810989999999,8.519457488954783,23.039727042256448,5.378681488954784,19.89895104225645,2.7125326635693803,1.7125326635693803,129.30917857346898,78.8362456156635,207.106200093469,16.07021097900821,-15.273013978674342,-0.7971970003338775,168,168,0
1851,03381-1-03,18 a 29,Hombres,Quintil bajo,Centro,Trabajadores rutinarios,Movilidad mixta,48.74,52.724977607948375,25.04,27.72390978523394,16.57,9.90111260681768,77.65,3.15635,95.06049672,129.97,63.75,66.22,28.84049672,8.370276459348375,6.234560821330166,5.213926459348375,3.0782108213301655,2.651884759088306,1.6518847590883061,58.78000228000002,71.35798635284786,190.11572578,-3.984977607948373,-2.68390978523394,6.66888739318232,168,168,0
1853,03382-1-02,45 a 59,Mujeres,Quintil bajo,Centro,Trabajadores rutinarios,Motorizados privados,60.19,60.82785102389655,40.52,34.58921272598185,7.06,12.352936250121605,60.22999999999999,2.590416,75.4140744769231,96.42,76.9230769230769,19.496923076923096,55.9171514,7.724083151111318,7.467271789612004,5.133667151111318,4.876855789612005,2.981792558072263,1.9817925580722626,80.50306456307689,82.15536406099488,203.7550578430769,-0.6378510238965518,5.930787274018151,-5.292936250121605,168,168,0
1858,03399-1-01,60 o mas,Hombres,Quintil medio,Norte,Trabajadores rutinarios,Motorizados privados,64.53,58.856250449557265,29.9,32.25458501665294,8.2,11.519164533789809,65.36999999999999,8.313072,254.21251274,192.76999999999998,0,192.76999999999998,61.442512740000005,23.69986470671726,32.6928076585195,15.38679270671726,24.3797356585195,2.8509153663913005,1.8509153663913005,282.23002342000007,235.0637348972019,598.9580666200001,5.673749550442736,-2.3545850166529405,-3.3191645337898095,168,168,0
1864,03411-1-01,45 a 59,Hombres,Quintil medio,Centro,Trabajadores rutinarios,Motorizados privados,67.84,52.36580162395022,14.15,26.102237754396803,5.8,9.321960621652982,80.21,3.288782,107.26099503999998,84.14999999999999,0,84.14999999999999,23.11099504,8.093033700008453,25.628726755012693,4.804251700008454,22.33994475501269,2.460799682073319,1.460799682073319,115.84997584000001,64.95871075641827,181.46117674,15.474198376049785,-11.952237754396803,-3.5219606216529824,168,168,0
1866,03415-1-01,45 a 59,Hombres,Quintil bajo,Centro,Trabajadores rutinarios,Motorizados privados,56.14,63.960116571647546,17.5,17.242149397090625,13.72,6.157734031261828,80.64,1.478072,83.92894512000001,50.95,0,50.95,32.978945120000006,2.000888836966727,-0.134294101057951,0.5228168369667268,-1.612366101057951,1.3537154055869585,0.35371540558695835,-0.9499830400000064,10.608712301288222,45.195424799999984,-7.820116571647546,0.2578506029093752,7.562265968738172,168,168,0
1867,03416-1-01,45 a 59,Hombres,Quintil bajo,Centro,Trabajadores rutinarios,Motorizados privados,52.93,57.832669153333136,33.66,27.57087275558371,8.66,9.846458091083147,72.75,4.750688,180.86390904,154.41,0,154.41,26.45390904,11.073353287272951,7.3615886778547655,6.322665287272951,2.610900677854765,2.3308946593152298,1.3308946593152298,70.5900068,93.88105831470989,271.63912296,-4.902669153333136,6.089127244416286,-1.1864580910831464,168,168,0
1869,03417-1-01,30 a 44,Hombres,Quintil bajo,Sur,Trabajadores rutinarios,Movilidad activa,49.4,54.785779844208804,37.59,29.329646562652115,7.6,10.474573593139084,73.41,4.834583,145.2283816,131.4,0,131.4,13.828381600000002,13.26520830823665,9.141291898140462,8.43062530823665,4.306708898140462,2.7438164384056805,1.7438164384056802,93.6000186,119.63801827655456,312.07482437,-5.385779844208805,8.260353437347888,-2.8745735931390843,168,168,0
1875,03431-1-02,60 o mas,Hombres,Quintil bajo,Centro,Trabajadores rutinarios,Movilidad activa,38.32,50.535535365166886,40.61,32.07090000939454,15.13,11.453564625438565,73.94000000000001,5.866835,70.10710399999999,125.28999999999999,80,45.28999999999999,24.817104,22.95471843997389,12.249699697826628,17.087883439973893,6.382864697826628,3.912623832095822,2.9126238320958224,154.71001320000002,226.37654362409887,481.7273960999999,-12.215535365166886,8.539099990605457,3.6764353745614358,168,168,0
1878,03437-1-02,45 a 59,Hombres,Quintil bajo,Centro,Trabajadores rutinarios,Motorizados privados,54.01,49.830356823757256,14.78,25.863090014203564,16.14,9.236553162039174,83.07000000000001,1.871361,55.19218986,41.62,0,41.62,13.57218986,4.785438820791178,6.548744930676277,2.914077820791178,4.677383930676276,2.557197045781748,1.5571970457817481,45.88001774999999,38.05839651606321,103.74249987,4.179643176242742,-11.083090014203565,6.903446837960827,168,168,0
1888,03454-1-01,45 a 59,Mujeres,Quintil bajo,Centro,Trabajadores rutinarios,Motorizados privados,46.1,42.45380772395143,17.34,27.341611027241186,16.12,9.764581248807389,88.44,2.785599,21.994425284745798,57.18,66.1016949152542,-8.9216949152542,30.916120199999998,11.449733331474514,14.037125808888895,8.664134331474514,11.251526808888896,4.1103307875521615,3.110330787552162,106.4216886152542,96.26485905728556,199.6278311552542,3.6461922760485734,-10.001611027241186,6.355418751192612,168,168,0
1890,03458-1-01,30 a 44,Mujeres,Quintil bajo,Sur,Trabajadores rutinarios,Usuarios publicos,67.01,68.32744796557446,25.24,21.871519071089484,5.76,7.811032963336058,69.99,2.902834,166.71889816,109.7,0,109.7,57.018898160000006,4.702125634984355,3.9578307021682706,1.7992916349843555,1.0549967021682707,1.6198396584111787,0.6198396584111787,27.800008179999992,31.62434092770036,117.78786218000002,-1.317447965574459,3.3684809289105146,-2.0510329633360582,168,168,0
1892,03461-1-02,45 a 59,Hombres,Quintil bajo,Centro,Trabajadores rutinarios,Motorizados privados,53.93,60.9611164281847,36.11,34.999441311230335,18.42,12.499442260584965,59.53999999999999,4.938405,137.85819232,96.53,0,96.53,41.32819232,15.163196040965227,10.397769211866434,10.224791040965226,5.459364211866434,3.070464257379706,2.0704642573797054,128.46998933000003,163.19248985452947,397.76121398000004,-7.031116428184703,1.1105586887696646,5.920557739415036,168,168,0
1897,03464-1-01,30 a 44,Hombres,Quintil bajo,Norte,Trabajadores rutinarios,Motorizados privados,54.28,54.29056924972398,36.3,29.40717074322415,3.62,10.502260007051879,73.8,2.671356,78.34122224000001,58.34,0,58.34,20.00122224,7.374754158919119,7.369680141838127,4.70339815891912,4.6983241418381265,2.7606781570554877,1.760678157055488,66.65998144,66.68821566866563,173.30051296,-0.010569249723978658,6.892829256775848,-6.882260007051879,168,168,0
1900,03470-1-01,60 o mas,Hombres,Quintil bajo,Centro,Trabajadores rutinarios,Motorizados privados,50.74,47.510838682522525,20.48,25.69325999542089,11.16,9.175901322056603,85.61999999999999,3.126327,79.48981832,45.86000000000001,0,45.86000000000001,33.62981831999999,8.739009188615912,11.039099029725001,5.612682188615912,7.9127720297250015,2.7952959458866307,1.7952959458866304,79.14001366000001,69.0445994458146,178.05699994000003,3.2291613174774767,-5.213259995420888,1.984098677943397,168,168,0
1908,03481-1-03,45 a 59,Hombres,Quintil bajo,Sur,Trabajadores rutinarios,Motorizados privados,54.57,56.51645826569954,38.06,31.038633245384847,6.01,11.08490848891561,69.36,2.598911,77.04255721999999,55.22,0,55.22,21.82255722,7.3172041999501944,6.487419532065739,4.718293199950194,3.888508532065739,2.8154885642294767,1.815488564229477,64.78001605000003,69.83868784776749,179.31402382000005,-1.9464582656995404,7.021366754615155,-5.074908488915611,168,168,0
1915,03495-1-01,45 a 59,Mujeres,Quintil bajo,Centro,Trabajadores rutinarios,Usuarios publicos,49.82,57.931593534905744,34.34,31.19695581993338,16.11,11.141450645160875,67.73,4.097224,129.29369445999998,100.16999999999999,0,100.16999999999999,29.12369446,11.264829354417534,6.546189726781874,7.167605354417534,2.448965726781874,2.749380886770539,1.749380886770539,74.83000522,108.06502092946064,281.53495602,-8.111593534905744,3.1430441800666244,4.968549354839125,168,168,0
1920,03508-1-01,45 a 59,Hombres,Quintil bajo,Centro,Trabajadores rutinarios,Motorizados privados,49.74,60.39356656285499,42.87,31.34287153131746,10.32,11.193561905827549,65.07,3.312047,117.71120565999999,102.97,0,102.97,14.741205659999997,8.540682045414913,3.9022858902633475,5.228635045414913,0.5902388902633473,2.5786717535756325,1.5786717535756325,47.03001212000004,82.31512529380421,223.19779205000006,-10.65356656285499,11.527128468682537,-0.8735619058275486,168,168,0
1926,03514-1-01,45 a 59,Hombres,Quintil bajo,Centro,Trabajadores rutinarios,Movilidad activa,54.21,53.38967180752048,27.74,27.42571181042252,8.66,9.794616382057008,77.39,2.338413,74.89538236,55.63,0,55.63,19.26538236,5.9230341181840975,6.289103377016169,3.5846211181840975,3.950690377016169,2.532929007059103,1.5329290070591026,51.86998637000001,49.95172026043939,136.98821957,0.820328192479522,0.3142881895774785,-1.1346163820570077,168,168,0
1930,03519-1-05,60 o mas,Hombres,Quintil alto,Norte,Trabajadores rutinarios,Motorizados privados,55.1,60.23166911147385,38.02,36.22220118689114,16.27,12.936129701635009,58.61,9.490205,212.7203226,189.81,0,189.81,22.9103226,32.22099114987653,25.21633099311012,22.730786149876533,15.72612599311012,3.3951838922211413,2.3951838922211413,310.18997289999993,358.89056476005464,825.41320235,-5.1316691114738475,1.7977988131088622,3.3338702983649906,168,168,0
1934,03527-1-02,45 a 59,Mujeres,Quintil bajo,Centro,Trabajadores rutinarios,Motorizados privados,65.72,59.81186682233506,32.17,30.857804524173908,3.8,11.02032865349103,66.31,3.009159,107.12190307999998,59.35999999999999,0,59.35999999999999,47.761903079999996,7.678649823319204,11.121249109482584,4.6694908233192045,8.112090109482583,2.5517594195983677,1.5517594195983677,90.64002640000001,72.86151427523097,198.87947563,5.908133177664936,1.312195475826094,-7.22032865349103,168,168,0
1935,03529-1-02,45 a 59,Hombres,Quintil bajo,Centro,Trabajadores rutinarios,Movilidad activa,53.76,60.075011973938594,39.22,33.2207680218399,12.18,11.8642200042215,62.84000000000001,2.290803,71.45356144,60.8,0,60.8,10.65356144,6.477089522381126,4.439166896551003,4.186286522381126,2.1483638965510035,2.827431919017535,1.827431919017535,51.700007839999984,66.16645621493446,169.44728204,-6.315011973938596,5.999231978160097,0.3157799957785006,168,168,0
1937,03530-1-01,45 a 59,Hombres,Quintil bajo,Sur,Trabajadores rutinarios,Motorizados privados,52.82,59.74893218502241,38.99,34.95683990597317,15.38,12.48422790900442,60.809999999999995,5.46458,138.86913385999998,100.22999999999999,0,100.22999999999999,38.63913386,17.45542139902415,12.157364199774232,11.99084139902415,6.692784199774232,3.1942841717065447,2.1942841717065447,149.76998174,187.63368597962977,446.87919633999996,-6.928932185022411,4.033160094026833,2.89577209099558,168,168,0
1938,03530-1-02,45 a 59,Mujeres,Quintil bajo,Sur,Trabajadores rutinarios,Motorizados privados,62.07,61.00255003001276,29.74,30.14255887197773,10.1,10.764891098009482,66.09000000000002,2.893271,112.18534034000001,45.1,0,45.1,67.08534034,6.938421477261302,7.466455648337155,4.045150477261302,4.573184648337156,2.398123603790071,1.3981236037900708,67.39999062999999,64.31156858788503,182.66790726999992,1.067449969987237,-0.40255887197773177,-0.6648910980094822,168,168,0
1942,03541-1-02,45 a 59,Hombres,Quintil bajo,Centro,Trabajadores rutinarios,Movilidad mixta,70.87,59.03712046990842,25.33,36.991874411355894,13.04,13.211005118735693,58.76,0.036623,2.59550145,0,0,0,2.59550145,-0.03809949488893879,-3.38625757640487e-6,-0.07472249488893878,-0.03662638625757641,-1.0403160551822292,-2.0403160551822292,-2.9439999999603117e-5,-0.43338498703054373,1.4051950700000009,11.832879530091581,-11.661874411355896,-0.17100511873569424,168,168,0
1950,03563-1-01,60 o mas,Hombres,Quintil medio,Norte,Trabajadores rutinarios,Movilidad activa,67.96,62.3208878881201,31.76,34.49118482360847,9.41,12.317927288271429,58.870000000000005,3.691364,118.21507276,92.35,0,92.35,25.86507276,10.544293220450717,14.220027995074823,6.852929220450717,10.528663995074822,2.8564761482342886,1.8564761482342886,132.65002467999997,111.83400923824257,284.62348056,5.639112111879896,-2.7311848236084693,-2.907927288271429,168,168,0
1952,03567-1-01,45 a 59,Mujeres,Quintil bajo,Sur,Trabajadores rutinarios,Movilidad mixta,56.43,55.77461003560151,33.38,27.392599182123057,3.14,9.782790782275432,75.05,6.025423,212.47464448999997,176.95999999999998,0,176.95999999999998,35.51464449,14.67253668179402,15.413083929317379,8.64711368179402,9.387660929317379,2.4351048352611957,1.4351048352611957,127.53997540000003,123.59097363454421,347.5884233600001,0.6553899643984877,5.987400817876946,-6.642790782275432,168,168,0
1954,03571-1-01,45 a 59,Hombres,Quintil bajo,Norte,Trabajadores rutinarios,Movilidad activa,52.34,50.84421720923621,17.79,24.460234940239552,13.91,8.735547850524235,83.96000000000001,2.133381,71.37114045999999,34.71,0,34.71,36.66114046,4.932335911567105,5.609345823624506,2.7989549115671046,3.4759648236245058,2.3119808002260753,1.3119808002260753,40.29002108000002,37.09894649405757,107.91819877999998,1.4957827907637906,-6.670234940239553,5.174452149475766,168,168,0
1957,03575-1-02,30 a 44,Mujeres,Quintil bajo,Norte,Trabajadores rutinarios,Motorizados privados,63.28,62.43035475565934,30.65,30.799970874002547,10.3,10.99967437033812,63.769999999999996,2.873476,114.36358024,57.53,0,57.53,56.833580239999996,6.866025779522917,7.271611457823243,3.992549779522917,4.398135457823243,2.389449495845073,1.389449495845073,67.46998104000002,65.02854582187297,185.13882324,0.8496452443406639,-0.14997087400254827,-0.6996743703381192,168,168,0
1962,03582-1-02,45 a 59,Hombres,Quintil bajo,Centro,Trabajadores rutinarios,Movilidad mixta,52.65,54.50365055727879,23.91,28.284891842596938,16.33,10.101457600124274,75.11,3.388195,108.08845585,67.2,0,67.2,40.88845585,8.804720978352933,7.710302258962899,5.416525978352933,4.322107258962898,2.5986464705700034,1.5986464705700034,70.30001089999999,76.5805404499192,206.6409777,-1.8536505572787902,-4.374891842596938,6.2285423998757246,168,168,0
1963,03582-1-03,18 a 29,Hombres,Quintil bajo,Centro,Trabajadores rutinarios,Usuarios publicos,48.85,53.25651926403513,27.5,21.127987243948237,5.58,7.545493492016636,86.07000000000001,1.696729,70.09523975000002,12.21,0,12.21,57.88523975000001,3.119430686578985,1.7063891173969274,1.4227016865789852,0.009660117396927514,1.8384967113658017,0.8384967113658016,12.789971899999983,20.26664092434703,68.91776721999997,-4.406519264035126,6.372012756051763,-1.9654934920166358,168,168,0
1966,03586-1-01,30 a 44,Mujeres,Quintil bajo,Norte,Trabajadores rutinarios,Usuarios publicos,69.86,71.98054587656908,32.9,29.28929233974612,8.97,10.460161783684788,56.27000000000001,2.414627,132.21582508,63.53,0,63.53,68.68582508,4.617802257936792,3.844208988145595,2.2031752579367923,1.4295819881455953,1.9124288173439592,0.9124288173439593,36.47001713999998,41.59034446830236,137.57044962999998,-2.120545876569082,3.6107076602538797,-1.490161783684787,168,168,0
1967,03587-1-01,60 o mas,Mujeres,Quintil bajo,Centro,Trabajadores rutinarios,Usuarios publicos,50.72,46.32324191569378,26.41,31.092582541712506,11.39,11.104175542593705,79.48,3.599381,7.030595679999969,139.46999999999997,165,-25.53000000000003,32.56059568,16.703665399838194,20.494322105019325,13.104284399838193,16.894941105019324,4.640704998953485,3.6407049989534843,175.53000864000003,159.70440112975183,311.58661044,4.396758084306221,-4.682582541712506,0.2858244574062958,168,168,0
1972,03602-1-01,45 a 59,Mujeres,Quintil bajo,Norte,Trabajadores rutinarios,Movilidad activa,61.41,61.59954532636041,35.02,31.250044373956953,7.58,11.160410299682637,63.989999999999995,2.904235,109.5690741,56.22,0,56.22,53.3490741,7.214816182198005,7.125683661018795,4.310581182198005,4.221448661018795,2.4842398022880396,1.4842398022880399,68.77999724999998,69.33048142090234,192.50040825,-0.18954532636041677,3.76995562604305,-3.5804102996826366,168,168,0
1974,03603-1-02,60 o mas,Hombres,Quintil bajo,Norte,Trabajadores rutinarios,Motorizados privados,69.54,63.555116145592,29.21,35.42386577281532,12.88,12.651018081592689,56.37,1.94476,63.36861861999999,40.629999999999995,0,40.629999999999995,22.73861862,5.529356361672967,7.536030590793567,3.584596361672967,5.591270590793567,2.843207574031226,1.843207574031226,71.86999178000003,60.23082905530151,153.72494017999998,5.984883854408004,-6.213865772815318,0.22898191840731208,168,168.00000000000003,2.842170943040401e-14
1989,03624-1-02,30 a 44,Mujeres,Quintil medio,Centro,Trabajadores rutinarios,Movilidad activa,65.1,64.72932461143881,30.47,30.12283008425083,10.04,10.75784530431035,62.39000000000001,3.801517,167.27878189999998,107.29999999999998,0,107.29999999999998,59.9787819,8.506123517442937,8.73747551854185,4.704606517442937,4.935958518541849,2.23756029959696,1.23756029959696,80.1999748,78.79084600890306,234.19942846999996,0.37067538856118176,0.3471699157491699,-0.7178453043103517,168,168,0
1991,03626-1-01,45 a 59,Mujeres,Quintil bajo,Norte,Trabajadores rutinarios,Motorizados privados,53.26,53.2182444575182,24.53,28.63519371574336,14.29,10.226561826738413,75.92000000000002,3.279601,95.10945745684211,132.28,61.8421052631579,70.43789473684211,24.67156272,9.020063874926835,9.045334774555307,5.740462874926836,5.765733774555308,2.7503540445703107,1.7503540445703107,79.5620918031579,79.42515028427906,206.87620262315784,0.041755542481794805,-4.105193715743358,4.063438173261586,168,168,0
1998,03642-1-03,18 a 29,Mujeres,Quintil medio,Sur,Trabajadores rutinarios,Usuarios publicos,42.18,54.48526003039084,42.94,29.985824005498458,10.06,10.708915964110714,72.82,2.121569,60.54301803789474,28.950000000000006,7.89473684210526,21.055263157894746,39.48775488,5.970389407672271,2.4102833588668777,3.848820407672271,0.2887143588668777,2.814138690597511,1.814138690597511,28.944762382105267,55.05122059952153,141.38791938210528,-12.30526003039084,12.95417599450154,-0.6489159641107136,168,168,0
1999,03645-1-01,30 a 44,Mujeres,Quintil bajo,Norte,Trabajadores rutinarios,Usuarios publicos,63.09,68.65656868618991,42.07,31.738557161279235,6.57,11.334874152530853,56.269999999999996,3.095606,146.04177665,75.74000000000001,0,75.74000000000001,70.30177665,6.812920438635681,4.469663994717417,3.7173144386356807,1.3740579947174165,2.2008357777558514,1.2008357777558516,49.26000589,66.49190931438162,199.83028173,-5.56656868618991,10.331442838720765,-4.764874152530853,168,168,0
2005,03654-1-01,60 o mas,Hombres,Quintil bajo,Sur,Trabajadores rutinarios,Motorizados privados,52.65,57.824053724721686,31.86,31.246722371164726,15.72,11.159223904113585,67.77,2.247956,71.16489155,47.809999999999995,0,47.809999999999995,23.354891549999998,6.121810768166909,4.3772308148272225,3.873854768166909,2.1292748148272227,2.7232787332878887,1.7232787332878887,47.18999185,58.821036964810475,154.14773833,-5.174053724721688,0.6132776288352737,4.560776095886416,168,168,0
2015,03676-1-01,30 a 44,Mujeres,Quintil bajo,Sur,Trabajadores rutinarios,Movilidad activa,71.03,78.37299703376218,6.56,5.082040511020735,7.68,1.8149624552170998,82.72999999999999,2.771621,213.05820866,91.19,0,91.19,121.86820866000001,2.663295632944586,-5.017761465402444,-0.10832536705541429,-7.7893824654024435,0.9609162410533711,-0.039083758946628806,-16.189969029999986,4.162035751712978,23.277914010000046,-7.342997033762174,1.4779594889792644,5.8650375447829,168,168,0
2017,03681-1-01,45 a 59,Hombres,Quintil bajo,Centro,Trabajadores rutinarios,Motorizados privados,42.51,55.886896205229355,41.37,28.916189283880122,11.25,10.32691451089051,72.87,2.538123,84.06561664,76.17,0,76.17,7.895616639999999,6.49837407304186,1.99869735487136,3.9602510730418596,-0.5394256451286401,2.5603069957767453,1.560306995776745,23.829992090000005,57.78220001710534,157.38602434999999,-13.376896205229357,12.453810716119875,0.9230854891094893,168,168,0
2018,03683-1-01,45 a 59,Hombres,Quintil bajo,Sur,Trabajadores rutinarios,Movilidad mixta,47.74,60.39653818666387,35.55,27.140650223413946,13.94,9.692811589922195,70.77,2.227176,95.14538428,26.32,0,26.32,68.82538428000001,4.717137159183607,0.9970071061864652,2.489961159183607,-1.230168893813535,2.117990297661077,1.117990297661077,11.179997960000009,39.368336052421284,121.40293820000002,-12.656538186663866,8.409349776586051,4.247188410077804,168,168,0
2025,03700-1-02,18 a 29,Hombres,Quintil bajo,Sur,Trabajadores rutinarios,Movilidad activa,49.35,56.725656913185375,38.44,27.296037596752697,5.98,9.748305490061924,74.23,3.522843,130.5522935,106.7,0,106.7,23.8522935,8.254306425821103,4.302128826976066,4.731463425821103,0.7792858269760661,2.3430809791469853,1.343080979146985,43.30000855,69.2832898770167,199.78469461,-7.375656913185374,11.1439624032473,-3.7683054900619233,168,168,0
2028,03703-1-01,30 a 44,Hombres,Quintil bajo,Sur,Trabajadores rutinarios,Movilidad mixta,67.36,65.71228860051934,29.69,29.995381973273073,9.37,10.71232942620758,61.580000000000005,3.698619,168.45898688,94.32,0,94.32,74.13898687999999,8.086359671144832,9.116068385262977,4.387740671144832,5.4174493852629775,2.1863186424838115,1.1863186424838115,80.67998896,74.58573227136424,225.14804709999993,1.6477113994806558,-0.3053819732730716,-1.3423294262075807,168,168,0
2032,03708-1-01,30 a 44,Hombres,Quintil medio,Centro,Trabajadores rutinarios,Motorizados privados,54.19,59.84844257496524,42.46,33.98456176005552,9.32,12.136995664979237,62.029999999999994,8.843449,249.29650668999997,220.06999999999996,0,220.06999999999996,29.22650669,26.790556702923077,19.59781105791545,17.947107702923077,10.75436205791545,3.0294240067334677,2.0294240067334677,229.92999461999997,279.97014295113377,687.8437838399999,-5.6584425749652425,8.47543823994448,-2.8169956649792365,168,168,0
2036,03723-1-02,60 o mas,Hombres,Quintil alto,Norte,Trabajadores rutinarios,Motorizados privados,56.85,53.45820573635835,37.62,34.16157971292813,5.35,12.200214550713511,68.18,6.227714,73.53725663793102,122.94000000000001,103.448275862069,19.491724137931016,54.04553250000001,24.692148079709593,28.810733909048487,18.464434079709594,22.583019909048488,3.9648815086417897,2.9648815086417897,280.50828426206897,259.38515964126816,548.1131548420689,3.39179426364165,3.458420287071867,-6.8502145507135115,168,168,0
2038,03724-1-02,30 a 44,Hombres,Quintil medio,Norte,Trabajadores rutinarios,Motorizados privados,46.49,54.17821275151286,34,32.960512854640015,18.42,11.77127439384714,69.08999999999999,8.529139,158.2669325175733,227.31,90.5627198124267,136.7472801875733,21.51965233,29.9766771279745,20.059258256741472,21.4475381279745,11.530119256741472,3.514619368728133,2.514619368728133,238.25273959242674,303.8265748116524,685.3502059724268,-7.688212751512857,1.0394871453599848,6.648725606152862,168,168,0
2040,03732-1-01,45 a 59,Hombres,Quintil bajo,Centro,Trabajadores rutinarios,Motorizados privados,49.7,65.62447379472961,28.6,22.065290974063544,17.27,7.8802352312068535,72.42999999999999,1.896204,103.6013585,71.86,0,71.86,31.7413585,3.0708389009931323,-0.9005793944381575,1.1746349009931323,-2.7967833944381573,1.619466524167828,0.6194665241678281,-9.360019699999995,20.83603120746146,77.61885778000001,-15.924473794729607,6.534709025936458,9.389764768793146,168,168,0
2052,03752-1-01,45 a 59,Hombres,Quintil alto,Sur,Trabajadores rutinarios,Motorizados privados,57.17,56.50012347443018,32.01,32.531733298919974,11.47,11.618143226649845,67.35,15.694123,394.68262618109594,468.34000000000003,95.8904109589041,372.4495890410959,22.23303714,49.186110638059645,51.01102597725185,33.49198763805965,35.31690297725185,3.1340464604527214,2.134046460452722,502.550385728904,492.03726114179864,1184.9308537689042,0.6698765255698191,-0.5217332989199761,-0.1481432266498448,168,168,0
2055,03762-1-01,30 a 44,Hombres,Quintil bajo,Centro,Trabajadores rutinarios,Usuarios publicos,66.68,66.60001905991992,27.21,27.138085350093235,9.54,9.691895589986856,64.57,3.60303,181.24005752,115.99,0,115.99,65.25005752,7.036746672308889,7.086668674129721,3.4337166723088894,3.4836386741297214,1.9530080716255178,0.9530080716255178,59.009982880000024,58.721809153463255,191.42133538000002,0.07998094008009105,0.07191464990676621,-0.15189558998685726,168,168,0
2061,03772-1-01,30 a 44,Hombres,Quintil bajo,Centro,Trabajadores rutinarios,Motorizados privados,61.16,70.24012778135217,41.13,29.20117869277981,7.58,10.42869352586801,58.13000000000001,4.06928,213.11718048,164.24,0,164.24,48.87718048,8.09734918267674,3.2400609010146457,4.028069182676741,-0.8292190989853543,1.9898727004965844,0.9898727004965844,35.75998431999997,72.70956669810079,233.97461311999996,-9.080127781352175,11.928821307220193,-2.8486935258680095,168,168,0
2069,03781-1-01,45 a 59,Hombres,Quintil bajo,Centro,Trabajadores rutinarios,Movilidad mixta,64.54,56.75653177578512,22.56,30.419627043504224,10.94,10.86384118071066,69.96,2.946257,92.46141464,77.31,0,77.31,15.15141464,7.991990977899582,12.870023497108175,5.045733977899582,9.923766497108176,2.7125912566010304,1.7125912566010304,97.69001214000004,74.75791440012934,196.38962164000003,7.783468224214886,-7.859627043504226,0.07615881928933987,168,168,0
2070,03781-1-03,18 a 29,Hombres,Quintil bajo,Centro,Trabajadores rutinarios,Usuarios publicos,49.09,57.53961027631478,45.92,33.762647043422554,8.35,12.057742680262654,64.64,2.38855,58.63390994,46.38,0,46.38,12.25390994,7.590217872895404,4.7671634932562865,5.2016678728954044,2.3786134932562866,3.1777513022107153,2.1777513022107153,58.62000956000001,78.80232618549167,188.24661806,-8.449610276314779,12.157352956577448,-3.7077426802626547,168,168,0
2071,03786-1-01,30 a 44,Hombres,Quintil bajo,Norte,Trabajadores rutinarios,Motorizados privados,79.79,66.99386745748753,14.05,23.812066711368814,5.47,8.504065831143663,68.69,1.867893,102.09920774,78.06,0,78.06,24.039207740000002,3.1463175276253197,10.61297207235495,1.2784245276253197,8.74507907235495,1.6844206427377368,0.684420642737737,46.93997473000002,23.038168326768755,83.40124609,12.796132542512481,-9.762066711368814,-3.0340658311436632,168,168,0
2078,03798-1-01,30 a 44,Hombres,Quintil alto,Centro,Trabajadores rutinarios,Motorizados privados,56.34,60.43070673913479,42.63,37.202917699263615,11.95,13.286375561601595,57.08,22.526589,436.40799826,417.26,0,417.26,19.147998259999998,80.84713466689774,67.33639963075657,58.32054566689774,44.80981063075657,3.588964785875826,2.588964785875826,832.7400260000001,924.8896954320197,2062.24125362,-4.090706739134788,5.427082300736387,-1.3363755616015958,168,168,0
2091,03819-1-02,18 a 29,Mujeres,Quintil bajo,Norte,Trabajadores rutinarios,Movilidad activa,56.3,55.758286569717555,27.5,29.74780265520625,12.33,10.623910775076189,71.87,2.652595,82.6810842,48.339999999999996,0,48.339999999999996,34.341084200000005,7.1301394653010535,7.386336336598878,4.477544465301054,4.733741336598878,2.6879864680816534,1.6879864680816536,66.66001429999999,65.22306796339991,172.31287314999997,0.5417134302824422,-2.2478026552062502,1.7060892249238115,168,168,0
2094,03825-1-02,18 a 29,Hombres,Quintil bajo,Centro,Trabajadores rutinarios,Movilidad activa,64.84,59.84720242669547,32.02,31.35492940678855,5.54,11.197868166515997,65.59999999999998,2.542246,88.46924156,73.63,0,73.63,14.83924156,6.604332555956691,8.973691355771633,4.062086555956691,6.431445355771633,2.5978337879012066,1.5978337879012068,76.36998908000001,63.67706942045686,171.85674884000002,4.992797573304536,0.6650705932114533,-5.657868166515997,168,168,0
2095,03829-1-02,45 a 59,Hombres,Quintil alto,Sur,Trabajadores rutinarios,Motorizados privados,54.81,58.7748946811735,35.87,31.695579788237186,11.11,11.319525530589328,66.21,1.749302,57.03069108142857,45.080000000000005,8.92857142857143,36.151428571428575,20.879262509999997,4.697535199885287,3.6495204510263717,2.948233199885287,1.9002184510263718,2.6853769102678027,1.6853769102678025,38.84855153857143,45.78434973413759,121.03075949857144,-3.9648946811734973,4.174420211762811,-0.2095255305893282,168,168,0
2104,03842-1-01,45 a 59,Hombres,Quintil bajo,Centro,Trabajadores rutinarios,Movilidad mixta,61.23,57.07590569404545,25.18,29.26323754090714,10.38,10.450856765047405,71.21000000000001,4.580566,155.83802984,115.36999999999999,0,115.36999999999999,40.46802984,11.735487847900995,15.46802686828143,7.154921847900995,10.88746086828143,2.562016975173154,1.5620169751731543,124.63002634000003,105.60192320135104,287.5149533,4.154094305954544,-4.083237540907142,-0.07085676504740412,168,168,0
2105,03842-1-02,18 a 29,Mujeres,Quintil bajo,Centro,Trabajadores rutinarios,Movilidad mixta,50.74,55.995713542149694,28.17,28.239160877293198,15.41,10.085125580557108,73.67999999999999,2.851199,98.31985821999999,42.89999999999999,0,42.89999999999999,55.419858219999995,7.063317525605011,4.693926657217504,4.21211852560501,1.842727657217504,2.4773148158388842,1.4773148158388842,46.34997904000002,61.33506423566368,170.60523146,-5.255713542149692,-0.06916087729319642,5.324874419442892,168,168,0
2108,03848-1-01,30 a 44,Hombres,Quintil alto,Centro,Trabajadores rutinarios,Movilidad activa,53.19,57.844260157079795,40.46,36.03608006547445,13.1,12.869659777445767,61.24999999999999,16.969732,285.01409129319205,395.16,137.765957446808,257.39404255319204,27.620048739999998,62.86223643627904,50.891457493588625,45.89250443627904,33.921725493588625,3.704374143108391,2.704374143108391,617.605953786808,696.58750131073,1526.504799706808,-4.654260157079797,4.42391993452555,0.2303402225542328,168,168,0
2115,03866-1-01,60 o mas,Hombres,Quintil bajo,Centro,Trabajadores rutinarios,Motorizados privados,49.16,52.457440225793086,43.28,34.501093702154556,6.84,12.321466072052365,68.72,3.122889,21.921240320000006,93.4,75,18.400000000000006,3.52124032,13.374995484118509,11.58827395975872,10.25210648411851,8.465384959758719,4.282891733942035,3.282891733942036,131.59998291999997,141.89752272928672,288.1191796,-3.297440225793089,8.778906297845445,-5.481466072052365,168,168,0
2116,03867-1-03,18 a 29,Mujeres,Quintil medio,Sur,Trabajadores rutinarios,Usuarios publicos,47.15,56.10337732724905,43.42,33.04512906853259,10.38,11.801493604218367,67.05,2.694957,63.066956359859205,66.88000000000001,25.8802816901408,40.999718309859205,22.06723805,8.672897855615926,5.25017147320629,5.977940855615925,2.55521447320629,3.218195264568572,2.218195264568572,64.00026619014079,88.12923309185192,208.9889527901408,-8.95337732724905,10.374870931467413,-1.421493604218366,168,168,0
2118,03870-1-02,60 o mas,Hombres,Quintil alto,Centro,Trabajadores rutinarios,Movilidad mixta,73.97,58.319615475865014,24.23,36.61424366438987,9.81,13.076140859745113,59.989999999999995,2.879661,47.27425668571399,119.98,160.714285714286,-40.734285714286,88.0085424,10.717369836902144,21.48803709187581,7.837708836902143,18.60837609187581,3.721747051789132,2.721747051789132,165.734267484286,120.66646553513092,263.75792792428604,15.650384524134985,-12.384243664389867,-3.2661408597451125,168,168,0
2122,03877-1-01,30 a 44,Mujeres,Quintil bajo,Norte,Trabajadores rutinarios,Motorizados privados,50.31,58.0685248597994,38.08,30.469737780553473,11.03,10.881737359647135,68.58,4.23558,141.09201981,78,0,78,63.09201981,11.19181556141653,6.470481589281734,6.95623556141653,2.2349015892817343,2.642333650035303,1.6423336500353034,72.00000999,104.86186271566913,280.00934378999995,-7.758524859799401,7.6102622194465255,0.14826264035286485,168,168,0
2134,03895-1-01,30 a 44,Hombres,Quintil alto,Sur,Trabajadores rutinarios,Motorizados privados,54.05,61.64646133985023,36.23,33.21233158333564,16.44,11.861207076814138,61.28,5.142947,172.67631025000003,161.70000000000002,17,144.70000000000002,27.976310250000004,14.135910568994198,8.823460247621242,8.992963568994199,3.680513247621241,2.748601253132532,1.7486012531325323,105.29997509999998,144.3681731583987,376.17899359,-7.596461339850229,3.017668416664357,4.578792923185864,168,168,0
2136,03899-1-03,18 a 29,Hombres,Quintil bajo,Centro,Trabajadores rutinarios,Usuarios publicos,58.22,60.77446746948261,39.86,29.279034246555394,2.43,10.456498283962008,67.49,2.863469,114.18118673999999,59.97,0,59.97,54.211186739999995,6.646913641101662,5.482056669907019,3.7834446411016622,2.618587669907019,2.3212801120255406,1.3212801120255404,52.52997844000001,59.84461685037189,173.62608245,-2.55446746948261,10.580965753444605,-8.026498283962008,168,168,0
2141,03903-1-01,45 a 59,Hombres,Quintil bajo,Centro,Trabajadores rutinarios,Motorizados privados,46.73,55.54350188781302,38.38,33.72293713548443,16.2,12.043560976702533,66.69000000000001,3.070281,60.68421246,54.71,0,54.71,5.9742124599999995,10.593175031901252,6.69450441739775,7.522894031901252,3.6242234173977503,3.4502298102034477,2.450229810203448,82.79001867,109.84994605961646,250.36595564999996,-8.813501887813025,4.657062864515574,4.156439023297466,168,168,0
2150,03910-1-01,45 a 59,Hombres,Quintil bajo,Norte,Trabajadores rutinarios,Movilidad mixta,71.5,62.62514235477107,21.89,28.740638165591115,8.24,10.264219479637811,66.37,6.504175,279.01847499999997,188.96999999999997,0,188.96999999999997,90.048475,14.51789465103193,27.24946156133795,8.01371965103193,20.74528656133795,2.2320885663488346,1.2320885663488346,186.03003750000005,128.30641027534318,382.00083025000004,8.874857645228929,-6.850638165591114,-2.024219479637811,168,168,0
2156,03927-1-01,45 a 59,Hombres,Quintil medio,Sur,Trabajadores rutinarios,Motorizados privados,65.27,59.40885711420864,31.43,33.47583142094902,8.14,11.955311464842328,63.16000000000001,6.377316,183.17741,166.93,0,166.93,16.24741,19.01045909471503,25.995269191374046,12.633143094715031,19.617953191374045,2.9809498376299732,1.9809498376299732,233.07000532,195.6916450161566,485.42039944,5.8611428857913594,-2.045831420949021,-3.8153114648423276,168,168,0
2159,03930-1-02,45 a 59,Hombres,Quintil bajo,Centro,Trabajadores rutinarios,Movilidad mixta,43.4,51.53607694578265,32.45,26.359931565875723,11.46,9.413991488341626,80.69,4.879771,149.52208119999997,137.73999999999998,0,137.73999999999998,11.782081199999999,12.579010952251034,6.25776895515613,7.699239952251034,1.3779979551561299,2.5777871445711353,1.5777871445711356,62.2599802,101.96217253379879,276.53072481000004,-8.136076945782655,6.09006843412428,2.046008511658375,168,168,0
2163,03934-1-02,30 a 44,Mujeres,Quintil bajo,Centro,Trabajadores rutinarios,Movilidad activa,47.78,39.608638629054454,13.11,24.67066284938619,12.2,8.810698521559376,94.91,2.777325,30.215473402646705,110.43,97.9151061173533,12.514893882646703,17.70057952,10.517742771691822,17.870743907333814,7.740417771691822,15.093418907333815,3.7870046795718264,2.7870046795718264,102.48511509735327,79.79058887779195,172.7792108473533,8.171361370945547,-11.56066284938619,3.3893014784406237,168,168,0
2169,03940-1-02,18 a 29,Hombres,Quintil bajo,Sur,Trabajadores rutinarios,Movilidad activa,70.22,72.94007412063215,32.29,27.896997870676984,8.29,9.962928008690861,57.20000000000001,2.454268,140.81866546,73.48,0,73.48,67.33866546,4.452563395259294,3.428061549957283,1.9982953952592943,0.973793549957283,1.8142123823719718,0.8142123823719718,31.520033499999982,38.19582437189561,131.11422893999995,-2.720074120632148,4.3930021293230155,-1.672928008690862,168,168,0
2170,03942-1-01,18 a 29,Mujeres,Quintil bajo,Norte,Trabajadores rutinarios,Movilidad activa,58.52,62.139623273699065,35.99,27.189956320590248,4.53,9.710420405710698,68.95999999999998,3.114954,139.2270826,81.94,0,81.94,57.2870826,6.498643878383962,4.6900646476816155,3.3836898783839624,1.5751106476816155,2.0862728240558166,1.0862728240558166,43.06002548000001,54.334985474902,169.27796156000008,-3.6196232736990623,8.800043679409754,-5.180420405710698,168,168,0
2174,03950-2-01,60 o mas,Hombres,Quintil bajo,Centro,Trabajadores rutinarios,Movilidad activa,47.92,52.37346424002182,35.74,31.195577395242157,11.05,11.140958364736017,73.29,3.578037,72.99952068,64.04,0,64.04,8.959520679999999,11.925166816870982,9.287115014823398,8.347129816870982,5.7090780148233975,3.332879681476458,2.332879681476458,98.46001236000002,114.39467218897495,265.87636359,-4.453464240021816,4.544422604757845,-0.09095836473601615,168,168,0
2176,03954-1-01,45 a 59,Hombres,Quintil bajo,Sur,Trabajadores rutinarios,Movilidad activa,46.02,55.668849941722556,26.38,26.763154504443627,19.59,9.557995553833829,76.00999999999999,3.138551,114.40609373999999,94.96999999999998,0,94.96999999999998,19.43609374,7.328725001054824,2.883069743422591,4.1901740010548245,-0.25548125657740917,2.3350664051834187,1.335066405183419,30.030023280000023,60.313430913443284,174.30921275000006,-9.648849941722553,-0.38315450444362753,10.032004446166171,168,168,0
2177,03954-1-02,45 a 59,Mujeres,Quintil bajo,Sur,Trabajadores rutinarios,Motorizados privados,48.18,53.13851195305974,14.54,17.89175769917464,14.7,6.389730347765612,90.58,3.378571,147.77954902,47.5,0,47.5,100.27954901999999,5.771373219939954,2.2640599638348755,2.392802219939954,-1.1145110361651245,1.7082290767131885,0.7082290767131885,15.000001760000004,31.752686447761022,113.78941780000002,-4.958511953059741,-3.351757699174641,8.310269652234387,168,168,0
2181,03959-1-01,30 a 44,Mujeres,Quintil alto,Centro,Trabajadores rutinarios,Motorizados privados,56.12,60.188561201757864,33.3,30.749713113656163,12.5,10.981725684585975,66.08,3.224061,117.23429708,68.8,0,68.8,48.43429708,8.12399484496177,6.138298163345383,4.89993384496177,2.9142371633453834,2.519801841516575,1.5198018415165748,63.700006239999965,76.81729573670066,211.36200003999997,-4.068561201757866,2.5502868863438337,1.5182743154140255,168,168,0
2189,03972-1-01,45 a 59,Hombres,Quintil bajo,Centro,Trabajadores rutinarios,Motorizados privados,33.24,51.34626570612819,39.71,31.525094589426626,21.18,11.258639704445205,73.86999999999998,7.336883,120.34798452,131.47,40,91.47,28.877984519999995,26.446519697379706,8.953657409929205,19.109636697379706,1.6167744099292047,3.604598805430004,2.604598805430004,123.53000640000003,256.37355945277494,570.2728122700003,-18.10626570612819,8.184905410573375,9.921360295554795,167.99999999999997,168,0
2216,04023-1-01,45 a 59,Mujeres,Quintil bajo,Centro,Trabajadores rutinarios,Movilidad activa,74.19,66.16083841414435,21.2,27.778539076856823,8.47,9.920622508998827,64.14,3.72049,182.29314107,93.77,0,93.77,88.52314107,7.47575157145793,13.94232203558699,3.75526157145793,10.22183203558699,2.009345965573871,1.0093459655738706,93.73001203000001,63.857596641439926,204.11695033,8.029161585855647,-6.578539076856824,-1.4506225089988263,168,168,0
2217,04026-1-02,45 a 59,Mujeres,Quintil alto,Sur,Trabajadores rutinarios,Movilidad activa,58.47,63.8145016608189,37.83,34.075887332880114,13.76,12.169611006300974,57.940000000000005,6.770679,239.62159176,193.74,0,193.74,45.881591760000006,18.365942290352837,13.367688024092214,11.595263290352836,6.5970090240922135,2.712570229714455,1.712570229714455,156.26000937000003,192.44591453037168,505.55933898,-5.344501660818899,3.754112667119884,1.590388993699026,168,168,0
2220,04031-1-01,45 a 59,Mujeres,Quintil bajo,Norte,Trabajadores rutinarios,Movilidad mixta,54.76,59.55431562482254,40.95,34.687607972594236,10.92,12.388076402583208,61.370000000000005,5.108905,131.81361776,102.05,0,102.05,29.76361776,16.166824792427864,12.588464618574433,11.057919792427864,7.479559618574433,3.1644402846457047,2.1644402846457047,147.95002003999997,172.443723107234,412.94892238999995,-4.794315624822545,6.262392027405767,-1.4680764025832076,168,168,0
2221,04034-1-01,45 a 59,Hombres,Quintil bajo,Norte,Trabajadores rutinarios,Motorizados privados,63.52,64.49425018206445,37.86,35.07818545483915,10.72,12.527564363096408,55.89999999999999,5.465838,188.38004992,141.19,0,141.19,47.19004992,15.216541939182235,14.427605656293666,9.750703939182236,8.961767656293667,2.7839357732853105,1.7839357732853107,158.80997984,164.13507350663477,424.34038988,-0.9742501820644449,2.7818145451608487,-1.8075643630964073,168,168,0
2229,04046-1-02,18 a 29,Hombres,Quintil medio,Sur,Trabajadores rutinarios,Movilidad activa,58.22,59.61825508589788,36.48,29.799405190330656,5.36,10.642339723771446,67.94000000000001,2.703428,100.89357772,68.5,0,68.5,32.39357772,6.578364520564838,5.9597872755136,3.874936520564838,3.2563592755135997,2.4333418609871753,1.4333418609871753,56.50000044000001,60.28008239035876,169.61142796000001,-1.3982550858978797,6.680594809669341,-5.282339723771446,168,168,0
2238,04067-1-01,45 a 59,Hombres,Quintil medio,Norte,Trabajadores rutinarios,Motorizados privados,56.38,51.75497318473775,29.3,29.381820284142943,5.95,10.493206531119302,76.37,4.657277,112.89229485999999,103.44,28.125,75.315,37.577294859999995,14.183208778924655,18.741014322164997,9.525931778924654,14.083737322164996,3.0453865593402876,2.045386559340287,149.68498240000002,128.14495138889586,313.85399664999994,4.6250268152622525,-0.08182028414294251,-4.543206531119302,168,168,0
2249,04091-1-01,45 a 59,Hombres,Quintil bajo,Centro,Trabajadores rutinarios,Motorizados privados,40.6,46.16861545670827,30.85,26.26227087396481,10.36,9.37911366932691,86.19000000000001,8.07766,169.89300400000002,116.94000000000001,0,116.94000000000001,52.95300400000001,25.142239618994576,16.927519562509804,17.06457961899458,8.849859562509804,3.112564730255368,2.1125647302553685,158.05999199999997,203.04137433003405,490.94036059999985,-5.568615456708265,4.5877291260351925,0.9808863306730888,168,168,0
2256,04102-1-01,45 a 59,Hombres,Quintil bajo,Sur,Trabajadores rutinarios,Movilidad activa,76.3,72.14873989196167,11.4,18.016853845481013,8.9,6.434406262557328,71.39999999999999,2.767985,177.9772736,83.28,0,83.28,94.6972736,3.922108436248724,7.222330144365647,1.154123436248724,4.4543451443656465,1.4169543679784118,0.4169543679784118,33.21998189999999,21.72935618985153,89.41007740000003,4.151260108038329,-6.616853845481012,2.4655937374426724,168,168,0
2265,04119-1-01,45 a 59,Hombres,Quintil bajo,Centro,Trabajadores rutinarios,Usuarios publicos,46.61,47.33628100359482,26.12,27.096628868432383,11.38,9.677090127972797,83.89,5.480204,116.63228973,111.2,0,111.2,5.43228973,17.13579965330054,16.335492786531038,11.65559565330054,10.855288786531037,3.1268543385064755,2.1268543385064755,138.80001871,142.78018677102435,344.3076687099999,-0.7262810035948206,-0.9766288684323818,1.7029098720272042,168,168,0
2266,04119-1-02,45 a 59,Mujeres,Quintil bajo,Centro,Trabajadores rutinarios,Movilidad activa,56.98,64.40822800638838,40.67,35.54683690801612,15,12.694935085595487,55.35000000000001,2.384983,80.37632092000001,44.480000000000004,0,44.480000000000004,35.89632092,6.700027428620343,4.401516162308758,4.315044428620343,2.0165331623087583,2.809255843173869,1.8092558431738688,55.52001041999998,73.23620793536017,188.29201402999996,-7.428228006388387,5.1231630919838835,2.3050649144045128,168,168,0
2271,04135-1-01,45 a 59,Hombres,Quintil alto,Centro,Trabajadores rutinarios,Motorizados privados,64.27,59.76989643286886,29.25,33.63717208708135,11.9,12.01293148004978,62.580000000000005,16.501585,475.70684796999996,415.15,0,415.15,60.55684797,49.363452098246114,62.72615296589553,32.861867098246115,46.22456796589553,2.9914370103384686,1.9914370103384686,584.8500199799998,510.59117845818224,1263.8902427299997,4.500103567131134,-4.387172087081353,-0.11293148004977915,168,168,0
2274,04139-1-01,45 a 59,Hombres,Quintil medio,Sur,Trabajadores rutinarios,Motorizados privados,61.33,62.37102172116076,38.87,36.274257551275284,11.4,12.954720727563949,56.40000000000001,3.125322,86.11152062555558,88.88,44.4444444444444,44.435555555555595,41.67596507,9.755598615726909,9.267933331795978,6.630276615726908,6.142611331795978,3.121469920771974,2.121469920771974,105.56447763444442,108.818005722066,262.6744145744444,-1.0410217211607602,2.595742448724714,-1.5547207275639483,168,168,0
2275,04139-1-02,45 a 59,Mujeres,Quintil medio,Sur,Trabajadores rutinarios,Movilidad mixta,62.07,58.557410668445655,36.02,32.821102811877964,5.01,11.721486519676393,64.89999999999999,2.934041,85.3451870492593,81.47,40.7407407407407,40.7292592592593,44.61592779,8.56716527257967,10.409180000057262,5.6331242725796695,7.475139000057261,2.919920094020387,1.9199200940203867,96.77073782074072,86.46465670579767,217.15444005074076,3.512589331554345,3.1988971881220394,-6.711486519676393,168,168,0
2277,04141-1-05,60 o mas,Mujeres,Quintil medio,Centro,Trabajadores rutinarios,Usuarios publicos,35.4,36.5467441246922,14.39,20.35413151071637,14.38,7.269124364591432,103.83,3.043145,53.7573514,66.03,57.5,8.530000000000001,45.227351399999996,9.18041676590744,8.279162205489326,6.13727176590744,5.236017205489326,3.0167529861072806,2.0167529861072806,53.969981600000004,57.45969024933644,141.52126325,-1.1467441246921979,-5.964131510716371,7.1108756354085685,168,168,0
2281,04147-1-05,30 a 44,Hombres,Quintil medio,Norte,Trabajadores rutinarios,Usuarios publicos,66.48,63.23723141269227,29.76,32.65912841040349,11.32,11.66364017690425,60.43999999999999,2.533248,95.7204788785965,60.74,30.9298245614035,29.810175438596502,65.91030343999999,6.420061704119536,7.809393561115049,3.8868137041195356,5.276145561115049,2.534320249781915,1.5343202497819146,72.6898481614035,64.47511112314335,176.75567600140351,3.2427685873077365,-2.8991284104034882,-0.3436401769042501,168,168,0
2283,04151-1-02,60 o mas,Hombres,Quintil medio,Centro,Trabajadores rutinarios,Movilidad mixta,42.36,45.518231011034246,25.59,24.339381753836065,10.6,8.692387235129685,89.45,4.206116,104.04107408,50.870000000000005,0,50.870000000000005,53.17107408,11.679454962893912,9.040228304477484,7.473338962893912,4.834112304477484,2.776779090946116,1.7767790909461159,74.12999967999998,87.41388566720731,226.34933772,-3.158231011034246,1.2506182461639348,1.907612764870315,168,168,0
2306,04189-1-04,18 a 29,Mujeres,Quintil bajo,Sur,Trabajadores rutinarios,Usuarios publicos,30.07,42.26978178185278,38.98,26.394044049182977,9.04,9.426174168964227,89.910000000000025,4.394302,49.6728066661538,63.69,46.1538461538462,17.536153846153795,32.13665282,16.76559336338671,7.579061968817435,12.37129136338671,3.1847599688174357,3.815302945356671,2.815302945356671,82.4638544738462,136.07337995740542,293.47823651384607,-12.199781781852778,12.58595595081702,-0.38617416896422796,168.00000000000003,168,0
2315,04196-1-01,30 a 44,Hombres,Quintil bajo,Norte,Trabajadores rutinarios,Movilidad mixta,73.79,60.87275738782817,21.12,28.28554997241847,4.35,10.101692639753365,68.74,3.945921,163.16325719,125.9,3.90625,121.99375,41.16950719,8.85686157989895,22.180749890290087,4.91094057989895,18.23482889029009,2.2445613026461886,1.2445613026461884,128.00625340000002,77.03583451453633,228.50886126999998,12.917242612171833,-7.165549972418468,-5.751692639753365,168,168,0
2316,04196-1-02,30 a 44,Mujeres,Quintil bajo,Norte,Trabajadores rutinarios,Movilidad mixta,59.84,60.82699413445018,27.95,31.20034487740602,15.38,11.142660988143792,64.83,3.293103,120.25553724,75.54,2.34375,73.19625,47.059287239999996,8.344022027675107,7.8228985553239925,5.050919027675107,4.529795555323993,2.533787138657706,1.5337871386577058,76.80374628000001,80.05401962514028,219.49389927000001,-0.9869941344501783,-3.2503448774060217,4.237339011856209,168,168,0
2317,04198-1-03,18 a 29,Hombres,Quintil medio,Centro,Trabajadores rutinarios,Usuarios publicos,47.03,51.74328278585301,26.4,25.95672422194418,13.54,9.269992992202804,81.03,3.114967,99.51688937,78.02,0,78.02,21.496889369999998,7.725338328284931,5.191334521595751,4.610371328284931,2.076367521595751,2.48007068077605,1.4800706807760502,46.980008639999994,61.66172897960021,171.39179062,-4.713282785853011,0.44327577805581697,4.270007007797195,168,168,0
2318,04198-1-04,18 a 29,Mujeres,Quintil medio,Centro,Trabajadores rutinarios,Movilidad mixta,59.17,56.557149627241365,21.9,23.411750514736774,7.26,8.361099858021868,79.67,2.520839,106.87806344,70.22,0,70.22,36.65806344,4.957991596792165,6.399134504491005,2.437152596792165,3.8782955044910046,1.9668021626102121,0.9668021626102122,42.27998019,35.6934050691855,115.78764543,2.6128503727586363,-1.5117505147367751,-1.1010998580218683,168,168,0
2322,04202-1-01,45 a 59,Mujeres,Quintil bajo,Centro,Trabajadores rutinarios,Motorizados privados,57.65,58.50903460334401,34.97,31.92832054812976,9.22,11.402644848526224,66.16,3.69976,114.6911958,76.39999999999999,0,76.39999999999999,38.291195800000004,10.36645678823977,9.8475173938198175,6.66669678823977,6.147757393819818,2.8019268245074733,1.8019268245074735,98.59996819999998,101.77819006406804,262.0923626,-0.8590346033440142,3.0416794518702375,-2.1826448485262233,168,168,0
2323,04202-1-02,45 a 59,Hombres,Quintil bajo,Centro,Trabajadores rutinarios,Movilidad mixta,53.85,58.83332326277682,37.57,32.986221092846264,12.18,11.78045564437691,64.4,2.637504,77.2395992,50.21,0,50.21,27.0295992,7.683223287790331,5.747630214580008,5.045719287790331,3.110126214580008,2.913066022948337,1.9130660229483374,64.78999119999999,77.93352623886692,196.00581519999997,-4.983323262776821,4.583778907153736,0.3995443556230889,168,168,0
2324,04203-1-03,30 a 44,Mujeres,Quintil bajo,Centro,Trabajadores rutinarios,Usuarios publicos,61.76,51.35925939603542,28.81,34.05027617694669,7,12.160464427017892,70.43,2.296404,12.67590048000001,70.85000000000001,100,-29.14999999999999,41.82590048,10.053515947657822,15.91710599290063,7.757111947657822,13.620701992900631,4.377938702274435,3.3779387022744354,129.15001056,105.26570823409331,211.38423779999994,10.400740603964579,-5.24027617694669,-5.160464427017892,168,168,0
2325,04203-2-01,60 o mas,Hombres,Quintil bajo,Centro,Trabajadores rutinarios,Movilidad activa,47.92,49.436135118104275,26.62,25.446197600759213,9.43,9.087667281136511,84.03,2.613863,76.75633356,66.5,0,66.5,10.25633356,6.704733382533594,5.937591103178549,4.090870382533595,3.323728103178549,2.565066869431793,1.565066869431793,48.499981399999996,52.462950888213385,142.72974254999997,-1.5161351181042733,1.1738023992407882,0.3423327188634886,168,168,0
2326,04203-2-02,18 a 29,Mujeres,Quintil bajo,Centro,Trabajadores rutinarios,Movilidad mixta,52.5,58.70768288669657,39.43,30.79457115778035,8.57,10.997745955523074,67.5,2.623008,89.2079225,66.5,0,66.5,22.7079225,6.841278073706674,4.459379798446668,4.218270073706673,1.836371798446668,2.608180407267791,1.6081804072677908,48.499997500000006,64.7827993732682,174.4043815,-6.207682886696567,8.63542884221965,-2.427745955523074,168,168,0
2328,04205-1-01,45 a 59,Hombres,Quintil bajo,Centro,Trabajadores rutinarios,Movilidad mixta,69.77,65.40372156832358,30.39,31.814339819630554,8.42,11.361938612045869,59.42,3.802038,160.97822337,95.71,0,95.71,65.26822337,8.963444667348249,11.859677359258793,5.161406667348249,8.057639359258793,2.3575368440158275,1.3575368440158275,104.28996788999999,87.68921137418585,251.84706266999999,4.36627843167642,-1.4243398196305534,-2.9419386120458686,168,168,0
2332,04209-1-07,30 a 44,Mujeres,Quintil medio,Norte,Trabajadores rutinarios,Motorizados privados,72.2,53.87774651525263,5.7,25.371325480329926,10.41,9.060928004417452,79.69,3.207907,115.6737643428572,76.92,42.8571428571428,34.062857142857204,81.6109072,7.326703668696437,31.761496342470394,4.118796668696437,28.553589342470396,2.283951395316771,1.283951395316771,115.9371210571428,57.16103584764733,167.6165028271428,18.32225348474737,-19.671325480329926,1.3490719955825483,168,168,0
2333,04211-1-02,30 a 44,Mujeres,Quintil bajo,Sur,Trabajadores rutinarios,Usuarios publicos,76.89,69.44611565764116,12.89,20.61985975354188,7.65,7.364024588816966,70.57,3.1587,188.13244049000002,70.25999999999999,0,70.25999999999999,117.87244049000002,4.924887557911702,11.761923678470412,1.7661875579117017,8.603223678470412,1.5591501433854755,0.5591501433854755,54.74000250999998,31.227005037791116,119.61970051000003,7.443884342358842,-7.729859753541881,0.28597541118303393,168,168,0
2337,04216-1-01,60 o mas,Hombres,Quintil alto,Sur,Trabajadores rutinarios,Motorizados privados,50.33,51.55323123254999,31.08,29.78100157506233,10.56,10.635767192387677,76.03,11.34312,254.83254995333334,325.6,91.6666666666667,233.93333333333334,20.89921662,36.02880975306853,33.49978166507885,24.68568975306853,22.15666166507885,3.176269822859013,2.176269822859013,316.06667964666667,329.9419383052291,788.3941964466668,-1.2232312325499919,1.2989984249376683,-0.07576719238767637,168,168,0
2338,04219-1-02,30 a 44,Hombres,Quintil medio,Sur,Trabajadores rutinarios,Motorizados privados,54.47,50.15686329657856,32.81,33.19729844921854,7.93,11.855838254202903,72.78999999999999,4.227209,21.984670745977994,160.7,160.221402214022,0.4785977859779962,21.506072959999997,18.61621547080426,22.562260137924557,14.38900647080426,18.33505113792456,4.403902307835799,3.4039023078357986,208.27140348402202,190.03887319308853,380.48789814402204,4.313136703421442,-0.38729844921854095,-3.925838254202903,168,168,0
2342,04228-1-01,60 o mas,Hombres,Quintil alto,Norte,Trabajadores rutinarios,Motorizados privados,57.4,49.11376580323443,18.23,25.867946592266534,8.59,9.23828760449905,83.77999999999999,9.402893,257.88605359999997,218.15999999999997,0,218.15999999999997,39.7260536,25.636641280170167,46.37862266906503,16.23374828017017,36.97572966906503,2.7264631513056847,1.7264631513056852,281.84000460000004,203.92543107487245,534.0255948600002,8.28623419676557,-7.637946592266534,-0.6482876044990498,168,168,0
2345,04231-1-01,60 o mas,Hombres,Quintil bajo,Centro,Trabajadores rutinarios,Movilidad activa,58.23,60.79719721911091,37.28,35.59917577755712,13.6,12.71362700333196,58.89000000000001,4.144586,107.50287019981312,140.93,74.7663551401869,66.1636448598131,41.339225340000006,13.198011065065014,11.6091664451616,9.053425065065014,7.4645804451616,3.1843979266119735,2.1843979266119735,133.8363725801869,144.47634223375292,344.71290826018685,-2.5671972191109163,1.6808242224428795,0.8863729966680403,168,168,0
2367,04267-1-01,30 a 44,Mujeres,Quintil bajo,Norte,Trabajadores rutinarios,Motorizados privados,67.31,65.34481473142985,28,31.054581233010587,12.18,11.090604035559565,60.51,4.780372,207.246828,135.48,0,135.48,71.76682800000002,11.008671047134388,12.578980188880223,6.228299047134389,7.798608188880223,2.302890035991841,1.302890035991841,114.52001131999998,105.12569468731476,306.5953582800001,1.9651852685701527,-3.0545812330105875,1.0893959644404347,168,168,0
2377,04291-1-02,60 o mas,Mujeres,Quintil bajo,Centro,Trabajadores rutinarios,Movilidad mixta,50.43,56.96225512017516,38.96,31.358574818031624,10.13,11.19917006179323,68.47999999999999,2.315281,69.0178062281818,70.44,18.1818181818182,52.2581818181818,16.75962441,6.519435102457626,4.292199237854223,4.204154102457625,1.9769182378542225,2.8158288788521246,1.8158288788521242,47.741814601818206,62.86582076871247,161.39895889181824,-6.532255120175158,7.601425181968377,-1.0691700617932298,168,168,0
2381,04299-1-01,45 a 59,Hombres,Quintil bajo,Sur,Trabajadores rutinarios,Movilidad activa,59.55,60.34166970391167,31.4,34.284291399088296,15.92,12.24403889700003,61.13000000000001,7.04567,200.4496764,155.88,0,155.88,44.5696764,21.313529079582693,20.436720775667776,14.267859079582692,13.391050775667775,3.0250535548191575,2.025053554819157,219.11997209999998,224.69781558275935,552.5210764999999,-0.7916697039116727,-2.8842913990882977,3.6759611029999704,168,168,0
2384,04312-1-03,30 a 44,Hombres,Quintil bajo,Sur,Trabajadores rutinarios,Motorizados privados,48.41,59.73849287654386,41.52,36.62243932569591,19.51,13.079067797760244,58.55999999999999,3.124524,63.188189959999995,61.92999999999999,0,61.92999999999999,1.25818996,10.963579820199518,6.368815867015365,7.839055820199518,3.244291867015365,3.508880015067741,2.508880015067741,88.07001688,123.46616475659033,278.75971660000005,-11.328492876543862,4.897560674304096,6.430932202239758,168,168,0
2387,04321-1-01,45 a 59,Mujeres,Quintil alto,Centro,Trabajadores rutinarios,Motorizados privados,63.71,62.007001276278096,36.47,33.897202058174095,7.83,12.105796665547823,59.989999999999995,13.455623,436.55773257999994,378.79999999999995,0,378.79999999999995,57.75773258,38.162459156703335,41.912423919691456,24.706836156703336,28.456800919691457,2.836171848505516,1.836171848505516,420.70000875,397.7850999541169,1016.7841076499999,1.7029987237219046,2.572797941825904,-4.275796665547823,168,168,0
2401,04337-1-01,30 a 44,Hombres,Quintil alto,Sur,Trabajadores rutinarios,Motorizados privados,60.28,60.33564276451535,33.5,31.59186989208472,9.43,11.282487343399948,64.78999999999999,9.320725,322.1432902,260.29,0,260.29,61.85329019999999,24.72869228378948,24.64332302933752,15.407967283789482,15.32259802933752,2.6530867806731218,1.6530867806731218,239.71001279999996,240.22864370628724,639.84873705,-0.055642764515347665,1.9081301079152801,-1.8524873433999485,168,168,0
2406,04343-1-02,30 a 44,Hombres,Quintil bajo,Centro,Trabajadores rutinarios,Movilidad activa,65.5,59.0357031459848,21.45,25.254935506265127,6.36,9.019361347750076,74.69,3.682821,158.54480949999999,92.32,0,92.32,66.2248095,7.580929626508545,13.121191796950896,3.8981086265085447,9.438370796950895,2.058457260482805,1.058457260482805,82.67996600000004,58.87311779579889,185.09921801000002,6.464296854015203,-3.804935506265128,-2.6593613477500755,168,168,0
2413,04353-1-01,60 o mas,Hombres,Quintil medio,Norte,Trabajadores rutinarios,Movilidad mixta,88.03,63.28452088500319,9.67,31.364273771136045,8.15,11.201205343860765,62.15,2.6981290000000002,108.36626116,95.85,0,95.85,12.516261160000001,6.468245154405394,31.98606465710167,3.7701161544053936,29.28793565710167,2.3973075988603187,1.397307598860319,129.15003471000003,62.38353989093278,177.23069349,24.74547911499681,-21.694273771136046,-3.051205343860765,168,168,0
2415,04358-1-02,45 a 59,Hombres,Quintil bajo,Sur,Trabajadores rutinarios,Motorizados privados,68.52,57.291663994065765,23.88,29.79689334431691,5.33,10.641442661617308,70.27000000000001,2.264755,76.5109882,61.330000000000005,40,21.330000000000005,55.180988199999994,5.810635074719277,11.88643750059829,3.5458800747192774,9.62168250059829,2.565679322805017,1.5656793228050174,78.6700244,53.240594288880416,144.82351795,11.228336005934231,-5.916893344316911,-5.311442661617308,168,168,0
2416,04359-1-01,45 a 59,Mujeres,Quintil bajo,Centro,Trabajadores rutinarios,Motorizados privados,53.74,56.86279787139386,33.65,26.671823762245857,5.67,9.525378366360293,74.93999999999998,4.269499,162.79290262,120.85000000000001,0,120.85000000000001,41.94290262,9.752037109102833,7.4810138038458724,5.482538109102833,3.2115148038458727,2.284117436051123,1.284117436051123,66.64997363999998,79.98275602911818,234.52667432000004,-3.122797871393857,6.978176237754141,-3.855378366360293,168,168,0
2420,04364-1-02,45 a 59,Hombres,Quintil bajo,Centro,Trabajadores rutinarios,Movilidad activa,54.84,54.19683830823462,31.45,34.45732636397557,14.67,12.30583532778982,67.03999999999999,3.18027,41.722420896410206,82.06,89.7435897435898,-7.683589743589792,49.40601064,12.329349544441316,12.69702237418987,9.149079544441316,9.51675237418987,3.876824780424717,2.876824780424717,132.68358590358983,130.63815807011912,279.35763830358985,0.6431616917653855,-3.0073263639755687,2.3641646722101797,168,168,0
2423,04368-1-01,30 a 44,Hombres,Quintil bajo,Centro,Trabajadores rutinarios,Motorizados privados,49.43,54.35745873069773,36.73,29.08524975058195,7.67,10.387291518720318,74.17,6.148664,182.81846757999998,153.89,0,153.89,28.928467579999996,16.928779925519425,12.038461704206789,10.780115925519425,5.889797704206789,2.753245245718326,1.7532452457183259,121.10999394000001,151.40728204892687,394.1106755400001,-4.9274587306977295,7.6447502494180455,-2.7172915187203177,168,168,0
2429,04373-1-02,30 a 44,Hombres,Quintil bajo,Norte,Trabajadores rutinarios,Motorizados privados,47.96,53.91662804032178,38.53,31.15640377328394,9.71,11.126968186394295,71.79999999999998,2.988921,72.00864075999999,53.66,0,53.66,18.348640760000002,9.304563520723768,6.526793200949951,6.3156425207237685,3.5378722009499515,3.1130175473770527,2.113017547377053,71.34001040000001,89.14390103890662,215.52555944000005,-5.956628040321782,7.37359622671606,-1.4169681863942944,168,168,0
2435,04379-3-01,45 a 59,Mujeres,Quintil bajo,Norte,Trabajadores rutinarios,Movilidad mixta,58.47,53.84808296421046,24.33,28.07530848852998,9.15,10.026608547259562,76.05,3.696246,115.27952505,59.160000000000004,0,59.160000000000004,56.11952505,9.70162110384571,13.29294716743685,6.00537510384571,9.59670116743685,2.624722787348491,1.6247227873484908,100.83997856999999,83.75623621413105,224.59029464999998,4.6219170357895365,-3.7453084885299823,-0.8766085472595613,168,168,0
2438,04386-1-01,45 a 59,Hombres,Quintil alto,Sur,Trabajadores rutinarios,Motorizados privados,58.88,57.86443404675954,35.91,30.45064665671553,4.4,10.874919296524926,68.81,10.570539,345.92334328,298.53,0,298.53,47.393343279999996,28.379438021598215,30.269774576271697,17.808899021598215,19.699235576271697,2.6847673540202837,1.6847673540202837,276.46999304,265.7349135241996,702.56842013,1.0155659532404613,5.459353343284466,-6.474919296524925,168,168,0
2446,04398-1-02,45 a 59,Mujeres,Quintil bajo,Sur,Trabajadores rutinarios,Movilidad activa,60.64,63.39013171740421,31.39,34.513847436094956,18.2,12.326020846500828,57.769999999999996,2.556741,87.3707516,39.830000000000005,0,39.830000000000005,47.5407516,7.03861227785491,6.022491514483976,4.481871277854911,3.4657505144839758,2.7529625714356323,1.7529625714356325,67.67002264000001,74.70139715728777,194.45880883,-2.7501317174042086,-3.1238474360949553,5.873979153499171,168,168,0
2452,04411-1-01,60 o mas,Hombres,Quintil bajo,Sur,Trabajadores rutinarios,Usuarios publicos,63.18,58.866754249854615,16.11,25.585742450771377,14.3,9.137503299374018,74.41,2.841588,120.98152812,66.44999999999999,0,66.44999999999999,54.531528120000004,5.884018211405547,8.497368947228688,3.042430211405547,5.655780947228688,2.070679567694383,1.0706795676943832,58.55000172,46.293534355335865,144.96269279999996,4.313245750145384,-9.475742450771378,5.162496700625983,168,168,0
2457,04418-1-01,18 a 29,Mujeres,Quintil bajo,Centro,Trabajadores rutinarios,Usuarios publicos,59.7,61.29810299939782,31.96,27.073180905222262,6.38,9.668716095379905,69.96000000000001,3.634661,158.6792854,114.19,0,114.19,44.4892854,7.701867191738781,6.712197699718797,4.067206191738782,3.0775366997187974,2.1190056491482374,1.1190056491482374,58.30997630000002,64.11853894589427,197.66287903999998,-1.5981029993978169,4.886819094777739,-3.288716095379905,168,168,0
2467,04442-1-03,45 a 59,Mujeres,Quintil medio,Norte,Trabajadores rutinarios,Usuarios publicos,79.4,61.64720970792532,13.58,28.24542690766013,7,10.087363384414546,68.02,2.77327,118.37991100597009,58.63,35.4477611940299,23.1822388059701,95.19767219999999,6.054257033350194,21.834940376196048,3.2809870333501943,19.061670376196048,2.1830752264836075,1.1830752264836075,101.81772699402993,52.58444626072799,158.8916235940299,17.752790292074685,-14.665426907660128,-3.0873633844145463,168,168,0
2471,04446-1-01,45 a 59,Hombres,Quintil bajo,Sur,Trabajadores rutinarios,Usuarios publicos,63.59,58.90224938732442,23.42,29.103825196309117,11.39,10.393925416366473,69.6,2.651214,99.31067815,50.72,0,50.72,48.59067815,6.352515940474295,8.783709519363697,3.7013019404742953,6.132495519363697,2.396078151546535,1.396078151546535,69.28002011000001,56.851790057165914,161.56877945000002,4.687750612675586,-5.683825196309115,0.9960745836335274,168,168,0
2473,04450-1-01,18 a 29,Hombres,Quintil bajo,Norte,Trabajadores rutinarios,Movilidad mixta,57.53,61.29099820723681,26.55,28.390004893215366,15.74,10.138996899547816,68.18,3.77562,157.81142801,103.1,0,103.1,54.711428010000006,8.430718236737984,6.199014815478455,4.6550982367379845,2.4233948154784546,2.232936110291286,1.232936110291286,59.399990590000016,73.60009064120746,219.07096038999998,-3.7609982072368098,-1.8400048932153652,5.601003100452184,168,168,0
2477,04456-1-02,18 a 29,Hombres,Quintil bajo,Sur,Trabajadores rutinarios,Movilidad mixta,66.03,61.105802016479046,14.86,21.6000982498633,9.53,7.7140997336576556,77.58,2.140249,106.6206286,40.3,0,40.3,66.3206286,3.6375663771491245,6.279019312446317,1.4973173771491246,4.138770312446317,1.6995996153480855,0.6995996153480856,34.700012869999995,24.161003059967243,86.90068597999999,4.924197983520955,-6.740098249863301,1.8159002663423438,168,168,0
2479,04459-1-01,18 a 29,Hombres,Quintil bajo,Sur,Trabajadores rutinarios,Movilidad mixta,65.75,56.532020389887975,30.73,33.900872212665725,6.06,12.107107397446304,65.46,3.262576,70.338834494061,111.44,105.615550755939,5.824449244061,64.51438525,10.94538270037252,17.295605653263962,7.682806700372519,14.033029653263963,3.354828424034419,2.354828424034419,144.17553750593902,114.10117846149815,264.205708545939,9.217979610112025,-3.1708722126657243,-6.047107397446305,168,168,0
2487,04479-1-01,30 a 44,Hombres,Quintil alto,Norte,Trabajadores rutinarios,Motorizados privados,61.36,64.32738138816276,40.26,35.39272272763987,10.74,12.639895884197372,55.63999999999999,11.835292,393.45354256,352.24,0,352.24,41.21354256000001,33.80209833362249,28.796180662691967,21.966806333622486,16.960888662691964,2.856042616745112,1.8560426167451116,332.75997456,367.8797997642717,936.3598665600002,-2.9673813881627638,4.867277272360127,-1.899895884197372,168,168,0
2495,04497-1-06,18 a 29,Hombres,Quintil medio,Norte,Trabajadores rutinarios,Usuarios publicos,52.96,56.93874603990968,40.47,30.587470430438863,5.02,10.923783529651452,69.55,4.082051,127.14539760000001,110.96000000000001,0,110.96000000000001,16.185397599999998,11.193349413307052,8.63859894020674,7.111298413307052,4.556547940206739,2.742089555791207,1.742089555791207,89.04002335999998,105.28146761095933,274.73252334999995,-3.97874603990968,9.882529569561136,-5.903783529651452,168,168,0
2496,04497-1-07,30 a 44,Mujeres,Quintil medio,Norte,Trabajadores rutinarios,Usuarios publicos,78.19,63.92603541132246,18.12,27.90734226081043,5.49,9.966622327867107,66.2,2.950499,136.0995285,117.89999999999999,0,117.89999999999999,18.1995285,6.119412961308568,17.68353469856829,3.168913961308568,14.73303569856829,2.0740264481731963,1.0740264481731965,94.59998831000001,52.51417505507152,164.26126970000004,14.263964588677538,-9.78734226081043,-4.476622327867107,168,168,0
2501,04503-1-02,45 a 59,Hombres,Quintil bajo,Sur,Trabajadores rutinarios,Motorizados privados,64.78,71.11200411069342,41.1,31.786131417786915,8.37,11.351864471519665,53.75,2.594699,131.1331585685714,119.11999999999999,41.0714285714286,78.04857142857139,53.084587140000004,5.4613679176264505,3.296578877586947,2.8666689176264506,0.701879877586947,2.1048175212718125,1.1048175212718125,36.95144265142861,53.38108738544071,165.3112021814286,-6.332004110693418,9.313868582213086,-2.981864471519666,168,168,0
2508,04518-1-01,18 a 29,Hombres,Quintil bajo,Norte,Trabajadores rutinarios,Movilidad activa,55.98,55.1132871801434,34.65,27.548311934111116,1.87,9.838400885745484,75.5,4.18925,143.00420322000002,80.49000000000001,0,80.49000000000001,62.514203220000006,10.373909983443049,11.058897318385094,6.184659983443049,6.869647318385094,2.4763167591915134,1.4763167591915136,91.51001177999999,87.87913509941575,244.50142178,0.8667128198565948,7.101688065888883,-7.968400885745484,168,168,0
2514,04529-1-01,45 a 59,Hombres,Quintil bajo,Norte,Trabajadores rutinarios,Movilidad mixta,52.55,57.055700172140504,28.99,30.54550391125887,16.97,10.908795916600619,69.49000000000001,7.424721,231.8190611,191.65,0,191.65,40.1690611,20.42025401127752,15.205899165957874,12.995533011277521,7.781178165957874,2.750305905269373,1.7503059052693726,158.35002744999997,191.8035941377952,499.5902046099999,-4.505700172140507,-1.5555039112588709,6.06120408339938,168,168,0
2518,04537-1-01,45 a 59,Hombres,Quintil bajo,Centro,Trabajadores rutinarios,Movilidad mixta,50.16,58.130441614185216,46.11,31.654650160511867,4.82,11.304908225302922,66.91,3.391993,105.11234904,59.97,0,59.97,45.14234904,9.458277330418037,5.635263052513881,6.066284330418037,2.2432700525138816,2.788412986234947,1.7884129862349474,65.03001984,92.06570200222495,237.78422333,-7.970441614185219,14.455349839488132,-6.484908225302922,168,168,0
2519,04540-1-01,18 a 29,Hombres,Quintil bajo,Centro,Trabajadores rutinarios,Motorizados privados,62.63,63.22755368182956,34.82,34.43469381275225,12.51,12.297752505418172,58.04000000000001,7.276975,244.15695533999997,188.39999999999998,0,188.39999999999998,55.75695534,20.39414027063911,19.731182767076643,13.11716527063911,12.454207767076642,2.802557418520623,1.8025574185206228,211.59998891000004,215.94837211383174,556.0192156599999,-0.5975536818295595,0.3853061872477497,0.21224749458182757,168.00000000000003,168,0
2521,04543-1-01,30 a 44,Mujeres,Quintil bajo,Sur,Trabajadores rutinarios,Movilidad mixta,64.97,65.63623340449003,37.84,30.559847953490355,4.3,10.913918642019619,60.89,2.611007,117.11714988999998,132.48,75,57.47999999999999,59.63714988999999,5.773995105309427,5.500522707084094,3.1629881053094273,2.8895157070840938,2.211405448284676,1.2114054482846761,52.51997490000002,54.25951498275731,162.54780988000002,-0.6662334044900291,7.280152046509649,-6.613918642019619,168,168,0
2531,04561-1-01,45 a 59,Hombres,Quintil bajo,Centro,Trabajadores rutinarios,Motorizados privados,52.12,59.382968042248386,43.05,33.86333155413556,10.17,12.093700403616046,62.66,2.466954,69.45763792,77.13,31.25,45.879999999999995,23.577637919999997,7.3981596418289355,4.9026802749182234,4.931205641828935,2.4357262749182236,2.9989045769920866,1.9989045769920863,59.120004559999984,77.03741262369681,190.41129643999997,-7.262968042248389,9.186668445864434,-1.9237004036160457,168,168,0
2539,04570-1-02,45 a 59,Hombres,Quintil bajo,Centro,Trabajadores rutinarios,Movilidad mixta,52.09,53.52171275001081,35.09,34.84426390385044,13.63,12.444023346138755,67.19,2.347996,21.85046562333331,66.21000000000001,66.6666666666667,-0.45666666666669187,22.307132290000002,9.689342766163561,9.100083509377752,7.341346766163561,6.752087509377752,4.126643642563088,3.1266436425630877,100.45664601666671,103.8183018268411,214.8510111366667,-1.43171275001081,0.24573609614956382,1.1859766538612462,168,168,0
2541,04578-1-01,60 o mas,Hombres,Quintil bajo,Centro,Trabajadores rutinarios,Motorizados privados,47.41,45.569212589296356,25.91,29.503960591358666,12.29,10.536826819344965,82.39000000000001,2.626515,21.14627028013201,64.61000000000001,67.986798679868,-3.3767986798679885,24.52306896,10.861568025282669,11.943558183927973,8.235053025282669,9.317043183927973,4.135353510367414,3.1353535103674144,103.37680586986798,98.5419501238437,203.70967886986796,1.8407874107036406,-3.593960591358666,1.7531731806550344,168,168,0
2548,04587-1-02,30 a 44,Hombres,Quintil bajo,Centro,Trabajadores rutinarios,Motorizados privados,47.61,58.757710028552204,35.47,25.002928534430588,9.61,8.929361437017215,75.31,2.017111,87.65463997,79.12,0,79.12,8.534639969999999,4.014613531113936,0.8204173920766843,1.9975025311139358,-1.1966936079233155,1.9902789341359677,0.9902789341359677,8.380014739999993,30.866183263402945,99.31137861999997,-11.147710028552204,10.467071465569411,0.680638562982784,168,168,0
2551,04591-1-02,60 o mas,Hombres,Quintil bajo,Centro,Trabajadores rutinarios,Movilidad mixta,58.19,57.461742852642566,32.73,31.646322869375954,9.49,11.301934277981454,67.59000000000002,2.846798,85.10518087,44.45,0,44.45,40.655180869999995,8.064355969905,8.420177967006536,5.217557969905,5.573379967006536,2.8327812405042434,1.8327812405042436,80.54999475,78.47679375941715,200.74180631,0.7282571473574322,1.083677130624043,-1.8119342779814538,168,168,0
2552,04592-1-02,30 a 44,Hombres,Quintil bajo,Centro,Trabajadores rutinarios,Movilidad mixta,53.73,61.62974209608135,39.59,31.15410918857791,10.59,11.126148715340744,64.09,2.718393,103.28924921000001,67.23,5,62.230000000000004,41.05924921,6.706146776552144,3.761686897387229,3.987753776552144,1.0432938973872292,2.4669526358227616,1.4669526358227616,42.770006679999966,64.24461029579285,179.17896741999996,-7.899742096081354,8.435890811422095,-0.5361487153407438,168,168,0
2562,04622-1-01,45 a 59,Hombres,Quintil bajo,Centro,Trabajadores rutinarios,Motorizados privados,68.42,56.814410325882214,8.18,24.364302446620226,13.28,8.701287227497547,78.12,2.59932,107.98544519999999,80.13999999999999,0,80.13999999999999,27.8454452,5.2980478809308345,14.367229476661286,2.6987278809308344,11.767909476661286,2.0382438025833043,1.0382438025833043,69.86002920000001,39.69338784827218,125.6414364,11.605589674117788,-16.184302446620226,4.578712772502453,168,168,0
2569,04632-1-02,18 a 29,Hombres,Quintil bajo,Sur,Trabajadores rutinarios,Motorizados privados,54.47,62.957060638109105,36.49,29.76344293328738,12.39,10.629496428603517,64.64999999999999,3.545772,149.28820577,148.64999999999998,30,118.64999999999998,30.63820577,8.079167873221806,3.9592446168705187,4.5333958732218065,0.41347261687051873,2.2785356399739762,1.2785356399739765,43.849995070000006,73.94317704290941,217.16733043000005,-8.487060638109106,6.726557066712623,1.7605035713964838,168,168,0
2570,04633-1-01,60 o mas,Hombres,Quintil medio,Sur,Trabajadores rutinarios,Motorizados privados,45.08,51.81650674856638,38.02,29.977536887504744,9.4,10.705956363928873,75.5,12.549567,281.75450244,266.02000000000004,0,266.02000000000004,15.73450244,39.97763234792787,26.43018206024143,27.428065347927873,13.880615060241432,3.1855786217905266,2.1855786217905266,283.97997792,368.52022070708597,879.08044506,-6.736506748566384,8.042463112495259,-1.305956363928873,168,168,0
2571,04634-1-01,60 o mas,Hombres,Quintil bajo,Norte,Trabajadores rutinarios,Movilidad activa,62.15,58.09669376465057,30.79,31.694254137783215,8.17,11.319052097566217,66.89,2.727965,84.51299599999999,41.72,0,41.72,42.792995999999995,7.590020144683251,9.632241461872928,4.862055144683251,6.904276461872928,2.7823011456097313,1.7823011456097313,85.03002875000001,73.972751205685,191.31154515000003,4.053306235349432,-0.9042541377832158,-3.1490520975662175,168,168,0
2575,04638-1-02,30 a 44,Hombres,Quintil medio,Centro,Trabajadores rutinarios,Motorizados privados,46.86,49.83611603822094,27.82,27.133592805886376,11.98,9.690291155892684,81.33999999999999,5.449844,142.08970775999998,136.70999999999998,0,136.70999999999998,5.3797077600000005,15.521922629292463,12.56268352472464,10.072078629292463,7.112839524724641,2.848140722797288,1.8481407227972881,113.28998207999999,129.50935021420216,330.1937732800001,-2.976116038220944,0.6864071941136238,2.2897088441073166,168,168,0
2580,04646-1-01,30 a 44,Mujeres,Quintil medio,Sur,Trabajadores rutinarios,Motorizados privados,62.08,62.231139770583376,31.99,32.21413994878176,11.88,11.504720280634857,62.050000000000004,7.648197,279.08005624,241.78,0,241.78,37.30005624,19.874574591595465,19.689812747002954,12.226377591595465,12.041615747002954,2.5985960601688824,1.5985960601688824,195.72001352,196.87596025995646,531.2464159099999,-0.15113977058337724,-0.22413994878175814,0.37527971936514426,168,168,0
2585,04653-1-01,30 a 44,Hombres,Quintil medio,Centro,Trabajadores rutinarios,Movilidad mixta,55.24,60.250798612452,39.18,33.06913461836432,10.71,11.810066769183692,62.86999999999998,6.547297,204.98265568,168.31,0,168.31,36.67265568,18.635098816815056,13.861232388976351,12.087801816815055,7.3139353889763505,2.846227812304078,1.8462278123040783,156.69003060000006,189.49721732291118,483.3346779300002,-5.010798612452,6.110865381635676,-1.100066769183691,167.99999999999997,168,0
2586,04653-1-02,30 a 44,Mujeres,Quintil medio,Centro,Trabajadores rutinarios,Usuarios publicos,58.94,61.10368650209217,36.32,31.961735190516883,9.22,11.414578307390949,63.52000000000001,4.340989,153.40787474,110.05000000000001,0,110.05000000000001,43.35787474,11.379637526182755,9.928713784621333,7.0386485261827545,5.587724784621333,2.6214389223706287,1.621438922370629,102.45001692,111.84255622503059,300.13865598,-2.163686502092169,4.358264809483117,-2.194578307390948,168,168,0
2592,04667-1-01,30 a 44,Mujeres,Quintil bajo,Centro,Trabajadores rutinarios,Motorizados privados,62.19,57.31118892058505,16.59,23.17298291901491,9.98,8.27582816040004,79.24,4.114934,178.16776536,122.26,0,122.26,55.907765360000006,8.09234659411428,12.912991167967554,3.9774125941142806,8.798057167967555,1.9665799242744308,0.9665799242744308,77.73998009999997,57.66399450973873,187.07377648000002,4.878811079414945,-6.58298291901491,1.7041718395999599,168,168,0
2597,04682-1-02,60 o mas,Hombres,Quintil bajo,Norte,Trabajadores rutinarios,Usuarios publicos,82.26,64.2490873742979,24.78,34.0061920710371,3.36,12.144720554665003,57.599999999999994,1.830263,67.85739978000001,42.300000000000004,0,42.300000000000004,25.55739978,4.756184276869237,12.970466054502266,2.925921276869237,11.140203054502265,2.598634336633171,1.5986343366331708,82.70003460000001,49.73532762494459,134.20363542,18.010912625702105,-9.226192071037097,-8.784720554665004,168,168,0
2599,04688-1-01,60 o mas,Hombres,Quintil bajo,Centro,Trabajadores rutinarios,Motorizados privados,69.32,54.86973623985109,8.92,24.05827051791165,9.28,8.59199324223725,80.48,3.501763,137.33220928000003,44.59,0,44.59,92.74220928000001,7.408597847678269,25.56138704436633,3.9068348476782693,22.05962404436633,2.1156765456937747,1.1156765456937747,105.41000187999995,54.808602904469666,169.14208847999993,14.4502637601489,-15.138270517911652,0.68800675776275,168,168,0
2601,04691-1-01,45 a 59,Hombres,Quintil bajo,Sur,Trabajadores rutinarios,Movilidad activa,58.49,55.72828927170293,20.04,29.21727034755814,16.85,10.434440380738934,72.62,6.10068,193.99875613999998,137.17,0,137.17,56.828756139999996,16.248395505277706,19.480486401296808,10.147715505277706,13.379806401296808,2.663374493544606,1.663374493544606,162.83001706000002,145.98170365409263,387.88410225999996,2.761710728297075,-9.177270347558142,6.415559619261067,168,168,0
2602,04691-1-02,45 a 59,Mujeres,Quintil bajo,Sur,Trabajadores rutinarios,Movilidad activa,66.19,63.70000696405494,24.32,27.52862352380464,10.55,9.8313695121404,66.94000000000001,2.408284,111.91431539000001,40.010000000000005,0,40.010000000000005,71.90431539000001,4.901693341362326,6.010688603174691,2.4934093413623257,3.6024046031746906,2.035346886564178,1.0353468865641784,47.49000257,41.49339218142208,131.46686564999996,2.489993035945055,-3.20862352380464,0.7186304878596008,168,168,0
2615,04710-1-02,45 a 59,Hombres,Quintil alto,Centro,Trabajadores rutinarios,Motorizados privados,69.15,53.52186121725889,17.45,32.69255933283662,11.29,11.675579449904502,70.10999999999999,17.135804,303.37110192373206,512.7,269.269776876268,243.43022312373205,59.9408788,61.053102388361694,135.37669157731943,43.917298388361694,118.24088757731943,3.5628968671888224,2.5628968671888224,881.5697446762681,613.7690216104177,1374.052751636268,15.628138782741118,-15.242559332836624,-0.3855794499045029,168,168,0
2626,04732-1-01,45 a 59,Hombres,Quintil bajo,Sur,Trabajadores rutinarios,Usuarios publicos,51.23,48.309036545153226,15.78,27.03565064111103,17.99,9.655312813735739,83.00000000000001,5.012912,117.56146742,98.25,0,98.25,19.31146742,14.988528086357984,18.19860803599566,9.975616086357984,13.185696035995662,2.989984281862116,1.989984281862116,139.25001434,124.60748158563716,308.53605257999993,2.9209634548467704,-11.25565064111103,8.33468718626426,168,168,0
2627,04736-1-01,45 a 59,Mujeres,Quintil medio,Centro,Trabajadores rutinarios,Motorizados privados,56.61,61.77867632553728,43.28,34.22018077335812,8.33,12.2211429011046,59.78,4.414421,139.36035995999998,89.46,0,89.46,49.90035996,12.673142522482127,9.452781839356147,8.258721522482126,5.038360839356147,2.870850451844563,1.8708504518445628,110.54001285000001,133.35672616365463,338.36828066,-5.168676325537284,9.059819226641878,-3.8911429011045993,168,168,0
2634,04749-1-01,60 o mas,Mujeres,Quintil bajo,Centro,Trabajadores rutinarios,Usuarios publicos,63.17,56.19790663691178,11.93,24.36909467463298,14.17,8.702998688455233,78.73,2.33484,95.33185023,40.339999999999996,0,40.339999999999996,54.991850230000004,4.788286253136206,8.820048978070023,2.453446253136206,6.485208978070023,2.050798450059193,1.050798450059193,52.15999257,35.88127010212709,113.09931656999997,6.97209336308822,-12.43909467463298,5.467001311544767,168,168,0
2639,04754-1-02,45 a 59,Hombres,Quintil bajo,Centro,Trabajadores rutinarios,Usuarios publicos,47.55,48.35900199128133,24.86,26.158827384177354,11.45,9.342170624541312,84.14,5.489533,140.6572798,117.13,0,117.13,23.5272798,15.516239836421367,14.630731714019703,10.026706836421367,9.141198714019703,2.8265136281030405,1.8265136281030403,120.37001434999999,124.81105747820456,319.69495757999994,-0.8090019912813347,-1.298827384177354,2.107829375458687,168,168,0
2652,04768-1-01,45 a 59,Hombres,Quintil alto,Norte,Trabajadores rutinarios,Motorizados privados,57.31,53.40675429749056,28.73,31.259469413675298,9.79,11.163776288834164,72.16999999999999,18.590831,411.23055349000003,370.79,0,370.79,40.44055349,60.51017113720199,74.95573445187003,41.91934013720199,56.36490345187003,3.2548395032584607,2.2548395032584607,654.20997112,581.6453899131707,1370.3287812400004,3.9032457025094445,-2.5294694136752973,-1.373776288834165,168,168,0
2663,04795-1-04,30 a 44,Hombres,Quintil medio,Norte,Trabajadores rutinarios,Usuarios publicos,50.95,59.52654374776884,40.21,34.641755325685736,15.38,12.371700926545424,61.46,2.265185,59.721199,49.309999999999995,0,49.309999999999995,10.411199,7.051679301101265,4.421344402821185,4.786494301101265,2.156159402821185,3.1130699263421158,2.1130699263421158,55.68997675,75.11743499928976,181.61161089999996,-8.576543747768838,5.568244674314265,3.0082990734545767,168,168,0
2667,04802-1-01,45 a 59,Hombres,Quintil bajo,Sur,Trabajadores rutinarios,Motorizados privados,62.23,59.417000071155194,31.56,31.39928937171999,8.24,11.213710557124793,65.97000000000001,6.987876,234.00550696,174.15,0,174.15,59.85550696,18.766080785516355,22.27218282808715,11.778204785516355,15.28430682808715,2.6855200042926284,1.6855200042926284,200.85001652,181.19312182922368,478.9674813199999,2.8129999288448033,0.16071062828000748,-2.973710557124793,168,168,0
2668,04804-1-01,30 a 44,Hombres,Quintil bajo,Centro,Trabajadores rutinarios,Movilidad mixta,51.55,58.31780991319081,33.52,32.38606850869458,17.2,11.566121578114606,65.73,4.274834,126.0676966,105.7,0,105.7,20.3676966,12.374120817438811,8.20552575911158,8.099286817438811,3.93069175911158,2.8946435855611727,1.8946435855611727,94.29999609999999,123.23126002244513,311.11957658000006,-6.76780991319081,1.1339314913054253,5.6338784218853935,168,168,0
2669,04804-1-02,30 a 44,Mujeres,Quintil bajo,Centro,Trabajadores rutinarios,Usuarios publicos,68,67.08179924862607,25.28,28.463099413948317,12.43,10.165101337425615,62.29,2.927678,144.862124,60.78,0,60.78,84.08212400000001,5.887686538959931,6.345660072926514,2.9600085389599315,3.4179820729265145,2.0110430651731277,1.0110430651731275,54.21997999999999,51.53178386061907,164.62271737999998,0.9182007513739308,-3.183099413948316,2.264898662574385,168,168,0
2677,04823-1-06,30 a 44,Hombres,Quintil bajo,Sur,Trabajadores rutinarios,Movilidad mixta,56.83,54.90423767864694,25.92,26.191811863286553,7.7,9.3539504580665,77.55,2.181179,79.69642362,70.74000000000001,0,70.74000000000001,8.956423619999999,4.97384423458197,5.810151773177406,2.7926652345819694,3.6289727731774057,2.280346654071935,1.280346654071935,44.259978950000004,40.05954661567347,117.59121693000002,1.925762321353055,-0.27181186328655116,-1.6539504580664994,168,168,0
2681,04829-1-02,30 a 44,Hombres,Quintil bajo,Centro,Trabajadores rutinarios,Movilidad mixta,50.25,74.59755052475259,28.44,14.819811374507731,16.02,5.292638100739671,73.29,0.744685,52.6204135,53.199999999999996,18,35.199999999999996,17.4204135,0.643226405215209,-1.5088563378024424,-0.10145859478479102,-2.2535413378024423,0.8637563603607015,-0.13624363963929853,-15.199992249999994,2.9312634125253894,17.908702849999997,-24.34755052475259,13.62018862549227,10.727361899260329,168,168,0
2683,04831-1-01,45 a 59,Hombres,Quintil bajo,Sur,Trabajadores rutinarios,Movilidad mixta,64.15,60.83822455919622,28.89,31.877338090920755,11.06,11.384437349883031,63.89999999999999,5.076483,177.6863807,127.03,0,127.03,50.65638069999999,13.380239093120778,16.34672981256125,8.303756093120779,11.27024681256125,2.635730109432215,1.635730109432215,147.97000375000002,131.1578320249421,350.7754996,3.3117754408037854,-2.9873380909207548,-0.32443734988303063,168,168,0
2690,04851-1-01,18 a 29,Hombres,Quintil bajo,Centro,Trabajadores rutinarios,Movilidad activa,68.8,63.59603303773235,28.3,30.125255472640994,7.38,10.758711489626648,63.52,3.37878,143.53006159999998,98.57,0,98.57,44.960061599999996,7.701872479268818,11.000120473956752,4.323092479268818,7.621340473956752,2.279483268892564,1.2794832688925644,88.9300024,71.3469429072293,209.48487279999998,5.20396696226765,-1.8252554726409933,-3.3787114896266486,168,168,0
2698,04863-1-03,18 a 29,Mujeres,Quintil bajo,Centro,Trabajadores rutinarios,Usuarios publicos,57.79,60.820073176034356,37.72,34.39599494623391,11.99,12.283931877731728,60.50000000000001,3.374646,99.29080530000002,74.77000000000001,15.5,59.27000000000001,40.0208053,10.017675478003643,8.499203351065821,6.643029478003642,5.124557351065821,2.9685115055041753,1.968511505504175,95.72998703999997,105.9554113632116,263.4836396999999,-3.0300731760343567,3.3240050537660863,-0.2939318777317279,168,168,0
2707,04879-1-01,45 a 59,Hombres,Quintil bajo,Centro,Trabajadores rutinarios,Movilidad activa,75.39,71.16562018404132,18.56,25.151837963888237,11.35,8.982541852070451,62.699999999999996,1.978202,115.01666874,65.88,0,65.88,49.136668740000005,3.3310681296310407,5.034615849420988,1.3528661296310407,3.0564138494209883,1.683886746465245,0.683886746465245,34.11998004,25.763303439310903,93.28800186000004,4.2243798159586845,-6.5918379638882385,2.3674581479295487,168,168,0
2712,04886-1-01,18 a 29,Mujeres,Quintil bajo,Norte,Trabajadores rutinarios,Movilidad activa,45.58,53.42105382319974,35.52,27.984697698579936,10.3,9.994248478220312,76.60000000000001,3.638219,111.58002181999998,70.74999999999999,0,70.74999999999999,40.830021820000006,9.619294656219415,5.22538919057248,5.981075656219415,1.5871701905724804,2.64395701749109,1.6439570174910898,54.25000020000002,82.77747119958795,220.95319477999996,-7.8410538231997435,7.535302301420067,0.3057515217796887,168,168,0
2731,04922-1-01,45 a 59,Mujeres,Quintil bajo,Centro,Trabajadores rutinarios,Motorizados privados,68.69,59.08808445745997,20.9,26.034239364275162,4.83,9.297676178264869,73.58,4.055976,170.63498077,112.03,0,112.03,58.604980770000004,8.622087135505563,18.51984473452925,4.566111135505563,14.46386873452925,2.125773706625868,1.1257737066258682,107.97001067,69.02487167543069,212.33027315,9.601915542540027,-5.134239364275164,-4.467676178264869,168,168,0
2735,04935-1-01,30 a 44,Hombres,Quintil bajo,Sur,Trabajadores rutinarios,Movilidad activa,64.29,63.390275243056884,23.8,24.71366777390947,8.84,8.826056983033647,71.07,2.802147,137.90003941999998,77.75,0,77.75,60.15003942,5.22781567285642,5.712818890182401,2.42566867285642,2.910671890182401,1.8656464749552466,0.8656464749552467,42.24999121000005,39.72883018150614,133.71206929000004,0.8997247569431224,-0.9136677739094701,0.013943016966353028,168,168,0
2737,04939-1-02,60 o mas,Hombres,Quintil bajo,Centro,Trabajadores rutinarios,Movilidad mixta,83.42,60.55293161126527,24.89,39.581296255949354,5.96,14.13577213278537,53.73,1.630936,17.33889643211009,72.8,116.5137614678899,-43.71376146788991,61.0526579,6.689409188549442,16.983217273523806,5.058473188549442,15.352281273523806,4.101576756261093,3.101576756261093,118.7137846878899,81.41905963824044,169.02816028788993,22.86706838873473,-14.691296255949354,-8.175772132785369,168,168,0
2745,04951-1-01,45 a 59,Mujeres,Quintil bajo,Centro,Trabajadores rutinarios,Movilidad activa,66.8,93.44487083421957,30.18,7.91752330453666,7.21,2.827605861243759,63.81000000000001,1.160663,106.68225580000001,41.65,0,41.65,65.0322558,0.729363044398039,-3.4407775151169195,-0.431299955601961,-4.60144051511692,0.6284020808779456,-0.37159791912205437,-29.14996740000001,1.77574831705779,14.247222169999986,-26.644870834219574,22.26247669546334,4.382394138756241,168,168,0
2746,04954-1-01,30 a 44,Mujeres,Quintil bajo,Centro,Trabajadores rutinarios,Motorizados privados,66.39,61.47844818025649,22.08,30.720322486802075,14.7,10.971229332941435,64.83,3.073353,118.17992643999999,84.63999999999999,33,51.639999999999986,66.53992644,7.491084922156707,10.302747053955024,4.417731922156707,7.229394053955024,2.437430689594299,1.437430689594299,85.85997923000001,70.76504671013585,198.89790257000004,4.911551819743508,-8.640322486802077,3.728770667058564,168,168,0
2748,04959-1-02,30 a 44,Hombres,Quintil medio,Centro,Trabajadores rutinarios,Usuarios publicos,77.86,67.3339064211844,19.68,25.25625941873369,4.07,9.0198341600819,66.39000000000001,0.711318,39.423231560000005,21.54,0,21.54,17.883231560000002,1.0909347009790653,2.965807284958914,0.3796167009790653,2.254489284958914,1.5336807180179122,0.5336807180179123,15.959987919999996,8.47258808770404,32.85379041999998,10.526093578815605,-5.576259418733692,-4.949834160081899,168,168,0
2749,04962-1-02,45 a 59,Mujeres,Quintil bajo,Centro,Trabajadores rutinarios,Movilidad mixta,56.37,59.42529956934392,34.23,31.72475535381853,11.88,11.329945076837538,65.52000000000001,1.848276,62.12729236,25.439999999999998,0,25.439999999999998,36.68729236,4.890306606925819,4.025764773833964,3.0420306069258185,2.1774887738339634,2.645874645846085,1.645874645846085,42.06002576,47.7070626268287,127.28403211999999,-3.055299569343923,2.505244646181467,0.5500549231624632,168,168,0
2755,04970-1-01,45 a 59,Hombres,Quintil bajo,Sur,Trabajadores rutinarios,Movilidad mixta,40.76,54.541512631194394,42.37,29.99595374445601,12.12,10.712533624349597,72.75,3.124916,88.48158228,86.11,0,86.11,2.3715822799999997,8.88525930496046,3.1498875520382557,5.76034330496046,0.02497155203825585,2.8433594070882098,1.84335940708821,38.88999387999999,81.95606320542146,209.16666671999997,-13.781512631194396,12.374046255543988,1.4074663756504027,168,168,0
2766,04990-1-01,45 a 59,Hombres,Quintil bajo,Centro,Trabajadores rutinarios,Motorizados privados,72.28,61.276695756645076,17.47,26.374212549780047,7.32,9.419091693574877,70.93,1.142007,52.22423956,44.68,0,44.68,7.544239559999999,2.1891358361521767,5.39792730601379,1.0471288361521767,4.25592030601379,1.9169198053533618,0.9169198053533618,30.320026400000003,17.754175930958965,58.63037992999999,11.003304243354926,-8.904212549780048,-2.099091693574877,168,168,0
2768,04993-1-01,60 o mas,Hombres,Quintil bajo,Centro,Trabajadores rutinarios,Motorizados privados,52.14,57.61547633500444,37.08,30.31724606988493,9.54,10.827277595110617,69.24000000000001,2.815821,93.20691682,61.39,0,61.39,31.816916819999996,7.404349820509464,5.0751331557348225,4.588528820509463,2.2593121557348224,2.629552738085789,1.6295527380857884,53.60999011999999,69.02795136910854,184.88356513999997,-5.475476335004437,6.762753930115068,-1.2872775951106181,168,168,0
2772,05001-1-03,18 a 29,Hombres,Quintil bajo,Centro,Trabajadores rutinarios,Motorizados privados,55.99,53.001406973112935,29.31,28.97181334807722,7.02,10.34677967880985,75.67999999999999,2.228191,62.686431729999995,37.92999999999999,0,37.92999999999999,24.756431730000003,6.21971723438121,7.540327470866566,3.99152623438121,5.312136470866566,2.7913752610890223,1.7913752610890226,62.06998236,55.410826274827485,143.02016139,2.9885930268870666,0.3381866519227792,-3.326779678809851,168,168,0
2786,05033-1-01,60 o mas,Hombres,Quintil bajo,Norte,Trabajadores rutinarios,Movilidad activa,58.79,56.566160531166666,31.66,32.37991537536215,10.06,11.563924093471167,67.49000000000001,3.398054,88.91158475,45.39,0,45.39,43.521584749999995,10.37504785979149,11.72747718135233,6.97699385979149,8.32942318135233,3.053232191069209,2.053232191069209,110.86000991,103.30328330757303,252.62682278999998,2.223839468833333,-0.7199153753621523,-1.5039240934711664,168,168,0
2803,05066-1-01,18 a 29,Hombres,Quintil bajo,Centro,Trabajadores rutinarios,Movilidad mixta,56.94,64.53333958062943,39.78,29.434603337856416,7.76,10.51205708151415,63.52,1.912759,86.54250121999999,77.63,0,77.63,8.91250122,4.076166317139286,2.076733253113374,2.163407317139286,0.1639742531133741,2.131040197504906,1.1310401975049056,22.369996240000006,36.89422486290519,113.3025591,-7.593339580629433,10.345396662143585,-2.7520570815141507,168,168,0
2806,05074-1-01,45 a 59,Mujeres,Quintil bajo,Sur,Trabajadores rutinarios,Motorizados privados,51.42,53.29506346061317,35.73,29.293332045125794,5.9,10.461604494261051,74.94999999999999,3.789364,104.39911846,84.55,0,84.55,19.84911846,10.830130317095676,9.589060085888448,7.0407663170956765,5.799696085888448,2.8580337801002162,1.8580337801002165,90.44997842,97.55527639536298,248.20120174000004,-1.8750634606131698,6.436667954874203,-4.561604494261051,168,168,0
2807,05074-1-02,60 o mas,Hombres,Quintil bajo,Sur,Trabajadores rutinarios,Motorizados privados,50.18,52.98052229359996,35.35,29.414573819355137,7.37,10.50490388704491,75.1,3.307505,88.45062376,72.48,0,72.48,15.970623759999999,9.59450081030988,8.008595803389067,6.28699581030988,4.701090803389067,2.9008273034537755,1.9008273034537755,77.51997714,86.78271862869333,218.81659074000004,-2.800522293599961,5.935426180644864,-3.134903887044909,168,168,0
2810,05078-1-01,30 a 44,Hombres,Quintil bajo,Norte,Trabajadores rutinarios,Movilidad activa,55.56,60.13722590677609,32.37,30.654906826571477,13.81,10.94786726665245,66.25999999999999,3.270902,119.22130048,87.49,0,87.49,31.73130048,8.219599871803833,5.974061034608624,4.948697871803834,2.7031590346086243,2.51294593106239,1.51294593106239,62.51001464000001,77.48167201292571,213.56026900000003,-4.577225906776086,1.7150931734285209,2.8621327333475506,168,168,0
2814,05086-1-02,30 a 44,Hombres,Quintil bajo,Centro,Trabajadores rutinarios,Usuarios publicos,24.6,43.325220157251614,34.33,23.87738626729721,16.8,8.527393575451171,92.27000000000001,0.608627,14.972218,0,0,0,14.972218,1.552184318548737,5.35167683235217e-7,0.9435573185487369,-0.6086264648323167,2.550304732699563,1.550304732699563,6.2000000013995304e-6,11.39668076864758,31.119104709999995,-18.725220157251613,10.452613732702787,8.27260642454883,168,168,0
2818,05096-1-02,45 a 59,Mujeres,Quintil bajo,Norte,Trabajadores rutinarios,Motorizados privados,49.47,53.66678047092214,28.28,28.245743189942406,14.25,10.087476339135458,76,3.668222,112.03693335,45.57,0,45.57,66.46693334999999,9.766100300789853,7.204864574364293,6.097878300789853,3.5366425743642926,2.6623525786579583,1.6623525786579583,69.43000899,84.82473144260697,225.43949065,-4.196780470922143,0.03425681005759529,4.162523660864542,168,168,0
2819,05098-1-01,60 o mas,Hombres,Quintil medio,Sur,Trabajadores rutinarios,Motorizados privados,61.22,58.7251889241947,34.08,37.523827982995755,14.35,13.40098309280955,58.35,3.559755,48.534529780187,123.34,125.233644859813,-1.8936448598129942,50.428174639999995,13.910864040865237,15.43677929488449,10.351109040865236,11.877024294884489,3.9078150156022637,2.9078150156022637,169.393671319813,160.5127551186597,341.79260596981305,2.494811075805302,-3.4438279829957565,0.9490169071904493,168,168,0
2824,05103-1-02,45 a 59,Hombres,Quintil medio,Centro,Trabajadores rutinarios,Usuarios publicos,61.35,60.34898904872846,24.78,28.192536468203794,12.48,10.068474483067734,69.39,4.139961,168.64660684999998,127.16,0,127.16,41.486606849999994,9.36594056207604,10.108431531339301,5.22597956207604,5.968470531339301,2.2623257953579854,1.2623257953579854,85.3400005,81.19585420116292,239.59494735999996,1.0010109512715388,-3.4125364682037933,2.411525516932267,168,168,0
2827,05111-1-02,60 o mas,Mujeres,Quintil bajo,Norte,Trabajadores rutinarios,Usuarios publicos,36.23,53.68819312768849,44.49,26.63100589715491,9.11,9.510800975156595,78.17,1.091202,38.11426227,1.0799999999999998,0,1.0799999999999998,37.03426227,2.4997149186316916,0.11692121353126855,1.4085129186316916,-0.9742807864687315,2.290790264892927,1.2907902648929268,1.419986189999996,20.470401447319944,59.90841339000001,-17.458193127688496,17.85899410284509,-0.40080097515659574,168,168,0
2828,05112-1-02,45 a 59,Mujeres,Quintil bajo,Centro,Trabajadores rutinarios,Usuarios publicos,48.16,54.77554786534275,33.98,27.73822654564767,10.28,9.906225589009559,75.58000000000001,2.704733,90.6890086690909,32.019999999999996,14.09090909090909,17.929090909090906,72.75991776,6.737061981190416,3.945834444153405,4.032328981190416,1.2411014441534047,2.4908417877810547,1.4908417877810547,39.5709326109091,57.46422323538121,159.28241519090906,-6.615547865342755,6.241773454352327,0.37377441099044084,168,168,0
2836,05126-1-02,30 a 44,Hombres,Quintil medio,Norte,Trabajadores rutinarios,Movilidad mixta,89.17,66.35402570730544,10.83,26.479338642084585,2.29,9.456635650609982,65.71,2.284525,116.63105200000001,100.42,0,100.42,16.211052000000002,4.293099889219804,29.292657878364217,2.0085748892198043,27.00813287836422,1.8792089774547462,0.8792089774547464,87.08004224999999,34.95637857898194,117.05301025,22.815974292694563,-15.649338642084585,-7.166635650609982,168,168,0
2839,05132-1-01,45 a 59,Hombres,Quintil bajo,Sur,Trabajadores rutinarios,Movilidad activa,58.48,55.39529578338697,11.08,27.81946553447608,23.59,9.93523868213694,74.85000000000001,3.589282,122.63120864000001,87.73,0,87.73,34.90120864,8.907323407222709,11.109260001137608,5.318041407222709,7.519978001137608,2.4816449103811595,1.4816449103811595,87.27000271999998,76.19812939998673,211.71040965999993,3.0847042166130265,-16.739465534476082,13.65476131786306,168,168,0
2849,05168-1-01,45 a 59,Mujeres,Quintil bajo,Norte,Trabajadores rutinarios,Movilidad activa,68.2,68.0453641024752,22.2,29.116267078973785,17.16,10.398368818551013,60.44,2.626111,131.260808,60.16,0,60.16,71.100808,5.297909903895401,5.364258787776281,2.671798903895401,2.738147787776281,2.0173975524627106,1.0173975524627106,47.8399622,47.43387116851525,151.20369116,0.15463589752479834,-6.916267078973785,6.761631181448987,168,168,0
2853,05177-1-01,18 a 29,Mujeres,Quintil bajo,Norte,Trabajadores rutinarios,Movilidad mixta,59.16,62.805921995504974,35.59,30.825342572821196,9.89,11.00873543167383,63.36,2.625488,106.02385895999998,73.19999999999999,0,73.19999999999999,32.82385896,6.210907292646777,4.7841032556443945,3.585419292646777,2.1586152556443947,2.365620140959234,1.365620140959234,49.30001111999999,58.87233556813436,168.70720536,-3.6459219955049775,4.764657427178808,-1.11873543167383,168,168,0
2863,05198-1-01,45 a 59,Mujeres,Quintil medio,Sur,Trabajadores rutinarios,Usuarios publicos,56.98,57.87226009144548,38.32,37.238615498349006,13.11,13.299124410205492,59.59000000000002,4.661414,56.24024198285695,208.48999999999995,192.857142857143,15.632857142856949,40.60738484,18.647026391059818,17.966602277850257,13.985612391059817,13.305188277850256,4.000293986129492,3.0002939861294915,209.367127737143,213.52632141904826,449.10364975714293,-0.8922600914454861,1.0813845016509944,-0.1891244102054923,168,168,0
2871,05214-1-01,45 a 59,Hombres,Quintil alto,Centro,Trabajadores rutinarios,Motorizados privados,51.88,55.28057472205092,41.79,34.18193956122142,8,12.207485716727655,66.33000000000001,7.708809,131.16548203018897,219.43999999999997,113.207547169811,106.23245283018898,24.9330292,28.064051873599126,23.823669485370385,20.355242873599128,16.114860485370386,3.640517215253242,2.640517215253242,268.76752888981105,294.9819099123296,652.5891289998109,-3.4005747220509193,7.60806043877858,-4.207485716727655,168,168,0
2882,05242-1-01,45 a 59,Mujeres,Quintil bajo,Norte,Trabajadores rutinarios,Usuarios publicos,58.72,52.09333359724966,19.63,24.858783765188416,7.48,8.87788263756193,82.17,4.572955,156.05390112,112.53,0,112.53,43.52390112,10.748972959647965,18.3096998278795,6.1760179596479645,13.736744827879498,2.3505529705951544,1.3505529705951544,112.47001648,82.16656922021085,236.44282653000002,6.626666402750338,-5.2287837651884175,-1.3978826375619295,168,168,0
2886,05249-1-02,45 a 59,Mujeres,Quintil bajo,Centro,Trabajadores rutinarios,Movilidad activa,58.14,50.891829674179874,16.34,25.95779494388328,11.64,9.270375381936853,81.88,2.840701,87.11834974000001,46.96,0,46.96,40.158349740000006,7.197386896642138,12.30958947523238,4.356685896642138,9.46888847523238,2.533665773568615,1.5336657735686148,78.04000640000001,57.450121707272444,157.52282038,7.248170325820126,-9.617794943883279,2.3696246180631473,168,168,0
2887,05250-1-01,45 a 59,Mujeres,Quintil medio,Centro,Trabajadores rutinarios,Movilidad mixta,57.73,60.28553342416148,26.56,26.765598272654724,12.32,9.558868303183775,71.39000000000001,2.743817,117.74052616,34.339999999999996,0,34.339999999999996,83.40052616,5.7921208145776175,4.6154644874129085,3.0483038145776176,1.8716474874129085,2.1109719834003573,1.110971983400357,40.66002924999998,47.671945303282484,147.33963420999993,-2.5555334241614815,-0.20559827265472563,2.761131696816225,168,168,0
2895,05265-1-03,30 a 44,Hombres,Quintil medio,Norte,Trabajadores rutinarios,Motorizados privados,85.64,67.08060900622536,22.45,34.9334989143277,6.4,12.475892079446943,53.51,2.63044,104.11088128,98.84,0,98.84,5.270881279999999,6.734291768626862,18.53477983279843,4.103851768626862,15.904339832798431,2.560138900194212,1.5601389001942116,121.16000032000002,72.34063587433545,197.04819432000005,18.55939099377464,-12.4834989143277,-6.075892079446943,168,168,0
2896,05266-1-01,30 a 44,Hombres,Quintil bajo,Centro,Trabajadores rutinarios,Usuarios publicos,54.86,49.08738720227637,22.7,27.12528767500323,8.34,9.6873251227204,82.1,2.151737,54.35430884000001,51.31000000000001,0,51.31000000000001,3.04430884,6.146541503200172,9.055728709890062,3.9948045032001724,6.903991709890062,2.856548687502317,1.856548687502317,63.689982979999975,51.26883843646453,130.47989945999998,5.772612797723632,-4.425287675003229,-1.3473251227204006,168,168,0
2910,05296-1-01,45 a 59,Hombres,Quintil bajo,Centro,Trabajadores rutinarios,Movilidad activa,56.7,55.7421490104131,25.36,26.5470377713892,9.71,9.480813218197708,76.22999999999999,3.918542,144.10136169999998,121.92,0,121.92,22.181361699999997,9.104997607490056,9.826024745551665,5.186455607490055,5.907482745551665,2.3235676962222316,1.3235676962222314,78.07996970000002,74.32659036756218,215.50323764000007,0.9578509895869018,-1.1870377713891997,0.22918678180229257,168,168,0
2916,05301-1-03,30 a 44,Mujeres,Quintil medio,Norte,Trabajadores rutinarios,Movilidad activa,63.5,65.23166417047437,34.88,36.71589276124764,16.68,13.112443068277985,52.940000000000005,1.952501,63.643800999999996,52.16,0,52.16,11.483801,5.64391918578671,5.16495414779599,3.69141818578671,3.2124531477959906,2.8906101383746843,1.8906101383746845,60.3400125,63.721088524515395,161.01096406000002,-1.7316641704743745,-1.835892761247635,3.567556931722015,168,168,0
2917,05302-1-01,45 a 59,Mujeres,Quintil medio,Centro,Trabajadores rutinarios,Movilidad mixta,53.57,49.168436995030426,16.02,23.771857275209623,11.84,8.489705729759951,86.57000000000001,6.262252,197.30880273000002,111.84000000000002,0,111.84000000000002,85.46880273,15.129665790967907,21.88644936519711,8.867413790967907,15.624197365197109,2.4160103731002693,1.4160103731002691,138.16003690999997,110.59634017900328,312.6263776299999,4.401563004969574,-7.751857275209623,3.350294270240049,168,168,0
2924,05309-1-01,30 a 44,Hombres,Quintil medio,Norte,Trabajadores rutinarios,Movilidad mixta,56.94,52.46911003710945,23.1,29.806143698150002,12.88,10.644746264740526,75.08000000000001,4.691675,115.20397614000001,85.56,0,85.56,29.64397614,14.288872196069875,18.637383495434253,9.597197196069875,13.945708495434253,3.045580138451592,2.045580138451592,151.93999836,130.96403569335547,320.74646485999995,4.470889962890546,-6.706143698150001,2.235253735259475,168,168,0
2925,05309-1-03,30 a 44,Hombres,Quintil medio,Norte,Trabajadores rutinarios,Usuarios publicos,47.54,45.55994215618429,20.38,26.047607476554855,12.99,9.302450367260835,87.09000000000002,4.446143,91.40964944000001,67.54,0,67.54,23.86964944,13.877722663868328,15.865515696719294,9.431579663868327,11.419372696719293,3.1212947185613076,2.121294718561307,119.95998878,111.1563684581237,268.32778068999994,1.9800578438157075,-5.667607476554856,3.687549632739165,168,168,0
2926,05314-2-01,45 a 59,Hombres,Quintil bajo,Centro,Trabajadores rutinarios,Motorizados privados,57.2,60.0945861049055,27.33,25.498918323858753,10.17,9.106495571235746,73.3,1.712664,76.59440000000001,53.63,0,53.63,22.964399999999998,3.3576735659247916,2.5150512979113615,1.6450095659247916,0.8023872979113615,1.9604975441328782,0.9604975441328781,21.369980799999993,26.327434216771863,85.5948808,-2.8945861049054997,1.8310816761412454,1.0635044287642543,168,168,0
2927,05315-1-01,45 a 59,Hombres,Quintil bajo,Centro,Trabajadores rutinarios,Motorizados privados,39.15,47.17304078616566,37.9,26.163219884230017,5.63,9.343739329604334,85.32,4.712907,110.59031019999999,86.08,35,51.08,59.51031019999999,13.887928376154179,7.4945794440124835,9.175021376154177,2.781672444012483,2.946786001963157,1.946786001963157,73.91999885000003,111.73184393240565,279.0728405600001,-8.023040786165659,11.736780115769982,-3.7137393296043344,168,168,0
2929,05317-1-01,45 a 59,Mujeres,Quintil bajo,Norte,Trabajadores rutinarios,Movilidad activa,77.5,74.40769404560118,19.22,28.974549210033725,17.01,10.347756744365103,54.269999999999996,2.000763,116.4391475,61.38,0,61.38,55.0591475,3.6401753990476915,4.704546332298131,1.6394123990476914,2.703783332298131,1.8193936008651157,0.8193936008651156,38.619985,32.43301366175915,111.10762849000001,3.0923059543988245,-9.754549210033726,6.662243255634898,168,168,0
2932,05321-1-01,45 a 59,Mujeres,Quintil medio,Centro,Trabajadores rutinarios,Motorizados privados,65.61,61.59410270144267,34.36,35.45408643325054,9.74,12.661810865306798,58.29,8.3513,232.29875668,284.37,100,184.37,47.92875668,25.874756811438118,31.587388294846562,17.523456811438116,23.23608829484656,3.098290902187458,2.0982909021874576,315.63003632000004,282.09207321055817,683.92236632,4.015897298557327,-1.0940864332505384,-2.9218108653067976,168,168,0
2944,05339-1-01,45 a 59,Mujeres,Quintil bajo,Centro,Trabajadores rutinarios,Motorizados privados,54.3,59.604245681058046,37.03,30.539207172991713,9.72,10.90654714595024,66.95,2.430381,87.5696814,68.85,0,68.85,18.7196814,6.100746110916599,4.191557282445289,3.6703651109165985,1.7611762824452888,2.5102015325648934,1.5102015325648934,44.40000690000001,57.29134482257554,158.02031865000004,-5.304245681058049,6.490792827008288,-1.1865471459502395,168,168,0
2951,05351-1-02,30 a 44,Mujeres,Quintil bajo,Norte,Trabajadores rutinarios,Movilidad activa,66.15,65.9406179498719,19.62,21.633392023705976,9.53,7.725990026422129,72.69999999999999,2.648944,145.8276429,83.1,0,83.1,62.72764289999999,4.336137616809021,4.4512582793506805,1.6871936168090205,1.8023142793506803,1.6369306473859093,0.6369306473859094,29.400002700000016,28.84536137460549,106.61672030000005,0.20938205012809874,-2.0133920237059755,1.8040099735778705,168,168,0
2953,05358-1-01,45 a 59,Hombres,Quintil bajo,Centro,Trabajadores rutinarios,Movilidad mixta,51.53,51.06306821815198,16.23,20.81368564434521,11.55,7.433246137502809,88.69,4.280807,163.79997154999998,143.20999999999998,0,143.20999999999998,20.589971549999998,8.56077855705437,9.02222619824125,4.2799715570543695,4.741419198241251,1.9998048398478065,0.9998048398478065,56.79001316000003,54.79116831974258,175.71083162000005,0.4669317818480181,-4.583685644345209,4.116753862497192,168,168,0
2954,05361-1-02,45 a 59,Hombres,Quintil bajo,Centro,Trabajadores rutinarios,Motorizados privados,49.16,47.69093381769511,24.03,27.756363349111137,12.17,9.912702833193752,82.64,4.132932,83.77493971999999,80.6,0,80.6,3.1749397199999994,13.277859402595213,14.556927870210693,9.144927402595213,10.423995870210693,3.2126972818800823,2.2126972818800823,119.39999740000002,113.3284467650343,269.0121358,1.4690661823048856,-3.7263633491111356,2.2572971668062483,168,168,0
2972,05394-1-01,45 a 59,Mujeres,Quintil bajo,Centro,Trabajadores rutinarios,Movilidad mixta,63.73,59.877809459036136,12.87,27.08813415299306,20.04,9.674056387970785,71.36000000000001,3.271512,136.78349630999998,62.03999999999999,0,62.03999999999999,74.74349631,7.096023011120829,9.616689681207749,3.8245110111208294,6.345177681207749,2.1690346882789453,1.1690346882789455,71.70996345,59.107475868950246,179.37542336999996,3.8521905409638606,-14.218134152993061,10.365943612029215,168,168,0
2983,05420-1-01,30 a 44,Mujeres,Quintil bajo,Centro,Trabajadores rutinarios,Motorizados privados,69.05,78.73115820077753,29.87,21.728784137159426,9.3,7.760057662063043,59.78,2.558565,176.24893179999998,99.57999999999998,0,99.57999999999998,76.66893180000001,3.7700049264548805,0.04732063026289839,1.2114399264548803,-2.511244369737102,1.473484131321612,0.473484131321612,0.41998145000002296,25.18985398197239,100.63897250000002,-9.681158200777531,8.141215862840575,1.5399423379369575,168,168,0
2985,05421-1-01,45 a 59,Mujeres,Quintil bajo,Centro,Trabajadores rutinarios,Motorizados privados,66.8,57.53682932536598,18.05,29.682560132712727,12.97,10.600610541921295,70.18,4.592727,155.96417960000002,99.17000000000002,0,99.17000000000002,56.79417960000001,11.86385243748477,21.45951363561102,7.27112543748477,16.86678663561102,2.5831825922779146,1.5831825922779146,150.82998399999997,108.28676993700009,293.29637553999993,9.263170674634019,-11.632560132712726,2.3693894580787056,168,168,0
2999,05447-1-01,30 a 44,Mujeres,Quintil bajo,Sur,Trabajadores rutinarios,Movilidad mixta,59.31,56.19892509557547,25.21,28.398900937317045,10.22,10.142173967107489,73.25999999999999,5.007098,171.28095730999996,149.30999999999997,37.5,111.80999999999997,59.47095730999999,12.609186029055248,15.65682306778689,7.602088029055248,10.649725067786889,2.5182622806774,1.5182622806774,125.69002507000005,110.1125681382058,303.0915072100001,3.111074904424534,-3.188900937317044,0.07782603289251178,168,168,0
3001,05450-1-01,45 a 59,Hombres,Quintil bajo,Norte,Trabajadores rutinarios,Usuarios publicos,58.77,53.64413931894829,22.15,24.784505304830653,6.36,8.851355376221072,80.71999999999998,2.530308,93.06621203,59.36,0,59.36,33.70621203,5.598786497105576,8.613185536264199,3.068478497105576,6.082877536264199,2.212689718842756,1.2126897188427561,55.639989130000004,42.66998284184939,127.77907021000001,5.125860681051712,-2.634505304830654,-2.4913553762210716,168,168,0
3007,05457-1-01,45 a 59,Hombres,Quintil bajo,Centro,Trabajadores rutinarios,Motorizados privados,70.66,54.60122667752583,22.2,32.93618662044131,6.44,11.762586702032854,68.7,2.08743,42.6350490272727,102.41,119.7727272727273,-17.362727272727298,59.9977763,7.043989908332373,16.159288406861904,4.956559908332373,14.071858406861905,3.374479579354696,2.3744795793546962,104.86275477272729,71.34118957619503,164.64674997272726,16.058773322474167,-10.736186620441313,-5.3225867020328534,168,168,0
3008,05458-1-01,60 o mas,Mujeres,Quintil bajo,Centro,Trabajadores rutinarios,Movilidad activa,55,61.53313789927604,31.2,26.855785129015448,11.78,9.591076971708516,70.02,2.832127,125.75697,32.49,0,32.49,93.26697,5.8744769953568365,3.0815823969604343,3.0423499953568367,0.2494553969604345,2.074227954945819,1.0742279549458187,30.01001499999998,48.51269123926295,151.73483345999998,-6.533137899276042,4.344214870984551,2.1889230282914838,168,168,0
3015,05473-1-01,60 o mas,Hombres,Quintil medio,Centro,Trabajadores rutinarios,Motorizados privados,68.94,65.28710324328254,32.68,35.9160895181203,12.41,12.826807238597157,53.97,4.971446,169.13148084,126.4,0,126.4,42.73148084,14.074240023977461,16.991960303830634,9.102794023977461,12.020514303830634,2.831015367355385,1.8310153673553853,173.60000639999998,155.43982743040408,397.76250654,3.6528967567174533,-3.236089518120302,-0.4168072385971566,168,168,0
3024,05491-1-01,30 a 44,Hombres,Quintil bajo,Centro,Trabajadores rutinarios,Motorizados privados,67.45,62.67341824253883,30.19,29.36822908642532,4.89,10.488352671035852,65.47,5.493355,231.28678724999997,160.76,0,160.76,70.52678725,12.512799463910047,17.51775453584624,7.019444463910047,12.02439953584624,2.277806452324681,1.2778064523246808,139.24000750000005,113.00054821974192,331.94690090000006,4.776581757461173,0.8217709135746816,-5.598352671035852,168,168,0
3027,05498-1-01,30 a 44,Mujeres,Quintil bajo,Centro,Trabajadores rutinarios,Motorizados privados,58.74,59.73712016415009,33.36,30.7581434154692,9.38,10.984736420380706,66.52,3.906025,138.72987982,141.79,45,96.78999999999999,41.93987982,10.002412716913534,9.366875971533448,6.096387716913535,5.460850971533448,2.5607651556028275,1.5607651556028277,90.71002868,94.60480496917435,257.65353718,-0.9971201641500897,2.6018565845308004,-1.6047364203807053,168,168,0
3042,05520-1-03,30 a 44,Mujeres,Quintil medio,Centro,Trabajadores rutinarios,Usuarios publicos,57.56,51.53250263252432,23.67,31.85944884934918,13.54,11.378048518126514,73.22999999999999,2.842849,45.708154651803,129,121.926229508197,7.073770491803003,38.634384159999996,10.288097108652156,13.987005380394045,7.445248108652156,11.144156380394044,3.6189389969893426,2.6189389969893426,117.92623378819701,100.79096892456613,223.70864507819704,6.027497367475682,-8.18944884934918,2.1619514818734853,168,168,0
3043,05521-1-01,30 a 44,Mujeres,Quintil bajo,Norte,Trabajadores rutinarios,Movilidad mixta,67.51,63.94697034175072,26.04,29.586666029049113,10.55,10.566363629200168,63.89999999999999,3.318365,145.29283015,61.27,0,61.27,84.02283014999999,7.354012309647497,9.496242044465175,4.035647309647497,6.177877044465175,2.2161553384415207,1.2161553384415207,78.72999100000004,66.90655808810365,200.14896635000002,3.5630296582492846,-3.5466660290491134,-0.01636362920016765,168,168,0
3044,05521-1-02,60 o mas,Mujeres,Quintil bajo,Norte,Trabajadores rutinarios,Movilidad mixta,59.54,57.97122480421226,14.34,28.367732495901425,22.59,10.131042699886319,71.53,3.023066,112.52336890000001,52.53000000000001,0,52.53000000000001,59.9933689,7.190926340727786,8.063159704138625,4.167860340727786,5.040093704138625,2.378686519158955,1.378686519158955,67.46998073999998,62.72746978397075,179.11180812,1.5687751957877367,-14.027732495901425,12.458957300113681,168,168,0
3049,05523-1-04,18 a 29,Hombres,Quintil bajo,Norte,Trabajadores rutinarios,Motorizados privados,56.36,58.47182200516791,33.07,29.605196522065324,9.22,10.572981472766774,69.35,3.284781,117.48024132,44.85,0,44.85,72.63024132,8.193061898530228,7.059991866902953,4.9082808985302275,3.775210866902953,2.4942490529902077,1.4942490529902077,67.65001584000001,74.58688863795746,206.56340433000003,-2.111822005167909,3.4648034779346766,-1.352981472766773,168,168,0
3050,05526-1-01,45 a 59,Mujeres,Quintil bajo,Centro,Trabajadores rutinarios,Movilidad mixta,55.95,56.67449878482525,24.18,28.446373313769676,15.15,10.159127901405062,72.72,2.610194,91.9503318,58.410000000000004,0,58.410000000000004,33.5403318,6.399797814276879,6.069699618735703,3.7896038142768793,3.4595056187357027,2.451847569290589,1.451847569290589,54.09002249999999,55.981104881158174,156.74895252,-0.7244987848252507,-4.266373313769677,4.990872098594938,168,168,0
3053,05529-1-01,45 a 59,Mujeres,Quintil alto,Sur,Trabajadores rutinarios,Motorizados privados,63.26,61.8490592636864,32.23,34.956746268356696,13.8,12.484194467956886,58.71000000000002,8.046136,238.7184949929207,244.13000000000002,64.4100580270793,179.7199419729207,58.99855302000001,24.0878911897464,25.91475029440187,16.0417551897464,17.86861429440187,2.9937216062152565,1.9937216062152565,270.28006836707937,258.92744731476,640.6437084470792,1.4109407363135986,-2.726746268356699,1.3158055320431146,168,168,0
3055,05531-2-01,30 a 44,Mujeres,Quintil bajo,Centro,Trabajadores rutinarios,Usuarios publicos,58.68,59.17598555475256,26.38,28.622121229723543,12.96,10.22189321552391,69.97999999999999,2.67877,103.56024176,61.370000000000005,0,61.370000000000005,42.19024176,6.244327039306877,6.016546500206244,3.565557039306877,3.3377765002062443,2.3310426200483345,1.3310426200483345,53.62998184,54.958613064504505,159.01279364000004,-0.4959855547525578,-2.242121229723544,2.7381067844760913,168,168,0
3056,05531-2-02,30 a 44,Hombres,Quintil bajo,Centro,Trabajadores rutinarios,Movilidad activa,55.6,52.905976593228104,22.62,26.433690276628774,10.56,9.440333130143124,79.22,2.382152,78.81764000000001,61.370000000000005,0,61.370000000000005,17.44764,5.808317165823298,7.133546380221344,3.426165165823298,4.751394380221344,2.438264714352106,1.438264714352106,53.630011199999984,47.21243795351151,132.66981456,2.6940234067718976,-3.8136902766287726,1.1196668698568768,168,168,0
3057,05533-1-01,60 o mas,Hombres,Quintil medio,Centro,Trabajadores rutinarios,Motorizados privados,77.91,65.02518842686447,14.91,27.392172995873167,9.38,9.782638577262347,65.80000000000001,2.173512,105.22830158,45.89,0,45.89,59.33830158,4.28636606558638,11.64856344870971,2.11285406558638,9.47505144870971,1.9720922017391116,0.9720922017391115,64.11001834000001,36.10472576805108,116.90462481999998,12.884811573135522,-12.482172995873167,-0.402638577262346,168,168,0
3058,05535-1-01,45 a 59,Hombres,Quintil bajo,Norte,Trabajadores rutinarios,Motorizados privados,52.41,50.42779312471362,27.23,28.119732915810317,8.95,10.04247395947607,79.41,4.536028,112.87321309000001,75.14,0,75.14,37.73321309,13.400053061902424,15.231013441533689,8.864025061902424,10.694985441533689,2.95413808334129,1.9541380833412898,124.86001438999998,115.86866850190845,288.97350743000004,1.98220687528638,-0.8897329158103169,-1.0924739594760702,168,168,0
3061,05538-1-01,60 o mas,Hombres,Quintil bajo,Centro,Trabajadores rutinarios,Motorizados privados,60.79,57.280939578807384,22.5,23.762644775583617,6.24,8.48641564560898,78.47000000000001,3.254977,139.0200693,91.14999999999999,0,91.14999999999999,47.8700693,6.490712663752983,9.037193009862287,3.235735663752983,5.782216009862287,1.9940886414106713,0.9940886414106714,58.849982530000005,47.42807156740773,152.39802150999992,3.509060421192615,-1.2626447755836168,-2.2464156456089803,168,168,0
3069,05555-1-01,30 a 44,Mujeres,Quintil alto,Centro,Trabajadores rutinarios,Usuarios publicos,62.04,60.68185966021557,34.61,31.55781508053947,6.86,11.270325259244954,64.49000000000001,11.305458,397.53061224,346.14,0,346.14,51.390612239999996,29.73028132971795,32.3380243994826,18.424823329717952,21.032566399482597,2.629728165786645,1.6297281657866451,303.86000207999996,288.50560351046147,772.6973453399999,1.358140339784427,3.0521849194605295,-4.410325259244954,168,168,0
3070,05556-1-01,45 a 59,Hombres,Quintil bajo,Norte,Trabajadores rutinarios,Movilidad activa,62.47,56.53951952804055,21.98,29.186889929568864,11.7,10.423590542390585,71.85,3.906396,130.39258116999997,61.36,0,61.36,69.03258116999999,10.080537480268388,14.891314551860985,6.174141480268388,10.984918551860986,2.580521145390377,1.5805211453903774,113.63997695000003,90.47317175625952,245.20739423000003,5.930480471959449,-7.206889929568863,1.2764094576094145,168,168,0
3074,05564-1-02,30 a 44,Mujeres,Quintil medio,Sur,Trabajadores rutinarios,Movilidad mixta,56.34,58.894102413430005,32.94,28.837194640007183,8.75,10.298702946562813,69.97,5.317174,199.49959589999997,149.92999999999998,0,149.92999999999998,49.569595899999996,12.816528131739657,10.593657618104574,7.499354131739658,5.2764836181045744,2.4104022421947557,1.4104022421947557,100.06998726,113.65059420602728,321.74297132,-2.5541024134300017,4.102805359992814,-1.5487029465628126,168,168,0
3076,05568-1-03,18 a 29,Hombres,Quintil bajo,Norte,Trabajadores rutinarios,Movilidad activa,45.08,49.905209728188986,31.29,28.674272232058577,12.45,10.240518039752438,79.17999999999999,2.575234,58.4415604,42.35,0,42.35,16.0915604,7.947468115782402,5.81693791063269,5.372234115782402,3.2417039106326904,3.0861149378201755,2.0861149378201755,57.64998831999999,70.07603246916302,170.29072348,-4.825209728188987,2.615727767941422,2.2094819602475617,168,168,0
3080,05583-1-01,30 a 44,Hombres,Quintil bajo,Centro,Trabajadores rutinarios,Movilidad activa,52.87,57.70467932583343,34.52,25.351480101820258,4.72,9.053840572346317,75.88999999999999,2.377893,98.68918360999999,72.96999999999998,0,72.96999999999998,25.71918361,4.942042296216064,3.04012429726782,2.564149296216064,0.6622312972678204,2.0783282915657115,1.0783282915657115,27.030019299999992,38.52636942614404,120.33854062000003,-4.834679325833434,9.168519898179746,-4.333840572346317,168,168,0
3083,05591-1-01,30 a 44,Hombres,Quintil medio,Centro,Trabajadores rutinarios,Motorizados privados,56.61,59.86147576952375,38.15,33.385480151452875,10.41,11.923044079023365,62.83000000000001,5.124002,153.2321230021965,152.83,52.1676300578035,100.6623699421965,52.56975306,14.951933249165483,12.436576612675418,9.827931249165484,7.3125746126754185,2.918018620829087,1.9180186208290873,136.8376302178035,153.49819856379474,385.65916733780347,-3.2514757695237506,4.764519848547124,-1.5130440790233646,168,168,0
3120,05671-1-02,30 a 44,Mujeres,Quintil bajo,Centro,Trabajadores rutinarios,Movilidad mixta,59.86,58.924223834873814,32.15,27.039196875428672,3.61,9.656579289697504,72.38000000000001,2.62509,106.93789456,62.300000000000004,0,62.300000000000004,44.63789456,5.742118143423203,6.195553739488889,3.1170281434232026,3.570463739488889,2.1873985819241253,1.1873985819241255,50.19999284000001,47.743496186688915,144.07321123999998,0.9357761651261853,5.110803124571326,-6.046579289697505,168,168,0
3121,05671-1-03,18 a 29,Mujeres,Quintil bajo,Centro,Trabajadores rutinarios,Movilidad activa,71.17,68.9161539781177,28.84,28.061992904181043,6.99,10.021853117701259,60.99999999999999,2.660451,139.14430567000002,62.300000000000004,0,62.300000000000004,76.84430567000001,5.122621271511127,6.183449567872189,2.462170271511127,3.5229985678721887,1.9254710090549034,0.9254710090549034,50.19999199999998,44.2037450972372,145.52395133000002,2.253846021882296,0.7780070958189569,-3.0318531177012584,168,168,0
3123,05677-1-01,45 a 59,Hombres,Quintil bajo,Norte,Trabajadores rutinarios,Movilidad activa,56.33,58.40510759337062,33.77,33.14701279867711,13.29,11.837879607952258,64.61000000000001,3.746295,104.1521215133333,97.28999999999999,29.1666666666667,68.12333333333329,36.02878818,11.24821954741941,10.023167729935281,7.50192454741941,6.276872729935281,3.0024916744195025,2.0024916744195025,106.87667583666669,114.65064103817309,283.1773185366667,-2.0751075933706247,0.6229872013228928,1.4521203920477408,168,168,0
3124,05679-1-02,30 a 44,Mujeres,Quintil medio,Sur,Trabajadores rutinarios,Movilidad mixta,69.09,61.977624561180264,20.54,27.567221374896913,9.76,9.845154063922823,68.61,4.958676,216.93492450000002,124.34,0,124.34,92.5949245,10.663232114280662,18.303258413761824,5.7045561142806624,13.344582413761824,2.1504192075224644,1.1504192075224642,125.66000033999995,90.39203494853507,275.90788313999997,7.11237543881974,-7.027221374896914,-0.08515406392282365,168,168,0
3128,05684-1-02,45 a 59,Mujeres,Quintil medio,Norte,Trabajadores rutinarios,Motorizados privados,51.34,58.26506510196167,40.26,34.20073626514469,13.08,12.21419863289363,63.32000000000001,6.570316,159.77003072000002,122.45000000000002,0,122.45000000000002,37.32003072,21.20890223619198,14.690670932240623,14.638586236191982,8.120354932240623,3.227988157067633,2.227988157067633,177.54999271999998,223.04985876046038,528.01064816,-6.925065101961664,6.059263734855307,0.8658013671063696,168,168,0
3130,05686-1-01,45 a 59,Hombres,Quintil bajo,Norte,Trabajadores rutinarios,Movilidad mixta,66.51,63.65091334544494,28.51,27.13742639789489,5.46,9.691660256660178,67.52,2.730575,127.78191062034483,48.93,2.75862068965517,46.17137931034483,81.61053131,5.515000074467734,6.993454992974609,2.784425074467734,4.262879992974609,2.0197211482811253,1.0197211482811255,53.828632629655175,46.02168208789348,146.58626537965517,2.859086654555064,1.3725736021051098,-4.231660256660178,168,168,0
3132,05686-1-05,18 a 29,Hombres,Quintil bajo,Norte,Trabajadores rutinarios,Movilidad activa,58.74,60.05869411900883,28.64,29.45276328863241,12.65,10.51854259235877,67.96999999999998,2.671415,103.09026887034484,48.93,2.75862068965517,46.17137931034483,56.91888956000001,6.332422424482213,5.753638531375568,3.661007424482213,3.082223531375568,2.3704375488204614,1.3704375488204614,53.82864822965517,57.351427479587116,164.1313735796552,-1.3186941190088248,-0.8127632886324108,2.1314574076412303,168,168,0
3136,05689-1-02,30 a 44,Mujeres,Quintil bajo,Centro,Trabajadores rutinarios,Usuarios publicos,44.05,52.74772693693559,37.05,30.13874428021486,12.55,10.76352878284954,74.35000000000001,5.512164,133.2008277,90.38999999999999,0,90.38999999999999,42.810827700000004,17.000199835169326,9.75309536339354,11.488035835169326,4.240931363393539,3.084124462764411,2.084124462764411,109.6099965,157.55329380360666,383.0133309,-8.697726936935595,6.911255719785139,1.78647121715046,168,168,0
3138,05691-1-01,18 a 29,Mujeres,Quintil medio,Sur,Trabajadores rutinarios,Motorizados privados,63.68,61.786541889479835,32.84,30.692253226220963,6.92,10.961204884299212,64.55999999999999,6.643441,256.5743392,208.51999999999998,0,208.51999999999998,48.0543392,16.3066255356548,18.47947514371763,9.6631845356548,11.83603414371763,2.4545450972853975,1.4545450972853977,166.47998368000003,153.9009064367878,430.62319784000005,1.8934581105201644,2.1477467737790406,-4.041204884299212,168,168,0
3144,05700-1-02,45 a 59,Hombres,Quintil medio,Sur,Trabajadores rutinarios,Movilidad activa,63.03,63.47640150365028,26.51,31.55446843382309,16.76,11.269130062526642,61.69999999999999,2.642517,106.07286269,61.39000000000001,21.875,39.51500000000001,66.55786269,6.355164483892915,6.169282489124219,3.7126474838929155,3.5267654891242195,2.4049663574133735,1.4049663574133737,60.48498382,61.66460738222142,174.82669441,-0.44640150365027864,-5.044468433823088,5.490869937473359,168,168,0
3146,05704-1-01,45 a 59,Hombres,Quintil bajo,Centro,Trabajadores rutinarios,Movilidad activa,51.48,51.59755732136695,27.82,26.44726247403684,8.19,9.445180204596193,80.51000000000002,2.846121,87.84829896,58.83,0,58.83,29.01829896,7.2553235253784925,7.190631369131992,4.409202525378492,4.344510369131992,2.549197144245973,1.5491971442459727,58.67001012,59.004592481046245,161.15882732999995,-0.1175573213669523,1.37273752596316,-1.2551802045961935,168,168,0
3163,05731-1-01,30 a 44,Mujeres,Quintil bajo,Norte,Trabajadores rutinarios,Usuarios publicos,31.52,49.75327790525929,41.38,24.490400970662073,10.09,8.746321124078642,85.00999999999999,2.976407,93.81634864000002,0,0,0,93.81634864000002,7.206308763900727,-1.2185406298959338e-15,4.229901763900727,-2.9764070000000014,2.4211436016313383,1.4211436016313381,-1.4210854715202004e-14,54.26965599015908,153.19566829000001,-18.23327790525929,16.88959902933793,1.3436788759213574,168,168,0
3171,05748-1-02,45 a 59,Mujeres,Quintil bajo,Centro,Trabajadores rutinarios,Usuarios publicos,66.15,60.243376060874574,25.24,29.817737241753896,9.32,10.648886697371545,67.28999999999999,2.079089,79.9617145,42.42999999999999,0,42.42999999999999,37.5317145,4.939417590475929,7.351850232724327,2.860328590475929,5.272761232724326,2.375760532846804,1.3757605328468039,57.570022850000015,45.28962599102766,129.42333869000004,5.906623939125431,-4.577737241753898,-1.3288866973715443,168,168,0
3172,05751-1-01,30 a 44,Hombres,Quintil bajo,Sur,Trabajadores rutinarios,Movilidad mixta,51,56.85603400564161,34.21,30.9652610942088,13.67,11.058704900149591,69.11999999999999,3.297534,99.82423999999999,81.64999999999999,0,81.64999999999999,18.17424,9.20620662790074,6.300257823503479,5.908672627900739,3.0027238235034788,2.791845854478146,1.791845854478146,68.34999400000002,87.66046523875941,226.23592192000007,-5.856034005641611,3.244738905791202,2.611295099850409,168,168,0
3173,05753-1-01,30 a 44,Mujeres,Quintil bajo,Sur,Trabajadores rutinarios,Usuarios publicos,71.39,66.99777691855239,26.47,26.638681056504574,5.29,9.513542024943042,64.85,2.746204,141.46149893,70.41000000000001,0,70.41000000000001,71.05149893000001,5.191759763016432,7.5858913934652374,2.4455557630164315,4.839687393465237,1.8905222492635039,0.8905222492635039,54.59000463000001,42.528064034836234,141.80944367,4.392223081447611,-0.16868105650457466,-4.223542024943042,168,168,0
3177,05757-1-02,60 o mas,Mujeres,Quintil medio,Centro,Trabajadores rutinarios,Movilidad activa,51.57,54.31598572492973,36.85,33.04320707679979,10.74,11.800807198270462,68.84000000000002,2.12669,41.0914464291566,46.9,70.4819277108434,-23.581927710843395,64.67337413999999,7.324361509015591,6.360161612863163,5.197671509015591,4.233471612863163,3.4440193488546007,2.4440193488546007,68.58195687084341,74.42181725219422,169.79113397084336,-2.7459857249297315,3.806792923200213,-1.0608071982704619,168,168,0
3192,05785-1-01,45 a 59,Mujeres,Quintil bajo,Centro,Trabajadores rutinarios,Motorizados privados,30.82,38.72823440148606,32.91,25.216227973462953,9.22,9.005537625050959,95.05000000000001,3.664084,19.31705978,71.39,90,-18.61,37.92705978,15.809350170712817,9.806291787799283,12.145266170712816,6.142207787799284,4.314680059385324,3.3146800593853243,93.61000909999998,122.58644423873466,247.97786801999993,-7.908234401486062,7.693772026537044,0.21446237494904175,168,168,0
3206,05802-1-01,30 a 44,Hombres,Quintil bajo,Sur,Trabajadores rutinarios,Motorizados privados,74.12,72.3956729378708,16.89,26.16864886602063,16.9,9.345678196108576,60.089999999999996,2.806015,163.64185759999998,75.66000000000001,0,75.66000000000001,87.98185759999998,4.908896025945788,5.791368872850175,2.102881025945788,2.9853538728501747,1.7494190251818997,0.7494190251818997,44.33997420000003,39.501486598759556,139.15522105000002,1.7243270621292055,-9.278648866020628,7.554321803891423,168,168,0
3222,05825-1-01,45 a 59,Mujeres,Quintil bajo,Centro,Trabajadores rutinarios,Movilidad mixta,68.9,74.24355917796773,25.01,24.770195827114286,13.95,8.846244994918,60.139999999999986,2.731414,168.4244431,95.22999999999999,0,95.22999999999999,73.1944431,4.511742831235943,2.2395527592334368,1.780328831235943,-0.49186124076656323,1.6517975053345788,0.6517975053345788,19.76998150000003,34.36545384852954,126.18587094000006,-5.34355917796772,0.23980417288571587,5.103755005081998,168,168,0
3227,05834-1-01,45 a 59,Hombres,Quintil bajo,Centro,Trabajadores rutinarios,Movilidad activa,50.82,49.70498967292277,26.18,26.552313112480963,8.74,9.482697214596252,82.26,2.593509,71.44211898,44.64,0,44.64,26.80211898,7.038450669862261,7.62867370865289,4.444941669862261,5.03516470865289,2.7138716965556164,1.7138716965556167,60.3600084,57.46821908163227,150.92534268,1.1150103270772291,-0.3723131124809633,-0.7426972145962516,168,168,0
3235,05844-1-01,18 a 29,Hombres,Quintil bajo,Centro,Trabajadores rutinarios,Usuarios publicos,57.13,55.18899256623786,17.46,21.929328748668095,10.36,7.831678685094051,83.05,3.486033,147.02707834,110.37,0,110.37,36.65707834,6.727188382456598,8.269980277251259,3.241155382456598,4.783947277251259,1.9297546473187712,0.9297546473187712,52.12998694999999,45.36357098265984,149.11142501,1.9410074337621452,-4.469328748668094,2.5283213149059485,168,168,0
3242,05853-1-01,30 a 44,Mujeres,Quintil bajo,Centro,Trabajadores rutinarios,Usuarios publicos,75.17,67.64262477799844,18.36,24.51298765581962,7.38,8.75438756618194,67.09,3.720884,201.75415328970297,116.71,7.154702970297031,109.55529702970296,92.19885626000001,6.624772943912597,13.3644784109324,2.903888943912597,9.6435944109324,1.7804298505174032,0.7804298505174032,77.94469699029702,49.936206964754945,173.72025115029703,7.527375222001567,-6.152987655819622,-1.37438756618194,168,168,0
3243,05853-1-02,30 a 44,Hombres,Quintil bajo,Centro,Trabajadores rutinarios,Motorizados privados,70.29,63.97225705661003,23.23,27.58591336133226,7.89,9.851829582057716,66.58999999999999,2.596004,121.202833520297,91.69999999999999,2.97029702970297,88.72970297029701,32.47313054999999,5.289499784041623,8.689290446963659,2.6934957840416227,6.093286446963658,2.0375545584835857,1.0375545584835857,61.27028763970303,44.86940168769088,142.05793211970303,6.317742943389973,-4.355913361332259,-1.9618295820577165,168,168,0
3247,05862-1-01,45 a 59,Hombres,Quintil bajo,Norte,Trabajadores rutinarios,Movilidad mixta,64.97,63.915961681499454,30.05,29.50635601516845,8.94,10.537682303332089,64.04,2.481303,109.33025541999999,43.12,0,43.12,66.21025542,5.429641831442802,5.872468820494467,2.948338831442802,3.3911658204944666,2.1882220073255065,1.1882220073255068,51.880000490000015,49.26461204818966,148.62600446000002,1.0540383185005453,0.5436439848315509,-1.597682303332089,168,168,0
3249,05863-1-01,30 a 44,Hombres,Quintil alto,Sur,Trabajadores rutinarios,Movilidad mixta,59.41,62.57054755137708,36.56,29.871400758709775,7.14,10.668051689913147,64.89,3.150585,130.6162471,68.44,0,68.44,62.176247100000005,7.241567027765956,5.712181608507872,4.090982027765955,2.561596608507872,2.298483306359281,1.2984833063592809,56.56000774999998,66.51758145715536,194.24057225,-3.1605475513770855,6.688599241290227,-3.5280516899131475,168,168,0
3250,05863-1-02,30 a 44,Mujeres,Quintil alto,Sur,Trabajadores rutinarios,Motorizados privados,57.88,55.70903766680019,24.16,28.347238653127796,12.14,10.123723680072013,73.82000000000001,11.508199,383.30454376,342.21,0,342.21,41.09454376,29.575643504986004,34.382023133487316,18.067444504986007,22.873824133487318,2.56996281564005,1.56996281564005,282.79001436,257.8061478080323,700.53763806,2.1709623331998102,-4.187238653127796,2.0162763199279876,168,168,0
3251,05864-1-01,30 a 44,Hombres,Quintil medio,Norte,Trabajadores rutinarios,Motorizados privados,60.35,59.827329198473116,26.7,31.096939313573095,14.98,11.105731487953795,65.97,5.836872,203.3352466,138.58,0,138.58,64.7552466,15.25449011852189,15.768821537932995,9.41761811852189,9.931949537932995,2.613470043290634,1.6134700432906341,148.91997859999998,145.86921603335014,392.20080355999994,0.5226708015268855,-4.396939313573096,3.8742685120462053,168,168,0
3254,05867-1-02,45 a 59,Mujeres,Quintil alto,Centro,Trabajadores rutinarios,Motorizados privados,58.33,54.614133101587896,30.11,30.974030247537403,8.21,11.061836650874707,71.35,9.276064,237.31280923,196.24,0,196.24,41.07280923,28.27329564959934,34.98477398567268,18.997231649599343,25.708709985672684,3.0479841072247176,2.0479841072247176,303.76000389,269.29138472484783,659.2187763700001,3.715866898412102,-0.8640302475374035,-2.8518366508747057,168,168,0
3266,05888-1-01,45 a 59,Hombres,Quintil bajo,Norte,Trabajadores rutinarios,Motorizados privados,64.36,60.33600630723319,29.83,31.937920417659882,9.49,11.40607327510692,64.32000000000001,3.799003,129.8038012,97.8,0,97.8,32.0038012,10.122497096668505,12.874311495314224,6.323494096668505,9.075308495314225,2.6645141097989407,1.6645141097989409,114.70003187999998,99.41286776919779,264.07682983999996,4.023993692766808,-2.1079204176598836,-1.9160732751069194,168,168,0
3269,05892-1-02,18 a 29,Hombres,Quintil medio,Centro,Trabajadores rutinarios,Motorizados privados,55.32,58.185445019477356,42.19,33.80992706290988,6.56,12.074627917612759,63.93000000000001,3.296387,84.36453814656491,100.10000000000001,48.0916030534351,52.00839694656491,32.3561412,10.333850314705487,8.871318483353091,7.037463314705486,5.574931483353091,3.1349020350782495,2.1349020350782495,97.99159069343509,107.437206404855,258.69045694343504,-2.865445019477356,8.38007293709012,-5.514627917612759,168,168,0
3276,05902-1-01,45 a 59,Hombres,Quintil bajo,Centro,Trabajadores rutinarios,Movilidad mixta,64.43,63.2288519320927,25.91,28.06737339972295,10.98,10.023774668184346,66.67999999999999,3.211254,144.35111082999998,62.45,0,62.45,81.90111083,6.800403721408176,7.483289274984999,3.5891497214081762,4.272035274984999,2.1176785521818506,1.1176785521818506,62.54998439000002,58.69279285234043,181.01314445000003,1.2011480679073046,-2.1573733997229496,0.956225331815654,168,168,0
3277,05903-1-01,18 a 29,Hombres,Quintil bajo,Sur,Trabajadores rutinarios,Motorizados privados,61.47,63.697483166515084,29.52,26.823109422526105,9.11,9.579407410958805,67.9,3.922467,184.41406342999997,143.29999999999998,0,143.29999999999998,41.114063429999995,7.93354631325305,6.477869643027193,4.01107931325305,2.5554026430271932,2.022590964628396,1.0225909646283957,56.69998306000002,65.43721227371097,208.22488327000005,-2.2274831665150856,2.6968905774738943,-0.4694074109588051,168,168,0
3282,05911-1-02,30 a 44,Hombres,Quintil alto,Sur,Trabajadores rutinarios,Motorizados privados,57.18,57.92995812640848,27.19,28.014978966682072,11.58,10.00506290690945,72.05,8.772672,327.30138166,275.68,0,275.68,51.62138166,20.998965234364686,19.843825883047682,12.226293234364686,11.071153883047682,2.393679512281399,1.3936795122813992,174.3200033,180.8991399567161,514.4364967399999,-0.7499581264084796,-0.824978966682071,1.5749370930905506,168,168,0
3299,05932-1-02,18 a 29,Mujeres,Quintil bajo,Centro,Trabajadores rutinarios,Motorizados privados,59.77,59.00232100262388,24.14,22.74477710300579,5.96,8.122901894370324,78.13,2.409354,111.18710808,77.17999999999999,0,77.17999999999999,34.00710808,4.428089624502509,4.812223685598717,2.018735624502509,2.402869685598717,1.8378742287362129,0.8378742287362128,32.819980500000014,30.970370036955842,105.3415359,0.7676789973761231,1.395222896994209,-2.162901894370324,168,168,0
3301,05934-1-01,45 a 59,Mujeres,Quintil alto,Norte,Trabajadores rutinarios,Motorizados privados,49.38,55.73291055002994,41.17,36.353919014967595,14.52,12.983170435002457,62.93000000000001,13.211518,116.32123029290301,300.63,211.693548387097,88.936451612903,27.384778680000004,55.46113197249182,42.48278954715836,42.24961397249182,29.271271547158364,4.197937888173927,3.197937888173927,536.063528547097,619.9951206312074,1271.812965967097,-6.352910550029939,4.816080985032407,1.536829564997543,168,168,0
3305,05940-1-01,30 a 44,Mujeres,Quintil bajo,Centro,Trabajadores rutinarios,Usuarios publicos,55.41,56.55089610540738,30.71,26.00269370157538,5.72,9.286410193017234,76.16,3.045088,118.37830489999999,142.14999999999998,70,72.14999999999998,46.228304900000005,6.731479612568004,6.099784184897813,3.686391612568004,3.0546961848978134,2.2106026533775065,1.2106026533775063,50.35002118,53.82415021982274,161.28257702000002,-1.1408961054073856,4.707306298424619,-3.5664101930172345,168,168,0
3312,05953-1-01,30 a 44,Hombres,Quintil bajo,Sur,Trabajadores rutinarios,Movilidad mixta,45.51,55.048369946106554,38.42,27.22772221520052,8.07,9.72390783869292,76,5.329095,183.83712817,166.31,0,166.31,17.527128169999997,13.080888587245102,5.571580858554067,7.7517935872451025,0.24248585855406724,2.4546172637652552,1.4546172637652552,58.68998527999997,109.5208648679467,306.43961183,-9.538369946106556,11.192277784799483,-1.6539078386929198,168,168,0
3315,05955-1-01,30 a 44,Hombres,Quintil alto,Centro,Trabajadores rutinarios,Motorizados privados,62.66,61.10094348151805,31.54,33.046922442069324,11.75,11.802134076412617,62.05000000000001,8.593279,282.03483862,243.58,0,243.58,38.454838620000004,23.914833591996732,26.14197127677667,15.321554591996732,17.54869227677667,2.7829695267658283,1.7829695267658283,256.42002352000003,243.02261587991603,628.4230714299999,1.5590565184819454,-1.5069224420693246,-0.05213407641261725,168,168,0
3324,05973-1-01,30 a 44,Hombres,Quintil alto,Centro,Trabajadores rutinarios,Motorizados privados,40.94,53.14325380583829,45.09,31.954685545119155,10.48,11.41206064904255,71.49,8.618848,167.45562035999998,164.6,0,164.6,2.85562036,29.571944663932616,14.72459490507293,20.953096663932616,6.10574690507293,3.4310785691930774,2.4310785691930774,185.40001676,290.57800641794176,664.34940012,-12.203253805838294,13.135314454880849,-0.9320606490425494,168,168,0
3343,06008-1-02,60 o mas,Hombres,Quintil bajo,Centro,Trabajadores rutinarios,Movilidad mixta,64.36,50.8109521326945,14.12,28.087931301681984,10.45,10.031116565623527,79.07,2.924329,75.854320355122,70.8,70.655487804878,0.14451219512199032,75.70980816000001,8.421067432881154,20.181950687388497,5.496738432881154,17.257621687388497,2.879658011421134,1.879658011421134,112.355494084878,72.7336204841284,184.20625761487804,13.549047867305497,-13.967931301681984,0.4188834343764718,168,168,0
3344,06010-1-02,45 a 59,Hombres,Quintil alto,Sur,Trabajadores rutinarios,Motorizados privados,54.06,50.7987283020462,25.92,28.391677467548213,9.35,10.139594230405587,78.67,11.93845,294.24262114000004,273.85,0,273.85,20.39262114,35.76144346157451,43.94011395247125,23.82299346157451,32.00166395247125,2.9954846283708947,1.995484628370895,351.14998585999996,312.21545675756335,772.2191173599999,3.261271697953802,-2.4716774675482114,-0.7895942304055872,168,168,0
3360,06036-1-01,18 a 29,Hombres,Quintil medio,Norte,Trabajadores rutinarios,Motorizados privados,64.02,58.94236758843651,30.09,33.46587625960065,10.25,11.951756151962838,63.64,6.075266,169.11852187999997,155.17999999999998,0,155.17999999999998,13.938521880000001,18.363144149352536,24.04945880022891,12.287878149352537,17.97419280022891,3.0226074297574024,2.022607429757403,219.82000744,188.97203988953035,464.89623787999994,5.077632411563485,-3.3758762596006484,-1.7017561519628384,168,168,0
3361,06036-1-02,30 a 44,Hombres,Quintil medio,Norte,Trabajadores rutinarios,Motorizados privados,49.37,51.160383613858855,27.99,29.42204448181893,13.73,10.507571904322218,76.91,3.343093,77.11850141,62.07,0,62.07,15.04850141,10.380439593780979,9.301794843726535,7.037346593780979,5.958701843726535,3.105040629674669,2.105040629674669,87.93,93.91541892680624,227.40383996,-1.7903836138588574,-1.4320444818189308,3.222428095677783,168,168,0
3369,06048-1-01,60 o mas,Mujeres,Quintil medio,Centro,Trabajadores rutinarios,Usuarios publicos,55.7,59.656161483882684,36.26,30.994641068648047,9.76,11.069197447469282,66.27999999999999,1.828814,64.9381615832168,28.789999999999996,13.2167832167832,15.573216783216795,49.3649448,4.633535079950603,3.5413494759836115,2.804721079950603,1.7125354759836116,2.5336283952061844,1.5336283952061844,36.926778216783205,44.16186172476863,121.08879849678321,-3.9561614838826813,5.265358931351951,-1.3091974474692822,168,168,0
3373,06054-1-06,30 a 44,Mujeres,Quintil alto,Norte,Trabajadores rutinarios,Movilidad mixta,59.73,55.78892063920143,33.25,33.181045547875215,7.84,11.850033812923357,67.18,2.501529,55.8166944987161,54.160000000000004,48.2596291012839,5.900370898716105,49.9163236,8.207280829008285,10.05337740609529,5.705751829008285,7.55184840609529,3.2809057296590542,2.2809057296590547,93.59963267128389,83.74090835894482,196.3874592812839,3.941079360798568,0.06895445212478535,-4.010033812923357,168,168,0
3377,06059-1-01,30 a 44,Hombres,Quintil medio,Centro,Trabajadores rutinarios,Motorizados privados,41.55,58.54364193454582,44.91,33.29546229837127,17.27,11.890895767082903,64.27000000000001,5.080105,139.94837695,103.87,0,103.87,36.07837695,15.379259759372802,5.048658410517262,10.299154759372803,-0.03144658948273804,3.027350765264262,2.027350765264262,71.12998579999996,157.45947115989583,387.01091469999994,-16.99364193454582,11.614537701628727,5.379104232917097,168,168,0
3379,06060-1-01,30 a 44,Mujeres,Quintil bajo,Norte,Trabajadores rutinarios,Movilidad mixta,48.21,59.139724196660474,36.94,27.30777758167464,11.05,9.752498221664895,71.8,2.821876,114.54266858,41,0,41,73.54266858,6.233301540030566,1.97724804832629,3.411425540030566,-0.8446279516737101,2.20892113616281,1.20892113616281,21.49997338,52.34229977717547,156.92180262,-10.929724196660473,9.632222418325359,1.2975017783351053,168,168,0
3381,06067-1-01,30 a 44,Mujeres,Quintil bajo,Norte,Trabajadores rutinarios,Motorizados privados,68.55,67.07682560542906,28.15,27.59728399005742,7.83,9.855890404513504,63.47000000000001,2.791678,141.059538,82.19,0,82.19,58.869538000000006,5.443804393828843,6.171163399375073,2.6521263938288433,3.3794853993750733,1.9500115678917278,0.9500115678917279,50.30998890000001,46.197360352513016,150.75456333999998,1.4731743945709326,0.5527160099425785,-2.025890404513504,168,168,0
3383,06073-1-01,45 a 59,Mujeres,Quintil bajo,Norte,Trabajadores rutinarios,Usuarios publicos,80.12,86.76366205591796,12.97,21.152198000931797,22.38,7.554139943150241,52.53,0.630695,50.53127216,0,0,0,50.53127216,0.6442052740849283,1.4033011354626868e-6,0.013510274084928331,-0.6306935966988645,1.0214212481229887,0.021421248122988658,1.1240000006296214e-5,4.19013568035718,22.295079490000006,-6.643662055917957,-8.1821980009317965,14.82586005684976,168,168,0
3389,06082-1-01,30 a 44,Mujeres,Quintil bajo,Norte,Trabajadores rutinarios,Movilidad mixta,68.65,69.19438028156753,23.57,31.71069577562578,20.01,11.324923942806691,55.769999999999996,2.711595,130.2701101847826,97.38000000000001,53.2608695652174,44.11913043478261,86.15097974999999,5.8821018802463625,5.659134880105469,3.1705068802463625,2.9475398801054693,2.1692405688336063,1.1692405688336063,55.88088656521742,57.35702541481453,174.05219666521742,-0.5443802815675269,-8.14069577562578,8.68507605719331,168,168,0
3391,06086-1-02,60 o mas,Mujeres,Quintil bajo,Norte,Trabajadores rutinarios,Movilidad mixta,67.83,66.35986136479846,28.62,31.529813613362577,12.7,11.260325021838966,58.849999999999994,2.671173,118.57564347000002,57.39,0,57.39,61.18564347000001,6.05261142889825,6.687403385308244,3.38143842889825,4.016230385308244,2.2659001977401876,1.2659001977401876,62.61002111999997,58.68302649139278,172.98288948,1.4701386352015362,-2.9098136133625765,1.4396749781610332,168,168,0
3396,06091-1-01,30 a 44,Hombres,Quintil bajo,Norte,Trabajadores rutinarios,Movilidad mixta,58.23,62.36417306160373,32.99,33.45717742429765,16.55,11.948649514098612,60.230000000000004,3.950196,135.94990831,80.93,0,80.93,55.019908310000005,10.730861977467967,8.380484883882975,6.780665977467967,4.430288883882975,2.7165391229873066,1.7165391229873066,94.07000476999997,110.40079866125478,289.76271461,-4.134173061603732,-0.4671774242976454,4.6013504859013885,168,168,0
3397,06091-1-02,30 a 44,Mujeres,Quintil bajo,Norte,Trabajadores rutinarios,Usuarios publicos,64.22,61.5057446740665,26.9,31.59916327689098,13.27,11.285092049042516,63.61,3.433435,126.42516982000001,80.93,0,80.93,45.495169819999994,8.722077688146925,10.335307799715839,5.2886426881469255,6.901872799715839,2.540335753595721,1.5403357535957214,94.07002587999997,84.75080664500348,231.99110982999997,2.7142553259335003,-4.699163276890982,1.9849079509574832,168,168,0
3401,06097-1-01,30 a 44,Hombres,Quintil bajo,Norte,Trabajadores rutinarios,Movilidad activa,71.07,63.52934416557057,30.61,32.819678119041825,6.39,11.720977715387605,59.93000000000001,3.117839,117.85484875000002,102.52000000000001,0,102.52000000000001,15.33484875,7.948714224564054,12.373042572486028,4.830875224564054,9.255203572486028,2.5494306231219936,1.5494306231219939,103.72996897999995,80.21941813383837,219.09001197999993,7.5406558344294226,-2.2096781190418255,-5.330977715387605,168,168,0
3406,06112-1-01,60 o mas,Hombres,Quintil bajo,Centro,Trabajadores rutinarios,Motorizados privados,50.07,53.83015801641517,41.64,36.3264733064433,11.42,12.973368677141533,64.87,2.080028,4.818880883597092,53.00999999999999,64.8381294964029,-11.828129496402909,16.64701038,9.592195403409479,8.261881429751112,7.512167403409478,6.181853429751111,4.611570326654006,3.6115703266540056,99.32812107640291,107.14935503497092,209.69440675640288,-3.7601580164151684,5.313526693556703,-1.553368677141533,168,168,0
3409,06119-1-02,45 a 59,Hombres,Quintil bajo,Centro,Trabajadores rutinarios,Movilidad activa,53.23,49.799200722541755,26.34,32.67241428228654,14.57,11.66838499517169,73.86000000000001,2.425322,17.094385755122,71.15,70.655487804878,0.49451219512199884,16.599873560000002,10.320130494947259,12.083253019573213,7.8948084949472594,9.657931019573214,4.255158900528366,3.2551589005283668,112.00550430487797,103.68471133967441,211.22542732487796,3.4307992774582416,-6.332414282286539,2.90161500482831,168,168,0
3410,06121-1-01,45 a 59,Hombres,Quintil bajo,Norte,Trabajadores rutinarios,Movilidad mixta,41.69,56.62277143110275,39.52,36.3319160945615,24.72,12.975312474335755,62.06999999999999,4.331405,52.93716879640451,122.08,74.7191011235955,47.360898876404505,5.57626992,17.214148781684106,8.76904307686177,12.882743781684105,4.43763807686177,3.9742644203633937,2.9742644203633937,127.6391056535955,192.3189864941311,405.88856285359554,-14.93277143110275,3.1880839054385035,11.744687525664244,168,168,0
3412,06127-1-01,45 a 59,Hombres,Quintil bajo,Centro,Trabajadores rutinarios,Movilidad activa,52.38,55.873278149007874,32.67,30.724132012240485,12.52,10.972589838751635,70.43,2.571058,75.0820292,52.91,0,52.91,22.1720292,7.257969648340981,5.819758268652445,4.686911648340981,3.2487002686524455,2.822950570675956,1.8229505706759557,59.58998884000002,68.5714095712319,175.77609985999996,-3.493278149007871,1.9458679877595166,1.547410161248365,168,168,0
3414,06128-1-01,45 a 59,Mujeres,Quintil medio,Sur,Trabajadores rutinarios,Usuarios publicos,56.62,52.002236084925435,32.27,33.69439593289968,8.84,12.033367982174896,70.26999999999998,4.766303,44.28806070000002,148.42000000000002,154,-5.579999999999984,49.8680607,19.647556593681063,24.21737841433985,14.881253593681063,19.45107541433985,4.122179516006654,3.122179516006654,225.58001515999996,203.57035315828833,421.52273149000007,4.617763915074562,-1.424395932899678,-3.1933679821748964,168,168,0
3416,06130-1-01,45 a 59,Mujeres,Quintil bajo,Sur,Trabajadores rutinarios,Usuarios publicos,73.5,67.28298809630353,10.61,23.348500639491917,14.86,8.338511264204554,69.03,3.048794,167.656367,99.82,31.25,68.57,99.086367,5.219649374272083,9.778112440740104,2.170855374272083,6.729318440740104,1.7120374070114555,0.7120374070114553,56.429992,37.47560341008162,134.08277518,6.2170119036964735,-12.738500639491917,6.521488735795446,168,168,0
3434,06163-1-05,30 a 44,Hombres,Quintil bajo,Centro,Trabajadores rutinarios,Motorizados privados,58.65,56.28250743720116,28.92,29.111003529481522,8.22,10.396489033317323,72.21,3.046787,101.31691394285718,115.47999999999999,42.8571428571428,72.62285714285719,28.694056800000002,7.838053528016199,9.194852724866982,4.791266528016199,6.148065724866981,2.5725636639568825,1.5725636639568827,77.37714360714281,70.16389804421064,190.53481278714287,2.3674925627988372,-0.19100352948152022,-2.1764890333173224,168,168,0
3451,06183-1-02,30 a 44,Mujeres,Quintil bajo,Sur,Trabajadores rutinarios,Movilidad activa,69.79,71.07665710615271,30.38,28.29741342732984,9.31,10.105929466517457,58.519999999999996,4.630593,251.67907323999998,178.51,0,178.51,73.16907324,8.900515216648309,7.949471482643239,4.269922216648308,3.318878482643239,1.9221113184959915,0.9221113184959914,71.49001223000005,77.44799761915101,255.27824840000005,-1.2866571061527026,2.0825865726701593,-0.7959294665174568,168,168,0
3452,06185-1-03,18 a 29,Hombres,Quintil medio,Sur,Trabajadores rutinarios,Motorizados privados,61.72,62.00450291188586,38.97,30.089540559189757,2.15,10.745956528924395,65.16,2.924701,117.98252928,74.97,0,74.97,43.012529279999995,6.848030968054435,6.711342769044883,3.923329968054435,3.786641769044883,2.341446516431743,1.3414465164317428,62.530016440000026,63.3621023908955,182.79372156000005,-0.2845029118858591,8.880459440810242,-8.595956528924395,168,168,0
3453,06185-1-04,18 a 29,Mujeres,Quintil medio,Sur,Trabajadores rutinarios,Movilidad activa,60.05,57.265837355266235,30.51,26.93484928400883,3.26,9.619313360724949,74.17999999999999,2.903938,111.85147115000001,74.97,0,74.97,36.88147115,6.573473350923272,8.17205707680794,3.6695353509232715,5.26811907680794,2.2636410801206055,1.2636410801206057,62.53000574999999,54.44497004777713,160.59599201000003,2.7841626447337617,3.575150715991171,-6.359313360724949,168,168,0
3454,06187-1-02,45 a 59,Mujeres,Quintil bajo,Sur,Trabajadores rutinarios,Motorizados privados,51.61,59.75544347840887,38.28,37.788905573666426,21.15,13.495650947924709,56.96,3.334213,52.2828656370588,109.91,92.2058823529412,17.704117647058794,34.578747990000004,12.646498603057953,8.896313711482355,9.312285603057953,5.562100711482355,3.792948621776099,2.792948621776099,119.79586729294121,146.9545108294173,317.94814588294116,-8.145443478408872,0.49109442633357503,7.65434905207529,168,168,0
3461,06197-1-01,30 a 44,Mujeres,Quintil medio,Sur,Trabajadores rutinarios,Usuarios publicos,59.08,60.1347956689348,34.49,31.894601613934963,9.85,11.390602717130225,64.58000000000001,2.800245,95.4994039709091,57.97,22.9090909090909,35.0609090909091,60.43849487999999,7.432225663173164,6.961425046653596,4.631980663173165,4.161180046653596,2.65413407154487,1.6541340715448702,69.93907062909088,72.89275692704723,194.10193392909088,-1.0547956689348013,2.595398386065039,-1.5406027171302252,168,168,0
3464,06200-1-01,45 a 59,Mujeres,Quintil bajo,Norte,Trabajadores rutinarios,Usuarios publicos,47.54,53.60252484854282,18.01,13.755085422259455,6.72,4.912389729197713,95.73,2.48311,118.12702107999999,45.080000000000005,0,45.080000000000005,73.04702108,3.540174075797863,-0.014272041058592632,1.057064075797863,-2.4973820410585925,1.4257016708071182,0.4257016708071181,-0.07997167999999988,14.97394439666516,61.327338620000006,-6.062524848542822,4.254914577740546,1.8076102708022868,168,168,0
3467,06206-2-01,30 a 44,Hombres,Quintil bajo,Norte,Trabajadores rutinarios,Motorizados privados,55.4,57.79624738156943,33.11,32.51985243564085,13.42,11.613900182789724,66.07,7.987618,223.12406519999996,155.60999999999999,0,155.60999999999999,67.51406519999999,23.853199814544706,20.80931112322389,15.865581814544704,12.821693123223888,2.9862719792740093,1.9862719792740093,219.38997200000006,238.5302807174769,591.0538375400001,-2.396247381569431,0.5901475643591496,1.806099817210276,168,168,0
3470,06212-1-02,30 a 44,Mujeres,Quintil bajo,Centro,Trabajadores rutinarios,Usuarios publicos,65.59,61.449113408778324,23.13,27.042962480949377,9.43,9.657924110272313,69.85,2.543008,112.22591491,57.92999999999999,0,57.92999999999999,54.29591491,5.295921073916972,7.39679155328399,2.752913073916972,4.853783553283989,2.082542042304614,1.0825420423046141,54.56997981000001,44.03967208143055,137.37032029,4.14088659122168,-3.9129624809493784,-0.22792411027231374,168,168,0
3478,06224-1-02,30 a 44,Hombres,Quintil bajo,Centro,Trabajadores rutinarios,Usuarios publicos,50.7,62.44816233653911,39.16,34.99424955013217,20.08,12.497588113328721,58.06,5.770584,177.978597,160.41,0,160.41,17.568597,16.948887454914082,8.537008180289096,11.178303454914083,2.7664241802890954,2.9371182284001205,1.9371182284001207,114.59001180000004,182.38376940863523,456.43940796000004,-11.74816233653911,4.165750449867829,7.582411886671277,168,168,0
3484,06233-1-01,30 a 44,Hombres,Quintil alto,Norte,Trabajadores rutinarios,Motorizados privados,74.5,68.100342344084,26.79,31.91998846580211,10.13,11.399669190113885,56.580000000000005,10.556666,482.2916095,395.82,0,395.82,86.4716095,24.106945042284245,36.36159767116672,13.550279042284245,25.80493167116672,2.283575613956551,1.2835756139565508,304.18000750000004,236.62095911215187,693.9321162199999,6.399657655916002,-5.129988465802111,-1.2696691901138841,168,168,0
3491,06247-1-03,60 o mas,Mujeres,Quintil bajo,Sur,Trabajadores rutinarios,Usuarios publicos,36.78,39.73518703056534,12.51,16.803673120665092,13.25,6.001139848769588,105.46,2.954314,85.73289761955161,17.71,40.6367713004484,-22.9267713004484,108.65966892,6.126629789499838,3.9279958782437414,3.172315789499838,0.9736818782437413,2.073791001735035,1.073791001735035,22.926771300448394,31.65732171746602,99.02989994044842,-2.955187030565341,-4.293673120665092,7.248860151230412,168,168.00000000000003,2.842170943040401e-14
3495,06257-1-01,30 a 44,Hombres,Quintil bajo,Centro,Trabajadores rutinarios,Motorizados privados,58.48,56.11094742186959,31.08,30.600585300529932,8.08,10.928467277600474,70.36000000000001,6.687197,196.92727832000003,155.86,0,155.86,41.06727832,18.948186658662834,21.879950263208073,12.260989658662833,15.192753263208072,2.8335020874460306,1.8335020874460304,194.14000223999994,178.29768094668407,456.0106367599999,2.3690525781304075,0.4794146994700661,-2.8484672776004736,168,168,0
3499,06265-1-01,45 a 59,Hombres,Quintil bajo,Sur,Trabajadores rutinarios,Movilidad mixta,49.28,57.66940029141688,31.45,29.59224400293943,17.1,10.568355705643706,70.16999999999999,3.824346,131.68378859999999,118.22,0,118.22,13.463788599999999,9.765610893537495,5.1615483713851535,5.941264893537495,1.3372023713851537,2.5535374920411216,1.5535374920411216,56.77998228000001,88.86395172687898,242.45198058000003,-8.389400291416877,1.8577559970605684,6.531644294356296,168,168,0
3501,06267-1-01,45 a 59,Hombres,Quintil bajo,Norte,Trabajadores rutinarios,Movilidad mixta,59.42,61.37505109710793,31.59,29.433342210940634,10.31,10.511606691951446,66.67999999999999,3.978179,160.32340054,134.44,10.5,123.94,36.38340054,9.262978029425902,8.01154463228761,5.284799029425902,4.03336563228761,2.3284467665798605,1.3284467665798603,76.05999564000001,83.83753885844172,242.74569574,-1.9550510971079262,2.1566577890593663,-0.20160669195144543,168,168,0
3505,06277-1-01,45 a 59,Hombres,Quintil bajo,Sur,Trabajadores rutinarios,Motorizados privados,50.74,54.994388175704316,31.29,28.210663563976734,11.25,10.074948260318951,74.72,3.911169,128.14269384000002,79.69000000000001,0,79.69000000000001,48.45269384,10.023196429429758,7.294469734776938,6.112027429429758,3.383300734776938,2.5627111560328273,1.5627111560328275,70.31002121999998,86.94965236678127,236.69115048,-4.254388175704314,3.079336436023265,1.1750517396810487,168,168,0
3506,06280-1-02,60 o mas,Mujeres,Quintil bajo,Centro,Trabajadores rutinarios,Movilidad activa,47.51,49.671476884857704,25.19,23.570668470736226,8.96,8.417854644406072,86.34,1.991259,66.2047434210837,24.27,42.6699507389163,-18.3999507389163,84.60469416000001,4.512124687813348,3.6702967745809643,2.5208656878133477,1.6790377745809644,2.2659657472048327,1.2659657472048327,28.39997166891628,32.70403196918116,96.40146651891628,-2.1614768848577057,1.6193315292637749,0.5421453555939291,168,168,0
3507,06282-1-02,30 a 44,Mujeres,Quintil bajo,Norte,Trabajadores rutinarios,Usuarios publicos,53.63,58.136531500360014,34.53,31.10489557218356,12.19,11.108572927456427,67.65,2.90419,93.85169639,74.35,21.25,53.099999999999994,40.75169639,7.839958655171919,5.847387722924105,4.935768655171919,2.943197722924105,2.699533658325357,1.6995336583253573,61.90001330999999,74.98783702803053,197.58377010999996,-4.506531500360012,3.425104427816443,1.0814270725435726,168,168,0
3510,06285-1-02,30 a 44,Mujeres,Quintil bajo,Centro,Trabajadores rutinarios,Motorizados privados,43.3,56.195801526632856,44.66,33.050711279504995,13.09,11.803487193862143,66.95,3.231461,75.8422387,65.92,0,65.92,9.9222387,10.405446338639756,4.897164030461,7.173985338639756,1.665703030461,3.2200439177943836,2.2200439177943836,64.08002259999998,105.75230229705454,250.69689534999998,-12.895801526632859,11.609288720495002,1.286512806137857,168,168,0
3511,06286-1-01,60 o mas,Hombres,Quintil bajo,Sur,Trabajadores rutinarios,Movilidad mixta,78.16,70.83688440584605,20.66,29.343569622233655,11.84,10.479545971920293,57.34,2.335497,124.51241744000001,54.47,0,54.47,70.04241744000001,4.53573573419861,7.880311826544702,2.20023873419861,5.544814826544702,1.9420858747404128,0.9420858747404128,58.030028079999994,40.92691357920023,133.93368058000001,7.323115594153947,-8.683569622233655,1.3604540280797064,168,168,0
3526,06316-1-01,30 a 44,Mujeres,Quintil bajo,Centro,Trabajadores rutinarios,Usuarios publicos,67.93,58.906256250878634,22.8,29.992458419381883,8.88,10.711285329739477,68.39,6.156342,218.24035504999995,212.53999999999996,62.5,150.03999999999996,68.20035505,15.657664547439083,27.856839698608063,9.501322547439083,21.70049769860806,2.5433389742543677,1.5433389742543675,199.9599570100001,144.40670437004673,394.99287157000003,9.023743749121373,-7.192458419381882,-1.831285329739476,168,168,0
3527,06317-1-01,45 a 59,Hombres,Quintil bajo,Centro,Trabajadores rutinarios,Motorizados privados,53.03,57.25359525277776,31.86,32.838651145234266,16.93,11.727753601987969,66.18,2.637381,69.90029381000001,45.040000000000006,0,45.040000000000006,24.860293809999998,8.03125145391301,6.328387936174452,5.39387045391301,3.691006936174452,3.0451616410040905,2.045161641004091,69.96002061999998,81.09925049136625,198.63783960999996,-4.223595252777756,-0.9786511452342666,5.202246398012031,168,168,0
3546,06363-2-02,30 a 44,Hombres,Quintil bajo,Norte,Trabajadores rutinarios,Movilidad activa,65.04,63.309625125300265,24.3,23.933088289855313,6.45,8.547286584844421,72.21,2.712221,135.45288104000002,84.05000000000001,0,84.05000000000001,51.40288104,4.926546491759347,5.877362542273235,2.214325491759347,3.165141542273235,1.8164251702790248,0.8164251702790248,40.94997279999998,36.25681372696698,124.35076855,1.7303748746997414,0.36691171014468793,-2.0972865848444213,168,168,0
3553,06382-1-01,30 a 44,Hombres,Quintil alto,Centro,Trabajadores rutinarios,Motorizados privados,56.76,55.02533792606489,20.26,31.827885763449352,21.2,11.366776310485754,69.78,21.853778,523.86046064,483.44000000000005,0,483.44000000000005,40.420460639999995,69.34105316586411,76.27763755703494,47.48727516586411,54.42385955703494,3.1729549538694917,2.1729549538694917,716.5599786399997,678.6510587712024,1622.6176145199997,1.7346620739351053,-11.56788576344935,9.833223689514245,168,168,0
3554,06382-1-02,30 a 44,Mujeres,Quintil alto,Centro,Trabajadores rutinarios,Motorizados privados,57.79,57.33125158028501,33.22,32.5087966268959,10.44,11.609951792819075,66.55000000000001,6.32465,171.43150465999997,130.92999999999998,0,130.92999999999998,40.50150466,19.12349864304009,19.617727601399505,12.79884864304009,13.293077601399505,3.0236453626746287,2.0236453626746287,194.07001884000005,191.16859564724962,470.20423784,0.45874841971498626,0.7112033731040981,-1.1699517928190755,168,168,0
3556,06390-1-01,45 a 59,Hombres,Quintil medio,Norte,Trabajadores rutinarios,Movilidad mixta,87.65,64.70256211247978,13.43,31.65308767630108,6.58,11.30435021121915,60.33999999999999,2.975891,124.15684999999999,113.32,0,113.32,10.83685,7.02641946392132,30.146149775471944,4.05052846392132,27.170258775471943,2.3611145246654934,1.3611145246654934,136.67999615,68.39092226746956,196.22757506000002,22.947437887520223,-18.22308767630108,-4.72435021121915,168,168,0
3558,06396-1-01,45 a 59,Mujeres,Quintil alto,Norte,Trabajadores rutinarios,Movilidad activa,85.11,60.033860047580355,20,38.084811385801864,6.61,13.601328566617772,56.28,11.318321,167.953110948754,361.59,197.239158731246,164.35084126875398,3.6022696800000005,43.678777388283336,131.9128038427736,32.36045638828334,120.5944828427736,3.8591216301678792,2.8591216301678792,795.349189361246,511.5293879388357,1096.5297111712457,25.076139952419645,-18.084811385801864,-6.991328566617772,168,168,0
3563,06407-1-01,60 o mas,Hombres,Quintil medio,Centro,Trabajadores rutinarios,Movilidad mixta,97.43,67.70466043427481,13.43,37.737903221560416,8.06,13.477436344164776,49.07999999999999,1.439572,50.642139961063805,77.14,66.7553191489362,10.384680851063806,40.25745911,4.034954736822673,18.40433041236362,2.595382736822673,16.964758412363622,2.8028849802737708,1.8028849802737708,89.61535999893621,46.82359346962606,120.55176227893622,29.725339565725193,-24.307903221560416,-5.417436344164775,168,168,0
3565,06411-1-02,45 a 59,Mujeres,Quintil bajo,Sur,Trabajadores rutinarios,Usuarios publicos,57.24,63.00586373825486,16.98,16.68527886425359,11.43,5.958857397491556,82.35,2.893579,160.53844972000002,71.16000000000001,26.25,44.91000000000001,115.62844972,4.243813909927457,0.7907179107777841,1.3502349099274573,-2.1028610892222157,1.4666314311541027,0.4666314311541027,5.090012239999993,21.77399446987573,87.29659163,-5.765863738254858,0.29472113574641057,5.4711426025084435,168,168,0
3569,06426-1-01,45 a 59,Hombres,Quintil alto,Norte,Trabajadores rutinarios,Motorizados privados,42.24,50.984605354488714,38.44,30.303150896600116,11.43,10.822243748911193,75.88999999999999,12.694747,248.74573082962965,257.89000000000004,70.3703703703704,187.51962962962966,61.226101199999995,42.764396854482,25.44150678339651,30.069649854482,12.74675978339651,3.368668698516166,2.368668698516166,287.48038245037037,398.4909350404498,920.5674153403705,-8.744605354488712,8.136849103399882,0.6077562510888068,168,168,0
3570,06429-1-01,60 o mas,Mujeres,Quintil medio,Centro,Trabajadores rutinarios,Motorizados privados,60.96,58.80269784279308,24.41,26.31821059028881,9.15,9.399091566918122,73.47999999999999,3.288366,136.22877248,60.77,0,60.77,75.45877248000001,7.060010044476499,8.446758563676935,3.771644044476499,5.158392563676935,2.1469660142686364,1.1469660142686366,64.23001887999999,57.1360198145141,174.58758184,2.157302157206921,-1.9082105902888102,-0.2490915669181213,168,168,0
3571,06429-1-02,45 a 59,Hombres,Quintil medio,Centro,Trabajadores rutinarios,Motorizados privados,55.22,59.52954870260958,39.51,31.927941735287835,8.13,11.40250956210256,65.14000000000001,2.886564,95.16606408000001,60.77,0,60.77,34.39606408,7.8091728213766345,5.950317675732015,4.922608821376635,3.0637536757320154,2.705352391762883,1.705352391762883,64.22999999999999,76.66978814119952,201.74590895999995,-4.3095487026095824,7.582058264712163,-3.2725095621025595,168,168,0
3575,06444-1-02,60 o mas,Hombres,Quintil alto,Centro,Trabajadores rutinarios,Usuarios publicos,59.03,52.506627112480594,30.67,33.27115724712679,7.96,11.882215640392609,70.34,2.848924,37.471993600000005,144.3,150,-5.699999999999989,43.17199359999999,10.958447809123822,14.932235472563857,8.109523809123822,12.083311472563857,3.8465216373352966,2.8465216373352966,130.69999012,112.11539653979663,240.75392423999995,6.5233728875194075,-2.6011572471267854,-3.9222156403926087,168,168,0
3584,06451-1-01,30 a 44,Hombres,Quintil bajo,Centro,Trabajadores rutinarios,Motorizados privados,59.81,52.696130806054086,22.39,24.480930340760498,3.72,8.742938853185418,82.08,3.716197,132.52572994000002,85.26,0,85.26,47.26572994,8.409134795923508,15.16887029341162,4.692937795923508,11.452673293411621,2.262833427808996,1.262833427808996,89.74001263,63.30347327306578,186.76991629999998,7.113869193945916,-2.0909303407604973,-5.022938853185417,168,168,0
3587,06457-1-02,45 a 59,Mujeres,Quintil alto,Centro,Trabajadores rutinarios,Motorizados privados,50.58,54.34391229301654,34.03,31.696303658653893,12.75,11.319784048329577,70.64,4.625774,107.40166056000001,73.43,0,73.43,33.971660560000004,14.772304384976154,11.941104691518733,10.146530384976154,7.315330691518733,3.193477326167719,2.193477326167719,126.56998835999997,143.98099598331626,342.96369608,-3.7639122930165385,2.3336963413461085,1.430215951670423,168,168,0
3591,06465-1-01,45 a 59,Mujeres,Quintil medio,Sur,Trabajadores rutinarios,Motorizados privados,57,58.98839548830056,43.03,34.19828227775706,5.37,12.21332223394237,62.6,4.860134,126.40762100000002,149.38000000000002,50,99.38000000000002,27.027621,15.241835224596572,13.734451304566884,10.381701224596572,8.874317304566883,3.136093618940665,2.136093618940665,150.62001700000002,160.28388551813617,385.8505026000001,-1.9883954883005615,8.831717722242942,-6.843322233942369,168,167.99999999999997,-2.842170943040401e-14
3593,06469-1-01,60 o mas,Mujeres,Quintil bajo,Norte,Trabajadores rutinarios,Movilidad mixta,35.66,47.14373448108683,16.65,19.007917937967047,20.63,6.788347580946126,95.06,3.137597,111.88670901999998,0,0,0,111.88670901999998,6.164494201167648,0,3.0268972011676483,-3.137597,1.9647182863725483,0.9647182863725483,0,36.03133085665462,116.96961616000002,-11.483734481086834,-2.3579179379670485,13.841652419053872,168,168,0
3596,06472-1-01,30 a 44,Mujeres,Quintil alto,Centro,Trabajadores rutinarios,Movilidad activa,61.48,62.088622873148175,35.28,30.241242784402232,6.37,10.800134342449583,64.87,4.332781,173.27938624,106.89999999999999,0,106.89999999999999,66.37938624,10.295132966150854,9.86526169377035,5.962351966150854,5.53248069377035,2.3761027769810785,1.3761027769810785,93.09998963999999,95.73701926094179,273.56031828999994,-0.6086228731481782,5.038757215597769,-4.430134342449583,168,168,0
3603,06494-1-02,30 a 44,Mujeres,Quintil medio,Centro,Trabajadores rutinarios,Usuarios publicos,63.07,57.47843109092703,25.72,28.00136720596491,6.69,10.000201703108047,72.52000000000001,3.645523,134.8464839533333,112.59,32.6666666666667,79.9233333333333,54.92315062,8.674595073988714,12.946990546198386,5.029072073988714,9.301467546198385,2.3795200507550534,1.3795200507550534,95.07665165666671,74.69245859255628,213.22805208666665,5.5915689090729686,-2.281367205964912,-3.3102017031080466,168,168,0
3604,06496-1-01,30 a 44,Hombres,Quintil bajo,Norte,Trabajadores rutinarios,Motorizados privados,64.75,57.53610667039175,26.98,29.100982966298975,5.3,10.392910363309278,70.97,2.057749,73.22923175000001,58.99000000000001,0,58.99000000000001,14.239231750000002,5.047218978159311,8.204728221333244,2.989469978159311,6.146979221333245,2.452786505137075,1.4527865051370752,60.010015999999965,45.16563421489194,126.43415371999997,7.213893329608247,-2.1209829662989748,-5.0929103633092785,168,168,0
3606,06498-1-02,30 a 44,Hombres,Quintil bajo,Norte,Trabajadores rutinarios,Motorizados privados,62.78,60.30717590214027,29.72,30.691786055474388,9.46,10.961038042385345,66.03999999999999,4.261351,155.56764242000003,88.04,0,88.04,67.52764242,10.74641040944648,12.611662440994227,6.485059409446479,8.350311440994226,2.521831787488634,1.5218317874886342,111.95997335999999,101.42240191776136,278.91970554000005,2.4728240978597285,-0.9717860554743893,-1.5010380423853444,168,168,0
3608,06503-1-02,18 a 29,Mujeres,Quintil medio,Centro,Trabajadores rutinarios,Movilidad mixta,66.53,62.031063386039975,26.05,27.535213578355602,6.82,9.833723035604429,68.6,3.878816,170.56763268,102.51,0,102.51,68.05763268,8.271913061649206,11.747154342777506,4.393097061649206,7.8683383427775055,2.13258712494978,1.1325871249497799,87.4899958,70.03944847878603,214.98667772000002,4.498936613960026,-1.4852135783556015,-3.0137230356044284,168,168,0
3609,06504-1-01,45 a 59,Mujeres,Quintil bajo,Centro,Trabajadores rutinarios,Movilidad mixta,70.34,62.694088522453264,10.66,26.50876626337291,17.67,9.467145214173836,69.33,2.3408350000000002,108.78432106,62.879999999999995,0,62.879999999999995,45.90432106,4.658304644525092,8.70374542532965,2.317469644525092,6.36291042532965,1.990018367174573,0.990018367174573,55.870012840000015,37.972195646456896,122.18586839000002,7.64591147754674,-15.848766263372909,8.202854785826165,168,168,0
3612,06508-1-01,45 a 59,Mujeres,Quintil bajo,Norte,Trabajadores rutinarios,Movilidad mixta,70.75,63.86197821691507,31.02,34.483012940764205,8.89,12.315008842320712,57.34,2.24363,78.95421842105262,47.52,37.3026315789474,10.217368421052605,68.73685,6.066657151356589,8.822678686500732,3.8230271513565888,6.579048686500732,2.703947242351274,1.703947242351274,79.78260407894737,64.32843176576455,169.32587737894738,6.88802178308493,-3.463012940764205,-3.425008842320711,168,168,0
3616,06508-1-07,18 a 29,Hombres,Quintil bajo,Norte,Trabajadores rutinarios,Movilidad mixta,61.69,58.50319488532632,34.19,33.273686275681136,7.78,11.883118838992536,64.34,3.905194,107.95034667842108,79.21,24.6710526315789,54.53894736842109,53.41139930999999,11.778647060179946,13.9816851888622,7.873453060179946,10.0764911888622,3.0161490210678257,2.0161490210678257,132.9610711815789,120.51597896858596,296.86206336157886,3.1868051146736747,0.9163137243188615,-4.103118838992535,168,168,0
3617,06511-1-01,45 a 59,Hombres,Quintil bajo,Norte,Trabajadores rutinarios,Motorizados privados,52.32,52.07730496680919,31.09,30.013791105362635,9.4,10.718903927828185,75.19,3.758984,87.50004016,65.83,0,65.83,21.67004016,11.729775435701317,11.899522311159457,7.970791435701317,8.140538311159457,3.120464315810154,2.120464315810154,109.17000271999999,108.25771597335626,261.37126488,0.2426950331908131,1.0762088946373645,-1.3189039278281847,168,168,0
3618,06512-1-01,45 a 59,Mujeres,Quintil bajo,Centro,Trabajadores rutinarios,Movilidad mixta,67.06,73.60153294680588,25.39,17.88953168699565,5.43,6.388935366198471,70.12,3.635499,238.95658072,170.16,0,170.16,68.79658072000001,5.202935362925805,0.6930827902380051,1.5674363629258052,-2.9424162097619946,1.4311475159051907,0.4311475159051908,4.839982219999996,28.6217187065798,116.88606139999999,-6.541532946805873,7.500468313004351,-0.958935366198471,168,168,0
3622,06527-1-02,45 a 59,Mujeres,Quintil bajo,Centro,Trabajadores rutinarios,Usuarios publicos,57.75,58.146068515497504,32.54,30.493653161971924,9.24,10.890278322530559,68.47000000000001,2.667328,89.80817100000002,35.77,0,35.77,54.038171000000006,6.962502996528074,6.78490250726235,4.295174996528074,4.117574507262351,2.610291271462705,1.610291271462705,64.230021,65.28646564130491,175.67098483999996,-0.3960685154975039,2.046346838028075,-1.6502783225305588,168,168,0
3627,06535-1-04,18 a 29,Hombres,Quintil medio,Centro,Trabajadores rutinarios,Movilidad activa,61.38,56.689361702772295,23.69,26.33540577050505,7.36,9.405232526722651,75.57000000000001,2.855359,110.28191534000001,60.02,0,60.02,50.26191534000001,6.370129763065556,9.236176424213633,3.514770763065556,6.3808174242136335,2.230938303402674,1.2309383034026742,64.98002008,51.5865638022662,153.63891702999996,4.690638297227707,-2.64540577050505,-2.0452325267226508,168,168,0
3628,06539-1-01,30 a 44,Hombres,Quintil bajo,Sur,Trabajadores rutinarios,Movilidad mixta,65.81,65.85581741590643,32.19,31.68016292006493,10.85,11.314019664028642,59.15,4.515326,194.74361093000002,130.09,0,130.09,64.65361093000001,10.533751438347936,10.501323988735336,6.018425438347936,5.9859979887353365,2.332888353653299,1.3328883536532992,102.40999313,102.6168736992951,296.74962416999995,-0.04581741590642707,0.5098370799350675,-0.46401966402864225,168,168,0
3632,06544-1-01,45 a 59,Hombres,Quintil bajo,Norte,Trabajadores rutinarios,Movilidad activa,68.53,62.58117161656464,18.42,28.721458564892906,14.61,10.257369818542466,66.44,2.665211,115.42688304,45.28,0,45.28,70.14688304,5.815856895010075,8.98181469426738,3.150645895010075,6.316603694267379,2.1821375099420175,1.1821375099420175,67.22002679000002,51.36514394535587,155.25194612,5.948828383435362,-10.301458564892904,4.352630181457533,168,168,0
3637,06553-1-02,45 a 59,Hombres,Quintil bajo,Centro,Trabajadores rutinarios,Motorizados privados,44.17,57.26490384296723,45.16,30.91451451558769,9.89,11.04058164144508,68.78,2.593541,81.13668604,66.58,0,66.58,14.55668604,7.08817422837987,2.679312464671358,4.49463322837987,0.0857714646713581,2.733010285312578,1.7330102853125784,33.42001993000001,67.38218993779307,176.19445198000003,-13.094903842967227,14.245485484412306,-1.1505816414450791,168,168,0
3640,06558-1-02,60 o mas,Hombres,Quintil bajo,Centro,Trabajadores rutinarios,Motorizados privados,59.69,63.886137732669255,30.61,29.211487227444188,13.23,10.432375039886558,64.47,1.196921,54.229926794890886,14.139999999999999,6.35430038510911,7.785699614890889,46.44422718,2.475534637926329,1.73297578634615,1.2786136379263293,0.53605478634615,2.0682523223557188,1.068252322355719,17.214287695109107,22.236733066233327,69.6873043351091,-4.196137732669257,1.3985127725558115,2.797624960113442,168,168,0
3643,06562-1-01,60 o mas,Mujeres,Quintil bajo,Centro,Trabajadores rutinarios,Motorizados privados,53.24,56.93050050379458,12.59,9.401807373070602,3.86,3.357692123134834,98.30999999999999,1.17453,63.881964159999995,21.349999999999998,0,21.349999999999998,42.53196416,1.032354591855521,-0.3621910000557051,-0.14217540814447904,-1.5367210000557052,0.8789512331362511,-0.12104876686374894,-1.3499869599999883,2.984616596721864,17.971031540000027,-3.6905005037945813,3.188192626929398,0.5023078768651659,168,168,0
3648,06572-1-01,60 o mas,Hombres,Quintil bajo,Norte,Trabajadores rutinarios,Movilidad mixta,60.74,60.07911285423443,26.53,32.28194976694178,16.62,11.528937378823795,64.10999999999999,3.439414,113.67001456,54.76,0,54.76,58.91001456000001,9.365272378657762,9.741201625504482,5.925858378657762,6.301787625504482,2.7229267481779633,1.7229267481779633,95.23999180000001,92.96692729843389,243.65070590000008,0.660887145765571,-5.751949766941777,5.0910626211762064,168,168,0
3649,06575-1-01,18 a 29,Hombres,Quintil bajo,Norte,Trabajadores rutinarios,Motorizados privados,60.25,51.85248943165646,25.88,32.31630412686644,9.58,11.541206441477085,72.29,1.556189,24.540380499999983,88.27999999999999,112.5,-24.220000000000013,48.7603805,5.650597978491788,8.615230258985692,4.0944089784917885,7.059041258985692,3.631048657002323,2.631048657002323,69.22000675000002,56.151893176160044,124.40246869000002,8.397510568343542,-6.4363041268664425,-1.961206441477085,168,168,0
3652,06578-1-01,30 a 44,Mujeres,Quintil bajo,Centro,Trabajadores rutinarios,Motorizados privados,65.45,71.89960139974993,36.44,28.221559165268406,8.31,10.07883943498167,57.8,3.046909,169.5501869,107.63000000000001,0,107.63000000000001,61.9201869,5.706413191175832,2.945888263480407,2.659504191175832,-0.10102073651959298,1.8728531738807532,0.8728531738807533,29.870007149999992,49.521355701310625,166.2191849,-6.449601399749923,8.218440834731592,-1.76883943498167,168,168,0
3653,06585-1-01,30 a 44,Hombres,Quintil medio,Centro,Trabajadores rutinarios,Motorizados privados,73.63,71.48182901555907,21.27,30.327302065311887,17.74,10.830868919129028,55.360000000000014,4.970463,260.96517471000004,169.99,0,169.99,90.97517471000002,10.115323444933619,11.880336929535376,5.144860444933619,6.909873929535377,2.035086760515795,1.035086760515795,105.01001597999993,94.33261158416275,298.9077776099998,2.148170984440924,-9.057302065311887,6.909131080870971,168,168,0
3661,06600-1-01,60 o mas,Hombres,Quintil alto,Sur,Trabajadores rutinarios,Motorizados privados,51.44,57.22916464067131,42.14,34.241926389355605,10.12,12.22890896997308,64.3,9.938513,215.66709711999997,204.42999999999998,0,204.42999999999998,11.23709712,33.53499389492743,24.96117048439401,23.59648089492743,15.02265748439401,3.374246619683189,2.374246619683189,295.57001160000004,353.10569964045214,814.9567009800002,-5.789164640671309,7.898073610644396,-2.108908969973081,168,168,0
3663,06600-1-05,30 a 44,Mujeres,Quintil alto,Sur,Trabajadores rutinarios,Motorizados privados,50.09,57.7041300664908,43.6,34.31195239315715,10.58,12.25391754035206,63.730000000000004,8.075919,182.84277495999999,153.32,0,153.32,29.52277496,26.838312083663986,18.057661617952803,18.762393083663987,9.981742617952802,3.32325176659944,2.3232517665994403,221.68000775000007,283.1711054224443,659.23329917,-7.6141300664907945,9.288047606842852,-1.6739175403520594,168,168,0
3668,06605-1-01,30 a 44,Hombres,Quintil bajo,Norte,Trabajadores rutinarios,Motorizados privados,78.44,62.00427600565826,13.41,30.43602615568996,11.46,10.869697838651787,64.69,3.672457,145.52982904727267,100.35999999999999,55.3977272727273,44.96227272727268,100.56755632,8.78052357581043,25.294607146154224,5.1080665758104296,21.622150146154222,2.3909125623010503,1.3909125623010505,142.53769803272732,82.17820839963906,233.87170362272732,16.435723994341735,-17.02602615568996,0.5903021613482142,168,168,0
3672,06609-1-02,30 a 44,Hombres,Quintil bajo,Sur,Trabajadores rutinarios,Motorizados privados,33.63,49.44534239549911,37.58,28.681542953082054,17.16,10.243114651418825,79.63000000000001,5.705516,121.30935565285719,122.28999999999999,42.8571428571428,79.43285714285719,41.87649851,18.232246619634477,5.6894692204924,12.526730619634478,-0.01604677950760003,3.1955473649770636,2.1955473649770636,70.56714742714283,160.80183651014133,382.88709326714275,-15.815342395499108,8.898457046917944,6.916885348581175,168,168,0
3673,06611-1-03,30 a 44,Mujeres,Quintil medio,Centro,Trabajadores rutinarios,Movilidad activa,56.35,60.51981056590405,36.5,33.85828965657716,13.62,12.091899777518773,61.53000000000001,2.952307,89.4100899732441,112.27,56.7224080267559,55.547591973244096,33.862498,8.573497229794558,6.776183272168626,5.621190229794559,3.823876272168626,2.9039992215560777,1.9039992215560777,76.9524094767559,89.26297039914839,224.92203631675585,-4.169810565904051,2.6417103434228366,1.5281002224812266,168,168,0
3675,06614-1-01,45 a 59,Mujeres,Quintil bajo,Sur,Trabajadores rutinarios,Movilidad activa,38.76,48.733836657109244,35.83,28.365807958200584,12.64,10.130355384690167,80.77000000000001,2.951939,61.86716468,52.45,35,17.450000000000003,44.41716468,9.400020502582738,4.784908189952351,6.448081502582738,1.8329691899523515,3.1843545895029464,2.1843545895029464,52.54999095999999,81.99214836775039,195.63047428999997,-9.973836657109246,7.464192041799414,2.509644615309833,168,168,0
3683,06627-1-01,45 a 59,Hombres,Quintil bajo,Norte,Trabajadores rutinarios,Usuarios publicos,40.76,56.001816171931004,46.44,32.87680443990076,13.42,11.741379388168216,67.38000000000001,1.903119,45.66114056,30.590000000000003,0,30.590000000000003,15.071140559999998,6.025602220324227,2.3526858324323396,4.122483220324227,0.44956683243233964,3.1661720682333723,2.1661720682333723,31.90998987999999,60.916979831309156,145.83069321999997,-15.241816171931006,13.563195560099238,1.678620611831784,168,168,0
3689,06637-1-01,30 a 44,Mujeres,Quintil bajo,Sur,Trabajadores rutinarios,Motorizados privados,62.39,57.079719263251114,27.17,28.59726462548313,6.33,10.213016111265746,72.11,5.622399,197.75148837,181.97,10,171.97,25.781488369999998,14.006975494305197,20.16070489354037,8.384576494305197,14.53830589354037,2.491280945074371,1.4912809450743707,153.02998523999997,123.1734681359838,341.38035174,5.3102807367488865,-1.4272646254831294,-3.8830161112657464,168,168,0
3696,06645-1-01,45 a 59,Hombres,Quintil bajo,Sur,Trabajadores rutinarios,Usuarios publicos,72.74,72.78903082382621,27.53,25.83459316766953,7.58,9.226376008504252,60.150000000000006,2.752277,162.63063599999998,77.42999999999999,0,77.42999999999999,85.200636,4.746224898739462,4.722633763825234,1.9939478987394623,1.9703567638252344,1.7244721002789554,0.7244721002789554,37.569992979999995,37.70493938870794,134.20243845,-0.04903082382621449,1.6954068323304696,-1.6463760085042516,168,168,0
3701,06649-1-02,45 a 59,Mujeres,Quintil bajo,Sur,Trabajadores rutinarios,Usuarios publicos,57.99,61.66039468869071,32.9,26.72517387814773,7.04,9.544431433161591,70.06999999999998,2.052935,92.38968334,23.339999999999996,0,23.339999999999996,69.04968334,4.160974166688965,2.9459566359020437,2.108039166688965,0.8930216359020435,2.026841651922231,1.0268416519222308,26.660017310000015,34.19509903022727,108.65424121000007,-3.670394688690706,6.17482612185227,-2.5044314331615913,168,168,0
3704,06659-1-01,45 a 59,Hombres,Quintil alto,Centro,Trabajadores rutinarios,Motorizados privados,46.89,43.21363576240908,21.31,23.9964493508653,7.58,8.569914886725618,92.22,13.76683,288.39666733,267.87,0,267.87,20.52666733,41.53945996881028,54.557286864338565,27.77262996881028,40.790456864338566,3.0173583874290797,2.0173583874290797,357.12999136999997,306.5181098930062,754.8537100700001,3.676364237590917,-2.6864493508653027,-0.989914886725618,168,168,0
3707,06661-1-01,45 a 59,Hombres,Quintil bajo,Centro,Trabajadores rutinarios,Movilidad mixta,48.65,59.82060412789697,38.08,29.30398637063293,12.86,10.4654095014701,68.41,4.674352,178.39721360000001,150.99,0,150.99,27.407213600000002,11.233478630338226,4.246194118152025,6.559126630338226,-0.42815788184797476,2.4032162383873157,1.4032162383873157,49.01001119999998,101.22534694644341,287.12150208,-11.170604127896972,8.776013629367068,2.394590498529899,168,168,0
3709,06665-1-01,30 a 44,Hombres,Quintil bajo,Centro,Trabajadores rutinarios,Movilidad mixta,62.88,61.7502485981288,23.01,25.421061162757788,10.36,9.07869023911342,71.75,5.118088,236.0153536,164.19,0,164.19,71.8253536,10.237624163206357,11.348952517860628,5.119536163206357,6.230864517860628,2.0002829500403974,1.0002829500403974,85.81001984000002,80.02785274709984,256.60061640000004,1.1297514018712036,-2.411061162757786,1.2813097608865789,168,168,0
3712,06668-1-01,30 a 44,Hombres,Quintil medio,Sur,Trabajadores rutinarios,Motorizados privados,53.31,52.036698193694775,24.24,27.450008340680256,11.74,9.803293465624959,78.71000000000001,9.17277,266.96034901,240.46,0,240.46,26.50034901,24.92143380973634,27.236047406630384,15.748663809736339,18.063277406630384,2.716892913453225,1.7168929134532251,222.04001969,210.3603150801776,552.0762842899999,1.273301806305227,-3.2100083406802575,1.9367065343750411,168,168,0
3718,06675-1-01,30 a 44,Hombres,Quintil medio,Norte,Trabajadores rutinarios,Movilidad mixta,46.14,51.75534169760524,37.04,32.66052084254736,12.9,11.664137459847407,71.91999999999999,2.872962,38.738466439999996,56.18,30,26.18,12.55846644,10.947988722274422,8.291266507714187,8.075026722274423,5.418304507714188,3.8106973646969307,2.8106973646969307,93.82000023999998,109.95266355423533,237.29572252,-5.615341697605238,4.379479157452636,1.2358625401525938,168,168,0
3720,06680-1-01,45 a 59,Hombres,Quintil bajo,Centro,Trabajadores rutinarios,Movilidad activa,54.44,58.670559668856036,30.58,32.15561958241704,17.29,11.48382074872692,65.69,4.659426,142.84914144,114.19000000000001,0,114.19000000000001,28.65914144,13.200138766594527,10.216203844815318,8.540712766594527,5.5567778448153184,2.832996761102017,1.8329967611020173,110.81000999999998,130.52198971561918,333.85673262,-4.2305596688560385,-1.5756195824170405,5.806179251273079,168,168,0
3727,06690-1-01,30 a 44,Hombres,Quintil bajo,Centro,Trabajadores rutinarios,Usuarios publicos,49.42,59.52550178266236,35.66,30.39828056166633,15.7,10.85621765567131,67.22,4.643274,166.13060188000003,136.66000000000003,0,136.66000000000003,29.47060188,11.795896515449583,5.442858221904879,7.152622515449583,0.7995842219048788,2.540426542876768,1.540426542876768,63.339999199999966,110.26261288438974,301.81855183999994,-10.105501782662358,5.261719438333667,4.843782344328689,168,168,0
3729,06694-1-01,45 a 59,Hombres,Quintil bajo,Centro,Trabajadores rutinarios,Movilidad activa,51.56,56.54284709219771,36.46,31.74129940911159,11.6,11.335853498690694,68.38,4.569421,126.3293482,115.73,0,115.73,10.599348200000001,13.52783546728127,10.03439410576168,8.9584144672812691,5.464973105761679,2.9605141367541465,1.9605141367541465,109.26999856000003,132.03872470287715,328.87637182000003,-4.982847092197709,4.71870059088841,0.2641465013093054,168,168,0
3737,06705-1-01,45 a 59,Hombres,Quintil medio,Sur,Trabajadores rutinarios,Motorizados privados,61.06,61.041948016299585,32.27,31.800909704051445,10.87,11.35714227964898,63.79999999999999,5.603304,198.65772431999997,156.51999999999998,0,156.51999999999998,42.13772432,14.662137710566197,14.678621255162314,9.058833710566198,9.075317255162314,2.616695026820997,1.6166950268209968,143.48001792,143.3788671675235,385.20655248000014,0.01805198370041694,0.46909029594855767,-0.48714227964897994,168,168,0
3738,06705-1-02,45 a 59,Mujeres,Quintil medio,Sur,Trabajadores rutinarios,Usuarios publicos,70.71,65.74774246708711,24.09,29.667150333128795,11.21,10.595107199784096,61.99,3.400776,156.76886491,91.30000000000001,0,91.30000000000001,65.46886491,7.325064395989735,10.464651439355572,3.9242883959897346,7.063875439355572,2.1539390997789134,1.1539390997789136,83.70000604999998,66.82447972625064,203.74739884999997,4.962257532912886,-5.577150333128795,0.6148928002159053,168,168,0
3749,06723-1-01,45 a 59,Mujeres,Quintil alto,Centro,Trabajadores rutinarios,Movilidad mixta,65.46,60.627592808571045,34.55,33.88939771236618,6.61,12.103009479062756,61.38000000000001,8.091508,242.6215479914286,259.38,96.4285714285714,162.9514285714286,79.67011942,23.792872819873985,30.778964046457517,15.701364819873985,22.68745604645752,2.9404744850865856,1.9404744850865854,287.0485656885713,247.9471042398664,620.0950349685713,4.832407191428949,0.6606022876338145,-5.4930094790627555,168,168,0
3750,06723-1-02,45 a 59,Hombres,Quintil alto,Centro,Trabajadores rutinarios,Usuarios publicos,58.4,60.95480254902443,43.3,35.46093922881688,7.38,12.664258222158683,58.919999999999995,5.015277,133.4107654285714,144.09,53.5714285714286,90.5185714285714,42.892194,15.800570085877874,13.888247502551486,10.785293085877875,8.872970502551485,3.1504880160912094,2.15048801609121,159.4814113714286,172.29445383509218,413.65564973142875,-2.55480254902443,7.839060771183114,-5.284258222158683,167.99999999999997,167.99999999999997,-2.842170943040401e-14
3751,06727-1-01,45 a 59,Hombres,Quintil alto,Norte,Trabajadores rutinarios,Movilidad mixta,61.3,54.86676819117903,18.45,27.44258828657685,12.36,9.800643522244116,75.89,8.569861,288.812444,238.48000000000002,0,238.48000000000002,50.332444,21.494903197375137,33.8805319214167,12.925042197375138,25.310670921416698,2.5081974138641385,1.5081974138641383,236.5200352999999,181.38813291762563,500.5574527099999,6.43323180882097,-8.99258828657685,2.559356477755884,168,168,0
3755,06739-1-01,45 a 59,Hombres,Quintil alto,Centro,Trabajadores rutinarios,Motorizados privados,44.7,55.53824369345556,46.95,34.49313319226512,10.7,12.318623114279323,65.64999999999999,22.715211,371.5599212,442.19,86,356.19,15.3699212,83.90938146524505,49.28700141695372,61.19417046524505,26.57179041695372,3.6939732351702586,2.693973235170259,643.8100105000001,890.0030028662625,1953.34192465,-10.83824369345556,12.456866807734883,-1.6186231142793233,168,168,0
3759,06747-1-02,30 a 44,Hombres,Quintil bajo,Centro,Trabajadores rutinarios,Motorizados privados,54.89,62.00467227164238,42.62,33.154702041095604,9.49,11.840625687262008,61.00000000000001,3.054723,105.66376693,75.49,0,75.49,30.17376693,8.214039714884048,5.251876333430584,5.159316714884048,2.1971533334305837,2.688963848729999,1.688963848729999,62.009978540000006,83.74333156564823,221.19159407,-7.114672271642377,9.465297958904394,-2.350625687262008,168,168,0
3760,06749-1-01,60 o mas,Mujeres,Quintil bajo,Centro,Trabajadores rutinarios,Usuarios publicos,45.77,47.43247758025985,35.95,30.503667610827275,7.11,10.893854808912897,79.16999999999999,2.448058,23.50761048999999,88.96,97.5,-8.540000000000006,32.04761049,9.873174069010384,9.074850849455622,7.425116069010384,6.626792849455622,4.033063787300131,3.0330637873001307,88.54000417000002,92.60984571017578,193.95338165000004,-1.6624775802598464,5.446332389172728,-3.7838548089128965,168,168,0
3761,06749-2-01,45 a 59,Hombres,Quintil bajo,Centro,Trabajadores rutinarios,Movilidad mixta,67.12,66.28125016205031,19.22,19.753964641340232,6.75,7.0547851966094575,74.91,2.767994,157.39777392,71.60999999999999,0,71.60999999999999,85.78777392,4.291514773349216,4.824665089683013,1.5235207733492162,2.0566710896830136,1.5504060967434237,0.5504060967434237,28.389983360000002,26.068328841054296,100.27478754,0.8387498379496918,-0.5339646413402335,-0.30478519660945746,168,168,0
3765,06753-1-02,30 a 44,Hombres,Quintil bajo,Centro,Trabajadores rutinarios,Motorizados privados,54.12,60.50877460825465,31.08,34.13905511113898,21.64,12.192170280606382,61.16,3.091863,91.28162096,86.45,37.5,48.95,42.331620959999995,9.12599664157996,6.366457237606118,6.03413364157996,3.2745942376061183,2.9516174039988057,1.9516174039988057,76.0500046,95.80322042660205,239.05302196000002,-6.38877460825465,-3.0590551111389814,9.447829719393619,168,168,0
3769,06760-1-01,30 a 44,Hombres,Quintil medio,Norte,Trabajadores rutinarios,Motorizados privados,67.06,61.72430216312856,35.85,34.827618947606894,6.08,12.438078889264542,59.010000000000005,2.963444,89.43856116,65.71000000000001,0,65.71000000000001,23.728561159999998,8.72844936214832,11.5034873943135,5.76500536214832,8.5400433943135,2.945373478340849,1.9453734783408494,109.28999347999999,93.47795173951036,233.54720039999995,5.335697836871439,1.0223810523931078,-6.358078889264542,168,168,0
3771,06762-1-01,45 a 59,Hombres,Quintil medio,Sur,Trabajadores rutinarios,Motorizados privados,44.97,54.429714551103224,37.4,30.903601279923965,14,11.036684168972823,71.63,5.912641,150.89147063,135,0,135,15.891470629999999,17.98728844625093,9.874353851336174,12.074647446250928,3.9617128513361743,3.04217496821656,2.04217496821656,114.99999513999998,170.93189124314952,418.90974254,-9.459714551103225,6.496398720076034,2.9633158310271774,168,168,0
3785,06785-1-01,45 a 59,Hombres,Quintil bajo,Centro,Trabajadores rutinarios,Movilidad activa,81.23,80.94541276081956,28.13,25.18146470968738,5.76,8.993122529493052,52.88,1.710008,118.26398039,104.36,0,104.36,13.903980390000001,2.602659599844533,2.6878898330341103,0.8926515998445332,0.9778818330341104,1.5220160372609561,0.5220160372609562,20.639969449999995,20.15332299430355,78.59214057,0.28458723918043916,2.94853529031262,-3.233122529493052,168,168,0
3790,06787-1-02,45 a 59,Mujeres,Quintil alto,Sur,Trabajadores rutinarios,Motorizados privados,48.48,58.12233486338867,44.75,34.05537850263842,11.11,12.162286633972894,63.66000000000001,4.131807,101.70001855999999,76.38999999999999,0,76.38999999999999,25.310018560000003,13.22086073703058,7.791013264694558,9.08905373703058,3.659206264694558,3.1997769346512506,2.1997769346512506,98.6099848,138.45025148489339,329.41272382,-9.642334863388676,10.694621497361581,-1.0522866339728942,168,168,0
3792,06787-1-04,18 a 29,Mujeres,Quintil alto,Sur,Trabajadores rutinarios,Motorizados privados,47.64,55.794733411637075,39.5,32.80833858905656,13.18,11.716927999306352,67.68,5.725424,131.87919327999998,109.11999999999999,0,109.11999999999999,22.75919328,18.59213402306195,11.802597008225282,12.866710023061948,6.077173008225282,3.24729382890454,2.24729382890454,140.88000608000004,187.5693124685888,442.4953424,-8.154733411637075,6.691661410943439,1.4630720006936482,168,168,0
3795,06791-1-04,30 a 44,Mujeres,Quintil alto,Sur,Trabajadores rutinarios,Usuarios publicos,55.46,46.62217814368204,19.6,26.08280227749863,6.96,9.315019578819316,85.98,2.439908,56.098916433584904,112.35000000000001,79.0683962264151,33.281603773584905,22.81731266,7.1884248186994615,13.16351511136899,4.7485168186994615,10.723607111368992,2.946186831101608,1.9461868311016077,79.21838124641509,57.65490899661006,144.02233772641506,8.837821856317959,-6.482802277498628,-2.3550195788193156,168,168,0
3803,06808-1-03,45 a 59,Mujeres,Quintil bajo,Sur,Trabajadores rutinarios,Movilidad mixta,66.48,64.615472207793,25.55,28.11407460139636,10.74,10.040453190810632,65.23,2.504153,117.38607496,53.41,0,53.41,63.97607496,5.1382564712607595,5.970080579898589,2.6341034712607594,3.465927579898589,2.051893982221038,1.051893982221038,49.09001648,44.42095361556147,139.96572884999998,1.8645277922069994,-2.56407460139636,0.6995468091893677,168,168,0
3814,06831-1-02,45 a 59,Hombres,Quintil alto,Centro,Trabajadores rutinarios,Motorizados privados,45.39,55.65402722022327,28,33.214125158691985,27.34,11.86184762108475,67.27,19.651196,416.44777929,399.48,0,399.48,16.96777929,66.30692970373309,37.923081792954044,46.65573370373309,18.271885792954045,3.374193087470762,2.374193087470762,475.5200071499999,677.2204178039426,1563.01719379,-10.26402722022327,-5.214125158691985,15.478152378915249,168,168,0
3818,06838-1-01,45 a 59,Hombres,Quintil bajo,Norte,Trabajadores rutinarios,Motorizados privados,46.83,54.149347668828725,32.84,31.257558494067847,16.9,11.163093837103421,71.43,2.69111,65.59468940000001,59.57,0,59.57,6.024689400000001,8.336358814766534,5.3619250417697195,5.645248814766534,2.6708150417697194,3.0977398972046974,2.0977398972046974,60.42999189999999,80.12716160506166,194.2858033,-7.319347668828726,1.582441505932156,5.736906162896577,168,168,0
3827,06854-1-02,60 o mas,Hombres,Quintil alto,Centro,Trabajadores rutinarios,Movilidad activa,46.74,52.95986502870476,35.62,30.8445425878888,12.46,11.015592383406453,73.17999999999998,14.15185,316.96747818,280.51,0,280.51,36.45747818,45.60076311619359,31.62176684939452,31.44891311619359,17.46991684939452,3.222247488221935,2.222247488221935,344.48999082000006,432.5125877264755,1024.9109388200004,-6.21986502870476,4.775457412111198,1.4444076165935478,167.99999999999997,168,0
3830,06861-1-01,45 a 59,Hombres,Quintil medio,Centro,Trabajadores rutinarios,Motorizados privados,66.41,66.9362475349427,30.6,31.024051568608783,12.03,11.079700896448514,58.96000000000001,7.365828,334.96461143,284.3,0,284.3,50.66461143,16.569899433965304,15.964050675101774,9.204071433965304,8.598222675101773,2.249563719647717,1.249563719647717,154.20002604999996,158.07627487781184,468.2052736899999,-0.5262475349426978,-0.4240515686087818,0.950299103551485,168,168,0
3834,06865-1-01,30 a 44,Hombres,Quintil medio,Sur,Trabajadores rutinarios,Movilidad mixta,57.4,45.16160353663385,15.03,26.665335328400726,8.92,9.523061134965436,86.64999999999999,2.446888,44.56915540779221,73.16000000000001,57.7922077922078,15.367792207792213,29.201363199999996,8.04134616431088,17.668778539787553,5.594458164310881,15.221890539787553,3.2863564512600822,2.2863564512600827,95.88221579220777,65.93623034675471,154.4851833922078,12.23839646336615,-11.635335328400727,-0.6030611349654365,168,168,0
3835,06871-1-01,30 a 44,Mujeres,Quintil medio,Centro,Trabajadores rutinarios,Motorizados privados,60.71,59.997045326783784,38.26,34.405594486496106,7.72,12.287360186720104,61.31,8.197827,224.48009292,246.79,70,176.79,47.69009292,25.271305445226897,26.224159796231223,17.073478445226897,18.026332796231223,3.082683428819234,2.082683428819234,273.20998425,267.36530518013194,650.1460697099999,0.7129546732162169,3.8544055135038917,-4.567360186720104,168,168,0
3847,06901-1-01,30 a 44,Hombres,Quintil bajo,Norte,Trabajadores rutinarios,Movilidad activa,67.69,67.14870902774273,32.32,34.08752409764036,13.4,12.173766874616906,54.59000000000001,2.580289,106.56975369999999,81.91,0,81.91,24.6597537,6.362658037286752,6.572811104125077,3.782369037286752,3.992522104125077,2.465870310374827,1.465870310374827,68.09000870999999,66.69332156848527,186.06082179000003,0.5412909722572721,-1.7675240976403614,1.2262331253830947,168,168,0
3859,06925-1-01,30 a 44,Mujeres,Quintil medio,Sur,Trabajadores rutinarios,Movilidad mixta,55.76,59.4359445599971,37.74,31.930597439345657,9.27,11.403458000657244,65.23,6.272621,203.3913332,153.63,0,153.63,49.7613332,17.25557253350131,13.7415539019081,10.98295153350131,7.4689329019081,2.750934981326197,1.750934981326197,146.37001375999998,169.42782080187354,441.24592697,-3.675944559997099,5.809402560654345,-2.133458000657244,168,168,0
3862,06926-1-02,30 a 44,Mujeres,Quintil medio,Centro,Trabajadores rutinarios,Motorizados privados,76.93,69.0437959880617,15.64,30.54690700484551,17.93,10.909297007092793,57.49999999999999,3.964659,195.04119336999997,115.03999999999999,0,115.03999999999999,80.00119337,8.377715260341445,14.456310445329912,4.4130562603414445,10.49165144532991,2.1130985692190536,1.1130985692190538,109.96002350000009,78.69391378823275,243.05362613000005,7.886204011938304,-14.906907004845511,7.020702992907207,168,168,0
3863,06932-1-01,45 a 59,Mujeres,Quintil bajo,Norte,Trabajadores rutinarios,Movilidad mixta,57.77,53.461436978902654,15.76,25.744398478477457,14.87,9.194164542619909,79.59999999999998,2.983245,104.17505859786517,49.01,60.9269662921348,-11.916966292134802,116.09202488999998,6.987151027965514,9.822028726049687,4.003906027965514,6.838783726049687,2.342131145100558,1.342131145100558,68.16700505213485,55.31350596226129,159.54379940213488,4.308563021097349,-9.984398478477457,5.67583545738009,168,168,0
3865,06938-1-01,30 a 44,Mujeres,Quintil bajo,Sur,Trabajadores rutinarios,Usuarios publicos,65.2,62.97635540856138,27.69,25.784985204807025,5.08,9.2086593866316,70.03,3.599904,170.55371680000002,173.34000000000003,37.5,135.84000000000003,34.71371679999999,7.082297121029701,8.640961290844036,3.4823931210297014,5.041057290844035,1.967357218700749,0.9673572187007491,64.16002399999999,56.15511694070173,182.12887808,2.223644591438621,1.905014795192976,-4.1286593866316,168,168,0
3869,06951-1-02,45 a 59,Mujeres,Quintil medio,Sur,Trabajadores rutinarios,Usuarios publicos,35.96,39.14770922277575,27.17,23.492391420904195,7.9,8.389899356320074,96.96999999999998,3.088571,43.28501315999998,67.22,135,-67.78,111.06501315999998,10.745550925047375,8.529818336411214,7.656979925047375,5.441247336411214,3.479133529728595,2.479133529728595,67.78000000000003,77.62546626189776,176.09618497000008,-3.1877092227757515,3.677608579095807,-0.4898993563200733,168,168,0
3870,06952-1-02,45 a 59,Hombres,Quintil alto,Norte,Trabajadores rutinarios,Movilidad mixta,63.35,54.08926013310496,19.58,29.378661456261113,11.03,10.492078410633923,74.04,8.822618,251.5028218,192.59,0,192.59,58.91282179999999,24.984053705311425,44.32295274207207,16.161435705311426,35.50033474207207,2.831818594583991,1.8318185945839915,307.41002850000007,225.7060582570142,577.4703654799999,9.260739866895044,-9.798661456261115,0.5379215893660767,168,168,0
3875,06963-1-02,30 a 44,Hombres,Quintil alto,Norte,Trabajadores rutinarios,Movilidad mixta,53.13,57.57412685535385,32.51,34.223533039826464,18.38,12.222340104819667,63.98000000000002,14.443135,325.09375211,307.73,0,307.73,17.36375211,48.12486731291934,38.35562147608071,33.681732312919344,23.91248647608071,3.332023643960909,2.332023643960909,442.27001044,506.4571345690011,1177.2811505899997,-4.444126855353851,-1.7135330398264657,6.157659895180332,168,168,0
3881,06970-1-03,45 a 59,Mujeres,Quintil alto,Centro,Trabajadores rutinarios,Movilidad mixta,64.4,62.486290219373714,40.3,38.03144138305199,9.4,13.582268397574294,53.9,2.613598,58.5299609142857,73.25,58.0357142857143,15.214285714285701,43.3156752,8.959921849959217,9.749078531573522,6.346323849959218,7.135480531573522,3.428194332089027,2.4281943320890274,109.7857502857143,104.78408223048899,239.68157088571428,1.9137097806262915,2.268558616948006,-4.182268397574294,168,168,0
3882,06970-1-04,18 a 29,Hombres,Quintil alto,Centro,Trabajadores rutinarios,Motorizados privados,55.32,58.1089518018512,40.41,36.75473374683024,12.26,13.126314451318553,60.01000000000001,3.27794,49.59277021714289,87.89999999999999,69.6428571428571,18.257142857142895,31.335627359999997,12.465302463635922,11.03920471387984,9.187362463635921,7.76126471387984,3.802785427322014,2.8027854273220134,131.7428705828571,140.88488725221723,304.39197038285704,-2.788951801851198,3.6552662531697564,-0.8663144513185532,168,168,0
3884,06971-1-01,30 a 44,Hombres,Quintil bajo,Norte,Trabajadores rutinarios,Usuarios publicos,49.21,57.5195754323795,36.52,33.873199867406605,17.76,12.097224700213923,64.50999999999998,2.546551,61.41579150999999,48.599999999999994,0,48.599999999999994,12.81579151,8.166286819881751,5.195590191672554,5.619735819881751,2.6490391916725544,3.2068027775142736,2.2068027775142736,63.89998320000001,85.06074082690145,202.1267714800001,-8.309575432379496,2.6468001325933983,5.6627752997860785,168,168,0
3887,06976-1-01,30 a 44,Mujeres,Quintil bajo,Centro,Trabajadores rutinarios,Motorizados privados,63.2,77.8240321720256,25.95,14.903457107317632,8.9,5.322510720656783,69.94999999999999,2.572008,185.2409224,85.19,0,85.19,100.0509224,3.256297222007946,-2.8734657057366926,0.684289222007946,-5.445473705736692,1.2660525247230747,0.2660525247230747,-22.690016799999995,14.923110938707197,66.94446200000002,-14.624032172025593,11.046542892682368,3.577489279343217,168,168,0
3890,06981-1-01,60 o mas,Hombres,Quintil bajo,Sur,Trabajadores rutinarios,Motorizados privados,62.15,60.2259585329238,29.91,28.9095117289055,7.4,10.324529738170712,68.53999999999999,3.573099,141.2580817,69.19,0,69.19,72.0680817,8.316917006331082,9.559032862796228,4.7438180063310815,5.9859338627962275,2.3276480742154306,1.3276480742154309,80.81002115000001,73.93523050803151,214.12234484000004,1.9240414670762007,1.0004882710945004,-2.924529738170712,168,168,0
3900,06999-1-01,18 a 29,Mujeres,Quintil bajo,Centro,Trabajadores rutinarios,Usuarios publicos,50.29,56.095588931412976,32.68,31.70243670819211,16.15,11.321974360394918,68.88,4.946879,132.72855416,126.44999999999999,25,101.44999999999999,31.278554160000002,14.850334412848515,10.488958549540609,9.903455412848515,5.542079549540609,3.001960309287637,2.001960309287637,116.04999075,144.76953671743928,357.60609232,-5.805588931412977,0.9775632918078898,4.82802563960508,168,168,0
3901,07001-1-01,60 o mas,Hombres,Quintil bajo,Norte,Trabajadores rutinarios,Motorizados privados,74.23,58.36258793565117,20.69,35.31520152908769,11.37,12.612210535261147,61.71,1.347854,29.869368684084495,29.290000000000003,36.9718309859155,-7.6818309859155,37.551199669999995,4.493287927798245,9.66129129672261,3.145433927798245,8.31343729672261,3.333660713844559,2.3336607138445595,70.18183373591552,48.79487891533469,113.39403297591551,15.867412064348834,-14.625201529087686,-1.2422105352611474,168,168,0
3904,07010-1-01,30 a 44,Hombres,Quintil bajo,Sur,Trabajadores rutinarios,Usuarios publicos,45.7,56.61227114612431,43.86,32.250148680463425,10.82,11.517580173412274,67.62,7.496108,197.0621196,179.48999999999998,0,179.48999999999998,17.5721196,22.921218949907697,11.744603671575877,15.425110949907697,4.248495671575877,3.0577492946883496,2.05774929468835,145.51001600000004,227.30957903663162,555.39720144,-10.912271146124304,11.609851319536574,-0.6975801734122733,168,168,0
3907,07016-1-01,60 o mas,Mujeres,Quintil bajo,Norte,Trabajadores rutinarios,Usuarios publicos,51.81,46.552091851616474,28.56,29.26604776178448,5.9,10.45186038659906,81.72999999999999,2.542791,31.3575687097987,85.53,74.6644295302013,10.865570469798698,20.49199824,9.668967512597904,12.85656886656287,7.126176512597905,10.313777866562871,3.802501862165591,2.802501862165591,100.38443300020128,87.014671481665,188.0090108602013,5.257908148383528,-0.7060477617844825,-4.55186038659906,168,168,0
3911,07019-1-01,45 a 59,Hombres,Quintil bajo,Centro,Trabajadores rutinarios,Movilidad activa,64.27,62.90355488921096,31.17,32.020779982126975,10.92,11.435665128662059,61.64,3.118478,119.46458599,69.04,0,69.04,50.42458599,7.789474566315527,8.489175862794509,4.670996566315527,5.3706978627945094,2.4978449635737454,1.4978449635737454,80.95999506999998,76.6987660537968,212.21673409000005,1.3664451107890372,-0.8507799821269728,-0.515665128662059,168,168,0
3921,07034-1-01,60 o mas,Mujeres,Quintil bajo,Sur,Trabajadores rutinarios,Movilidad mixta,55.36,66.02846224384216,22.81,15.180194930846573,8.46,5.4213428253112665,81.37,2.695616,160.79929952,55.07,0,55.07,105.72929952,3.6821519386345343,-1.6329744019007058,0.9865359386345345,-4.328590401900706,1.3659779206810372,0.36597792068103713,-11.569997760000007,17.188079759896794,72.72191455999996,-10.668462243842157,7.629805069153425,3.0386571746887343,168,168,0
3938,07060-1-01,30 a 44,Hombres,Quintil bajo,Centro,Trabajadores rutinarios,Usuarios publicos,49.89,55.71327276739427,35.05,30.075710035040824,11.59,10.741017197564904,71.47,5.969737,178.83016426,131,0,131,47.830164260000004,16.62604067028581,11.260623977397838,10.65630367028581,5.290886977397838,2.785054127222993,1.7850541272229932,119.00001467000004,153.763421570606,397.4285483500001,-5.823272767394272,4.974289964959173,0.8489828024350956,168,168,0
3940,07064-1-01,30 a 44,Mujeres,Quintil bajo,Sur,Trabajadores rutinarios,Motorizados privados,50.39,60.80941880733617,43.4,34.38910863965852,13.69,12.281472553005301,60.52000000000001,4.604099,134.72056621000002,102.72,0,102.72,32.00056621,13.735768072356501,7.520339096386117,9.131669072356502,2.916240096386117,2.9833780881680654,1.9833780881680656,97.27998239999997,145.25201811143762,360.1279943099999,-10.419418807336172,9.010891360341482,1.4085274469946985,168,168,0
3948,07080-1-06,45 a 59,Mujeres,Quintil bajo,Norte,Trabajadores rutinarios,Usuarios publicos,60.09,59.00037522696219,32.24,31.05785247149837,8.82,11.091772301539443,66.85,2.856963,96.85492427,50.18,0,50.18,46.674924270000005,7.5082998860091985,8.042158717287231,4.651336886009199,5.185195717287231,2.628070397134719,1.6280703971347192,74.81998240000001,71.70696473954757,192.12688318000002,1.0896247730378121,1.1821475285016305,-2.2717723015394427,168,168,0
3953,07091-1-01,30 a 44,Hombres,Quintil bajo,Centro,Trabajadores rutinarios,Movilidad mixta,63.95,63.18872716465058,28.19,33.11487181955862,15.99,11.826401015790807,59.87,4.09051,149.3481347,100.26,0,100.26,49.088134700000005,10.716594407898995,11.212329489163137,6.626084407898995,7.121819489163137,2.6198675490095353,1.6198675490095356,112.23997980000001,109.12598565427487,292.9587116,0.7612728353494234,-4.924871819558621,4.163598984209193,168,168,0
3955,07096-1-01,45 a 59,Hombres,Quintil bajo,Centro,Trabajadores rutinarios,Motorizados privados,63.3,61.84229983166224,30.52,34.60067158562222,14.98,12.357028582715527,59.2,4.601722,141.4689988,100.17999999999999,0,100.17999999999999,41.2889988,13.450655108581019,14.53223426930551,8.848933108581019,9.93051226930551,2.9229612541959336,1.9229612541959333,149.82000379999994,143.1120728659564,359.19835479999995,1.4577001683377588,-4.080671585622223,2.6229714172844734,168,168,0
3970,07134-1-01,18 a 29,Hombres,Quintil bajo,Centro,Trabajadores rutinarios,Movilidad activa,52.82,64.29157404571697,41.29,31.388550572636962,12.78,11.209875381646055,61.110000000000014,3.591477,148.82182212,109.12,0,109.12,39.70182212,8.503881175426274,3.3367865530110827,4.912404175426275,-0.2546904469889171,2.3677949699876333,1.3677949699876333,40.87999301999997,82.07988735898942,235.07115440999993,-11.47157404571697,9.901449427363037,1.570124618353944,168,168,0
3983,07156-1-01,45 a 59,Mujeres,Quintil bajo,Norte,Trabajadores rutinarios,Motorizados privados,51.42,59.546264533341414,43.46,35.53354673529877,12.89,12.690188731359815,60.230000000000004,3.365576,78.77793937999999,55.72,0,55.72,23.05793938,11.131461720330883,7.384133466937805,7.765885720330883,4.018557466937805,3.3074462500121475,2.3074462500121475,94.27997854,121.62953942306507,283.93018613999993,-8.126264533341413,7.92645326470123,0.19981126864018606,168,168,0
3984,07157-1-01,30 a 44,Mujeres,Quintil alto,Centro,Trabajadores rutinarios,Motorizados privados,65.18,59.59146307840562,32.01,34.88129025689294,9.74,12.457246664701449,61.07,16.174451,405.12070106,475.87,150,325.87,79.25070106,52.09160616936151,68.61975994062837,35.91715516936151,52.445308940628365,3.220610465811885,2.220610465811885,649.1300151200002,558.7384985199809,1324.4133443700002,5.58853692159439,-2.871290256892941,-2.717246664701449,168,168,0
3987,07162-1-01,60 o mas,Hombres,Quintil bajo,Sur,Trabajadores rutinarios,Motorizados privados,41.07,54.1297734692973,44.25,35.906753491703306,17.54,12.823473038999374,65.14000000000001,4.421489,24.453086250700604,127.06,121.6974522292994,5.362547770700601,19.090538480000003,19.461387281980297,11.223686725224704,15.039898281980296,6.802197725224704,4.40154601356699,3.4015460135669895,157.1374669792994,214.88111171628924,430.34127228929935,-13.059773469297298,8.343246508296694,4.716526961000625,168,168,0
3991,07171-1-02,45 a 59,Mujeres,Quintil medio,Sur,Trabajadores rutinarios,Movilidad mixta,89.82,75.06033680047067,17.29,29.724186517606743,8.29,10.615476681922583,52.60000000000001,3.39193,195.98318858000002,141.32000000000002,0,141.32000000000002,54.663188579999996,6.412974619236399,18.750935032494642,3.0210446192363993,15.359005032494641,1.8906565345500643,0.8906565345500642,108.67996401999997,58.616219623620424,195.44553341999992,14.759663199529328,-12.434186517606744,-2.3254766819225843,168,168,0
4000,07190-1-01,45 a 59,Mujeres,Quintil medio,Norte,Trabajadores rutinarios,Movilidad mixta,63.01,59.76817822950187,34.53,30.42578233455309,3.52,10.866039435945028,66.94000000000001,3.521211,127.63887319434785,65.55000000000001,9.78260869565217,55.76739130434784,71.87148189000001,8.851808730179242,10.930012113976538,5.3305977301792415,7.408801113976538,2.513853537938863,1.513853537938863,94.23263191565214,82.81749343733468,228.2147104656521,3.2418217704981274,4.10421766544691,-7.346039435945029,168,168,0
4006,07196-1-01,60 o mas,Mujeres,Quintil bajo,Centro,Trabajadores rutinarios,Usuarios publicos,66.31,62.02894862461939,28.49,35.229461427463605,15.04,12.581589947917,58.160000000000004,2.882334,85.78755113000001,90.91,71.25,19.659999999999997,66.12755113000001,8.58482453834696,10.680183088481252,5.702490538346959,7.797849088481252,2.9784280858314682,1.978428085831468,105.34001641000002,93.00059647499371,230.80801543,4.281051375380613,-6.739461427463606,2.458410052083,168,168,0
4009,07201-1-01,45 a 59,Mujeres,Quintil medio,Norte,Trabajadores rutinarios,Usuarios publicos,62.53,52.02213029739623,25.23,33.097627275909666,9.18,11.820242426694099,71.06,4.452994,54.155691890000014,213.21,212.5,0.710000000000008,53.445691890000006,17.440126181135465,28.76731083482244,12.987132181135465,24.31431683482244,3.916494426252419,2.916494426252419,224.29002293000002,177.49854219152363,377.51754647,10.50786970260377,-7.8676272759096655,-2.6402424266940994,168,168,0
4023,07241-1-01,45 a 59,Hombres,Quintil alto,Sur,Trabajadores rutinarios,Movilidad mixta,57.85,53.709544941156494,30.64,35.00059925777305,12.72,12.49985580107045,66.79,7.672375,65.91131459444503,297.62,275.555555555555,22.06444444444503,43.84687015,32.16352969795261,38.4682551909613,24.491154697952613,30.795880190961302,4.192121696078804,3.192121696078804,377.93557915555493,346.1684552734605,710.6097591555549,4.140455058843507,-4.360599257773046,0.2201441989295514,168,168,0
4034,07266-1-01,45 a 59,Mujeres,Quintil bajo,Norte,Trabajadores rutinarios,Movilidad mixta,52.96,55.8771166910981,35.81,31.237096954930458,9.5,11.155786353971441,69.72999999999999,4.548343,125.64560509538461,100.15,15.3846153846154,84.7653846153846,40.88022048,13.378063038964827,11.224395763630412,8.829720038964826,6.676052763630412,2.9413047870322946,1.9413047870322941,115.23464018461539,128.5026874667546,321.3200615146154,-2.9171166910981015,4.572903045069545,-1.6557863539714415,168,168,0
4041,07276-1-01,60 o mas,Hombres,Quintil bajo,Centro,Trabajadores rutinarios,Usuarios publicos,54.44,66.40553401374281,33.52,24.709792861024148,11.98,8.824673125233055,68.05999999999999,0.841268,45.798626,0,0,0,45.798626,1.3247966241639162,3.802319907512873e-7,0.4835286241639162,-0.8412676197680092,1.5747616980128998,0.5747616980128998,3.919999997492596e-6,10.066224788673388,38.27769792000001,-11.965534013742811,8.810207138975855,3.1553268747669456,168,168,0
4045,07286-1-01,30 a 44,Mujeres,Quintil bajo,Centro,Trabajadores rutinarios,Usuarios publicos,62.87,64.58409380194038,30.58,30.414054982211137,12.41,10.861851215848477,62.14,2.944126,128.12721288,73.03,0,73.03,55.09721288,6.631085032018905,5.848610125113775,3.6869590320189056,2.9044841251137754,2.252310204121327,1.252310204121327,56.96998873999999,62.01649686873151,183.53796547999997,-1.7140938019403862,0.16594501778886084,1.5481487841515236,168,168,0
4048,07291-1-02,45 a 59,Mujeres,Quintil bajo,Centro,Trabajadores rutinarios,Motorizados privados,71.94,66.61961297041957,22.8,26.622591212737216,8.01,9.507795816843219,65.25,2.662405,136.03340631999998,44.5,0,44.5,91.53340632,5.049160162951041,7.950150341610479,2.3867551629510406,5.28774534161048,1.896465850594121,0.8964658505941209,55.50000938000002,41.33498435050993,137.52870743000005,5.320387029580431,-3.8225912127372155,-1.4977958168432188,168,168,0
4055,07305-1-01,18 a 29,Hombres,Quintil bajo,Centro,Trabajadores rutinarios,Movilidad activa,61.87,73.4903241547857,40.64,29.458930677201902,10.96,10.520745168012407,54.529999999999994,2.451509,138.25488501,86.58000000000001,0,86.58000000000001,51.674885010000004,4.626200579405456,1.1478259719302382,2.1746915794054558,-1.303683028069762,1.8870828454659785,0.8870828454659786,13.419976819999988,41.90730606837454,139.91784122,-11.620324154785699,11.181069322798098,0.4392548319875935,168,168,0
4058,07318-1-01,60 o mas,Hombres,Quintil bajo,Sur,Trabajadores rutinarios,Movilidad activa,46.73,55.66009817226993,39.14,32.98859749324626,14.56,11.781304334483806,67.57000000000001,4.588479,102.12960839000002,87.71000000000001,0,87.71000000000001,14.41960839,15.108887356545875,9.228706587911088,10.520408356545875,4.640227587911087,3.2927877313039624,2.2927877313039624,112.29001527999998,153.265583211399,358.69133758,-8.930098172269936,6.15140250675374,2.778695665516194,168,168,0
4064,07332-1-01,45 a 59,Hombres,Quintil bajo,Centro,Trabajadores rutinarios,Motorizados privados,50.48,53.87044869774522,32.46,30.91779727892875,12.89,11.041754023326032,72.17,4.540153,110.93691784,94.25,0,94.25,16.686917840000003,14.056910785701904,11.50794723257963,9.516757785701904,6.96779423257963,3.0961315148854904,2.0961315148854904,118.25000559999998,133.64316142641405,324.14594415,-3.390448697745221,1.5422027210712521,1.8482459766739687,168,168,0
4065,07334-1-01,30 a 44,Hombres,Quintil bajo,Norte,Trabajadores rutinarios,Motorizados privados,71.32,67.95796287894714,35.67,31.302789732979274,3.45,11.17924738807358,57.56,2.390316,112.4373434,66.96000000000001,0,66.96000000000001,45.4773434,5.194819537932612,6.547906870869637,2.804503537932612,4.157590870869637,2.1732773147703535,1.1732773147703535,58.039993719999984,50.003662596953404,151.54915563999995,3.3620371210528504,4.367210267020727,-7.72924738807358,168,168,0
4067,07335-1-01,60 o mas,Hombres,Quintil bajo,Sur,Trabajadores rutinarios,Movilidad mixta,63.93,57.3459615844963,20.39,26.824230596679307,9.43,9.579807818824387,74.25,2.322849,90.51974522,42.02,0,42.02,48.49974522,5.175026384543799,8.581130177945873,2.852177384543799,6.258281177945873,2.2278789471652263,1.2278789471652265,57.979991350000006,42.68626430058566,127.24734853000001,6.584038415503699,-6.434230596679306,-0.14980781882438698,168,168,0
4069,07337-1-01,30 a 44,Hombres,Quintil bajo,Norte,Trabajadores rutinarios,Movilidad mixta,75.37,86.14908416281631,30.97,19.65240198012089,6.48,7.0185138570628105,55.17999999999999,1.150365,90.81301067,86.61,0,86.61,4.20301067,1.3717795562181858,-0.4843552914244208,0.22141455621818573,-1.6347202914244208,1.1924733073573914,0.19247330735739154,-4.11000061999998,8.289880532958193,38.97116863000001,-10.779084162816304,11.31759801987911,-0.5385138570628101,168,168,0
4071,07339-1-02,45 a 59,Mujeres,Quintil alto,Sur,Trabajadores rutinarios,Motorizados privados,53.33,56.74853992693286,35.99,34.44870405359523,14.18,12.302756019471909,64.5,9.896101,196.23001292193544,184.59999999999997,16.1290322580645,168.47096774193545,27.759045179999998,34.49045591994408,29.164294552954168,24.59435491994408,19.268193552954166,3.48525706436748,2.4852570643674796,331.52905340806456,365.3592697975247,828.0164405780645,-3.4185399269328585,1.541295946404773,1.8772439805280907,168,168,0
4076,07353-1-01,45 a 59,Hombres,Quintil bajo,Centro,Trabajadores rutinarios,Movilidad mixta,95.22,75.11724500962755,17.65,34.029655042999494,8.43,12.153099947372953,46.7,3.554834,187.03129833999998,148.54,0,148.54,38.49129834,7.644929475232112,25.630928242950763,4.090095475232111,22.076094242950763,2.150572846786126,1.150572846786126,151.45999514000005,79.99803820655438,244.17006586000002,20.102754990372446,-16.379655042999495,-3.723099947372953,168,168,0
4083,07361-1-01,60 o mas,Hombres,Quintil bajo,Norte,Trabajadores rutinarios,Motorizados privados,43,45.48832572570886,27.02,28.694081646433364,14.41,10.247592627857768,83.57000000000001,3.174186,36.19130039722861,49.49,99.7886836027714,-50.2986836027714,86.489984,12.262386743839334,10.684503450043584,9.088200743839334,7.510317450043583,3.8631594820969326,2.863159482096932,100.2986976027714,108.1971062847563,231.8052235827714,-2.4883257257088616,-1.6740816464333648,4.162407372142232,168,168,0
4084,07362-1-01,60 o mas,Hombres,Quintil medio,Centro,Trabajadores rutinarios,Movilidad activa,49.71,43.008256645631036,20.42,23.116195745993075,4.25,8.255547608375899,93.61999999999999,2.225714,52.120238349999994,46.48,0,46.48,5.64023835,6.13423024496909,10.469096073796221,3.90851624496909,8.243382073796221,2.756072992742594,1.756072992742594,58.52000459000001,43.60384058177404,113.42836897000004,6.701743354368965,-2.696195745993073,-4.005547608375899,168,168,0
4086,07364-1-02,60 o mas,Mujeres,Quintil medio,Sur,Trabajadores rutinarios,Motorizados privados,30.77,44.152370631211475,30.76,19.84156074570782,9.55,7.086068623080711,96.91999999999999,3.052293,93.91905561,0,0,0,93.91905561,6.694761911151141,0,3.642468911151141,-3.052293,2.193354933864849,1.1933549338648486,0,40.846916201052366,123.03793083000004,-13.382370631211476,10.918439254292181,2.46393137691929,168,168,0
4090,07371-1-01,30 a 44,Hombres,Quintil bajo,Centro,Trabajadores rutinarios,Usuarios publicos,53.82,60.88458816009186,36.3,27.606301123043963,8.23,9.85911071686418,69.65,3.551403,150.56648174,106.18,0,106.18,44.38648174,7.734624596138279,4.020930740728758,4.18322159613828,0.46952774072875814,2.177906758579153,1.177906758579153,40.57002772000001,65.65922730551472,198.71400330999998,-7.0645881600918585,8.693698876956034,-1.6291107168641794,168,168,0
4101,07391-1-02,45 a 59,Hombres,Quintil bajo,Centro,Trabajadores rutinarios,Motorizados privados,50.85,62.18716429412426,42.98,36.446574849646815,17.82,13.016260856228913,56.350000000000016,4.923626,130.06640234999998,79.69999999999999,0,79.69999999999999,50.366402349999994,15.714605861989622,8.73244699571528,10.790979861989623,3.8088209957152808,3.1916733443989496,2.19167334439895,120.29997975,176.11993663482184,419.65644054999984,-11.337164294124257,6.533425150353182,4.803739143771088,168.00000000000003,168,0
4108,07405-1-02,30 a 44,Mujeres,Quintil bajo,Norte,Trabajadores rutinarios,Motorizados privados,61.97,57.731910577650325,18.77,25.88405056414237,12.12,9.244038858207306,75.14,3.102258,126.04027374333332,75.46000000000001,16.6666666666667,58.79333333333331,67.24694041000001,6.6662036531773605,9.459272095437836,3.5639456531773606,6.357014095437836,2.1488231001990683,1.148823100199068,66.20665451666669,53.059007701467024,162.03540413666667,4.238089422349674,-7.114050564142371,2.8759611417926934,168,168,0
4114,07419-1-02,45 a 59,Mujeres,Quintil bajo,Centro,Trabajadores rutinarios,Usuarios publicos,68.3,74.69635334508428,9.5,17.841768928069214,21.11,6.371877726846506,69.09,1.027006,70.1445185,0,0,0,70.1445185,1.1973431536855719,-1.2543822676178453e-6,0.17033715368557178,-1.0270072543822677,1.1658579927338026,0.1658579927338027,-8.699999995087637e-6,6.569084563521628,31.436644959999995,-6.396353345084279,-8.341768928069214,14.738122273153493,168,168,0
4118,07425-1-01,45 a 59,Hombres,Quintil alto,Centro,Trabajadores rutinarios,Motorizados privados,53.5,51.38847024933366,29.6,29.828720554139178,8.77,10.652809196527146,76.13000000000001,9.824018,216.134983,253.05,62.5,190.55,25.584983,31.475547201451473,35.59365962321542,21.651529201451474,25.76964162321542,3.2039382665475036,2.2039382665475036,309.44998,288.70627372191836,686.39755066,2.1115297506663424,-0.22872055413917636,-1.8828091965271465,168,168,0
4123,07432-1-01,45 a 59,Hombres,Quintil medio,Sur,Trabajadores rutinarios,Motorizados privados,54.35,60.38768764157542,35.21,29.762980927249117,11.22,10.629331431175473,67.22,5.412982,206.65556049999998,162.45999999999998,0,162.45999999999998,44.1955605,13.135871008866719,8.321122153036432,7.722889008866718,2.908140153036432,2.426734655475802,1.426734655475802,87.54001120000004,120.22190572547021,338.86476546000006,-6.037687641575417,5.447019072750884,0.5906685688245279,168,168,0
4124,07434-1-01,60 o mas,Hombres,Quintil bajo,Centro,Trabajadores rutinarios,Motorizados privados,49.04,60.656548577415876,44.06,33.838587815306056,13.48,12.084863607278066,61.42,5.69156,172.28409743999998,143.17,0,143.17,29.11409744,16.62075349016043,8.194026690913944,10.92919349016043,2.502466690913944,2.92024567783884,1.9202456778388401,106.83000496,172.9462881812771,434.32236736000004,-11.616548577415877,10.221412184693946,1.395136392721934,168,168,0
4125,07435-1-02,30 a 44,Mujeres,Quintil bajo,Norte,Trabajadores rutinarios,Movilidad activa,58.52,51.0275920687113,11.64,18.798758138162718,6.38,6.713649793125986,91.46,3.262418,132.15667356,61.239999999999995,0,61.239999999999995,70.91667355999999,5.936460209025705,14.39133852746554,2.6740422090257048,11.12892052746554,1.8196503970446782,0.8196503970446782,58.76002779999999,34.31666130162097,117.54880016000001,7.492407931288703,-7.1587581381627174,-0.3336497931259865,168,168,0
4133,07449-1-01,45 a 59,Mujeres,Quintil bajo,Centro,Trabajadores rutinarios,Usuarios publicos,59.55,56.716213083008924,24.69,25.637720544641898,7.27,9.156066372349168,76.49000000000001,2.573314,102.26087715,44.02,0,44.02,58.24087715,5.541558755514208,7.039905045450042,2.968244755514208,4.466591045450042,2.153471653872869,1.153471653872869,50.97997154999999,43.687748003490015,133.22308698999996,2.833786916991073,-0.9477205446418964,-1.886066372349168,168,168,0
4140,07462-1-02,45 a 59,Mujeres,Quintil bajo,Centro,Trabajadores rutinarios,Usuarios publicos,59.83,59.125145799798396,25.65,28.129052067605635,11.82,10.04580213259596,70.70000000000002,2.403591,94.83684309,51.03,0,51.03,43.80684309,5.465573194077411,5.767936244710798,3.061982194077411,3.364345244710798,2.273919811680694,1.273919811680694,48.97000643999999,47.27582522808322,139.03256120999995,0.704854200201602,-2.479052067605636,1.774197867404041,168,168,0
4141,07463-1-01,45 a 59,Mujeres,Quintil bajo,Norte,Trabajadores rutinarios,Usuarios publicos,63.22,52.206842764391766,12.96,26.646737862434634,12.19,9.516419373173605,79.63,2.88389,90.7092441097436,89.8,56.4102564102564,33.389743589743595,57.31950052,7.3041303669071205,16.076081987876023,4.42024036690712,13.192191987876022,2.532735425729525,1.5327354257295251,91.61028169025641,59.84954767005817,164.14011519025644,11.013157235608233,-13.686737862434633,2.6735806268263946,168,168,0
4149,07481-1-02,30 a 44,Hombres,Quintil bajo,Centro,Trabajadores rutinarios,Motorizados privados,54.76,57.09619899344834,28.04,28.894597592888584,13.51,10.319203413663065,71.69000000000001,4.291791,149.22849964,176.71,50,126.71000000000001,22.51849964,10.783882171040512,9.112541077690555,6.492091171040512,4.820750077690555,2.512676449305316,1.5126764493053162,85.78997551999998,95.81645333429066,264.11389156999996,-2.336198993448342,-0.8545975928885845,3.190796586336935,168,168,0
4153,07487-1-02,45 a 59,Hombres,Quintil alto,Centro,Trabajadores rutinarios,Motorizados privados,46.65,57.084592996471045,46.89,36.53689122376053,13.13,13.048515779768435,61.32999999999999,6.5447,82.551066062749,127.44,50.199203187251,77.240796812749,5.310269249999999,25.905286841455926,16.379989541954817,19.360586841455927,9.835289541954818,3.9582084498076195,2.9582084498076195,222.759188937251,291.05046972125507,615.5720829372511,-10.434592996471046,10.353108776239473,0.08148422023156598,167.99999999999997,168,0
4154,07493-1-01,60 o mas,Hombres,Quintil alto,Norte,Trabajadores rutinarios,Movilidad mixta,85.98,60.609734799570965,15.68,36.024677611333324,7.84,12.865587589095714,58.5,4.14654,100.4194668,93.89999999999999,0,93.89999999999999,6.5194668,13.622108954964917,48.05585585223306,9.475568954964917,43.90931585223306,3.285174857824817,2.285174857824817,256.1000424,150.901222935813,353.6266632,25.37026520042904,-20.344677611333324,-5.025587589095714,168,168,0
4156,07499-1-02,30 a 44,Hombres,Quintil bajo,Norte,Trabajadores rutinarios,Usuarios publicos,46.88,48.776344830040216,36.62,31.215560269084055,7.64,11.14809490087573,76.86,5.752196,58.816655615787695,124.56,85.4063018242123,39.153698175787696,19.66295744,23.102175730475672,21.024638791967853,17.349979730475674,15.272442791967853,4.016235839403886,3.016235839403886,210.84629286421233,221.7544400101903,465.4384878242123,-1.8963448300402135,5.404439730915943,-3.5080949008757303,168,168,0
4166,07524-1-01,30 a 44,Mujeres,Quintil bajo,Norte,Trabajadores rutinarios,Movilidad mixta,53.67,61.97050764252965,18.77,10.941813726654383,4.38,3.9076786308159703,91.18,1.587377,92.57455831000001,39.13,0,39.13,53.444558310000005,1.722625087873943,-1.406958841311474,0.13524808787394305,-2.9943358413114742,1.0852022474018101,0.08520224740181005,-7.380034720000012,5.796000200075767,29.367742829999983,-8.300507642529645,7.828186273345617,0.47232136918402956,168,168,0
4168,07527-1-01,60 o mas,Hombres,Quintil bajo,Norte,Trabajadores rutinarios,Movilidad mixta,58.84,52.789190947019335,22.91,32.878738830739366,15.66,11.742070222241296,70.59,3.998929,61.597002039999985,138.79999999999998,112.5,26.299999999999983,35.29700204,14.787239348040451,19.875776917342524,10.78831034804045,15.876847917342523,3.69779992293948,2.69779992293948,173.69998032000004,149.5032245245731,327.93867185,6.050809052980668,-9.968738830739365,3.9179297777587045,168,168,0
4180,07539-1-01,45 a 59,Hombres,Quintil medio,Sur,Trabajadores rutinarios,Usuarios publicos,67.95,58.10830343977875,18.73,26.46881812829184,7.35,9.452878431929411,73.97,4.325996,173.64140010000003,129.69000000000003,0,129.69000000000003,43.951400099999994,9.550654209712071,20.35955233121559,5.2246582097120715,16.03355633121559,2.207735330710447,1.2077353307104473,120.31002809999998,77.73488814726909,233.13200377999996,9.841696560221251,-7.73881812829184,-2.102878431929412,168,168,0
4181,07540-1-01,30 a 44,Mujeres,Quintil bajo,Centro,Trabajadores rutinarios,Motorizados privados,63.33,57.83337281469933,20.36,27.577722740971918,11.57,9.848904444328742,72.74000000000001,5.618606,213.48632457999997,157.66,0,157.66,55.82632457999999,13.14313973988472,19.674423072573347,7.5245337398847205,14.055817072573348,2.3392171901508525,1.3392171901508525,142.33999340000003,111.45661091690658,321.74208297999996,5.496627185300667,-7.217722740971919,1.7210955556712584,168,168,0
4183,07542-1-02,45 a 59,Mujeres,Quintil bajo,Centro,Trabajadores rutinarios,Usuarios publicos,66.11,60.69665637269576,19.26,21.967892550521672,5.14,7.845451076782565,77.49,3.024096,147.3729711,67.45,0,67.45,79.9229711,5.355825196869418,9.505106889158316,2.331729196869418,6.481010889158316,1.7710499920866989,0.7710499920866989,52.55001546,36.179544650043766,126.33795786000005,5.413343627304236,-2.70789255052167,-2.7054510767825652,168,168,0
4185,07548-1-01,30 a 44,Mujeres,Quintil bajo,Norte,Trabajadores rutinarios,Movilidad activa,59.43,61.037812990433,36.03,29.446044069542722,5.54,10.516142940024297,66.99999999999999,3.13559,125.19814566,53.85,0,53.85,71.34814566,7.310151377715263,6.492174629331989,4.174561377715262,3.3565846293319885,2.3313479688719707,1.3313479688719705,61.149968040000005,66.19141037467182,191.49644434000007,-1.607812990432997,6.583955930457279,-4.976142940024297,168,168,0
4191,07560-1-02,45 a 59,Mujeres,Quintil alto,Centro,Trabajadores rutinarios,Motorizados privados,53.7,65.62515433155642,39.5,23.921645630531536,4.89,8.543200037912051,69.91,1.120304,60.160312299999994,0,0,0,60.160312299999994,1.8161885852553321,1.242793151534664e-6,0.6958845852553321,-1.1203027572068485,1.6211569228132117,0.6211569228132116,1.250000000396767e-5,13.359810598259976,49.73030706000001,-11.925154331556413,15.578354369468464,-3.6532000379120513,168,168,0
4192,07560-1-03,18 a 29,Hombres,Quintil alto,Centro,Trabajadores rutinarios,Motorizados privados,51.97,54.69221554011151,30.96,28.831216501579778,10.89,10.296567958308723,74.17999999999999,2.240757,70.3900442976265,39.95,11.0121168923735,28.937883107626504,41.45216119,5.883588614352081,4.857605330139432,3.642831614352081,2.616848330139432,2.62571470907023,1.62571470907023,46.06209699237348,52.16192051938714,139.8377774423735,-2.722215540111513,2.1287834984202227,0.593432041691278,168,168,0
4193,07561-2-01,30 a 44,Hombres,Quintil bajo,Centro,Trabajadores rutinarios,Motorizados privados,52.96,60.8404122644941,40.29,31.765198936074928,10.7,11.344388799430986,64.05,3.612869,127.85756048000002,111.52000000000001,0,111.52000000000001,16.33756048,9.413605594505638,5.494469470338928,5.800736594505638,1.8816004703389284,2.6055762316612197,1.6055762316612194,63.47998175999999,91.9508789376105,247.70017207,-7.8804122644940975,8.524801063925072,-0.6443887994309865,168,168,0
4197,07565-1-01,45 a 59,Hombres,Quintil alto,Sur,Trabajadores rutinarios,Motorizados privados,53.94,58.490212973951984,40.99,33.07693462134466,8.45,11.812852404703362,64.61999999999999,9.740397,271.03700385999997,220.64,0,220.64,50.39700386,29.36526177596267,22.706194575560893,19.62486477596267,12.965797575560893,3.0147910578965793,2.0147910578965798,254.36001031999996,298.680891120843,735.925238,-4.550212973951986,7.9130653786553395,-3.3628524047033626,168,168,0
4202,07580-1-01,30 a 44,Hombres,Quintil bajo,Centro,Trabajadores rutinarios,Motorizados privados,56.93,66.31005656559509,36.33,27.81595756323637,10.8,9.933985871168542,63.94,1.955929,97.0624726114286,82.14,21.4285714285714,60.7114285714286,36.35104404,3.8154446220188363,1.3380278998757331,1.8595156220188362,-0.6179011001242669,1.9507071177015303,0.9507071177015302,14.288565358571404,32.635290016859244,106.4714991285714,-9.38005656559509,8.514042436763628,0.8660141288314591,168,168,0
4205,07587-1-02,45 a 59,Mujeres,Quintil medio,Norte,Trabajadores rutinarios,Movilidad activa,55.04,58.82949765185995,39.42,32.79745959316597,8.88,11.713042754974067,64.66000000000001,2.785532,82.75120222614103,41.83,4.89450305385897,36.93549694614103,45.81570528,8.043419999317969,6.447821294250973,5.257887999317969,3.6622892942509733,2.887570488983063,1.887570488983063,70.56447905385895,81.12024602703971,205.10567465385893,-3.7894976518599535,6.622540406834034,-2.833042754974066,168,168,0
4207,07587-1-04,45 a 59,Hombres,Quintil medio,Norte,Trabajadores rutinarios,Usuarios publicos,60.57,58.21132779429226,34.65,33.798223877420206,8.86,12.070448328287537,63.92,2.136739,55.58015733131038,43.78,5.12215435868962,38.65784564131038,16.92231169,6.62003826865993,7.490125243384062,4.4832992686599304,5.353386243384062,3.0981969574477417,2.0981969574477417,73.84212389868964,68.80225700853785,166.8116377886896,2.358672205707741,0.8517761225797926,-3.210448328287537,168,168,0
4221,07615-1-01,45 a 59,Hombres,Quintil bajo,Norte,Trabajadores rutinarios,Usuarios publicos,65.99,60.781682735216386,28.46,31.27794333572166,8.78,11.170373929061952,64.77000000000001,3.621133,131.23854504000002,67.28,0,67.28,63.958545040000004,9.23889162477845,12.766173513179284,5.61775862477845,9.145040513179284,2.5513814667338788,1.5513814667338786,107.72002162999996,88.86001210802229,242.57101454999992,5.208317264783609,-2.817943335721658,-2.390373929061953,168,168,0
4227,07621-1-01,45 a 59,Hombres,Quintil bajo,Centro,Trabajadores rutinarios,Motorizados privados,86.34,66.20786265856097,17.23,34.64078348935207,9.65,12.371353852086967,54.779999999999994,2.987285,115.41220104000001,107.49000000000001,0,107.49000000000001,7.922201039999999,7.732691805938938,23.39860768700496,4.745406805938938,20.41132268700496,2.5885350095283637,1.5885350095283637,142.50998585999997,82.36955396197928,222.80820666,20.132137341439034,-17.410783489352067,-2.721353852086967,168,168,0
4229,07630-1-01,30 a 44,Hombres,Quintil medio,Sur,Trabajadores rutinarios,Motorizados privados,52.6,57.11760653632583,39.48,31.892530432869457,8.32,11.389863030804683,67.60000000000002,9.01123,253.81067679999998,229.82,0,229.82,23.990676799999996,26.60227856238985,20.329373541077697,17.59104856238985,11.318143541077697,2.952125133016231,1.952125133016231,220.18002120000003,260.88921274833535,650.9168151999997,-4.517606536325829,7.58746956713054,-3.069863030804683,168.00000000000003,168,0
4231,07634-1-01,30 a 44,Hombres,Quintil medio,Centro,Trabajadores rutinarios,Motorizados privados,64.02,61.96589656138875,31.69,33.86117368165364,12.21,12.092929756957613,60.080000000000005,6.370837,207.80100083999994,299.93999999999994,125,174.93999999999994,32.86100084,17.956845068237246,20.11266836064354,11.586008068237247,13.74183136064354,2.8186006121703078,1.8186006121703078,200.05998390000005,186.97362571146832,479.73972819999994,2.054103438611243,-2.171173681653638,0.117070243042388,168,168,0
4233,07637-1-02,45 a 59,Mujeres,Quintil bajo,Sur,Trabajadores rutinarios,Usuarios publicos,64.58,59.39788295074769,21.13,27.382819065628624,10.85,9.77929798362368,71.44000000000001,2.355654,96.52813345999999,44.4,0,44.4,52.128133459999994,5.153359991878348,7.673090667293021,2.7977059918783485,5.317436667293022,2.1876557388641746,1.1876557388641746,55.60000185999999,43.39272710446062,130.93381677999997,5.182117049252305,-6.252819065628625,1.0707020163763197,168,168,0
4237,07644-1-01,45 a 59,Mujeres,Quintil bajo,Sur,Trabajadores rutinarios,Movilidad activa,68.51,68.08002639687173,26.58,25.85596501186087,8.08,9.234008591267399,64.83,3.016645,161.55034394,81.88,0,81.88,79.67034394000001,5.511785729145875,5.745324514730952,2.495140729145875,2.728679514730952,1.8271244144226035,0.8271244144226035,45.12000501,43.82292728999113,149.67692071,0.4299736031282748,0.7240349881391275,-1.1540085912673987,168,168,0
4244,07648-1-03,18 a 29,Hombres,Quintil bajo,Norte,Trabajadores rutinarios,Usuarios publicos,50.13,55.794349071872524,42.79,32.77177940580959,7.35,11.703871522317874,67.73000000000002,2.798185,65.78303087,50.510000000000005,0,50.510000000000005,15.273030870000001,8.964605418390464,6.556733467323944,6.166420418390464,3.758548467323944,3.2037214903197837,2.2037214903197837,74.48998318,90.33987978767763,214.79097907999994,-5.664349071872522,10.01822059419041,-4.353871522317874,168,168,0
4245,07654-1-01,45 a 59,Mujeres,Quintil bajo,Centro,Trabajadores rutinarios,Movilidad mixta,45.9,51.36837681596993,40.26,30.484583819544667,6.58,10.887039364485403,75.26,2.898975,59.276395821519,77.09,65.126582278481,11.963417721519008,47.312978099999995,9.562459519723758,6.952393436782056,6.663484519723758,4.053418436782056,3.298565706749371,2.298565706749371,73.78655667848099,89.63924435855742,209.57454567848097,-5.468376815969933,9.77541618045533,-4.307039364485403,168,168,0
4246,07655-1-02,60 o mas,Mujeres,Quintil bajo,Centro,Trabajadores rutinarios,Movilidad mixta,59.08,57.86225004998346,29.64,33.38490962470635,14.45,11.922840325310188,64.83,3.039828,79.52882565651379,74.5,52.0642201834862,22.4357798165138,57.093045839999995,9.38662302414698,10.01642322750759,6.34679502414698,6.976595227507589,3.087879651133873,2.087879651133873,100.06421258348621,96.36246218842732,234.0902291034862,1.2177499500165396,-3.7449096247063522,2.527159674689811,168,168,0
4256,07670-1-03,18 a 29,Hombres,Quintil alto,Centro,Trabajadores rutinarios,Usuarios publicos,58.48,55.575314162846766,33.48,35.52687853695506,11.83,12.687807300198152,64.21000000000002,13.865624,169.25662470022502,344.35,235.955056179775,108.39494382022502,60.861680879999994,55.04366688527148,62.49535020370688,41.17804288527148,48.62972620370688,3.9697937060222803,2.9697937060222808,641.605066819775,601.329785163683,1269.8564902597745,2.904685837153231,-2.046878536955063,-0.8578073001981519,168,168,0
4259,07675-1-01,45 a 59,Hombres,Quintil bajo,Norte,Trabajadores rutinarios,Motorizados privados,63.55,61.80588102111135,25.14,33.56644606763931,18.67,11.987672911249337,60.64,4.709702,155.9315688,81.63000000000001,0,81.63000000000001,74.3015688,13.094253316296848,14.443052670974776,8.384551316296848,9.733350670974776,2.780272152313851,1.780272152313851,143.3699933,135.15571265689013,349.70203791999995,1.7441189788886504,-8.426446067639311,6.6823270887506645,168,168,0
4263,07688-1-01,60 o mas,Hombres,Quintil bajo,Sur,Trabajadores rutinarios,Usuarios publicos,69.34,58.09758797992588,17.32,26.955664770183525,8.02,9.626747249890578,73.32000000000001,3.057173,121.10440602000001,49.120000000000005,0,49.120000000000005,71.98440602000001,6.817524908169681,15.828346422985371,3.7603519081696812,12.77117342298537,2.2300095245410323,1.2300095245410323,90.87996980000001,56.50997131735396,168.34873362000002,11.24241202007412,-9.635664770183524,-1.606747249890578,168,168,0
4265,07689-1-02,18 a 29,Mujeres,Quintil bajo,Norte,Trabajadores rutinarios,Usuarios publicos,62.1,56.99644395769015,21.2,26.359661134009727,9.47,9.413894908300122,75.23,2.452904,95.97536730000002,43.65,0,43.65,52.32536730000001,5.40751322143199,8.108749887915783,2.9546092214319897,5.655845887915783,2.204535204570578,1.2045352045705782,56.349971100000005,43.831438069593986,131.58053678,5.1035560423098545,-5.159661134009728,0.05610509169987843,168,168,0
4267,07694-1-02,45 a 59,Mujeres,Quintil bajo,Sur,Trabajadores rutinarios,Motorizados privados,86.12,70.92820109286643,14.91,26.247839243751354,5.52,9.373959663382212,61.45,2.415066,136.84551244000002,53.86000000000001,0,53.86000000000001,82.98551244000001,4.268321509434061,15.368069057090455,1.8532555094340615,12.953003057090456,1.7673726140130586,0.7673726140130587,71.13997147999999,34.45077446054452,120.47976985999995,15.191798907133574,-11.337839243751354,-3.853959663382213,168,168,0
4289,07742-1-01,18 a 29,Mujeres,Quintil alto,Norte,Trabajadores rutinarios,Movilidad mixta,53.74,56.14594042865969,39.23,31.797967904337842,6.33,11.35609166700247,68.7,6.811868,180.99976684,139.93,0,139.93,41.06976684,20.603401778668452,17.927772751464477,13.791533778668452,11.115904751464477,3.024633151826849,2.0246331518268486,185.07001947999998,201.45896809589323,495.41872556,-2.40594042865969,7.432032095662155,-5.02609166700247,168,168,0
4291,07743-1-01,30 a 44,Mujeres,Quintil medio,Centro,Trabajadores rutinarios,Usuarios publicos,51.78,53.06313384969656,31.24,25.647357947129898,4.85,9.159508203173539,80.13000000000001,4.313737,147.91532314,69.55,0,69.55,78.36532314,10.268667209058538,9.226696235096234,5.9549302090585385,4.912959235096235,2.380457410606752,1.3804574106067522,75.44997871999999,80.98508068338847,231.13274704999992,-1.2831338496965614,5.592642052870101,-4.3095082031735394,168,168,0
4302,07769-1-03,30 a 44,Hombres,Quintil bajo,Centro,Trabajadores rutinarios,Motorizados privados,47.26,52.284598758397934,38.18,29.441043992282335,6.8,10.514357249319726,75.76,2.57648,65.68446023999999,58.919999999999995,0,58.919999999999995,6.764460239999999,7.6244707289712865,5.5025299814692525,5.047990728971286,2.9260499814692524,2.959258650938989,1.9592586509389889,56.079984560000014,69.02576276903713,171.97005496,-5.024598758397936,8.738956007717665,-3.7143572493197263,168,168,0
4306,07779-1-01,30 a 44,Hombres,Quintil bajo,Norte,Trabajadores rutinarios,Motorizados privados,65.7,67.30802374808464,34.01,29.607995258917107,7.78,10.573980992998264,60.50999999999999,3.421456,165.02963269999998,102.74,0,102.74,62.2896327,7.168062749663443,6.311206546203136,3.746606749663443,2.8897505462031363,2.095032860181,1.095032860181,59.76002650000004,65.2618090010267,202.74267274000005,-1.6080237480846336,4.402004741082891,-2.7939809929982635,168,168,0
4309,07783-1-01,45 a 59,Mujeres,Quintil bajo,Sur,Trabajadores rutinarios,Movilidad mixta,57.77,60.924152942512684,37.5,32.13823493388237,9.27,11.477612123604956,63.459999999999994,2.456198,86.05457229000001,47.160000000000004,0,47.160000000000004,38.89457229,6.434272414797016,5.269287748190578,3.978074414797016,2.813089748190578,2.6196065686874657,1.6196065686874657,55.83998617,63.58721031909377,170.71636663000004,-3.154152942512681,5.361765066117627,-2.2076121236049566,168,168,0
4311,07784-1-02,45 a 59,Hombres,Quintil bajo,Centro,Trabajadores rutinarios,Motorizados privados,51.07,57.296240971218594,21.05,29.3366752589138,24.99,10.477083769867589,70.89000000000001,3.312874,113.96849007,94.78,0,94.78,19.18849007,8.407709566157036,5.293402930949127,5.094835566157037,1.9805289309491272,2.5378899306635376,1.5378899306635376,55.21998510999998,75.84673694128483,207.74470406999993,-6.226240971218594,-8.2866752589138,14.51291623013241,168,168,0
4314,07790-1-02,18 a 29,Mujeres,Quintil bajo,Centro,Trabajadores rutinarios,Usuarios publicos,56.25,64.40194427673495,40.68,33.84934896011909,13.41,12.08870676314596,57.66,3.109567,115.68316850000001,90.77000000000001,0,90.77000000000001,24.9131685,8.125757901836096,4.8327969984914745,5.0161909018360955,1.7232299984914743,2.613147715368762,1.6131477153687621,59.22997525000001,84.57899215877389,227.42645428000003,-8.151944276734952,6.830651039880912,1.3212932368540393,168,168,0
4318,07801-1-04,45 a 59,Mujeres,Quintil bajo,Centro,Trabajadores rutinarios,Usuarios publicos,54.94,57.194539642673455,30.48,29.197927823079823,11.4,10.427532534246735,71.17999999999999,4.511326,154.92226721999998,107.07,0,107.07,47.85226722,11.48318376523368,9.793167192333955,6.971857765233679,5.281841192333955,2.5454120950766312,1.5454120950766312,92.92998322000003,103.10094652802348,281.8643161000001,-2.254539642673457,1.2820721769201775,0.9724674657532653,168,168,0
4322,07811-1-01,30 a 44,Hombres,Quintil bajo,Centro,Trabajadores rutinarios,Motorizados privados,55.8,58.78351854714799,34.63,29.95026483025057,9,10.696216622601444,68.57,4.192757,148.7858156,114.83,0,114.83,33.9558156,10.606035840770794,8.615401966299766,6.4132788407707935,4.4226449662997656,2.5296089997037257,1.5296089997037254,85.17002500000001,97.67919327318458,268.10001291000003,-2.9835185471479946,4.679735169749431,-1.696216622601444,168,168,0
4324,07815-1-02,30 a 44,Hombres,Quintil bajo,Sur,Trabajadores rutinarios,Movilidad mixta,66.21,66.87505996292187,22.45,23.00802406486195,9.44,8.21691597221618,69.9,2.37696,130.76850814000002,73.39000000000001,0,73.39000000000001,57.37850814,3.9845593542565783,3.682684875960922,1.6075993542565783,1.3057248759609221,1.6763257918755798,0.6763257918755798,26.610013459999948,28.190834389466744,102.41126785999995,-0.6650599629218732,-0.5580240648619501,1.2230840277838197,168,168,0
4330,07831-1-01,45 a 59,Hombres,Quintil bajo,Sur,Trabajadores rutinarios,Motorizados privados,48.74,50.462048298500335,25.44,28.43344199564759,14.87,10.154509705852083,78.94999999999999,2.422973,59.4457112,57.1,0,57.1,2.3457111999999998,7.185173510839241,6.4213914936674445,4.762200510839241,3.9984184936674447,2.9654368871791976,1.9654368871791974,58.64999282,62.82246935196225,156.32003445,-1.722048298500333,-2.99344199564759,4.715490294147916,168,168,0
4331,07831-1-04,18 a 29,Mujeres,Quintil bajo,Sur,Trabajadores rutinarios,Motorizados privados,63.89,57.641424591903856,13.99,25.61177502663441,14.52,9.146800381461723,75.60000000000001,1.155673,48.4959267,24.66,0,24.66,23.835926699999998,2.3005904989393597,3.9226877665529694,1.1449174989393598,2.767014766552969,1.9906933007341694,0.9906933007341695,25.340021269999994,18.118711382399297,58.288258499999984,6.248575408096144,-11.621775026634412,5.373199618538276,168,168,0
4346,07863-1-01,18 a 29,Hombres,Quintil bajo,Centro,Trabajadores rutinarios,Usuarios publicos,84.56,77.06111228101759,10.62,18.72247951174697,7.29,6.686408207235458,65.52999999999999,2.817021,194.36725607999998,118.65999999999998,0,118.65999999999998,75.70725608,3.9455806602503656,10.803123377126502,1.1285596602503656,7.986102377126501,1.4006216709958377,0.4006216709958377,43.84003968000002,22.715515498984473,94.29288579000004,7.498887718982417,-8.102479511746969,0.6035917927645418,168,168,0
4359,07882-1-02,60 o mas,Mujeres,Quintil medio,Sur,Trabajadores rutinarios,Movilidad mixta,58.7,49.743209977930476,27.66,30.34102145965868,4.56,10.835768562410845,77.08,2.401256,40.9966096428572,77.9,77.8571428571428,0.042857142857201325,40.9537525,8.408375010391106,13.691851215325126,6.007119010391106,11.290595215325126,3.501657053804803,2.501657053804803,99.9571175571428,78.44957177590823,177.3255858771428,8.956790022069526,-2.6810214596586803,-6.275768562410845,168,168,0
4360,07883-1-01,45 a 59,Hombres,Quintil bajo,Centro,Trabajadores rutinarios,Movilidad mixta,59.23,59.26664077033678,31.85,31.878505102039046,11.45,11.384854127624163,65.47000000000001,3.252666,105.83542110000002,63.18000000000001,0,63.18000000000001,42.655421100000005,8.86888894309611,8.849236434944567,5.61622294309611,5.596570434944567,2.726652211784459,1.7266522117844594,86.81998607999998,86.93916626788823,227.66042387999994,-0.03664077033678126,-0.028505102039044772,0.06514587237583669,168,168,0
4363,07887-1-01,45 a 59,Mujeres,Quintil bajo,Centro,Trabajadores rutinarios,Usuarios publicos,70.97,68.60836956641386,26.47,29.084578603413984,10.64,10.387051830172156,59.92,2.260157,114.94897459564103,68.52,8.97435897435897,59.545641025641025,55.40333357,4.485534997204433,5.405783516709221,2.225377997204433,3.1456265167092208,1.9846121296902972,0.9846121296902973,45.45436769435895,40.1167121384762,129.32879396435897,2.361630433586143,-2.6145786034139853,0.2529481698278442,168,168,0
4364,07888-1-02,45 a 59,Hombres,Quintil bajo,Sur,Trabajadores rutinarios,Motorizados privados,53.82,59.55326083217714,37.24,31.9104695080531,11.8,11.396269659769768,65.14,4.579519,150.16969472000002,103.70000000000002,0,103.70000000000002,46.46969472,12.489689479074137,8.66662268789834,7.910170479074137,4.087103687898339,2.7272928617774346,1.7272928617774348,96.30001786,122.55559477291101,320.87962962000006,-5.7332608321771374,5.329530491946901,0.4037303402302328,168,168,0
4368,07902-1-03,45 a 59,Mujeres,Quintil bajo,Centro,Trabajadores rutinarios,Usuarios publicos,59.56,59.85404893628167,28.73,32.322523486150146,15.43,11.54342757756818,64.28,2.419739,79.3894264697436,91.67999999999999,56.4102564102564,35.26974358974359,44.11968288,6.584174587906541,6.469222044427868,4.164435587906541,4.049483044427868,2.7210267668978108,1.7210267668978108,64.73022837025641,65.44175004928567,171.5859026102564,-0.29404893628166917,-3.592523486150146,3.8865724224318203,168,168,0
4370,07908-1-03,18 a 29,Hombres,Quintil alto,Sur,Trabajadores rutinarios,Motorizados privados,46.39,55.99335569510008,44.24,32.558825551159174,9.55,11.627818753740742,67.82000000000001,4.46839,108.62859033999999,88.83999999999999,0,88.83999999999999,19.788590340000002,14.140311638230315,8.094940220064673,9.671921638230316,3.626550220064673,3.164520473421146,2.1645204734211463,98.66002176000003,141.57156031442827,339.01471986,-9.603355695100078,11.681174448840828,-2.0778187537407415,168,168,0
4374,07914-1-02,18 a 29,Hombres,Quintil medio,Norte,Trabajadores rutinarios,Movilidad mixta,58.18,56.04317335724313,36.25,31.25473954450387,4.03,11.162087098253018,69.53999999999999,5.857561,162.85449610736842,169.43,47.3684210526316,122.06157894736842,40.79291716,17.211890666733318,19.496390258865375,11.354329666733317,13.638829258865375,2.9384057061861273,1.9384057061861273,177.93840287263154,165.42181046625794,413.88095995263166,2.1368266427568727,4.99526045549613,-7.132087098253018,168,168,0
4382,07925-2-01,18 a 29,Hombres,Quintil bajo,Centro,Trabajadores rutinarios,Motorizados privados,91.46,73.33124993103114,14.99,28.883507344718613,6.08,10.315242724250243,55.470000000000006,2.424304,137.776877,116.05000000000001,0,116.05000000000001,21.726877000000002,4.503661327659024,17.584498078744367,2.079357327659024,15.160194078744368,1.857713111746309,0.857713111746309,83.94996683999995,40.0003655327985,135.03005212,18.128750068968856,-13.893507344718612,-4.235242724250243,168,168,0
4388,07934-1-02,45 a 59,Mujeres,Quintil bajo,Norte,Trabajadores rutinarios,Movilidad mixta,74.5,78.80711288160208,16.95,14.149602478348596,6.56,5.053284640049329,69.99,1.074982,80.0861535,0,0,0,80.0861535,1.0641317872941183,1.0324856986372136e-6,-0.010850212705881823,-1.0749809675143014,0.9899066098726473,-0.010093390127352664,5.500000014535544e-6,4.6300743196903795,25.27283232000002,-4.30711288160208,2.800397521651403,1.5067153599506709,168,168,0
4398,07960-1-01,45 a 59,Mujeres,Quintil medio,Centro,Trabajadores rutinarios,Movilidad mixta,56.34,56.319092510419,25.84,28.65667425980847,13.03,10.234233229772542,72.78999999999999,4.640567,157.55951561999998,121.10999999999999,0,121.10999999999999,36.44951562,11.778608811753278,11.795960532723216,7.138041811753278,7.155393532723216,2.5381831167944084,1.5381831167944087,103.89002916000001,103.79300655379754,284.26886845,0.02090748958100619,-2.816674259808469,2.7957667702274573,168,168,0
4416,07992-1-01,60 o mas,Hombres,Quintil bajo,Centro,Trabajadores rutinarios,Motorizados privados,65.71,66.2520727020455,33.99,30.72502024301647,8.25,10.972907054938023,60.05000000000001,0.85949,40.41707651,21.44,0,21.44,18.97707651,1.749142107160291,1.678015324438216,0.8896521071602911,0.8185253244382161,2.035093028610328,1.0350930286103284,16.060011389999993,16.52591745668108,52.36486898999999,-0.5420727020455018,3.264979756983532,-2.722907054938023,168,168,0
4421,07999-1-01,60 o mas,Mujeres,Quintil bajo,Norte,Trabajadores rutinarios,Motorizados privados,45.92,47.861926188574,29.34,32.28724524473181,16.42,11.530828566694197,76.32,4.070266,4.536607999999994,82.63,90,-7.3700000000000045,11.906607999999999,19.164633598268853,17.58900942391082,15.094367598268853,13.51874342391082,4.708447457308405,3.708447457308405,182.37000672000002,190.27416285986237,368.62537888,-1.9419261885740013,-2.947245244731807,4.889171433305805,168,168,0
4422,08001-1-01,45 a 59,Mujeres,Quintil bajo,Centro,Trabajadores rutinarios,Usuarios publicos,52.22,58.005492368254664,35.97,32.896201073096705,14.46,11.748306558648638,65.35,5.249934,144.40154258,120.25,0,120.25,24.15154258,15.829271291510322,11.355138039447295,10.579337291510322,6.105204039447296,3.0151371982029342,2.0151371982029342,129.75001089999995,160.12346399084066,394.50418252000003,-5.7854923682546655,3.0737989269032937,2.711693441351363,168,168,0
4425,08009-1-01,45 a 59,Hombres,Quintil medio,Norte,Trabajadores rutinarios,Motorizados privados,50.3,54.18018958720886,31.49,27.49901505187751,9.71,9.820795360913632,76.5,4.287791,140.47590390000002,49.800000000000004,0,49.800000000000004,90.67590390000001,10.8606108958359,8.055537282033631,6.572819895835899,3.767746282033631,2.5329151760978785,1.5329151760978785,75.19998339999998,91.83742539032787,251.85697260000003,-3.8801895872088608,3.990984948122488,-0.11079536091363096,168,168,0
4446,08054-1-01,45 a 59,Mujeres,Quintil bajo,Sur,Trabajadores rutinarios,Usuarios publicos,46.54,48.88954350542191,28.33,27.595281311801926,11.47,9.855175182776149,81.66000000000001,2.831709,66.43773530000001,47.150000000000006,0,47.150000000000006,19.2877353,8.485331554367704,7.246637106525542,5.653622554367704,4.414928106525542,2.9965408007559056,1.9965408007559053,65.35000155999998,72.00322505019477,178.05201975999995,-2.349543505421913,0.7347186881980718,1.6148248172238517,168,168,0
4450,08063-1-02,18 a 29,Hombres,Quintil bajo,Norte,Trabajadores rutinarios,Motorizados privados,62.16,64.8177292907209,36.84,29.9250567238309,6.43,10.687213985448198,62.57,2.665165,118.96667356,65.8,0,65.8,53.16667356,5.844722737395983,4.763254748229732,3.1795577373959834,2.0980897482297323,2.193005963006412,1.1930059630064118,46.69998283999999,53.78326992510418,162.02167239,-2.6577292907209085,6.9149432761691045,-4.257213985448198,168,168,0
4451,08065-1-01,45 a 59,Mujeres,Quintil bajo,Sur,Trabajadores rutinarios,Motorizados privados,55.65,53.19963042262548,29.74,28.26574863955511,6.17,10.094620937819403,76.44,4.862757,143.79241,108.42999999999999,0,108.42999999999999,35.36241,13.219898066436844,15.586420380102389,8.357141066436844,10.723663380102389,2.7186014161178202,1.7186014161178202,126.82001705000002,114.90446523503502,301.44162092,2.4503695773745164,1.4742513604448888,-3.9246209378194035,168,168,0
4452,08070-1-01,45 a 59,Hombres,Quintil bajo,Sur,Trabajadores rutinarios,Movilidad activa,71.16,84.2958320901955,21.69,12.065267342820013,7.82,4.308900566984472,67.33000000000001,1.038028,84.23608572,46.62,0,46.62,37.61608572,0.8801247873901334,-1.550901030870254,-0.1579032126098665,-2.588929030870254,0.8478815478870835,-0.15211845211291652,-10.370013240000006,3.265348272921443,20.26219303999997,-13.135832090195507,9.624732657179988,3.511099433015528,168,168,0
4454,08077-1-01,45 a 59,Hombres,Quintil bajo,Centro,Trabajadores rutinarios,Motorizados privados,62.26,60.48036757967559,32.54,34.366304109116015,12.32,12.273328311208381,60.88000000000002,3.325799,95.8842402,88.82,0,88.82,7.064240200000001,9.960648569565324,10.938087805878196,6.634849569565324,7.612288805878196,2.9949640881981514,1.9949640881981514,111.18000554,105.2613058161175,260.3753486799999,1.7796324203244112,-1.8263041091160161,0.046671688791619204,168.00000000000003,168,0
4456,08079-1-03,30 a 44,Mujeres,Quintil medio,Centro,Trabajadores rutinarios,Movilidad activa,51.66,52.88960325887275,34.9,34.49949987628682,13.15,12.320896864840451,68.28999999999999,2.861857,24.780551281203003,70.64,81.203007518797,-10.563007518796994,35.3435588,11.931927531909356,11.30337207072632,9.070070531909355,8.44151507072632,4.1692955070464235,3.169295507046423,123.06298133879699,126.5819300324248,260.575210188797,-1.22960325887275,0.40050012371317933,0.8291031351595493,168,168,0
4457,08082-1-02,45 a 59,Hombres,Quintil bajo,Centro,Trabajadores rutinarios,Motorizados privados,40.51,48.219724507889985,27.53,27.035143717376847,16.87,9.655131774733157,83.09,3.745518,87.6909196,85.96000000000001,0,85.96000000000001,1.7309196,11.176809437701992,6.365645294641107,7.431291437701992,2.6201272946411067,2.984049052147658,1.984049052147658,64.04001457999999,92.91692649934308,230.34101378,-7.709724507889987,0.49485628262315373,7.214868225266844,168,168,0
4467,08106-1-01,30 a 44,Hombres,Quintil medio,Centro,Trabajadores rutinarios,Usuarios publicos,47.98,54.83003707431043,40.48,29.820197566197365,6.84,10.649765359492177,72.70000000000002,5.065209,146.93005490782608,156.51,45.1086956521739,111.40130434782608,35.52875056,14.263763182962565,8.962860511510293,9.198554182962564,3.8976515115102925,2.8160265811267737,1.8160265811267735,96.09867291217392,130.79554235130482,335.78436279217385,-6.8500370743104355,10.659802433802632,-3.809765359492177,168,168,0
4470,08111-1-05,18 a 29,Mujeres,Quintil medio,Centro,Trabajadores rutinarios,Movilidad activa,53.21,54.25559008886456,34.54,30.84769256731558,8.37,11.016717343819876,71.88,2.928254,75.14124505883119,73.16,38.8311688311688,34.328831168831194,40.812413889999995,8.82724459879964,8.297241259403606,5.89899059879964,5.368987259403606,3.0145078257554294,2.0145078257554294,80.6711502811688,83.7329036412468,206.32252942116878,-1.0455900888645573,3.6923074326844194,-2.6467173438198763,168,168,0
4471,08112-1-02,30 a 44,Mujeres,Quintil alto,Sur,Trabajadores rutinarios,Motorizados privados,78.64,70.0934083110778,9.64,21.94081197064802,11.59,7.835779718274187,68.13,3.39532,201.06794784,84.06,0,84.06,117.00794784,5.4724216064181395,13.707966790334387,2.0771016064181396,10.312646790334387,1.6117542989815805,0.6117542989815804,65.94001695999998,36.92160326676867,138.02266056000002,8.546591688922206,-12.30081197064802,3.7542202817258126,168,168,0
4472,08116-1-02,30 a 44,Hombres,Quintil bajo,Centro,Trabajadores rutinarios,Movilidad activa,85.31,73.58150706583015,20.69,28.94963416513019,6.87,10.338858769039659,55.13,2.828706,161.07692862,119.75999999999999,0,119.75999999999999,41.31692861999999,5.286801893297683,12.849480897917195,2.4580958932976826,10.020774897917194,1.8689824581620298,0.8689824581620298,80.23998024000002,47.063521906156154,158.19911760000002,11.72849293416985,-8.259634165130187,-3.4688587690396586,168,168,0
4492,08156-1-02,30 a 44,Hombres,Quintil alto,Centro,Trabajadores rutinarios,Movilidad mixta,54.21,53.907692530155586,26.31,29.15139376558511,12.95,10.410913704259318,74.52999999999999,5.129979,148.03617336,119.94,0,119.94,28.096173360000005,14.335948922220506,14.620674158412427,9.205969922220508,9.490695158412429,2.7945433933005392,1.7945433933005395,130.05998823000002,128.509157258155,331.46296377,0.3023074698444148,-2.84139376558511,2.539086295740681,168,168,0
4501,08176-1-04,45 a 59,Mujeres,Quintil bajo,Norte,Trabajadores rutinarios,Movilidad mixta,37.08,46.721945024369404,17,17.226065152735718,16.02,6.1519898228948575,97.90000000000002,2.975953,110.34833723999999,0,0,0,110.34833723999999,5.416968705501016,0,2.4410157055010155,-2.975953,1.820246726175116,0.8202467261751162,0,28.69397522110721,98.26596805999996,-9.641945024369406,-0.2260651527357176,9.868010177105141,168,168,0
4506,08183-1-02,30 a 44,Mujeres,Quintil bajo,Sur,Trabajadores rutinarios,Movilidad mixta,64.14,63.58137791883949,31.16,28.90551846706361,7.51,10.323103614096896,65.19,3.485975,154.18047068,105.59,0,105.59,48.59047068,7.589866793840486,7.921759288341473,4.103891793840486,4.435784288341473,2.177257953324532,1.1772579533245322,69.40996581999997,67.46262321062648,204.21261907,0.5586220811605074,2.2544815329363885,-2.813103614096896,168,168,0
4510,08194-1-01,45 a 59,Mujeres,Quintil bajo,Centro,Trabajadores rutinarios,Movilidad mixta,71.77,70.31740871112784,24.11,26.395792640798604,10.26,9.42679864807355,61.86000000000001,2.771116,154.35299838,75.47,0,75.47,78.88299838,4.990250920144569,5.718039043112186,2.219134920144569,2.946923043112186,1.8008091036768468,0.8008091036768468,44.52999693999999,40.50469797794574,139.77325385999998,1.4525912888721564,-2.2857926407986042,0.8332013519264496,168,168,0
4514,08203-1-01,45 a 59,Hombres,Quintil alto,Centro,Trabajadores rutinarios,Motorizados privados,47.91,50.62960045724077,27.44,29.466832408666708,15.27,10.523567134092513,77.38000000000001,21.127391,449.88331119,437.66999999999996,0,437.66999999999996,12.21331119,68.40084096139549,58.107964010283496,47.273449961395485,36.98057301028349,3.2375431950587505,2.2375431950587505,562.3299916199999,619.7880538439045,1464.6808612299997,-2.719600457240773,-2.0268324086667064,4.746432865907487,168,168,0
4520,08212-1-01,30 a 44,Hombres,Quintil bajo,Centro,Trabajadores rutinarios,Motorizados privados,67.23,61.63731548935159,13.99,18.607381542876887,5.67,6.645302967771519,81.11,3.226896,169.66420005,102.72,0,102.72,66.94420005,5.109047226335428,10.613731655438716,1.882151226335428,7.386835655438716,1.5832698749310261,0.583269874931026,47.28001803000001,29.23300675332669,110.72079339000001,5.592684510648411,-4.6173815428768865,-0.975302967771519,168,168,0
4522,08215-1-01,30 a 44,Hombres,Quintil medio,Sur,Trabajadores rutinarios,Motorizados privados,64.98,62.70500777110771,28.84,29.80179796664184,9.33,10.64319426225045,64.85,4.358474,181.23365453999997,148.01999999999998,0,148.01999999999998,33.21365454,10.046189957647702,11.791437985140876,5.687715957647701,7.4329639851408755,2.304978751197713,1.3049787511977131,101.97998598000004,92.06449150017096,268.34293856000005,2.2749922288922946,-0.9617979666418393,-1.31319426225045,168,168,0
4526,08218-1-01,45 a 59,Hombres,Quintil bajo,Centro,Trabajadores rutinarios,Movilidad mixta,64.37,59.4931177563534,25.59,30.731618673813742,11.24,10.975263569832862,66.8,5.578655,195.36804433000003,136.27,0,136.27,59.09804433000001,14.446870532568834,19.620066179172532,8.868215532568833,14.041411179172531,2.5896691106671472,1.5896691106671468,163.72997802000003,136.52353450706966,369.19184167,4.876882243646605,-5.141618673813742,0.26473643016713844,168,168,0
4534,08230-1-01,60 o mas,Hombres,Quintil alto,Norte,Trabajadores rutinarios,Motorizados privados,55.05,56.53966778950015,41.57,37.24789410659762,10.47,13.302438103902224,60.91,11.044298,78.69863255000004,345.71000000000004,300,45.710000000000036,32.988632550000005,47.647222777701636,44.888010939401674,36.60292477770164,33.84371293940168,4.314192063425094,3.314192063425094,529.2899723499999,545.7423073382408,1104.03524027,-1.489667789500153,4.32210589340238,-2.8324381039022235,168,168,0
4544,08254-1-01,18 a 29,Mujeres,Quintil bajo,Sur,Trabajadores rutinarios,Usuarios publicos,66.09,68.03268120414825,30.79,30.194041552968184,12.13,10.783277242883566,58.99,2.979568,144.50962409000002,83.84,0,83.84,60.669624090000006,6.268177831906642,5.389253805834161,3.288609831906642,2.4096858058341613,2.103720348690361,1.103720348690361,52.410025029999986,58.19837578008156,180.29308358999995,-1.9426812041482435,0.5959584470318156,1.346722757116435,168,168,0
4549,08266-1-01,30 a 44,Mujeres,Quintil bajo,Centro,Trabajadores rutinarios,Motorizados privados,58.72,55.19444999103532,13.2,24.246377593512335,16.18,8.659172415452332,79.9,5.668281,222.07143824000002,189.23000000000002,0,189.23000000000002,32.84143824,12.176563391871822,16.639659465069208,6.508282391871822,10.971378465069208,2.148193322079802,1.1481933220798017,110.77002207999999,90.78621394963568,277.30411785999996,3.5255500089646787,-11.046377593512336,7.520827584547668,168,168,0
4554,08275-1-01,60 o mas,Hombres,Quintil bajo,Centro,Trabajadores rutinarios,Usuarios publicos,28.13,39.183492181916534,20.12,16.915449115241298,13.89,6.041058702842166,105.86,3.085044,86.78228772,0,0,0,86.78228772,6.555850343923981,0,3.4708063439239814,-3.085044,2.1250427364809,1.1250427364809,0,34.10050973486851,104.92234643999998,-11.053492181916535,3.204550884758703,7.848941297157834,168,168,0
4556,08277-1-02,30 a 44,Mujeres,Quintil bajo,Centro,Trabajadores rutinarios,Usuarios publicos,41,50.71351587359619,33.09,28.852363783754026,15.78,10.304120342649798,78.13,4.947224,116.316172,113.47999999999999,0,113.47999999999999,2.836172,15.168216670463751,7.813546755005352,10.220992670463751,2.866322755005352,3.066005636790198,2.066005636790198,86.52001200000001,134.57495085423605,328.29084888000006,-9.713515873596187,4.237636216245978,5.475879657350202,168,168,0
4557,08282-1-02,30 a 44,Mujeres,Quintil bajo,Centro,Trabajadores rutinarios,Movilidad mixta,72.65,69.42567766835718,21.54,26.802334369760292,11.61,9.571987961882524,62.2,2.772434,150.3773171,73.96000000000001,0,73.96000000000001,76.41731709999999,5.10821701801905,6.795184090817646,2.33578301801905,4.022750090817645,1.842502659402911,0.8425026594029109,51.040013000000016,42.10079214079417,142.94620010000003,3.2243223316428242,-5.262334369760293,2.0380120381174756,168,168,0
4560,08285-1-01,60 o mas,Hombres,Quintil medio,Centro,Trabajadores rutinarios,Motorizados privados,51,58.69400012124983,44.54,38.19523532215777,14.99,13.640764556592396,57.470000000000006,4.805563,49.192502541806014,140.48000000000002,111.371237458194,29.108762541806016,20.08374,19.826548564580435,14.522890088744925,15.020985564580435,9.717327088744923,4.125749379329838,3.125749379329838,195.891210458194,232.86521276286769,481.96637584819405,-7.694000121249829,6.344764677842228,1.3492354434076042,168,168,0
4562,08290-1-03,18 a 29,Mujeres,Quintil medio,Sur,Trabajadores rutinarios,Motorizados privados,60.53,61.531183530749445,37.78,33.06885099221675,8.1,11.809965477033808,61.589999999999996,3.093706,105.01203978,67.75,0,67.75,37.262039779999995,8.393104658172776,7.912002180763128,5.299398658172776,4.818296180763128,2.7129613021317396,1.7129613021317396,82.2499844,85.34735189618074,224.18921567999996,-1.0011835307494437,4.7111490077832485,-3.7099654770338084,168,168,0
4567,08293-1-03,30 a 44,Hombres,Quintil medio,Norte,Trabajadores rutinarios,Movilidad mixta,44.61,54.53305359818365,43.46,34.92432914583771,13.86,12.472617255978639,66.07000000000001,4.789485,56.90717820700629,92.19999999999999,48.9517308629937,43.24826913700629,13.65890907,19.021525940000018,12.06924749333502,14.232040940000019,7.27976249333502,3.971518010809099,2.971518010809099,156.7517476429937,204.2780640056903,431.2850278429937,-9.92305359818365,8.53567085416229,1.3873827440213606,168,168,0
4568,08295-1-01,45 a 59,Mujeres,Quintil bajo,Centro,Trabajadores rutinarios,Usuarios publicos,31.68,41.29761665144314,23.66,17.86294349359455,10.2,6.379439854962306,102.46,0.748076,23.69905152,0,0,0,23.69905152,1.3098200114540377,-5.005163329575491e-7,0.5617440114540377,-0.7480765005163329,1.750918371200303,0.7509183712003029,-3.840000001531507e-6,7.194704354144978,25.32984952,-9.617616651443143,5.7970565064054504,3.8205601450376934,168,168,0
4571,08301-1-01,45 a 59,Mujeres,Quintil bajo,Norte,Trabajadores rutinarios,Usuarios publicos,55.49,61.239041185986416,41.69,33.89569895547466,10.06,12.105259858538927,60.75999999999999,2.574425,81.5048449,46.15,0,46.15,35.3548449,7.306000685367924,5.232125884432155,4.731575685367924,2.657700884432155,2.8379155288532094,1.8379155288532092,61.34999835000002,76.15047370523308,194.57649210000002,-5.749041185986414,7.794301044525341,-2.0452598585389268,168,168,0
4574,08306-1-02,60 o mas,Mujeres,Quintil medio,Norte,Trabajadores rutinarios,Usuarios publicos,71.96,55.99882282191492,14.13,31.02952245104489,12.02,11.081654727040165,69.89000000000001,3.141192,89.72986330006387,117.75999999999998,121.0702875399361,-3.3102875399361267,93.04015084,9.031268964032993,23.00546443132002,5.890076964032993,19.86427243132002,2.8751088644161173,1.8751088644161173,136.31031301993613,86.17319095755272,218.4524838199361,15.961177178085073,-16.899522451044888,0.9383452729598343,168,168,0
4578,08315-1-01,45 a 59,Mujeres,Quintil bajo,Centro,Trabajadores rutinarios,Motorizados privados,58.34,61.29762183154837,30.52,27.523012526495087,9.79,9.829365641956548,69.35,1.700985,74.2954562,50.06,0,50.06,24.2354562,3.5412387409694093,2.730598112938901,1.8402537409694093,1.029613112938901,2.0818753492649313,1.0818753492649313,24.940008700000007,29.970879071136295,93.50671405000001,-2.9576218315483658,2.9969874735049125,-0.03936564195654846,168,168,0
4585,08331-1-01,45 a 59,Hombres,Quintil alto,Centro,Trabajadores rutinarios,Motorizados privados,72.29,55.42289928089357,22.88,32.90548026007707,4.91,11.751620459029358,67.92,27.919924,603.2257768444439,650.4499999999999,115.555555555556,534.8944444444439,68.3313324,93.31190189836839,224.73683707005807,65.3919778983684,196.81691307005806,3.3421259276482407,2.342125927648241,1415.1055291155562,944.1773589377593,2191.0002170755565,16.86710071910644,-10.025480260077071,-6.8416204590293574,168,168,0
4586,08331-1-02,30 a 44,Mujeres,Quintil alto,Centro,Trabajadores rutinarios,Motorizados privados,54.74,51.63424027608039,25.94,30.856055650330614,12.83,11.019704073588999,74.49,15.364964,296.8136875155556,250.18,44.4444444444444,205.7355555555556,91.07813196000001,52.332262160927236,61.9566808962726,36.967298160927236,46.5917168962726,3.4059475935594272,2.4059475935594272,544.2644418444445,496.5445554937697,1139.9640961244445,3.1057597239196113,-4.9160556503306125,1.8102959264110012,168,168,0
4589,08340-1-01,45 a 59,Hombres,Quintil medio,Norte,Trabajadores rutinarios,Movilidad activa,50.12,49.19137044281291,19.12,26.26760934551534,15.6,9.381020211671752,83.16,2.998617,81.45066568,56.160000000000004,0,56.160000000000004,25.290665679999996,8.177857960153979,8.750547855665987,5.1792409601539795,5.751930855665988,2.7272098971472447,1.7272098971472447,68.84001835999997,66.05541398311631,172.95200060000002,0.9286295571870866,-7.147609345515338,6.218979788328248,168,168,0
4591,08342-1-02,30 a 44,Hombres,Quintil bajo,Sur,Trabajadores rutinarios,Usuarios publicos,79.94,70.79824879350168,15.25,22.283563673667526,5.85,7.958187532830781,66.96000000000001,2.898316,173.39142134000002,66.7,0,66.7,106.69142134,4.641438063309449,12.194381633852052,1.7431220633094493,9.296065633852052,1.6014258153042833,0.6014258153042834,58.29995969999996,31.80427591018659,119.45442729999996,9.141751206498313,-7.033563673667526,-2.1081875328307813,168,168,0
4594,08353-1-01,45 a 59,Mujeres,Quintil bajo,Norte,Trabajadores rutinarios,Movilidad mixta,62.17,64.34729359671685,39.04,34.74436147393247,10.29,12.408344929350681,56.49999999999999,4.891988,171.16491526,117.03,0,117.03,54.13491525999999,13.442688337297763,11.896424891162381,8.550700337297764,7.004436891162381,2.747898878185671,1.747898878185671,132.9699787,143.62127284761567,374.29174673999995,-2.1772935967168507,4.295638526067528,-2.118344929350682,168,168,0
4601,08366-1-02,30 a 44,Hombres,Quintil bajo,Centro,Trabajadores rutinarios,Motorizados privados,54.52,60.95608964820769,32.87,30.044160516515973,14.34,10.729749835276351,66.26999999999998,2.656881,103.4431392,83.59,0,83.59,19.8531392,6.333171543119388,3.8711976801191224,3.676290543119388,1.2143166801191225,2.3836865644789467,1.3836865644789467,41.41001292,58.509937220619676,166.84136493,-6.436089648207684,2.8258394834840246,3.6102501647236487,168,168,0
4603,08370-1-01,18 a 29,Hombres,Quintil medio,Centro,Trabajadores rutinarios,Movilidad mixta,50.58,56.63018819791643,34.19,31.242202198933104,14.26,11.157609603150473,68.97,5.628817,163.00554226000003,128.3,0,128.3,34.70554226,16.212621102766104,11.085897459117316,10.583804102766104,5.457080459117316,2.880289251323343,1.8802892513233427,121.70002159999996,155.75542378163135,394.4162052499999,-6.050188197916434,2.947797801066894,3.1023903968495272,168,168,0
4607,08376-1-02,18 a 29,Mujeres,Quintil bajo,Centro,Trabajadores rutinarios,Movilidad mixta,61.77,60.629116437512025,18.59,20.212382421766463,7.7,7.21850114072153,79.93999999999998,2.837098,142.61725930167808,23.14,10.7702888583219,12.369711141678101,130.24754815999998,4.729173827284295,5.477775799429972,1.8920758272842946,2.640677799429972,1.6669053473952238,0.6669053473952238,32.63028415832193,29.393485684954413,107.21759057832199,1.1408835624879785,-1.6223824217664635,0.4814988592784699,168,168,0
4608,08378-1-01,60 o mas,Mujeres,Quintil alto,Centro,Trabajadores rutinarios,Motorizados privados,59.31,51.64797426231487,24.35,28.82697320058766,7.11,10.295052537097463,77.23,13.37949,336.93754536000006,293.40000000000003,0,293.40000000000003,43.537545359999996,39.944907206904304,64.05472608279447,26.565417206904304,50.67523608279447,2.985532872097838,1.985532872097838,456.60000654,354.08600980289907,877.5187619399999,7.662025737685134,-4.476973200587658,-3.185052537097463,168,168,0
4610,08380-1-03,18 a 29,Hombres,Quintil bajo,Centro,Trabajadores rutinarios,Movilidad activa,73.84,62.60127751858504,22.16,28.647695765028903,5.48,10.23102671638605,66.52,1.739693,76.26895776,52.81,0,52.81,23.45895776,3.704982444890936,8.333415186585677,1.965289444890936,6.593722186585677,2.1296760088653204,1.1296760088653206,52.18997335999998,32.63804653013976,100.27508788,11.23872248141496,-6.487695765028903,-4.7510267163860505,168,168,0
4618,08393-1-01,60 o mas,Hombres,Quintil bajo,Centro,Trabajadores rutinarios,Movilidad mixta,38.68,42.76395520614046,32.04,27.540451224096195,9.42,9.835593569763352,87.86,5.596518,42.68331635999999,96.21,120,-23.790000000000006,66.47331636,23.220181016486794,18.4999037303809,17.623663016486795,12.9033857303809,4.149040710042708,3.149040710042708,173.78999987999998,196.6459287023588,405.82163615999997,-4.083955206140459,4.499548775903804,-0.4155935697633524,168,168,0
4621,08397-1-03,30 a 44,Mujeres,Quintil alto,Centro,Trabajadores rutinarios,Motorizados privados,61.05,56.190207933097476,32.17,33.880102287352074,8.95,12.099689779550461,65.83,3.083403,64.238084127069,95.61,117.113659022931,-21.503659022931004,85.74174315,10.464272996324006,13.309306071119314,7.380869996324005,10.225903071119314,3.3937415888626967,2.3937415888626963,124.00366902293099,109.01897158446756,250.79320038293105,4.859792066902521,-1.710102287352072,-3.149689779550462,168,168,0
4633,08409-1-01,45 a 59,Hombres,Quintil medio,Norte,Trabajadores rutinarios,Motorizados privados,63.58,60.43096522498758,36.98,36.84904035676964,9.88,13.15999441824279,57.559999999999995,2.543263,54.28620504341391,86.54,43.9544807965861,42.58551920341391,11.70068584,8.772765195751287,10.11659663509005,6.229502195751287,7.57333363509005,3.449413291410006,2.4494132914100066,107.4144564965861,99.4056328675837,226.59176067658612,3.1490347750124172,0.13095964323035503,-3.27999441824279,168,168,0
4639,08413-1-01,45 a 59,Mujeres,Quintil alto,Sur,Trabajadores rutinarios,Motorizados privados,63.84,59.757248448862896,30.75,31.81910952257151,8.35,11.363642028565591,65.06,7.205889,239.09397624000002,179.07000000000002,0,179.07000000000002,60.02397624,19.572910352454343,24.937440352036855,12.367021352454344,17.731551352036856,2.7162381147495256,1.7162381147495256,220.92997752000002,191.51012302792816,502.68023741999997,4.0827515511371075,-1.0691095225715088,-3.0136420285655916,168,168,0
4645,08425-1-01,45 a 59,Hombres,Quintil bajo,Centro,Trabajadores rutinarios,Movilidad mixta,46.92,47.15775344667921,28.2,28.967136963867464,11.35,10.345109589453326,81.53,3.160359,47.674742691650515,68.08000000000001,43.6893203883495,24.390679611650512,23.284063080000003,11.379303202293316,11.227049298391632,8.218944202293317,8.066690298391633,3.600636257555966,2.6006362575559665,100.6093015883495,101.36068783334315,225.6015000383495,-0.23775344667920706,-0.7671369638674648,1.0048904105466736,168,168,0
4655,08445-1-01,60 o mas,Hombres,Quintil bajo,Norte,Trabajadores rutinarios,Motorizados privados,80.53,69.33534570230235,9.89,20.546742327125337,6.8,7.337911970572316,70.78,2.594021,154.68653654,45.79,0,45.79,108.89653654,3.9838763032874858,14.33497204332796,1.3898553032874856,11.74095104332796,1.5357918472084404,0.5357918472084403,54.20997459000003,25.170806254032044,97.50418508000001,11.194654297697653,-10.656742327125336,-0.5379119705723161,168,168,0
4656,08446-1-01,60 o mas,Hombres,Quintil bajo,Centro,Trabajadores rutinarios,Movilidad activa,54.46,51.850571825843765,21.56,26.621884682359642,11.96,9.507543491796618,80.01999999999998,2.643218,81.91967174,52.97,0,52.97,28.949671740000003,6.734759660330171,8.167170426689985,4.091541660330171,5.523952426689985,2.547939542001519,1.547939542001519,62.02998054000001,55.13269302036311,150.63064790000004,2.6094281741562355,-5.0618846823596435,2.452456508203383,167.99999999999997,168,0
4657,08448-1-01,60 o mas,Hombres,Quintil bajo,Sur,Trabajadores rutinarios,Movilidad activa,52.28,53.03943672919941,29.29,27.01325033656984,8.13,9.64731293423074,78.30000000000001,2.422408,78.0534668,51.410000000000004,0,51.410000000000004,26.6434668,6.071012683097804,5.730827136362059,3.648604683097804,3.308419136362059,2.50618916511909,1.5061891651190897,48.590023439999996,50.42968904830647,139.23653079999997,-0.7594367291994075,2.2767496634301594,-1.5173129342307394,168,168,0
4660,08450-3-02,18 a 29,Hombres,Quintil bajo,Centro,Trabajadores rutinarios,Movilidad activa,56.14,56.8083024991565,13.71,21.72351987760169,16.44,7.758177623241807,81.71000000000001,1.708221,76.75954268,50.85999999999999,0,50.85999999999999,25.899542680000003,3.0361522985617033,2.801742661578466,1.3279312985617033,1.0935216615784662,1.777376755444233,0.7773767554442331,19.139984260000006,20.281592623411612,70.64284740999999,-0.6683024991564963,-8.013519877601688,8.681822376758195,168,168,0
4664,08462-1-01,30 a 44,Hombres,Quintil medio,Norte,Trabajadores rutinarios,Motorizados privados,54.85,47.2653162178977,17.01,24.94574459524854,9.26,8.90893918685377,86.88,9.035586,236.85191615000002,216.25000000000003,0,216.25000000000003,20.601916149999997,24.797427824644515,43.47045927008737,15.761841824644515,34.434873270087365,2.744418328224037,1.744418328224037,258.74997595,190.2179133540094,496.1148201700001,7.584683782102303,-7.93574459524854,0.35106081314622983,168,168,0
4670,08479-1-01,45 a 59,Hombres,Quintil bajo,Sur,Trabajadores rutinarios,Usuarios publicos,46.62,43.91075967761864,28.72,27.97754596244291,6.54,9.991694359938457,86.11999999999999,2.259141,22.354472813333302,83.7,66.6666666666667,17.033333333333303,5.32113948,8.93231533757804,10.384734320370358,6.67317433757804,8.125593320370358,3.9538547339798797,2.9538547339798797,82.9666806066667,76.84612471552175,162.62399226666673,2.709240322381355,0.7424540375570885,-3.4516943599384566,168,168,0
4671,08480-1-01,45 a 59,Hombres,Quintil alto,Sur,Trabajadores rutinarios,Motorizados privados,51.3,55.32929002495149,34.27,32.1418181633182,13.38,11.478891811730296,69.05000000000001,20.167302,478.60259909999996,444.02,0,444.02,34.5825991,64.4739407366365,51.49561419691553,44.306638736636494,31.328312196915533,3.196954195292781,2.196954195292781,555.9799935000001,637.2399022787843,1516.9519337999998,-4.029290024951493,2.1281818366818044,1.9011081882697045,168,168,0
4677,08491-1-01,60 o mas,Hombres,Quintil bajo,Sur,Trabajadores rutinarios,Motorizados privados,63.55,72.37113265159707,29.67,21.426695421561142,8.23,7.6521719268417945,66.55,0.973914,61.8922234,0,0,0,61.8922234,1.303893228997137,1.3158706997387187e-6,0.32997922899713705,-0.9739126841293002,1.3388176255779638,0.33881762557796385,1.1299999997049781e-5,8.5910358852475,36.91135189999999,-8.821132651597068,8.24330457843886,0.577828073158206,168,168,0
4679,08495-1-01,18 a 29,Mujeres,Quintil medio,Sur,Trabajadores rutinarios,Movilidad mixta,59.63,55.59829203091407,31.33,32.953085961177784,9.36,11.768622007908142,67.68,6.034064,133.48552161428597,212.95999999999998,139.285714285714,73.67428571428599,59.8112359,19.934390090340287,24.548230578447896,13.900326090340286,18.514166578447895,3.3036424688800596,2.303642468880059,226.32571470571406,201.99813079093946,471.851778865714,4.031707969085936,-1.623085961177786,-2.408622007908143,168,168,0
4681,08501-1-01,60 o mas,Hombres,Quintil bajo,Centro,Trabajadores rutinarios,Movilidad activa,44.72,47.40024020978459,27.4,27.32950278847289,12.37,9.760257001742533,83.50999999999999,3.723571,77.94810728,61.43,0,61.43,16.51810728,11.726727216571037,9.828901375855464,8.003156216571037,6.1053303758554645,3.149322845346856,2.149322845346856,88.56998784,98.55005255818783,236.65640651000007,-2.6802402097845928,0.0704972115271083,2.6097429982574667,168,168,0
4683,08504-1-01,45 a 59,Mujeres,Quintil bajo,Centro,Trabajadores rutinarios,Motorizados privados,62.41,60.51647459724316,22.5,30.065982297581506,16.41,10.737543105175327,66.68,5.666323,214.38519592,160.75,0,160.75,53.63519592,13.901106303021017,15.794577985944718,8.234783303021016,10.128254985944718,2.45328519094676,1.4532851909467597,139.25002251,128.52069596927464,359.72665043999996,1.8935254027568362,-7.565982297581506,5.672456894824673,168,168,0
4685,08508-1-01,45 a 59,Mujeres,Quintil alto,Centro,Trabajadores rutinarios,Motorizados privados,70.13,62.58004420193562,22.24,29.26755656766455,9.93,10.452399230399813,65.70000000000002,7.353323,309.06852804000005,218.38000000000002,0,218.38000000000002,90.68852804,16.789493553633097,28.346230146924807,9.436170553633097,20.992907146924807,2.283252558555241,1.2832525585552406,206.62001394999993,151.1027503311098,443.1764148599998,7.549955798064374,-7.027556567664551,-0.5223992303998131,168,168,0
4697,08530-1-03,18 a 29,Mujeres,Quintil medio,Norte,Trabajadores rutinarios,Movilidad mixta,72.33,59.66780715001255,16.94,31.582906593070476,13.26,11.279286256916977,65.47,2.740486,93.10850024478259,85.65,78.2608695652174,7.389130434782601,85.71936980999999,7.249961991103834,15.360826974116877,4.509475991103834,12.620340974116877,2.645502290872434,1.6455022908724342,105.11085213521741,70.41028990052672,187.87352933521743,12.662192849987449,-14.642906593070474,1.9807137430830224,168,168,0
4721,08572-1-01,30 a 44,Mujeres,Quintil medio,Norte,Trabajadores rutinarios,Motorizados privados,57.04,59.62993179149427,36.03,33.872937285026,12.53,12.097130923479723,62.400000000000006,8.746628,245.31767968,221.41,0,221.41,23.907679679999998,26.521028052367193,23.047689640383485,17.77440005236719,14.301061640383486,3.032143135888161,2.0321431358881608,253.58998143999995,276.2431513655739,678.32623712,-2.5899317914942728,2.1570627149740034,0.4328690765202765,168,168,0
4723,08574-1-01,60 o mas,Hombres,Quintil bajo,Centro,Trabajadores rutinarios,Motorizados privados,50.89,55.64251999380521,30.6,27.4972978972253,11.47,9.820182108969497,75.03999999999999,3.791566,133.01280246,115.06,0,115.06,17.952802459999997,9.219993888981392,6.288081278643506,5.428427888981393,2.4965152786435056,2.431711300550061,1.431711300550061,59.939991280000015,77.95948450283205,219.45117290000002,-4.752519993805208,3.1027021027746997,1.6498178910305032,168,168,0
4729,08587-1-01,45 a 59,Hombres,Quintil medio,Norte,Trabajadores rutinarios,Movilidad mixta,41.32,52.34107946143651,47.36,32.35418544323055,7.57,11.554735095332944,71.75,15.229189,241.05007988,236.78,0,236.78,4.27007988,55.89134069873973,31.191933784613155,40.662151698739734,15.962744784613156,3.670014253466795,2.6700142534667957,388.2200096,556.0621117022348,1224.75936137,-11.021079461436507,15.005814556769451,-3.984735095332944,168,168,0
4744,08602-1-03,60 o mas,Hombres,Quintil medio,Centro,Trabajadores rutinarios,Movilidad mixta,60.41,53.868641407684486,22.52,31.26544737756158,13.37,11.165911214753924,71.7,1.17906,29.126990189999997,27.9,0,27.9,1.2269901900000002,3.576728779759871,5.177056117161261,2.3976687797598712,3.997996117161261,3.0335426354552535,2.0335426354552535,42.10002440999999,34.38737014814447,84.41648780999999,6.541358592315511,-8.745447377561579,2.204088785246075,168,168,0
4745,08604-1-01,45 a 59,Hombres,Quintil alto,Norte,Trabajadores rutinarios,Movilidad mixta,63.04,65.04407617115133,37.94,39.96361367395401,18.3,14.272310154894647,48.72000000000001,24.704737,529.0165930000001,471.63000000000005,0,471.63000000000005,57.386593,87.71168139310629,80.70084490197091,63.00694439310629,55.99610790197091,3.5503993178760123,2.5503993178760123,1028.37002748,1077.8802022162606,2417.76443636,-2.0040761711513326,-2.02361367395401,4.027689845105353,168,168,0
4746,08604-1-02,30 a 44,Mujeres,Quintil alto,Norte,Trabajadores rutinarios,Movilidad mixta,68.37,56.598255342540675,19.7,32.51100439767286,12.65,11.61074025978647,67.27999999999999,11.980195,304.90590323000004,235.82000000000002,0,235.82000000000002,69.08590323,37.325647518597364,70.14793689656099,25.345452518597362,58.16774189656099,3.11561268565306,2.11561268565306,514.18002892,373.15223243342905,901.7393371700001,11.77174465745933,-12.811004397672864,1.0392597402135308,168,168,0
4747,08605-1-01,45 a 59,Mujeres,Quintil bajo,Norte,Trabajadores rutinarios,Motorizados privados,53.45,57.591501503969,38.73,33.59177853446904,11,11.996719961561961,64.82,7.861189,193.2705675,148.09,0,148.09,45.1805675,25.11892275437378,20.137665853209327,17.25773375437378,12.276476853209328,3.1953083375013347,2.1953083375013347,226.90998455000002,259.46711061648455,617.8469135200002,-4.141501503968996,5.138221465530954,-0.9967199615619613,168,168,0
4748,08608-1-01,45 a 59,Hombres,Quintil medio,Norte,Trabajadores rutinarios,Motorizados privados,61.75,61.330014878064944,34.45,31.463384207884005,7.83,11.236600914051053,63.97,3.865773,142.00146675000002,90.79,0,90.79,51.21146675,9.82799411824082,10.095096151639362,5.96222111824082,6.229323151639362,2.54231019727253,1.5423101972725302,96.71001599999997,95.08644885522173,260.15489843999995,0.4199851219350563,2.986615792115998,-3.4066009140510527,168,168,0
4752,08617-1-02,45 a 59,Mujeres,Quintil bajo,Centro,Trabajadores rutinarios,Movilidad mixta,80.22,64.20497733757936,22.09,31.10604075339497,4.11,11.108981909025665,61.58,1.986732,83.884470571418,76.24000000000001,41.731123388582,34.50887661141801,49.375593959999996,4.565896604654297,12.71653675869221,2.579164604654297,10.72980475869221,2.298194524804703,1.2981945248047029,75.491170468582,43.673612464425716,127.54354886858198,16.015022662420634,-9.016040753394972,-6.998981909025665,168,168,0
4758,08625-1-02,60 o mas,Hombres,Quintil bajo,Centro,Trabajadores rutinarios,Movilidad mixta,58.76,55.71400495934907,24.09,28.25515679577688,11.21,10.090838244874055,73.94,2.1989899999999998,75.25265988,58.53999999999999,0,58.53999999999999,16.71265988,5.439574931109837,6.7463855743895005,3.240584931109837,4.547395574389501,2.4736696988662237,1.4736696988662237,53.95999252,47.261879885559,131.58433952000001,3.0459950406509293,-4.1651567957768805,1.1191617551259458,168,168,0
4770,08646-1-01,30 a 44,Mujeres,Quintil bajo,Centro,Trabajadores rutinarios,Usuarios publicos,56.67,66.6040789855988,43.59,33.50882608032744,11.82,11.967094934073762,55.919999999999995,2.699262,111.92719132,58.96,0,58.96,52.967191320000005,6.585249143546304,3.268835301141925,3.885987143546304,0.5695733011419248,2.4396480013967907,1.4396480013967905,41.03998621999999,67.8546681308254,190.60609364000004,-9.934078985598802,10.081173919672565,-0.1470949340737615,168,168,0
4773,08653-1-01,45 a 59,Hombres,Quintil bajo,Centro,Trabajadores rutinarios,Motorizados privados,60.17,67.15430704549416,40.25,36.4413117299991,16.19,13.014381224506733,51.39,4.505663,163.28574107,117.17999999999999,0,117.17999999999999,46.10574107,12.430091086874958,8.431140221662348,7.924428086874958,3.925477221662348,2.75877070408394,1.75877070408394,107.82000164000002,139.28893547552238,362.11962136,-6.9843070454941625,3.8086882700009,3.175618775493268,168,168,0
4777,08659-1-01,45 a 59,Hombres,Quintil bajo,Centro,Trabajadores rutinarios,Movilidad mixta,66.71,69.21530101609154,32.71,30.103689431213255,10.65,10.751009552695189,57.930000000000014,3.152549,158.00652574000003,85.2,0,85.2,72.80652574000001,6.503015193579631,5.323368721554537,3.350466193579631,2.1708197215545373,2.0627800530870832,1.0627800530870832,52.30001804999995,60.19810226297835,188.99454268999995,-2.5053010160915505,2.6063105687867463,-0.10100955269518863,168,168,0
4778,08662-1-01,45 a 59,Mujeres,Quintil medio,Centro,Trabajadores rutinarios,Usuarios publicos,65.08,58.85970327489166,28.12,30.800450916083097,7.46,10.999845809025244,67.34,10.155848,342.10261928,281.15999999999997,0,281.15999999999997,60.94261928000001,26.994188742088692,39.549481769064315,16.83834074208869,29.393633769064316,2.657994560581124,1.6579945605811242,318.83996856,255.66758050490193,680.1850404,6.220296725108341,-2.680450916083096,-3.539845809025244,168,168,0
4784,08668-1-01,45 a 59,Hombres,Quintil bajo,Centro,Trabajadores rutinarios,Movilidad mixta,55.12,53.41284925799958,28.51,29.000224510313586,9.14,10.356926231686842,75.22999999999999,2.657306,76.19072312,54.72,0,54.72,21.47072312,7.372309540169322,8.238357882440592,4.715003540169322,5.581051882440592,2.7743547563469626,1.7743547563469626,70.27998360000001,65.74356169037785,170.32755450000005,1.7071507420004153,-0.4902245103135847,-1.2169262316868412,168,168,0
4788,08673-1-02,45 a 59,Hombres,Quintil bajo,Centro,Trabajadores rutinarios,Movilidad mixta,56.55,63.18638757207478,23.32,25.22495728201772,17.55,9.008655145907502,70.58,2.525608,122.4831315,84.66,0,84.66,37.8231315,4.7830604285920035,2.1964449016804166,2.2574524285920035,-0.32916309831958346,1.8938253397170122,0.8938253397170121,20.340000899999993,37.10091444313265,123.56159986000002,-6.636387572074781,-1.904957282017719,8.541344854092499,168,168,0
4791,08678-1-01,60 o mas,Hombres,Quintil bajo,Centro,Trabajadores rutinarios,Motorizados privados,53,56.42543470101988,40.31,33.3972999752772,8.44,11.92726532370292,66.25,2.736188,63.03798000000001,48.02000000000001,0,48.02000000000001,15.01798,8.895314971180323,7.421764890004114,6.1591269711803225,4.685576890004114,3.2509882256556653,2.2509882256556653,81.97998399999997,91.35261732371418,215.369149,-3.4254347010198813,6.9127000247228025,-3.487265323702921,168,168,0
4793,08680-1-01,30 a 44,Hombres,Quintil bajo,Centro,Trabajadores rutinarios,Movilidad mixta,65.33,66.99581350240226,33.18,33.95702507954385,14.57,12.127161418053888,54.92000000000001,3.158292,129.99120611,61.16,0,61.16,68.83120611,7.814807074627902,7.055906566355177,4.656515074627903,3.8976145663551773,2.4743776302596157,1.4743776302596159,76.34001024999998,81.60113570812902,227.14845324999993,-1.6658135024022585,-0.7770250795438471,2.4428385819461127,168,168,0
4798,08690-1-01,60 o mas,Mujeres,Quintil bajo,Sur,Trabajadores rutinarios,Usuarios publicos,60.32,59.31656542148471,39.89,38.85650798254781,11.84,13.876926595967479,55.95,3.107576,28.998996759999997,91.05,109.5,-18.450000000000003,47.44899676,13.000142941049086,13.518350866430508,9.892566941049086,10.410774866430508,4.183370878475405,3.1833708784754053,158.44998756,155.3317383462358,319.20489403999994,1.0034345785152894,1.0334920174521898,-2.036926595967479,168,168,0
4804,08697-1-01,45 a 59,Mujeres,Quintil bajo,Norte,Trabajadores rutinarios,Movilidad activa,64.9,65.22106819773002,18.03,24.175184693795142,15.1,8.633747108474841,69.97,2.289509,119.2291407,33.14,0,33.14,86.0891407,4.048344127812524,3.9111862818247407,1.7588351278125245,1.621677281824741,1.768214987498422,0.768214987498422,29.359993399999993,30.095081928316645,105.21142656999997,-0.32106819773001405,-6.145184693795141,6.4662528915251585,168,168,0
4814,08714-1-03,18 a 29,Hombres,Quintil medio,Centro,Trabajadores rutinarios,Movilidad activa,51.04,56.398013920679674,44.09,32.533287718669065,5.42,11.618698360651262,67.45,3.111082,79.15961584,70.37,0,70.37,8.78961584,9.626015445030728,7.098356778927539,6.514933445030728,3.987274778927539,3.0941053450313194,2.0941053450313194,79.63000944,96.29923010437598,233.65967925999996,-5.358013920679674,11.556712281330938,-6.198698360651262,168,168,0
4819,08721-1-02,30 a 44,Hombres,Quintil bajo,Sur,Trabajadores rutinarios,Movilidad mixta,59.19,59.03201755294752,31.08,27.622932222149956,6.25,9.865050224902518,71.48,2.920744,116.68882941,63.809999999999995,0,63.809999999999995,52.87882941,6.560846930258929,6.643165726501308,3.640102930258929,3.7224217265013078,2.246293043915841,1.246293043915841,56.19000795000001,55.72858166566617,165.22138146999998,0.15798244705247555,3.4570677778500425,-3.615050224902518,168,168,0
4821,08722-1-03,45 a 59,Hombres,Quintil alto,Norte,Trabajadores rutinarios,Motorizados privados,54.82,52.72644127075379,32.04,34.92920142384529,13.27,12.474357305400906,67.87000000000002,9.96822,52.52766825602798,296.84999999999997,290.780141843972,6.069858156027976,46.4578101,44.04334265388414,48.11111917711613,34.07512265388414,38.14289917711613,4.418375863883837,3.418375863883836,493.93015214397207,473.0610981479254,945.5902003439719,2.0935587292462117,-2.889201423845293,0.7956426945990938,168,168,0
4823,08723-1-02,45 a 59,Hombres,Quintil alto,Sur,Trabajadores rutinarios,Motorizados privados,56.1,54.27947068870346,26.16,29.5774551776218,12.16,10.563074133674718,73.58000000000001,7.133892,202.96132289999997,177.74999999999997,0,177.74999999999997,25.2113229,20.25946563005008,22.717761458135413,13.12557363005008,15.583869458135414,2.839889590429751,1.8398895904297514,197.25001830000008,184.26255881037616,470.62075974,1.8205293112965393,-3.4174551776218003,1.5969258663252823,168,168,0
4837,08766-1-01,30 a 44,Hombres,Quintil medio,Centro,Trabajadores rutinarios,Motorizados privados,81.6,70.82637913435184,24.52,32.696598792809986,9.08,11.677022072838163,52.80000000000001,4.742189,230.2026576,193.24,0,193.24,36.9626576,10.50989632995191,20.59064083263481,5.767707329951911,15.848451832634812,2.216254208752943,1.2162542087529433,156.75996479999992,105.66941844075279,316.0975151999999,10.773620865648155,-8.176598792809987,-2.597022072838163,168,168,0
4838,08766-1-02,30 a 44,Mujeres,Quintil medio,Centro,Trabajadores rutinarios,Movilidad mixta,66.33,65.13884665995278,29.76,30.160024644789836,9.98,10.771128695257394,61.92999999999999,3.596762,160.21323313,96.64,0,96.64,63.57323313,7.9872216674446035,8.702429110362763,4.3904596674446035,5.105667110362763,2.2206700547449634,1.2206700547449632,78.35999033000002,74.07569526034507,221.29531221000002,1.1911533400472223,-0.4000246447898341,-0.7911286952573935,168,168,0
4840,08775-1-01,30 a 44,Hombres,Quintil alto,Sur,Trabajadores rutinarios,Movilidad mixta,49.66,54.612025518425796,27.26,29.15556948992917,17.26,10.412404991645039,73.82,5.860992,176.06687847999999,135.01,0,135.01,41.05687848,16.063277881541097,11.39931729070439,10.202285881541098,5.53832529070439,2.740709743596493,1.740709743596493,114.98998424000004,144.01376618728946,375.92134808000003,-4.952025518425799,-1.8955694899291693,6.847595008354963,168,168,0
4841,08776-1-02,18 a 29,Hombres,Quintil bajo,Centro,Trabajadores rutinarios,Movilidad mixta,57.29,51.743683128477436,21.63,24.490102382881144,6.06,8.746214488641401,83.02000000000001,4.171221,142.84924261,103.88,0,103.88,38.96924261,9.69159529718001,15.320213866012184,5.52037429718001,11.148992866012183,2.3234432549078576,1.3234432549078579,96.12000848,72.98509507285078,211.62111796999997,5.5463168715225635,-2.860102382881145,-2.6862144886414017,168,168,0
4844,08779-1-01,45 a 59,Mujeres,Quintil alto,Centro,Trabajadores rutinarios,Motorizados privados,65.48,57.872239723474685,22.69,29.7375213064817,10.06,10.620238970043626,69.77,7.028147,240.6659061028571,196.92000000000002,16.4571428571429,180.4628571428571,60.20304896,18.160789220180856,29.58494182360048,11.132642220180855,22.55679482360048,2.584008163201603,1.584008163201603,219.53715945714293,166.06870189296234,449.70897370714295,7.607760276525319,-7.047521306481698,-0.5602389700436259,168,168,0
4848,08781-1-04,18 a 29,Hombres,Quintil medio,Centro,Trabajadores rutinarios,Movilidad mixta,55.4,57.93378831530022,30.32,30.952178872645035,14.22,11.054032812054745,68.06,3.579113,115.11283279999999,79.33,0,79.33,35.782832799999994,9.69111703383108,8.241203060286882,6.112004033831081,4.662090060286882,2.7076868022415277,1.7076868022415277,83.1700274,92.23874209853913,242.58372042000002,-2.533788315300221,-0.632178872645035,3.165967187945256,168,168,0
4851,08785-1-02,18 a 29,Hombres,Quintil bajo,Centro,Trabajadores rutinarios,Usuarios publicos,50.78,58.688510856487525,41.66,33.88135277428448,12.23,12.100136369227998,63.33,3.560884,94.07169832,75.75,0,75.75,18.321698319999996,11.029443927868957,7.10452814505587,7.468559927868958,3.5436441450558696,3.097389279703848,2.0973892797038483,86.74999120000001,114.91128097269274,278.64602996,-7.908510856487524,7.778647225715517,0.12986363077200203,168,168,0
4855,08792-1-02,30 a 44,Hombres,Quintil bajo,Sur,Trabajadores rutinarios,Motorizados privados,44.82,56.92110762152212,39.36,27.969921104170307,10.7,9.988971274307575,73.12,2.182697,79.84845827999999,52.019999999999996,0,52.019999999999996,27.82845828,5.161496730342791,1.5851608545383444,2.978799730342791,-0.5975361454616557,2.3647335064568242,1.3647335064568242,17.980021260000015,44.39307256217349,127.24583308000001,-12.101107621522118,11.390078895829692,0.7110287256924241,168,168,0
4861,08800-1-01,18 a 29,Mujeres,Quintil bajo,Centro,Trabajadores rutinarios,Movilidad activa,57.16,56.97890389543224,31.76,28.863130585702468,7.23,10.307965518865297,71.85,5.915667,204.18950924,166.05,0,166.05,38.13950924,14.97144328655306,15.162245332575543,9.055776286553058,9.246578332575542,2.5308123811825545,1.5308123811825545,133.95001648,132.87871223037996,364.60187281000003,0.18109610456775727,2.8968694142975338,-3.0779655188652963,168,168,0
4863,08808-1-03,30 a 44,Hombres,Quintil medio,Norte,Trabajadores rutinarios,Movilidad mixta,62.01,57.28151697998583,15.54,30.283321128269797,20.83,10.815161891744346,69.62000000000002,3.25964,105.9728183118556,74.69,33.3474337281444,41.342566271855596,64.63025204,8.670818504265569,11.668463082596771,5.4111785042655685,8.408823082596772,2.6600540256793903,1.6600540256793905,96.15745808814438,80.7443056967854,214.71056488814432,4.728483020014167,-14.743321128269798,10.014838108255653,168,168,0
4864,08809-1-01,30 a 44,Hombres,Quintil bajo,Centro,Trabajadores rutinarios,Motorizados privados,67.82,67.76783818207444,32.74,30.890246924814445,9.13,11.031914893111118,58.309999999999995,3.583547,168.73614132,100.7,0,100.7,68.03614132,7.802346711443168,7.8317701106593836,4.218799711443168,4.248223110659383,2.177269256254535,1.1772692562545346,74.30001621999997,74.1130918938583,224.34312910999995,0.05216181792555119,1.849753075185557,-1.9019148931111172,168,168,0
4868,08813-1-01,45 a 59,Hombres,Quintil medio,Centro,Trabajadores rutinarios,Motorizados privados,58.38,53.09927485341221,27.51,28.91443658252769,6.45,10.326288564060103,75.66,7.885803,219.23319236000003,183.86,0,183.86,35.373192360000004,22.43746692853407,31.338307269653104,14.551663928534072,23.452504269653105,2.8452989414691277,1.8452989414691277,241.13998678000002,199.49722857686254,508.94185666000004,5.280725146587791,-1.404436582527687,-3.8762885640601032,168,168,0
4869,08816-1-01,18 a 29,Hombres,Quintil alto,Centro,Trabajadores rutinarios,Motorizados privados,57.04,56.94176016627516,31.48,31.41788733662194,11.06,11.220352497102896,68.42,13.856884,400.61665616,360.21999999999997,0,360.21999999999997,40.39665616,40.20451762959199,40.438594903065756,26.34763362959199,26.581710903065755,2.901411141898279,1.9014111418982786,389.78000720000006,388.4187092198957,979.2518525600001,0.0982398337248398,0.062112663378059096,-0.16035249710289534,168,168,0
4876,08827-1-02,30 a 44,Hombres,Quintil alto,Centro,Trabajadores rutinarios,Usuarios publicos,57.2,56.287762874027635,37.59,36.72613589903429,11.34,13.116101226938088,61.86999999999999,2.305358,22.1400031185185,64.88,79.6064814814815,-14.7264814814815,36.8664846,9.52979000989551,9.89715092515022,7.22443200989551,7.591792925150219,4.133757104057379,3.133757104057379,109.72647448148149,107.62344132522409,222.52764142148152,0.9122371259723678,0.8638641009657135,-1.7761012269380885,168,168,0
4883,08849-1-01,30 a 44,Mujeres,Quintil bajo,Centro,Trabajadores rutinarios,Usuarios publicos,55.17,58.45252692833982,22.7,22.43514934905048,11.03,8.012323722609704,79.1,2.505494,114.70811855,33.98,0,33.98,80.72811855,4.60138940953246,3.0774761114188602,2.0958954095324596,0.5719821114188601,1.836519827839324,0.8365198278393241,23.51998543000002,31.744336953793862,108.03029805000003,-3.28252692833982,0.2648506509495192,3.0176762773902954,168,168,0
4901,08882-1-02,30 a 44,Mujeres,Quintil alto,Sur,Trabajadores rutinarios,Motorizados privados,60.56,58.123663477679116,26.4,27.20171625897479,8.08,9.714620263346097,72.96,5.176258,201.9541684,138.48,0,138.48,63.474168399999996,11.82471824656453,14.27445544901502,6.64846024656453,9.098197449015021,2.2844143871044547,1.2844143871044547,111.52001608000003,98.90890966564436,289.99739192000004,2.436336522320886,-0.8017162589747926,-1.634620263346097,168,168,0
4911,08899-1-01,45 a 59,Mujeres,Quintil bajo,Centro,Trabajadores rutinarios,Usuarios publicos,48.99,58.018736885432254,35.38,26.52007808122092,9.64,9.471185033346838,73.99,3.08482,123.79531209999999,52.669999999999995,0,52.669999999999995,71.12531209999999,6.7666654948503675,2.6792203754253867,3.6818454948503674,-0.4055996245746134,2.1935365742086628,1.1935365742086628,27.33001970000001,55.18204781891913,166.20861610000003,-9.028736885432252,8.859921918779083,0.1688149666531622,168,168,0
4920,08915-1-01,30 a 44,Mujeres,Quintil medio,Norte,Trabajadores rutinarios,Usuarios publicos,48.02,57.76494142409515,39.96,33.16924066998162,14.8,11.845817905923239,65.21999999999998,6.249821,163.86640241999999,138.75,0,138.75,25.11640242,19.3295644503519,10.981130712183047,13.079743450351899,4.731309712183047,3.092818890389325,2.092818890389325,136.25000200000005,197.15414155607976,478.49019996000004,-9.744941424095146,6.790759330018382,2.954182094076762,168,168,0
4935,08948-1-01,60 o mas,Hombres,Quintil medio,Sur,Trabajadores rutinarios,Movilidad mixta,79.52,61.20136048043406,12.43,32.265556655589776,13.04,11.523082863976153,63.01000000000001,5.179008,180.29531507775283,208.91000000000003,90.4494382022472,118.46056179775283,61.83475328,13.774513130097189,40.1208332307372,8.59550513009719,34.941825230737194,2.6596817633989347,1.6596817633989347,231.53940108224714,136.667020461299,363.448734842247,18.318639519565934,-19.835556655589777,1.5169171360238458,168,168,0
4937,08954-1-02,30 a 44,Mujeres,Quintil alto,Centro,Trabajadores rutinarios,Movilidad activa,66.77,63.32070237931028,30.92,31.647089539718312,8.58,11.302208080971393,61.730000000000004,5.655806,222.49743127428567,184.01999999999998,14.1607142857143,169.85928571428568,52.63814556,13.937364252579167,17.334157298894073,8.281558252579167,11.678351298894073,2.4642578356787994,1.4642578356787992,155.14073534571432,135.63217716683172,378.5450723457143,3.4492976206897126,-0.7270895397183104,-2.7222080809713933,168,168,0
4940,08958-1-03,30 a 44,Mujeres,Quintil bajo,Norte,Trabajadores rutinarios,Movilidad activa,67.64,66.23057671143768,31.74,30.129275953914764,7.74,10.760147334647556,60.88,2.507485,116.13626564,59.03,0,59.03,57.106265640000004,5.389841376684951,5.977329319867677,2.8823563766849514,3.4698443198676774,2.1495009448451143,1.1495009448451143,53.470019759999985,49.935912005279306,152.46552756000003,1.4094232885623228,1.6107240460852346,-3.0201473346475556,168,168,0
4957,08992-1-02,30 a 44,Mujeres,Quintil bajo,Sur,Trabajadores rutinarios,Movilidad activa,43.03,66.10439180260714,25.73,11.845274316738687,13.42,4.230333880654181,85.82,2.646714,162.98811902,94.10000000000001,0,94.10000000000001,68.88811902,3.286607885946098,-5.535079295813661,0.6398938859460981,-8.18179329581366,1.2417691847120989,0.2417691847120989,-49.100015600000006,11.971300225445532,54.51883749999999,-23.07439180260714,13.884725683261314,9.18966611934582,168,168,0
4960,08995-1-01,30 a 44,Hombres,Quintil alto,Norte,Trabajadores rutinarios,Motorizados privados,57.62,62.593405709463575,36.62,36.11776290603146,17.37,12.898831384504971,56.389999999999986,7.134951,200.54589056,189.43,0,189.43,11.11589056,22.154554996498884,17.21302201404053,15.019603996498883,10.078071014040528,3.105074582362077,2.105074582362077,210.56998606,246.05499210014287,595.7859905500002,-4.973405709463577,0.5022370939685388,4.47116861549503,168,168,0
4965,09001-1-01,60 o mas,Hombres,Quintil bajo,Sur,Trabajadores rutinarios,Motorizados privados,81.85,67.75742559477976,25.63,34.27268170773817,6.79,12.239892697482052,53.73000000000001,1.235983,52.84522855,26.68,0,26.68,26.16522855,2.9321578693113066,6.577906842193635,1.6961748693113066,5.341923842193635,2.3723286398852625,1.3723286398852625,48.31998,30.901797608912673,88.39054886,14.092574405220233,-8.642681707738173,-5.449892697482052,168,168,0
4969,09008-1-02,18 a 29,Mujeres,Quintil alto,Norte,Trabajadores rutinarios,Usuarios publicos,52.34,57.554570070333114,38.34,33.5010957490683,12.34,11.964334180598597,64.97999999999999,7.406973,183.58097976,145.89999999999998,0,145.89999999999998,37.68097976,23.561649976384672,17.77380267193107,16.15467697638467,10.366829671931068,3.1810092971021593,2.1810092971021593,204.09998706000005,242.72416677756547,579.4853787000001,-5.21457007033311,4.838904250931705,0.3756658194014033,168,168,0
4972,09010-1-01,30 a 44,Mujeres,Quintil bajo,Sur,Trabajadores rutinarios,Usuarios publicos,65.98,67.3343758631182,27.36,26.53065996693808,10,9.474964169943723,64.66,2.432163,126.78232224821551,82.32,13.2617845117845,69.0582154882155,57.724106760000005,4.533559360562091,3.980074789003283,2.1013963605620907,1.5479117890032827,1.8640030954183953,0.8640030954183953,33.6917924917845,36.98585535415364,124.5574021717845,-1.354375863118193,0.8293400330619178,0.525035830056277,168,168,0
4973,09011-1-01,45 a 59,Mujeres,Quintil bajo,Centro,Trabajadores rutinarios,Movilidad activa,60.81,55.137066024048835,20.17,21.540219055874374,3.39,7.692714920076795,83.63,2.459443,105.19870159,98.64,35,63.64,41.55870159,4.590776415677587,8.30979866050438,2.1313334156775876,5.8503556605043805,1.8665919135664408,0.8665919135664407,44.36002724000001,30.40776948338474,102.30450431999999,5.672933975951167,-1.3702190558743723,-4.302714920076795,168,168,0
4981,09021-1-04,18 a 29,Hombres,Quintil medio,Norte,Trabajadores rutinarios,Movilidad activa,56.04,60.69822295649522,41.02,32.56997607422102,7.84,11.63180096928377,63.099999999999994,2.395357,80.86580176,46.63,0,46.63,34.235801759999994,6.4429269692905375,4.820784968977073,4.047569969290537,2.4254279689770732,2.689756461892961,1.6897564618929606,53.37000452000002,64.52811148640153,170.40714754000004,-4.658222956495223,8.450023925778986,-3.79180096928377,168,168,0
4985,09029-1-01,45 a 59,Mujeres,Quintil bajo,Centro,Trabajadores rutinarios,Movilidad activa,54.56,64.60375692239093,36.91,29.456401250417525,13.11,10.519841827191547,63.42,2.659252,119.70878464,62.12,0,62.12,57.58878464,5.750651754655365,2.2393500680698546,3.0913997546553653,-0.41990193193014536,2.1625072594306087,1.1625072594306087,25.380004479999997,52.08888516338192,158.39578951999997,-10.043756922390926,7.453598749582472,2.5901581728084526,168,168,0
4988,09034-1-02,45 a 59,Mujeres,Quintil alto,Centro,Trabajadores rutinarios,Movilidad mixta,48.7,55.33150846461214,43.64,32.00755093206668,6.43,11.430940603321192,69.22999999999999,2.793931,69.11641534447939,58.78999999999999,14.4880465555206,44.301953444479395,24.814461899999998,8.684472526375744,5.901116075352057,5.890541526375744,3.107185075352057,3.1083346461941055,2.1083346461941055,66.94802435552062,85.47600143156289,206.84014952552064,-6.631508464612139,11.632449067933322,-5.000940603321192,168,168,0
4992,09043-1-01,45 a 59,Hombres,Quintil bajo,Centro,Trabajadores rutinarios,Motorizados privados,23.33,34.897273059116166,31.18,23.12428897603777,11.77,8.258437964846042,101.72000000000001,8.044529,13.753073752283008,89.97,113.895781637717,-23.925781637716995,37.67885539,37.545724650457856,17.872067429607274,29.501195650457856,9.827538429607273,4.667237155892887,3.667237155892887,173.925787817717,266.97905139269574,519.4383083677169,-11.567273059116168,8.055711023962228,3.5115620351539576,168,168,0
5002,09057-1-01,30 a 44,Mujeres,Quintil bajo,Norte,Trabajadores rutinarios,Movilidad mixta,63.55,60.401936715020774,27,25.847188921778123,4.93,9.230874363201083,72.52000000000001,3.058415,135.09227855,134.23000000000002,87.5,46.73000000000002,88.36227855,6.245782625578009,8.192377443492136,3.187367625578009,5.133962443492136,2.042163220353683,1.0421632203536828,59.269994699999984,49.64191072827026,156.92518565,3.148063284979223,1.1528110782218768,-4.300874363201084,168,168,0
5007,09067-1-01,45 a 59,Hombres,Quintil bajo,Centro,Trabajadores rutinarios,Movilidad activa,67.26,57.08662037231059,25.27,29.262710931898333,4.27,10.450668695791073,71.2,3.491407,119.32205670000002,59.49,0,59.49,59.83205670000001,8.88947112395033,17.2577031290467,5.398064123950329,13.7662961290467,2.5460999316179205,1.5460999316179205,115.50997812,79.9905692742278,218.64614089999998,10.173379627689414,-3.9927109318983334,-6.1806686957910735,168,168,0
5009,09073-1-01,18 a 29,Mujeres,Quintil bajo,Norte,Trabajadores rutinarios,Usuarios publicos,53.94,62.69433359215404,40.87,31.555992169574473,10.71,11.26967423827149,62.48,2.6616,103.63671740000001,85.07000000000001,0,85.07000000000001,18.5667174,6.516233122225384,3.416581696409916,3.8546331222253842,0.7549816964099159,2.448239075077166,1.4482390750771656,39.92998659999998,63.23052088887718,177.2153146,-8.75433359215404,9.314007830425524,-0.559674238271489,168,168,0
5011,09074-1-01,45 a 59,Hombres,Quintil medio,Norte,Trabajadores rutinarios,Movilidad mixta,52.42,47.78839061736073,13.38,26.660334283834775,18.17,9.521275098804491,84.03,8.69378,201.84795479999997,171.11999999999998,0,171.11999999999998,30.7279548,26.0564597187816,35.51428675481591,17.3626797187816,26.820506754815913,2.997138151503903,1.9971381515039026,253.87999280000008,213.61379978139843,528.1687518000001,4.631609382639269,-13.280334283834774,8.64872490119551,168,168,0
5012,09074-1-02,45 a 59,Mujeres,Quintil medio,Norte,Trabajadores rutinarios,Movilidad mixta,65.54,62.7495643688871,29.99,32.6058300407401,11.47,11.644605590372805,61,3.645379,134.35811790000002,70.44000000000001,0,70.44000000000001,63.9181179,9.413961490448731,11.130389193521946,5.768582490448731,7.485010193521946,2.582436967582446,1.5824369675824463,104.56002176000001,94.38782630948927,255.6974351,2.7904356311129064,-2.6158300407401036,-0.17460559037280454,168,168,0
5017,09079-1-01,30 a 44,Hombres,Quintil alto,Centro,Trabajadores rutinarios,Motorizados privados,68.95,67.49179978355572,27.08,28.49994140289058,10.14,10.178258813553702,61.83,2.284064,114.53621534999999,32.05,0,32.05,82.48621535,4.520800522104649,5.092848496562162,2.236736522104649,2.8087844965621622,1.9792792680523177,0.9792792680523177,42.94999745000001,39.61937483082741,127.96285953,1.4582002164442827,-1.4199414028905828,-0.03825881355370164,168,168,0
5026,09095-1-05,18 a 29,Hombres,Quintil alto,Centro,Trabajadores rutinarios,Usuarios publicos,54.83,57.186510128125626,33.73,33.37440211946624,13.92,11.919087752408133,65.52,5.833673,142.4903051,97.63,0,97.63,44.860305100000005,18.62248933783107,16.428246429168574,12.788816337831069,10.594573429168573,3.1922408640030167,2.192240864003016,177.36998548999998,191.117094998673,455.34450394,-2.3565101281256275,0.3555978805337574,2.0009122475918666,168,168,0
5036,09114-1-01,45 a 59,Hombres,Quintil medio,Sur,Trabajadores rutinarios,Motorizados privados,49.35,58.393772867502065,38.83,36.60381182346098,19.89,13.072415309036952,59.93000000000001,6.344171,103.36814638333328,166.95,76.6666666666667,90.28333333333329,13.08481305,23.729366933504746,15.762348886026402,17.385195933504747,9.418177886026402,3.7403416354169434,2.7403416354169434,209.71669246666676,267.0919340232602,582.2464135866667,-9.043772867502064,2.2261881765390186,6.817584690963049,168,168,0
5053,09134-1-01,45 a 59,Mujeres,Quintil medio,Norte,Trabajadores rutinarios,Motorizados privados,86.9,69.6918253427658,6.47,25.736743836852067,11.25,9.19143082038214,63.379999999999995,2.801756,155.7925777,74.82,0,74.82,80.97257770000002,4.98690668421309,21.837901334729146,2.18515068421309,19.036145334729145,1.7799218362388052,0.7799218362388052,87.6800187,39.466912105046134,137.32713502000004,17.20817465723421,-19.26674383685207,2.0585691796178605,168,168,0
5054,09135-1-01,45 a 59,Hombres,Quintil bajo,Centro,Trabajadores rutinarios,Movilidad mixta,62.19,61.90407535584831,36.95,33.97304278201005,8.87,12.132881862141643,59.99,3.123986,101.75700913947368,73.44999999999999,33.4736842105263,39.97631578947369,61.78069334999999,8.771161208854682,8.91193062874523,5.647175208854682,5.78794462874523,2.8076826236912336,1.8076826236912336,92.5236802005263,91.63045561514146,235.6647187205263,0.2859246441516845,2.9769572179899555,-3.2628818621416436,168,168,0
5065,09161-1-02,30 a 44,Hombres,Quintil bajo,Norte,Trabajadores rutinarios,Movilidad mixta,51.17,56.05518071111467,41.1,29.484826041508285,3.8,10.52999324737705,71.92999999999999,2.631459,84.82177506,50.17,0,50.17,34.65177506,6.913813924027715,4.897995393011277,4.282354924027715,2.2665363930112767,2.627369046611676,1.6273690466116761,49.829981970000006,62.68513471888912,167.98249107000004,-4.885180711114671,11.615173958491717,-6.72999324737705,168,168,0
5068,09165-1-02,45 a 59,Mujeres,Quintil bajo,Centro,Trabajadores rutinarios,Motorizados privados,70.2,60.38871663673144,16.63,28.81168923049286,12.66,10.289594132775703,68.51,2.643197,106.042406,50.489999999999995,0,50.489999999999995,55.552406,6.0472830772888875,11.980542741251806,3.4040860772888877,9.337345741251806,2.2878669570557504,1.2878669570557502,79.5100234,53.57686864805862,156.92926353,9.811283363268565,-12.18168923049286,2.3704058672242976,168,168,0
5071,09174-1-01,30 a 44,Mujeres,Quintil bajo,Sur,Trabajadores rutinarios,Motorizados privados,55.76,59.96107730318756,40.31,32.08892187518298,7.44,11.460000821629455,64.49000000000001,5.053161,167.13424092000002,135.37000000000003,0,135.37000000000003,31.76424092,13.768421040800646,10.594951232671571,8.715260040800647,5.541790232671571,2.7247144986673977,1.724714498667398,114.63001643999996,135.85873642645254,355.9184541899999,-4.20107730318756,8.22107812481702,-4.020000821629455,168,168,0
5073,09176-1-01,30 a 44,Mujeres,Quintil bajo,Centro,Trabajadores rutinarios,Motorizados privados,66.08,65.64010058954992,40.07,36.9086252743367,9.58,13.181274136113379,52.27,5.604161,180.66297088,197.84,100,97.84,82.82297088,16.493674541051544,16.858947148612252,10.889513541051542,11.25478614861225,2.943112187721149,1.9431121877211488,189.65998800000006,187.19472088003266,467.90658165,0.4398994104500815,3.1613747256633005,-3.6012741361133784,168,168,0
5076,09181-1-01,45 a 59,Mujeres,Quintil alto,Sur,Trabajadores rutinarios,Motorizados privados,53.77,58.50246111720674,40.11,32.86159226024062,9.22,11.735946622552653,64.89999999999999,9.160879,260.31044567000004,242.73000000000002,0,242.73000000000002,17.58044567,27.2759174975317,20.78050137725834,18.1150384975317,11.61962237725834,2.9774345341240402,1.9774345341240398,232.27001815999995,275.62352182693576,684.17617923,-4.732461117206739,7.248407739759379,-2.5159466225526526,168,168,0
5078,09183-1-01,45 a 59,Hombres,Quintil medio,Sur,Trabajadores rutinarios,Motorizados privados,59.54,54.00091326610087,22.06,30.63745285123219,13.98,10.941633882666943,72.42,5.36409,136.2144518644717,178.59,86.7534456355283,91.83655436447171,44.3778975,16.2880700720469,22.429937104753723,10.923980072046898,17.065847104753722,3.0365020109742566,2.036502010974256,183.1634667355283,153.4513069770873,376.4852703355283,5.539086733899126,-8.577452851232191,3.038366117333057,168,168,0
5088,09198-1-03,60 o mas,Hombres,Quintil bajo,Centro,Trabajadores rutinarios,Motorizados privados,31.08,45.120004933419416,41.82,29.857063632241694,12.74,10.662931434338867,82.36000000000003,3.728613,15.98412348941179,65.53999999999999,52.9411764705882,12.598823529411789,3.38529996,16.583053674515764,8.081094582449783,12.854440674515764,4.352481582449783,4.44751270097373,3.4475127009737303,99.90116855058821,152.2509134654,303.33429383058814,-14.040004933419418,11.962936367758306,2.0770685656611327,168.00000000000003,168,0
5095,09209-1-01,60 o mas,Hombres,Quintil alto,Sur,Trabajadores rutinarios,Motorizados privados,46.8,58.22132485609232,45.85,34.166649873465204,11.94,12.202025270442476,63.41,8.521351,206.66012029090908,211.26999999999998,28.4090909090909,182.86090909090908,23.799211200000002,27.55143298264308,14.673612822382267,19.030081982643082,6.152261822382268,3.233223579529007,2.233223579529007,192.13910650909085,289.4642244928781,684.5879807990909,-11.421324856092326,11.683350126534798,-0.2620252704424768,168,168,0
5096,09210-1-01,45 a 59,Hombres,Quintil alto,Centro,Trabajadores rutinarios,Movilidad activa,69.28,67.01248731529024,36.61,34.89527250358066,8.48,12.462240181129104,53.629999999999995,3.323891,130.90918304000002,100.63,0,100.63,30.279183040000007,8.55823027355258,9.726329410945851,5.23433927355258,6.402438410945852,2.574762612117118,1.574762612117118,99.36998544,91.83302043490741,249.24423063,2.2675126847097573,1.7147274964193429,-3.9822401811291037,168,168,0
5103,09221-1-02,18 a 29,Hombres,Quintil bajo,Norte,Trabajadores rutinarios,Movilidad mixta,51.73,61.63302751921074,46.02,37.29699783396065,14.5,13.319974646828603,55.75,3.491914,78.90670703,57.02,0,57.02,21.886707030000004,11.885219508420805,7.418637086936333,8.393305508420806,3.926723086936333,3.4036403841620397,2.40364038416204,101.73000418999999,136.31052462671724,313.06063947,-9.903027519210745,8.72300216603935,1.1800253531713967,168,168,0
5104,09223-1-02,45 a 59,Hombres,Quintil bajo,Sur,Trabajadores rutinarios,Motorizados privados,46.32,54.22043157295965,40.84,31.013600093357162,9.15,11.075968333683187,71.69,2.24362,56.87446032,52.949999999999996,0,52.949999999999996,3.92446032,6.792206017676744,4.153848388633322,4.548586017676744,1.910228388633322,3.027342427718038,2.027342427718038,47.05001808,64.77558436572373,159.20858188,-7.900431572959647,9.826399906642841,-1.925968333683187,168,168,0
5108,09230-1-01,60 o mas,Hombres,Quintil bajo,Centro,Trabajadores rutinarios,Motorizados privados,78.26,64.02966871435761,17.42,27.963612882929638,6.3,9.986718402712752,66.02,3.911673,180.02752586,83.89999999999999,12.5,71.39999999999999,108.62752586,8.19125852763508,23.462505957129842,4.27958552763508,19.550832957129842,2.0940550316028665,1.0940550316028665,126.10000312000003,70.43560044889739,218.88488668,14.230331285642393,-10.543612882929636,-3.686718402712752,168,168,0
5109,09231-1-02,45 a 59,Hombres,Quintil bajo,Sur,Trabajadores rutinarios,Motorizados privados,50.81,56.006265082286525,38.81,31.274566843996205,8.83,11.16916807371728,69.55,0.703045,21.22171046,15.5,0,15.5,5.721710460000001,1.8876171798400068,1.3432919498757137,1.1845721798400066,0.6402469498757136,2.6849165840593514,1.6849165840593512,14.500005990000002,18.153214174776128,47.99306979000001,-5.196265082286523,7.535433156003798,-2.33916807371728,168,168,0
5110,09236-1-01,30 a 44,Hombres,Quintil medio,Norte,Trabajadores rutinarios,Motorizados privados,85.74,65.01179474081894,18.49,33.208401679300906,5.85,11.859803579880143,57.92000000000001,6.39786,250.17248544,201.62,0,201.62,48.55248544,16.23280650590574,54.10322632439177,9.834946505905739,47.70536632439177,2.5372244009568417,1.5372244009568417,298.38003095999994,165.76387566049584,454.10394335999985,20.728205259181053,-14.718401679300907,-6.009803579880144,168,168,0
5111,09236-1-02,30 a 44,Mujeres,Quintil medio,Norte,Trabajadores rutinarios,Motorizados privados,92.56,74.79999431290565,9.61,28.552851096063527,11.38,10.197154591030822,54.449999999999996,1.876329,111.00304607999999,42.330000000000005,0,42.330000000000005,68.67304607999999,3.342383985544911,13.177135290251819,1.466054985544911,11.300806290251819,1.781342176955593,0.781342176955593,62.66996616,29.346352449139943,102.05411187000001,17.76000568709435,-18.942851096063528,1.182845408969179,168,168,0
5113,09237-1-02,18 a 29,Hombres,Quintil bajo,Centro,Trabajadores rutinarios,Usuarios publicos,57.2,61.12990712407422,40.88,30.991881102429925,5.11,11.068211773495866,64.80999999999999,2.917716,109.30338319999998,54.91,0,54.91,54.393383199999995,7.2461482961831,5.526592471449693,4.3284322961831005,2.6088764714496926,2.483500209130395,1.4835002091303953,57.58997200000002,69.05632489442536,191.77573084000005,-3.9299071240742194,9.888118897570077,-5.958211773495866,168,168,0
5118,09247-1-06,18 a 29,Hombres,Quintil alto,Norte,Trabajadores rutinarios,Usuarios publicos,50.94,53.01255676811114,44.27,33.38468362017106,3.11,11.922759611717808,69.67999999999999,3.135142,44.29954201679592,59.66000000000001,50.0645994832041,9.595400516795912,34.704141500000006,11.874532230227958,10.74984035920621,8.739390230227958,7.61469835920621,3.7875580213680777,2.7875580213680777,115.40459146320407,121.90235123429358,263.9476194232041,-2.0725567681111414,10.885316379828943,-8.812759611717809,168,168,0
5121,09252-1-01,45 a 59,Mujeres,Quintil bajo,Centro,Trabajadores rutinarios,Usuarios publicos,54.54,72.63496683867534,21.9,8.337455731262624,7.51,2.977577430062039,84.05,1.632323,114.76691024000002,63.24,25,38.24,76.52691024,1.4809411039820308,-3.86267113770399,-0.15138189601796914,-5.494994137703991,0.9072598401064194,-0.09274015989358059,-25.740013820000016,3.7968167350070274,22.26660561,-18.09496683867534,13.562544268737375,4.53242256993796,168,168,0
5129,09270-1-04,18 a 29,Mujeres,Quintil alto,Norte,Trabajadores rutinarios,Usuarios publicos,52.1,56.375935809901755,34.43,32.800084128085565,14.36,11.713980062012675,67.11,3.15603,77.7213911222222,66.07,27.7777777777778,38.29222222222219,39.4291689,9.934737389639485,7.843342707177942,6.778707389639486,4.6873127071779415,3.1478589841159574,2.147858984115958,86.70777187777779,100.20275357190204,240.69047557777782,-4.275935809901753,1.6299158719144344,2.646019937987324,168,168,0
5130,09270-1-05,45 a 59,Hombres,Quintil alto,Norte,Trabajadores rutinarios,Motorizados privados,50.84,52.13270622790317,28.02,31.962457503261234,16.65,11.414836268835584,72.49000000000001,4.110923,70.25489643555561,105.7,44.4444444444444,61.2555555555556,8.99934088,14.657194604309481,13.707983858686987,10.546271604309482,9.597060858686987,3.56542669476161,2.56542669476161,138.7444288844444,144.05864464897473,322.3793592944443,-1.2927062279031674,-3.9424575032612346,5.235163731164414,168,168,0
5137,09278-1-02,45 a 59,Mujeres,Quintil bajo,Centro,Trabajadores rutinarios,Motorizados privados,74.85,69.6770561859873,17.78,28.437120422081644,15.64,10.155823391931053,59.730000000000004,2.526185,133.5149665,56.93,0,56.93,76.58496650000001,4.860457572047997,7.338508203526574,2.334272572047997,4.812323203526574,1.9240307309432987,0.9240307309432987,55.56998074999996,42.5021676811983,139.99508344999998,5.172943814012697,-10.657120422081643,5.484176608068948,168,168,0
5139,09280-1-02,45 a 59,Mujeres,Quintil bajo,Centro,Trabajadores rutinarios,Usuarios publicos,50.12,58.28789483372126,30.93,21.96697999341047,7.05,7.845125172868285,79.89999999999999,2.328031,107.38091260000002,15.7,0,15.7,91.68091260000001,4.191791237303659,1.0806922169424895,1.8637602373036586,-1.2473387830575107,1.800573633814867,0.8005736338148669,9.30000111999999,28.315113497642926,97.71861850000002,-8.167894833721263,8.963020006589531,-0.7951251728682855,168,168,0
5140,09282-1-01,60 o mas,Hombres,Quintil alto,Centro,Trabajadores rutinarios,Motorizados privados,62.7,52.69708177545443,30.25,35.00978271228273,7.26,12.503135512262856,67.78999999999999,7.904015,37.571730600000016,366.99,375,-8.009999999999991,45.58173060000001,35.19982588339663,53.889218910098776,27.295810883396626,45.985203910098775,4.45341081506002,3.4534108150600202,458.0100099,378.94679420941844,754.4896125500001,10.002918224545574,-4.759782712282728,-5.243135512262857,168,168,0
5141,09284-1-02,30 a 44,Hombres,Quintil bajo,Norte,Trabajadores rutinarios,Usuarios publicos,51.47,54.038347127259335,36.19,30.742502377329128,8.1,10.979150495411535,72.24000000000001,2.343089,60.14881074,39.55,0,39.55,20.59881074,7.031113082185764,6.023715682909355,4.688024082185764,3.680626682909355,3.0007878839368733,2.0007878839368733,60.44998009,66.46784599206295,164.22539189999998,-2.5683471272593366,5.44749762267087,-2.879150495411535,168,168,0
5142,09285-1-01,30 a 44,Mujeres,Quintil bajo,Norte,Trabajadores rutinarios,Movilidad activa,63.24,64.54977759509157,36.57,31.640402488187025,7.68,11.29981991672141,60.51,3.560024,147.40592672000002,92.27000000000001,0,92.27000000000001,55.13592672000001,8.468356208044938,7.752634791981645,4.908332208044937,4.192610791981645,2.3787357074123485,1.3787357074123483,77.72999103999996,82.39283071318823,235.26105303999998,-1.3097775950915675,4.929597511812975,-3.6198199167214096,168,168,0
5143,09288-1-01,45 a 59,Mujeres,Quintil alto,Sur,Trabajadores rutinarios,Movilidad mixta,60.62,52.864929525495505,30.97,32.70503541032749,5.66,11.680035064176996,70.75,13.413593,213.795319273333,317.33,166.666666666667,150.663333333333,63.13198594000001,49.25123043818877,72.21175972848826,35.83763743818877,58.79816672848826,3.6717403337188452,2.6717403337188457,599.336688386667,495.3133293553468,1090.6765999766671,7.7550704745044925,-1.735035410327491,-6.020035064176996,168,168,0
5146,09290-1-01,30 a 44,Mujeres,Quintil bajo,Centro,Trabajadores rutinarios,Motorizados privados,38.79,51.584688527651046,27.07,24.894627770993782,19.51,8.890683701355155,82.63000000000001,3.989118,133.20789321,75.47,0,75.47,57.737893209999996,9.47982422352839,2.039944763823866,5.49070622352839,-1.9491732361761338,2.3764211095105208,1.3764211095105208,21.529994009999996,72.56951632004626,207.34311044999993,-12.794688527651047,2.175372229006218,10.619316298644847,168,168,0
5148,09297-1-02,45 a 59,Hombres,Quintil bajo,Centro,Trabajadores rutinarios,Motorizados privados,54.21,57.917143695168356,37.38,31.08970752462872,8.52,11.103148780202917,67.89,1.099312,36.38373021,26.790000000000003,0,26.790000000000003,9.593730209999999,2.8540625389169696,2.2317006441347016,1.7547505389169695,1.1323886441347015,2.5962261295400846,1.5962261295400846,23.209973310000002,27.28528085982292,73.66839411000001,-3.707143695168355,6.290292475371281,-2.583148780202917,168,168,0
5149,09298-1-01,30 a 44,Hombres,Quintil alto,Norte,Trabajadores rutinarios,Motorizados privados,60.95,55.54414186357581,29.75,33.07403962821078,9.73,11.811818508213415,67.57,19.038452,407.16363025000004,371.77000000000004,0,371.77000000000004,35.39363025,63.941887156357254,84.20239787227239,44.903435156357254,65.1639458722724,3.3585654525040827,2.3585654525040827,753.2300191499999,650.3108485008784,1504.8681041099999,5.405858136424193,-3.3240396282107767,-2.0818185082134146,168,168,0
5152,09302-1-01,30 a 44,Mujeres,Quintil bajo,Norte,Trabajadores rutinarios,Usuarios publicos,58.95,68.36668087169791,29.16,22.719459113809275,11.09,8.113860014492818,68.8,2.664173,151.44298644999998,109.38999999999999,0,109.38999999999999,42.052986450000006,4.39399181243104,0.6151370435917927,1.7298188124310405,-2.0490359564082072,1.6492892212446566,0.6492892212446566,5.610011900000018,30.697678827994054,112.84297515000003,-9.416680871697906,6.440540886190725,2.9761399855071815,168,168,0
5155,09309-1-01,30 a 44,Mujeres,Quintil alto,Norte,Trabajadores rutinarios,Movilidad mixta,59.75,60.02318220594533,40.69,34.49686273750367,6.4,12.319955056550999,61.160000000000004,5.670606,154.783728,125.34,34.375,90.965,63.818728,17.494955101103532,17.24827518023879,11.824349101103532,11.57766918023879,3.085200259214541,2.085200259214541,184.03498050000002,185.58408915612688,451.06381704,-0.27318220594533216,6.193137262496329,-5.919955056550998,168,168,0
5162,09326-1-01,30 a 44,Hombres,Quintil alto,Centro,Trabajadores rutinarios,Movilidad activa,69.22,54.34562280473469,12.18,29.808713257172492,13.4,10.645663938092829,73.19999999999999,22.494155,626.29538284,569.25,0,569.25,57.045382839999995,65.03899655588965,160.58556359737312,42.544841555889654,138.09140859737312,2.8913731836510266,1.8913731836510266,930.7500262599999,596.1634801012367,1506.1505111600004,14.87437719526531,-17.628713257172492,2.7543360619071713,168,168,0
5164,09328-1-01,18 a 29,Hombres,Quintil alto,Sur,Trabajadores rutinarios,Movilidad mixta,50.76,57.941686892895746,41.5,34.15901463087222,12.04,12.199298476232023,63.70000000000001,13.962574,328.9105695350725,360.75,40.5797101449275,320.1702898550725,8.740279679999999,45.706940823079854,31.310104831337966,31.744366823079854,17.347530831337966,3.273532575231462,2.273532575231462,379.8296867049275,480.10452139181444,1127.3858986649273,-7.181686892895748,7.340985369127779,-0.1592984762320242,168,168,0
5167,09333-1-03,18 a 29,Mujeres,Quintil medio,Centro,Trabajadores rutinarios,Usuarios publicos,60.39,60.02858456802237,34.06,32.776026966994635,10.06,11.705388464983004,63.489999999999995,2.820867,90.22062154846151,83.33000000000001,38.4615384615385,44.86846153846151,45.35216001,7.849426422291871,8.01570914644337,5.028559422291871,5.194842146443371,2.7826290364954716,1.7826290364954716,80.13153658153848,79.11203171618203,204.5881886215385,0.36141543197763326,1.283973033005367,-1.6453884649830037,168,168,0
5169,09337-1-01,30 a 44,Hombres,Quintil bajo,Centro,Trabajadores rutinarios,Motorizados privados,50.68,47.340714000510864,19.19,27.793367703993354,15.19,9.925918295495777,82.94,5.930405,114.02831509538458,141.35999999999999,52.8846153846154,88.47538461538458,25.55293048,19.507498715509755,23.944416170447003,13.577093715509754,18.014011170447002,3.289404132687355,2.289404132687355,186.5246103046154,166.72129191681506,390.4119342046155,3.3392859994891353,-8.603367703993353,5.264081704504223,168,168,0
5175,09351-1-01,60 o mas,Mujeres,Quintil bajo,Sur,Trabajadores rutinarios,Movilidad mixta,61.25,54.38330549182251,19.43,34.26098064272819,20.2,12.235713865449306,67.11999999999999,2.684302,39.2976627983725,82.82,107.93580470162749,-25.115804701627496,64.4134675,10.126267000759032,13.933563095598622,7.441965000759032,11.249261095598621,3.772402285867623,2.7724022858676225,125.1158347016275,106.68355289993767,231.49472296162756,6.866694508177488,-14.830980642728193,7.964286134550694,168,168,0
5176,09351-1-02,30 a 44,Hombres,Quintil bajo,Sur,Trabajadores rutinarios,Movilidad mixta,54.13,56.1541758232736,40.51,34.82771204083365,8.78,12.438112135892746,64.58000000000001,2.809608,48.8598675316275,68.34,46.5641952983725,21.7758047016275,27.084062829999997,10.16950714577469,9.242655111053542,7.35989914577469,6.4330471110535425,3.6195466220820447,2.6195466220820447,103.2242135083725,108.91135409484859,241.70979182837243,-2.0241758232735947,5.682287959166345,-3.658112135892747,168,168,0
5182,09360-1-02,45 a 59,Mujeres,Quintil bajo,Centro,Trabajadores rutinarios,Usuarios publicos,69.53,65.9976660273131,16.67,23.197684184548454,11.28,8.284649788138449,70.52,1.405646,76.51456712000001,16.28,0,16.28,60.23456712,2.278706415116352,3.35071535196496,0.8730604151163521,1.94506935196496,1.6211097353930877,0.6211097353930877,21.219999259999994,16.254788140628534,60.50780495999999,3.5323339726868994,-6.527684184548452,2.9953502118615507,168,168,0
5184,09362-1-01,45 a 59,Hombres,Quintil bajo,Centro,Trabajadores rutinarios,Motorizados privados,55.91,52.91346455087538,30.14,28.086080032219236,4.98,10.030455416905392,76.97,3.307235,98.06753359000001,78.16000000000001,0,78.16000000000001,19.90753359,8.907478093934914,10.912874658906663,5.600243093934914,7.605639658906663,2.6933308621658014,1.6933308621658014,86.83997525999996,76.92972834391432,202.99006846,2.9965354491246146,2.0539199677807645,-5.0504554169053915,168,168,0
5186,09364-1-01,30 a 44,Mujeres,Quintil alto,Norte,Trabajadores rutinarios,Movilidad mixta,70.78,60.772333686615134,21.32,30.643774694317873,10.26,10.943891619067,65.64,7.34557,272.69942851999997,202.78,0,202.78,69.91942852,18.434410714015055,34.54979604126936,11.088840714015054,27.204226041269358,2.509595676579905,1.5095956765799052,247.22001608000005,173.7080026383896,479.1931166800001,10.007666313384867,-9.323774694317873,-0.6838916190669995,168,168,0
5194,09379-1-01,45 a 59,Hombres,Quintil bajo,Sur,Trabajadores rutinarios,Movilidad mixta,51.59,55.83322261571144,38.55,34.489464485041204,12.5,12.31731289924736,65.36,4.127778,72.54849667813099,157.26,135.163551401869,22.09644859813099,50.45204808,14.890136131929259,12.138258678811534,10.762358131929258,8.010480678811533,3.6073006183785217,2.6073006183785217,140.40357034186903,157.91865130410517,351.12663724186905,-4.2432226157114386,4.060535514958794,0.1826871007526396,168,168,0
5204,09391-1-01,60 o mas,Mujeres,Quintil bajo,Norte,Trabajadores rutinarios,Movilidad activa,60.04,63.50177956169898,18.79,19.709363694722086,11.42,7.038856743578919,77.75000000000001,2.897733,156.00989188,67.03,0,67.03,88.97989188,4.620164556749413,2.6252536637024364,1.7224315567494126,-0.2724793362975637,1.5944065780903254,0.5944065780903253,17.969997440000014,28.001310314660685,105.51051136999996,-3.4617795616989824,-0.9193636947220867,4.381143256421081,168,168,0
5214,09408-1-01,45 a 59,Hombres,Quintil bajo,Norte,Trabajadores rutinarios,Movilidad activa,62.67,64.5683534589718,31.99,28.023529838751983,7.94,10.008116702276212,65.4,1.096888,52.60199377,8.860000000000001,0,8.860000000000001,43.74199377,2.114613760730677,1.7839290991438999,1.0177257607306769,0.6870410991438998,1.9278301528785773,0.9278301528785772,16.139977190000003,18.22225831890467,59.938715030000004,-1.8983534589717976,3.966470161248015,-2.0681167022762112,168,168,0
5222,09414-1-04,18 a 29,Hombres,Quintil alto,Sur,Trabajadores rutinarios,Motorizados privados,56.12,58.93831810454309,34.26,32.96043522550597,13.29,11.771246669950918,64.33000000000001,3.340114,98.17721404,73.22999999999999,0,73.22999999999999,24.94721404,9.736508429631385,8.285694513318461,6.3963944296313855,4.945580513318461,2.9150227895309517,1.915022789530952,89.26998363999999,98.68348739743783,248.09240433999994,-2.8183181045430956,1.29956477449403,1.5187533300490816,168,168,0
5227,09426-1-01,45 a 59,Hombres,Quintil bajo,Centro,Trabajadores rutinarios,Motorizados privados,48.81,57.09027078182554,43.69,33.51163214637448,10.07,11.968097071799974,65.43,8.220939,194.88402841,168.62,0,168.62,26.26402841,26.633110328676004,16.942689044240797,18.412171328676003,8.721750044240798,3.2396676740547528,2.2396676740547528,206.38000418,274.45160518087005,648.3376848199998,-8.280270781825536,10.178367853625517,-1.898097071799974,168,168,0
5231,09430-1-01,18 a 29,Mujeres,Quintil bajo,Centro,Trabajadores rutinarios,Movilidad mixta,54.54,54.50643326135858,27.44,26.801777612823727,8.9,9.57178912581769,77.12,2.882472,100.11002309999999,80.39999999999999,0,80.39999999999999,19.710023099999997,6.916520524756309,6.934659904172748,4.034048524756309,4.052187904172748,2.399510047194321,1.3995100471943211,57.099999780000005,57.003244595734785,161.84903226,0.03356673864141868,0.638222387176274,-0.6717891258176891,168,168,0
5238,09449-1-01,45 a 59,Hombres,Quintil alto,Centro,Trabajadores rutinarios,Motorizados privados,63.36,59.60097898339091,20.74,31.654254201268973,18.46,11.304766815340114,65.44,8.797326,292.1585926,234.76000000000002,0,234.76000000000002,57.3985926,23.852116600102928,29.862551192838072,15.054790600102928,21.06522519283807,2.7112916584088085,1.7112916584088083,265.23998276,232.1706494360384,610.09516196,3.75902101660909,-10.914254201268974,7.1552331846598864,168,168,0
5243,09453-1-01,30 a 44,Mujeres,Quintil bajo,Sur,Trabajadores rutinarios,Motorizados privados,70.67,68.56495241837865,22.7,25.749176611739163,10.14,9.19587096988219,64.49,3.385699,183.35734149,106.59,0,106.59,76.76734149,6.161073654280341,7.513812962870882,2.7753746542803412,4.1281139628708825,1.8197346114584732,0.8197346114584733,55.910006839999994,48.782949347952155,167.096362,2.105047581621349,-3.0491766117391634,0.9441290301178107,168,168,0
5246,09458-1-01,30 a 44,Hombres,Quintil bajo,Centro,Trabajadores rutinarios,Movilidad mixta,67.93,74.29236507973292,19.47,16.5404873101902,9.34,5.907147610076892,71.25999999999999,1.629125,110.66644244000001,0,0,0,110.66644244000001,2.037873279621667,2.8815059490491717e-6,0.40874827962166704,-1.629122118494051,1.2509005015708845,0.2509005015708844,1.8810000000257787e-5,10.36510682051987,46.935110059999985,-6.3623650797329105,2.9295126898097976,3.4328523899231076,168,168,0
5248,09463-1-02,30 a 44,Mujeres,Quintil bajo,Centro,Trabajadores rutinarios,Usuarios publicos,61.17,65.44619638136,39.4,29.20407553567274,4.51,10.429728082967257,62.92000000000001,2.62044,121.85231117000001,81.56,0,81.56,40.29231117,5.528257849433866,3.863616091415057,2.9078178494338665,1.243176091415057,2.109667784583454,1.1096677845834542,38.44000362999998,49.64551967557097,153.50352402999994,-4.276196381359995,10.195924464327259,-5.919728082967257,168,168,0
5255,09475-1-02,30 a 44,Mujeres,Quintil bajo,Norte,Trabajadores rutinarios,Movilidad mixta,55.65,55.713074818221614,31.12,29.11795393272389,8.46,10.398971249054517,72.76999999999998,2.631771,85.28807355000001,38.83,0,38.83,46.45807355,6.85024579581282,6.820819397203228,4.218474795812821,4.189048397203228,2.602903442515637,1.602903442515637,61.1699826,61.33598107742591,165.33547878000005,-0.0630748182216152,2.002046067276112,-1.9389712490545161,167.99999999999997,168,0
5258,09478-1-02,45 a 59,Hombres,Quintil bajo,Centro,Trabajadores rutinarios,Motorizados privados,45.58,51.214487014166096,36.5,29.4484948073791,9.1,10.517018178454798,76.82000000000001,6.949656,158.43532204000002,141.67000000000002,0,141.67000000000002,16.76532204,21.808647964666903,15.324007225739459,14.858991964666902,8.37435122573946,3.1380902831257984,2.1380902831257984,158.32999844,197.48774492492146,475.2343120399999,-5.634487014166098,7.051505192620901,-1.4170181784547982,168,168,0
5261,09481-1-02,30 a 44,Mujeres,Quintil bajo,Centro,Trabajadores rutinarios,Usuarios publicos,43.52,56.43092505252353,43.47,32.803776292944974,13.96,11.715298654531521,67.04999999999998,3.152224,77.97192877714289,85.42999999999999,69.6428571428571,15.787142857142896,62.18478592,9.904694920729666,4.550417060285191,6.752470920729666,1.3981930602851915,3.14212915095173,2.14212915095173,59.212859702857116,99.91098751562302,240.24508402285713,-12.910925052523524,10.666223707055025,2.2447013454684797,168,168,0
5262,09485-1-01,30 a 44,Mujeres,Quintil alto,Sur,Trabajadores rutinarios,Motorizados privados,66.83,60.055212906632704,17.21,27.458471247600247,13.28,9.806315845767044,70.68,10.993851,451.84907444,342.13,0,342.13,109.71907443999999,24.68028125780575,40.94524091458746,13.68643025780575,29.95138991458746,2.244916841041938,1.244916841041938,282.86998788999995,208.3889880287968,618.0725048799999,6.774787093367294,-10.248471247600246,3.4736841542329557,168,168,0
5266,09491-1-01,45 a 59,Hombres,Quintil alto,Centro,Trabajadores rutinarios,Motorizados privados,70.81,58.21850154920939,17.52,29.629748622137736,10.1,10.581749828652864,69.57000000000001,13.251996,462.01383755,398.64,0,398.64,63.373837550000005,33.96885345981434,76.11768911266556,20.716857459814342,62.86569311266556,2.5633009140520673,1.5633009140520675,476.35999921,309.49751210611663,842.3801287299998,12.59149845079061,-12.109748622137737,-0.4817498286528643,168,168,0
5271,09504-1-02,45 a 59,Mujeres,Quintil alto,Norte,Trabajadores rutinarios,Motorizados privados,52.24,49.69357419155036,33.58,30.996547508954222,5.94,11.069878299495414,76.24,9.284464,128.3621956275145,159.31,53.4682080924855,105.8417919075145,22.52040372,34.938437293689915,39.829904520008554,25.653973293689916,30.545440520008555,3.763107627288976,2.763107627288976,356.6582037324855,333.0160049852639,723.5802210124855,2.5464258084496407,2.583452491045776,-5.129878299495414,168,168,0
5272,09507-1-01,45 a 59,Hombres,Quintil medio,Centro,Trabajadores rutinarios,Movilidad mixta,47.68,51.95307133749428,26.19,29.891646542672092,18.65,10.67528211983364,75.47999999999999,3.301712,77.36561,69.94,0,69.94,7.425610000000001,10.244891538326998,7.879960919627416,6.943179538326998,4.578248919627415,3.102902838989893,2.102902838989893,80.06001816,94.16846907186093,228.10878424000003,-4.2730713374942795,-3.7016465426720906,7.974717880166359,168,168,0
5274,09508-1-02,60 o mas,Mujeres,Quintil medio,Sur,Trabajadores rutinarios,Usuarios publicos,66.24,67.05000235933122,32.24,31.22760218041856,10.95,11.152395460250215,58.57000000000001,2.504637,114.86712308,53.96,0,53.96,60.90712308,5.526526677173672,5.215569242478747,3.0218896771736725,2.710932242478747,2.2065180212436664,1.2065180212436664,51.04003179999998,53.06879367926825,159.21530382999998,-0.8100023593312216,1.012397819581441,-0.20239546025021582,168,168,0
5278,09515-1-01,60 o mas,Hombres,Quintil bajo,Norte,Trabajadores rutinarios,Motorizados privados,49.7,53.730886837649905,36.77,31.823797060920857,10.45,11.365316101429238,71.08,5.681247,121.40797780000001,89.05000000000001,0,89.05000000000001,32.3579778,18.78730223737654,15.043156595374475,13.106055237376541,9.361909595374474,3.306897629583178,2.306897629583178,160.94999809999996,183.85046185373795,429.21848144,-4.030886837649902,4.946202939079146,-0.915316101429239,168,168,0
5279,09517-1-04,30 a 44,Hombres,Quintil alto,Norte,Trabajadores rutinarios,Movilidad mixta,48.78,57.76796217100966,41.92,33.23333112926699,12.17,11.868706699723353,65.13,3.11696,82.19529458,42.65,0,42.65,39.54529458,9.576477841060363,5.699326019336854,6.459517841060363,2.582366019336854,3.0723775220279896,2.0723775220279896,69.85001422000002,97.86513278855028,238.44638062,-8.987962171009656,8.686668870733008,0.30129330027664736,168,168,0
5283,09525-1-01,60 o mas,Mujeres,Quintil alto,Centro,Trabajadores rutinarios,Motorizados privados,50.29,53.46012177178056,37.98,31.706465171985446,8.22,11.323413056233973,71.51000000000002,6.095422,128.5394216309537,207.22,110.2193460490463,97.0006539509537,31.53876768,20.238608671812464,17.003973753546266,14.143186671812465,10.908551753546266,3.3202965556465927,2.3202965556465927,177.9993507490463,197.3225807394365,459.60784714904617,-3.1701217717805577,6.273534828014551,-3.103413056233972,168,168,0
5284,09526-1-01,45 a 59,Hombres,Quintil bajo,Norte,Trabajadores rutinarios,Movilidad mixta,56.91,51.81557919613893,21.62,25.81503106159892,8.32,9.21938974226215,81.15,3.120554,100.83070876,48.24,0,48.24,52.59070876,7.667072536665308,11.315070467400274,4.5465185366653085,8.194516467400273,2.456958776122864,1.4569587761228644,76.76001937999999,60.86260416282812,170.18940613999996,5.09442080386107,-4.195031061598918,-0.8993897422621497,168,168,0
5286,09531-1-01,60 o mas,Mujeres,Quintil bajo,Centro,Trabajadores rutinarios,Usuarios publicos,67.16,60.82139064645825,25.4,31.329737896985716,10.78,11.188871456556047,64.66,2.900482,105.41639912000001,73.12,37.5,35.620000000000005,69.79639912,7.369234678681138,10.902990533732746,4.468752678681138,8.002508533732746,2.5406931257222554,1.5406931257222554,89.37997199999997,70.99494966502048,194.31941075999998,6.338609353541749,-5.929737896985717,-0.4088714565560476,168,168,0
5298,09558-1-01,60 o mas,Hombres,Quintil alto,Sur,Trabajadores rutinarios,Motorizados privados,45.13,52.27430657571432,39.39,32.16022715947928,11.4,11.485466264806405,72.08,20.867977,341.06325226495727,344.21,69.9185415050427,274.2914584949573,66.77179376999999,75.81856745263426,52.19868756505595,54.95059045263426,31.33071056505595,3.633249521629924,2.6332495216299243,600.7085497450428,749.795775047998,1660.5931015750427,-7.144306575714317,7.229772840520724,-0.08546626480640462,168,168,0
5305,09563-1-03,30 a 44,Mujeres,Quintil alto,Centro,Trabajadores rutinarios,Usuarios publicos,49.91,43.28206597464157,26.76,27.387105290872793,3.78,9.780828734485642,87.55,3.829922,39.03281526142898,169.30999999999997,171.428571428571,-2.118571428571016,41.151386689999995,15.048704700433312,21.983014522854496,11.218782700433312,18.153092522854497,3.929245739321405,2.929245739321405,152.11859175857097,126.7341214203022,269.084409638571,6.627934025358428,-0.627105290872791,-6.000828734485642,168,168,0
5306,09564-1-04,18 a 29,Mujeres,Quintil alto,Norte,Trabajadores rutinarios,Movilidad activa,67.74,60.68489123628376,25.49,31.06189333720862,9.61,11.093215426507607,65.16000000000001,2.192148,80.79610128,57.300000000000004,0,57.300000000000004,23.49610128,5.468628205057571,8.512469379137341,3.2764802050575708,6.320321379137342,2.4946437033711093,1.4946437033711095,67.70000423999998,52.234161673836965,144.64439904,7.055108763716234,-5.571893337208621,-1.4832154265076074,168,168,0
5307,09567-1-01,45 a 59,Hombres,Quintil bajo,Centro,Trabajadores rutinarios,Motorizados privados,65.52,72.28544761003117,38.12,29.65410433994369,8.89,10.590448050025127,55.47000000000001,2.762906,150.89559392,89.87,0,89.87,61.02559392,5.354083543411576,2.8286744488701157,2.5911775434115762,0.06576844887011557,1.9378449876367767,0.9378449876367767,30.130007199999994,48.822302994440776,160.01421825999995,-6.765447610031174,8.465895660056308,-1.700448050025127,168,168,0
5308,09568-1-01,60 o mas,Hombres,Quintil bajo,Sur,Trabajadores rutinarios,Movilidad activa,63.64,57.74513988429928,23.52,27.16378598910452,7.45,9.701074126596202,73.39,1.656807,65.2156299952106,57.669999999999995,47.8935698447894,9.776430155210598,55.43919984,3.6462580738199577,5.732094796385919,1.9894510738199578,4.075287796385919,2.2007741842109296,1.2007741842109299,40.223567484789385,30.456921981075624,91.53488027478937,5.894860115700723,-3.643785989104522,-2.251074126596202,168,168,0
5313,09582-1-01,45 a 59,Hombres,Quintil medio,Norte,Trabajadores rutinarios,Motorizados privados,58.2,57.7337866287644,23.55,31.327972423025045,18.5,11.188240948210563,67.75,7.08583,217.5852832,180.19,0,180.19,37.395283199999994,19.87938553861402,20.44651428686225,12.79355553861402,13.36068428686225,2.8055126271183504,1.8055126271183504,194.8100228,191.50651410769763,492.7691743,0.4662133712356038,-7.777972423025044,7.311759051789437,168,168,0
5317,09586-1-01,30 a 44,Hombres,Quintil bajo,Centro,Trabajadores rutinarios,Motorizados privados,75.08,72.90296059728118,23.1,25.52958998183457,9.37,9.117449420884258,60.449999999999996,1.458319,87.70058879999999,78.21,0,78.21,9.490588800000001,2.3712381951853154,2.9617538329611803,0.9129191951853155,1.5034348329611804,1.6260078866045875,0.6260078866045876,21.790001720000006,18.61518379526649,69.14161965000002,2.177039402718819,-2.4295899818345674,0.2525505791157414,168,168,0
5322,09594-1-02,60 o mas,Mujeres,Quintil medio,Norte,Trabajadores rutinarios,Movilidad mixta,37.68,50.30213136600475,33.99,20.667006429243933,6.68,7.380862204751344,89.64999999999998,3.037911,114.46848648,0,0,0,114.46848648,6.0336742687483715,0,2.9957632687483717,-3.037911,1.9861260809643113,0.9861260809643113,0,38.34491172023084,123.55184037000006,-12.622131366004751,13.322993570756068,-0.7008622047513446,167.99999999999997,168,0
5330,09613-1-01,45 a 59,Hombres,Quintil bajo,Centro,Trabajadores rutinarios,Movilidad mixta,60.21,47.48079229982294,7.54,23.151169738233865,11.15,8.268037961943218,89.09999999999998,2.713353,82.65098574999999,56.779999999999994,25,31.779999999999994,50.87098575,6.486996053345674,19.061006366195784,3.773643053345674,16.347653366195782,2.390767457586858,1.390767457586858,80.71999838000002,46.18116447910148,131.43256595000008,12.729207700177064,-15.611169738233865,2.8819620380567823,168,168,0
5342,09629-1-02,60 o mas,Hombres,Quintil bajo,Norte,Trabajadores rutinarios,Motorizados privados,51.76,43.855316860039665,15.31,28.12892602226679,14.96,10.045757117693546,85.97,1.70399,15.843539999999996,30.769999999999996,28.125,2.644999999999996,13.19854,6.807799740181343,10.549454528653204,5.103809740181343,8.845464528653205,3.995211087025947,2.9952110870259467,72.3549824,58.88548137633898,123.9347597,7.9046831399603334,-12.818926022266789,4.914242882306455,168,168,0
5343,09631-1-01,18 a 29,Mujeres,Quintil bajo,Centro,Trabajadores rutinarios,Movilidad mixta,59.32,59.273716008576756,16.32,15.876328985559333,5.18,5.669955005863904,87.18,2.750651,143.2986252,124.63000000000001,25,99.63000000000001,43.6686252,4.0439682022038195,4.0788075848348955,1.2933172022038195,1.3281565848348955,1.4701858586217662,0.4701858586217661,19.869992120000006,19.742681012707664,79.00898861999997,0.046283991423244686,0.4436710144406675,-0.48995500586390417,168,168,0
5345,09634-1-01,45 a 59,Mujeres,Quintil bajo,Sur,Trabajadores rutinarios,Motorizados privados,70.9,66.79019868016431,16.02,22.326337763963572,10.17,7.973463555872123,70.91,3.241008,179.16743639999999,99.38,0,99.38,79.7874364,5.433060853212603,8.530232921464378,2.192052853212603,5.2892249214643785,1.676349102875588,0.6763491028755878,50.62003080000002,37.30013184400198,135.50203032000002,4.109801319835697,-6.3063377639635725,2.1965364441278767,168,168,0
5350,09643-1-01,60 o mas,Hombres,Quintil medio,Centro,Trabajadores rutinarios,Movilidad activa,53.54,50.6156568285467,26.56,28.99815575851982,9.87,10.356187412933489,78.03,1.826495,43.108326077802204,53.120000000000005,62.802197802197796,-9.682197802197791,52.790523879999995,5.533355086430352,6.624619213463552,3.706860086430352,4.798124213463552,3.029493694989777,2.029493694989777,54.682216222197795,49.3409180412542,121.22142907219778,2.9243431714533017,-2.438155758519823,-0.4861874129334893,168,168,0
5352,09645-1-01,45 a 59,Mujeres,Quintil bajo,Norte,Trabajadores rutinarios,Motorizados privados,61.54,61.423875379520375,33.91,29.493156348662545,6,10.53296827181706,66.55000000000001,2.872284,116.2403587,101.98,37.5,64.48,51.7603587,6.63634888535004,6.692542922718793,3.7640648853500402,3.8202589227187933,2.310477962955627,1.310477962955627,60.51999866,60.1864557705903,175.15285309999996,0.11612462047962424,4.416843651337452,-4.53296827181706,168,168,0
5355,09650-1-02,30 a 44,Hombres,Quintil bajo,Norte,Trabajadores rutinarios,Motorizados privados,55.69,56.99517031849905,32.48,28.578511074926258,7.61,10.206318606574682,72.22000000000001,2.989447,105.79231289,56.81,0,56.81,48.98231289,7.350028076962295,6.681208066983235,4.360581076962295,3.6917610669832346,2.458658098625697,1.4586580986256972,60.68999054,64.59172803312603,180.53692077,-1.3051703184990515,3.901488925073739,-2.5963186065746813,168,168,0
5361,09656-1-03,45 a 59,Mujeres,Quintil bajo,Sur,Trabajadores rutinarios,Usuarios publicos,30.89,34.741013447701455,20.51,22.134157012268275,13.38,7.904829540030264,103.22000000000001,2.529868,17.619032131428597,35.9,65.1785714285714,-29.278571428571404,46.89760356,10.324421902511569,7.882481759842298,7.794553902511568,5.352613759842297,4.081012093323276,3.0810120933232756,60.5285903885714,70.27114607748099,146.26581690857137,-3.8510134477014546,-1.6241570122682738,5.475170459969736,168,168,0
5367,09666-1-02,60 o mas,Mujeres,Quintil bajo,Sur,Trabajadores rutinarios,Motorizados privados,68.17,53.472834308750485,6.6,29.538134318950117,18.79,10.549031372299392,74.44,2.9283960000000002,80.39330765350881,60.940000000000005,50.1754385964912,10.764561403508807,69.62874625,8.388854577966313,20.726056083087993,5.460458577966313,17.797660083087994,2.8646585290945326,1.8646585290945326,119.2354476664912,76.19632644489887,193.5874221064912,14.697165691249516,-22.93813431895012,8.240968627700607,168,168,0
5375,09684-1-01,60 o mas,Hombres,Quintil bajo,Centro,Trabajadores rutinarios,Usuarios publicos,42.32,48.87373512255224,35.07,29.71431399530516,11.81,10.611950882142592,78.80000000000001,2.704061,45.9058324271366,66.09,59.6200440528634,6.469955947136604,39.43587648,9.439604372333442,6.451597967903925,6.735543372333442,3.7475369679039248,3.490899196554161,2.4908991965541616,68.53002909286339,86.25172864208713,195.29640877286334,-6.55373512255224,5.355686004694839,1.1980491178574084,168,168,0
5376,09684-1-03,18 a 29,Mujeres,Quintil bajo,Centro,Trabajadores rutinarios,Motorizados privados,49.6,49.04139474614436,28.63,28.581293096588812,9.6,10.207312157266808,80.17000000000002,3.835446,79.93816505286338,106.32999999999998,41.6299559471366,64.70004405286338,15.238121,12.30626560518308,12.733418900144345,8.470819605183081,8.897972900144346,3.2085618218019705,2.2085618218019705,110.29995654713662,108.15745626065703,256.92905712713656,0.5586052538556388,0.048706903411186886,-0.6073121572668079,168,168,0
5378,09687-1-01,45 a 59,Hombres,Quintil bajo,Centro,Trabajadores rutinarios,Usuarios publicos,57.01,60.008280597583,40.75,37.34470645178883,12.93,13.337012950628164,57.31000000000001,2.324789,42.925013548803406,71.97,66.5811965811966,5.3888034188034055,37.53621013,8.410405509969197,7.367562093755558,6.085616509969197,5.042773093755558,3.617707030603292,2.617707030603292,89.61120734119658,96.58157709337098,214.40588086119658,-2.9982805975830047,3.4052935482111693,-0.40701295062816456,168,168,0
5387,09698-1-01,60 o mas,Mujeres,Quintil bajo,Sur,Trabajadores rutinarios,Motorizados privados,58.12,58.74881428773672,43.65,37.41799796965464,7.76,13.363187742608641,58.46999999999999,4.976822,69.75291456,143,112.5,30.5,39.25291456,19.34879003585587,18.84346930554663,14.37196803585587,13.86664730554663,3.88778020107126,2.88778020107126,219.49998008000003,222.62947686112247,475.35839910000004,-0.6288142877367235,6.232002030345356,-5.603187742608641,168,168,0
5392,09703-1-06,30 a 44,Hombres,Quintil medio,Sur,Trabajadores rutinarios,Motorizados privados,50.8,57.662874729628726,35.95,32.23496697812775,14.66,11.512158292243523,66.59,5.283468,150.689847522807,188.43,56.140350877193,132.28964912280702,18.400198400000004,15.53319777855212,10.264840646587894,10.249729778552119,4.981372646587894,2.9399624978427275,1.9399624978427275,117.71032687719295,153.97010589919503,385.106642357193,-6.862874729628729,3.7150330218722516,3.147841707756477,168,168,0
5395,09709-1-01,30 a 44,Mujeres,Quintil bajo,Centro,Trabajadores rutinarios,Usuarios publicos,54.82,67.3766060397868,22.76,17.421579563183705,13.44,6.221814397029496,76.98,2.22346,133.03009944,111.14,0,111.14,21.890099439999997,3.132077811049035,-1.3581616729601589,0.9086178110490346,-3.581621672960159,1.408650396701103,0.40865039670110304,-11.140022239999979,16.77908902522438,69.34922976000001,-12.556606039786793,5.338420436816296,7.218185602970504,168,168,0
5396,09711-1-01,30 a 44,Hombres,Quintil bajo,Centro,Trabajadores rutinarios,Motorizados privados,64.91,63.41754144746463,29.81,26.417800264201524,4.55,9.434658288333843,68.73,1.867101,89.07350574,55.38,0,55.38,33.69350574,3.6109225667642058,4.125690427518863,1.7438215667642059,2.2585894275188627,1.9339728095931639,0.9339728095931639,32.12002016999999,29.33344931410265,96.27361052999998,1.4924585525353677,3.3921997357984743,-4.884658288333843,168,168,0
5402,09727-1-02,45 a 59,Mujeres,Quintil alto,Centro,Trabajadores rutinarios,Motorizados privados,53.74,41.536649498639285,9.26,22.115267148069815,8.55,7.898083353290902,96.44999999999999,3.84094,87.00210000000001,59.34,0,59.34,27.662100000000002,10.666529914182977,29.590398837508044,6.825589914182977,25.749458837508044,2.7770623634274365,1.7770623634274365,119.41001559999998,72.53767852530356,187.81715700000004,12.203350501360717,-12.855267148069816,0.6519166467090987,168,168,0
5404,09731-1-01,45 a 59,Mujeres,Quintil bajo,Centro,Trabajadores rutinarios,Usuarios publicos,60.16,60.7943891690297,19.86,26.01485679905335,16.08,9.290754031916942,71.9,3.788359,167.96768840000001,90.06,0,90.06,77.90768840000001,7.793273571066448,7.360589023553155,4.004914571066448,3.572230023553155,2.057163423811325,1.0571634238113252,59.93998903999997,62.343282957996166,196.09361149999992,-0.6343891690297028,-6.154856799053352,6.789245968083057,168,168,0
5406,09733-1-02,45 a 59,Mujeres,Quintil alto,Centro,Trabajadores rutinarios,Motorizados privados,42.82,52.170201640989966,42.84,31.337982489505983,9.04,11.191815869504033,73.30000000000001,11.300046,215.4279835,206.56,0,206.56,8.8679835,38.82090824028115,22.836062539558483,27.520862240281147,11.536016539558483,3.4354646202573997,2.4354646202573997,268.43998622000004,374.09769487246217,854.6863727,-9.350201640989965,11.50201751049402,-2.151815869504034,168,168,0
5410,09746-1-01,45 a 59,Hombres,Quintil bajo,Sur,Trabajadores rutinarios,Movilidad activa,29.7,44.517311463796,35.75,23.38952583598748,10.81,8.353162700216503,91.74000000000001,4.118315,103.16394919999999,55.85,0,55.85,47.313949199999996,11.146921846901561,1.81522277896188,7.028606846901561,-2.3030922210381197,2.7066705307635677,1.7066705307635675,19.1500063,80.17236236102303,210.8987527,-14.817311463795999,12.360474164012519,2.4568372997834977,168,168,0
5414,09753-1-01,45 a 59,Mujeres,Quintil bajo,Norte,Trabajadores rutinarios,Usuarios publicos,53.02,57.39516577045385,35.87,31.334324682316293,11.03,11.190509547229878,68.07999999999998,2.379263,72.89851592,34.24999999999999,0,34.24999999999999,38.64851592,6.606870495674541,5.010958669484759,4.227607495674541,2.631695669484759,2.7768558985175416,1.7768558985175416,53.25000834000001,63.659678376507344,164.83744304000004,-4.375165770453847,4.535675317683705,-0.16050954722987854,168,168,0
5415,09753-1-02,45 a 59,Hombres,Quintil bajo,Norte,Trabajadores rutinarios,Usuarios publicos,50.32,57.302510572697216,38.43,32.935240585285925,13.25,11.76224884201686,66,3.155369,82.71817528,48.94,0,48.94,33.77817528,9.68559198461705,6.495427777840069,6.530222984617049,3.340058777840069,3.0695592130800073,2.0695592130800073,76.0599928,98.09239020326103,239.12946271999996,-6.982510572697215,5.494759414714075,1.4877511579831406,168,168,0
5417,09757-1-01,45 a 59,Mujeres,Quintil bajo,Centro,Trabajadores rutinarios,Movilidad mixta,58.95,59.903703312236615,36.53,32.20488253248715,8.13,11.501414155276235,64.39,4.479436,146.8127536,87.75,0,87.75,59.0627536,12.27114439493978,11.586922728735065,7.79170839493978,7.107486728735065,2.739439606892426,1.7394396068924258,117.24999859999997,121.5220515501519,317.30161036,-0.9537033122366125,4.325117467512854,-3.3714141552762342,168,168,0
5420,09768-1-01,30 a 44,Hombres,Quintil bajo,Norte,Trabajadores rutinarios,Movilidad activa,55.42,56.61450501558585,30.22,28.343210049957314,9.44,10.122284934456834,72.92,3.346908,117.64561664,94.66,0,94.66,22.98561664,8.242451984902686,7.5493102012017905,4.8955439849026865,4.2024022012017905,2.4627064696438286,1.4627064696438283,67.84002472000002,71.83792311270439,200.578396,-1.1945050155858468,1.876789950042685,-0.6822849344568347,168,168,0
5422,09770-1-05,18 a 29,Mujeres,Quintil medio,Norte,Trabajadores rutinarios,Motorizados privados,51.32,44.76109127967822,20.67,24.720434955853648,6.32,8.828473764468127,89.69,2.322335,53.0522428,33.87,0,33.87,19.1822428,6.695705672762326,10.813581350966414,4.373370672762326,8.491246350966414,2.88317821191272,1.88317821191272,66.12998939999999,50.89800611699151,128.80981105,6.5589087203217815,-4.050434955853646,-2.5084737644681265,168,168,0
5423,09771-1-01,45 a 59,Hombres,Quintil bajo,Centro,Trabajadores rutinarios,Usuarios publicos,60.23,64.85312191226414,33.35,34.65901365041895,18.31,12.377864437316896,56.110000000000014,2.294535,83.78986688,45.59,0,45.59,38.19986688,6.100541327059561,4.648342465814797,3.806006327059561,2.3538074658147967,2.658726638320863,1.6587266383208628,54.40997616999999,65.01789120695702,172.94565427,-4.623121912264146,-1.3090136504189473,5.9321355626831025,168,168,0
5432,09787-1-01,60 o mas,Hombres,Quintil bajo,Sur,Trabajadores rutinarios,Movilidad activa,54.73,59.00187210893803,41.78,36.000997310060704,11.35,12.857130581001261,60.14000000000001,2.513584,52.02965626058821,56.52,37.0588235294118,19.461176470588207,32.568479790000005,8.696759885949627,7.105543470333122,6.183175885949627,4.591959470333122,3.4599042188164897,2.4599042188164897,85.53879605941177,96.27650544248468,219.08551397941173,-4.271872108938034,5.779002689939297,-1.5071305810012614,168,168,0
5435,09802-1-02,18 a 29,Mujeres,Quintil bajo,Centro,Trabajadores rutinarios,Movilidad mixta,53.67,63.57523553319026,30.72,22.29315246410402,9.44,7.961612002705714,74.17,0.769029,41.273762649999995,0,0,0,41.273762649999995,1.111191951236911,2.6133172161357174e-6,0.3421629512369111,-0.7690263866827838,1.4449285413643844,0.4449285413643843,2.378000000646807e-5,7.617437156853775,30.88422842,-9.905235533190258,8.42684753589598,1.478387997294286,168,168,0
5436,09804-1-01,60 o mas,Hombres,Quintil bajo,Sur,Trabajadores rutinarios,Usuarios publicos,41.2,49.56080576605481,33.37,27.808037040008408,12.73,9.931157193936777,80.7,2.827106,68.5467824,52.07,0,52.07,16.4767824,8.369381740364757,4.588601567534125,5.542275740364756,1.761495567534125,2.960406062017044,1.9604060620170436,47.929984800000014,71.56686894604816,178.25957140000003,-8.36080576605481,5.56196295999159,2.7988428060632238,168,168,0
5445,09812-1-02,30 a 44,Mujeres,Quintil medio,Centro,Trabajadores rutinarios,Movilidad mixta,67.3,59.60222550763001,23.68,33.59124505406408,14.21,11.996529438305899,62.81000000000001,5.217403,150.6685704210526,132.59,53.0526315789474,79.5373684210526,71.13120199999999,15.518860100117461,23.349782975964228,10.30145710011746,18.132379975964227,2.9744415181494435,1.9744415181494432,200.4626514789474,160.30025974913275,398.1500511489474,7.697774492369987,-9.911245054064082,2.213470561694102,168,168,0
5447,09815-1-02,60 o mas,Mujeres,Quintil bajo,Sur,Trabajadores rutinarios,Movilidad mixta,73.92,65.33133063093779,15.41,23.939200068634424,8.49,8.549469300427782,70.18,2.607562,136.44101224,51.18999999999999,0,51.18999999999999,85.25101224,4.60709596727073,10.398277048402594,1.9995339672707302,7.790715048402594,1.7668212557441512,0.766821255744151,56.30997080000003,33.91448292266941,118.6307026,8.588669369062217,-8.529200068634424,-0.0594693004277822,168,168,0
5451,09826-1-01,45 a 59,Hombres,Quintil bajo,Centro,Trabajadores rutinarios,Movilidad mixta,62.48,65.77076556449177,27.89,25.08909878936653,9.45,8.960135646141694,68.18,1.425532,74.61723792000001,48.050000000000004,0,48.050000000000004,26.56723792,2.481037715478554,1.7079201408452194,1.0555057154785539,0.28238814084521935,1.7404293382951443,0.7404293382951445,14.450001439999994,19.141093056681072,67.67936631999999,-3.290765564491771,2.8009012106334694,0.4898643538583052,168,168,0
5456,09830-1-03,30 a 44,Mujeres,Quintil medio,Centro,Trabajadores rutinarios,Usuarios publicos,56.91,60.07105436810594,37.65,31.698409513942664,8.53,11.320536117951406,64.91,4.460943,152.28228384,98.41,0,98.41,53.87228384,11.869018140156212,9.708920373806992,7.408075140156212,5.247977373806991,2.660652274677397,1.660652274677397,101.58998229000002,115.69126564602163,307.59633003000005,-3.161054368105944,5.951590486057334,-2.7905361179514063,168,168,0
5458,09835-1-01,45 a 59,Hombres,Quintil bajo,Sur,Trabajadores rutinarios,Movilidad activa,87.09,60.30825924147926,11.2,30.661513892932074,3.63,10.950226865588666,66.08,2.96833,109.14183451,100.63,0,100.63,8.51183451,7.410838838826022,44.45250981044703,4.442508838826022,41.48417981044703,2.4966357644958688,1.4966357644958688,149.37002519,69.87298064426014,193.39035908999998,26.78174075852074,-19.461513892932075,-7.320226865588666,168,168,0
5467,09863-1-02,60 o mas,Hombres,Quintil medio,Centro,Trabajadores rutinarios,Usuarios publicos,53.81,55.65363462837399,29.43,30.134391211590206,13.31,10.761974160035813,71.44999999999999,3.075357,92.364965,64.38,0,64.38,27.984965,8.502750461069011,7.55049839321156,5.427393461069011,4.47514139321156,2.7648011144946785,1.7648011144946785,73.11999517,78.78982982981235,204.56075335000003,-1.8436346283739908,-0.704391211590206,2.548025839964188,168,168,0
5475,09877-1-02,30 a 44,Mujeres,Quintil bajo,Norte,Trabajadores rutinarios,Movilidad activa,62.95,63.444641675154365,39.39,33.12525067956313,6.06,11.830107645282503,59.599999999999994,2.906574,107.8688403,62.4,0,62.4,45.468840300000004,7.51394408413708,7.29255968503103,4.60737008413708,4.38598568503103,2.5851549226467587,1.5851549226467587,75.099993,76.53770563232011,207.2037813,-0.4946416751543623,6.26474932043687,-5.770107645282503,168,168,0
5479,09888-1-01,45 a 59,Hombres,Quintil bajo,Centro,Trabajadores rutinarios,Usuarios publicos,55.95,57.747583563461305,30,28.25988838632406,10.15,10.092528050214641,71.89999999999999,3.545306,131.0798577,82.72,0,82.72,48.3598577,8.475623823555033,7.3956185034388104,4.930317823555033,3.8503125034388104,2.3906607281726973,1.3906607281726973,67.28001300000003,73.65299679304076,209.62404890000005,-1.797583563461302,1.7401116136759391,0.0574719497853593,168,168,0
5480,09891-1-01,45 a 59,Mujeres,Quintil alto,Sur,Trabajadores rutinarios,Movilidad activa,65.96,61.17259196656154,25.2,26.310920128321694,5.72,9.396487905116762,71.12,1.629131,73.55913681623616,31.240000000000002,7.63837638376384,23.60162361623616,49.9575132,3.22581909742136,4.838524894861103,1.5966880974213598,3.209393894861103,1.9800857619315817,0.9800857619315817,33.898343943763834,26.09902910684022,84.27107446376385,4.787408033438453,-1.1109201283216947,-3.6764879051167627,168,168,0
5485,09898-1-02,45 a 59,Mujeres,Quintil medio,Centro,Trabajadores rutinarios,Usuarios publicos,73.06,55.0471247788569,26.17,37.220294011561606,6.33,13.292581209581495,62.44,2.359685,4.506191858899001,116.96999999999998,134.862385321101,-17.892385321101003,22.398577180000004,10.95536294965983,22.799306905402652,8.59567794965983,20.439621905402653,4.642722630206927,3.642722630206926,167.892394241101,125.38768277489794,244.582156741101,18.012875221143105,-11.050294011561604,-6.962581209581495,168,168,0
5497,09917-1-01,30 a 44,Mujeres,Quintil bajo,Norte,Trabajadores rutinarios,Movilidad mixta,56.02,62.27743745059653,38.9,29.63790117733365,7.58,10.58466137206984,65.49999999999999,3.224691,133.46717642000002,97.82000000000001,0,97.82000000000001,35.64717642,7.3908683447580446,4.479875284165612,4.166177344758045,1.2551842841656118,2.291961724319646,1.2919617243196464,47.18001340000001,67.35831563000156,197.06365108000003,-6.257437450596527,9.26209882266635,-3.0046613720698403,168,168,0
5502,09922-1-01,45 a 59,Hombres,Quintil bajo,Centro,Trabajadores rutinarios,Usuarios publicos,60.15,66.77687969400255,38.61,30.31621200808813,9.16,10.826908297909327,60.08,3.121552,145.5713259,82.81,0,82.81,62.7613259,6.744703796874794,3.8978807131620425,3.623151796874794,0.7763287131620427,2.160689233072137,1.1606892330721366,42.19002689999999,62.87617646257303,191.30656594,-6.626879694002547,8.29378799191187,-1.6669082979093268,168,168,0
5513,09945-1-02,45 a 59,Mujeres,Quintil bajo,Sur,Trabajadores rutinarios,Usuarios publicos,41.99,48.06764774217799,30.17,27.96510203155532,13.86,9.987250226266694,81.97999999999999,2.720406,56.404133274285705,51.46000000000001,49.2857142857143,2.174285714285709,54.229847559999996,8.647111691526076,5.79623929371041,5.926705691526076,3.0758332937104096,3.1786107263129386,2.178610726312938,57.82571466571431,74.35938404942175,177.60519084571433,-6.077647742177987,2.2048979684446834,3.8727497737333056,168,168,0
5514,09946-1-02,60 o mas,Mujeres,Quintil bajo,Sur,Trabajadores rutinarios,Motorizados privados,64.58,71.79820700434658,41.23,36.379490241470215,15.36,12.9923027541832,46.830000000000005,4.809064,211.6893594,151.12,0,151.12,60.56935940000001,11.94203058339024,7.71156847912666,7.13296658339024,2.9025044791266597,2.4832338649247006,1.4832338649247003,98.87999372000002,133.592813169151,371.0249254799999,-7.218207004346581,4.850509758529782,2.3676972458167995,168,168,0
5517,09954-1-01,30 a 44,Mujeres,Quintil bajo,Centro,Trabajadores rutinarios,Motorizados privados,66.42,68.74447513709524,38.6,32.609580029287706,7.98,11.645944833617056,55,1.613377,75.18047556,43.02,0,43.02,32.16047556,3.563222163326668,3.030074419278416,1.9498451633266678,1.4166974192784159,2.2085490020786636,1.2085490020786633,31.980024780000008,35.7302795032613,107.13112543999999,-2.3244751370952343,5.990419970712296,-3.665944833617056,168,168,0
5527,09965-1-02,30 a 44,Hombres,Quintil bajo,Centro,Trabajadores rutinarios,Movilidad activa,49.43,54.01864166458365,36.93,30.897023357226814,9.59,11.034334978189563,72.04999999999998,2.112412,53.45651496,49.04,0,49.04,4.41651496,6.38393034838532,4.834636020851219,4.27151834838532,2.722224020851219,3.0221047543686175,2.0221047543686175,50.96001019999999,60.65311191596647,149.22941644000005,-4.588641664583648,6.0329766427731855,-1.4443349781895627,168,168,0
5533,09973-1-03,30 a 44,Mujeres,Quintil bajo,Norte,Trabajadores rutinarios,Movilidad mixta,61.55,58.88760614591423,32.74,30.330413676936956,5.76,10.831980177148807,67.95,2.646812,93.20125035000001,42.79,0,42.79,50.41125035,6.718707527675285,7.99113582651078,4.071895527675284,5.344323826510779,2.5384150924490614,1.538415092449061,69.71002825,62.66317224827955,171.61229025,2.6623938540857637,2.4095863230630457,-5.0719801771488076,168,168,0
5535,09978-1-01,45 a 59,Hombres,Quintil medio,Centro,Trabajadores rutinarios,Movilidad activa,63.24,62.64688280548434,31.52,30.972004134649904,9.92,11.061113059865766,63.31999999999999,2.497631,99.7453979851852,56.61,14.8148148148148,41.7951851851852,57.95021280000001,5.955862024176838,6.198875825388934,3.458231024176838,3.701244825388934,2.384604460857844,1.384604460857844,58.20478645481481,56.72339856315946,161.70661509481482,0.5931171945156635,0.5479958653500958,-1.1411130598657664,168,168,0
5543,09987-1-01,45 a 59,Hombres,Quintil bajo,Sur,Trabajadores rutinarios,Movilidad activa,31.01,35.67474447413407,12.43,18.019797859766303,16.69,6.435457666099633,107.87,2.520135,54.119384839999995,40.96999999999999,45,-4.030000000000008,58.14938484,6.458212856809994,3.6419703913218084,3.9380778568099943,1.1218353913218087,2.562645595101054,1.562645595101054,24.030001510000005,35.78578732532186,97.41633270999999,-4.664744474134071,-5.589797859766303,10.254542333900368,168,168,0
5544,09991-1-01,30 a 44,Hombres,Quintil bajo,Centro,Trabajadores rutinarios,Motorizados privados,58.91,61.513206168623896,33.44,31.77787720759037,12.29,11.348916623785726,63.36000000000001,2.68645,98.46876463999999,55.21,0,55.21,43.258764639999995,6.834319196356848,5.77033956419966,4.147869196356848,3.0838895641996604,2.5439964251547016,1.5439964251547018,59.79000485999998,66.78338807169965,182.64136335999993,-2.603206168623899,1.662122792409626,0.941083376214273,168,168,0
5545,09992-1-03,18 a 29,Hombres,Quintil bajo,Centro,Trabajadores rutinarios,Movilidad mixta,55.21,58.35913766058561,36.67,33.53457251397333,11.99,11.976289825441057,64.13,2.755495,74.00089312,51.87,0,51.87,22.13089312,8.41813259284678,7.086301466639309,5.66263759284678,4.330806466639309,3.0550346100598187,2.0550346100598187,78.12998582999998,86.80741890805533,212.21237252999998,-3.149137660585609,3.1354274860266713,0.013710174558942967,168,168,0
5552,09998-2-01,45 a 59,Hombres,Quintil bajo,Norte,Trabajadores rutinarios,Movilidad mixta,53.86,60.96208901793063,36.01,28.54393914094235,9.83,10.19397184112703,68.3,3.456431,142.27339111999999,96.11,0,96.11,46.16339112,7.797120170330733,4.225662256853708,4.340689170330734,0.7692312568537081,2.2558298343958647,1.255829834395865,43.889982540000005,68.437863186335,202.33277958000002,-7.102089017930631,7.466060859057649,-0.3639718411270305,168,168,0
5558,10005-1-01,30 a 44,Mujeres,Quintil bajo,Centro,Trabajadores rutinarios,Motorizados privados,78.6,68.46941129819963,17.7,26.578528954716273,8.24,9.492059747084097,63.46,4.796613,254.3638092,177.35,0,177.35,77.0138092,9.061280205059267,20.86755020523136,4.2646672050592676,16.07093720523136,1.889099705366947,0.889099705366947,122.64997259999996,74.0574591352912,247.07411381999992,10.130588701800363,-8.878528954716273,-1.2520597470840968,168,168,0
5566,10020-1-01,30 a 44,Hombres,Quintil bajo,Norte,Trabajadores rutinarios,Movilidad mixta,52.75,56.0297291761872,37.4,28.25093891998247,4.22,10.089331903830331,73.63,3.85558,132.37184225,91.49,0,91.49,40.88184225,9.629684653042302,7.529938633556302,5.774104653042302,3.6743586335563023,2.497596899310169,1.4975968993101694,71.01000275000001,83.65526096712387,231.47924235,-3.279729176187203,9.149061080017528,-5.869331903830331,168,168,0
5576,10039-1-01,45 a 59,Mujeres,Quintil bajo,Norte,Trabajadores rutinarios,Usuarios publicos,54.49,57.12607146340706,33.44,33.35261991867621,14.46,11.911308617916747,65.60999999999999,2.63357,65.24323013,46.739999999999995,0,46.739999999999995,18.50323013,8.307549633800331,7.210714637922787,5.6739796338003305,4.577144637922787,3.1544821796270197,2.1544821796270197,78.25999917000001,85.20227789388494,204.40800217000006,-2.636071463407056,0.08738008132378638,2.5486913820832537,168,168,0
5577,10043-1-01,30 a 44,Hombres,Quintil medio,Norte,Trabajadores rutinarios,Movilidad mixta,64.63,63.18790188828298,36.66,35.554445684000434,10.15,12.697652427716578,56.56000000000001,7.425595,228.65619206000002,198.74,0,198.74,29.91619206,22.002193921150997,23.68965411019069,14.576598921150996,16.26405911019069,2.963020999819004,1.9630209998190038,251.26001278999996,240.55157626212463,598.8521147399999,1.4420981117170157,1.1055543159995622,-2.547652427716578,168,168,0
5583,10058-1-01,30 a 44,Hombres,Quintil bajo,Sur,Trabajadores rutinarios,Motorizados privados,56.72,60.60446385473101,35.63,29.757987890427664,8.64,10.627548254841322,67.01,3.598547,139.24956616,110.14,0,110.14,29.10956616,8.61561299334337,6.4660869067510935,5.017065993343371,2.8675399067510936,2.394192154039775,1.3941921540397753,64.86001968,78.8384454310507,224.16769536999996,-3.8844638547310097,5.8720121095723385,-1.9875482548413217,168,168,0
5588,10068-1-01,45 a 59,Mujeres,Quintil alto,Sur,Trabajadores rutinarios,Motorizados privados,65.71,56.38582770206623,23,31.62857600438663,10.6,11.295596293547135,68.69000000000001,6.894497,189.44740874000001,236.41,125,111.41,78.03740874,20.492228163907715,34.62291408510157,13.597731163907714,27.72841708510157,2.9722586236396524,1.9722586236396524,263.58998912999994,199.3045111944125,495.24508832999993,9.324172297933764,-8.62857600438663,-0.6955962935471351,168,168,0
5591,10076-1-01,18 a 29,Hombres,Quintil medio,Sur,Trabajadores rutinarios,Motorizados privados,57.87,59.317036414544546,34.97,33.99296636269481,12.61,12.13999722276065,62.55,8.417191,228.08284837000002,215.98000000000002,0,215.98000000000002,12.10284837,25.944916451766442,24.02607541232171,17.527725451766443,15.608884412321709,3.0823723082637,2.0823723082637002,259.0199948,271.19997668517664,659.5099425800001,-1.4470364145445487,0.9770336373051904,0.47000277723934936,168,168,0
5593,10078-1-01,45 a 59,Hombres,Quintil medio,Centro,Trabajadores rutinarios,Movilidad activa,47.97,48.87973707761392,24.01,28.118300518660536,15.06,10.041962403725543,80.96,7.49202,161.66221514,152.27,0,152.27,9.39221514,23.656641627411243,22.335881858760448,16.164621627411243,14.843861858760448,3.1575785472290843,2.1575785472290843,197.72998425999998,204.54575264022503,490.44320566000005,-0.9097370776139186,-4.108300518660535,5.018037596274457,168,168,0
5594,10078-1-02,30 a 44,Mujeres,Quintil medio,Centro,Trabajadores rutinarios,Motorizados privados,70.02,62.78238689040638,18.68,29.737412866872134,14.44,10.620200242721483,64.86000000000001,4.008307,167.67167776,87.00999999999999,0,87.00999999999999,80.66167776,9.18377624720998,15.056484475934067,5.17546924720998,11.048177475934066,2.2911858416059396,1.2911858416059399,112.98997838,83.97940308952414,245.74510622,7.237613109593617,-11.057412866872134,3.819799757278517,168,168,0
5596,10080-1-01,45 a 59,Mujeres,Quintil bajo,Norte,Trabajadores rutinarios,Usuarios publicos,77.72,78.48070120103995,8.49,12.835369595060296,9.69,4.583929203899747,72.10000000000001,0.873554,65.73262904,47.84,0,47.84,17.89262904,0.7156243530413666,0.5243622406909298,-0.15792964695863343,-0.3491917593090702,0.8192102068576946,-0.18078979314230537,2.1599878399999994,2.8245014169732485,18.041199559999995,-0.7607012010399501,-4.345369595060296,5.106070796100252,168,168,0
5598,10084-1-01,60 o mas,Mujeres,Quintil bajo,Centro,Trabajadores rutinarios,Movilidad mixta,13.7,34.09540797707352,22.39,19.898270497476698,25.01,7.106321525449747,106.90000000000002,3.098137,42.4444769,0,0,0,42.4444769,10.32688589262449,0,7.228748892624491,-3.098137,3.333256693498219,2.333256693498219,0,63.18776808386663,146.8516937999999,-20.39540797707352,2.4917295025233024,17.903678474550254,168.00000000000003,168,0
5615,10115-1-03,60 o mas,Hombres,Quintil medio,Centro,Trabajadores rutinarios,Motorizados privados,47.23,40.8634715178229,23.98,27.282910946974678,6.68,9.743617535202409,90.11000000000001,3.182493,6.593924173845,132.68,132.895229186155,-0.21522918615499975,6.80915336,14.715174192810679,20.687337391291063,11.532681192810678,17.504844391291062,4.623788392562271,3.6237883925622705,143.715220216155,123.45378788732576,241.29045559615494,6.366528482177095,-3.302910946974677,-3.0636175352024093,168,168,0
5618,10124-1-01,45 a 59,Mujeres,Quintil bajo,Sur,Trabajadores rutinarios,Usuarios publicos,23.64,44.608101390059026,35.58,26.196333373186384,20.94,9.355565236754567,87.84000000000002,4.126592,74.58263780000001,39.53000000000001,0,39.53000000000001,35.0526378,13.592914904158274,1.7936296316926583,9.466322904158275,-2.3329623683073413,3.293980821016053,2.293980821016053,22.969997079999985,109.49679653140643,256.2049769199999,-20.968101390059026,9.383666626813614,11.584434763245435,168,168,0
5621,10128-1-01,45 a 59,Hombres,Quintil bajo,Centro,Trabajadores rutinarios,Movilidad mixta,64.05,57.669275181321964,20.82,31.0365576076942,14.92,11.084167210983844,68.21,3.618285,114.01642521764711,119.03,61.7647058823529,57.2652941176471,56.7511311,9.917153979257854,14.538648062874833,6.298868979257854,10.920363062874832,2.740843791812379,1.740843791812379,117.7347290323529,94.64744813180243,247.05223493235292,6.380724818678033,-10.216557607694199,3.8358327890161554,168,168,0
5625,10132-1-02,45 a 59,Mujeres,Quintil bajo,Norte,Trabajadores rutinarios,Motorizados privados,65.07,61.57316018515676,33.92,32.21265121102694,6.3,11.504188603816303,62.71000000000001,2.73796,98.2490526,45.09,0,45.09,53.1590526,7.100707716025797,8.768656805930995,4.362747716025797,6.030696805930995,2.5934300413540723,1.5934300413540725,79.91000460000001,70.33579706055181,190.03075579999998,3.4968398148432343,1.7073487889730643,-5.204188603816303,168,168,0
5629,10134-1-01,45 a 59,Hombres,Quintil medio,Norte,Trabajadores rutinarios,Movilidad mixta,49.95,55.53780550136964,42.57,33.52081715913558,8.51,11.971377339494799,66.96999999999998,5.335641,107.61527899999999,91.1,0,91.1,16.515279,18.308062942556234,13.729254691118518,12.972421942556235,8.393613691118517,3.4312771310056718,2.431277131005672,158.89998895000002,188.7145130831334,431.44453123000005,-5.587805501369637,9.049182840864418,-3.461377339494799,168,168,0
5633,10143-1-01,60 o mas,Hombres,Quintil bajo,Centro,Trabajadores rutinarios,Motorizados privados,53.32,57.29102883696725,37.24,32.89949001569044,11.38,11.749481147342303,66.06,6.114429,158.87134079999998,132.85,0,132.85,26.0213408,18.922297190762308,15.172789920802616,12.807868190762306,9.058360920802617,3.0946957092415834,2.0946957092415834,167.15001348000004,191.43058736058885,464.43355146,-3.9710288369672497,4.340509984309563,-0.3694811473423023,168,168,0
5634,10144-1-02,30 a 44,Mujeres,Quintil bajo,Sur,Trabajadores rutinarios,Motorizados privados,68.39,69.47463489982906,23.8,25.594672565503608,12.02,9.140692534667329,63.790000000000006,2.665626,148.01216886000003,78.21000000000001,0,78.21000000000001,69.80216886000001,4.7241730844469245,4.22489384941951,2.0585470844469245,1.5592678494195096,1.7722565297783426,0.7722565297783427,34.289993279999976,37.18122426949171,129.77271659999997,-1.0846348998290551,-1.7946725655036069,2.879307465332671,168,168,0
5635,10145-1-01,45 a 59,Hombres,Quintil bajo,Sur,Trabajadores rutinarios,Motorizados privados,57.97,56.1208334359438,22.96,29.55434561064141,15.3,10.554820953414787,71.77,3.66511,117.23641138,104.77000000000001,0,104.77000000000001,12.466411379999998,9.732872394520303,10.985071089217685,6.067762394520303,7.319961089217685,2.6555471444295815,1.6555471444295813,95.23001531999999,88.45261645441197,235.45712392000002,1.8491665640561976,-6.594345610641408,4.745179046585214,168,168,0
5639,10149-1-02,60 o mas,Mujeres,Quintil bajo,Centro,Trabajadores rutinarios,Motorizados privados,36.11,33.01159427948613,11.92,20.62319132046479,12.97,7.365214400049091,106.99999999999999,3.109911,25.328886209999993,63.03,150,-86.97,112.29888620999999,12.19460143258375,15.421213745418848,9.08469043258375,12.311302745418848,3.9212059228009264,2.921205922800926,86.97,77.33423396731101,164.37568479000004,3.098405720513867,-8.703191320464791,5.60478559995091,168,168,0
5645,10169-1-01,30 a 44,Hombres,Quintil bajo,Centro,Trabajadores rutinarios,Motorizados privados,59.8,57.438628553315525,31.69,35.7454906347105,14.46,12.765880811973974,62.050000000000004,4.573287,78.2864634434783,127.63000000000001,97.8260869565217,29.803913043478303,48.482550399999994,16.775828405338086,18.66695206656041,12.202541405338085,14.093665066560408,3.668221217111038,2.6682212171110375,195.1960991565217,184.39686981722838,406.2532942065216,2.3613714466844726,-4.055490634710498,1.6941191880260273,168,168,0
5648,10177-1-03,18 a 29,Mujeres,Quintil bajo,Sur,Trabajadores rutinarios,Movilidad activa,53.36,59.927514830276074,24.03,19.29987146133651,8.73,6.892613708387424,81.88,0.523617,27.940199040000003,0,0,0,27.940199040000003,0.5794454968753536,5.496550885538657e-7,0.05582849687535363,-0.5236164503449114,1.1066208638668218,0.10662086386682179,4.0799999965202005e-6,3.4388664928846637,17.153697,-6.567514830276075,4.7301285386634895,1.8373862916125763,168,168,0
5667,10212-1-02,45 a 59,Hombres,Quintil bajo,Norte,Trabajadores rutinarios,Movilidad activa,47.56,55.4281435004685,38.38,31.0742338671892,11.66,11.097622632342285,70.4,4.729913,128.39463768,103.44,0,103.44,24.954637679999998,14.00001051028865,8.516360755213105,9.27009751028865,3.7864477552131053,2.9598875307619084,1.9598875307619084,96.56002460000002,133.77565882873145,333.24487111999997,-7.8681435004684985,7.305766132810803,0.5623773676577155,168,168,0
5669,10216-1-03,18 a 29,Hombres,Quintil bajo,Centro,Trabajadores rutinarios,Usuarios publicos,53.88,58.90473563036909,40.52,31.909382806453326,7.81,11.395881563177593,65.78999999999999,2.730993,87.245926,45.1,0,45.1,42.145925999999996,7.503153274795338,5.469956122106381,4.772160274795338,2.738963122106381,2.747408460876809,1.7474084608768088,59.899976839999994,73.62249467338856,191.88886853000002,-5.024735630369086,8.610617193546677,-3.585881563177593,168,168,0
5670,10218-1-01,30 a 44,Hombres,Quintil bajo,Norte,Trabajadores rutinarios,Movilidad activa,66.02,59.21864552469966,41.36,37.20443650030117,2.33,13.286917974999154,58.290000000000006,3.419386,56.44625577263201,95.83000000000001,102.631578947368,-6.801578947367986,63.24783471999999,12.765684482180266,17.102240973113634,9.346298482180266,13.682854973113635,3.7333265335297816,2.733326533529782,169.30160794736796,146.04515167348865,318.69458228736795,6.801354475300336,4.155563499698829,-10.956917974999154,168,168,0
5673,10229-1-01,45 a 59,Mujeres,Quintil bajo,Norte,Trabajadores rutinarios,Motorizados privados,56.92,62.41145483210602,41.45,36.87815349739222,14.09,13.17039167050177,55.53999999999999,3.557868,91.70384704,114.19,50,64.19,27.51384704,11.494404265110713,8.805358872862868,7.936536265110713,5.247490872862868,3.2307000330284072,2.2307000330284072,110.80999952000002,130.34787094059539,308.41398824,-5.491454832106015,4.571846502607784,0.9196083294982298,168,168,0
5690,10249-1-01,30 a 44,Mujeres,Quintil alto,Norte,Trabajadores rutinarios,Movilidad activa,72,63.6900372673881,28.71,36.864461073398886,13.01,13.165501659213014,54.279999999999994,16.180311,455.8424040000001,415.86000000000007,0,415.86000000000007,39.982404,50.69575024297064,75.0173397459194,34.51543924297064,58.8370287459194,3.1331752673339,2.1331752673339,709.1399879999998,574.6822065879295,1384.1825629199998,8.3099627326119,-8.154461073398885,-0.15550165921301407,168,168,0
5697,10260-1-02,45 a 59,Hombres,Quintil bajo,Sur,Trabajadores rutinarios,Movilidad mixta,50.21,56.84180571032452,39.25,30.879954984278356,9.29,11.028239305397124,69.25,3.056581,93.19092229,59.720000000000006,0,59.720000000000006,33.470922290000004,8.482896016999975,5.480845059101566,5.426315016999975,2.424264059101566,2.775289127623307,1.775289127623307,60.28000972000001,80.55066104986943,208.64645145999998,-6.631805710324521,8.370045015721644,-1.7382393053971246,168,168,0
5698,10262-1-02,45 a 59,Mujeres,Quintil bajo,Centro,Trabajadores rutinarios,Motorizados privados,65.45,58.20962488398855,26.21,33.71842542006758,12.31,12.041949695943861,64.03,2.727326,71.0013378978836,98.9,88.9021164021164,9.9978835978836,61.0034543,8.463649908629893,12.316997408067357,5.736323908629894,9.589671408067357,3.1032776824735633,2.1032776824735633,107.50214880211642,87.75528549846537,212.5587463221164,7.24037511601145,-7.5084254200675815,0.26805030405613905,168,168,0
5699,10263-1-03,18 a 29,Mujeres,Quintil medio,Centro,Trabajadores rutinarios,Motorizados privados,53.79,59.58158513257096,43.63,32.781184484642864,6.65,11.70723038278617,63.930000000000014,3.822387,118.36617478999999,75.25999999999999,0,75.25999999999999,43.10617479,10.850652237926711,7.657631799005061,7.028265237926711,3.8352447990050607,2.8387110561873277,1.8387110561873279,87.24002194,109.3777016601325,279.42964029999996,-5.791585132570958,10.848815515357138,-5.0572303827861695,168.00000000000003,168,0
5706,10278-1-01,45 a 59,Hombres,Quintil medio,Sur,Trabajadores rutinarios,Motorizados privados,59.13,63.96922398490166,39.33,32.40713198312278,9.49,11.573644031975553,60.050000000000004,3.732752,146.18764326,100.47,0,100.47,45.717643259999996,9.291633920087625,6.737631080131892,5.558881920087625,3.0048790801318916,2.489218121130904,1.4892181211309043,74.52998250000002,92.59360550808967,256.76293513999997,-4.839223984901658,6.922868016877217,-2.0836440319755525,168,168,0
5709,10290-1-02,18 a 29,Mujeres,Quintil medio,Centro,Trabajadores rutinarios,Usuarios publicos,52.84,58.10427222470817,29.97,30.14865835346359,16.21,10.767069421828253,68.97999999999999,4.078992,138.80394116,98.27,0,98.27,40.53394116,10.592734962555925,7.333059872823013,6.5137429625559244,3.254067872823013,2.5969001563513543,1.5969001563513545,76.72999612000004,98.20292041040685,265.0978466800001,-5.264272224708165,-0.1786583534635895,5.442930578171747,168,168,0
5716,10297-1-02,45 a 59,Mujeres,Quintil bajo,Norte,Trabajadores rutinarios,Usuarios publicos,31.06,41.557284101143594,32.59,21.797955048004415,7.49,7.784760850851991,96.86,3.119185,73.26975844042549,13.09,36.7021276595745,-23.6121276595745,96.88188609999999,8.407544134941366,2.600048163739758,5.288359134941366,-0.519136836260242,2.6954297789138404,1.6954297789138402,23.612127659574497,56.35509876860009,148.62906245957453,-10.497284101143595,10.792044951995589,-0.2947608508519908,168,168,0
5728,10311-1-02,45 a 59,Mujeres,Quintil bajo,Norte,Trabajadores rutinarios,Usuarios publicos,76.89,58.5015992473846,8.8,28.912723858263377,12.05,10.325676894352014,70.26,2.317458,86.4227071133333,44.9,56.6666666666667,-11.766666666666701,98.18937378,5.528489123775696,19.424629653195108,3.211031123775696,17.10717165319511,2.385583308856383,1.3855833088563834,91.76663850666668,49.15229207531209,140.08563780666665,18.388400752615404,-20.112723858263376,1.7243231056479864,168,168,0
5730,10314-1-02,60 o mas,Mujeres,Quintil bajo,Centro,Trabajadores rutinarios,Usuarios publicos,71.07,64.89206279986662,22.09,29.66396690602081,11.99,10.593970294112568,62.85,2.532129,114.3297410378261,66.97999999999999,32.6086956521739,34.37130434782609,79.95843669000001,5.479804382140345,8.4990029583160709,2.947675382140345,5.9668739583160715,2.16410948341903,1.16410948341903,65.62866699217386,49.98533304753735,151.92362331217393,6.177937200133371,-7.573966906020811,1.3960297058874325,168,168,0
5731,10317-1-01,45 a 59,Hombres,Quintil medio,Norte,Trabajadores rutinarios,Motorizados privados,48.95,57.50423675351554,42.73,34.42976940700495,12.55,12.295993839479515,63.769999999999996,13.378634,290.21413055,260.33,0,260.33,29.88413055,45.25394517286098,29.114275709437795,31.875311172860982,15.735641709437795,3.382553493343265,2.3825534933432655,364.67000375000003,479.1140064246327,1104.24089127,-8.55423675351554,8.30023059299505,0.2540061605204862,168,168,0
5734,10326-1-01,18 a 29,Hombres,Quintil bajo,Sur,Trabajadores rutinarios,Motorizados privados,64.41,63.52158837992129,24.49,25.42744242429706,9.13,9.08096919578163,69.97000000000001,2.642227,128.53587947,70.85,0,70.85,57.685879469999996,5.026550319142681,5.467526284103916,2.3843233191426805,2.8252992841039157,1.9023915504393378,0.9023915504393378,41.64996160000001,39.3025764303143,130.48163333999997,0.8884116200787062,-0.9374424242970605,0.04903080421837025,168,168,0
5741,10336-1-03,45 a 59,Mujeres,Quintil bajo,Norte,Trabajadores rutinarios,Usuarios publicos,46.8,50.224117440342575,27.84,26.84769487984987,12.02,9.588187679807548,81.34,2.212024,61.8160669333333,24.960000000000004,16.6666666666667,8.293333333333305,53.522733599999995,5.969297155293975,4.61787381616849,3.757273155293975,2.4058498161684896,2.6985679880932465,1.6985679880932463,41.706656266666684,49.28088622352304,129.8779329066667,-3.4241174403425774,0.9923051201501316,2.431812320192451,168,168,0
5748,10353-1-01,60 o mas,Hombres,Quintil alto,Sur,Trabajadores rutinarios,Motorizados privados,53,52.021993755392884,29.96,26.94504990821025,5.63,9.622956336396868,79.41,7.830362,236.00921600000004,196.00000000000003,0,196.00000000000003,40.009216,20.679312415256852,22.197238759726993,12.848950415256851,14.366876759726992,2.640913972464728,1.640913972464728,178.99996999999996,171.34182706646573,457.68255358,0.9780062446071156,3.01495009178975,-3.992956336396868,168,168,0
5749,10354-1-01,45 a 59,Hombres,Quintil bajo,Sur,Trabajadores rutinarios,Movilidad mixta,55.23,61.77087078600748,34.81,34.03435187477151,17.92,12.15477733922101,60.040000000000006,4.36834,139.79342243,123.53,0,123.53,16.263422430000002,12.42568474771232,8.492857832553275,8.05734474771232,4.124517832553275,2.844486635131954,1.844486635131954,101.46999577,130.04274325934793,331.81256396999993,-6.540870786007481,0.7756481252284928,5.765222660778992,168,168,0
5761,10375-1-01,60 o mas,Hombres,Quintil medio,Norte,Trabajadores rutinarios,Movilidad activa,50.53,51.4259751766228,29.6,30.663196900781585,12.91,10.950827922595606,74.96000000000001,9.31823,182.02127026111106,200.05999999999997,88.8888888888889,111.17111111111107,70.85015915,31.517416905628654,29.986343524625816,22.199186905628654,20.668113524625817,3.382339447043983,2.382339447043983,288.82889163888893,297.1777944089508,684.9468489388889,-0.8959751766227981,-1.063196900781584,1.9591720774043946,168,168,0
5768,10386-1-01,45 a 59,Hombres,Quintil bajo,Centro,Trabajadores rutinarios,Movilidad mixta,74.11,58.7699837425751,20.17,33.49710669733352,9.95,11.962909560091374,63.769999999999996,2.295338,64.15040028580648,67.42999999999999,48.3870967741935,19.04290322580649,45.10749705999999,6.868309012289457,15.525624369872444,4.5729710122894565,13.230286369872445,2.9922865444171864,1.9922865444171867,105.95709889419354,70.74657665790838,175.09267945419353,15.3400162574249,-13.32710669733352,-2.0129095600913747,168,168,0
5773,10394-1-01,30 a 44,Hombres,Quintil bajo,Centro,Trabajadores rutinarios,Movilidad mixta,64.71,67.8372056950665,36.22,30.85387058828361,8.78,11.018923716649883,58.290000000000006,2.631757,124.83101014,74.53,0,74.53,50.30101014,5.66000186666529,4.459501184180874,3.02824486666529,1.8277441841808737,2.1506551960022486,1.1506551960022489,45.46998532999997,53.70003080843112,163.89905032999997,-3.1272056950665075,5.36612941171639,-2.238923716649884,168,168,0
5781,10404-1-02,45 a 59,Mujeres,Quintil bajo,Centro,Trabajadores rutinarios,Movilidad activa,32.53,45.0931770447695,21.01,21.019922801088494,20.08,7.506900154142005,94.38,3.006304,91.24507978,13.449999999999998,0,13.449999999999998,77.79507978,6.856583557671063,0.703523218645318,3.8502795576710627,-2.302780781354682,2.280735267514883,1.2807352675148829,6.54998934000001,44.318718742398715,130.07902070000003,-12.563177044769496,-0.00992280108849286,12.573099845857993,168,168,0
5782,10405-1-01,18 a 29,Mujeres,Quintil bajo,Norte,Trabajadores rutinarios,Usuarios publicos,61.17,63.11633343942623,34.59,32.63768465004282,11.65,11.655981910530953,60.589999999999996,3.781689,141.32592661,85,0,85,56.32592661,9.700961429388109,8.590107854608702,5.9192724293881085,4.808418854608702,2.5652456956106406,1.5652456956106406,89.99998952000001,97.36041727821032,264.86528888,-1.9463334394262262,1.952315349957182,-0.005981910530952206,168,168,0
5786,10410-1-01,30 a 44,Hombres,Quintil bajo,Centro,Trabajadores rutinarios,Movilidad mixta,56.8,57.9255398832908,17.08,25.181371039791642,18.22,8.99308907691754,75.9,2.890677,121.0104584,69.32000000000001,0,69.32000000000001,51.690458400000004,5.996590223016592,5.398608915883668,3.105913223016592,2.5079319158836677,2.074458759320599,1.0744587593205992,43.17999520000001,46.433567453211424,145.2208933,-1.1255398832908057,-8.101371039791644,9.226910923082459,168,168,0
5790,10420-1-01,18 a 29,Hombres,Quintil bajo,Centro,Trabajadores rutinarios,Movilidad activa,61.67,61.15390716855567,33.19,32.41841814343782,10.29,11.577674688006518,62.85,2.927469,101.62365426666669,104.41999999999999,45.8333333333333,58.58666666666669,43.0369876,7.76452576918272,8.010045397124191,4.83705676918272,5.082576397124191,2.6522999113509726,1.6522999113509724,78.9133589633333,77.40251319815779,206.19971108333334,0.5160928314443325,0.7715818565621788,-1.2876746880065184,168,168,0
5797,10438-1-01,60 o mas,Hombres,Quintil bajo,Centro,Trabajadores rutinarios,Motorizados privados,57.71,54.28217891940353,31.83,36.966041674809325,14.91,13.201779405787153,63.55,2.055608,0.46914308999998866,81.83999999999999,150,-68.16000000000001,68.62914309,9.77499407910851,11.157213345580347,7.71938607910851,9.101605345580348,4.755281201040524,3.7552812010405243,118.15999459000001,111.11373815415725,214.23911251,3.4278210805964733,-5.136041674809327,1.7082205942128468,168,168,0
5801,10444-1-01,45 a 59,Mujeres,Quintil bajo,Centro,Trabajadores rutinarios,Movilidad activa,71.93,68.82278653800195,21.07,24.041285959608988,8.45,8.585927502389065,66.55,2.379553,133.98123005,52.82,0,52.82,81.16123005,4.029114933113279,5.558622959763229,1.649561933113279,3.1790699597632286,1.69322344705635,0.6932234470563501,37.18001724000001,29.786238124862166,107.4244218,3.1072134619980574,-2.971285959608988,-0.13592750238906603,168,168,0
5810,10466-1-01,30 a 44,Mujeres,Quintil bajo,Sur,Trabajadores rutinarios,Usuarios publicos,65.51,67.3284665033632,25.99,24.641315773316215,9.27,8.8002177233205785,67.23,3.037535,163.59889441,79.61000000000001,0,79.61000000000001,83.98889441,5.399534661865769,4.429681750899752,2.3619996618657693,1.3921467508997516,1.777604097357156,0.7776040973571561,35.39002344000002,40.91367909029333,142.49350754,-1.8184665033631973,1.3486842266837833,0.4697822766794211,168,168,0
5816,10475-1-02,45 a 59,Hombres,Quintil bajo,Centro,Trabajadores rutinarios,Movilidad activa,56.09,62.13904317439396,39.76,31.74410231705202,9.37,11.336854508554012,62.78000000000001,2.288712,86.62387264000002,83.25000000000001,0,83.25000000000001,3.373872639999999,5.695350816478862,3.750451267335968,3.406638816478862,1.4617392673359682,2.4884523769171754,1.4884523769171754,41.74998343999998,55.594501141753526,154.19440399999996,-6.049043174393958,8.01589768294798,-1.9668545085540128,168,168,0
5821,10484-1-01,18 a 29,Mujeres,Quintil bajo,Sur,Trabajadores rutinarios,Usuarios publicos,46.78,45.74552577603582,23.76,23.361367709355648,6.91,8.343106514608538,90.55,3.148058,85.91615578000001,138.65,125,13.650000000000006,72.26615578,8.086867306282228,8.828252709208725,4.938809306282228,5.680194709208725,2.568843174516552,1.5688431745165523,61.34999745999998,58.09341260345575,157.90093631999997,1.0344742239641818,0.398632290644354,-1.4331065146085376,168,168,0
5822,10485-1-01,45 a 59,Mujeres,Quintil medio,Norte,Trabajadores rutinarios,Movilidad activa,62.69,59.06278235314351,28.31,30.289757217637703,9.17,10.81746042921878,67.83,5.106849,179.79833593,109.65,0,109.65,70.14833593,13.079683129990485,16.526728945444685,7.972834129990485,11.419879945444684,2.5612042043911,1.5612042043910999,140.35002788000003,121.82637506736859,331.75472840000003,3.6272176468564865,-1.9797572176377045,-1.6474604292187802,168,168,0
5825,10490-1-04,30 a 44,Hombres,Quintil bajo,Sur,Trabajadores rutinarios,Motorizados privados,52.66,62.889792398165426,40.24,31.795129589613147,13.14,11.355078012221433,61.959999999999994,3.834679,147.94186647882353,151.89000000000001,30.8823529411765,121.00764705882352,26.934219419999998,9.53458047769082,4.464033865537973,5.699901477690821,0.6293548655379735,2.4864090260725398,1.4864090260725398,53.992329661176456,93.22029974478107,258.68749468117653,-10.22979239816543,8.444870410386855,1.7849219877785671,168,168,0
5827,10497-1-01,30 a 44,Hombres,Quintil bajo,Centro,Trabajadores rutinarios,Movilidad activa,52.95,63.425848385763395,40.76,28.614853825751723,8.55,10.219297788484878,65.74,3.784356,167.94167085,142.56,0,142.56,25.381670850000003,8.19220783245409,2.90348475332667,4.40785183245409,-0.8808712466733297,2.1647561256007863,1.1647561256007866,32.43997934999999,72.084319043754,219.04657371,-10.475848385763392,12.145146174248275,-1.6692977884848776,168,168,0
5833,10503-1-07,60 o mas,Hombres,Quintil medio,Norte,Trabajadores rutinarios,Usuarios publicos,47.45,51.0006620383982,37.24,29.31131217603628,6.09,10.46802578556553,77.22,2.823617,65.3706297,43.88999999999999,0,43.88999999999999,21.4806297,8.72441319904937,6.988318565401866,5.900796199049369,4.164701565401867,3.0898004931438536,2.0898004931438536,68.60999695000001,78.63570664287582,190.95732156000003,-3.550662038398194,7.92868782396372,-4.37802578556553,168,168,0
5842,10518-1-01,30 a 44,Mujeres,Quintil bajo,Centro,Trabajadores rutinarios,Motorizados privados,51.12,57.480192715911144,34.04,24.82425573315564,6.01,8.865551550933217,76.83,5.270384,218.35203224,123.93,0,123.93,94.42203224,11.081482075281052,5.627782469775377,5.811098075281052,0.3573984697753767,2.102594815725202,1.102594815725202,51.06999783999996,84.59065576685461,262.14887704,-6.360192715911147,9.21574426684436,-2.8555515509332174,168,168,0
5844,10519-1-04,45 a 59,Mujeres,Quintil alto,Norte,Trabajadores rutinarios,Motorizados privados,53.08,50.26791749819864,24.23,31.965986067548354,16.34,11.41609643425301,74.35,3.104546,36.88953032022789,94.17999999999999,72.0797720797721,22.100227920227894,14.7893024,12.12352244083908,13.913575329551167,9.01897644083908,10.809029329551166,3.9050870693618585,2.905087069361858,127.8997713597721,119.16953187713472,253.85120257977212,2.812082501801356,-7.735986067548353,4.92390356574699,168,168,0
5849,10527-1-02,45 a 59,Hombres,Quintil bajo,Sur,Trabajadores rutinarios,Usuarios publicos,56.25,60.36982607964368,29.56,30.785623474447117,16.34,10.994550445909216,65.85,3.110703,113.86702125,63.89,0,63.89,49.97702125,7.80905474920914,5.8758911419160125,4.69835174920914,2.7651881419160125,2.5103826206517112,1.510382620651711,61.110022500000014,73.92557784542583,203.89129020000001,-4.11982607964368,-1.2256234744471186,5.345449554090784,168,168,0
5850,10528-1-01,45 a 59,Mujeres,Quintil bajo,Centro,Trabajadores rutinarios,Movilidad mixta,64.43,59.6985095627295,17.5,24.81075900740089,11.44,8.860731429869618,74.63,2.997332,133.52806166,60.41,0,60.41,73.11806166,5.951765987803123,9.087598409752657,2.9544339878031227,6.090266409752656,1.9856879344040375,0.9856879344040376,59.59003910000004,45.40819140467514,146.33282718000004,4.731490437270509,-7.31075900740089,2.579268570130381,168,168,0
5856,10543-1-01,60 o mas,Hombres,Quintil bajo,Sur,Trabajadores rutinarios,Movilidad mixta,73.58,59.814212649258,13.89,26.714992146209006,8.6,9.540795204532992,71.93,3.051276,129.01287073999998,54.5,0,54.5,74.51287074,6.512150868134071,18.74079362778568,3.4608748681340713,15.689517627785682,2.134238550735519,1.1342385507355188,95.50001734000003,53.496800775577384,164.12321458000002,13.765787350741995,-12.824992146209006,-0.9407952045329928,168,168,0
5859,10546-1-01,45 a 59,Mujeres,Quintil bajo,Norte,Trabajadores rutinarios,Motorizados privados,51.1,53.15628567214399,36.15,31.038760420542754,8.03,11.084953907313267,72.72,5.564769,125.06517154545453,136.16000000000003,45.4545454545455,90.70545454545453,34.359717,17.888572301573717,15.912892144717631,12.323803301573717,10.348123144717631,3.2146118377193584,2.2146118377193584,159.2945243545455,170.7372791180365,405.1460187745455,-2.0562856721439857,5.111239579457244,-3.0549539073132674,168,168,0
5861,10553-1-02,30 a 44,Mujeres,Quintil alto,Centro,Trabajadores rutinarios,Usuarios publicos,70.44,59.42609715140355,19.82,28.34203688840232,7.63,10.121865960194114,70.11000000000001,5.476878,214.07129896,153.28,0,153.28,60.79129896,12.78199813348847,27.609114784568124,7.30512013348847,22.132236784568125,2.333811002087041,1.333811002087041,171.71998735999998,111.39818515438478,322.0602884599999,11.013902848596445,-8.522036888402319,-2.491865960194114,168,168,0
5869,10569-1-02,45 a 59,Mujeres,Quintil alto,Centro,Trabajadores rutinarios,Usuarios publicos,64.65,61.55581736065337,25.04,31.540161904983098,14.67,11.264020734363523,63.64,6.739017,247.50745114999998,186.82999999999998,0,186.82999999999998,60.677451149999996,17.25166771104689,20.913391919773805,10.512650711046888,14.174374919773804,2.559967976196957,1.559967976196957,188.16999790000003,167.3182484923382,455.77636297000004,3.0941826393466343,-6.5001619049830985,3.4059792656364767,168,168,0
5876,10583-1-01,60 o mas,Hombres,Quintil bajo,Norte,Trabajadores rutinarios,Motorizados privados,52.93,51.085511193761505,19.67,29.978270459735196,19.17,10.706218346503308,76.22999999999999,2.49728,53.651008159999996,38.47,0,38.47,15.181008159999998,8.01917155293015,8.923402494185137,5.52189155293015,6.426122494185137,3.2111623658260786,2.2111623658260786,78.53002224,73.92381723395673,175.52437744000002,1.8444888062384948,-10.308270459735194,8.463781653496694,168,168,0
5879,10587-1-01,30 a 44,Mujeres,Quintil bajo,Centro,Trabajadores rutinarios,Movilidad mixta,55.22,62.6864388125348,38.24,31.08285843912852,11.41,11.100702748336683,63.129999999999995,3.783471,149.57326778,103.15,0,103.15,46.42326778,9.164951404732658,5.275643734785283,5.381480404732658,1.492172734785283,2.4223659715464074,1.4223659715464074,59.35000083999998,87.59905556049986,247.19933599000004,-7.466438812534804,7.157141560871484,0.3092972516633168,168,168,0
5886,10596-1-01,45 a 59,Hombres,Quintil bajo,Centro,Trabajadores rutinarios,Usuarios publicos,51.79,54.29979181225832,24.26,29.054056718405445,17.68,10.376151469336223,74.27000000000001,8.264443,244.76553195,216.75,0,216.75,28.015531949999996,22.83274120296474,19.283660273563605,14.56829820296474,11.019217273563605,2.7627683079143677,1.7627683079143677,183.24997102,203.9920023942756,529.8607104399999,-2.509791812258321,-4.794056718405443,7.303848530663776,168,168,0
5897,10615-1-01,45 a 59,Hombres,Quintil bajo,Sur,Trabajadores rutinarios,Motorizados privados,52.1,53.31287775613057,33.5,30.967586769281933,9.74,11.05953547458748,72.66000000000001,5.037777,116.1881984,103.72,0,103.72,12.4681984,16.002997718202504,14.930460403859206,10.965220718202504,9.892683403859206,3.1765990670493163,2.1765990670493163,146.2799833,152.39019096364618,364.11346077999997,-1.2128777561305668,2.532413230718067,-1.3195354745874806,168,168,0
5902,10622-1-01,30 a 44,Mujeres,Quintil bajo,Centro,Trabajadores rutinarios,Motorizados privados,66,69.5969128618814,39.81,34.25832256053404,10.28,12.234764577584558,51.91,3.237474,144.293281,80.62,0,80.62,63.673281,7.691378473269004,6.113040398472525,4.453904473269004,2.875566398472525,2.3757344377959493,1.3757344377959495,69.38000300000002,81.02491487060666,231.54507566000004,-3.596912861881407,5.551677439465962,-1.9547645775845588,168,168,0
5904,10625-1-02,45 a 59,Hombres,Quintil alto,Centro,Trabajadores rutinarios,Movilidad mixta,60.7,55.19884479313278,27.02,30.16002602035178,8.41,10.771129186515438,71.87,4.852545,140.30933238636004,137.79000000000002,42.03013481364,95.75986518636003,44.5494672,13.752614780290168,19.213224941887013,8.900069780290167,14.360679941887014,2.8341035024487495,1.8341035024487493,154.24014911363997,127.54554592033247,326.16581846363994,5.5011552068672245,-3.1400260203517796,-2.361129186515438,168,168,0
5905,10625-1-03,60 o mas,Mujeres,Quintil alto,Centro,Trabajadores rutinarios,Usuarios publicos,43.74,52.67060704960369,45.36,33.865071246046,9.53,12.094321704350318,69.36999999999999,3.067508,33.59916932150669,89.83,80.4036478984933,9.426352101506694,24.17281722,12.28859505122111,8.086579871628595,9.22108705122111,5.019071871628595,4.006051508658204,3.006051508658204,100.57363059849332,127.96833916800902,268.94914471849336,-8.930607049603687,11.494928753954,-2.564321704350318,168,168,0
5914,10636-1-02,30 a 44,Hombres,Quintil alto,Norte,Trabajadores rutinarios,Motorizados privados,58.7,56.03451045648172,31.46,28.95478960037106,5.17,10.340699943147223,72.67,2.705537,89.9250067,56.10999999999999,0,56.10999999999999,33.815006700000005,6.927309994442754,8.300291508443173,4.221772994442754,5.594754508443174,2.5604196115014335,1.5604196115014333,68.89001520000001,61.6784346168982,167.99383551,2.6654895435182837,2.5052103996289397,-5.170699943147223,168,168,0
5920,10642-1-01,60 o mas,Hombres,Quintil bajo,Sur,Trabajadores rutinarios,Movilidad mixta,62.42,56.39822244628038,26.98,28.399418682807397,5.54,10.142358870912231,73.05999999999999,2.386384,83.41808184,59.46,0,59.46,23.95808184,5.859430409993685,8.894671898149829,3.473046409993685,6.508287898149829,2.45535940988277,1.4553594098827702,65.54000744,51.169733834244354,143.14521512000005,6.021777553719623,-1.4194186828073967,-4.602358870912231,168,168,0
5929,10663-1-01,60 o mas,Hombres,Quintil medio,Centro,Trabajadores rutinarios,Motorizados privados,50.52,57.773366668178504,40.22,37.377801175665304,17.76,13.348832156156202,59.499999999999986,7.273222,79.480041366631,177.66,115.623136553369,62.036863446631,17.44317792,29.64378353908765,21.919601978245787,22.37056153908765,14.646379978245786,4.075742984208051,3.075742984208051,287.963134073369,340.7184800984316,709.6645456333691,-7.253366668178501,2.8421988243346945,4.411167843843799,168,168,0
5939,10675-1-01,30 a 44,Hombres,Quintil bajo,Sur,Trabajadores rutinarios,Motorizados privados,60.62,66.81486739564431,38.85,30.059798083701327,8.14,10.73533452065436,60.39,3.272263,153.82455068000002,130.46,0,130.46,23.36455068,7.011584151940739,4.18330054039784,3.739321151940739,0.9110375403978401,2.1427324612785523,1.142732461278552,44.540032379999985,64.81126774867323,198.30367074999998,-6.194867395644316,8.790201916298674,-2.59533452065436,168,168,0
5941,10678-1-01,45 a 59,Hombres,Quintil bajo,Norte,Trabajadores rutinarios,Motorizados privados,48.81,60.06714784912246,34.89,27.899154086997513,14.23,9.963698063880031,70.07,0.234924,11.466636959999999,0,0,0,11.466636959999999,0.30825986657264387,3.126762317174354e-7,0.07333586657264388,-0.23492368732376828,1.3121684739432493,0.3121684739432492,3.48000000194304e-6,2.644577681307247,11.539470360000003,-11.257147849122461,6.990845913002488,4.266301936119969,168,168,0
5944,10685-1-01,30 a 44,Hombres,Quintil alto,Sur,Trabajadores rutinarios,Motorizados privados,53.12,59.14018371143882,39.47,31.124309878851072,8.79,11.115506409710099,66.62,5.483886,184.61401664,143.31,0,143.31,41.30401664,14.59690666599232,9.75686760908184,9.11302066599232,4.272981609081841,2.6617815662091298,1.6617815662091298,106.69000768000001,139.70400885258744,371.34234604,-6.0201837114388255,8.345690121148927,-2.3255064097100995,168,168,0
5951,10696-1-01,45 a 59,Hombres,Quintil bajo,Centro,Trabajadores rutinarios,Movilidad activa,43.6,56.070233876503714,46.92,33.23165722838476,10.65,11.86810889511152,66.83,2.549925,58.116721999999996,46.94,0,46.94,11.176722,8.30411492196112,4.067663935400283,5.754189921961119,1.517738935400283,3.2566114383603906,2.2566114383603906,53.06000800000001,84.85816911754374,199.85919025000004,-12.470233876503713,13.68834277161524,-1.21810889511152,168,168,0
5952,10698-1-02,60 o mas,Mujeres,Quintil medio,Centro,Trabajadores rutinarios,Usuarios publicos,51.39,56.07718572594886,27.59,29.08545091349291,16.57,10.387363360558252,72.44999999999999,3.054332,100.69211934,43.73,0,43.73,56.96211934,7.892159231640571,5.623696184136439,4.837827231640571,2.569364184136439,2.5839231726087966,1.5839231726087966,56.27000214,70.58622349270883,191.14930326000004,-4.687185725948858,-1.4954509134929097,6.182636639441748,168,168,0
5954,10702-1-01,45 a 59,Hombres,Quintil medio,Norte,Trabajadores rutinarios,Movilidad activa,84.02,71.32252118664053,21.81,37.53316217579636,16.43,13.404316637563104,45.74,5.951671,243.88938000000002,243.83,0,243.83,0.059379999999999995,15.647732043013303,29.565443459474274,9.696061043013302,23.613772459474273,2.6291325651255426,1.6291325651255424,256.17001741999997,180.59880099341405,483.7619164599999,12.697478813359467,-15.723162175796364,3.0256833624368955,168,168,0
5958,10708-1-01,45 a 59,Hombres,Quintil alto,Centro,Trabajadores rutinarios,Motorizados privados,67.35,57.63799819824935,29.2,32.864880751640406,5.69,11.73712105011024,65.76,19.561238,519.6793498000001,452.23,0,452.23,67.44934980000001,60.141475174958295,100.91383958622103,40.5802371749583,81.35260158622103,3.074522950692502,2.074522950692502,797.7700294999999,607.7912507995267,1480.2616233199997,9.712001801750645,-3.664880751640407,-6.047121050110239,168,168,0
5960,10713-1-02,30 a 44,Mujeres,Quintil bajo,Sur,Trabajadores rutinarios,Motorizados privados,57.77,72.79897898826479,37.55,23.196716732340803,8.96,8.284304279394412,63.71999999999999,3.124031,191.35529960999997,125.88,0,125.88,65.47529961,5.056883697087131,-1.032423036300536,1.9328526970871311,-4.156454036300536,1.6187047110246764,0.6187047110246765,-10.880028739999972,36.070967517687876,134.41865307,-15.02897898826479,14.353283267659194,0.6756957206055887,168,168,0
5973,10726-1-02,60 o mas,Mujeres,Quintil bajo,Centro,Trabajadores rutinarios,Usuarios publicos,64,58.053838312756056,32.81,33.9216381103129,7.28,12.114523576931052,63.91,1.878903,47.7979682653061,78.64,63.5918367346939,15.048163265306101,32.749805,5.874765476155544,7.9760386333367865,3.995862476155544,6.097135633336786,3.1266997158211702,2.1266997158211702,72.4518237346939,61.279562702046185,147.7770450046939,5.946161687243944,-1.1116381103128958,-4.834523576931052,168,168,0
5977,10732-1-01,45 a 59,Mujeres,Quintil bajo,Centro,Trabajadores rutinarios,Movilidad activa,63.93,58.161034797976605,31.92,33.570016995826066,7.87,11.988948206197335,64.27999999999999,2.297158,60.8439798878782,56.44,53.7033398821218,2.736660117878195,58.107319770000004,7.048544190160469,9.540383027282196,4.751386190160469,7.243225027282197,3.0683758758258985,2.068375875825898,86.0133310521218,72.76110648657215,177.41724787212183,5.768965202023395,-1.6500169958260642,-4.118948206197335,168,168,0
5989,10767-1-03,45 a 59,Hombres,Quintil alto,Centro,Trabajadores rutinarios,Motorizados privados,44.6,46.3981500149526,35.25,31.2363355526641,8.94,11.1555144323833,79.21000000000001,2.348027,3.9373974153850035,89.60000000000001,115.384615384615,-25.784615384614995,29.722012799999998,10.932227776737554,10.06570475081337,8.584200776737553,7.717677750813371,4.655920812127609,3.6559208121276088,100.784606784615,105.0067115697741,204.543919914615,-1.798150014952597,4.0136644473358984,-2.2155144323833014,168,168,0
5990,10768-1-01,30 a 44,Hombres,Quintil bajo,Centro,Trabajadores rutinarios,Usuarios publicos,61.12,68.70175572132655,34.82,30.371566931720487,13.98,10.846677346952967,58.08,3.309812,162.43571412,110.14,0,110.14,52.29571412000001,6.954911503906151,3.6048849158411866,3.6450995039061507,0.29507291584118667,2.1013010720567062,1.1013010720567062,39.859995319999996,64.95418138751526,201.37882092,-7.581755721326552,4.448433068279513,3.133322653047033,168,168,0
6006,10793-1-01,60 o mas,Hombres,Quintil bajo,Norte,Trabajadores rutinarios,Movilidad activa,67.49,56.49203101587012,20.88,32.375589722433155,12.06,11.562379261696725,67.57000000000001,4.049972,105.01263079,81.68,0,81.68,23.332630790000003,12.433095414005939,22.55205167494119,8.383123414005938,18.50207967494119,3.06992132637113,2.06992132637113,168.31997948999998,123.77851304740554,301.72605717,10.997968984129876,-11.495589722433156,0.4976207383032758,168,168,0
6010,10800-1-02,18 a 29,Hombres,Quintil bajo,Norte,Trabajadores rutinarios,Motorizados privados,53.07,55.75035428867418,40.85,30.372599574093936,3.05,10.847046137231874,71.03000000000002,1.235211,37.8426306,22.29,0,22.29,15.552630599999999,3.32141395582966,2.7857764193689327,2.08620295582966,1.5505654193689327,2.6889446060872677,1.6889446060872675,27.710017170000008,31.02082027126753,81.93578006999999,-2.680354288674181,10.477400425906065,-7.797046137231875,168,168,0
6013,10804-1-02,45 a 59,Mujeres,Quintil medio,Centro,Trabajadores rutinarios,Usuarios publicos,49.24,56.69982663596217,35.53,32.767743275516274,16.4,11.702430088521576,66.82999999999998,7.471942,187.1584344,144.24,0,144.24,42.9184344,23.471193307914447,15.362361076487455,15.999251307914447,7.890419076487454,3.1412440444417857,2.1412440444417857,180.75998968000002,236.49938163396448,568.7779377400001,-7.459826635962166,2.762256724483727,4.697569911478423,168,168,0
6017,10824-1-01,45 a 59,Mujeres,Quintil medio,Centro,Trabajadores rutinarios,Motorizados privados,65.02,59.24302780562386,15.23,23.318997473288935,10.64,8.327974721087212,77.11,2.924109,133.58555239999998,58.46,0,58.46,75.12555239999999,5.5291430616550334,9.645693822082682,2.6050340616550334,6.721584822082683,1.8908813117619874,0.8908813117619875,56.54001478000001,39.647518393675,132.18671461000002,5.776972194376135,-8.088997473288934,2.312025278912788,168,168,0
6024,10836-1-01,18 a 29,Mujeres,Quintil alto,Norte,Trabajadores rutinarios,Usuarios publicos,57.08,54.23357812649814,31.74,27.835468139180435,3.19,9.940953734321411,75.99000000000001,7.058196,226.07184704,198.19,0,198.19,27.88184704,18.3094736846273,22.339948840635394,11.2512776846273,15.281752840635395,2.5940727183868653,1.5940727183868655,176.80998063999996,156.71937715813667,423.3527669199999,2.8464218735018605,3.9045318608195636,-6.750953734321412,168,168,0
6033,10849-1-02,18 a 29,Hombres,Quintil bajo,Norte,Trabajadores rutinarios,Usuarios publicos,61.91,56.13401929183568,11.86,23.443531001545107,14.18,8.37244970661921,80.05000000000001,2.488831,104.1341746639506,66.1,16.0493827160494,50.050617283950594,54.08355738,4.934694867638927,8.465699849720124,2.4458638676389275,5.976868849720125,1.982736018491785,0.9827360184917849,49.94935254604937,35.573912704168066,114.75851178604935,5.775980708164319,-11.583531001545108,5.807550293380789,168,168,0
6035,10855-1-01,45 a 59,Hombres,Quintil bajo,Centro,Trabajadores rutinarios,Motorizados privados,50.45,58.83839977941732,44.64,34.050909583442014,9.96,12.16069063714066,62.949999999999996,6.290368,163.63908855,146.29,0,146.29,17.34908855,19.719357529931884,12.4246281057484,13.428989529931883,6.1342601057484005,3.1348495874854834,2.134849587485483,153.70997705000002,206.47609859365377,497.16406985000003,-8.38839977941732,10.589090416557987,-2.2006906371406583,168,168,0
6037,10858-1-01,30 a 44,Hombres,Quintil medio,Norte,Trabajadores rutinarios,Movilidad activa,60.61,54.681808273704206,32.4,36.789471345327485,11.6,13.138720380968303,63.39000000000001,2.547036,7.504180623332985,87.91999999999999,119.791666666667,-31.87166666666701,39.375847289999996,11.6480291535688,14.731919727463483,9.1009931535688,12.184883727463482,4.573170207868597,3.573170207868597,146.871671336667,131.77235359488947,258.9412553366669,5.928191726295793,-4.389471345327486,-1.5387203809683037,168,168,0
6038,10860-1-01,45 a 59,Hombres,Quintil medio,Centro,Trabajadores rutinarios,Motorizados privados,48.95,52.309374024676956,31.79,29.665948123733177,11.83,10.594677851589875,75.42999999999999,13.339284,324.5179384,296.56,0,296.56,27.957938399999996,40.916191755928224,33.23107443393945,27.576907755928225,19.89179043393945,3.067345425431247,2.067345425431247,328.44001340000005,373.2516575773889,910.2995814799999,-3.359374024676953,2.1240518762668223,1.235322148410125,168,168,0
6041,10861-1-01,60 o mas,Hombres,Quintil bajo,Centro,Trabajadores rutinarios,Motorizados privados,73.25,68.77827177550371,31.9,33.01204869929583,8.43,11.789679525200455,54.42,1.699438,78.1038715,53.62,0,53.62,24.4838715,3.8202610100307695,5.075468651828233,2.1208230100307697,3.3760306518282333,2.2479555064855377,1.2479555064855379,46.379962000000006,38.78053712961848,114.91829654,4.471728224496289,-1.1120486992958334,-3.3596795252004554,168,168,0
6048,10873-1-02,30 a 44,Hombres,Quintil bajo,Norte,Trabajadores rutinarios,Usuarios publicos,85.2,65.06476832060477,13.31,29.9567124142216,7.21,10.698519265173635,62.279999999999994,2.395652,107.83956320000001,103.73000000000002,0,103.73000000000002,4.1095632,5.214312636421236,20.705586700210766,2.818660636421236,18.309934700210768,2.176573490816377,1.1765734908163774,96.2699872,48.03297915679346,145.42876624,20.135231679395233,-16.646712414221597,-3.488519265173635,168,168,0
6052,10876-1-01,60 o mas,Hombres,Quintil medio,Sur,Trabajadores rutinarios,Movilidad mixta,38.25,40.19509949624445,22.42,24.45958482912025,12.72,8.735315674635299,94.61,7.785448,100.20337975,234.91,232.5,2.4099999999999966,97.79337975,28.283845152703197,24.816309740672327,20.4983971527032,17.03086174067233,3.6329117030520526,2.632911703052053,197.59000625,212.73347723283734,471.17064896999995,-1.9450994962444526,-2.0395848291202476,3.984684325364702,168,168,0
6054,10882-1-01,45 a 59,Hombres,Quintil bajo,Centro,Trabajadores rutinarios,Motorizados privados,55.16,53.95476370024766,26.55,29.816714762926004,12.71,10.648521536826317,73.58000000000001,4.025655,110.71511984,88.66,0,88.66,22.05511984,11.614303265569273,12.51627059615608,7.588648265569272,8.49061559615608,2.8850716878543423,1.885071687854342,111.34000996,106.48814442372051,269.38722526,1.205236299752336,-3.2667147629260036,2.0614784631736836,168,168,0
6060,10891-1-01,45 a 59,Hombres,Quintil medio,Sur,Trabajadores rutinarios,Motorizados privados,52.44,54.86955840423463,41.26,34.58058617015066,8.1,12.349855425614699,66.20000000000002,3.749615,54.49842855053802,98.46000000000001,115.591397849462,-17.13139784946199,71.62982640000001,14.22295111872431,12.708339584775667,10.47333611872431,8.958724584775666,3.793176397769987,2.793176397769987,142.13138204946196,151.2412906853562,327.2123784494619,-2.4295584042346334,6.679413829849338,-4.249855425614699,168,168,0
6061,10892-1-01,30 a 44,Hombres,Quintil bajo,Sur,Trabajadores rutinarios,Movilidad activa,59.18,44.42267712587746,6.79,21.219240033916517,7.25,7.578082840206026,94.77999999999999,6.918583,198.57174118000003,189.13000000000002,0,189.13000000000002,9.441741180000001,16.669859704398906,66.28597902611324,9.751276704398906,59.36739602611324,2.409432640238457,1.4094326402384572,210.87000075999995,108.77023759758467,308.00690608,14.757322874122536,-14.429240033916518,-0.32808284020602585,168,168,0
6064,10897-1-01,18 a 29,Hombres,Quintil bajo,Centro,Trabajadores rutinarios,Usuarios publicos,68.56,56.61259814587071,16.46,26.01617651028079,6.9,9.291225343848504,76.07999999999998,1.911386,75.17460464,49.13,0,49.13,26.04460464,4.12922333801191,10.555528141316259,2.2178373380119094,8.644142141316259,2.1603293829775407,1.1603293829775405,55.870019520000014,33.03392287964324,100.51999648000005,11.94740185412929,-9.556176510280789,-2.391225343848504,168,168,0
6066,10900-1-01,18 a 29,Mujeres,Quintil bajo,Sur,Trabajadores rutinarios,Motorizados privados,60.43,64.69357640403503,36.22,32.315503193810564,11.9,11.540920402154413,59.449999999999996,3.301179,133.74022281999999,87.49999999999999,0,87.49999999999999,46.24022282,8.033020920389642,6.0303744670389285,4.731841920389643,2.7291954670389287,2.433379383665546,1.433379383665546,65.75002415,79.82485303989594,224.60275763000004,-4.263576404035028,3.904496806189435,0.35907959784558763,168,168,0
6070,10902-1-03,18 a 29,Hombres,Quintil bajo,Centro,Trabajadores rutinarios,Movilidad activa,60.24,60.93649752696542,30.3,27.339629052178886,7.5,9.763873420855711,69.96,2.689606,115.691877,68.67,0,68.67,47.021876999999996,5.733710718011543,5.409341192243341,3.044104718011543,2.719735192243341,2.1318032150476847,1.1318032150476847,46.329988439999994,48.20329236751135,147.99709524,-0.6964975269654161,2.960370947821115,-2.2638734208557114,168,168,0
6071,10903-1-01,30 a 44,Hombres,Quintil bajo,Centro,Trabajadores rutinarios,Motorizados privados,62.6,65.34614467220409,40.09,34.11888754350689,8.96,12.184967784289022,56.35,2.540583,97.480499,113.44,25,88.44,9.040499,6.532519087681431,5.539027995038372,3.991936087681431,2.998444995038372,2.5712677317298556,1.5712677317298553,61.55999680000001,68.53680526974229,186.17559295,-2.746144672204089,5.971112456493117,-3.2249677842890208,168,168,0
6073,10907-1-02,45 a 59,Mujeres,Quintil bajo,Norte,Trabajadores rutinarios,Usuarios publicos,49.62,52.18145412638763,36.09,35.10971962841081,14.12,12.538826245201586,68.16999999999999,2.838792,7.0608470600000075,68.7,90,-21.299999999999997,28.360847060000005,13.06662580614916,11.760882585163104,10.22783380614916,8.922090585163104,4.602882425394027,3.602882425394027,133.80001198,141.0714474623562,276.33575830000007,-2.5614541263876305,0.9802803715891955,1.5811737547984137,168,168,0
6082,10927-1-01,60 o mas,Hombres,Quintil medio,Sur,Trabajadores rutinarios,Motorizados privados,55.01,47.12018781712782,21.5,29.92324516439579,11.22,10.68656701847637,80.27000000000001,3.323922,36.704390665454476,133.05999999999997,129.2045454545455,3.855454545454478,32.84893612,13.032645669071771,19.712574062900956,9.708723669071771,16.388652062900956,3.920863867765781,2.920863867765781,146.14455855454554,119.91943826402868,254.9032863945455,7.889812182872177,-8.42324516439579,0.5334329815236298,168,168,0
6084,10929-1-01,45 a 59,Mujeres,Quintil bajo,Centro,Trabajadores rutinarios,Usuarios publicos,67.07,57.01643203362699,20.56,29.601799633373133,9.56,10.57176833299988,70.81,2.71146,91.02762454,76.67,42.5,34.17,56.85762454,6.983719963044775,13.309088677425386,4.272259963044775,10.597628677425385,2.575630827319885,1.5756308273198847,90.82999766,63.57015026189825,172.49917286000002,10.053567966373002,-9.041799633373135,-1.0117683329998801,168,168,0
6085,10930-1-01,45 a 59,Mujeres,Quintil medio,Centro,Trabajadores rutinarios,Movilidad activa,53.41,51.96919351218537,15.47,24.721833321393923,16.64,8.8289731664207,82.48,2.789611,96.08315122,62.09,0,62.09,33.99315122,6.43127559543854,7.27229038002116,3.64166459543854,4.48267938002116,2.30543814009858,1.3054381400985802,52.90997228999997,48.89068266272092,142.48438149999998,1.4408064878146263,-9.251833321393923,7.8110268335793,168,168,0
6086,10930-1-02,30 a 44,Hombres,Quintil medio,Centro,Trabajadores rutinarios,Motorizados privados,56.4,56.38752487895499,31.41,28.289405534348475,6.97,10.103069586696536,73.22,5.294384,183.5932532,134.99,0,134.99,48.6032532,13.213382680619116,13.225272613267641,7.918998680619116,7.9308886132676415,2.4957356097742656,1.4957356097742658,115.01000440000001,114.94395631874124,318.20846232,0.012475121045007143,3.120594465651525,-3.1330695866965366,168,168,0
6088,10935-1-01,45 a 59,Mujeres,Quintil alto,Centro,Trabajadores rutinarios,Movilidad mixta,50.34,51.71764919374063,32.9,31.921972907336258,11.8,11.400377898923121,72.96,7.019075,111.791686311429,229.88,171.428571428571,58.451428571429005,53.34025774,25.592538525832794,23.849039532147728,18.573463525832793,16.829964532147727,3.6461411974986437,2.6461411974986437,241.548549188571,251.218372203126,555.301201688571,-1.3776491937406234,0.9780270926637407,0.39962210107687923,168,168,0
6093,10942-1-01,30 a 44,Mujeres,Quintil medio,Norte,Trabajadores rutinarios,Motorizados privados,47.23,46.50680123546078,24.18,25.504654586708682,9.71,9.108544177830538,86.88,7.021736,166.17657366,159.54,0,159.54,6.63657366,20.449731941696434,21.547430106997687,13.427995941696434,14.525694106997687,2.9123470238266487,1.9123470238266482,165.46001761999995,160.3819068198794,403.42665065999995,0.7231987645392195,-1.3246545867086823,0.6014558221694628,168,168,0
6094,10943-1-01,45 a 59,Hombres,Quintil bajo,Sur,Trabajadores rutinarios,Movilidad activa,59.88,66.11683743607765,19.63,16.942458079016756,9.6,6.0507044849055855,78.89000000000001,1.015947,60.834911999999996,0,0,0,60.834911999999996,1.2162150222492556,-8.515776834079292e-7,0.20026802224925566,-1.0159478515776834,1.1971244781954724,0.19712447819547246,-5.639999997697487e-6,6.336290642670782,29.69612516999998,-6.236837436077643,2.687541920983243,3.549295515094414,168,168,0
6095,10944-1-01,60 o mas,Mujeres,Quintil medio,Norte,Trabajadores rutinarios,Usuarios publicos,53.87,45.65944097139615,12.72,26.578507090090792,15.14,9.492051938513061,86.27,2.914518,56.77836084025161,51.55000000000001,76.7767295597484,-25.226729559748392,82.0050904,9.33529427360988,15.877291038576335,6.420776273609881,12.962773038576334,3.203031950260688,2.203031950260688,100.22672381974839,76.29690174081996,181.4251952997484,8.210559028603846,-13.858507090090791,5.6479480614869395,168,168,0
6097,10945-1-01,30 a 44,Hombres,Quintil alto,Centro,Trabajadores rutinarios,Motorizados privados,70.42,59.77016524776041,30.53,34.70540312147079,5.92,12.394431630768796,61.129999999999995,9.654915,251.32403536037697,375.34,186.415094339623,188.92490566037696,62.39912970000001,30.524001310329528,51.89235308215498,20.86908631032953,42.23743808215498,3.1614987092407882,2.1614987092407882,428.5750789396231,325.75182964270374,780.4967306896233,10.649834752239592,-4.1754031214707865,-6.474431630768796,168,168,0
6103,10954-1-01,45 a 59,Hombres,Quintil bajo,Centro,Trabajadores rutinarios,Motorizados privados,63.35,67.79189367961226,18.42,23.194569048835735,17.5,8.283537271552003,68.73,2.58987,144.55823594999998,80.49,0,80.49,64.06823595,4.348330523119319,2.3971519298599735,1.7584605231193193,-0.1927180701400264,1.6789763668135156,0.6789763668135155,19.510028550000015,31.0139557340174,112.53815895000002,-4.441893679612257,-4.774569048835733,9.216462728447997,168,168,0
6105,10957-1-02,45 a 59,Mujeres,Quintil bajo,Sur,Trabajadores rutinarios,Usuarios publicos,61.73,61.187758912277616,24.23,26.388166119279354,11.04,9.42407496844303,71,2.792059,124.42382994,57.06999999999999,0,57.06999999999999,67.35382994000001,5.720186958463556,5.997575172822677,2.9281279584635556,3.2055161728226773,2.048734270466188,1.0487342704661884,47.929972129999996,46.416003020854916,146.40589305999998,0.5422410877223811,-2.158166119279354,1.6159250315569693,168,168,0
6107,10959-1-01,30 a 44,Mujeres,Quintil bajo,Norte,Trabajadores rutinarios,Movilidad mixta,64.59,55.20364928435387,27.63,35.43231510271,11.07,12.65403561293612,64.71000000000001,3.693651,43.742895650000015,180.17000000000002,187.5,-7.329999999999984,51.07289565,14.699634818513529,22.218712979702786,11.005983818513528,18.525061979702787,3.9797032308990556,2.9797032308990556,194.83002244,160.16011873280297,337.77431613999994,9.386350715646131,-7.802315102710001,-1.5840356129361197,168,168,0
6136,11008-1-01,45 a 59,Mujeres,Quintil bajo,Sur,Trabajadores rutinarios,Usuarios publicos,65.25,58.52375641509702,17.77,26.42795773307328,11.37,9.438285851829706,73.61,2.619931,107.57049175000002,94.12000000000002,32.5,61.62000000000002,45.95049175,5.630570353995291,9.599236944740412,3.0106393539952916,6.979305944740412,2.149129253402205,1.1491292534022048,63.380005999999966,45.75771191836152,139.72479533999996,6.726243584902981,-8.657957733073282,1.9317141481702933,168,168,0
6137,11010-1-01,45 a 59,Hombres,Quintil bajo,Centro,Trabajadores rutinarios,Motorizados privados,47.44,57.34642475483847,44.32,31.92287513227866,8.91,11.400700112882861,67.33000000000001,2.801039,81.29130004,73.41,0,73.41,7.881300039999999,8.082252837953112,4.277430499773301,5.281213837953112,1.476391499773301,2.8854481633255062,1.8854481633255062,51.589990119999996,79.33827220886799,200.6892960899999,-9.906424754838476,12.397124867721342,-2.4907001128828608,168,168,0
6153,11038-1-03,30 a 44,Mujeres,Quintil bajo,Centro,Trabajadores rutinarios,Movilidad activa,58.85,52.84978202437168,28.68,31.382502542754857,7.91,11.207715432873462,72.56,2.375757,50.38021583127959,63.919999999999995,45.8530805687204,18.066919431279594,32.3132964,7.790315123227488,10.787226037232267,5.414558123227488,8.411469037232267,3.279087517463902,2.279087517463902,89.43308361872042,75.1780237615956,176.3620322487204,6.000217975628324,-2.702502542754857,-3.2977154328734617,168,168,0
6159,11053-1-01,45 a 59,Hombres,Quintil alto,Centro,Trabajadores rutinarios,Motorizados privados,53.17,58.53650343144275,36.9,33.86072651087316,14.42,12.092770057684087,63.510000000000005,7.478946,193.4055509,170.75,0,170.75,22.655550899999998,23.47098868155972,17.565051101576127,15.99204268155972,10.086105101576127,3.1382749229048748,2.1382749229048748,204.25000792,244.385797292575,588.06951664,-5.3665034314427515,3.039273489126842,2.3272299423159133,168,168,0
6161,11056-1-02,45 a 59,Mujeres,Quintil bajo,Norte,Trabajadores rutinarios,Movilidad mixta,60.22,61.78539724802656,38.58,33.28680042311599,8.16,11.887802328857447,61.040000000000006,3.239423,109.76807851999999,64.69,0,64.69,45.07807852,8.829916226972212,8.05536247485036,5.590493226972212,4.81593947485036,2.725768208403846,1.7257682084038461,85.30997454000001,90.38095838939395,236.72060556,-1.5653972480265637,5.293199576884007,-3.7278023288574467,168,168,0
6165,11062-1-01,60 o mas,Mujeres,Quintil bajo,Centro,Trabajadores rutinarios,Usuarios publicos,59.73,59.311702739053644,28.35,30.651608083174217,12.83,10.94668917777212,67.09000000000002,3.06702,107.88309059,47.190000000000005,0,47.190000000000005,60.69309059,7.853967409118192,8.071242007974533,4.786947409118191,5.004222007974533,2.560781282521207,1.5607812825212068,75.31001400999997,74.0270879447323,201.60989760999996,0.41829726094635333,-2.301608083174216,1.8833108222278803,168,168,0
6181,11096-1-01,45 a 59,Hombres,Quintil bajo,Centro,Trabajadores rutinarios,Movilidad activa,65.21,60.86641289770558,24.95,30.99445581496042,12.77,11.069131287333997,65.07000000000001,2.790796,103.4677959,51.480000000000004,0,51.480000000000004,51.9877959,6.966623183794302,9.187189033524866,4.175827183794302,6.396393033524866,2.496285355072281,1.4962853550722814,78.52001125999996,66.39794574926512,183.78883637999996,4.343587102294414,-6.044455814960422,1.7008687126660025,168,168,0
6184,11102-1-01,45 a 59,Hombres,Quintil bajo,Norte,Trabajadores rutinarios,Movilidad mixta,57.58,53.11024952259192,32.02,35.35376696638729,11.49,12.625983511020788,66.91000000000001,2.139647,10.947332952903208,61.940000000000005,61.6935483870968,0.24645161290320772,10.70088134,9.445904073269539,11.38636104992183,7.306257073269538,9.24671404992183,4.414702085563431,3.4147020855634307,112.2535413070968,102.68985310736203,205.3495822770968,4.469750477408077,-3.3337669663872873,-1.1359835110207879,168,168,0
6187,11105-1-01,18 a 29,Hombres,Quintil bajo,Centro,Trabajadores rutinarios,Usuarios publicos,66.1,57.02613237947119,24.01,28.356747883924623,5.4,10.12711973660419,72.49,2.10561,76.0308217,56.85,0,56.85,19.1808217,5.051051050989042,9.476594742641709,2.9454410509890416,7.370984742641708,2.3988540380170313,1.3988540380170316,63.149999299999976,44.04397289953833,125.07598940000001,9.073867620528802,-4.346747883924621,-4.727119736604189,168,168,0
6188,11105-1-02,60 o mas,Hombres,Quintil bajo,Centro,Trabajadores rutinarios,Usuarios publicos,60.12,52.362677886741814,12.58,21.226607949896188,8.47,7.580714163362009,86.83,2.204746,87.82931552,40.279999999999994,0,40.279999999999994,47.54931551999999,4.231058164075847,9.376134182507005,2.026312164075847,7.171388182507005,1.9190683026869522,0.9190683026869522,44.72001399999999,27.61708910008248,91.12991730000002,7.7573221132581835,-8.646607949896188,0.8892858366379919,168,168,0
6191,11107-1-01,45 a 59,Hombres,Quintil bajo,Centro,Trabajadores rutinarios,Motorizados privados,48.8,52.1039439817391,25.61,30.11942631204479,18.57,10.756629706216106,75.02000000000001,4.358583,100.0788286,87.38,0,87.38,12.6988286,13.714467138862735,11.250294179920509,9.355884138862734,6.891711179920509,3.1465426123266975,2.1465426123266975,112.6200218,127.02053587176037,305.18221874,-3.3039439817391028,-4.509426312044791,7.813370293783894,168,168,0
6194,11111-1-01,45 a 59,Mujeres,Quintil bajo,Norte,Trabajadores rutinarios,Motorizados privados,48.89,57.195984165750644,38.27,30.132659960467247,10.93,10.761355873782112,69.91,3.271688,106.90283371000001,34.95,0,34.95,71.95283371000001,8.65808174326444,4.758764446509688,5.386393743264439,1.487076446509688,2.646365345125953,1.646365345125953,53.049992610000004,80.2245813332764,214.01704221000003,-8.305984165750644,8.137340039532756,0.16864412621788816,168,168,0
6197,11114-1-02,30 a 44,Mujeres,Quintil bajo,Sur,Trabajadores rutinarios,Movilidad mixta,51.37,53.89057234292616,43.02,33.629305567715086,5.14,12.010122089358767,68.46999999999998,2.591064,40.97386265776891,79.46000000000001,71.5890850722311,7.870914927768908,33.102947730000004,9.540588530103918,8.442757400456767,6.949524530103918,5.851693400456767,3.682112263573543,2.682112263573543,92.12909502223107,98.66005927938272,216.91473726223114,-2.5205723429261653,9.390694432284917,-6.870122089358767,168,168,0
6200,11120-1-01,30 a 44,Mujeres,Quintil bajo,Centro,Trabajadores rutinarios,Movilidad mixta,66.13,70.16605044345862,25.66,25.696788198180585,13.25,9.177161358360792,62.96000000000001,2.690869,151.28717454,85.84,0,85.84,65.44717453999999,4.748333140967181,3.023937245755861,2.0574641409671806,0.3330682457558609,1.7646095521436311,0.7646095521436311,26.659992430000017,37.52047545073907,131.36170522,-4.03605044345862,-0.03678819818058443,4.072838641639208,168,168,0
6201,11122-1-01,45 a 59,Hombres,Quintil bajo,Norte,Trabajadores rutinarios,Usuarios publicos,54.78,58.809056532755584,39.67,35.280961251951226,12.24,12.599982215293187,61.309999999999995,2.732162,61.781281690651596,52.849999999999994,20.7365439093484,32.113456090651596,29.6678256,9.11556954289451,7.472146602299684,6.38340754289451,4.739984602299684,3.3363942339050574,2.3363942339050574,87.8865526693484,98.89458782399497,229.7130820893484,-4.0290565327555825,4.389038748048776,-0.3599822152931864,168,168,0
6208,11132-1-01,60 o mas,Mujeres,Quintil bajo,Centro,Trabajadores rutinarios,Usuarios publicos,69.4,62.650780926332516,17.3,32.221772838949846,19.68,11.507446234717639,61.62,1.850486,70.2637482,41.839999999999996,0,41.839999999999996,28.423748200000002,4.609347009741354,6.94114834947963,2.758861009741354,5.09066234947963,2.4908845620779374,1.4908845620779372,58.15998020000002,45.67064479324536,126.59095248000001,6.74921907366749,-14.921772838949845,8.17255376528236,168,168,0
6217,11146-1-01,45 a 59,Hombres,Quintil medio,Sur,Trabajadores rutinarios,Movilidad mixta,58.14,60.30994251487682,34.59,30.04132154071851,8.35,10.728735944404665,66.92,8.717743,326.39956276000004,269.55,0,269.55,56.849562760000005,21.581715793301193,18.54679476979654,12.863972793301192,9.829051769796541,2.4756081698326264,1.4756081698326267,180.45001526,199.36701642946986,554.78989968,-2.1699425148768228,4.5486784592814935,-2.3787359444046654,168,168,0
6218,11148-1-01,18 a 29,Hombres,Quintil bajo,Sur,Trabajadores rutinarios,Movilidad mixta,79.94,67.02821503646132,20.78,27.552049331324984,3.7,9.8397356322137,63.58,3.532313,177.92309894000002,145.55,0,145.55,32.37309894,6.945152555500363,18.830897680393555,3.4128395555003634,15.298584680393555,1.9661769937999163,0.9661769937999163,104.45000227999995,58.84153640008776,190.92102451999997,12.911784963538679,-6.7720493313249825,-6.139735632213699,168,168,0
6219,11150-1-02,30 a 44,Mujeres,Quintil medio,Sur,Trabajadores rutinarios,Movilidad mixta,59.4,50.67954684804076,13.32,22.341555018181445,8.28,7.978898133777797,87,2.198346,79.84534552635981,78.5,41.7364016736402,36.7635983263598,43.0817472,4.59468304597067,10.36668588868744,2.39633704597067,8.168339888687441,2.090063641469846,1.090063641469846,50.73640687364019,31.56583356884319,98.22068047364019,8.72045315195924,-9.021555018181445,0.3011018662222025,168,168,0
6227,11170-1-05,18 a 29,Hombres,Quintil bajo,Centro,Trabajadores rutinarios,Movilidad mixta,50.47,55.852530299258916,19.23,16.334048223186763,8.32,5.833421477554332,89.97999999999999,0.647203,32.66432694,0,0,0,32.66432694,0.6935630066265757,1.356862344938497e-6,0.04636000662657569,-0.647201643137655,1.0716313222073688,0.07163132220736877,8.469999997373634e-6,3.4835982272712656,17.83045112,-5.382530299258917,2.895951776813238,2.4865785224456687,168,168,0
6230,11181-1-01,45 a 59,Hombres,Quintil bajo,Sur,Trabajadores rutinarios,Movilidad mixta,54.65,57.02186326731444,38.15,32.25044922501088,7.99,11.517687507674678,67.21,2.462949,68.12019005,48.52,0,48.52,19.600190050000002,7.292641382299784,6.358976590018249,4.829692382299784,3.8960275900182486,2.960938851068286,1.9609388510682861,66.4799728,72.32175106236882,180.12043966,-2.3718632673144384,5.899550774989116,-3.5276875076746776,168,168,0
6234,11186-1-01,60 o mas,Mujeres,Quintil bajo,Centro,Trabajadores rutinarios,Movilidad activa,26.07,33.151725446964406,21.02,20.424145801253875,13.78,7.294128751781709,107.13000000000001,2.999548,28.246345856402904,39.71,89.6618705035971,-49.9518705035971,78.19821636,11.335749633326696,6.334998185582625,8.336201633326695,3.3354501855826255,3.7791526034344827,2.7791526034344827,49.9518705035971,71.19384590458827,154.33614090359706,-7.0817254469644055,0.5958541987461246,6.485871248218291,168,168,0
6237,11198-1-01,60 o mas,Hombres,Quintil bajo,Norte,Trabajadores rutinarios,Usuarios publicos,62.02,50.67316124943036,11.12,23.355741528636024,9.23,8.341097221933628,85.62999999999998,3.915571,135.0537301,67.21000000000001,0,67.21000000000001,67.8437301,8.822212684870417,23.37695680815016,4.906641684870417,19.461385808150162,2.253110130009242,1.2531101300092418,107.78998332,63.36063056659327,187.4718531700001,11.346838750569646,-12.235741528636025,0.8889027780663721,168,168,0
6244,11215-1-01,45 a 59,Mujeres,Quintil bajo,Centro,Trabajadores rutinarios,Usuarios publicos,63.72,56.895834545962416,14.29,18.903211837382266,4.54,6.750953616655315,85.45,1.64257,78.37453724,36.21,0,36.21,42.16453724,2.5944303675628575,6.161899800965324,0.9518603675628574,4.519329800965324,1.5794945527818343,0.5794945527818341,26.290023160000004,15.080853710161492,57.21961626000001,6.824165454037583,-4.613211837382266,-2.210953616655315,168,168,0
6247,11222-1-01,60 o mas,Mujeres,Quintil medio,Centro,Trabajadores rutinarios,Movilidad activa,49.5,49.65500893852703,28.48,28.11441596027191,9.83,10.040575101201062,80.19,4.348868,101.70712931818179,104.61999999999999,43.1818181818182,61.43818181818179,40.2689475,13.21372989877172,13.08260530663293,8.864861898771721,8.733737306632928,3.0384297474128257,2.0384297474128257,113.56183668181822,114.2359500942924,280.1669697618183,-0.15500893852703257,0.36558403972809117,-0.21057510120106215,168,168,0
6248,11224-1-01,45 a 59,Hombres,Quintil bajo,Centro,Trabajadores rutinarios,Movilidad mixta,57.57,59.27404883803417,37.24,34.74675236678182,11.62,12.409198795184022,61.57,3.220196,81.286433846862,72.29,51.390268123138,20.899731876862006,60.38670197,10.25649502278945,9.40312680069417,7.03629902278945,6.182930800694171,3.1850530286943557,2.1850530286943557,104.10024987313801,109.58762112518028,261.43902643313805,-1.7040488380341685,2.493247633218182,-0.7891987951840225,168,168.00000000000003,2.842170943040401e-14
6265,11262-1-01,45 a 59,Hombres,Quintil alto,Norte,Trabajadores rutinarios,Movilidad mixta,58.82,52.81747388478706,31.22,32.003155326157454,6.21,11.42937078905547,71.75000000000001,34.59939,632.52609978,597.39,0,597.39,35.13609978,121.42273354093588,165.38308667878923,86.82334354093588,130.78369667878923,3.509389429725087,2.509389429725087,1402.6100200199999,1194.9262779745627,2697.6651877199993,6.002526115212937,-0.7831553261574555,-5.21937078905547,168,168,0
6271,11269-1-02,60 o mas,Mujeres,Quintil bajo,Norte,Trabajadores rutinarios,Usuarios publicos,57.33,60.490191999067385,34.44,33.379057618091515,14.02,11.9207503828411,62.21000000000001,3.155497,98.9246737,43.02,0,43.02,55.9046737,8.958566982331478,7.466177745661398,5.803069982331477,4.310680745661397,2.8390351764972293,1.8390351764972293,81.97996931,91.95194568248112,234.89535392999997,-3.1601919990673863,1.0609423819084824,2.0992496171589003,168,168,0
6274,11274-1-01,18 a 29,Mujeres,Quintil bajo,Norte,Trabajadores rutinarios,Usuarios publicos,55.72,59.580268326912226,40.02,32.74531238671,8.28,11.69441928637778,63.97999999999999,2.492574,78.08619723999999,54.199999999999996,0,54.199999999999996,23.886197239999998,6.993766014816318,5.555595504255152,4.5011920148163185,3.063021504255152,2.8058408756635984,1.8058408756635986,60.800026040000006,70.42203050468493,181.19135024000002,-3.8602683269122267,7.274687613290006,-3.4144192863777807,168,168,0
6275,11274-1-03,30 a 44,Hombres,Quintil bajo,Norte,Trabajadores rutinarios,Usuarios publicos,83.33,70.74501883583562,22.82,29.308101880030357,4.37,10.466879284134016,57.480000000000004,2.029326,108.30372277,54.199999999999996,0,54.199999999999996,54.10372277,3.912536660632716,9.868893139615626,1.8832106606327157,7.8395671396156255,1.9279980942602202,0.9279980942602202,60.80001281000001,35.26098332405097,115.97738675000001,12.584981164164375,-6.4881018800303565,-6.096879284134016,168,168,0
6284,11287-1-01,45 a 59,Mujeres,Quintil bajo,Centro,Trabajadores rutinarios,Usuarios publicos,42.42,56.00287984605211,45.81,28.477040131502864,6.42,10.170080022445031,73.35,3.150987,107.10486345999999,68.44,0,68.44,38.66486346,7.920684096905351,2.244306210188143,4.76969709690535,-0.9066807898118574,2.5137152571258943,1.5137152571258943,26.560005080000025,69.35948289747222,191.13605609000007,-13.582879846052109,17.332959868497138,-3.7500800224450312,168,168,0
6302,11319-1-01,45 a 59,Mujeres,Quintil bajo,Centro,Trabajadores rutinarios,Movilidad activa,69.58,60.72602077363022,20.36,31.842119562058862,14,11.371859664310927,64.06,3.876576,135.712169,90.97999999999999,0,90.97999999999999,44.73216899999999,10.18195631797229,17.214341184006134,6.30538031797229,13.337765184006134,2.6265333938950994,1.6265333938950997,134.01998908,99.69686570655634,267.21914044000005,8.85397922636978,-11.482119562058863,2.628140335689073,168,168,0
6303,11320-1-04,45 a 59,Hombres,Quintil medio,Centro,Trabajadores rutinarios,Motorizados privados,40.46,41.37407077790165,33.41,27.164573757654132,4.37,9.701355464444227,89.75999999999999,2.815928,13.794493838484495,43.879999999999995,31.5179461615155,12.362053838484496,1.43244,12.296162838105726,11.697976356730697,9.480234838105726,8.882048356730698,4.366646745977072,3.366646745977073,100.1379530415155,102.71191053899054,206.52371288151554,-0.9140707779016495,6.245426242345864,-5.3313554644442265,168,168,0
6306,11322-1-01,60 o mas,Mujeres,Quintil medio,Norte,Trabajadores rutinarios,Movilidad mixta,66.06,57.82522321321896,32.95,37.12590497968601,9.2,13.258871807095035,59.78999999999999,7.190186,88.30371012,200.82,150,50.81999999999999,37.483710120000005,28.684461092925847,40.488164466174155,21.494275092925847,33.29797846617416,3.9893906907172982,2.9893906907172982,386.67997704,327.470400274562,689.74631694,8.23477678678104,-4.17590497968601,-4.058871807095036,168,168,0
6310,11327-1-01,30 a 44,Mujeres,Quintil bajo,Norte,Trabajadores rutinarios,Motorizados privados,68.77,59.81955740940812,22.38,29.62160213739804,8.87,10.578840453193836,67.98,4.144378,156.1563658374603,110.83,39.6825396825397,71.1474603174603,85.00890552,10.073709335115492,18.19771427549158,5.929331335115492,14.053336275491581,2.4306926962539355,1.4306926962539355,128.85250922253968,91.75849185982767,258.36432172253967,8.950442590591877,-7.24160213739804,-1.7088404531938366,168,168,0
6312,11331-1-04,45 a 59,Mujeres,Quintil medio,Sur,Trabajadores rutinarios,Motorizados privados,67.84,55.630148015979586,20.29,33.8285671007948,13.41,12.081284883225605,66.46000000000001,1.661497,33.5081684622222,48.57,77.7777777777778,-29.2077777777778,62.71594624,5.664210000406816,10.373181279766586,4.002713000406816,8.711684279766585,3.4091003477025934,2.4091003477025934,79.2077880177778,58.92115557588383,135.20023691777777,12.209851984020418,-13.5385671007948,1.3287151167743954,168,168,0
6320,11343-1-01,60 o mas,Hombres,Quintil medio,Norte,Trabajadores rutinarios,Motorizados privados,39.9,51.63010844168896,43.54,32.44332265631078,12.22,11.58656890200026,72.34,12.928068,174.27748137560982,202.35000000000002,43.9024390243902,158.44756097560983,15.8299204,49.43670287183321,27.03389358988805,36.50863487183321,14.105825589888049,3.823982274213998,2.8239822742139977,341.55243182439017,493.20007140591906,1062.42150350439,-11.730108441688962,11.096677343689223,0.6334310979997415,168,168,0
6321,11347-1-04,30 a 44,Hombres,Quintil medio,Sur,Trabajadores rutinarios,Usuarios publicos,68.14,60.508514580965794,29.43,32.53291880830774,7.09,11.618566610726464,63.34,2.324997,77.96530727999999,44.54,50,-5.460000000000001,83.42530728,6.269206968580521,9.72351255933984,3.944209968580521,7.39851555933984,2.696436584038827,1.696436584038827,80.45998830000002,62.71680759520174,165.36887874,7.631485419034206,-3.1029188083077415,-4.528566610726465,168,168,0
6324,11351-1-01,45 a 59,Hombres,Quintil medio,Centro,Trabajadores rutinarios,Motorizados privados,45.23,55.38231976628091,41.98,32.17642808860683,11.84,11.491252145112236,68.95000000000002,3.675125,88.90590764,72.67999999999999,0,72.67999999999999,16.225907640000003,11.585535053012919,6.340479655062183,7.910410053012919,2.6653546550621834,3.1524193198905937,2.152419319890594,77.31999610999999,114.63104029105311,275.11522360999993,-10.152319766280911,9.803571911393163,0.3487478548877636,168,168,0
6327,11353-1-01,45 a 59,Mujeres,Quintil bajo,Norte,Trabajadores rutinarios,Movilidad mixta,56.65,58.44801968529623,29.28,27.57429870523662,9.94,9.847681609467154,72.13,2.615005,102.73000619999999,67.08999999999999,0,67.08999999999999,35.6400062,5.910003233661666,5.109967694879686,3.2949982336616657,2.4949626948796864,2.260035156208751,1.2600351562087513,45.41002705,50.11185751714808,147.97052315000002,-1.7980196852962322,1.7057012947633794,0.09231839053284574,168,168,0
6330,11362-1-01,18 a 29,Hombres,Quintil bajo,Centro,Trabajadores rutinarios,Movilidad mixta,62.96,59.19977196275122,20.55,24.27193001757898,8.63,8.668298019669805,75.86,3.087356,137.49996656000002,80.62,0,80.62,56.87996656,6.065485869165529,8.602962562728036,2.9781298691655285,5.515606562728037,1.9646214654758078,0.9646214654758078,56.87996720000001,45.270804607831764,146.96901528,3.7602280372487797,-3.7219300175789805,-0.03829801966980462,168,168,0
6334,11365-1-01,30 a 44,Mujeres,Quintil bajo,Norte,Trabajadores rutinarios,Usuarios publicos,52.42,59.07856717741461,39.47,28.900221078690453,6.41,10.32121174389493,69.7,3.120183,118.41997656000001,79.86,0,79.86,38.55997656,7.417219625481796,4.342224621811394,4.297036625481796,1.2220416218113943,2.3771745520957572,1.3771745520957575,45.140016299999985,65.91596441132705,188.29401234,-6.658567177414611,10.569778921309545,-3.9112117438949294,168,168,0
6335,11367-1-01,45 a 59,Hombres,Quintil medio,Sur,Trabajadores rutinarios,Movilidad mixta,52.83,55.01342550522066,40.97,36.41248738440553,10.63,13.004087110373819,63.57,3.175032,20.080426014380006,110.36,118.01652892562,-7.656528925619995,27.73695494,13.806380001598459,12.629230630828896,10.63134800159846,9.454198630828897,4.348422315617121,3.348422315617121,147.65651454561998,154.58896039431175,311.48816574562,-2.1834255052206615,4.557512615594469,-2.374087110373818,168,168,0
6337,11371-1-03,45 a 59,Hombres,Quintil bajo,Centro,Trabajadores rutinarios,Movilidad mixta,49.98,56.97548262112158,38.9,30.89198261439543,10.02,11.032534764482975,69.10000000000001,3.172169,97.31499556,63.769999999999996,0,63.769999999999996,33.544995560000004,8.781740425238828,5.523977141642842,5.609571425238828,2.351808141642842,2.7683709238816814,1.7683709238816812,61.23001105999998,83.42086417076061,216.41251853999995,-6.995482621121582,8.008017385604568,-1.0125347644829752,168,168,0
6356,11410-1-01,45 a 59,Mujeres,Quintil medio,Centro,Trabajadores rutinarios,Movilidad mixta,50.73,49.085493814913676,26.14,31.142502571382586,14.48,11.122003613703733,76.65,3.609177,42.373573300000004,121.78,112.5,9.280000000000001,33.0935733,14.074684165729819,15.289377944723892,10.465507165729818,11.680200944723893,3.8996935217446578,2.8996935217446578,140.71997591,134.7846620104287,287.32474564999995,1.6445061850863212,-5.0025025713825855,3.357996386296268,168,168,0
6358,11413-1-01,45 a 59,Mujeres,Quintil bajo,Sur,Trabajadores rutinarios,Motorizados privados,50.41,55.65836925534013,24.19,26.999299948945815,17.7,9.64233079571405,75.7,3.674003,132.11649673,89.41,50,39.41,92.70649673,8.717117053909153,5.5934054760360254,5.043114053909153,1.9194024760360255,2.372648322254814,1.3726483222548138,53.08999449999999,72.37251888922742,206.99398017,-5.248369255340137,-2.8092999489458137,8.057669204285949,168,168,0
6360,11415-1-01,45 a 59,Hombres,Quintil bajo,Centro,Trabajadores rutinarios,Motorizados privados,60.48,63.747225804446344,27.51,29.977007052860685,16.44,10.705767142692963,63.57000000000001,2.686521,115.71081328,68.23,0,68.23,47.48081328,6.025977843484497,4.696585774553016,3.3394568434844967,2.0100647745530162,2.243041406891849,1.243041406891849,46.769976799999995,55.54744753538699,164.84257474999995,-3.2672258044463476,-2.4670070528606836,5.734232857307038,168,168,0
6367,11432-1-01,60 o mas,Hombres,Quintil bajo,Centro,Trabajadores rutinarios,Movilidad activa,51.44,53.236411312527885,28.81,28.4670695020657,11.62,10.166519185406425,76.13,2.592112,76.62825576,55.79,0,55.79,20.83825576,7.010357704584843,6.1905577352833285,4.418245704584843,3.5984457352833283,2.7044964509962695,1.7044964509962697,56.709985520000004,61.36648484013929,161.50907368000003,-1.796411312527887,0.3429304979342973,1.4534808145935738,168,168,0
6381,11465-1-01,60 o mas,Mujeres,Quintil bajo,Sur,Trabajadores rutinarios,Movilidad activa,52.55,60.10137379052383,42.15,32.59712829601656,9.64,11.641497913459592,63.66000000000001,2.364622,77.22089525,67.96,27.5,40.459999999999994,36.760895250000004,6.474275660786045,4.00862380189849,4.109653660786045,1.64400180189849,2.7379748901879646,1.7379748901879648,47.03999084999998,64.89613544529603,169.50376422999994,-7.551373790523833,9.552871703983442,-2.001497913459591,168,168,0
6383,11466-1-01,45 a 59,Mujeres,Quintil medio,Centro,Trabajadores rutinarios,Usuarios publicos,59.32,63.77506173063908,32.15,30.877555793321893,14.21,11.027382476039028,62.32,2.855034,118.94063404,62.080000000000005,0,62.080000000000005,56.86063404,6.649803088460719,4.7999117156705005,3.7947690884607193,1.9448777156705006,2.3291502267436113,1.3291502267436113,50.419982839999975,63.139335553073394,182.77935908,-4.4550617306390805,1.2724442066781059,3.182617523960973,168,168,0
6393,11488-1-03,18 a 29,Mujeres,Quintil bajo,Centro,Trabajadores rutinarios,Usuarios publicos,66.09,62.93247058955414,28.08,27.534176683736113,6.13,9.833352726709741,67.7,2.859258,129.63832091,55.67,0,55.67,73.96832091,5.9410546612585255,7.654125036202829,3.0817966612585255,4.794867036202829,2.0778309132154305,1.0778309132154305,59.330040310000015,50.3018490829474,157.14525649,3.1575294104458607,0.5458233162638848,-3.703352726709741,168,168,0
6396,11493-1-01,30 a 44,Hombres,Quintil bajo,Norte,Trabajadores rutinarios,Movilidad activa,70.96,62.8327143737977,18.71,26.156091923799416,8.66,9.341193702402867,69.67000000000002,1.535552,72.96276032,39,0,39,33.96276032,2.9242785513112475,5.804994364214556,1.3887265513112474,4.269442364214556,1.9043826267760697,0.9043826267760697,36.000009599999984,23.52013990211381,78.02806783999998,8.127285626202294,-7.446091923799415,-0.6811937024028669,168,168,0
6403,11510-1-02,18 a 29,Hombres,Quintil bajo,Centro,Trabajadores rutinarios,Motorizados privados,47.09,53.6146136608094,35.38,27.075752016203353,7.89,9.669634322987251,77.64,2.682009,88.32580051000002,89.53000000000002,22.5,67.03000000000002,21.29580051,6.6622679524860535,3.8728236609566946,3.9802589524860537,1.1908146609566947,2.484058760610443,1.4840587606104432,37.97000329999999,55.46907585981373,154.02053272999996,-6.524613660809393,8.30424798379665,-1.7796343229872518,168,168,0
6412,11533-1-01,45 a 59,Mujeres,Quintil alto,Sur,Trabajadores rutinarios,Motorizados privados,59.5,56.705100623608665,28.17,29.94909908090928,9.68,10.695800295482043,70.65,9.384194,298.6669170656109,335.33000000000004,95.0226244343891,240.30737556561093,58.3595415,25.350658452283945,30.280825973605793,15.966464452283944,20.896631973605793,2.701420969375094,1.7014209693750941,259.6926259343891,233.46474797585387,614.8843688343891,2.794899376391335,-1.7790990809092797,-1.0158002954820429,168,168,0
6418,11545-1-01,30 a 44,Hombres,Quintil alto,Centro,Trabajadores rutinarios,Movilidad mixta,57.86,57.7408763993111,35.4,33.09118273116139,9.39,11.817940869527499,65.35000000000001,9.825907,258.09701122,214.57000000000002,0,214.57000000000002,43.52701122,30.392219081643127,30.58838590749659,20.566312081643126,20.76247890749659,3.0930700933403017,2.0930700933403017,310.4299678,309.2594703781258,750.53234233,0.11912360068890138,2.3088172688386095,-2.4279408695274984,168,168,0
6423,11549-1-01,30 a 44,Mujeres,Quintil bajo,Norte,Trabajadores rutinarios,Movilidad mixta,64.87,67.65266705726434,33.27,33.16354805524283,14.52,11.843784887492843,55.33999999999999,3.99793,173.505729,131.66,17.5,114.16,59.345729,9.508352000498055,7.927324052676999,5.510422000498055,3.929394052676999,2.378318780093212,1.378318780093212,85.83999010000005,96.96489820824885,276.9010648000001,-2.7826670572643337,0.10645194475717545,2.6762151125071565,168,168,0
6426,11556-1-01,30 a 44,Hombres,Quintil bajo,Centro,Trabajadores rutinarios,Usuarios publicos,49.52,60.82932250357063,46.71,36.66603887668555,14.36,13.094638619743836,57.40999999999998,5.826589,131.22269920000002,117.69000000000001,0,117.69000000000001,13.532699199999998,19.796624924372093,11.368478935512142,13.970035924372093,5.541889935512142,3.3976353788420792,2.3976353788420792,157.30998807999998,223.20476217675707,513.1397783100001,-11.309322503570627,10.043961123314453,1.265361380256163,168,168,0
6429,11559-1-02,45 a 59,Mujeres,Quintil bajo,Sur,Trabajadores rutinarios,Motorizados privados,38.3,58.564731975982184,46.27,28.851467701554068,13.15,10.303800322463776,70.27999999999997,1.196522,45.8267953,0,0,0,45.8267953,2.7330355831816147,-2.0054188854435627e-7,1.5365135831816146,-1.1965222005418887,2.284149880388003,1.2841498803880034,-2.7000000031307536e-6,24.24719493336616,71.09733454000003,-20.264731975982187,17.418532298445935,2.846199677536225,167.99999999999997,168,0
6430,11562-1-01,45 a 59,Mujeres,Quintil bajo,Sur,Trabajadores rutinarios,Usuarios publicos,51.66,57.3264649322459,24.8,23.7585734318203,13.11,8.484961635933796,78.43,3.073831,131.58410988000003,52.790000000000006,0,52.790000000000006,78.79410988000001,6.108525267660841,3.167734203621778,3.034694267660841,0.09390320362177773,1.9872677670505765,0.9872677670505766,27.20999957999996,44.62775514915032,143.73893278999998,-5.666464932245901,1.041426568179702,4.625038364066203,168,168,0
6432,11563-1-02,30 a 44,Hombres,Quintil alto,Centro,Trabajadores rutinarios,Movilidad activa,46.18,52.13893167635991,35.65,32.090502875294646,13.86,11.460565448345465,72.30999999999999,2.19246,37.3981063626913,52.43,18.7796833773087,33.6503166226913,3.7477897400000004,7.794404064485137,5.69167238237911,5.601944064485137,3.49921238237911,3.555095219290266,2.555095219290266,63.8496964373087,76.91441578046076,172.39839103730873,-5.95893167635991,3.559497124705352,2.399434551654535,168,168,0
6434,11563-1-05,60 o mas,Hombres,Quintil alto,Centro,Trabajadores rutinarios,Motorizados privados,63.76,53.49002258921127,18.98,29.967577771924535,11.42,10.702399638864197,73.84,7.374354,191.8286448886544,228.5,81.8601583113456,146.6398416886544,45.188803199999995,21.988450035103696,40.41173409482845,14.614096035103696,33.03738009482845,2.981745931250886,1.9817459312508858,278.36016615134565,202.62571715218613,502.5405277513456,10.269977410788727,-10.987577771924535,0.71760036113580306,168,168,0
6436,11568-1-02,18 a 29,Mujeres,Quintil medio,Sur,Trabajadores rutinarios,Usuarios publicos,55.61,59.89275060234649,34.03,30.348728426104536,11.44,10.838520971548968,66.92,3.804656,139.0369034,89.96000000000001,0,89.96000000000001,49.0769034,9.519023824715305,7.040875753883643,5.714367824715305,3.2362197538836432,2.5019407338574906,1.5019407338574906,72.54001675999999,88.83440953572119,245.53772508,-4.282750602346489,3.681271573895465,0.6014790284510312,168,168,0
6438,11572-1-04,45 a 59,Hombres,Quintil bajo,Norte,Trabajadores rutinarios,Motorizados privados,52.16,57.84410440426751,38.07,30.708786234742565,9.29,10.967109360989907,68.48000000000002,2.860258,93.43104896,56.739999999999995,0,56.739999999999995,36.691048959999996,7.6265861296908914,5.196191156604159,4.7663281296908915,2.335933156604159,2.6663979716832857,1.6663979716832857,55.76000832,72.01801341514138,191.22182719999995,-5.684104404267515,7.361213765257435,-1.677109360989908,168,168,0
6452,11599-1-01,18 a 29,Hombres,Quintil alto,Norte,Trabajadores rutinarios,Movilidad mixta,64.52,62.151148406649504,36.55,35.301525289425484,8.99,12.60732630392501,57.940000000000005,5.958796,175.5515312,116.09,0,116.09,59.461531199999996,17.94464519862686,20.246043165728388,11.985849198626859,14.287247165728388,3.0114548641414904,2.011454864141491,208.90998672,194.79448332094944,480.2735565600001,2.3688515933504917,1.2484747105745129,-3.61732630392501,168,168,0
6454,11600-1-04,30 a 44,Hombres,Quintil medio,Centro,Trabajadores rutinarios,Motorizados privados,67.2,60.3452786108106,28.19,32.53530322535116,9.11,11.61941816383825,63.5,2.495118,82.79486161063122,49.01,33.887043189368796,15.122956810631202,67.67190480000001,6.774203173447322,10.042816333968133,4.2790851734473225,7.547698333968134,2.714983088353866,1.7149830883538664,84.87706798936881,67.77372926621732,177.94496938936882,6.8547213891894,-4.345303225351156,-2.50941816383825,168,168,0
6455,11602-1-01,60 o mas,Hombres,Quintil bajo,Centro,Trabajadores rutinarios,Usuarios publicos,63.87,71.36097258453792,25.46,18.884688932428677,7.66,6.744338483033413,71.00999999999999,1.18745,75.84246131,0,0,0,75.84246131,1.531771347757973,-3.972332846597528e-6,0.3443213477579732,-1.1874539723328466,1.2899670283026428,0.2899670283026428,-2.981000001511802e-5,8.895125585509547,39.32831419,-7.490972584537921,6.575311067571324,0.9156615169665869,168,168,0
6460,11612-1-01,30 a 44,Hombres,Quintil bajo,Norte,Trabajadores rutinarios,Movilidad mixta,57.02,50.738427893560036,20.9,26.96241435840665,9.41,9.629157748033318,80.66999999999999,4.892079,137.45631652,108.51,0,108.51,28.946316519999996,13.359068583966383,20.602213318818045,8.466989583966384,15.710134318818046,2.7307548761919795,1.73075487619198,141.49002806000001,110.76008107109928,289.76894255,6.281572106439967,-6.062414358406652,-0.219157748033318,168,168,0
6462,11617-1-01,45 a 59,Hombres,Quintil bajo,Norte,Trabajadores rutinarios,Motorizados privados,67.43,57.01328043818971,21.85,29.184118711718174,7.34,10.422600850092122,71.38,6.27278,212.98356013,140.01,0,140.01,72.97356013,16.11826007547331,31.749617098434282,9.845480075473308,25.47683709843428,2.5695560940242297,1.5695560940242297,209.98999527000007,144.64820513706763,393.09244347000003,10.416719561810297,-7.3341187117181725,-3.0826008500921223,168,168,0
6465,11626-1-02,30 a 44,Mujeres,Quintil bajo,Norte,Trabajadores rutinarios,Motorizados privados,79.64,77.02898066169351,27.12,27.079902678432383,7.02,9.671116659874107,54.22,2.149692,135.42144608,76.72,0,76.72,58.701446080000004,3.6227527561901955,4.6254192526041855,1.4730607561901956,2.4757272526041856,1.6852427027640218,0.6852427027640219,35.78002479999998,30.167137416597228,109.17050967999998,2.611019338306491,0.04009732156761814,-2.6511166598741074,168,168,0
6466,11628-1-01,30 a 44,Mujeres,Quintil bajo,Centro,Trabajadores rutinarios,Motorizados privados,66.04,64.47254487142254,11.92,25.28673657997567,20.83,9.030718548601794,69.21,3.301511,164.40179415999998,98.86999999999999,0,98.86999999999999,65.53179415999999,6.231573233836869,7.227205660888041,2.930062233836869,3.9256946608880408,1.8874912831842356,0.8874912831842356,53.62999228000004,48.455021930995144,161.75447753000006,1.567455128577464,-13.36673657997567,11.799281451398205,168,168,0
6470,11635-1-01,45 a 59,Hombres,Quintil bajo,Sur,Trabajadores rutinarios,Motorizados privados,60.22,60.91922697157232,36.47,34.20503807787299,10.65,12.215734950554676,60.660000000000004,3.1067,93.68547596000002,56.60000000000001,0,56.60000000000001,37.085475960000004,9.086436400552666,8.748136857590257,5.979736400552666,5.641436857590257,2.9247872020319523,1.924787202031952,93.39999803999999,95.5722864725837,239.78770204,-0.6992269715723225,2.264961922127007,-1.5657349505546758,168,168,0
6475,11652-1-02,18 a 29,Mujeres,Quintil bajo,Norte,Trabajadores rutinarios,Usuarios publicos,49.3,56.49438655191722,37,31.961219360439962,13.57,11.414394087642826,68.13,4.061983,109.8357403,84.58,0,84.58,25.255740299999996,12.173555872665608,7.891246979143804,8.111572872665608,3.8292639791438043,2.9969489957652726,1.9969489957652724,90.42002159999998,119.64349746931637,295.83450191,-7.194386551917226,5.038780639560038,2.1556059123571742,168,168,0
6491,11678-1-01,45 a 59,Hombres,Quintil bajo,Centro,Trabajadores rutinarios,Motorizados privados,56.15,56.72895967351497,33.35,31.176791144679054,9.54,11.134249181805972,68.96000000000001,4.012872,118.1427509,92.82,0,92.82,25.3227509,11.422140516704903,11.028888293020485,7.409268516704904,7.016016293020485,2.846375492840266,1.846375492840266,107.1800119,109.50330296297737,279.29209197999995,-0.5789596735149729,2.173208855320947,-1.5942491818059725,168,168,0
6495,11683-1-02,30 a 44,Mujeres,Quintil bajo,Sur,Trabajadores rutinarios,Movilidad mixta,58.77,59.13813515514224,22.61,22.48259627658821,8.27,8.02926856826956,78.35,2.389878,111.33311065999999,63.379999999999995,0,63.379999999999995,47.95311066,4.339341643420916,4.161868477209773,1.9494636434209158,1.7719904772097732,1.8157168037117024,0.8157168037117024,29.120019400000018,29.99981750830102,102.91945204000001,-0.3681351551422338,0.1274037234117884,0.2407314317304401,168,168,0
6496,11684-1-01,18 a 29,Hombres,Quintil bajo,Sur,Trabajadores rutinarios,Movilidad mixta,54.62,62.28098202805218,40.72,29.230023149579218,6.61,10.438994822368606,66.05,3.125005,131.36780702,85.68,0,85.68,45.687807019999994,7.038103623000381,3.666490915789783,3.913098623000381,0.5414859157897833,2.2521895558568326,1.2521895558568326,39.31996608,63.260573222573214,187.22645273,-7.660982028052182,11.489976850420781,-3.828994822368606,168,168,0
6498,11687-1-01,60 o mas,Hombres,Quintil medio,Centro,Trabajadores rutinarios,Movilidad activa,69.81,64.33474499913027,36.26,35.72624679267011,6.75,12.759008208199624,55.18,7.62668,248.31850859000002,215.9,0,215.9,32.41850859,22.05936439609095,29.152500293211943,14.432684396090949,21.525820293211943,2.8923941211760487,1.8923941211760489,284.10002220999996,242.3420043999668,612.1235290099999,5.475255000869737,0.5337532073298874,-6.009008208199624,168,168,0
6508,11701-1-01,60 o mas,Hombres,Quintil bajo,Norte,Trabajadores rutinarios,Motorizados privados,56.86,56.50682128628021,26.44,27.074125332536447,9.95,9.669053381183355,74.75,3.493776,129.62609174000002,70.97000000000001,0,70.97000000000001,58.65609174,8.143326901023531,8.372012617192695,4.649550901023531,4.8782366171926945,2.3308096744105895,1.3308096744105893,69.03001161999998,67.79608430629489,196.16852025999995,0.35317871371979237,-0.6341253325364455,0.2809466188166443,168,168,0
6510,11703-1-01,30 a 44,Mujeres,Quintil bajo,Centro,Trabajadores rutinarios,Movilidad mixta,54.49,60.42616355517186,38.64,32.94728584693145,12.01,11.766550597896703,62.85999999999999,6.306671,201.31050193,157.66,0,157.66,43.65050193,17.744641126310892,12.402850180282002,11.437970126310892,6.096179180282002,2.8136303806415293,1.813630380641529,142.34000086000003,179.7774314046593,461.7728870100001,-5.936163555171859,5.69271415306855,0.24344940210329646,168,168,0
6512,11706-1-01,18 a 29,Hombres,Quintil bajo,Centro,Trabajadores rutinarios,Movilidad mixta,50.11,51.335990762560606,20.14,27.95158601987092,19.02,9.982423217568464,78.73,5.780533,155.49248580999998,140.82999999999998,0,140.82999999999998,14.662485810000002,16.434440279801557,15.12121866819596,10.653907279801556,9.34068566819596,2.843066596073676,1.8430665960736763,134.17002282,141.2569028806768,360.5356951,-1.2259907625606061,-7.811586019870919,9.037576782431536,168,168,0
6530,11739-1-02,18 a 29,Mujeres,Quintil bajo,Sur,Trabajadores rutinarios,Motorizados privados,58.01,56.72218425435243,34.35,29.03018842317939,3.76,10.367627322468172,71.88000000000001,3.080329,105.0714196115385,75.42,24.0384615384615,51.3815384615385,53.689881150000005,7.802481462539877,8.525538036638823,4.722152462539877,5.445209036638823,2.533002631387711,1.5330026313877112,73.61846567846148,69.65156949048664,191.00980386846146,1.2878157456475705,5.319811576820612,-6.607627322468172,168,168,0
6536,11746-1-01,60 o mas,Hombres,Quintil alto,Centro,Trabajadores rutinarios,Motorizados privados,52.04,65.59071348431642,41.15,40.990309712175716,28.03,14.638976803507857,46.78,29.240528,555.8370611199999,534.16,0,534.16,21.677061119999998,108.06123621414808,61.61672628670449,78.82070821414808,32.37619828670449,3.695597980109938,2.695597980109938,965.8400160000002,1362.0700330581321,2988.69974304,-13.550713484316425,0.15969028782428296,13.391023196492144,168,168,0
6537,11747-1-01,45 a 59,Mujeres,Quintil bajo,Centro,Trabajadores rutinarios,Movilidad activa,53.79,50.67329527854785,28.47,27.946203704343116,6.34,9.980501017109038,79.4,5.625684,144.54553119000002,116.94000000000001,0,116.94000000000001,27.605531189999997,16.352601019479238,20.03973472496529,10.726917019479238,14.41405072496529,2.9067756062159265,1.9067756062159267,158.06001116999994,140.52641528580216,353.8900712099999,3.1167047214521517,0.5237962956568829,-3.640501017109038,168,168,0
6549,11770-1-01,45 a 59,Hombres,Quintil bajo,Centro,Trabajadores rutinarios,Usuarios publicos,55.91,60.78330738824061,38.73,34.79150956205344,13.36,12.42518304970593,60.000000000000014,4.157389,117.19962677000001,82.01,0,82.01,35.18962677,12.665386357079187,9.763889283177766,8.507997357079187,5.606500283177766,3.0464761313120294,2.0464761313120294,115.23999221999998,135.50022674949025,331.79838522999995,-4.873307388240612,3.9384904379465553,0.9348169502940689,168,168,0
6556,11783-1-01,60 o mas,Hombres,Quintil bajo,Norte,Trabajadores rutinarios,Motorizados privados,50.55,54.86301003484255,39.87,32.23486727879727,8.19,11.51212268636017,69.39000000000001,3.637453,83.2230635198198,112.03,62.6801801801802,49.3498198198198,33.8732437,11.73679392229473,9.2428264184219735,8.09934092229473,5.605373418421974,3.226651704446691,2.226651704446691,100.65018563018019,116.33855692044834,275.4661768101801,-4.313010034842556,7.63513272120273,-3.3221226863601707,168,168,0
6562,11794-1-02,45 a 59,Hombres,Quintil alto,Centro,Trabajadores rutinarios,Movilidad activa,52.97,53.635845987428034,38.27,34.14121305854818,8.73,12.19294095402379,68.02999999999999,6.600419,82.11144901931,191.97,134.48275862069,57.48724137931001,24.624207639999998,25.899662487229126,25.120056030601255,19.299243487229127,18.519637030601256,3.9239421750693597,2.9239421750693597,267.51274541069,271.9076079171837,577.73243841069,-0.6658459874280354,4.128786941451821,-3.4629409540237894,168,168,0
6566,11798-1-01,30 a 44,Hombres,Quintil bajo,Centro,Trabajadores rutinarios,Usuarios publicos,58.1,64.31422964398104,39.72,34.12029862757585,12.8,12.185471728443101,57.38000000000001,5.010883,181.6722839,140.54,0,140.54,41.1322839,13.400483599218385,9.19824096767297,8.389600599218385,4.18735796767297,2.6742758909394584,1.6742758909394582,109.4600184,140.59879608112064,372.63159355999994,-6.214229643981035,5.59970137242415,0.6145282715568996,168,168,0
6577,11817-1-01,45 a 59,Mujeres,Quintil alto,Sur,Trabajadores rutinarios,Movilidad mixta,67.88,60.75471930254812,19.03,31.253600418320172,16.26,11.161680279131705,64.83,11.41774,409.53618628,384.5,0,384.5,25.03618628,29.565979492179178,45.70984115112554,18.14823949217918,34.292101151125536,2.589477382755184,1.5894773827551845,365.50000492,284.14540248947577,768.43204952,7.125280697451878,-12.22360041832017,5.098319720868297,168,168,0
6584,11827-1-01,60 o mas,Hombres,Quintil bajo,Centro,Trabajadores rutinarios,Usuarios publicos,72.43,51.442415145060465,14.51,31.7047753052459,7.53,11.322809549693648,73.52999999999999,3.829109,62.18238418999999,126.84,154.5,-27.659999999999997,89.84238418999999,13.826261338637705,43.08478099364104,9.997152338637704,39.25567199364104,3.610829918562701,2.610829918562701,215.15998068000005,134.79623062368734,299.55354304,20.98758485493954,-17.194775305245898,-3.792809549693648,168,168,0
6585,11829-1-01,45 a 59,Mujeres,Quintil bajo,Sur,Trabajadores rutinarios,Movilidad activa,63.25,61.08116929376333,24.1,25.50143599316062,8.34,9.107394713076042,72.31,2.894138,131.64423549999998,73.58999999999999,0,73.58999999999999,58.054235500000004,5.755488605371999,6.994242445950859,2.8613506053719995,4.100104445950859,1.9886711018520884,0.9886711018520885,51.409993000000014,45.13309763751363,145.29582972000003,2.168830706236669,-1.401435993160618,-0.7673947130760421,168,168,0
6587,11833-1-01,60 o mas,Hombres,Quintil alto,Sur,Trabajadores rutinarios,Motorizados privados,58.24,51.205779245866005,28.24,31.761244288398608,7.83,11.342976465735383,73.69,15.452715,231.5024564060219,451.1599999999999,244.623655913978,206.5363440860219,24.96611232,57.31398290606079,81.79102425379315,41.86126790606079,66.33830925379316,3.708991132371288,2.7089911323712883,668.463665193978,559.7658566332603,1225.843095243978,7.034220754133997,-3.5212442883986093,-3.512976465735383,168,168,0
6589,11838-1-01,30 a 44,Hombres,Quintil medio,Sur,Trabajadores rutinarios,Motorizados privados,45.07,54.3887962121064,43.62,31.54533542187505,8.51,11.265868366018555,70.8,4.76521,113.13803289000002,98.37000000000002,0,98.37000000000002,14.768032889999999,15.054851655040462,8.604152638125923,10.289641655040462,3.838942638125923,3.159325959410071,2.159325959410071,101.62998180999996,146.0360027078915,350.04037910999995,-9.318796212106399,12.074664578124949,-2.7558683660185554,168,168,0
6590,11838-1-02,18 a 29,Mujeres,Quintil medio,Sur,Trabajadores rutinarios,Usuarios publicos,60.39,61.38097511410511,33.4,29.35529234665829,7.43,10.483732539236597,66.78,2.891462,117.45540274,55.339999999999996,0,55.339999999999996,62.11540274,6.649668811337362,6.178552311498767,3.7582068113373617,3.287090311498767,2.2997600561021936,1.2997600561021938,57.15998744000002,60.025354325380604,175.2183809,-0.9909751141051117,4.04470765334171,-3.053732539236597,168,168,0
6591,11838-1-03,30 a 44,Hombres,Quintil medio,Sur,Trabajadores rutinarios,Movilidad mixta,45.05,51.07583333122762,30.55,29.020131132794383,14.86,10.364035535977997,77.54,4.785756,113.96832890000002,98.37000000000002,0,98.37000000000002,15.5983289,14.620317924631602,9.877438101354107,9.8345619246316,5.091682101354107,3.054965176793719,2.054965176793719,101.62997889999997,130.46814691992256,318.95115885999996,-6.0258333312276235,1.529868867205618,4.495964464022002,168,168,0
6596,11845-1-01,30 a 44,Mujeres,Quintil medio,Centro,Trabajadores rutinarios,Motorizados privados,45.53,48.21049491102482,26.52,26.592467450380997,12.25,9.497037638594175,83.7,6.069793,147.46767864,118.61,0,118.61,28.857678639999996,17.751708333727894,14.672272849763067,11.681915333727893,8.602479849763068,2.924598636844435,1.924598636844435,128.88999664999997,145.16004589747402,364.21587126,-2.680494911024816,-0.07246745038099789,2.7529623614058245,168,168,0
6599,11846-1-02,30 a 44,Hombres,Quintil medio,Norte,Trabajadores rutinarios,Movilidad mixta,65.28,62.48521751323064,30.91,32.33639937619891,10.18,11.548383110570448,61.63,5.082614,187.02302992,122.73,0,122.73,64.29302992,13.130688824832696,15.549500849349654,8.048074824832696,10.466886849349653,2.583451905817104,1.5834519058171042,144.770012,130.56521140579127,353.61462126000004,2.794782486769364,-1.426399376198912,-1.3683831105704485,168,168,0
6600,11852-1-01,60 o mas,Hombres,Quintil medio,Centro,Trabajadores rutinarios,Movilidad mixta,66.66,55.51233632851864,21.35,37.253296276481464,18.06,13.304367394999886,61.93000000000001,2.636947,9.533547439119005,131.47,191.215334420881,-59.745334420880994,69.27888186,11.946215171526227,18.617314179032196,9.309268171526227,15.980367179032196,4.530320545511998,3.530320545511998,166.24533958088102,136.84954130535925,270.167420850881,11.147663671481354,-15.903296276481463,4.7556326050001125,168,168,0
6603,11860-1-01,45 a 59,Hombres,Quintil bajo,Norte,Trabajadores rutinarios,Movilidad mixta,56.81,52.985492920093485,25.35,27.620371405993584,8.31,9.864135673912923,77.53,2.505609,77.49364594,47.65,0,47.65,29.84364594,6.507142025480482,8.502954616569719,4.001533025480482,5.997345616569719,2.597030113429702,1.5970301134297018,64.85000135000001,55.267281990022525,149.18880029000002,3.8245070799065175,-2.2703714059935827,-1.5541356739129224,168,168,0
6616,11879-1-02,60 o mas,Hombres,Quintil bajo,Centro,Trabajadores rutinarios,Usuarios publicos,47.21,50.19512345858156,30.21,33.20594892139982,17.84,11.858927620018635,72.73999999999998,2.776287,15.40456281603171,60.09,68.2539682539683,-8.163968253968292,23.568531070000002,12.139131193928659,10.623768477853377,9.362844193928659,7.847481477853377,4.372433827600914,3.372433827600914,115.66394645396828,123.9515059054233,249.06453680396837,-2.985123458581562,-2.9959489213998225,5.981072379981365,168,168,0
6622,11885-1-01,30 a 44,Mujeres,Quintil medio,Norte,Trabajadores rutinarios,Motorizados privados,48.08,54.27396865898025,42.16,30.39941024026717,5.29,10.85662110075258,72.47,2.894304,77.76812536,53.61,0,53.61,24.15812536,8.48504450089614,5.709991706089774,5.590740500896141,2.815687706089774,2.9316355506871914,1.9316355506871914,61.390010959999984,79.31723922556117,198.72473576,-6.193968658980253,11.760589759732827,-5.56662110075258,168,168,0
6623,11886-1-02,45 a 59,Mujeres,Quintil alto,Norte,Trabajadores rutinarios,Motorizados privados,71.6,61.96511374742467,26.56,30.81856965190876,5.63,11.006316600666565,64.21000000000001,6.51752,252.0844032,185.43,0,185.43,66.65440319999999,16.01540498660959,29.41860439019513,9.497884986609588,22.90108439019513,2.4572851309408468,1.4572851309408468,214.5700288,151.77446495111525,424.36899759999994,9.634886252575328,-4.258569651908761,-5.3763166006665655,168,168,0
6628,11897-1-02,30 a 44,Mujeres,Quintil alto,Norte,Trabajadores rutinarios,Motorizados privados,57.15,55.88898043382744,26.7,31.943097416052982,15.39,11.407922150119587,68.75999999999999,5.270465,135.70708739999998,84.5,0,84.5,51.20708739999999,16.17232095042781,17.353737443902457,10.90185595042781,12.083272443902457,3.0684808551859866,2.0684808551859866,165.49998735000003,158.85382786217235,387.3338592,1.261019566172557,-5.243097416052983,3.9820778498804135,168,168,0
6630,11900-1-01,60 o mas,Mujeres,Quintil bajo,Centro,Trabajadores rutinarios,Movilidad activa,54.3,60.56726010987473,31.96,30.67698705396055,15.94,10.955752836164718,65.80000000000001,2.927512,108.77391999999999,64.80999999999999,0,64.80999999999999,43.96392,7.265524983187822,4.624401211838083,4.338012983187822,1.6968892118380827,2.4818087793279147,1.4818087793279144,50.189981599999996,68.53746077877962,190.41780640000002,-6.267260109874734,1.2830129460394524,4.984247163835281,168,168,0
6634,11907-1-02,45 a 59,Mujeres,Quintil bajo,Centro,Trabajadores rutinarios,Movilidad activa,62.82,66.42723353975457,4.42,12.101077071092824,15.61,4.321689389152603,85.15,1.114063,69.98542572,0,0,0,69.98542572,1.0799731733418347,2.6308577169335993e-6,-0.03408982665816529,-1.114060369142283,0.969400449832581,-0.030599550167418978,1.1940000007371054e-5,4.018697358999603,22.314693829999996,-3.607233539754567,-7.681077071092824,11.288310610847397,168,168,0
6636,11912-1-01,45 a 59,Mujeres,Quintil alto,Centro,Trabajadores rutinarios,Motorizados privados,62.34,56.22029909392492,22.14,28.139991828118077,9.93,10.049709077956997,73.59,13.101953,451.50575677999996,384.72999999999996,0,384.72999999999996,66.77575678,32.946527581507134,50.267700625376094,19.844574581507132,37.16574762537609,2.5146272148516435,1.5146272148516433,365.2699932400001,285.08995959454694,785.4496259499999,6.1197009060750815,-5.999991828118077,-0.11970907795699759,168,168,0
6639,11917-1-02,60 o mas,Mujeres,Quintil bajo,Centro,Trabajadores rutinarios,Movilidad mixta,31.85,38.78417698062806,25.24,23.92973426589891,14.17,8.546088753473033,96.74000000000001,3.184421,36.3317575679487,36.19,101.2820512820513,-65.0920512820513,101.42380885,11.846709876784626,7.289462503615298,8.662288876784626,4.105041503615299,3.720208438766302,2.720208438766302,65.0920512820513,87.17339007687988,190.59008289205127,-6.9341769806280595,1.3102657341010868,5.623911246526967,168,168,0
6640,11920-1-02,60 o mas,Mujeres,Quintil bajo,Centro,Trabajadores rutinarios,Usuarios publicos,53.05,56.34584792189845,40.41,35.9317514519889,11.65,12.832400626112655,62.89000000000001,2.804505,37.5690077,107.53999999999999,93.75,13.789999999999992,23.779007700000005,10.901635689138992,9.427870144422164,8.097130689138993,6.623365144422164,3.8871871111440317,2.887187111144032,111.20998254999999,120.4532045262038,257.21251284999994,-3.2958479218984493,4.478248548011095,-1.1824006261126545,168,168,0
6643,11928-1-01,45 a 59,Mujeres,Quintil bajo,Centro,Trabajadores rutinarios,Movilidad mixta,72.96,64.82568917587925,20.68,28.673918952148902,10.1,10.240391871971829,64.26000000000002,2.857053,132.3537482147368,68.64,19.7368421052632,48.9031578947368,83.45059032,5.994659684645764,10.911186593887612,3.1376066846457635,8.054133593887611,2.098196877917828,1.0981968779178277,76.09683866526316,52.85668152227652,164.03693000526312,8.134310824120746,-7.993918952148903,-0.14039187197182912,168,168,0
6644,11928-1-02,18 a 29,Mujeres,Quintil bajo,Centro,Trabajadores rutinarios,Usuarios publicos,60.27,57.476636667188245,28.26,29.395331504229976,8.84,10.4980318285818,70.62999999999998,2.680472,93.0688908952632,61.78,17.7631578947368,44.0168421052632,49.05204878999999,6.747952423741723,8.146739760149046,4.067480423741723,5.466267760149046,2.5174493237540716,1.5174493237540714,68.4831565447368,60.995624345308215,167.92866774473683,2.793363332811758,-1.135331504229974,-1.6580318285817999,168,168,0
6649,11937-1-02,45 a 59,Mujeres,Quintil alto,Centro,Trabajadores rutinarios,Motorizados privados,46.06,50.82286295993687,34.52,30.1865391500195,11.21,10.78059789004365,76.20999999999998,9.081588,178.45571749777778,182.38,22.2222222222222,160.1577777777778,18.29793972,30.498115087607044,23.14719806157354,21.416527087607044,14.06561006157354,3.35823592609652,2.35823592609652,239.84222578222224,283.0965848848293,655.1432450222225,-4.762862959936868,4.333460849980504,0.4294021099563512,168,168,0
6662,11967-1-03,45 a 59,Mujeres,Quintil bajo,Norte,Trabajadores rutinarios,Usuarios publicos,55.19,61.04372278135384,44.75,35.39541856351349,9.14,12.640858655132675,58.92,2.731228,74.59649006,42.85999999999999,0,42.85999999999999,31.736490059999998,8.464386879743268,6.235604713637745,5.733158879743268,3.5043767136377446,3.099113980869875,2.099113980869875,76.13998326000002,92.12783482467152,223.32586018,-5.853722781353845,9.354581436486512,-3.5008586551326744,168,168,0
6669,11977-1-01,60 o mas,Hombres,Quintil alto,Norte,Trabajadores rutinarios,Movilidad mixta,57.89,57.292628247569624,36.01,33.67937001553058,9.1,12.028001736899798,65,9.319667,220.1692545591492,268.2,87.5462392108508,180.6537607891492,39.51549377,30.29783221909793,31.24373901946354,20.97816521909793,21.924072019463537,3.2509565222768075,2.2509565222768075,319.3462680708509,313.77896226299333,739.7564464408509,0.5973717524303765,2.330629984469418,-2.928001736899798,168,168,0
6671,11979-1-01,45 a 59,Hombres,Quintil medio,Sur,Trabajadores rutinarios,Motorizados privados,53.38,51.96229850558546,29.07,26.996404690088816,6.15,9.641296804325712,79.4,11.241547,335.70380638,310.63,0,310.63,25.073806379999997,29.926416978614906,33.12811746922437,18.684869978614906,21.88657046922437,2.6621262161351016,1.6621262161351018,264.36997248000006,248.4328144985687,660.2972578199999,1.417701494414544,2.073595309911184,-3.491296804325712,168,168,0
6679,12000-1-01,45 a 59,Mujeres,Quintil bajo,Norte,Trabajadores rutinarios,Movilidad mixta,48.09,60.050884972195,44.28,29.04588274944104,7.1,10.37323227836395,68.53,0.208576,10.0304181,0,0,0,10.0304181,0.2793155178997201,1.4946142948735543e-7,0.07073951789972008,-0.20857585053857053,1.3391546385956201,0.3391546385956202,1.7400000000833415e-6,2.4947552839605454,10.716636620000001,-11.960884972194997,15.23411725055896,-3.2732322783639507,168,168,0
6685,12010-1-02,45 a 59,Mujeres,Quintil medio,Norte,Trabajadores rutinarios,Movilidad activa,64.5,62.06885558016246,27.1,28.973693336007805,9.79,10.347451083829718,66.61000000000001,3.054516,128.7163045,56.7,0,56.7,72.0163045,6.8325014237447474,8.171200905833938,3.7779854237447474,5.116684905833939,2.236852392897843,1.2368523928978428,68.29997749999998,60.874007971295526,180.98107273999997,2.431144419837537,-1.873693336007804,-0.5574510838297186,168,168,0
6686,12011-1-03,18 a 29,Mujeres,Quintil bajo,Centro,Trabajadores rutinarios,Movilidad mixta,53.29,54.69141590210055,25.21,25.29493693500192,10.52,9.03364716289753,78.98,2.514838,94.26573005,75.25,45,30.25,64.01573005,5.563503348875555,4.909960041054715,3.048665348875555,2.395122041054715,2.2122710683056144,1.2122710683056144,39.74998697000001,43.274320934406745,129.60514871,-1.4014159021005526,-0.08493693500192023,1.4863528371024692,168,168,0
6690,12013-1-03,18 a 29,Mujeres,Quintil bajo,Centro,Trabajadores rutinarios,Movilidad mixta,63.04,65.86401137736628,28.49,25.499341810502347,8.94,9.106646812131356,67.53000000000002,2.850203,146.30677064,81.63,0,81.63,64.67677064,5.282295215908474,3.934691684105208,2.4320922159084737,1.084488684105208,1.8533049105303987,0.8533049105303986,33.37002648000001,41.41903217980351,140.05312476999998,-2.8240113773662827,2.990658189497651,-0.16664681213135601,168,168,0
6696,12021-1-02,45 a 59,Hombres,Quintil bajo,Centro,Trabajadores rutinarios,Movilidad mixta,62.99,59.196474296487,33.43,32.32810484177396,6.65,11.545420861739068,64.92999999999998,1.986056,63.1516552,65.55,12.5,53.05,10.101655200000001,5.473900849392912,6.821622256601423,3.487844849392912,4.835566256601423,2.7561664169554696,1.7561664169554694,61.95001224,54.415857755383776,141.55113672000004,3.793525703513005,1.1018951582260428,-4.895420861739067,168,168,0
6699,12024-1-01,60 o mas,Hombres,Quintil bajo,Norte,Trabajadores rutinarios,Movilidad activa,58.14,60.541106527582876,38.23,35.46366263357508,12.3,12.665230838842035,59.33,5.442095,139.64337788,98.24,0,98.24,41.40337788,17.40709352576477,15.438629334728777,11.964998525764768,9.996534334728777,3.198601554321409,2.198601554321409,176.76002542000003,189.82707524822615,451.74908576999997,-2.4011065275828756,2.7663373664249136,-0.36523083884203444,168,168,0
6709,12049-1-01,30 a 44,Hombres,Quintil alto,Centro,Trabajadores rutinarios,Movilidad activa,55.5,61.778326463752926,41.11,33.616223485291606,10.79,12.005450050955456,60.6,8.7411,286.28103949999996,251.14999999999998,0,251.14999999999998,35.1310395,24.545603656942895,16.909557532032757,15.804503656942895,8.168457532032757,2.8080680528701074,1.8080680528701074,198.8500105,253.72948995231064,652.5131005000001,-6.278326463752926,7.493776514708394,-1.2154500509554573,168,168,0
6711,12050-1-01,18 a 29,Hombres,Quintil bajo,Norte,Trabajadores rutinarios,Motorizados privados,64.48,68.5101974829947,35.84,31.890621299873956,11.47,11.389181217131352,56.209999999999994,2.53871,119.05599344000001,67.86000000000001,0,67.86000000000001,51.19599344,5.595459837505645,4.164333353240841,3.056749837505645,1.625623353240841,2.204056326837506,1.2040563268375062,44.640027360000005,54.871530012053455,164.74639746000003,-4.030197482994694,3.949378700126047,0.08081878286864885,168,168,0
6712,12050-1-02,18 a 29,Mujeres,Quintil bajo,Norte,Trabajadores rutinarios,Motorizados privados,55.53,58.48967726864938,31.19,29.039404166354334,11.18,10.370918564996282,70.1,2.668368,98.57444847999999,75.39999999999999,0,75.39999999999999,23.17444848,6.438922765148956,5.166511831985143,3.7705547651489555,2.498143831985143,2.413056506879469,1.4130565068794692,49.60002656000002,57.49753467399144,162.65877872000004,-2.9596772686493793,2.150595833645667,0.8090814350037174,168,168,0
6718,12058-1-02,60 o mas,Hombres,Quintil medio,Centro,Trabajadores rutinarios,Motorizados privados,66.19,50.76184220770075,14.6,27.151478921154855,6.82,9.696678871144378,80.39000000000001,3.370345,94.08310217,105,84,21,73.08310217,9.222723465235237,26.57934898524609,5.852378465235237,23.20900398524609,2.7364330551427933,1.7364330551427931,129.00003338,77.00181890551319,201.1928232799999,15.428157792299245,-12.551478921154855,-2.876678871144378,168,168,0
6731,12079-1-01,30 a 44,Mujeres,Quintil alto,Sur,Trabajadores rutinarios,Motorizados privados,55.28,58.88628768466914,40.65,35.039841742704475,10.51,12.513870572626384,61.559999999999995,10.098627,232.66210895999998,199.41,0,199.41,33.252108959999994,33.59760965234236,28.08759109728162,23.498982652342363,17.98896409728162,3.3269482725069817,2.3269482725069817,325.5899916000001,362.0085457821674,842.23574892,-3.606287684669141,5.610158257295524,-2.0038705726263846,168,168,0
6733,12083-1-01,45 a 59,Hombres,Quintil alto,Sur,Trabajadores rutinarios,Movilidad mixta,49.27,55.09253682133586,41.84,34.86576211868354,11.3,12.451701059980598,65.58999999999999,8.966174,122.72320981981981,173.64000000000001,55.1801801801802,118.45981981981981,4.26339,34.62696159859193,26.497067931293188,25.66078759859193,17.530893931293186,3.861955121392015,2.861955121392015,319.0401831601802,371.24606142168443,795.5026695201803,-5.822536821335859,6.974237881316462,-1.1517010599805975,168,168,0
6734,12083-1-03,45 a 59,Hombres,Quintil alto,Sur,Trabajadores rutinarios,Movilidad mixta,53.03,54.20101945650183,35.23,33.732134785813145,11.72,12.04684575768502,68.02000000000001,9.285403,146.02500172009013,188.53,59.9099099099099,128.62009009009012,17.40491163,34.44166385130516,32.56050211039404,25.156260851305156,23.275099110394038,3.7092266055986105,2.7092266055986105,346.3799193699099,357.25330694437037,782.3295902199098,-1.1710194565018313,1.4978652141868523,-0.3268457576850192,168,168,0
6735,12083-1-04,45 a 59,Hombres,Quintil alto,Sur,Trabajadores rutinarios,Movilidad mixta,48.56,50.63705661785565,32.24,31.797145442938366,12.99,11.355797939205992,74.21,9.819411,130.4506690500901,188.53,59.9099099099099,128.62009009009012,1.8305789600000002,37.51144215267252,33.79870919897378,27.69203115267252,23.97929819897378,3.8201315896312438,2.8201315896312433,346.3799291099099,366.7754017109045,790.51188863991,-2.0770566178556464,0.44285455706163646,1.6342020607940082,168,168,0
6741,12091-1-01,45 a 59,Mujeres,Quintil medio,Norte,Trabajadores rutinarios,Motorizados privados,73.78,69.41370776065912,23.03,25.602724202454187,7.35,9.143568036886693,63.839999999999996,2.28161,126.79843589999999,51.42999999999999,5.46875,45.96124999999999,80.8371859,4.010795522493528,6.034476997104974,1.7291855224935282,3.752866997104974,1.7578795335283104,0.7578795335283103,41.53874990000003,31.576573863797478,110.85406170000002,4.366292239340879,-2.572724202454186,-1.7935680368866933,168,168,0
6743,12093-1-02,18 a 29,Hombres,Quintil bajo,Centro,Trabajadores rutinarios,Usuarios publicos,67.64,67.24895885468216,31.43,27.617817540195002,5.66,9.86322360512283,63.27000000000001,3.060317,155.01984056,80.52000000000001,0,80.52000000000001,74.49984056,5.979752138402491,6.185195569642489,2.919435138402491,3.124878569642489,1.9539649449395244,0.9539649449395246,51.980001319999985,50.78329145528434,165.48715885,0.3910411453178426,3.8121824598049976,-4.2032236051228296,168,168,0
6747,12100-1-01,60 o mas,Hombres,Quintil bajo,Sur,Trabajadores rutinarios,Movilidad mixta,38.5,46.078822412186945,35.24,28.02318429167179,10.37,10.007993296141272,83.88999999999999,5.143056,79.49764050000002,68.99000000000001,0,68.99000000000001,10.5076405,18.276059796924145,11.467505733834278,13.133003796924145,6.324449733834278,3.5535408902652716,2.5535408902652716,118.51001549999998,157.4883235799325,353.08479966000004,-7.578822412186945,7.2168157083282125,0.3620067038587269,168,168,0
6752,12109-1-01,30 a 44,Hombres,Quintil medio,Norte,Trabajadores rutinarios,Motorizados privados,77.71,64.02048247970059,17.99,27.594589430799928,5.77,9.854928089499467,66.53000000000002,5.139066,238.23678855,138.88,0,138.88,99.35678855,10.697045769384534,29.927957735098463,5.557979769384534,24.788891735098463,2.08151554570121,1.08151554570121,161.12003030999992,90.768696265025,283.2242384699998,13.689517520299404,-9.60458943079993,-4.084928089499467,168,168,0
6754,12114-1-01,45 a 59,Hombres,Quintil bajo,Norte,Trabajadores rutinarios,Movilidad activa,61.54,97.02160435220618,39.83,11.685221757392512,11.51,4.173173890401294,55.12000000000001,1.03314,97.30943927999999,56.230000000000004,0,56.230000000000004,41.079439279999995,0.8147152743097206,-2.8995760740976984,-0.21842472569027938,-3.9327160740976983,0.7885816775168134,-0.2114183224831866,-33.730003679999996,2.9274610404383026,19.311403920000004,-35.48160435220618,28.144778242607487,7.3368261095987055,168.00000000000003,168,0
6757,12116-1-02,45 a 59,Mujeres,Quintil bajo,Centro,Trabajadores rutinarios,Movilidad mixta,71.44,71.00076508361718,27.57,28.30912342698083,10.41,10.110111489401978,58.58000000000001,2.559445,139.73671032,61.89,0,61.89,77.84671032,4.823120888103385,5.009535441734628,2.2636758881033847,2.450090441734628,1.8844401376483513,0.8844401376483513,43.11004048000001,41.98584286943861,140.31776158000002,0.43923491638281575,-0.7391234269808287,0.2998885105980218,168,168,0
6766,12139-1-03,30 a 44,Mujeres,Quintil medio,Norte,Trabajadores rutinarios,Motorizados privados,49.35,55.597087835542474,37.2,32.10659845833177,12.62,11.466313706125751,68.83,6.119428,150.7437866,123.74999999999999,0,123.74999999999999,26.9937866,19.191880886901654,13.398790630847863,13.072452886901655,7.279362630847863,3.136221373452168,2.1362213734521682,151.2499852,189.47858941927805,456.11988815999996,-6.247087835542473,5.093401541668236,1.153686293874248,168,168,0
6772,12156-1-01,45 a 59,Mujeres,Quintil medio,Norte,Trabajadores rutinarios,Usuarios publicos,39.44,45.26917269711734,30.76,24.618689986237158,8.48,8.792137316645508,89.32,3.040877,72.48218208,42.550000000000004,0,42.550000000000004,29.932182079999997,8.60940525126001,5.336804127927623,5.568528251260011,2.295927127927623,2.8312244300772478,1.8312244300772476,47.4500068,65.17580398369208,166.77402028000003,-5.829172697117343,6.141310013762844,-0.3121373166455079,168,168,0
6773,12159-1-01,45 a 59,Hombres,Quintil bajo,Centro,Trabajadores rutinarios,Motorizados privados,73.44,63.53732265123017,11.37,27.00007113673737,15.37,9.642606212032469,67.82,4.935698,229.47765748,142,0,142,87.47765747999999,10.13219391129669,21.951501576759963,5.19649591129669,17.015803576759964,2.052839114406248,1.0528391144062481,133.00000364,84.12337885503149,264.9805681600001,9.902677348769828,-15.630071136737369,5.7273937879675305,168,168,0
6775,12163-1-02,45 a 59,Mujeres,Quintil alto,Norte,Trabajadores rutinarios,Motorizados privados,61.17,58.59595705861934,21.32,26.60317963293763,12.21,9.500863308443039,73.29999999999998,5.161705,209.23146963,130.99,0,130.99,78.24146963,11.395775876585432,14.01944810493736,6.234070876585432,8.85774310493736,2.207754196837175,1.2077541968371752,106.51002522000005,93.22357489926077,279.58199387000013,2.574042941380661,-5.283179632937628,2.709136691556962,168,168,0
6782,12168-1-02,30 a 44,Mujeres,Quintil alto,Centro,Trabajadores rutinarios,Motorizados privados,60.76,63.17087102848111,25.34,30.86590674916788,18.96,11.023222222350997,62.940000000000005,4.427407,179.50926568,85.5,0,85.5,94.00926568,10.554245601262748,8.916475343727049,6.126838601262748,4.489068343727049,2.383843545728402,1.3838435457284024,89.49998363999998,100.17389090759445,285.63411374,-2.410871028481111,-5.525906749167881,7.936777777649004,168,168,0
6783,12169-1-01,45 a 59,Hombres,Quintil medio,Sur,Trabajadores rutinarios,Usuarios publicos,33.72,52.872676539553815,46.59,30.636153587310776,14.14,10.941169873135404,73.55,6.185106,142.23177407999998,83.67,0,83.67,58.56177407999999,19.61548531368157,4.820373619489246,13.43037931368157,-1.3647323805107545,3.171406490637601,2.171406490637601,66.33000024000003,184.7913348208536,441.95148762,-19.152676539553816,15.953846412689227,3.1988301268645962,168,168,0
6793,12184-1-03,18 a 29,Mujeres,Quintil bajo,Centro,Trabajadores rutinarios,Movilidad mixta,59.51,73.70499055441856,39.95,28.556538103806343,13,10.198471341775093,55.540000000000006,0.736476,43.82771618,0,0,0,43.82771618,1.1905252769647878,-2.4521706342969625e-6,0.4540492769647878,-0.7364784521706343,1.6165160534284726,0.6165160534284726,-2.942000000416556e-5,10.45424044355596,38.99637477999999,-14.19499055441856,11.39346189619366,2.801528658224907,168,168,0
6795,12187-1-01,45 a 59,Hombres,Quintil bajo,Sur,Trabajadores rutinarios,Movilidad mixta,56.22,61.499205110237504,33.34,31.552402602863893,14.76,11.268392286898596,63.68,4.011032,147.67024018,122.17,0,122.17,25.500240180000002,10.204143553329791,7.14127601858052,6.193111553329791,3.1302440185805196,2.544019482599438,1.5440194825994384,77.82997885999998,99.00503949172617,270.76061805999996,-5.2792051102375055,1.7875973971361105,3.491607713101404,168,168,0
6803,12203-1-02,60 o mas,Hombres,Quintil bajo,Centro,Trabajadores rutinarios,Motorizados privados,43.8,53.70633014257159,40.44,29.800823580320277,9.91,10.642846277108129,73.85000000000001,3.582927,97.2122188,84.03,31.25,52.78,44.4322188,10.390168775319511,5.234728834792757,6.807241775319511,1.651801834792757,2.89991082020915,1.8999108202091504,59.71998380000001,95.2136415387336,240.12035824999998,-9.90633014257159,10.639176419679721,-0.7328462771081288,168,168,0
6805,12209-1-01,45 a 59,Hombres,Quintil alto,Centro,Trabajadores rutinarios,Motorizados privados,59.09,55.83869599074926,28.08,28.642229481158516,7.54,10.229074528092235,73.28999999999999,8.947346,295.32865712,266.63,0,266.63,28.69865712,23.1936772016376,28.915128581258806,14.246331201637599,19.967782581258806,2.5922410066222543,1.592241006622254,233.37001801999997,204.27947609804636,552.0744825400001,3.2513040092507453,-0.5622294811585178,-2.6890745280922355,168,168,0
6811,12217-1-02,45 a 59,Hombres,Quintil alto,Norte,Trabajadores rutinarios,Motorizados privados,56.63,44.319016692412795,23.08,29.113575676617742,4.12,10.397407630969468,84.17,3.161651,17.095846611539,149.59,161.538461538461,-11.948461538461004,29.044308150000003,13.742033102984232,26.27736863791354,10.580382102984231,23.11571763791354,4.346473757851272,3.3464737578512715,161.94844951846102,123.0254168330446,247.94535671846097,12.310983307587207,-6.033575676617744,-6.277407630969468,168,168,0
6817,12231-1-02,18 a 29,Mujeres,Quintil medio,Centro,Trabajadores rutinarios,Motorizados privados,55.8,59.42527405155919,32.24,30.10370929996587,12.24,10.751016648474916,67.72000000000001,4.711267,170.358694,122.47,0,122.47,47.888694,11.84078314706615,9.181038074601098,7.129516147066149,4.4697710746010975,2.5132906173787535,1.5132906173787537,92.53000459999998,109.60963860506712,302.08716075999996,-3.6252740515591952,2.136290700034131,1.4889833515250839,168,168,0
6829,12255-1-04,18 a 29,Mujeres,Quintil medio,Centro,Trabajadores rutinarios,Usuarios publicos,70.21,56.52468453206534,28.51,36.74314112135384,7.67,13.122174346580813,61.61,3.470257,34.89444976946899,130.35999999999999,164.112291350531,-33.75229135053101,68.64674112,14.272631080437035,25.464589399998733,10.802374080437035,21.994332399998733,4.112845555945002,3.112845555945002,208.752294200531,161.2607324007225,334.30619246053107,13.68531546793465,-8.233141121353835,-5.452174346580813,168,168,0
6830,12256-1-01,30 a 44,Mujeres,Quintil bajo,Norte,Trabajadores rutinarios,Motorizados privados,52.39,49.65312165072779,25.45,29.36844762940787,11.67,10.488430719864335,78.49,4.616118,91.0784041,161.74,137.5,24.24000000000001,66.83840409999999,15.294911523579954,17.924712397272028,10.678793523579953,13.308594397272028,3.3133710021234193,2.3133710021234193,150.76001792000002,138.12626450811428,322.11031808,2.73687834927221,-3.918447629407872,1.1815692801356654,168,168,0
6831,12259-1-02,45 a 59,Hombres,Quintil alto,Sur,Trabajadores rutinarios,Movilidad mixta,61.96,57.652229870881335,34.84,32.611234448448165,5.11,11.646535680670501,66.08999999999999,17.244618,470.41652844,401.94,0,401.94,68.47652844,52.2310212316054,66.06964270030367,34.98640323160541,48.82502470030367,3.0288302838372765,2.0288302838372765,598.06000284,523.7741525315379,1286.9824919400003,4.307770129118666,2.228765551551838,-6.536535680670501,168,168,0
6836,12269-1-02,30 a 44,Hombres,Quintil bajo,Sur,Trabajadores rutinarios,Motorizados privados,57.57,62.454435919928414,34.22,29.706429137776155,10.98,10.609134942295428,65.23,3.150909,130.91782001,74.52,0,74.52,56.397820010000004,7.210937029009166,4.9289565569012215,4.060028029009166,1.7780475569012215,2.2885259552113904,1.2885259552113901,50.48001111999997,65.87042422002571,192.90109791999998,-4.884435919928414,4.513570862223844,0.370865057704572,168,168,0
6837,12273-1-01,45 a 59,Hombres,Quintil alto,Centro,Trabajadores rutinarios,Motorizados privados,60.24,60.87577305684877,32.9,35.09180028135626,15.36,12.532426661794982,59.499999999999986,13.090954,356.47908479999995,367.87999999999994,50,317.87999999999994,38.5990848,40.81648654650917,39.51764151459532,27.725532546509168,26.42668751459532,3.117915359454259,2.117915359454259,432.1199841600001,440.4428600016467,1063.8894242000001,-0.6357730568487696,-2.191800281356258,2.827573338205017,168,168,0
6840,12275-1-01,30 a 44,Hombres,Quintil bajo,Centro,Trabajadores rutinarios,Movilidad mixta,57,61.68775484682258,28.75,26.18922024613921,11.48,9.353024907038224,70.77,5.172985,233.40016999999995,188.53999999999996,0,188.53999999999996,44.86017,10.64287349606097,6.742428193898234,5.46988849606097,1.569443193898234,2.0573950042501514,1.0573950042501516,61.45997500000004,85.7096605062905,269.56916155000005,-4.687754846822578,2.560779753860789,2.126975092961777,168,168,0
6859,12302-1-02,30 a 44,Mujeres,Quintil bajo,Centro,Trabajadores rutinarios,Movilidad activa,32.28,45.1253804958583,26.67,19.69934187818471,12.91,7.035277625956979,96.14,2.975201,96.03948828000001,0,0,0,96.03948828000001,6.309039700316137,0,3.3338387003161367,-2.975201,2.1205423432958432,1.1205423432958435,0,38.217588896658114,117.75845557999999,-12.8453804958583,6.9706581218152905,5.874722374043021,168,168,0
6861,12307-1-02,18 a 29,Hombres,Quintil bajo,Centro,Trabajadores rutinarios,Usuarios publicos,48.63,59.40973209143041,45.66,33.06992048188562,10,11.81034742668396,63.71000000000001,3.956618,118.43367482333329,112.69,11.6666666666667,101.0233333333333,17.41034149,11.468883713324416,5.865776237325182,7.512265713324416,1.9091582373251819,2.898658327218957,1.898658327218957,73.97665851666673,116.62794054479795,294.20201639666675,-10.779732091430411,12.59007951811438,-1.8103474266839594,168,168,0
6862,12310-1-01,30 a 44,Hombres,Quintil bajo,Sur,Trabajadores rutinarios,Motorizados privados,49.94,58.88842581490646,40.96,33.18877863462088,13.03,11.852795550472653,64.07,6.131626,174.42342036,168.21,0,168.21,6.21342036,18.289756382673115,10.773158631100717,12.158130382673114,4.641532631100717,2.98285583345643,1.98285583345643,131.78998208,186.65838246575166,462.83646982000005,-8.948425814906464,7.77122136537912,1.1772044495273466,168,168,0
6867,12320-1-01,30 a 44,Mujeres,Quintil bajo,Norte,Trabajadores rutinarios,Motorizados privados,49.85,51.912872770709,33.29,29.987583052213775,9.47,10.709544177077209,75.39000000000001,8.140891,184.92341785,184.1,30,154.1,30.823417850000006,25.776726043029143,22.79985051793197,17.635835043029143,14.658959517931969,3.1663273765769797,2.1663273765769797,220.8999985,237.69362087321,569.0044976599999,-2.0628727707089993,3.3024169477862237,-1.2395441770772084,168,168,0
6876,12342-1-02,18 a 29,Mujeres,Quintil bajo,Norte,Trabajadores rutinarios,Motorizados privados,57.47,59.61519313624311,38.54,33.41958340158055,8.96,11.935223462176332,63.03000000000001,2.835022,84.08872706,46.160000000000004,0,46.160000000000004,37.92872706,8.263596842218316,7.325325363438373,5.428574842218316,4.4903033634383736,2.914826354863672,1.9148263548636715,78.83998728,84.9216570154982,213.50353228,-2.1451931362431083,5.120416598419446,-2.9752234621763307,168,168,0
6878,12352-1-02,45 a 59,Mujeres,Quintil bajo,Norte,Trabajadores rutinarios,Movilidad mixta,54.42,51.453493528679765,23.74,27.341842541292554,10.4,9.764663930027693,79.44,2.522657,72.92300132,52.64,0,52.64,20.28300132,6.764830010107869,8.320059883301466,4.242173010107869,5.797402883301466,2.6816289373100934,1.6816289373100937,64.35999262000001,56.876514304578706,150.4835026,2.966506471320237,-3.601842541292555,0.6353360699723076,168,168,0
6879,12354-1-01,30 a 44,Hombres,Quintil bajo,Centro,Trabajadores rutinarios,Usuarios publicos,66.61,57.70256100890334,15.86,26.97410583527041,11.84,9.63333315582626,73.69,5.738616,222.25919274999998,202.51,0,202.51,19.749192750000002,13.125849106840068,25.49101357260391,7.387233106840068,19.75239757260391,2.2872847925074735,1.2872847925074735,159.99001901000005,108.87364709666886,318.94968221,8.907438991096662,-11.114105835270411,2.206666844173739,168,168,0
6882,12357-1-01,30 a 44,Hombres,Quintil medio,Sur,Trabajadores rutinarios,Motorizados privados,78.94,71.2696379042658,19.17,27.971004061894536,11.12,9.989358033839656,58.77,4.533549,249.07836672,153.7,0,153.7,95.37836672,8.606530050497707,15.852712035328251,4.072981050497707,11.319163035328252,1.8984089618305013,0.8984089618305012,108.79999133999999,74.02602893124632,246.12119054999997,7.670362095734191,-8.801004061894535,1.1306419661603435,168,168,0
6888,12364-1-01,45 a 59,Hombres,Quintil medio,Norte,Trabajadores rutinarios,Motorizados privados,52.9,49.61132816548325,24.62,27.343438084101454,9.2,9.765233750415304,81.27999999999999,7.559922,189.4298785,164.51,0,164.51,24.919878500000003,22.07708893530864,27.468303570516344,14.51716693530864,19.908381570516344,2.9202799890407123,1.9202799890407123,210.4899953,185.62789274745646,466.16655734000017,3.288671834516748,-2.7234380841014527,-0.5652337504153042,168,168,0
6894,12376-1-04,45 a 59,Hombres,Quintil alto,Centro,Trabajadores rutinarios,Motorizados privados,54.97,56.83678839906724,33.28,34.46473161604964,15.36,12.30847998488311,64.39,5.35943,108.07961333608402,216.3,140.328253223916,75.97174677608402,32.107866560000005,18.544394759056146,16.924858306103797,13.184964759056147,11.565428306103797,3.4601431045943594,2.4601431045943594,186.52825376391593,196.53317551352887,447.21092896391593,-1.8667883990672394,-1.184731616049639,3.051520015116889,168,168,0
6895,12377-1-01,30 a 44,Hombres,Quintil alto,Sur,Trabajadores rutinarios,Motorizados privados,59.5,60.075527407319925,28.66,32.107748256219395,15.49,11.466724336460674,64.35000000000001,11.283204,372.51065750000004,326.16,0,326.16,46.350657500000004,30.925497096390508,29.873215702668357,19.64229309639051,18.590011702668356,2.7408435668087283,1.7408435668087283,298.83998049999997,305.3337736443818,796.9934370999999,-0.5755274073199246,-3.447748256219395,4.0232756635393265,168,168,0
6902,12389-1-01,30 a 44,Mujeres,Quintil bajo,Norte,Trabajadores rutinarios,Usuarios publicos,57.41,56.607675190993426,28.81,29.04087939259442,9.8,10.371445416412145,71.98,2.836997,96.35196930000002,83.48000000000002,25,58.48000000000002,37.8719693,7.19404898519346,7.6037286153676495,4.3570519851934595,4.766731615367649,2.5357971775061654,1.5357971775061656,66.52002846999999,64.24383539382278,176.05648264,0.8023248090065707,-0.2308793925944208,-0.5714454164121445,168,168,0
6907,12396-1-01,30 a 44,Mujeres,Quintil bajo,Norte,Trabajadores rutinarios,Motorizados privados,66.5,67.45955393652412,19.07,24.62577754749236,15.31,8.79466851598352,67.12,2.814285,152.189964,90.04,0,90.04,62.149964000000004,4.973329214053148,4.487860945485795,2.1590442140531483,1.673575945485795,1.767173265697379,0.767173265697379,34.95998849999998,37.66044675025077,131.71510679999997,-0.9595539365241166,-5.555777547492358,6.51533148401648,168,168,0
6908,12398-1-01,45 a 59,Hombres,Quintil bajo,Centro,Trabajadores rutinarios,Usuarios publicos,65.15,58.35317952358908,20.75,26.391540431128252,8.27,9.42528004528267,73.83,2.330454,95.48910074999999,43.66,0,43.66,51.829100749999995,4.990513009881704,8.568271970220119,2.6600590098817043,6.237817970220119,2.1414338192822964,1.1414338192822961,56.33997735000001,40.50029988346627,123.96975243000001,6.796820476410929,-5.641540431128252,-1.1552800452826713,168,168,0
6919,12415-1-01,45 a 59,Hombres,Quintil bajo,Centro,Trabajadores rutinarios,Motorizados privados,56.4,55.022774149269466,21.68,26.45815541983499,12.85,9.449070430895548,77.07,2.854655,102.96255660000001,66.96000000000001,0,66.96000000000001,36.002556600000005,6.650548575372609,7.418305243813313,3.7958935753726086,4.563650243813313,2.3297206055977373,1.329720605597737,58.03998539999999,54.10848073908282,156.61122254999998,1.3772258507305324,-4.778155419834992,3.400929569104452,168,168,0
6922,12423-1-01,45 a 59,Hombres,Quintil medio,Norte,Trabajadores rutinarios,Motorizados privados,54.95,54.873637789802395,33.06,31.57861029977291,9.72,11.277751910424705,70.27,10.052291,245.87340809999998,193.49999999999997,0,193.49999999999997,52.3734081,31.48473905906393,31.62013041961692,21.43244805906393,21.56783941961692,3.132095863426947,2.132095863426947,306.4999823500001,305.7323671916905,736.5369913300001,0.07636221019760825,1.4813897002270906,-1.5577519104247042,168,168,0
6930,12444-1-02,18 a 29,Mujeres,Quintil bajo,Norte,Trabajadores rutinarios,Motorizados privados,50.14,51.633468861822216,34.09,28.01239208950028,5.42,10.0041390486775,78.35,6.109285,166.66955996,135.35,0,135.35,31.319559960000003,17.27144148749406,15.59939884848831,11.162156487494059,9.49011384848831,2.827080662875289,1.827080662875289,139.64998993999998,148.77401685549754,381.02784029,-1.4934688618222154,6.077607910499722,-4.5841390486775,168,168,0
6932,12448-1-01,45 a 59,Mujeres,Quintil medio,Sur,Trabajadores rutinarios,Motorizados privados,64.6,65.29471002829179,25.7,27.945161249301865,12.92,9.980128722406345,64.78,3.916159,186.69386959999997,108.71,0,108.71,77.98386959999999,8.030837827562694,7.575472825348617,4.1146788275626935,3.6593138253486175,2.0506924840290432,1.0506924840290432,66.2900018,69.01059672968518,217.53206238,-0.6947100282917944,-2.245161249301866,2.939871277593655,168,168,0
6933,12448-1-02,60 o mas,Hombres,Quintil medio,Sur,Trabajadores rutinarios,Motorizados privados,47.98,54.830233747449206,32.72,28.604254005625382,12.95,10.215512246925412,74.35000000000001,5.768305,182.05327612,155.29,0,155.29,26.763276120000004,15.259911179865401,9.152480201497218,9.491606179865402,3.384175201497218,2.6454757818571317,1.6454757818571317,94.70999777999995,134.22423535658,358.1484871299999,-6.850233747449209,4.115745994374617,2.7344877530745872,168,168,0
6935,12451-1-01,30 a 44,Mujeres,Quintil bajo,Centro,Trabajadores rutinarios,Motorizados privados,58.42,62.58807196339563,27.57,28.04584268797153,14.66,10.016085348632842,67.35,3.266096,144.10536196,103.30000000000001,0,103.30000000000001,40.80536196,6.993526346033415,4.880557902508941,3.7274303460334153,1.6144619025089408,2.1412494752246767,1.1412494752246765,46.69996635999999,60.31328952735859,184.62720044,-4.168071963395626,-0.47584268797152873,4.643914651367158,168,168,0
6941,12462-1-01,45 a 59,Hombres,Quintil bajo,Sur,Trabajadores rutinarios,Motorizados privados,46.35,54.96119923547998,37.54,30.96145510667829,13.09,11.057345657841719,71.02000000000001,6.563774,173.27092969999998,169.04,0,169.04,4.2309297,19.691999545991713,11.415756755978974,13.128225545991713,4.851982755978973,3.0001032250640733,2.0001032250640733,130.95999520000007,187.4819608506634,463.28387281999994,-8.61119923547998,6.578544893321709,2.0326543421582812,168,168,0
6943,12472-1-01,45 a 59,Hombres,Quintil bajo,Sur,Trabajadores rutinarios,Motorizados privados,47.98,51.85118170996167,41.14,30.0256714894758,3.48,10.723146800562512,75.4,5.801957,130.96790144,102.58999999999999,0,102.58999999999999,28.377901440000002,18.39825942984788,14.580464170925074,12.59630242984788,8.778507170925074,3.171043740904643,2.171043740904643,147.40999541999997,169.87042524038407,406.2933167599999,-3.871181709961675,11.1143285105242,-7.243146800562512,168,168,0
6944,12475-1-01,18 a 29,Mujeres,Quintil bajo,Norte,Trabajadores rutinarios,Usuarios publicos,52.44,53.29957557661682,25.74,24.353127967071604,8.17,8.697296456311573,81.65,2.852667,105.10388612,30.509999999999998,0,30.509999999999998,74.59388612000001,6.268433649406729,5.790396718822786,3.4157666494067294,2.9377297188227858,2.1973941050275863,1.1973941050275863,44.48997136,46.94205424142075,141.22390932999997,-0.8595755766168196,1.3868720329283946,-0.5272964563115732,168,168,0
6951,12488-1-02,60 o mas,Mujeres,Quintil bajo,Centro,Trabajadores rutinarios,Usuarios publicos,51.73,47.868672892804824,15.16,20.050602760989698,8.19,7.160724346205461,92.92000000000002,1.408141,50.863111690000004,15.520000000000001,0,15.520000000000001,35.34311169,2.6830664050802935,4.15446616088413,1.2749254050802934,2.74632516088413,1.90539612516097,0.9053961251609699,21.98002223999999,16.542729225947078,54.860114589999974,3.861327107195173,-4.890602760989697,1.0292756537945387,168,168,0
6962,12502-2-01,30 a 44,Mujeres,Quintil bajo,Norte,Trabajadores rutinarios,Movilidad mixta,61.17,61.260572172631555,29.41,30.04085757887403,11.45,10.728570248494417,65.97,3.452833,135.41978035,86.71000000000001,0,86.71000000000001,48.70978035,8.238339551001113,8.186299128001496,4.785506551001113,4.733466128001496,2.385965249695283,1.385965249695283,75.79001426000002,76.10274484654394,216.87277064,-0.09057217263155337,-0.6308575788740285,0.7214297515055819,168,168,0
6966,12509-1-01,30 a 44,Mujeres,Quintil bajo,Sur,Trabajadores rutinarios,Movilidad activa,39.83,63.45763975827048,35.19,15.2471172670042,9.13,5.445242974725289,83.85000000000002,2.23957,127.83208822999998,106.13,37.5,68.63,59.202088229999994,3.0469591719870532,-3.8467955926330917,0.8073891719870532,-6.086365592633092,1.36051079983526,0.36051079983525997,-38.63001512999999,14.28573804342983,60.62772726999998,-23.627639758270483,19.9428827329958,3.6847570252747115,168,168,0
6967,12512-1-01,45 a 59,Hombres,Quintil alto,Norte,Trabajadores rutinarios,Movilidad mixta,54.16,48.15434512359146,25.72,29.264387443597663,7.99,10.45126743281086,80.13000000000001,23.616441,379.5936911372622,385.33000000000004,34.8027842227378,350.52721577726226,29.06647536,84.19290044800599,117.76147673512598,60.57645944800599,94.14503573512599,3.5650122068776575,2.5650122068776575,899.4727534227376,757.6405593676731,1695.5829795327372,6.005654876408535,-3.544387443597664,-2.4612674328108604,168,168,0
6969,12515-1-02,18 a 29,Hombres,Quintil bajo,Norte,Trabajadores rutinarios,Motorizados privados,47.81,58.380415323571306,35.56,32.22941070911049,18.75,11.51017396731822,65.88,2.903465,87.70467373999999,63.88999999999999,0,63.88999999999999,23.81467374,8.253857741654471,4.153363659931971,5.3503927416544705,1.2498986599319708,2.8427612324083364,1.8427612324083362,51.109987910000015,81.80081883745298,208.79717206000004,-10.570415323571304,3.330589290889513,7.23982603268178,168,168,0
6970,12518-1-02,60 o mas,Mujeres,Quintil bajo,Sur,Trabajadores rutinarios,Movilidad activa,59.77,50.59984528680388,25.2,34.06458141794529,11.86,12.165573295250837,71.16999999999999,1.573229,4.256673228041009,68.15,154.175257731959,-86.02525773195899,90.28193096,7.193215625136496,10.691165836998142,5.619986625136496,9.117936836998142,4.572262286759585,3.5722622867595857,89.775224101959,75.34847077267217,148.079090841959,9.170154713196126,-8.864581417945292,-0.3055732952508379,168,168,0
6971,12523-1-02,60 o mas,Hombres,Quintil bajo,Centro,Trabajadores rutinarios,Motorizados privados,51.55,43.719334268131774,26.36,29.42281768976463,5.74,10.507848042103584,84.35000000000001,1.86142,2.929013874110698,43.04,61.0671936758893,-18.0271936758893,20.95620755,8.670937952469902,12.790244312067008,6.8095179524699025,10.928824312067007,4.658238308640662,3.6582383086406627,93.0271871258893,78.45102931927515,152.77876912588928,7.830665731868223,-3.062817689764632,-4.767848042103584,168,168,0
6978,12537-1-01,45 a 59,Hombres,Quintil medio,Centro,Trabajadores rutinarios,Motorizados privados,73.44,62.28588581581232,24.81,30.41273454097919,5.31,10.86137964320849,64.44,3.314891,133.06560639999998,89.61999999999999,0,89.61999999999999,43.445606399999996,7.8491699779902175,16.173699161834445,4.534278977990217,12.858808161834446,2.367851605977457,1.3678516059774568,110.37998864,73.40531591786393,210.22450556,11.154114184187677,-5.602734540979192,-5.551379643208491,168,168,0
6987,12552-1-01,45 a 59,Hombres,Quintil bajo,Sur,Trabajadores rutinarios,Movilidad activa,56.29,61.922941128040165,31.65,32.45597235123706,18.03,11.591086520722772,62.03,3.035449,108.9854141,84.37,0,84.37,24.6154141,7.913453148954243,5.497215623014191,4.878004148954243,2.4617666230141912,2.6070123889263974,1.6070123889263972,61.880010109999986,78.9785156241684,212.68111642999997,-5.632941128040166,-0.8059723512370596,6.438913479277229,168,168,0
6996,12573-1-01,45 a 59,Mujeres,Quintil bajo,Centro,Trabajadores rutinarios,Usuarios publicos,61.36,58.46416611263105,25.32,29.24978239416378,11.48,10.446051493205184,69.83999999999999,3.42279,124.48238880000002,64.46000000000001,0,64.46000000000001,60.02238880000001,8.408386578427702,10.258773444938692,4.985596578427702,6.835983444938692,2.4565885077459333,1.456588507745933,85.54000559999997,75.62817432865239,211.4986776,2.8958338873689513,-3.92978239416378,1.0339485067948164,168,168,0
7002,12582-1-02,30 a 44,Mujeres,Quintil bajo,Centro,Trabajadores rutinarios,Motorizados privados,41.94,55.28148194150194,40.28,28.249647398958135,11.4,10.08887065953993,74.38,1.852984,62.476387417959195,29.15,19.3877551020408,9.7622448979592,52.714142519999996,4.599987873734917,1.3012856818502736,2.7470038737349167,-0.5516983181497264,2.4824757654329,1.4824757654329,15.237761542040793,39.959314115932834,110.99997466204081,-13.34148194150194,12.030352601041866,1.3111293404600701,168,168,0
7008,12590-1-01,30 a 44,Mujeres,Quintil medio,Sur,Trabajadores rutinarios,Motorizados privados,56.53,59.380569483141315,28.61,27.43241883686078,11.47,9.797011679997903,71.39,2.736742,111.5580242,61.85,0,61.85,49.708024200000004,6.040079298407929,4.7514600394737725,3.303337298407929,2.0147180394737725,2.2070327778095007,1.207032777809501,43.150001059999994,50.95127428843114,152.83862042,-2.8505694831413138,1.1775811631392195,1.6729883200020979,168,168,0
7009,12590-1-02,30 a 44,Hombres,Quintil medio,Sur,Trabajadores rutinarios,Motorizados privados,46.75,58.39493872738388,45.46,32.72713405979992,10.6,11.687927212816206,65.19,9.030606,257.810851,235.63,0,235.63,22.180851,26.78256522689716,12.940271573587177,17.751959226897156,3.9096655735871764,2.9657550364723204,1.9657550364723204,164.3699795,269.5308330411453,670.62575186,-11.644938727383881,12.732865940200078,-1.087927212816206,168,168,0
7020,12610-1-01,45 a 59,Mujeres,Quintil alto,Centro,Trabajadores rutinarios,Usuarios publicos,47.3,54.07572564682201,47.92,34.31077669352043,5.42,12.25349765965756,67.36,4.715657,62.15193231034481,121.86000000000001,82.7586206896552,39.10137931034481,23.050553,18.27857068495988,13.312921015351677,13.56291368495988,8.597264015351676,3.876145081154096,2.876145081154096,160.89864378965518,192.85064186617092,412.4317881696552,-6.775725646822011,13.60922330647957,-6.83349765965756,168,168,0
7023,12613-1-01,45 a 59,Hombres,Quintil bajo,Centro,Trabajadores rutinarios,Motorizados privados,55.3,55.25005066255478,20.96,26.917007765142067,15.52,9.612941572303152,76.22000000000001,3.065333,109.13290810000001,89.62,0,89.62,19.512908100000004,7.276380314951131,7.304866967803568,4.211047314951131,4.239533967803568,2.3737650411720783,1.3737650411720785,60.38000679999996,60.22689544760101,172.20335463999993,0.04994933744522001,-5.957007765142066,5.907058427696848,168,168,0
7028,12627-1-01,30 a 44,Mujeres,Quintil bajo,Centro,Trabajadores rutinarios,Movilidad mixta,62.97,52.43594453059054,16.93,23.758956888563397,4.78,8.485098580846063,83.32,3.703311,134.62751118999998,130.92999999999998,142,-11.070000000000022,145.69751119,8.152155268081378,20.03820610065409,4.448844268081379,16.33489510065409,2.2013153278461837,1.2013153278461839,98.56998248,59.55909898552579,178.96886429000003,10.53405546940946,-6.828956888563397,-3.7050985808460632,168,168,0
7041,12649-1-01,45 a 59,Hombres,Quintil bajo,Sur,Trabajadores rutinarios,Movilidad mixta,51.94,54.24725457476731,29.33,28.304341660598784,11.39,10.108403764633904,75.34,7.66694,238.52088606,215.3,0,215.3,23.22088606,20.381056434579303,17.308963774460285,12.714116434579303,9.642023774460284,2.658303891067271,1.658303891067271,159.69997753999996,177.3895599294665,471.89777434,-2.307254574767313,1.0256583394012146,1.2815962353660968,168,168,0
7044,12658-1-01,30 a 44,Hombres,Quintil bajo,Centro,Trabajadores rutinarios,Motorizados privados,56.05,62.603915856816215,40.08,30.532081726592413,7.91,10.904002416591364,63.96000000000001,3.535131,142.7325623984848,109.73999999999998,15.1515151515152,94.58848484848478,48.14407754999999,8.369701343074755,5.095929093046011,4.8345703430747555,1.560798093046011,2.367578837410765,1.3675788374107651,55.411530151515194,78.58048126833776,225.06246684151517,-6.553915856816218,9.547918273407586,-2.994002416591364,168,168,0
7048,12663-1-01,45 a 59,Mujeres,Quintil bajo,Sur,Trabajadores rutinarios,Movilidad activa,57.58,69.01619118064565,10.81,9.530246790311367,13.56,3.4035620290429884,86.05,2.298435,151.17386922,38.830000000000005,0,38.830000000000005,112.34386922,2.543994537618233,-3.4101097553277064,0.24555953761823313,-5.708544755327706,1.1068377124513997,0.10683771245139981,-18.829981919999994,7.45536015628727,37.18287903000001,-11.43619118064565,1.279753209688634,10.156437970957011,168,168,0
7052,12667-1-04,18 a 29,Mujeres,Quintil alto,Centro,Trabajadores rutinarios,Movilidad mixta,66.22,67.74338368001847,40.19,33.7230242366215,7.1,12.043592083360034,54.49,3.839864,163.60577664,109.33,0,109.33,54.27577663999999,9.307664233846026,8.461909349441981,5.467800233846026,4.622045349441981,2.4239567426987065,1.4239567426987065,90.67001744000001,96.51960359109046,272.257186,-1.523383680018469,6.4669757633785,-4.943592083360034,168,168,0
7053,12670-1-02,60 o mas,Mujeres,Quintil bajo,Centro,Trabajadores rutinarios,Movilidad mixta,35.65,42.7905964531681,25.09,22.289202282751774,12.3,7.9602012640801405,94.96,4.099829,100.06892409999999,28.91,0,28.91,71.1589241,10.995830777170646,5.440327387672962,6.896001777170646,1.3404983876729624,2.68202180558522,1.6820218055852199,46.08997974999998,75.3652041659957,199.38258606,-7.140596453168101,2.8007977172482263,4.33979873591986,168,168,0
7064,12685-1-01,18 a 29,Hombres,Quintil bajo,Centro,Trabajadores rutinarios,Movilidad mixta,58.19,58.9204240166353,33.22,31.35992406239397,10.07,11.199651920970712,66.52000000000001,3.705229,122.18725464,91.58,0,91.58,30.607254640000004,9.968261214344317,9.524152867371269,6.2630322143443165,5.818923867371269,2.6903225723280038,1.6903225723280035,93.42002086999999,96.1264091187336,253.81938428,-0.730424016635304,1.8600759376060303,-1.129651920970712,168,168,0
7065,12686-1-01,60 o mas,Hombres,Quintil bajo,Norte,Trabajadores rutinarios,Motorizados privados,76.87,65.26092876239726,26.41,34.49115470549291,8.79,12.317916532109836,55.93,3.281006,122.38092926000002,70.17,0,70.17,52.21092926000001,8.649786563963133,16.278200126037923,5.368780563963133,12.997194126037924,2.636321470903477,1.6363214709034768,129.83000196,91.74056957499795,245.32141315999996,11.609071237602748,-8.08115470549291,-3.5279165321098365,168,168,0
7070,12696-1-01,60 o mas,Hombres,Quintil medio,Sur,Trabajadores rutinarios,Motorizados privados,41.44,52.90819706301497,42.03,32.20893979935295,13.15,11.502863137632092,71.38,13.979173,249.87691968000001,245.58,0,245.58,4.29691968,49.446689722900786,26.347672856631185,35.46751672290078,12.368499856631185,3.537168452160996,2.5371684521609956,329.42000943999994,489.73592018197803,1100.7907755800002,-11.46819706301497,9.821060200647054,1.6471368623679083,168,168,0
7085,12730-1-02,45 a 59,Hombres,Quintil alto,Centro,Trabajadores rutinarios,Usuarios publicos,68.79,59.40930780305141,10.47,28.0301951091689,18.19,10.010497087779699,70.55,3.976723,157.80875136999998,84.25,0,84.25,73.55875137,9.101106856599685,17.82456279573175,5.124383856599685,13.847839795731751,2.2885946183829464,1.2885946183829464,115.75002380000001,78.44560938447404,229.72290498,9.380692196948594,-17.5601951091689,8.179502912220302,168,168,0
7089,12736-1-01,45 a 59,Mujeres,Quintil bajo,Sur,Trabajadores rutinarios,Usuarios publicos,63.55,63.62217359293987,33.56,30.688103518692905,8.16,10.959722888367219,62.730000000000004,2.906144,121.27546425,111.59,37.5,74.09,47.18546425,6.741763140367651,6.70791185775363,3.8356191403676507,3.8017678577536302,2.3198310683736425,1.3198310683736425,63.40998694999999,63.61973380408065,184.65431462999996,-0.07217359293987613,2.871896481307097,-2.799722888367219,168,168,0
7090,12737-1-01,30 a 44,Mujeres,Quintil alto,Norte,Trabajadores rutinarios,Motorizados privados,55.59,60.43704154585208,38.32,31.568733773464622,9.37,11.274224680683297,64.72,2.106677,74.8101738,27.7,0,27.7,47.1101738,5.409362338730814,3.91459678133286,3.302685338730814,1.8079197813328602,2.567722692529901,1.5677226925299008,42.30000063,52.51115157269102,142.76742675999998,-4.847041545852079,6.751266226535378,-1.9042246806832974,168,168,0
7091,12738-1-01,45 a 59,Mujeres,Quintil bajo,Sur,Trabajadores rutinarios,Movilidad mixta,50.08,49.6536847796527,20.06,26.958540834179455,16.1,9.627774386167845,81.75999999999999,7.105473,185.15210863999997,154.30999999999997,0,154.30999999999997,30.84210864,20.22492249453695,20.833085054577275,13.119449494536951,13.727612054577275,2.8463865100236045,1.8463865100236045,170.6899792,167.66080791233324,427.6238828800001,0.4263152203472984,-6.898540834179457,6.4722256138321566,168,168,0
7100,12758-1-01,45 a 59,Hombres,Quintil bajo,Centro,Trabajadores rutinarios,Motorizados privados,49.78,49.16001265319241,26.73,27.66125191095114,10.19,9.878735435856452,81.3,2.830876,67.46102048,61.540000000000006,0,61.540000000000006,5.92102048,8.430019353564429,8.781387399205773,5.599143353564429,5.950511399205773,2.977883649288923,1.977883649288923,73.4599868,71.70487949961873,177.97592872,0.6199873468075907,-0.9312519109511399,0.3112645641435474,168,168,0
7101,12758-1-03,18 a 29,Hombres,Quintil bajo,Centro,Trabajadores rutinarios,Motorizados privados,48.54,50.99464263352279,35.54,29.558907288931714,7.03,10.556450077545483,76.89000000000001,2.814174,63.14002000000001,61.540000000000006,0,61.540000000000006,1.6000200000000002,8.841893426545118,7.6158989680858635,6.027719426545119,4.801724968085864,3.1419142620694807,2.1419142620694807,73.45998596,80.36777743855136,193.25937313999998,-2.4546426335227878,5.981092711068285,-3.5264500775454826,168,168,0
7105,12762-1-01,45 a 59,Hombres,Quintil bajo,Centro,Trabajadores rutinarios,Usuarios publicos,54.41,53.0826092923513,19.75,29.597247934724074,19.09,10.570142772924633,74.75,4.19547,110.58551617,82.31,0,82.31,28.275516170000003,12.319334354225163,13.373169494348371,8.123864354225162,9.17769949434837,2.9363419007227227,1.9363419007227227,117.69000653,112.12097863778112,280.64206133000005,1.3273907076486964,-9.847247934724074,8.519857227075367,168,168,0
7119,12777-1-01,45 a 59,Hombres,Quintil bajo,Centro,Trabajadores rutinarios,Motorizados privados,66.26,58.84283088181388,24.38,31.918154792593853,11.52,11.399014325592262,65.84,2.241297,71.66834518,60.660000000000004,0,60.660000000000004,11.00834518,6.135150314272298,9.446411435133601,3.8938533142722984,7.205114435133602,2.737321432310086,1.7373214323100858,76.83999404000001,60.2159151469168,157.30255633999997,7.4171691181861235,-7.538154792593854,0.12098567440773778,168,168,0
7127,12788-1-01,30 a 44,Hombres,Quintil alto,Norte,Trabajadores rutinarios,Motorizados privados,43.41,54.16511744497898,45.48,33.08805772657624,10.18,11.816824828444764,68.93,17.513181,314.32718981,304.08,0,304.08,10.24718981,62.33886823699296,35.35800314510994,44.82568723699296,17.84482214510994,3.559539996588453,2.559539996588453,445.9199973999999,634.2763158901744,1420.7036518599998,-10.755117444978985,12.391942273423759,-1.6368248284447642,168,168,0
7147,12819-1-01,60 o mas,Hombres,Quintil medio,Sur,Trabajadores rutinarios,Motorizados privados,61,52.104169144139995,21.72,34.09086930025914,15.65,12.174961555600857,69.63,3.32013,26.026919072165015,130.20000000000002,181.701030927835,-51.50103092783499,77.52795,14.019405363437269,20.844816802277087,10.69927536343727,17.52468680227709,4.222547118166237,3.2225471181662377,176.50101092783498,146.96569602836848,300.574269027835,8.895830855860005,-12.370869300259145,3.475038444399143,168,168,0
7162,12850-1-01,45 a 59,Hombres,Quintil bajo,Centro,Trabajadores rutinarios,Usuarios publicos,65.18,59.61425849984207,23.45,31.12130738054269,13.22,11.114434119615254,66.14999999999999,2.844153,98.97186414,51.089999999999996,0,51.089999999999996,47.88186414,7.375250812618261,10.399853491212733,4.5310978126182615,7.555700491212733,2.5931273080661486,1.593127308066149,86.41002840000003,70.58020801510132,190.70511891,5.565741500157934,-7.6713073805426895,2.105565880384747,168,168,0
7173,12862-1-01,30 a 44,Hombres,Quintil bajo,Centro,Trabajadores rutinarios,Motorizados privados,55.25,61.473202034328814,32.04,26.33257603117603,9.92,9.40422193449516,70.79,2.880349,129.5492855,95.41000000000001,0,95.41000000000001,34.1392855,5.867984975274554,3.1123141067822417,2.9876359752745545,0.23196510678224191,2.0372479082481165,1.0372479082481167,29.589996749999983,47.51499050637696,150.44944078999998,-6.223202034328814,5.707423968823971,0.5157780655048398,168,168,0
7176,12867-1-01,30 a 44,Hombres,Quintil bajo,Sur,Trabajadores rutinarios,Motorizados privados,72.64,68.9667414624502,23.68,28.1720871670359,10.88,10.061171370513895,60.800000000000004,3.249697,169.31799683999998,83.25999999999999,0,83.25999999999999,86.05799684,6.326115684220426,8.522880668502534,3.076418684220426,5.273183668502535,1.946678623951841,0.9466786239518411,66.73999324000002,54.803015990300054,179.04952155999996,3.673258537549799,-4.492087167035901,0.8188286294861058,168,168,0
7179,12872-1-01,45 a 59,Hombres,Quintil bajo,Norte,Trabajadores rutinarios,Movilidad mixta,69.39,62.97544973809143,21.07,33.89834530545956,18.52,12.106204956449018,59.019999999999996,6.471966,222.17972251,148.09,0,148.09,74.08972251,17.78573387752103,25.295432767252038,11.313767877521029,18.823466767252036,2.748119177004488,1.748119177004488,226.90999823,185.39524702963664,483.13513217,6.414550261908573,-12.828345305459557,6.413795043550982,168,168,0
7180,12873-1-02,60 o mas,Mujeres,Quintil bajo,Centro,Trabajadores rutinarios,Movilidad mixta,51.68,41.74131459967003,11.69,23.15078488281261,9.79,8.267900517517353,94.84,3.091529,64.05021872,54.279999999999994,150,-95.72,159.77021872,9.129794794272135,19.667193748084465,6.038265794272135,16.575664748084463,2.9531648560541193,1.9531648560541193,95.72,64.99426586300328,162.12604291999997,9.938685400329973,-11.460784882812609,1.5220994824826466,168,168,0
7181,12874-1-01,45 a 59,Hombres,Quintil bajo,Sur,Trabajadores rutinarios,Motorizados privados,51.34,54.43921065838347,28.21,29.37869791159399,14.76,10.492091430022555,73.68999999999998,4.784481,140.30526082,119.66999999999999,0,119.66999999999999,20.63526082,13.300630595271485,10.818341532022336,8.516149595271486,6.033860532022335,2.779952641733029,1.7799526417330291,105.32999372000003,120.15810823003324,310.91914229000014,-3.0992106583834698,-1.1686979115939877,4.267908569977445,168,168,0
7188,12896-1-01,30 a 44,Hombres,Quintil bajo,Centro,Trabajadores rutinarios,Movilidad mixta,60.86,51.197400620576204,26.14,33.16006014018318,9.2,11.842539239240624,71.8,1.875284,18.359803580000012,131.48000000000002,152.25,-20.769999999999982,39.129803579999994,7.615125682739765,11.960155820754906,5.739841682739765,10.084871820754906,4.060785290515871,3.0607852905158714,95.76998065999999,77.64986264535662,162.04251722,9.662599379423796,-7.020060140183176,-2.642539239240625,168,168,0
7189,12898-1-01,45 a 59,Mujeres,Quintil bajo,Sur,Trabajadores rutinarios,Usuarios publicos,67.88,68.78749045431299,28.27,26.41046936176531,8.48,9.4320401839217,63.370000000000005,2.163598,117.02504687999999,30.159999999999997,0,30.159999999999997,86.86504688,3.9160617687585138,3.5835646642573864,1.7524637687585138,1.4199666642573865,1.8099766078349646,0.8099766078349647,29.839985359999986,31.803429891970666,109.35221185999998,-0.9074904543129918,1.8595306382346912,-0.9520401839216994,168,168,0
7196,12919-1-01,60 o mas,Hombres,Quintil bajo,Centro,Trabajadores rutinarios,Motorizados privados,59.1,63.72448639141062,37.69,32.91904775464469,11.61,11.756465853944684,59.60000000000001,4.1517,156.785481,111.42,0,111.42,45.365481,10.647323988411944,7.929808253706034,6.495623988411944,3.7781082537060344,2.5645696915509175,1.5645696915509175,88.57998900000001,107.77946915121947,293.25879899999995,-4.6244863914106205,4.770952245355311,-0.1464658539446848,168,168,0
7206,12937-1-01,18 a 29,Mujeres,Quintil bajo,Sur,Trabajadores rutinarios,Movilidad activa,50.21,58.91553209188627,39.66,31.275106946258955,11.49,11.16936096185478,66.64,2.455843,82.0790101511111,84.16,32.8888888888889,51.2711111111111,30.807899040000002,6.510055792996275,3.557375782319036,4.054212792996275,1.101532782319036,2.650843638211512,1.650843638211512,41.22886687888891,62.60828692802315,166.84523632888892,-8.705532091886269,8.384893053741042,0.3206390381452202,168,168,0
7208,12940-1-01,30 a 44,Mujeres,Quintil medio,Centro,Trabajadores rutinarios,Motorizados privados,75.71,61.6800072077207,28.12,38.721339331232315,10.4,13.828653461046978,53.77,2.110223,37.608507675607996,69.36,81.516452074392,-12.156452074392007,49.76495975,7.7728097397153535,13.99600855219526,5.662586739715353,11.88578555219526,3.683406796208436,2.6834067962084354,122.15647565439198,92.55006217428999,203.44226561439197,14.029992792279295,-10.601339331232314,-3.428653461046977,168,168,0
7214,12958-1-01,45 a 59,Hombres,Quintil bajo,Centro,Trabajadores rutinarios,Movilidad mixta,50.73,58.599123331668906,42.57,29.732449135877108,5.65,10.618427532453975,69.05000000000001,4.527188,161.00425511,143.84,0,143.84,17.16425511,11.406248374948948,6.284207642433788,6.879060374948948,1.7570196424337885,2.51949960437891,1.51949960437891,68.65999212999998,104.28499284765147,286.96099748999995,-7.869123331668909,12.837550864122893,-4.968427532453974,168,168,0
7220,12963-1-01,45 a 59,Hombres,Quintil bajo,Norte,Trabajadores rutinarios,Motorizados privados,55.15,60.155227309199056,38.05,34.52482971443559,13.81,12.329942976365352,60.989999999999995,3.050733,84.79795324999999,54.05,0,54.05,30.74795325,9.298726278065399,7.10178735921978,6.247993278065398,4.05105435921978,3.048030187520638,2.048030187520638,83.4499717,98.71958382467479,241.66098508000005,-5.005227309199057,3.525170285564407,1.4800570236346484,168,168,0
7226,12970-1-01,30 a 44,Mujeres,Quintil medio,Sur,Trabajadores rutinarios,Motorizados privados,58.48,53.0780166153796,23.01,26.085868689898962,6.99,9.316114694721431,79.52000000000001,8.410836,280.52568524000003,238.66000000000003,0,238.66000000000003,41.865685240000005,20.68261086156967,31.09098204368733,12.271774861569671,22.68014604368733,2.459043412755839,1.4590434127558392,211.34000403999994,165.90480771723287,463.6650840399999,5.401983384620394,-3.075868689898961,-2.326114694721431,168,168,0
7229,12974-2-01,45 a 59,Hombres,Quintil bajo,Norte,Trabajadores rutinarios,Movilidad activa,50.15,55.58696713799164,40.41,30.087724799944866,5.86,10.745308062063486,71.58,2.407496,72.70594345,56.97,0,56.97,15.73594345,6.606049695211704,4.581280656484523,4.198553695211704,2.173784656484523,2.7439504344811803,1.7439504344811803,48.029980949999995,61.11945758684632,159.42482087000002,-5.436967137991644,10.322275200055131,-4.885308062063486,168,168,0
7233,12984-1-01,45 a 59,Hombres,Quintil bajo,Centro,Trabajadores rutinarios,Movilidad mixta,50.2,57.022622180926305,41.49,32.08041505901221,8.87,11.456962760061488,67.44,5.285398,146.217,130.89000000000001,0,130.89000000000001,15.326999999999996,15.729690717473032,10.438459537368276,10.444292717473033,5.153061537368276,2.9760655143610815,1.976065514361082,119.1099796,155.1702532298235,385.28262287999996,-6.822622180926302,9.409584940987791,-2.586962760061489,168,168,0
7234,12985-1-01,30 a 44,Mujeres,Quintil bajo,Norte,Trabajadores rutinarios,Movilidad mixta,45.63,43.336489643917886,23.35,23.942767138602182,6.85,8.550743217479914,92.17000000000002,4.130765,89.46678665,122.98,95,27.980000000000004,61.48678665,12.162528529800781,14.470717037334536,8.03176352980078,10.339952037334536,2.9443767751980032,1.9443767751980034,99.02002030000001,89.54606799395849,223.76912329999993,2.293510356082116,-0.5927671386021807,-1.7007432174799142,168,168,0
7238,12991-1-02,30 a 44,Mujeres,Quintil bajo,Norte,Trabajadores rutinarios,Usuarios publicos,66.57,64.87971665664696,32.94,30.13727815989734,6.27,10.763005183455684,62.22000000000001,2.616753,116.25724172999998,57.059999999999995,0,57.059999999999995,59.19724172999999,5.774827726906146,6.521622748948082,3.158074726906146,3.904869748948082,2.2068677199973195,1.2068677199973195,57.940005480000025,53.51695147043094,160.54289061000003,1.6902833433530304,2.8027218401026595,-4.493005183455685,168,168,0
7241,13002-1-01,30 a 44,Mujeres,Quintil bajo,Centro,Trabajadores rutinarios,Movilidad activa,55,65.8216786105224,42.86,30.21688574159976,8.97,10.791435647877838,61.17,2.892843,131.71638000000002,85.11000000000001,0,85.11000000000001,46.60638,6.316930137189264,2.332300840801203,3.4240871371892636,-0.5605421591987971,2.1836408464577106,1.1836408464577108,27.389984999999996,58.69540221669942,177.32603768999996,-10.821678610522397,12.643114258400239,-1.8214356478778377,168,168,0
7244,13008-1-03,18 a 29,Mujeres,Quintil bajo,Centro,Trabajadores rutinarios,Movilidad mixta,60.82,62.07343539841894,39.36,32.64718854140443,6.2,11.659376060176626,61.620000000000005,2.594671,93.09792352000001,55.290000000000006,0,55.290000000000006,37.80792352,6.769762881882627,6.268468447844965,4.1750918818826275,3.673797447844965,2.6091026114226534,1.6091026114226534,64.70996669999998,67.96221917865104,182.92317745999998,-1.2534353984189366,6.712811458595567,-5.459376060176626,168,168,0
7248,13018-2-02,60 o mas,Mujeres,Quintil bajo,Norte,Trabajadores rutinarios,Movilidad mixta,47.14,58.492195627430185,40.74,34.24706149046932,17.09,12.230742882100488,63.03,2.715047,68.18731576,45.7,0,45.7,22.48731576,8.605196618223982,4.563751341823662,5.890149618223981,1.8487043418236615,3.169446649809002,2.169446649809002,59.79999982000001,90.62174450166744,216.81116783000004,-11.352195627430184,6.492938509530681,4.859257117899512,168,168,0
7250,13020-1-01,45 a 59,Hombres,Quintil bajo,Centro,Trabajadores rutinarios,Movilidad activa,52.74,56.57667992929001,11.39,17.126786053044626,15.69,6.116534017665375,88.17999999999999,3.183111,153.42727732,35.550000000000004,0,35.550000000000004,117.87727732,5.062650060056412,2.3550117307688327,1.8795390600564121,-0.8280992692311671,1.5904723586630853,0.5904723586630853,14.449996819999996,26.662574906402227,100.64864270000001,-3.836679929290007,-5.736786053044625,9.573465982334625,168,168,0
7258,13034-1-01,30 a 44,Mujeres,Quintil bajo,Norte,Trabajadores rutinarios,Motorizados privados,56.5,61.954439768624745,28.14,25.720080450028647,12.22,9.185479781346602,71.14,2.575703,119.527203,84,0,84,35.527203,5.063740120642395,2.843128241272813,2.488037120642395,0.2674252412728131,1.9659642903868944,0.9659642903868945,26.0000165,40.04903337536605,129.95538957999997,-5.454439768624745,2.419919549971354,3.034520218653398,168,168,0
7261,13039-1-01,60 o mas,Mujeres,Quintil medio,Centro,Trabajadores rutinarios,Movilidad mixta,62.6,52.782513411520284,23.48,28.40362537172309,5.25,10.143861216756623,76.67,2.894108,83.414909063736,130.98,113.736263736264,17.243736263735997,66.17117280000001,7.93931360137982,15.016990235067572,5.04520560137982,12.122882235067571,2.7432679089307723,1.7432679089307723,97.75625173626402,69.34338526065214,180.90397457626403,9.817486588479717,-4.923625371723091,-4.893861216756623,168,168,0
7266,13051-1-02,45 a 59,Mujeres,Quintil medio,Norte,Trabajadores rutinarios,Motorizados privados,71.25,65.47030270275398,27.11,30.932641808238287,9.09,11.04705548900773,60.55,4.618902,201.9967625,122.9,0,122.9,79.0967625,10.555683080788683,15.49569217233851,5.936781080788682,10.87679017233851,2.285323022828517,1.2853230228285168,127.10000500000001,100.40414959435583,294.30425740000004,5.779697297246017,-3.822641808238288,-1.9570554890077307,168,168,0
7274,13070-1-01,18 a 29,Hombres,Quintil bajo,Centro,Trabajadores rutinarios,Movilidad activa,48.9,57.139772804435964,42.42,32.3772536802489,9.76,11.562973515315148,66.91999999999999,2.797329,76.82941140000001,65.04,0,65.04,11.7894114,8.337552944175917,5.071440842963284,5.540223944175917,2.274111842963284,2.9805407029977227,1.980540702997723,59.959976699999984,83.00933211926004,205.92460391999998,-8.239772804435965,10.042746319751103,-1.8029735153151485,168,168,0
7275,13074-1-01,45 a 59,Hombres,Quintil bajo,Centro,Trabajadores rutinarios,Movilidad mixta,60.96,62.37477080922996,37.33,32.152516613477836,7.72,11.48271257729221,61.989999999999995,3.916942,145.27679872,94,0,94,51.27679872,10.017381130834503,9.15989998958274,6.100439130834502,5.24295798958274,2.55744944163955,1.55744944163955,93.49998560000003,99.04156080304682,269.9582227,-1.4147708092299567,5.177483386522162,-3.76271257729221,168,168,0
7288,13088-1-02,60 o mas,Hombres,Quintil medio,Centro,Trabajadores rutinarios,Motorizados privados,48.36,49.06107166394076,32.86,32.575245487420595,12.05,11.633682848638632,74.73,2.534498,11.944498463561615,86.02000000000001,84.1438356164384,1.8761643835616155,10.06833408,11.221036406647526,10.871252884697086,8.686538406647525,8.336754884697086,4.427321073698826,3.427321073698825,110.62382481643839,112.40068954655291,224.44812999643838,-0.701071663940759,0.2847545125794042,0.41631715136136904,168,168,0
7292,13095-1-01,30 a 44,Hombres,Quintil medio,Norte,Trabajadores rutinarios,Motorizados privados,56.68,57.044428264339224,27.1,27.466417886060555,10.54,9.809153849600222,73.68,3.727921,138.73855504,102.44,0,102.44,36.298555040000004,8.751917375300854,8.50788646796549,5.023996375300854,4.779965467965489,2.3476670710835488,1.3476670710835488,72.56000724,73.91856701962374,212.87895367999994,-0.3644282643392245,-0.36641788606055314,0.7308461503997776,168,168,0
7298,13114-1-01,60 o mas,Hombres,Quintil bajo,Norte,Trabajadores rutinarios,Movilidad mixta,53.49,53.72533863177537,33.38,29.1678651833449,6.44,10.416796184879729,74.69,2.205012,63.96606884999999,46.019999999999996,0,46.019999999999996,17.946068849999996,6.076243431880435,5.982818020335631,3.8712314318804353,3.777806020335631,2.7556509587614197,1.7556509587614195,53.980023030000005,54.49894753712828,141.78360087000001,-0.2353386317753703,4.212134816655102,-3.9767961848797286,168,168,0
7301,13116-1-01,60 o mas,Mujeres,Quintil bajo,Centro,Trabajadores rutinarios,Movilidad activa,59.18,61.73864772857976,30.41,29.423323564828465,12.08,10.508028706591773,66.33,2.375151,97.80144666000001,39.74,0,39.74,58.06144666,5.39772064028503,4.441450663837213,3.02256964028503,2.0662996638372135,2.2725799918763188,1.2725799918763188,42.759989519999976,48.83716423118392,143.68015550999996,-2.558647728579757,0.9866764351715354,1.571971293408227,168,168,0
7302,13116-1-02,30 a 44,Hombres,Quintil bajo,Centro,Trabajadores rutinarios,Movilidad mixta,50.3,56.93868503519365,39.4,32.083316135640565,10.78,11.457998829165769,67.52000000000001,2.322016,64.9573801,48.16,0,48.16,16.797380099999998,6.817074450468147,4.559408726148474,4.495058450468147,2.237392726148474,2.935843013341918,1.9358430133419178,51.8400247,67.25515757068024,168.35878757999998,-6.638685035193653,7.316683864359433,-0.6779988291657695,168,168,0
7304,13119-1-01,45 a 59,Hombres,Quintil bajo,Sur,Trabajadores rutinarios,Movilidad mixta,62.61,62.917297168941595,29.69,27.523251753377853,7.97,9.829451077680556,67.73,3.106493,140.65756012,96.16,0,96.16,44.497560119999996,6.4742516725616355,6.309550918214914,3.3677586725616355,3.2030579182149137,2.0841030939267,1.0841030939266998,53.839966610000005,54.79458311423687,170.83049299,-0.3072971689415951,2.1667482466221486,-1.8594510776805562,168,168,0
7307,13124-1-02,45 a 59,Hombres,Quintil bajo,Norte,Trabajadores rutinarios,Motorizados privados,62.15,57.26354025113578,24.98,31.527102834565877,12.92,11.259356914298355,67.94999999999999,2.535149,75.78949030000001,68.23,0,68.23,7.5594903,7.1567389101783565,9.522015356542884,4.621589910178356,6.986866356542883,2.8230052396045977,1.8230052396045975,81.77002005,69.38211650412663,177.85216715,4.886459748864219,-6.547102834565877,1.6606430857016452,168,168,0
7308,13124-1-04,18 a 29,Mujeres,Quintil bajo,Norte,Trabajadores rutinarios,Usuarios publicos,46.27,54.745967890152116,40.14,31.5326825110531,11.13,11.26134959879479,70.46,2.551698,63.54707397,45.48,0,45.48,18.06707397,7.853257949732592,4.693171807782554,5.301559949732592,2.141473807782554,3.077659640652065,2.077659640652065,54.51999249000001,76.14810280336538,185.34554895000002,-8.475967890152113,8.6073174889469,-0.1313495987947899,168,168,0
7316,13139-1-01,18 a 29,Hombres,Quintil medio,Centro,Trabajadores rutinarios,Motorizados privados,41.21,46.741247400088966,35.16,28.97929940570765,9.7,10.349453194203393,81.92999999999999,10.411869,140.06875149564098,244.97,108.974358974359,135.995641025641,4.0731104700000005,38.89431222435124,28.432766844425974,28.48244322435124,18.020897844425974,3.7355744894937923,2.7355744894937923,289.004369994359,346.5949933306759,756.080813334359,-5.531247400088965,6.180700594292347,-0.6494531942033941,168,168,0
7330,13163-1-01,30 a 44,Mujeres,Quintil bajo,Centro,Trabajadores rutinarios,Movilidad activa,52.24,54.670141054525494,31.3,30.166439349795915,12.07,10.77341959567861,72.38999999999999,8.15442,226.31692535999997,175.32999999999998,0,175.32999999999998,50.986925359999994,23.661114097871298,20.318765850815755,15.506694097871298,12.164345850815755,2.9016305387595067,1.901630538759507,199.66997544000003,219.48636625784383,553.3271708400002,-2.4301410545254925,1.1335606502040854,1.296580404321391,168,168,0
7331,13167-1-01,45 a 59,Hombres,Quintil bajo,Norte,Trabajadores rutinarios,Motorizados privados,54.26,52.47872459884946,29.06,30.992752443377128,11.22,11.068522957773409,73.46000000000001,3.567326,75.95253550470588,121.35999999999999,76.4705882352941,44.88941176470588,31.063123739999998,11.673892846221243,12.886378644161526,8.106566846221243,9.319052644161527,3.272449124700474,2.272449124700474,117.61057325529413,111.25618320360937,261.3024645352941,1.7812754011505376,-1.9327524433771295,0.15147704222659186,168,168,0
7332,13168-1-01,45 a 59,Mujeres,Quintil medio,Centro,Trabajadores rutinarios,Motorizados privados,82.61,65.82973352107975,15.24,30.74884929290462,9.71,10.981417186015628,60.440000000000005,8.398558,372.19485276,303.39,0,303.39,68.80485276,19.10877578874816,56.88961690748183,10.710217788748162,48.49105890748183,2.2752448442635225,1.2752448442635227,321.61002362,180.67998234133245,531.15404572,16.780266478920254,-15.50884929290462,-1.2714171860156274,168,168,0
7349,13207-1-01,45 a 59,Hombres,Quintil medio,Centro,Trabajadores rutinarios,Motorizados privados,52.45,64.10911551452743,38.41,38.397783401962535,25.36,13.71310108351003,51.78,6.177658,152.5181891,128.5,0,128.5,24.0181891,20.62485368387334,11.869204765743103,14.447195683873339,5.6915467657431025,3.3386201832269347,2.3386201832269347,171.49997300000004,243.52600123124452,565.44922366,-11.659115514527429,0.012216598037461779,11.646898916489969,168,168,0
7350,13207-1-02,60 o mas,Mujeres,Quintil medio,Centro,Trabajadores rutinarios,Usuarios publicos,68.49,66.24604713292943,22.72,31.790520802925357,18.18,11.353432064145203,58.61000000000001,3.452044,150.69051186000002,64.26,0,64.26,86.43051186,7.9783648962906835,9.251966716405414,4.526320896290684,5.799922716405415,2.3112002327579497,1.3112002327579497,85.73998169999996,77.99375766894624,226.9285812999999,2.2439528670705613,-9.070520802925358,6.826567935854797,168,168,0
7361,13227-1-01,18 a 29,Hombres,Quintil bajo,Centro,Trabajadores rutinarios,Movilidad activa,52.71,54.37427241202248,34.2,28.78549004059628,6.53,10.280237547381256,74.55999999999999,4.477757,136.67254694000002,113.15,0,113.15,23.52254694,12.065863133782893,10.765335072891311,7.588106133782892,6.287578072891311,2.6946221364363656,1.6946221364363656,99.35002453000001,106.80223197284053,281.7290671400001,-1.664272412022477,5.414509959403723,-3.750237547381256,168,168,0
7364,13230-1-02,18 a 29,Hombres,Quintil bajo,Centro,Trabajadores rutinarios,Usuarios publicos,50.28,46.405876851537734,20.08,25.881128024501276,11.17,9.242995123960998,86.47,1.444286,34.1528720633962,54.27,37.7358490566038,16.534150943396206,17.61872112,4.130233643000548,5.432491395316253,2.6859476430005484,3.9882053953162533,2.8597062098507835,1.8597062098507833,38.465828016603794,32.87048619100382,83.5997655166038,3.8741231484622674,-5.801128024501278,1.9270048760390015,168,168,0
7367,13232-1-03,30 a 44,Hombres,Quintil bajo,Norte,Trabajadores rutinarios,Usuarios publicos,28.99,48.05648380762622,45.04,31.016508995013538,16.12,11.077007197360246,77.85,3.849827,34.4472602807692,53.61,30.7692307692308,22.8407692307692,11.606491049999999,15.786063008966686,5.567937610468346,11.936236008966686,1.718110610468346,4.100460360677684,3.100460360677684,77.15922444923079,150.56188860689304,312.61464376923084,-19.066483807626224,14.023491004986461,5.0429928026397555,168,168,0
7368,13237-1-01,45 a 59,Mujeres,Quintil bajo,Centro,Trabajadores rutinarios,Usuarios publicos,69.14,61.086830351873544,26.49,32.90995213623679,10.12,11.753217511889655,62.25000000000001,2.359457,79.54287652,53.91,37.5,16.409999999999997,63.13287652,6.3823725179379345,10.07693548472957,4.022915517937935,7.717478484729569,2.7050175179873737,1.7050175179873737,83.58998045999999,64.58887296154049,169.96970123,8.053169648126456,-6.419952136236791,-1.6332175118896561,168,168,0
7384,13270-1-02,45 a 59,Hombres,Quintil alto,Norte,Trabajadores rutinarios,Motorizados privados,46.11,53.32057959596315,37.52,33.53351002726152,15.2,11.975910376775325,69.17,4.348292,61.93149331588239,82.02,33.0882352941176,48.931764705882394,12.999728610000002,16.478670824219826,11.60011558019412,12.130378824219825,7.251823580194119,3.7896881865844856,2.7896881865844856,138.5682508041176,169.9219563766074,367.8102050441176,-7.210579595963154,3.9864899727384824,3.2240896232246747,168,168,0
7387,13275-1-01,45 a 59,Mujeres,Quintil bajo,Sur,Trabajadores rutinarios,Motorizados privados,55.69,52.47320614662851,24.15,27.003104373529034,9.28,9.643689479842458,78.88,2.490946,77.99081239,91.77000000000001,37.5,54.27000000000001,23.72081239,6.348770038454648,8.017531516009656,3.8578240384546483,5.526585516009656,2.548738526830629,1.548738526830629,60.72997035,52.71711056811972,144.00229513000002,3.2167938533714846,-2.8531043735290353,-0.36368947984245814,168,168,0
7399,13297-1-02,30 a 44,Hombres,Quintil bajo,Sur,Trabajadores rutinarios,Motorizados privados,57.39,58.54786161698874,29.98,28.657581240754812,10.07,10.234557142256444,70.56,5.276294,196.85649138999997,144.04999999999998,0,144.04999999999998,52.80649138999999,12.716272676210444,11.67541996464739,7.439978676210444,6.399125964647389,2.410076594710311,1.4100765947103107,105.95002127000004,112.059239572548,317.26559597000005,-1.1578616169887397,1.3224187592451884,-0.16455714225644336,168,168,0
7403,13314-1-01,45 a 59,Mujeres,Quintil medio,Sur,Trabajadores rutinarios,Movilidad mixta,56.09,57.83724435280444,42.86,35.348612842098554,6.86,12.624142805097,62.19,6.381823,124.73013664052628,177.29999999999998,85.5263157894737,91.77368421052628,32.95645243,22.482236063694394,20.70238660579212,16.100413063694393,14.32056360579212,3.5228548431528726,2.5228548431528726,233.22631542947374,244.37691962682123,550.5305549894737,-1.7472443528044366,7.511387157901446,-5.764142805096999,168,168,0
7420,13346-1-02,30 a 44,Hombres,Quintil bajo,Norte,Trabajadores rutinarios,Movilidad mixta,52.95,57.56333171829258,34.93,27.81354427462828,7.43,9.933124007079149,72.69,3.26999,122.57596459999999,49.43,0,49.43,73.1459646,7.676563242857712,5.268791783932961,4.4065732428577125,1.9988017839329615,2.3475800362868733,1.3475800362868733,50.57000590000001,65.65555448549955,189.0867823,-4.613331718292578,7.1164557253717184,-2.5031240070791494,168,168,0
7423,13351-1-01,60 o mas,Hombres,Quintil bajo,Sur,Trabajadores rutinarios,Motorizados privados,42.46,51.428299146729344,34.64,30.90464421732775,16.27,11.037056635942912,74.63,4.614217,87.49108853142859,119.24999999999999,40.1785714285714,79.07142857142858,8.41965996,15.764109952312973,9.399713085847557,11.149892952312973,4.785496085847557,3.4164214540219873,2.4164214540219873,108.42856528857142,149.81024367249546,343.33835275857143,-8.968299146729343,3.7353557826722508,5.232943364057087,168,168,0
7428,13358-1-01,30 a 44,Mujeres,Quintil medio,Centro,Trabajadores rutinarios,Movilidad mixta,67.71,60.644637065357266,19.92,27.598896610692687,10.47,9.856466323950032,69.9,4.677259,196.19720339,129.5,0,129.5,66.69720339,10.30473968883579,17.49968948883092,5.62748068883579,12.822430488830921,2.2031578086301806,1.2031578086301804,120.50000349999996,87.45347112567586,262.64190451,7.065362934642728,-7.678896610692686,0.6135336760499683,168,168,0
7446,13389-1-01,30 a 44,Hombres,Quintil medio,Sur,Trabajadores rutinarios,Motorizados privados,59.11,62.24691200988691,40.66,34.03726888970064,8.67,12.155819100412446,59.56,9.233723,301.26534549,255.46,0,255.46,45.80534548999999,26.131412715078003,21.87826170709636,16.897689715078002,12.64453870709636,2.8299974685268343,1.8299974685268339,244.54002104,273.505397614669,700.0395766299998,-3.136912009886913,6.622731110299355,-3.4858191004124457,168,168,0
7447,13391-1-01,30 a 44,Hombres,Quintil bajo,Centro,Trabajadores rutinarios,Motorizados privados,48.94,56.13994616573363,42.7,29.459209197551207,4.48,10.520844636715164,71.88,5.68153,181.92405972,153.87,0,153.87,28.054059719999998,15.127514962931759,8.992388727306718,9.445984962931758,3.3108587273067176,2.6625776794158895,1.6625776794158893,96.13001847999999,137.03672861900066,364.1846038800001,-7.199946165733635,13.240790802448796,-6.040844636715164,168,168,0
7452,13404-1-01,45 a 59,Hombres,Quintil bajo,Norte,Trabajadores rutinarios,Usuarios publicos,45.82,53.51674072686276,30.01,28.68788107250673,16.62,10.24537820063051,75.55,3.325062,97.76434414,45.410000000000004,0,45.410000000000004,52.35434414,9.089308564788318,5.166799821105255,5.764246564788318,1.841737821105255,2.7335756640893667,1.733575664089367,54.589996699999986,80.18213681474371,209.63763776000002,-7.696740726862757,1.3221189274932712,6.374621799369491,168,168,0
7462,13425-1-02,45 a 59,Hombres,Quintil bajo,Norte,Trabajadores rutinarios,Motorizados privados,55.11,61.129574285658805,36.04,30.660544905702853,11.59,10.949880808638351,65.25999999999999,3.282501,124.67861475000001,93.78,0,93.78,30.898614750000004,8.058736644952955,5.20935988840625,4.776235644952955,1.92685888840625,2.4550599207594925,1.4550599207594925,56.22001535999999,75.9792739722493,212.56553799,-6.0195742856588055,5.379455094297146,0.6401191913616486,168,168,0
7465,13432-1-01,45 a 59,Hombres,Quintil medio,Norte,Trabajadores rutinarios,Movilidad mixta,85.02,63.839735430256,8.91,34.03518845900261,16.1,12.155076110741383,57.970000000000006,5.918489,210.47993984,207.29,0,207.29,3.18993984,15.990490650407533,51.65327276519188,10.072001650407532,45.73478376519188,2.7017859880127397,1.7017859880127397,292.70999494,167.35483206688042,440.73140483000003,21.180264569743997,-25.12518845900261,3.944923889258618,168,168,0
7466,13433-1-03,45 a 59,Hombres,Quintil alto,Centro,Trabajadores rutinarios,Movilidad activa,58.76,44.832470872075824,18.46,29.965773760419687,8.28,10.701755367504498,82.5,1.825561,5.541069951111009,92.76,114.488888888889,-21.72888888888899,27.269958839999997,8.280751420602325,16.7902400368594,6.4551904206023245,14.964679036859401,4.53600368358128,3.5360036835812796,101.72889440888898,76.3033404065866,150.54439554888899,13.927529127924174,-11.505773760419686,-2.421755367504499,168,168,0
7472,13442-1-02,45 a 59,Hombres,Quintil bajo,Centro,Trabajadores rutinarios,Movilidad activa,50.79,54.23079188433913,32.9,28.014364614100124,8.56,10.004843501560735,75.75,2.590516,83.33230053,64.25999999999999,0,64.25999999999999,19.07230053,6.634577055854383,5.135137166143657,4.044061055854383,2.5446211661436573,2.561102520059472,1.5611025200594717,48.24000710999999,57.15343353905067,155.64280047,-3.4407918843391343,4.8856353858998744,-1.4448435015607348,168,168,0
7473,13443-1-01,45 a 59,Mujeres,Quintil bajo,Centro,Trabajadores rutinarios,Usuarios publicos,70.03,67.97256039584903,31.18,32.028881248856464,10.23,11.438558355294518,56.55999999999999,3.482975,159.27271506,90.36,0,90.36,68.91271506000001,7.8662180131829675,9.020789144759352,4.383243013182968,5.537814144759352,2.2584767370374372,1.2584767370374372,84.64002419000002,77.4740134847323,228.87001894000008,2.0574396041509715,-0.8488812488564648,-1.2085583552945174,168,168,0
7488,13484-1-01,30 a 44,Hombres,Quintil medio,Centro,Trabajadores rutinarios,Movilidad mixta,65.25,62.08380214401764,27.32,33.50903007039928,14.99,11.967167785583076,60.440000000000005,5.890822,198.19615249999998,163.82,0,163.82,34.3761525,16.258424969632824,19.420658174620137,10.367602969632824,13.529836174620137,2.759958622011126,1.7599586220111256,186.179983,167.5284750136263,435.42066182,3.166197855982361,-6.189030070399276,3.0228322144169244,168,168,0
7493,13490-1-01,30 a 44,Mujeres,Quintil bajo,Centro,Trabajadores rutinarios,Movilidad activa,40.13,49.0306331416234,35.75,24.433401945597645,6.31,8.725964912778954,85.81,4.008289,121.63262886999999,85.77999999999999,0,85.77999999999999,35.852628870000004,9.968463545471067,4.115403291486109,5.960174545471067,0.10711429148610829,2.486962278785553,1.4869622787855532,39.22000870000005,74.89631861460452,207.80864404000002,-8.900633141623395,11.316598054402355,-2.4159649127789544,168,168,0
7494,13492-1-01,30 a 44,Hombres,Quintil medio,Norte,Trabajadores rutinarios,Usuarios publicos,56.89,59.150828515243454,40.8,34.513334002236164,8.3,12.32583748252037,62.010000000000005,3.91826,100.11024884521129,122.13,59.9295774647887,62.200422535211295,37.90982631,12.405443201228374,11.037972580102439,8.487183201228374,7.119712580102439,3.1660592204775524,2.1660592204775524,122.79956255478871,131.65807649292654,315.1861285547887,-2.2608285152434533,6.2866659977638335,-4.0258374825203695,168,168,0
7506,13517-1-01,45 a 59,Hombres,Quintil alto,Norte,Trabajadores rutinarios,Movilidad mixta,60.43,61.7885622389177,29.75,35.14132441541514,19.3,12.550113345667159,58.519999999999996,12.625399,365.84286814000006,352.89000000000004,0,352.89000000000004,12.952868139999998,38.336200501488754,35.73105076441904,25.710801501488753,23.105651764419036,3.0364347694269904,2.0364347694269904,397.1099934299999,414.2623837626692,1016.38581438,-1.358562238917699,-5.391324415415141,6.749886654332842,168,168,0
7509,13519-1-02,45 a 59,Mujeres,Quintil bajo,Centro,Trabajadores rutinarios,Movilidad mixta,72.89,80.06208687121952,18.67,19.16386998448227,14.51,6.844043144298208,61.93,1.152999,84.04213627,0,0,0,84.04213627,1.4032688755706177,-5.208831210319898e-6,0.25026987557061764,-1.1530042088312105,1.217059924224234,0.21705992422423404,-3.91599999858272e-5,8.269369830429241,38.25646766,-7.17208687121952,-0.49386998448227004,7.665956855701792,168,168,0
7512,13521-1-01,45 a 59,Mujeres,Quintil bajo,Sur,Trabajadores rutinarios,Usuarios publicos,56.58,54.45925639273112,26.47,32.52500372942197,15.55,11.615739877846906,69.4,2.913725,61.6936078277876,62.720000000000006,50.8849557522124,11.835044247787607,49.858563579999995,9.697102665074087,10.835528991728289,6.783377665074088,7.921803991728289,3.328077517636046,2.328077517636046,103.16495267221238,96.98568900512286,225.59967717221235,2.120743607268878,-6.055003729421969,3.934260122153095,168,168,0
7516,13529-1-01,30 a 44,Hombres,Quintil bajo,Centro,Trabajadores rutinarios,Movilidad activa,55.24,63.652740968263295,36.29,27.93924366995957,10.04,9.978015361777137,66.43,2.2362,102.74766872000001,79.22,0,79.22,23.52766872,4.608408482799956,1.9795096772494032,2.372208482799956,-0.256690322750597,2.0608212515874946,1.0608212515874949,20.780019280000005,39.59259063323037,124.38316527999999,-8.412740968263293,8.35075633004043,0.06198463822286193,168,168,0
7518,13532-1-02,45 a 59,Hombres,Quintil bajo,Norte,Trabajadores rutinarios,Motorizados privados,48.19,49.76232983384099,32.65,32.15431524048639,12.56,11.483354925672623,74.6,0.950708,10.287563891694898,35.67,54.9470338983051,-19.2770338983051,29.564597789999997,3.744302350463237,3.468156446530886,2.793594350463237,2.517448446530886,3.9384357241794925,2.9384357241794925,35.527054628305095,37.021881179976404,78.5085633083051,-1.572329833840989,0.49568475951360824,1.0766450743273772,168,168,0
7519,13533-1-01,60 o mas,Hombres,Quintil alto,Centro,Trabajadores rutinarios,Motorizados privados,44.31,52.515458292914154,38.88,32.46885453742616,13.39,11.595687169659676,71.42,17.225131,273.05191166636405,396.1700000000001,136.363636363636,259.80636363636404,13.245548029999998,63.25302230857735,41.38940260018342,46.02789130857735,24.164271600183422,3.672135922134778,2.672135922134778,490.19364294363606,631.5337369541187,1390.551240313636,-8.205458292914152,6.411145462573842,1.7943128303403242,168,168,0
7521,13534-1-03,18 a 29,Hombres,Quintil bajo,Centro,Trabajadores rutinarios,Usuarios publicos,55.84,60.33793969119011,40.67,32.75439671311845,8.28,11.697663595691438,63.209999999999994,2.658298,86.74938128000001,63.31,0,63.31,23.439381280000003,7.312000693365004,5.5620630784372995,4.653702693365004,2.9037650784372997,2.7506324322423614,1.750632432242361,61.68997903999998,73.64684312521128,191.81366613999995,-4.497939691190105,7.915603286881549,-3.4176635956914385,168,168,0
7527,13555-1-01,60 o mas,Hombres,Quintil medio,Centro,Trabajadores rutinarios,Motorizados privados,72.61,66.4837733913931,33.54,37.03118308143861,10.59,13.22504352716828,51.260000000000005,1.831547,62.79863841,54.81,0,54.81,7.988638409999999,5.178591793165917,7.019646331754421,3.347044793165917,5.188099331754421,2.827441388709062,1.8274413887090621,70.18998926,58.96951729368586,151.01615837,6.126226608606899,-3.4911830814386136,-2.63504352716828,168,168,0
7530,13560-1-03,30 a 44,Mujeres,Quintil bajo,Centro,Trabajadores rutinarios,Movilidad mixta,58.09,63.79054532734359,27.56,27.064012804964634,14.87,9.665441867691797,67.47999999999999,1.385095,66.1731935582609,11.799999999999999,13.5869565217391,-1.7869565217391017,67.96015008,2.6654793043081795,1.4860767378027828,1.2803843043081795,0.10098173780278286,1.9244017950452348,0.9244017950452348,14.2869749917391,22.182771821916063,73.0565558417391,-5.700545327343583,0.49598719503536515,5.204558132308202,168,168,0
7532,13562-1-01,30 a 44,Mujeres,Quintil bajo,Sur,Trabajadores rutinarios,Usuarios publicos,54.23,78.786071081341845,33.29,15.395642675347325,12.16,5.498286243310808,68.32000000000002,1.911308,139.56021927999998,79.66,0,79.66,59.900219279999995,2.3286385522597297,-3.4870272145345598,0.4173305522597297,-5.39833521453456,1.218348142873744,0.2183481428737439,-35.90998643999998,11.024228666337336,50.95896215999997,-24.556071081341848,17.894357324652674,6.661713756689192,168,168,0
7535,13570-1-01,30 a 44,Hombres,Quintil bajo,Norte,Trabajadores rutinarios,Movilidad activa,44.95,52.85204751623349,41.24,29.899769419595266,7.24,10.678183064171241,74.57000000000001,4.121496,103.6112478,68.35,0,68.35,35.2612478,12.422796568930258,7.4330584406911395,8.301300568930259,3.31156244069114,3.0141474282469907,2.0141474282469907,81.64999739999999,114.21825462996625,281.46012347999994,-7.9020475162334876,11.340230580404736,-3.438183064171241,168,168,0
7537,13571-1-01,45 a 59,Mujeres,Quintil bajo,Norte,Trabajadores rutinarios,Movilidad activa,75.84,61.104761403569206,23.58,32.240945263466394,5.44,11.514293332964408,63.14,2.14206,75.50380351999999,63.04999999999999,0,63.04999999999999,12.45380352,5.586579459281407,13.223496230706058,3.4445194592814072,11.081436230706057,2.6080406054365457,1.608040605436546,86.95002688,55.386261692129466,149.11260808,14.735238596430797,-8.660945263466395,-6.074293332964408,168,168,0
7546,13595-1-03,30 a 44,Mujeres,Quintil alto,Centro,Trabajadores rutinarios,Movilidad mixta,70.73,60.441921430545,24.49,33.20830832827246,10.29,11.859770241182543,62.49,2.710111,86.09222807455619,98.77,91.8639053254438,6.906094674556201,79.18613339999999,7.610155286714147,13.399337630141705,4.900044286714147,10.689226630141706,2.808060366056648,1.8080603660566474,105.59392295544383,77.71208805549956,199.85158353544375,10.288078569455003,-8.71830832827246,-1.5697702411825443,168,168,0
7550,13604-1-02,18 a 29,Mujeres,Quintil medio,Sur,Trabajadores rutinarios,Motorizados privados,51.18,56.36754854893861,41.92,31.214673311627983,5.63,11.14777813943342,69.27,4.572843,130.84812490000002,96.81,0,96.81,34.0381249,13.221934097661748,9.577694706853542,8.64909109766175,5.004851706853542,2.891403465559992,1.8914034655599918,103.18997983999998,126.91182490917402,320.62866449,-5.187548548938608,10.705326688372018,-5.51777813943342,168,168,0
7559,13614-1-01,18 a 29,Hombres,Quintil bajo,Norte,Trabajadores rutinarios,Motorizados privados,76.71,69.52326741419066,32.9,35.39575409974306,7.95,12.640978486066277,50.440000000000005,2.154143,92.14431064,76.9,0,76.9,15.24431064,5.293761243925077,7.897675632875635,3.1396182439250775,5.743532632875635,2.4574790271235836,1.4574790271235836,73.09999888999998,57.6187491974069,161.09674044000002,7.186732585809338,-2.49575409974306,-4.690978486066277,168,168,0
7560,13615-1-01,30 a 44,Hombres,Quintil bajo,Norte,Trabajadores rutinarios,Movilidad mixta,59.43,54.41029780732,21.63,26.26839971447055,9,9.381302478209447,77.94,3.303029,116.88898689000001,70.59,0,70.59,46.29898689,7.778283830591024,11.442010128046583,4.475254830591023,8.138981128046582,2.3548941988069205,1.3548941988069203,79.41002658,62.82980466621436,180.58180484999997,5.0197021926800005,-4.638399714470552,-0.38130247820944696,168,168,0
7562,13616-1-01,60 o mas,Mujeres,Quintil bajo,Norte,Trabajadores rutinarios,Usuarios publicos,55.8,56.785717672743104,31.8,29.572852102037153,9.32,10.56143022521973,71.08000000000001,1.941347,65.1171692,51.79,20,31.79,33.3271692,4.962063892340068,4.637725899749772,3.0207168923400682,2.696378899749772,2.5559901925519077,1.5559901925519077,43.20999339999999,45.123613446826795,123.03818203999995,-0.9857176727431067,2.2271478979628476,-1.2414302252197302,168,168,0
7563,13621-1-01,45 a 59,Mujeres,Quintil bajo,Norte,Trabajadores rutinarios,Usuarios publicos,63.15,60.29344356124569,27.48,28.98504964611456,9,10.351506792639766,68.36999999999999,2.441845,97.11248845,42.91,0,42.91,54.20248845,5.622678585430285,6.90683965599199,3.1808335854302854,4.46499465599199,2.302635337390492,1.302635337390492,57.090023299999984,50.11475524280996,146.1685289,2.8565564387543105,-1.5050496461145606,-1.351506792639766,168,168,0
7572,13633-1-01,30 a 44,Hombres,Quintil bajo,Centro,Trabajadores rutinarios,Usuarios publicos,67.95,67.95420471065444,26.62,25.285513531318227,7.7,9.030281758027346,65.72999999999999,2.835483,153.15103555000002,85.48,0,85.48,67.67103555000001,5.084265551882145,5.082109485274602,2.2487825518821447,2.246626485274602,1.793086240292093,0.793086240292093,39.52003429999999,39.53195668558055,136.83381086000003,-0.004204710654434507,1.3344864686817743,-1.330281758027346,168,168,0
7575,13636-1-01,18 a 29,Hombres,Quintil bajo,Sur,Trabajadores rutinarios,Motorizados privados,54.23,58.500937993824124,34.28,29.627953333619587,10.2,10.581108672556281,69.29,4.109079,146.47538173,118.64,0,118.64,27.835381729999998,10.307658092858912,7.5766106073135395,6.198579092858911,3.467531607313539,2.508508133540122,1.508508133540122,76.35997244,93.90959406072486,259.13180636000004,-4.270937993824127,4.652046666380414,-0.381108672556282,168,168,0
7593,13666-1-02,18 a 29,Mujeres,Quintil medio,Sur,Trabajadores rutinarios,Movilidad mixta,68.67,66.67940383630287,25.29,27.079590863210832,9.47,9.671005300486307,64.57,3.137415,158.5891074301266,97.32000000000001,9.17721518987342,88.14278481012659,70.44632262,6.078016074810922,7.219041459358277,2.940601074810922,4.081626459358277,1.93726876259944,0.93726876259944,56.85718061987339,50.61185435694756,165.91372601987342,1.990596163697134,-1.789590863210833,-0.20100530048630638,168,168,0
7596,13677-1-01,30 a 44,Mujeres,Quintil bajo,Centro,Trabajadores rutinarios,Movilidad mixta,41.01,50.10104383847209,21.02,24.101517876649535,20.78,8.60743828487836,85.19000000000001,5.15751,167.11947508,98.11,0,98.11,69.00947508,12.315992485585516,4.686870398415404,7.158482485585516,-0.4706396015845966,2.387972584752238,1.3879725847522382,44.390010020000005,91.27715952735818,259.9739280199999,-9.091043838472089,-3.081517876649535,12.172561715121642,168,168,0
7597,13678-1-01,30 a 44,Mujeres,Quintil bajo,Norte,Trabajadores rutinarios,Movilidad mixta,66.05,64.82040758985053,19.28,21.943023045068873,9.27,7.83656936508059,73.4,2.299925,123.4000335,71.49000000000001,0,71.49000000000001,51.910033500000004,3.80614030040675,4.407225601880915,1.5062153004067502,2.1073006018809153,1.6548975729237911,0.6548975729237911,28.510012749999987,25.68204242608698,94.17287149999999,1.2295924101494649,-2.663023045068872,1.43343063491941,168,168,0
7598,13679-1-01,30 a 44,Hombres,Quintil bajo,Norte,Trabajadores rutinarios,Motorizados privados,71.05,58.1191087883729,23.88,30.447202084286907,4.51,10.873689127340192,68.56,3.87515,129.7594216,104.42999999999999,0,104.42999999999999,25.329421600000003,10.195993920712775,22.62978514760538,6.320843920712775,18.754635147605377,2.631122387704418,1.6311223877044179,145.5699859,95.46084282126324,255.58549440000002,12.930891211627099,-6.567202084286908,-6.3636891273401925,168,168,0
7601,13683-1-01,45 a 59,Mujeres,Quintil medio,Sur,Trabajadores rutinarios,Motorizados privados,58.15,57.8346236095984,27.71,28.188384655199965,10.23,10.066991735201656,71.90999999999998,8.017362,295.88958834999994,254.67999999999998,0,254.67999999999998,41.20958834999999,19.357600641687075,19.812639417723076,11.340238641687074,11.795277417723076,2.414460098182803,1.414460098182803,170.3200119500001,167.79152526189716,474.4987262300002,0.31537639040159604,-0.47838465519996376,0.16300826479834463,168,168,0
7602,13684-1-02,30 a 44,Mujeres,Quintil medio,Centro,Trabajadores rutinarios,Motorizados privados,62.11,59.877156650101455,33.47,32.07707384600173,7.83,11.455769503896812,64.59,4.86381,160.36120678999998,108.27,0,108.27,52.09120679,13.26773355450282,15.145576807253123,8.403923554502821,10.281766807253124,2.727847830096739,1.7278478300967393,141.73003231,130.86990649632997,342.60538531,2.2328433498985447,1.3929261539982676,-3.6257695038968123,168,168,0
7610,13693-1-03,45 a 59,Hombres,Quintil medio,Norte,Trabajadores rutinarios,Usuarios publicos,54.22,55.19415263621594,41.25,36.868797150120294,9.76,13.167050213663774,62.77,3.292716,14.582506511429003,107.48,121.428571428571,-13.948571428571,28.531077940000003,14.74399305828914,14.184899168764955,11.45127705828914,10.892183168764955,4.4777603225693134,3.4777603225693134,163.94855500857102,167.1561629802814,331.90999816857095,-0.9741526362159405,4.381202849879706,-3.4070502136637746,168,168,0
7612,13696-1-01,60 o mas,Hombres,Quintil bajo,Norte,Trabajadores rutinarios,Usuarios publicos,74.39,63.611187842071345,29.2,37.1509838633441,10.44,13.267828294584554,53.97,2.288888,63.9378616877372,49.47,30.8025171022628,18.667482897737198,45.270378789999995,7.148191666732541,11.838765825127812,4.859303666732541,9.549877825127812,3.122997572066672,2.122997572066672,106.3325166322628,81.66102282972581,197.06403695226277,10.778812157928655,-7.950983863344103,-2.8278282945845543,168,168,0
7613,13696-1-02,60 o mas,Mujeres,Quintil bajo,Norte,Trabajadores rutinarios,Usuarios publicos,51.94,50.60610863759218,29.97,33.87575436704053,14.67,12.098136995367295,71.42,2.7987,9.31697550226281,63.300000000000004,74.3474828977372,-11.04748289773719,20.3644584,12.701927667995268,13.450560149430972,9.903227667995267,10.651860149430972,4.538509903882255,3.5385099038822547,136.04750249773718,132.31434074176644,260.9814704977372,1.3338913624078188,-3.9057543670405295,2.5718630046327053,168,168,0
7614,13697-1-03,18 a 29,Mujeres,Quintil bajo,Centro,Trabajadores rutinarios,Motorizados privados,30.34,42.3477264084844,32.24,20.964991276725748,8.22,7.487282314789873,97.19999999999999,2.616767,69.35542569272727,22.689999999999998,2.72727272727273,19.962727272727268,49.39269842,6.430914914429925,1.0948745588206727,3.8141479144299253,-1.521892441179327,2.4575802562589355,1.4575802562589353,10.037285087272735,41.458707298023214,115.91167790727275,-12.007726408484398,11.275008723274254,0.7327176852101278,168,168,0
7616,13701-1-02,18 a 29,Mujeres,Quintil bajo,Centro,Trabajadores rutinarios,Usuarios publicos,79.1,59.45242820673378,24.17,35.455320280761946,4.3,12.662251512504278,60.43000000000001,1.722872,41.35488206702509,60.46999999999999,40.3942652329749,20.07573476702509,21.279147299999998,5.601791528386221,14.715122705355771,3.8789195283862217,12.99225070535577,3.2514264137940727,2.2514264137940727,94.92429313297491,61.07404182236675,143.9744589729749,19.647571793266216,-11.285320280761944,-8.36225151250428,168,168,0
7619,13707-1-01,60 o mas,Hombres,Quintil bajo,Sur,Trabajadores rutinarios,Movilidad mixta,56.7,65.55578578512899,41.58,33.83178140039851,13.19,12.082432814472494,56.53,2.263062,89.0856377,60.77,0,60.77,28.3156377,5.697316251166331,3.1611805677317997,3.434254251166331,0.8981185677317995,2.51752548147878,1.51752548147878,39.229977700000006,59.27116999046558,163.17788344000002,-8.855785785128987,7.748218599601486,1.1075671855275058,168,168,0
7622,13714-1-02,45 a 59,Mujeres,Quintil bajo,Centro,Trabajadores rutinarios,Movilidad mixta,68.96,62.741388940854385,20.9,25.560221959681357,7.57,9.12838909946423,70.57000000000002,2.411135,114.81184728,43.540000000000006,0,43.540000000000006,71.27184727999999,4.639557146694652,7.977310316110174,2.228422146694652,5.566175316110174,1.924221226391161,0.9242212263911611,51.46002231999998,36.46611154390692,120.10503576999994,6.2186110591456085,-4.660221959681358,-1.5583890994642289,168,168,0
7624,13717-1-01,45 a 59,Hombres,Quintil bajo,Centro,Trabajadores rutinarios,Movilidad mixta,48.81,51.92144458204265,30,26.672820930340404,9.31,9.525734487616946,79.88,4.212759,129.44478152,73.82,0,73.82,55.624781520000006,10.886157916366312,8.552869070730587,6.673398916366311,4.340110070730587,2.584092257916086,1.5840922579160857,76.17998527000003,89.28775143600143,241.78354156000006,-3.111444582042651,3.3271790696595964,-0.21573448761694536,168,168,0
7625,13718-1-01,18 a 29,Hombres,Quintil bajo,Sur,Trabajadores rutinarios,Usuarios publicos,64.87,74.67122898764057,36.08,23.674009805912092,5.85,8.454761206447335,61.199999999999996,0.776119,50.346828,0,0,0,50.346828,1.0449352488807364,1.2136079933265736e-6,0.2688162488807364,-0.7761177863920067,1.3463595774368833,0.3463595774368833,1.1530000001869212e-5,7.606931570658617,32.542681200000004,-9.80122898764057,12.405990194087906,-2.6047612064473356,168,168,0
7633,13735-1-01,60 o mas,Hombres,Quintil bajo,Norte,Trabajadores rutinarios,Movilidad mixta,48.81,50.419694092531,30.46,29.422552553997317,11.08,10.50775335347169,77.64999999999999,1.984451,43.41103297,21.55,0,21.55,21.86103297,6.260776044843203,5.67878420720716,4.276325044843203,3.69433320720716,3.154915916212193,2.154915916212193,53.45002034,56.64437939161724,135.88411488,-1.6096940925310008,1.037447446002684,0.5722466465283098,168,168,0
7641,13748-1-01,30 a 44,Mujeres,Quintil alto,Centro,Trabajadores rutinarios,Motorizados privados,90.15,68.13827097526574,19.76,35.347856377738125,6.2,12.62387264699615,51.889999999999986,9.821508,392.22899474999997,331.82,0,331.82,60.40899475,25.483271252064466,83.84452499584728,15.661763252064466,74.02301699584729,2.5946393621085955,1.5946393621085955,493.1799514500001,276.99157873974025,748.1462991300001,22.011729024734265,-15.587856377738124,-6.423872646996149,168,168,0
7642,13750-1-02,60 o mas,Mujeres,Quintil alto,Centro,Trabajadores rutinarios,Movilidad mixta,49.88,51.07162503066569,23.56,22.914764890594103,8.73,8.183610078740196,85.83,4.350491,154.93246728,62.92999999999999,0,62.92999999999999,92.00246728,9.54455214542607,8.48374976488603,5.194061145426071,4.13325876488603,2.1939022849205,1.1939022849204999,62.0700238,67.25417777128581,202.54737819,-1.1916250306656906,0.6452351094058955,0.546389921259804,168,168,0
7644,13751-1-02,18 a 29,Mujeres,Quintil bajo,Sur,Trabajadores rutinarios,Motorizados privados,75.45,72.17920545814818,22.55,25.569199330429424,8.88,9.131595211422402,61.12,2.44445,143.5537295,59.12,0,59.12,84.4337295,4.182431485608564,5.740381203794219,1.7379814856085645,3.2959312037942192,1.7109908100425717,0.7109908100425718,40.880022999999994,32.8847292821703,117.70908649999998,3.270794541851828,-3.019199330429423,-0.2515952114224014,168,168,0
7649,13758-1-01,30 a 44,Hombres,Quintil bajo,Sur,Trabajadores rutinarios,Motorizados privados,46.77,59.10025421154031,46.1,31.566366528263202,9.07,11.273379260196476,66.06,3.664785,120.40200777,99,0,99,21.402007769999997,9.909385338010289,4.079820557697999,6.244600338010288,0.4150355576979985,2.7039472542073515,1.7039472542073513,50.99998668000002,96.18771736063978,253.18617512999998,-12.330254211540307,14.533633471736799,-2.203379260196476,168,168,0
7653,13764-1-02,60 o mas,Hombres,Quintil bajo,Centro,Trabajadores rutinarios,Usuarios publicos,58.31,60.0131147184149,35.67,31.637943536668164,8.97,11.298941744916943,65.05,2.995336,102.98807391,40.83,0,40.83,62.15807390999999,7.891194212384794,7.085769317010924,4.895858212384794,4.090433317010924,2.634493830536806,1.6344938305368057,71.66996825000001,76.771369078198,205.38176729,-1.703114718414895,4.032056463331838,-2.3289417449169427,168,168,0
7654,13765-1-01,45 a 59,Hombres,Quintil medio,Norte,Trabajadores rutinarios,Motorizados privados,38.05,49.91175999096898,40.57,30.489459411577,12.67,10.88878059745402,76.71,13.325202,217.10392935000002,210.08,0,210.08,7.0239293499999995,47.78162749448638,24.033339563163935,34.45642549448638,10.708137563163934,3.585808867624399,2.585808867624399,289.92000674999997,447.9803547051798,999.3537612300001,-11.861759990968984,10.080540588423002,1.7812194025459807,168,168,0
7657,13772-1-01,45 a 59,Hombres,Quintil medio,Centro,Trabajadores rutinarios,Motorizados privados,48.08,54.67100527160833,41.61,30.696332870155402,6.64,10.962661858236276,71.67,6.754006,178.96262144,154.23,0,154.23,24.73262144,20.15910724844942,13.333518896983762,13.40510124844942,6.579512896983761,2.984763005607253,1.9847630056072527,145.76998704000002,190.28567619047433,471.65077654000004,-6.591005271608331,10.913667129844598,-4.322661858236276,168,168,0
7664,13780-1-01,45 a 59,Hombres,Quintil alto,Centro,Trabajadores rutinarios,Motorizados privados,72.12,62.96567894843507,26.41,31.26026178211274,6.86,11.164059269452194,62.61,14.993221,588.54107552,507.23,0,507.23,81.31107551999999,36.98450223649384,65.36803990940051,21.99128123649384,50.37481890940051,2.4667482882093075,1.4667482882093075,492.77002300000004,355.51726436893455,991.59448567,9.154321051564935,-4.850261782112739,-4.3040592694521935,168,168,0
7676,13801-1-01,45 a 59,Mujeres,Quintil bajo,Sur,Trabajadores rutinarios,Usuarios publicos,66.66,62.95101151383907,32.81,30.865803232860323,5.37,11.02318525330061,63.160000000000004,2.781531,112.61686054,47.2,0,47.2,65.41686054,6.583218550131315,8.415296343207231,3.801687550131315,5.633765343207231,2.3667608055172904,1.3667608055172906,72.79999591999999,62.483329467100305,178.9988495,3.7089884861609264,1.9441967671396796,-5.65318525330061,168,168,0
7680,13809-1-02,30 a 44,Mujeres,Quintil bajo,Centro,Trabajadores rutinarios,Usuarios publicos,61.59,64.40697389627896,37.03,30.39719583818963,7.04,10.855830265531418,62.339999999999996,2.335936,101.55032747,57.68,0,57.68,43.87032747,5.231535487680471,4.238149690451474,2.8955994876804714,1.902213690451474,2.2395885365354493,1.2395885365354495,42.31997076999998,48.900241505378276,145.26467028999997,-2.8169738962789523,6.63280416181037,-3.8158302655314182,168,168,0
7683,13811-1-01,45 a 59,Hombres,Quintil bajo,Centro,Trabajadores rutinarios,Movilidad activa,57.58,57.617042231337656,20.69,24.31815227351387,12.35,8.68480549514847,77.38000000000001,3.665216,155.4031423,101.86000000000001,0,101.86000000000001,53.5431423,7.458760080054638,7.432262271710759,3.7935440800546383,3.7670462717107593,2.0350124194739516,1.0350124194739514,55.63999497999998,55.77576275897448,176.73873161999995,-0.03704223133765794,-3.6281522735138694,3.665194504851529,168,168,0
7695,13827-1-01,30 a 44,Hombres,Quintil alto,Norte,Trabajadores rutinarios,Motorizados privados,63.61,58.752339687991,25.18,31.69009395236954,12.97,11.317566359639455,66.24000000000001,5.268045,167.57938665024392,117.54,10.0609756097561,107.47902439024391,60.10036226000001,14.564787482411063,19.379768424488823,9.296742482411062,14.111723424488822,2.764742420083933,1.764742420083933,167.52095579975605,141.9305826813786,368.49687254975606,4.857660312009003,-6.510093952369541,1.6524336403605453,168,168,0
7703,13841-1-01,30 a 44,Hombres,Quintil medio,Norte,Trabajadores rutinarios,Movilidad mixta,63.6,61.31274460000433,39.78,36.22877719230265,7.1,12.93847820769302,57.52,5.105845,128.17710821538458,131.32999999999998,52.8846153846154,78.44538461538458,49.731723599999995,16.595073089559428,18.50417244371172,11.489228089559427,13.39832744371172,3.250210903299929,2.250210903299929,196.55463378461548,184.87626223682457,435.91664738461543,2.287255399995672,3.55122280769735,-5.83847820769302,168,168,0
7704,13846-1-01,45 a 59,Mujeres,Quintil bajo,Sur,Trabajadores rutinarios,Motorizados privados,60.19,53.601679109385444,21.67,30.880048269884334,13.65,11.028272620730226,72.49,3.617782,87.14318050888889,122.5,83.1111111111111,39.3888888888889,47.75429162,11.24468795560434,16.320499087742487,7.6269059556043395,12.702717087742487,3.1081717902306827,2.1081717902306827,130.6111180711111,106.7760093428218,258.39117831111116,6.588320890614554,-9.210048269884332,2.6217273792697746,168,168,0
7706,13847-1-01,60 o mas,Mujeres,Quintil bajo,Centro,Trabajadores rutinarios,Motorizados privados,66.55,64.46896877864987,34.46,33.298905702367726,8.65,11.892125518982395,58.34000000000001,4.407752,168.40588005,125.07000000000001,0,125.07000000000001,43.33588004999999,11.304992868376038,12.7897705851757,6.897240868376038,8.3820185851757,2.564797853503563,1.5647978535035632,124.93001555000001,115.75734602203153,314.94820427,2.0810312213501305,1.1610942976322747,-3.2421255189823945,168,168,0
7713,13855-1-01,30 a 44,Mujeres,Quintil bajo,Centro,Trabajadores rutinarios,Motorizados privados,80.42,67.71295960743828,24.87,32.35280006204478,6.33,11.554240330516945,56.379999999999995,2.511545,113.23842312000001,61.26,0,61.26,51.97842312000001,5.711955059298569,12.552751742274065,3.2004100592985694,10.041206742274065,2.2742794014435614,1.2742794014435614,88.74002577999998,56.82572201726357,167.10022978,12.707040392561723,-7.482800062044777,-5.224240330516945,168,168,0
7720,13864-1-02,60 o mas,Hombres,Quintil alto,Sur,Trabajadores rutinarios,Movilidad activa,64.98,58.30654595683546,17.08,32.65226501032825,20.56,11.661189032836294,65.38,2.183732,63.894878745945896,101.05,54.0540540540541,46.9959459459459,16.898932799999997,6.3174218811027965,9.146214667281372,4.1336898811027964,6.962482667281372,2.8929474317832025,1.8929474317832025,78.00402661405411,63.43099146946631,160.1996990940541,6.673454043164547,-15.572265010328252,8.898810967163705,168,168,0
7728,13889-1-02,30 a 44,Hombres,Quintil bajo,Centro,Trabajadores rutinarios,Usuarios publicos,56.2,60.10912974320014,27.98,28.28822299388148,14.32,10.102647262918378,69.5,3.060865,123.74064000000001,89.22000000000001,0,89.22000000000001,34.52063999999999,6.92578707809446,5.037332686726602,3.86492207809446,1.9764676867266018,2.2626894940137707,1.2626894940137705,48.27997300000001,60.24529141142031,177.7545625,-3.9091297432001397,-0.3082229938814791,4.217352737081622,168,168,0
7730,13892-1-02,45 a 59,Hombres,Quintil bajo,Centro,Trabajadores rutinarios,Motorizados privados,67.16,60.5251872695045,21.29,27.532174904466068,9.44,9.832637826029417,70.11000000000001,2.965576,124.92807163999998,100.75999999999999,0,100.75999999999999,24.16807164,6.44491425464168,10.66226468536944,3.47933825464168,7.696688685369439,2.173241978840428,1.1732419788404276,74.24001252,54.5639711219481,165.372163,6.634812730495497,-6.242174904466069,-0.3926378260294179,168,168,0
7734,13900-1-01,30 a 44,Hombres,Quintil bajo,Centro,Trabajadores rutinarios,Movilidad activa,54.92,63.92760469518347,43.3,34.72939528851309,12.84,12.403000016303434,56.94,4.197325,144.15706992,128.64,0,128.64,15.517069919999999,11.626893116130908,6.789132811505181,7.429568116130908,2.5918078115051806,2.770072156940649,1.7700721569406486,86.36001908000003,124.16786345721098,321.99784458,-9.007604695183467,8.570604711486908,0.4369999836965661,168,168,0
7739,13912-1-01,30 a 44,Mujeres,Quintil bajo,Sur,Trabajadores rutinarios,Movilidad activa,72.82,68.40304870346814,25.27,28.95586668966164,9.61,10.341084606870206,60.30000000000001,2.72464,137.87830214000002,76.97,12.5,64.47,73.40830214,5.446474763888212,7.658929228829634,2.7218347638882117,4.934289228829634,1.9989704195373377,0.9989704195373377,60.52998265999997,48.495380479417435,155.56542585999995,4.416951296531849,-3.6858666896616405,-0.7310846068702066,168,168,0
7741,13914-1-01,30 a 44,Mujeres,Quintil bajo,Centro,Trabajadores rutinarios,Motorizados privados,81.76,73.02661078571462,15.21,21.503712114072695,5.24,7.679677100212675,65.79,2.8763,180.75633807999998,70.59,0,70.59,110.16633807999999,4.429545303288246,11.742457502790119,1.553245303288246,8.866157502790118,1.5400150552057317,0.5400150552057317,54.40994992000003,29.290102522951003,113.23028492000003,8.733389214285381,-6.293712114072694,-2.439677100212675,168,168,0
7755,13931-1-01,30 a 44,Hombres,Quintil alto,Norte,Trabajadores rutinarios,Motorizados privados,53.33,54.759281899766115,34.62,33.88078463284727,12.79,12.099933467386595,67.26000000000002,21.587207,357.7657475,331.52,0,331.52,26.2457475,79.12278314028505,73.86522304917908,57.53557614028505,52.27801604917908,3.6652626317191035,2.6652626317191035,793.4800018099999,824.3342060416045,1816.9294856799993,-1.4292818997661172,0.739215367152724,0.6900665326134039,168,168,0
7756,13931-1-02,30 a 44,Mujeres,Quintil alto,Norte,Trabajadores rutinarios,Motorizados privados,54.53,55.666933781291725,35.81,34.405676678531144,12.02,12.287389540177124,65.64,21.171697,361.01265301,331.52,0,331.52,29.492653009999998,77.27452394138555,73.21660355266911,56.10282694138555,52.04490655266911,3.6498974995431657,2.6498974995431657,793.4799844,817.5508019265727,1806.1222519100002,-1.1369337812917237,1.4043233214688584,-0.267389540177124,168,168,0
7757,13932-1-01,60 o mas,Hombres,Quintil bajo,Sur,Trabajadores rutinarios,Movilidad activa,49.95,46.03917289282816,11.84,24.00710628250295,16.83,8.573720824668891,89.38,3.332617,88.18422670000001,46.720000000000006,0,46.720000000000006,41.4642267,8.838334880874633,12.050277978345756,5.505717880874633,8.717660978345755,2.6520703941901016,1.6520703941901016,78.27999245000001,65.2467035485783,173.82612183999998,3.9108271071718406,-12.16710628250295,8.256279175331107,168,168,0
7763,13943-1-01,45 a 59,Mujeres,Quintil bajo,Norte,Trabajadores rutinarios,Motorizados privados,53.84,50.73338990702563,20.63,26.995600493489242,12.9,9.641009599485121,80.63,2.644213,75.00441952,45.13999999999999,0,45.13999999999999,29.864419520000002,7.124923162458477,8.866302868310832,4.480710162458477,6.222089868310832,2.6945345032561585,1.6945345032561585,67.36000840000003,59.14546960622599,156.02047029000002,3.106610092974371,-6.365600493489243,3.258990400514879,168,168,0
7764,13943-1-02,60 o mas,Hombres,Quintil bajo,Norte,Trabajadores rutinarios,Motorizados privados,59.72,59.43534756773874,24.25,30.05944427001615,16.26,10.735208162245106,67.77,2.903538,106.03930399999999,45.13999999999999,0,45.13999999999999,60.899304,7.197986471249256,7.338608577871242,4.294448471249256,4.435070577871242,2.4790398717871973,1.4790398717871973,67.35998536000002,66.53348620613701,184.98230974000003,0.2846524322612609,-5.809444270016151,5.524791837754895,168,168,0
7765,13947-1-05,60 o mas,Mujeres,Quintil alto,Norte,Trabajadores rutinarios,Usuarios publicos,59.33,46.13462962722174,17.99,27.061003298148172,5.54,9.664367074630084,85.14,2.667522,51.0847490600434,75.24,67.4193408499566,7.820659150043397,43.26408991,8.650117303965851,20.103103046378486,5.9825953039658515,17.435581046378488,3.2427538756815695,2.2427538756815695,107.17933119995658,71.98039043242238,169.9461238599566,13.195370372778257,-9.071003298148174,-4.124367074630084,168,168,0
7771,13958-1-02,60 o mas,Mujeres,Quintil medio,Centro,Trabajadores rutinarios,Usuarios publicos,68.05,63.94820143817574,22.29,28.200485293818986,11.88,10.071313268005271,65.78,2.657704,121.85673425,53.5,0,53.5,68.35673425,5.546615448725828,7.6204599516858,2.8889114487258283,4.9627559516858,2.0869951840858985,1.0869951840858985,59.00002294999997,48.09865650504538,149.81376862999997,4.1017985618242605,-5.9104852938189865,1.8086867319947295,168,168,0
7772,13959-1-02,45 a 59,Mujeres,Quintil bajo,Sur,Trabajadores rutinarios,Usuarios publicos,40.07,42.48557093769208,9.53,17.87918782623088,17.15,6.385241236077048,101.25,3.071286,95.7430873566667,36.010000000000005,13.3333333333333,22.676666666666705,73.06642069,6.319196652856604,4.519828816380467,3.247910652856604,1.4485428163804666,2.057508370388366,1.0575083703883663,27.323342663333307,34.742251866273875,109.2652531433333,-2.415570937692081,-8.34918782623088,10.76475876392295,168,168,0
7781,13979-1-01,45 a 59,Mujeres,Quintil alto,Centro,Trabajadores rutinarios,Motorizados privados,61.68,57.49540365006332,30.19,31.068884242933944,7.79,11.095712107002758,68.33999999999999,15.010624,461.01526835999994,410.15999999999997,0,410.15999999999997,50.85526836,42.08049541863129,54.016014107121315,27.069871418631287,39.005390107121315,2.8033808200532695,1.8033808200532695,464.84001996000006,402.0266175593281,1034.9435194800003,4.184596349936683,-0.8788842429339425,-3.3057121070027575,168,168,0
7787,13995-1-01,45 a 59,Mujeres,Quintil bajo,Norte,Trabajadores rutinarios,Movilidad mixta,75.44,68.23539763905437,21.38,27.63517856684607,8.92,9.869423794099555,62.260000000000005,2.165672,112.86828528000001,36.99,0,36.99,75.87828528,4.1077546123899875,7.35713648202746,1.9420826123899877,5.1914644820274605,1.8967575017777336,0.8967575017777336,50.51001039999997,34.90720479576612,116.12987199999995,7.2046023609456284,-6.2551785668460695,-0.9494237940995554,168,168,0
7788,13995-1-02,45 a 59,Hombres,Quintil bajo,Norte,Trabajadores rutinarios,Motorizados privados,47.61,52.26408524231473,35.53,30.22984937383167,10.15,10.796065383853602,74.71,5.25878,120.48050718,95.11,0,95.11,25.37050718,16.605961932001954,12.54941940131623,11.347181932001954,7.290639401316231,3.15775939134209,2.15775939134209,129.89000862,154.36481901057982,370.11107902,-4.6540852423147285,5.300150626168332,-0.6460653838536015,168,168,0
7794,14011-1-02,30 a 44,Mujeres,Quintil bajo,Centro,Trabajadores rutinarios,Usuarios publicos,68.98,65.36400991209918,29.16,29.22042358367736,6.88,10.435566504223468,62.98,2.392041,111.09298437999999,46.089999999999996,0,46.089999999999996,65.00298438,5.037135612812206,6.60174223660556,2.6450946128122057,4.20970123660556,2.1057898308650254,1.1057898308650251,53.9100038,45.26040725414762,140.11916144000003,3.615990087900826,-0.060423583677359005,-3.555566504223468,168,168,0
7805,14034-1-01,18 a 29,Hombres,Quintil bajo,Sur,Trabajadores rutinarios,Motorizados privados,53.44,60.14361419082738,40.36,28.24070777940693,4.67,10.085678029765692,69.53,3.051751,123.74555615999999,98.16,0,98.16,25.58555616,6.885907223854808,3.855729716889571,3.834156223854808,0.8039787168895711,2.256379116072972,1.256379116072972,39.34001728,59.79777859047165,176.76036481,-6.7036141908273805,12.11929222059307,-5.415678029765692,168,168,0
7814,14060-1-01,60 o mas,Hombres,Quintil bajo,Centro,Trabajadores rutinarios,Movilidad activa,68.15,64.58320615632088,25.98,32.44104011252647,14.48,11.58575373115266,59.389999999999986,4.582103,183.0703268,120.80000000000001,0,120.80000000000001,62.27032679999999,11.313156439970438,14.093231757626498,6.731053439970438,9.511128757626498,2.468987807557019,1.4689878075570186,129.19999265000004,112.85657587849639,314.5918800300001,3.5667938436791218,-6.461040112526472,2.89424626884734,168,168,0
7815,14060-1-02,60 o mas,Mujeres,Quintil bajo,Centro,Trabajadores rutinarios,Usuarios publicos,68.72,62.43470307289803,24.27,27.39253062780863,6.62,9.782766299293339,68.39,3.239869,145.12378088,72.48,0,72.48,72.64378088,6.785549106980327,11.075668104775142,3.545680106980327,7.835799104775141,2.0943899605139364,1.0943899605139364,77.52001680000001,57.156478130087095,177.59957021,6.285296927101967,-3.1225306278086293,-3.162766299293339,168,168,0
7834,14097-1-04,18 a 29,Mujeres,Quintil bajo,Centro,Trabajadores rutinarios,Movilidad mixta,55.23,47.9240175020223,21.55,30.583586165905434,12.65,10.922396332072248,78.57000000000001,2.678928,28.84718349,80.89,100,-19.11,47.95718349,10.584037283352751,15.370788194408478,7.905109283352751,12.691860194408477,3.9508479822349654,2.9508479822349654,119.11000995,99.5378088686576,210.72934755,7.305982497977695,-9.033586165905433,1.7276036679277524,168,168,0
7836,14101-1-01,60 o mas,Hombres,Quintil bajo,Norte,Trabajadores rutinarios,Motorizados privados,52.61,56.6512379510003,40.61,33.194074995335484,8.48,11.854687053664223,66.3,4.550753,108.65512744,69.24000000000001,0,69.24000000000001,39.41512744,14.612223702674731,11.755898368008635,10.06147070267473,7.205145368008635,3.2109463428744056,2.2109463428744056,130.75998789000002,149.15066361922845,354.15645266,-4.041237951000298,7.4159250046645155,-3.374687053664223,168,168,0
7837,14106-1-01,18 a 29,Hombres,Quintil bajo,Norte,Trabajadores rutinarios,Motorizados privados,51.23,50.671511833981064,32.53,27.851727635232375,4.71,9.946760530786538,79.53000000000002,3.757141,98.03833852,68.06,0,68.06,29.97833852,10.781949837365492,11.192323797947132,7.024808837365492,7.4351827979471325,2.869721907526359,1.869721907526359,94.43999491,92.34167612343543,234.35592574999995,0.5584881660189325,4.678272364767626,-5.236760530786538,168,168,0
7842,14111-1-02,18 a 29,Mujeres,Quintil bajo,Centro,Trabajadores rutinarios,Movilidad mixta,57.64,51.49574562989917,25.53,28.651771924273962,7.21,10.232482445826859,77.62,2.151081,56.15766494971891,52.33,35.1606425702811,17.1693574297189,38.988307520000006,6.198734582858815,9.143684824671844,4.047653582858816,6.9926038246718445,2.8816834804727556,1.8816834804727558,67.8306438902811,54.61385505559022,138.2570358302811,6.144254370100832,-3.121771924273961,-3.022482445826859,168,168,0
7846,14118-1-03,30 a 44,Mujeres,Quintil bajo,Centro,Trabajadores rutinarios,Usuarios publicos,50.76,58.692351341800595,42.73,32.404827597503314,9.18,11.572821060696082,65.33000000000001,3.579608,108.25090756000002,76.55000000000001,0,76.55000000000001,31.70090756,10.220694876902078,6.244745189362282,6.641086876902078,2.6651371893622824,2.8552553455300353,1.8552553455300351,73.44999451999998,101.84470284192012,259.2674457999999,-7.932351341800597,10.325172402496683,-2.3928210606960825,168,168,0
7853,14140-1-01,45 a 59,Hombres,Quintil alto,Norte,Trabajadores rutinarios,Motorizados privados,53.18,55.30178876868921,35.27,32.22103021266558,10.58,11.507181018645223,68.96999999999998,19.622824,460.04176431999997,416.5,0,416.5,43.54176432,63.093763812676784,56.16626123183201,43.47093981267678,36.54343723183201,3.2153253686970222,2.2153253686970222,583.5000160000001,625.135503573165,1483.2064964000006,-2.121788768689207,3.0489697873344213,-0.9271810186452232,168,168,0
7855,14145-1-01,60 o mas,Mujeres,Quintil bajo,Sur,Trabajadores rutinarios,Movilidad activa,60.83,56.511458091541016,23.62,29.001249588066138,11.42,10.357292320392851,72.13,3.001938,101.60092659826091,45.080000000000005,53.5869565217391,-8.506956521739092,110.10788312,7.629889075791696,10.203102054432721,4.627951075791696,7.201164054432721,2.5416544498226465,1.5416544498226465,81.00696194173909,68.04296688214353,186.19486946173907,4.3185419084589824,-5.381249588066137,1.0627076796071488,168,168,0
7856,14146-1-02,60 o mas,Mujeres,Quintil alto,Centro,Trabajadores rutinarios,Usuarios publicos,70.37,52.933685715225685,8.78,28.25539203006282,12.13,10.090922254711488,76.72,3.845275,112.438627922077,140.75,98.903396797923,41.846603202077006,70.59202472,10.485692048939715,33.38092841643408,6.640417048939715,29.53565341643408,2.726903030066696,1.726903030066696,158.15337382792302,91.10595041653745,238.55807407792304,17.43631428477432,-19.47539203006282,2.0390777452885125,168,168,0
7859,14153-1-01,30 a 44,Hombres,Quintil bajo,Centro,Trabajadores rutinarios,Motorizados privados,69.59,57.764937970760094,14.79,22.153370666490105,3.45,7.9116913627498056,80.17,4.902913,219.97368731,128.78,0,128.78,91.19368731000002,9.283736761491419,29.330774470968638,4.380823761491419,24.427861470968637,1.8935144803694088,0.8935144803694087,121.22002836000001,63.242778011033295,210.64916147999998,11.82506202923991,-7.3633706664901055,-4.461691362749805,168,168,0
7862,14156-1-02,60 o mas,Mujeres,Quintil medio,Centro,Trabajadores rutinarios,Movilidad mixta,61.82,61.968699375417394,21.39,31.361194860243312,21.32,11.200105764339282,63.470000000000006,2.434427,93.07769249142859,64.01,21.4285714285714,42.5814285714286,50.49626392,5.991575102312555,5.933308021983043,3.557148102312555,3.4988810219830433,2.4611849533021757,1.4611849533021755,57.4185846485714,57.78058242297064,161.3929618185714,-0.14869937541739375,-9.971194860243312,10.119894235660718,168,168,0
7869,14174-1-01,30 a 44,Hombres,Quintil bajo,Norte,Trabajadores rutinarios,Motorizados privados,52.96,55.99275095757748,36.55,31.417157274367234,9.12,11.220091768055303,69.36999999999999,4.035164,110.77225836000001,84.57000000000001,0,84.57000000000001,26.202258360000002,11.921074575129284,9.946838317719923,7.885910575129284,5.911674317719923,2.9542974152052515,1.9542974152052517,102.93002707999999,115.16767456498216,287.21596696,-3.032750957577477,5.132842725632763,-2.1000917680553037,168,168,0
7872,14176-1-01,18 a 29,Mujeres,Quintil bajo,Sur,Trabajadores rutinarios,Motorizados privados,45.53,56.183301029966564,44.7,29.279893734785738,5.69,10.456805235247694,72.08,6.219636,201.66000893999998,168.48,0,168.48,33.18000894,16.41333741148924,7.139928990350977,10.19370141148924,0.9202929903509762,2.638954660930196,1.6389546609301957,81.52001814000002,147.77967274481713,394.92747618,-10.653301029966563,15.420106265214265,-4.766805235247694,168,168,0
7874,14177-1-01,18 a 29,Hombres,Quintil bajo,Norte,Trabajadores rutinarios,Motorizados privados,62.84,64.2454795068055,32.52,29.72776560308797,9.23,10.61675489010655,63.40999999999998,3.872972,170.037556,114.16,0,114.16,55.877556000000006,8.618348949756085,7.752797412290155,4.745376949756085,3.879825412290155,2.2252546493380496,1.2252546493380496,73.34000448,78.7833872564315,235.03658548000004,-1.4054795068054915,2.7922343969120327,-1.38675489010655,168,168,0
7886,14199-1-01,60 o mas,Mujeres,Quintil medio,Norte,Trabajadores rutinarios,Motorizados privados,56.45,52.30486655973976,20.77,29.676637915354824,15.36,10.59849552490541,75.42,8.453561,206.07350749999995,178.86999999999995,0,178.86999999999995,27.203507499999997,25.870958152660545,33.11948792219639,17.417397152660545,24.66592692219639,3.060362154204665,2.060362154204665,271.1300109500001,236.08887255962026,576.5571698800002,4.1451334402602455,-8.906637915354825,4.76150447509459,168,168,0
7887,14200-1-01,30 a 44,Hombres,Quintil bajo,Centro,Trabajadores rutinarios,Movilidad activa,62.03,61.398625592527935,29.11,26.638055713069818,6.41,9.513318694402242,70.45,2.62403,116.93861128000002,91.67000000000002,0,91.67000000000002,25.26861128,5.392724949837307,5.694434416872556,2.768694949837307,3.0704044168725564,2.05513082923492,1.05513082923492,45.82996961999997,44.173224233561044,139.03551521999998,0.631374407472066,2.4719442869301815,-3.103318694402242,168,168,0
7889,14201-1-02,45 a 59,Mujeres,Quintil bajo,Norte,Trabajadores rutinarios,Usuarios publicos,56.04,57.79454418121981,22.95,24.975787375152816,12.7,8.919668443627376,76.31,3.069093,128.64196859999998,31.65,0,31.65,96.99196859999999,6.345593515865325,5.3666538255650265,3.2765005158653246,2.2975608255650264,2.067579417067298,1.0675794170672979,43.350003120000025,48.73486238477247,152.76316857,-1.7545441812198135,-2.0257873751528166,3.780331556372623,168,168,0
7897,14220-1-01,45 a 59,Mujeres,Quintil bajo,Centro,Trabajadores rutinarios,Usuarios publicos,63.54,63.510240362301325,32.85,31.345322434419025,9.66,11.194437203279639,61.95000000000002,2.795586,113.24595969966103,63.75,8.13559322033898,55.614406779661024,57.63155292,6.671231219434377,6.684538902043553,3.875645219434377,3.8889529020435525,2.3863444799889457,1.3863444799889457,64.38557474033897,64.30237911382349,183.22593560033894,0.029759637698674624,1.5046775655809768,-1.534437203279639,168,168,0
7898,14223-1-01,45 a 59,Hombres,Quintil bajo,Norte,Trabajadores rutinarios,Motorizados privados,76.25,62.754192331045026,23.68,33.70769143076157,8.57,12.038116238193403,59.49999999999999,1.706309,60.096089500000005,44.99,0,44.99,15.106089500000001,4.532666391370499,9.580852777509024,2.8263573913704994,7.874543777509024,2.656415919608054,1.6564159196080541,70.00997175,46.981953662193106,125.03843700000002,13.495807668954974,-10.027691430761571,-3.468116238193403,168,168,0
7903,14231-1-03,60 o mas,Mujeres,Quintil medio,Norte,Trabajadores rutinarios,Usuarios publicos,54.96,48.9757011088799,23.8,31.90867139586984,13.52,11.395627495250258,75.72,3.319385,25.89393351578898,96.74999999999999,115.789473684211,-19.039473684211018,44.9334072,13.92941652830115,18.512121687897228,10.61003152830115,15.192736687897227,4.196384730394682,3.1963847303946813,156.53946608421103,136.67527410951035,280.418914284211,5.984298891120098,-8.108671395869838,2.1243725047497417,168,168,0
7906,14236-1-01,45 a 59,Mujeres,Quintil bajo,Norte,Trabajadores rutinarios,Movilidad mixta,61.52,60.07032562195533,32.18,32.60526911319653,10.62,11.644405264848151,63.679999999999986,3.679969,118.79170456,67.4,0,67.4,51.39170456,10.199805965517468,11.095386583542258,6.519836965517468,7.415417583542258,2.7717097523151604,1.7717097523151604,107.59998832,102.26523154870131,265.1026615200001,1.4496743780446764,-0.4252691131965278,-1.024405264848152,168,168,0
7910,14240-1-01,60 o mas,Hombres,Quintil bajo,Centro,Trabajadores rutinarios,Movilidad activa,59.65,59.11125327966521,15.37,28.942452690251713,23.37,10.336294030083081,69.60999999999999,2.657845,101.11042995000001,57.57000000000001,0,57.57000000000001,43.540429950000004,6.2920157404551995,6.542645158932029,3.6341707404551995,3.8848001589320287,2.3673373505434663,1.3673373505434665,57.4300243,55.998119023091775,160.39493960000004,0.5387467203347853,-13.572452690251714,13.03370596991692,168,168,0
7911,14242-1-01,18 a 29,Mujeres,Quintil medio,Centro,Trabajadores rutinarios,Movilidad mixta,59,61.169981468405936,40.32,32.038150002134344,5.33,11.441868529459708,63.35000000000001,5.422793,190.90480000000002,145.96,0,145.96,44.9448,14.29254537335889,12.475487116137693,8.869752373358889,7.052694116137692,2.63564280867053,1.6356428086705297,129.039987,140.80734731700142,376.59048744999996,-2.169981468405936,8.281849997865656,-6.1118685294597075,168,168,0
7917,14257-1-01,45 a 59,Hombres,Quintil bajo,Sur,Trabajadores rutinarios,Motorizados privados,40.26,53.40538426648463,32.6,24.105688119036863,13.26,8.608927614478496,81.88000000000001,2.815384,105.14734,104.3,0,104.3,0.84734,6.099021673737269,0.7891414146596949,3.2836376737372692,-2.026242585340305,2.166319647244308,1.1663196472443083,8.200019839999996,45.20932437771255,137.31353007999996,-13.145384266484633,8.494311880963139,4.651072385521504,168,168,0
7923,14267-1-03,18 a 29,Hombres,Quintil bajo,Centro,Trabajadores rutinarios,Motorizados privados,64.79,63.07166762174344,31.47,28.529512692496116,5.53,10.188819685760448,66.21,2.795132,123.566621,57.47,0,57.47,66.096621,6.0102222089690125,6.862249305299707,3.2150902089690123,4.067117305299707,2.1502462885362883,1.150246288536288,57.529981280000044,52.727015462898976,160.94986528000004,1.7183323782565694,2.940487307503883,-4.658819685760448,168,168,0
7926,14276-1-01,45 a 59,Mujeres,Quintil bajo,Centro,Trabajadores rutinarios,Movilidad mixta,60,59.65272818360892,27.28,28.904523527625063,11.6,10.322748288766004,69.12,3.697448,143.056875,96.21,0,96.21,46.846875,8.720093092238677,8.94373360640378,5.022645092238678,5.246285606403781,2.3584085813346602,1.3584085813346605,78.79000500000001,77.50598551702845,222.54678324000002,0.3472718163910784,-1.6245235276250618,1.2772517112339958,168,168,0
7945,14301-1-05,30 a 44,Hombres,Quintil bajo,Sur,Trabajadores rutinarios,Movilidad mixta,43.78,55.736190692001834,41.5,30.31671969760152,11.6,10.827089610396646,71.12,1.843045,55.668504420000005,49.980000000000004,0,49.980000000000004,5.68850442,5.047573774202156,2.0795380257465936,3.2045287742021555,0.2364930257465936,2.73871434186477,1.7387143418647701,25.020005679999997,47.055803153940516,122.88569518,-11.956190692001833,11.18328030239848,0.7729103896033536,168,168,0
7948,14308-1-01,45 a 59,Hombres,Quintil bajo,Centro,Trabajadores rutinarios,Movilidad mixta,59.69,71.16682823208174,21.64,13.494017802432316,8.15,4.819153965485947,78.52,1.371965,91.3925615,29.5,0,29.5,61.8925615,1.505223502067569,-1.4074265636330685,0.13325850206756895,-2.7793915636330686,1.097129665893495,0.09712966589349506,-9.499970649999995,6.245835995428038,31.370866700000022,-11.476828232081743,8.145982197567685,3.330846034514053,168,168,0
7949,14311-1-01,60 o mas,Mujeres,Quintil medio,Norte,Trabajadores rutinarios,Usuarios publicos,54.63,45.20791877083841,13.24,27.48595134436951,14.64,9.816129884792074,85.49000000000001,8.844214,132.3712527818182,181.03000000000003,81.8181818181818,99.21181818181823,33.1594346,31.64428616835172,55.52980364591769,22.80007216835172,46.68558964591769,3.577964776559197,2.5779647765591966,350.78815803818173,267.4572553220936,597.3648443581817,9.422081229161591,-14.24595134436951,4.823870115207926,168,168,0
7960,14337-1-01,18 a 29,Mujeres,Quintil bajo,Norte,Trabajadores rutinarios,Movilidad activa,65.46,71.22510133942473,35.38,25.50590715112863,5,9.10899150944665,62.16,2.348588,135.57859752000002,81.84,0,81.84,53.738597520000006,4.041733980971491,1.9848279464469691,1.6931459809714915,-0.36376005355303076,1.720920817517373,0.7209208175173728,18.159972959999976,31.699820784556806,112.99595639999998,-5.7651013394247315,9.874092848871374,-4.10899150944665,168,168,0
7964,14345-1-01,45 a 59,Hombres,Quintil bajo,Centro,Trabajadores rutinarios,Movilidad mixta,56.18,52.386039885416416,29.58,31.525260984890135,9.41,11.258699129693456,72.83,5.549369,106.25285092482761,140.61,71.1206896551724,69.48931034482762,36.76354058,19.02774123892535,23.262435691303274,13.47837223892535,17.713066691303275,3.428811679116193,2.428811679116193,205.5106994951724,184.45661484806584,421.88059680517244,3.7939601145835837,-1.9452609848901368,-1.8486991296934558,168,168,0
7969,14349-1-01,60 o mas,Mujeres,Quintil medio,Centro,Trabajadores rutinarios,Motorizados privados,49.06,54.42701087750021,41.64,33.2266636110446,8.82,11.8663255114552,68.47999999999999,5.89097,108.12363517894741,148.06,78.9473684210526,69.1126315789474,39.0110036,20.7985273212826,15.821036800789145,14.9075573212826,9.930066800789145,3.530577701343344,2.530577701343344,180.88735302105263,212.50425309008003,478.1456992210526,-5.367010877500206,8.4133363889554,-3.0463255114551995,168,168,0
7985,14376-1-01,45 a 59,Mujeres,Quintil bajo,Norte,Trabajadores rutinarios,Movilidad activa,57.42,58.404208303234796,37.67,32.86030485030062,7.91,11.735486846464582,65,5.953376,168.74283532,126.9,0,126.9,41.84283532,17.710652566404317,16.760878077457143,11.757276566404318,10.807502077457144,2.9748923243558476,1.9748923243558476,173.10001459999998,178.9593766914787,444.45489267999994,-0.9842083032347944,4.80969514969938,-3.8254868464645817,168,168,0
7987,14379-1-01,30 a 44,Mujeres,Quintil bajo,Norte,Trabajadores rutinarios,Movilidad mixta,70.92,69.89914480111264,19.73,24.972397419140677,13.14,8.91845777974669,64.21,2.886945,163.23213632000002,84.74000000000001,0,84.74000000000001,78.49213632000001,5.021813518466081,5.573487671260457,2.1348685184660807,2.686542671260457,1.7394905405077272,0.7394905405077273,41.51000307999996,38.56285026784809,136.40388523,1.0208551988873609,-5.242397419140676,4.22154222025331,168,168,0
7995,14393-1-01,30 a 44,Hombres,Quintil bajo,Sur,Trabajadores rutinarios,Motorizados privados,71.44,66.46992016845711,24.18,32.07503755396226,14.38,11.455042277580636,57.99999999999999,2.276797,99.77440536,62.120000000000005,0,62.120000000000005,37.65440536,5.227957415648983,7.196963496032731,2.9511604156489826,4.9201664960327305,2.296189522231882,1.296189522231882,62.87997232000001,51.564109469782636,150.67326464,4.97007983154289,-7.895037553962261,2.9249577224193644,168,168,0
7998,14396-1-02,45 a 59,Mujeres,Quintil bajo,Sur,Trabajadores rutinarios,Motorizados privados,62.87,64.31951222381412,40.13,34.50693543187771,8.15,12.323552344308174,56.85,2.506619,89.85111884999999,44.75999999999999,0,44.75999999999999,45.09111885,6.726383773394663,6.192300555208048,4.2197647733946635,3.6856815552080477,2.6834488102877474,1.6834488102877474,67.74001768000001,71.37339256094474,188.75958300000008,-1.4495122238141178,5.623064568122295,-4.173552344308174,168,168,0
8001,14400-1-02,45 a 59,Mujeres,Quintil alto,Norte,Trabajadores rutinarios,Usuarios publicos,59.38,58.58005483786013,34.01,32.70125883589419,9.57,11.678686326245662,65.04000000000002,3.040036,89.3982723349398,67.71,21.3290662650602,46.380933734939795,43.0173386,8.819585639898474,9.22775411472811,5.779549639898473,6.18771811472811,2.9011451311426817,1.9011451311426815,91.11906534506022,88.68720325412917,223.60383422506015,0.7999451621398705,1.308741164105811,-2.108686326245662,168.00000000000003,168,0
8006,14402-1-03,30 a 44,Mujeres,Quintil alto,Sur,Trabajadores rutinarios,Motorizados privados,67.65,59.21753583925821,25.88,33.469436522686436,11.11,11.95302763805536,63.36,3.076717,88.2963151388889,102.83,90.1736111111111,12.656388888888898,75.63992625,9.123586068953506,14.298960346372397,6.046869068953505,11.222243346372396,2.9653640776689913,1.9653640776689911,119.84358991111111,93.89928407586609,233.65135174111109,8.4324641607417945,-7.589436522686437,-0.8430276380553607,168,168,0
8027,14440-1-01,45 a 59,Hombres,Quintil bajo,Centro,Trabajadores rutinarios,Movilidad mixta,43.54,56.99724733879419,46.24,29.601198877666807,7.39,10.571553783539015,70.83,3.410822,113.88717901999999,90.38,0,90.38,23.50717902,8.8460156212595,2.849006145749603,5.435193621259501,-0.5618158542503968,2.593514296923,1.593514296923,34.62001086000001,80.5202861426007,217.54239472000003,-13.45724733879419,16.638801122333195,-3.181553783539015,168,168,0
8031,14443-1-02,45 a 59,Hombres,Quintil medio,Centro,Trabajadores rutinarios,Movilidad mixta,62.91,61.199904648330914,35.01,36.80561098047484,13.23,13.144484371194242,56.85000000000001,4.859786,111.89323297065036,149.65999999999997,93.4959349593496,56.16406504065037,55.729167929999996,16.39232613858428,17.73376335554491,11.532540138584281,12.873977355544909,3.3730551383505945,2.3730551383505945,193.8359042893496,185.5252068406431,428.2719809293495,1.7100953516690822,-1.7956109804748408,0.08551562880575858,168,168,0
8032,14445-1-02,45 a 59,Hombres,Quintil bajo,Centro,Trabajadores rutinarios,Movilidad activa,50.07,57.25453202826753,43.67,32.359009904053714,7.43,11.556458067678742,66.83000000000001,2.20457,61.58280879,43.7,0,43.7,17.882808790000002,6.496057396905533,4.214761497131283,4.2914873969055325,2.010191497131283,2.946632403101527,1.9466324031015267,48.80001111,64.63881488355776,161.45353810999995,-7.184532028267533,11.310990095946288,-4.126458067678742,168.00000000000003,168,0
8033,14447-1-01,45 a 59,Mujeres,Quintil bajo,Norte,Trabajadores rutinarios,Usuarios publicos,56.31,57.03656065949684,31.3,33.43331269850977,14.8,11.94012664199338,65.59,7.722025,184.06721099,149.24,0,149.24,34.827210990000005,24.93678120799505,24.00663824078282,17.214756207995052,16.284613240782818,3.2293059408633162,2.2293059408633162,250.76001676,256.37053633665107,606.74536926,-0.7265606594968403,-2.133312698509773,2.8598733580066202,168,168,0
8037,14457-1-01,30 a 44,Mujeres,Quintil bajo,Norte,Trabajadores rutinarios,Movilidad activa,57.79,60.643972116408094,41.27,32.69837239835443,5.96,11.677655485237484,62.98,2.462288,82.14564962,52.35000000000001,0,52.35000000000001,29.795649619999995,6.6810995327747325,5.620713914155556,4.218811532774732,3.158425914155556,2.7133704638834826,1.7133704638834826,60.14997389999999,67.17727519456625,176.44383614,-2.8539721164080945,8.571627601645574,-5.717655485237484,168,168,0
8041,14462-1-02,45 a 59,Hombres,Quintil bajo,Norte,Trabajadores rutinarios,Usuarios publicos,51.32,57.225679500516435,33.96,34.42870632225037,18.67,12.2956141772332,64.05,6.030624,127.89090687428569,106.55999999999999,13.1607142857143,93.39928571428568,34.49162116,20.51738934616317,15.228536608701031,14.486765346163171,9.197912608701031,3.4022000619112003,2.4022000619112003,181.60071680571434,217.21564933783674,498.9924579257144,-5.905679500516435,-0.46870632225036957,6.374385822766802,168,168,0
8048,14470-1-02,45 a 59,Hombres,Quintil medio,Norte,Trabajadores rutinarios,Motorizados privados,52.03,56.37545773226419,38.76,35.37203473912902,13.59,12.632507528606792,63.620000000000005,6.956573,107.38663844831302,211.4,140.963855421687,70.43614457831302,36.95049387,26.1831258071288,21.46120168521735,19.2265528071288,14.504628685217352,3.7637966002985666,2.763796600298567,254.56385474168695,284.7933486745972,618.7404512916869,-4.345457732264187,3.3879652608709776,0.9574924713932074,168,168,0
8050,14476-1-02,45 a 59,Mujeres,Quintil bajo,Sur,Trabajadores rutinarios,Motorizados privados,55.74,61.58578152410785,44.36,36.528646983329246,11.06,13.045571492562908,56.83999999999999,2.428077,61.267043695849104,72.86,59.4339622641509,13.4260377358491,47.841005960000004,7.8581673759642205,5.898927697261502,5.4300903759642205,3.4708506972615023,3.2363748661859653,2.2363748661859653,74.07396828415091,88.26797594986212,208.6379956241509,-5.845781524107849,7.831353016670754,-1.985571492562908,168,168,0
8074,14518-1-01,30 a 44,Hombres,Quintil bajo,Norte,Trabajadores rutinarios,Movilidad mixta,55.24,54.81622180521863,30.81,27.664045188417923,6.31,9.87973300636346,75.63999999999999,2.843145,95.79534720000001,63.74,0,63.74,32.0553472,7.05969673037493,7.283546292423312,4.21655173037493,4.440401292423312,2.4830589823505065,1.4830589823505065,61.25998259999997,60.0551197443983,166.79752500000004,0.42377819478137013,3.145954811582076,-3.569733006363461,168,168,0
8076,14521-1-01,45 a 59,Hombres,Quintil medio,Sur,Trabajadores rutinarios,Motorizados privados,68.52,65.53699648465788,33.94,31.900348424635535,6.37,11.39265509070658,59.17000000000001,7.941392,334.49418316000003,290.35,0,290.35,44.144183160000004,18.957351561774342,22.95387672868192,11.015959561774341,15.012484728681919,2.38715725930345,1.3871572593034498,209.64999667999996,185.96079642729012,529.7675081999998,2.9830035153421193,2.039651575364463,-5.0226550907065795,168,168,0
8078,14526-1-01,60 o mas,Hombres,Quintil bajo,Centro,Trabajadores rutinarios,Motorizados privados,54.35,53.21622656507977,34.27,36.159895224890306,13.67,12.91387821002992,65.71,3.816232,0.7806479384610157,106.83000000000001,138.461538461539,-31.63153846153898,32.412186399999996,18.194107538052066,19.022719791668557,14.377875538052066,15.206487791668557,4.767558035793439,3.767558035793439,206.631561261539,202.3048187984465,389.581723341539,1.1337734349202293,-1.889895224890303,0.7561217899700807,168,168,0
8079,14528-1-01,45 a 59,Hombres,Quintil bajo,Sur,Trabajadores rutinarios,Motorizados privados,61.59,62.076655530105135,34.59,35.51115320038519,14.09,12.682191269509678,57.72999999999999,5.353192,154.12311029,149.42,0,149.42,4.70311029,16.317680041496804,15.91836363074302,10.964488041496804,10.56517163074302,3.048214979305208,2.048214979305208,175.57998499,178.18514548051456,436.17337155000007,-0.4866555301051321,-0.9211532003851843,1.4078087304903217,168,168,0
8085,14538-1-01,30 a 44,Hombres,Quintil alto,Centro,Trabajadores rutinarios,Motorizados privados,69.37,67.15399969992127,29.72,30.443598227547064,9.38,10.872402072531672,59.529999999999994,7.06839,329.4341901,239.10000000000002,0,239.10000000000002,90.3341901,15.5142717967295,18.161567756306653,8.445881796729498,11.093177756306652,2.1948805593253202,1.19488055932532,160.90002420000002,145.2364698389265,437.2740732,2.2160003000787327,-0.7235982275470647,-1.4924020725316716,168,168,0
8090,14551-1-01,60 o mas,Mujeres,Quintil alto,Sur,Trabajadores rutinarios,Motorizados privados,49.98,58.14633341634644,33.33,34.921912419492415,22.23,12.471754164161142,62.46000000000001,25.919867,558.45498074,512.98,0,512.98,45.47498073999999,88.3442138856989,58.54516075343388,62.42434688569891,32.62529375343388,3.408359073975916,2.4083590739759164,737.0199719199999,948.6902479493552,2177.12778244,-8.16633341634644,-1.5919124194924166,9.758245835838858,168,168,0
8095,14559-1-01,30 a 44,Hombres,Quintil bajo,Centro,Trabajadores rutinarios,Motorizados privados,57.37,60.68736994190414,37.71,31.679018944913206,8.6,11.313611113182663,64.32,2.507631,89.15276706,60.290000000000006,0,60.290000000000006,28.862767059999996,6.470215624679879,5.213940885010571,3.962584624679879,2.7063098850105707,2.580210415599376,1.5802104155993761,54.71002340999999,63.02876311478701,170.83841501999999,-3.31736994190414,6.030981055086794,-2.7136111131826635,168,168,0
8098,14562-1-10,45 a 59,Hombres,Quintil bajo,Norte,Trabajadores rutinarios,Movilidad mixta,65.22,61.31713829517019,27.73,31.78971678257931,11.51,11.353144922250497,63.54,2.391559,87.06421226604651,49.11,13.0232558139535,36.0867441860465,50.97746808000001,6.094817902895691,7.750822934153937,3.7032589028956906,5.359263934153937,2.548470643164434,1.548470643164434,68.91326571395349,59.5793416780124,162.75804087395352,3.90286170482981,-4.059716782579308,0.15685507774950302,168,168,0
8104,14567-1-01,30 a 44,Hombres,Quintil medio,Norte,Trabajadores rutinarios,Movilidad mixta,63.49,56.59690179728528,19.18,25.43089572175556,8.44,9.082202480959166,76.88999999999999,1.721999,69.30972427,22.48,0,22.48,46.82972427000001,3.5997283770096247,6.394805048004667,1.8777293770096246,4.6728060480046665,2.0904358115246433,1.0904358115246435,40.01999224000001,28.150084028023443,87.58160462000004,6.893098202714725,-6.250895721755562,-0.6422024809591669,168,168,0
8105,14569-1-01,45 a 59,Hombres,Quintil medio,Norte,Trabajadores rutinarios,Motorizados privados,57.04,60.77609487895039,40,35.74735756674291,12.25,12.766547554306689,58.71000000000001,9.279096,233.66965904,179.39,0,179.39,54.27965904,30.046010594144864,24.969323487261228,20.766914594144865,15.690227487261229,3.238032087839685,2.238032087839685,295.60997679999997,330.277559846889,780.4427427999999,-3.7360948789503894,4.252642433257087,-0.5165475543066886,168,168,0
8107,14570-1-01,60 o mas,Hombres,Quintil bajo,Centro,Trabajadores rutinarios,Motorizados privados,41.04,42.39057486919663,30.3,26.489249860698045,7,9.460175270105315,89.66000000000001,3.11963,35.722457222857095,50.55,17.8571428571429,32.69285714285709,3.02960008,11.849536954081636,10.921958732023366,8.729906954081635,7.8023287320233665,3.7983789597104898,2.7983789597104898,92.30715797714291,96.52045185633477,208.66935697714288,-1.3505748691966275,3.8107501393019554,-2.4601752701053154,168,168,0
8109,14573-1-01,45 a 59,Hombres,Quintil bajo,Centro,Trabajadores rutinarios,Motorizados privados,63.52,50.795218521622814,19.8,27.664784455589896,5.02,9.879997022787295,79.66,2.345595,63.5222168,52.03,37.5,14.530000000000001,48.9922168,6.538486040672798,15.197977465981628,4.192891040672798,12.852382465981629,2.7875596770426263,1.7875596770426259,85.469977599999993,55.622793788225856,143.6876455,12.724781478377189,-7.864784455589895,-4.8599970227872955,168,168,0
8114,14581-1-01,45 a 59,Hombres,Quintil bajo,Norte,Trabajadores rutinarios,Motorizados privados,64.63,60.53050985530098,27.25,31.507230344789555,11.41,11.252259799909462,64.71000000000001,3.497522,123.84482046,72.8,0,72.8,51.04482046,9.068644948107893,11.667105944934608,5.571122948107893,8.169583944934608,2.592877170782026,1.5928771707820262,102.20002639999998,87.86196943013198,237.41422691999998,4.099490144699018,-4.257230344789555,0.15774020009053835,168,168,0
8116,14585-1-03,18 a 29,Mujeres,Quintil bajo,Sur,Trabajadores rutinarios,Movilidad mixta,59.91,70.45693704658,31.24,22.5350584364267,9.89,8.0480045169933,66.96000000000001,1.482238,88.80084585,0,0,0,88.80084585,2.255995404453743,3.5120547606581798e-6,0.773757404453743,-1.4822344879452394,1.52201967865737,0.5220196786573701,3.2729999986713665e-5,15.633103604048628,60.96448166999997,-10.546937046579998,8.7049415635733,1.8419954830067002,168,168,0
8117,14587-1-02,30 a 44,Hombres,Quintil bajo,Centro,Trabajadores rutinarios,Movilidad activa,56.4,62.23564944766561,32.69,28.128680955852175,11.32,10.045669596482215,67.59,3.280806,142.8274782,107.78999999999999,0,107.78999999999999,35.0374782,7.093435629041832,4.232897607416694,3.8126296290418322,0.9520916074166941,2.162101516835141,1.1621015168351412,42.20998019999999,61.35561392179801,186.59825226,-5.83564944766561,4.561319044147822,1.2743304035177854,168,168,0
8120,14599-1-01,30 a 44,Mujeres,Quintil medio,Sur,Trabajadores rutinarios,Motorizados privados,61.09,62.395150035445525,31.02,30.641699474266602,11.87,10.943150490287879,64.02,6.370717,252.48711973999997,188.29999999999998,0,188.29999999999998,64.18711974,15.39043668682198,14.06651111614445,9.019719686821979,7.695794116144451,2.4158091917788815,1.4158091917788813,136.69998179000004,145.01472330836344,409.9400339200001,-1.3051500354455214,0.37830052573339756,0.9268495097121203,168,168,0
8121,14599-1-02,30 a 44,Hombres,Quintil medio,Sur,Trabajadores rutinarios,Motorizados privados,51.56,57.308659963965795,37.37,30.04226658535881,9.15,10.729073450675408,69.91999999999999,5.053649,165.92615492,130.35999999999999,0,130.35999999999999,35.56615492,13.389351601273866,8.978606771886048,8.335702601273866,3.9249577718860476,2.6494423339004878,1.6494423339004878,94.63998752000003,123.69169719823577,329.7357390000001,-5.7486599639657925,7.327733414641187,-1.5790734506754074,168,168,0
8131,14619-1-01,45 a 59,Mujeres,Quintil bajo,Norte,Trabajadores rutinarios,Movilidad mixta,46.93,50.24065864289985,27.43,28.85446912751263,15.04,10.304872229587517,78.6,2.927577,66.75734722276601,60.43,76.063829787234,-15.633829787234,82.39117701,9.05305196340228,7.340143459445121,6.125474963402281,4.412566459445122,3.0923360729375458,2.0923360729375458,70.63384138723399,80.3260494850388,194.96803657723402,-3.3106586428998526,-1.42446912751263,4.735127770412483,168,168,0
8141,14643-1-01,60 o mas,Hombres,Quintil bajo,Centro,Trabajadores rutinarios,Movilidad activa,99.28,86.06798414418675,16.86,26.889056567887053,6.42,9.602959287926197,45.44,1.023371,75.96031552,24.36,0,24.36,51.60031552,1.4657124347358748,4.860806197383165,0.44234143473587473,3.837435197383165,1.4322395638882426,0.4322395638882426,25.63995736000001,12.119163481620546,49.46403424000002,13.212015855813249,-10.029056567887054,-3.182959287926197,168,168,0
8158,14676-1-02,30 a 44,Mujeres,Quintil alto,Norte,Trabajadores rutinarios,Motorizados privados,72.67,59.04467662527069,22.92,32.285218591882156,7.27,11.530104782847157,65.14,2.620115,82.20919764545451,99.76,57.9545454545455,41.8054545454545,40.4037431,7.302202812784626,15.816715136963525,4.6820878127846255,13.196600136963525,2.786977981036949,1.7869779810369488,108.19455940454552,72.4946452505666,187.2958312545455,13.625323374729312,-9.365218591882154,-4.260104782847158,168,168,0
8162,14692-1-01,30 a 44,Hombres,Quintil medio,Norte,Trabajadores rutinarios,Usuarios publicos,46.82,46.8334536535331,21.59,26.19975804697949,13.98,9.356788299487414,85.61,9.787979,220.16316089999998,211.89,0,211.89,8.273160899999999,29.571420834119163,29.54389710377924,19.783441834119163,19.75591810377924,3.0211978217484083,2.0211978217484083,238.11001588000005,238.24169995825525,586.26842891,-0.01345365353309802,-4.60975804697949,4.623211700512586,168,168,0
8168,14706-1-01,45 a 59,Hombres,Quintil bajo,Centro,Trabajadores rutinarios,Movilidad mixta,52.25,48.078573471517394,18,23.558070890826514,9.8,8.413355637656096,87.95,2.451279,75.35932375,52.28,0,52.28,23.07932375,5.866059559641479,8.369598442961665,3.414780559641479,5.918319442961666,2.3930607489565565,1.3930607489565565,52.720004,42.49467375068768,120.86556019999999,4.1714265284826055,-5.558070890826514,1.3866443623439046,168,168,0
8169,14706-1-03,30 a 44,Mujeres,Quintil bajo,Centro,Trabajadores rutinarios,Usuarios publicos,68.5,64.53288315910679,22.6,27.28334447771912,10.46,9.743772363174093,66.44,2.545602,121.6537155,52.28,0,52.28,69.3737155,5.080202128842527,7.037958679641784,2.5346001288425266,4.492356679641784,1.9956780866932562,0.9956780866932562,52.7200215,42.62132093558856,136.87762362000004,3.967116840893212,-4.6833444777191175,0.7162276368259075,168,168,0
8170,14708-1-01,45 a 59,Hombres,Quintil alto,Norte,Trabajadores rutinarios,Motorizados privados,67.86,58.95950046127438,33.56,36.466958880206384,7.03,13.02354065851923,59.55,37.29958,676.7194852199999,645.5699999999999,0,645.5699999999999,31.14948522,135.76686568673748,201.63474929841234,98.46728568673748,164.33516929841235,3.6399033363576074,2.6399033363576074,1854.43001358,1522.4451189953406,3368.41996578,8.900499538725619,-2.906958880206382,-5.993540658519231,168,168,0
8171,14709-1-01,45 a 59,Mujeres,Quintil bajo,Centro,Trabajadores rutinarios,Movilidad mixta,59.92,56.94244611924981,20.37,25.817339661979783,11.69,9.220214218770412,76.02,4.210639,166.28147312,101.47999999999999,0,101.47999999999999,64.80147312000001,9.256030682279366,11.841588989156502,5.045391682279367,7.630949989156503,2.198248456417035,1.1982484564170348,86.02001576,73.48261126511187,221.01310209999997,2.977553880750193,-5.4473396619797825,2.4697857812295876,168,168,0
8172,14710-1-01,45 a 59,Hombres,Quintil alto,Centro,Trabajadores rutinarios,Motorizados privados,51.57,53.72083633230239,33.48,32.708051470162275,13.06,11.68111219753533,69.89000000000001,21.243463,385.3353829900001,364.81000000000006,0,364.81000000000006,20.525382989999997,75.1537358002823,67.34760554042639,53.91027280028231,46.10414254042639,3.5377346810302215,2.5377346810302215,710.1900039199999,755.8812159643213,1698.8607719399993,-2.15083633230239,0.7719485298377222,1.3788878024646714,168,168,0
8178,14720-1-01,45 a 59,Mujeres,Quintil bajo,Sur,Trabajadores rutinarios,Usuarios publicos,42.36,47.1048977977075,17.26,15.256506150855346,8.19,5.448596051437147,100.19,3.563462,139.66824608000002,26.22,0,26.22,113.44824608,6.008485048866396,1.9561198469625596,2.4450230488663958,-1.6073421530374403,1.686136978271803,0.6861369782718031,11.280004239999982,28.188267236014354,101.97011214,-4.744897797707502,2.0034938491446557,2.7414039485628523,168,168,0
8179,14726-1-01,60 o mas,Mujeres,Quintil bajo,Centro,Trabajadores rutinarios,Usuarios publicos,53.68,51.455878634865734,17.23,27.5390339501368,17.92,9.83508741499747,79.16999999999999,3.112727,88.20121224000002,46.11000000000001,0,46.11000000000001,42.091212240000004,8.49837185298119,9.905364512699723,5.385644852981191,6.792637512699724,2.730201477026797,1.730201477026797,78.88997311999998,71.9668904954697,188.30232717,2.224121365134266,-10.3090339501368,8.084912585002531,168,168,0
8193,14757-1-01,60 o mas,Hombres,Quintil medio,Centro,Trabajadores rutinarios,Movilidad activa,61.22,57.363745840381746,22.97,28.992195389060637,12.52,10.354058770557618,71.29,6.942184,241.8143318338461,220.66,28.8461538461539,191.8138461538461,50.00048568,17.544861813610897,22.780364713471158,10.602677813610896,15.838180713471157,2.5272827418015567,1.5272827418015564,183.18617264615392,156.41534671931862,429.5642828061539,3.8562541596182527,-6.022195389060638,2.1659412294423817,168,168,0
8196,14763-1-01,30 a 44,Hombres,Quintil medio,Norte,Trabajadores rutinarios,Usuarios publicos,59.54,62.90055287195002,41.29,33.3419493266477,7.32,11.907497801402261,59.850000000000016,4.526503,160.76795779999998,116.25999999999999,0,116.25999999999999,44.5079578,12.089623755607777,9.872742591423638,7.563120755607777,5.346239591423638,2.6708529201477997,1.6708529201478,108.74003082000002,123.9515834765404,328.7733416499999,-3.36055287195002,7.948050673352299,-4.587497801402261,168.00000000000003,168,0
8198,14768-1-01,30 a 44,Hombres,Quintil medio,Sur,Trabajadores rutinarios,Motorizados privados,69.3,64.19734193941639,30.5,32.95378603387661,9.12,11.768872026706996,59.080000000000005,7.629875,291.7403641,262.99,0,262.99,28.750364100000002,19.54704664884395,26.40134994340572,11.917171648843949,18.77147494340572,2.5619091595660413,1.5619091595660413,237.00997339999998,198.07733023000463,539.3056208999999,5.102658060583607,-2.453786033876611,-2.6488720267069965,168,168,0
8204,14773-1-03,18 a 29,Mujeres,Quintil medio,Norte,Trabajadores rutinarios,Usuarios publicos,68.05,63.84333753163302,24.06,27.872487804048248,9.56,9.954174664318742,66.33,2.704454,124.74789530847458,44.82,6.61016949152542,38.20983050847458,86.5380648,5.590280788656328,7.783217825654055,2.8858267886563276,5.078763825654055,2.0670644753640945,1.0670644753640948,59.290199391525405,47.913474252300475,150.21394287152543,4.206662468366979,-3.8124878040482493,-0.3941746643187418,168,168,0
8210,14798-1-02,30 a 44,Mujeres,Quintil alto,Norte,Trabajadores rutinarios,Motorizados privados,71.13,57.48155620181864,20.48,31.15277246900662,8.15,11.125671329174736,68.24,5.319654,163.5427093357143,170.87,85.7142857142857,85.15571428571431,78.38699505,14.848224950362509,33.11894013633794,9.528570950362509,27.79928613633794,2.791201260526062,1.7912012605260623,214.84427968428568,142.23928103951502,367.14597370428567,13.648443798181354,-10.67277246900662,-2.9756713291747356,168,168,0
8212,14801-1-03,30 a 44,Mujeres,Quintil medio,Sur,Trabajadores rutinarios,Motorizados privados,52.2,54.20665936415994,37.35,35.72483619727363,13.14,12.758504438566431,65.30999999999999,2.609316,18.624030147747998,119.67,122.252252252252,-2.5822522522520046,21.206282400000003,11.180067737013331,10.278043100896767,8.570751737013332,7.668727100896767,4.284673737107092,3.284673737107093,117.58226505225203,122.81827343770438,249.32662989225207,-2.006659364159937,1.6251638027263695,0.3814955614335691,168,168,0
8214,14804-1-01,45 a 59,Hombres,Quintil bajo,Centro,Trabajadores rutinarios,Motorizados privados,51.14,57.781726725144644,41.32,33.09792464717974,10.24,11.820348627675628,65.3,4.055491,107.96779975999999,88.07,0,88.07,19.897799759999998,12.415932915653517,8.5109601603347,8.360441915653517,4.455469160334699,3.061511643264285,2.061511643264285,99.43000998000002,126.36547293828357,308.53112594000004,-6.641726725144643,8.222075352820262,-1.5803486276756278,168,168,0
8217,14810-1-01,45 a 59,Hombres,Quintil bajo,Centro,Trabajadores rutinarios,Usuarios publicos,37.16,42.701452789260415,19.36,19.07591548684199,12.07,6.812631723897599,99.41,1.90122,57.56932024,41.92,0,41.92,15.649320240000002,4.025910423108377,1.8366983800799512,2.1246904231083774,-0.06452161992004868,2.117540538763729,1.1175405387637294,13.080014959999993,23.615535831997683,72.83535956,-5.541452789260418,0.2840845131580103,5.257368276102401,168,168,0
8221,14823-1-01,45 a 59,Hombres,Quintil bajo,Centro,Trabajadores rutinarios,Usuarios publicos,52.69,58.88641317383764,37.94,31.620776124259873,11.17,11.292810701902486,66.2,2.304113,75.31368771999999,58.91,0,58.91,16.40368772,6.208413708874071,4.1420086794648645,3.9043007088740707,1.8378956794648644,2.6944918538604967,1.6944918538604967,46.09002625000001,60.36726239721057,159.24501568000002,-6.196413173837641,6.319223875740125,-0.12281070190248577,168,168,0
8229,14838-1-01,30 a 44,Hombres,Quintil bajo,Sur,Trabajadores rutinarios,Movilidad mixta,65.69,63.570019198722186,29.27,38.21290560885675,20.47,13.647075192421061,52.57000000000001,2.757529,67.30285522865671,73.81,70.1492537313433,3.660746268656709,63.642108959999995,9.190486664909304,10.10090140506434,6.4329576649093045,7.34337240506434,3.332870357812848,2.332870357812848,113.83922478134329,107.99331624237647,250.99871724134323,2.119980801277812,-8.942905608856751,6.8229248075789375,168,168,0
8231,14840-1-01,60 o mas,Hombres,Quintil bajo,Norte,Trabajadores rutinarios,Motorizados privados,66.07,74.31548020283532,25.85,21.239280023075835,11.22,7.585239774088833,64.86000000000001,0.852701,56.33797741,0,0,0,56.33797741,1.0765228390216708,-2.6597117140739825e-6,0.22382183902167074,-0.8527036597117141,1.2624857236260667,0.26248572362606676,-2.2340000001008775e-5,7.030906874437882,31.609603729999996,-8.245480202835324,4.610719976924166,3.634760225911168,168,168,0
8233,14843-1-01,60 o mas,Hombres,Quintil alto,Norte,Trabajadores rutinarios,Usuarios publicos,79.14,61.65067200298423,8.69,28.729195180612344,12.81,10.260132816403418,67.36,2.523396,106.13155828,81.42999999999999,0,81.42999999999999,24.701558279999997,5.596090659062113,19.207558218418555,3.0726946590621127,16.684162218418557,2.2176823055367105,1.2176823055367103,93.57000116000002,49.437500849642404,147.82301516,17.48932799701577,-20.039195180612346,2.5498671835965823,168,168,0
8237,14847-1-01,30 a 44,Hombres,Quintil bajo,Sur,Trabajadores rutinarios,Motorizados privados,48.41,73.28196299031008,41.14,16.50394120573743,6.13,5.894095803952486,72.32000000000001,1.343773,90.25204641,50.2,0,50.2,40.05204641,1.6201533409358506,-2.352820761948203,0.2763803409358505,-3.696593761948203,1.205674872866065,0.20567487286606478,-25.19999548,8.22227684337794,38.32015423,-24.87196299031008,24.63605879426257,0.2359041960475139,168,168,0
8241,14870-1-02,45 a 59,Mujeres,Quintil bajo,Sur,Trabajadores rutinarios,Usuarios publicos,70.91,72.33404648005177,22.11,27.14248623160565,16.15,9.69346728834258,58.830000000000005,2.530148,145.21282859000002,65.8,0,65.8,79.41282859,4.529273008346275,3.9450698131787725,1.9991250083462746,1.4149218131787724,1.7901217669267864,0.7901217669267864,34.199966089999975,37.80301444341001,131.00342856999998,-1.4240464800517714,-5.032486231605649,6.4565327116574185,168,168,0
8245,14880-1-02,30 a 44,Mujeres,Quintil medio,Norte,Trabajadores rutinarios,Movilidad mixta,67.49,62.78913978346397,24.55,29.946122835413135,11.39,10.694737381122879,64.57000000000001,4.751897,196.91554634,126.21,0,126.21,70.70554634,11.017209629687011,15.201323836170566,6.265312629687012,10.449426836170566,2.318486623276349,1.3184866232763488,123.78998218999993,101.45197862962311,294.5731603699999,4.700860216536022,-5.396122835413134,0.6952626188771216,168,168,0
8247,14893-1-01,30 a 44,Mujeres,Quintil bajo,Sur,Trabajadores rutinarios,Motorizados privados,59.94,66.01797739274608,39.37,29.770135901397214,7.11,10.631886705856713,61.58,4.588272,211.82102016000002,174.3,0,174.3,37.52102016,9.950141636055726,6.001018510275105,5.361869636055726,1.4127465102751051,2.168603264160391,1.1686032641603912,63.20000351999997,91.0874170077698,276.46288608,-6.077977392746078,9.599864098602783,-3.521886705856713,168,168,0
8254,14902-1-01,60 o mas,Hombres,Quintil alto,Norte,Trabajadores rutinarios,Usuarios publicos,54.66,56.26342764290574,30.1,31.409290183744336,14.13,11.217282173349911,69.11000000000001,2.833965,79.93656545682806,58.61,8.57796416317194,50.03203583682806,29.90452962,8.23239791621561,7.480536483890436,5.398432916215611,4.646571483890436,2.904904582877915,1.904904582877915,74.96796144317194,79.51201926319929,200.3142333931719,-1.6034276429057428,-1.3092901837443343,2.9127178266500895,168,168,0
8255,14902-1-02,60 o mas,Mujeres,Quintil alto,Norte,Trabajadores rutinarios,Movilidad activa,55.41,54.36800704439874,26.52,31.457495198805997,15.13,11.234497756795253,70.94000000000001,2.522024,61.34282120532215,61.32000000000001,31.47255051467785,29.84744948532216,31.495371719999998,7.833416018029799,8.307857663843459,5.311392018029799,5.785833663843459,3.106003756518494,2.106003756518494,78.40252863467784,75.77459739282052,183.4448282346778,1.041992955601259,-4.937495198805998,3.8955022432047475,168,168,0
8259,14909-1-01,18 a 29,Hombres,Quintil bajo,Norte,Trabajadores rutinarios,Usuarios publicos,56.51,62.72418300943787,40.59,32.123475825897266,9.22,11.472341164664865,61.68000000000001,2.802635,106.23690673,67.86,0,67.86,38.37690673,7.041485434064851,4.619856058379099,4.238850434064851,1.8172210583790993,2.512451829819028,1.5124518298190277,52.13999711999999,69.556083918655915,191.73924647,-6.214183009437875,8.466524174102737,-2.2523411646648643,168,168,0
8260,14910-1-01,18 a 29,Mujeres,Quintil bajo,Sur,Trabajadores rutinarios,Usuarios publicos,66.38,67.9909485255662,35.71,28.500568650349987,4.58,10.178482824083819,61.33,3.109771,157.16658162,100.74,0,100.74,56.42658162,6.192351146473774,5.395991742984208,3.082580146473774,2.286220742984208,1.991256316453454,0.991256316453454,49.26001735999998,54.2696983672985,174.55269095,-1.6109485255662008,7.209431349650014,-5.598482824083819,168,168,0
8263,14915-1-01,18 a 29,Hombres,Quintil bajo,Centro,Trabajadores rutinarios,Movilidad mixta,55.37,66.471354443289,42.71,26.429727620384405,4.26,9.438917936326611,65.65999999999998,3.143935,160.36968381000003,111.29000000000002,0,111.29000000000002,49.07968381,5.981387030001925,1.2882222242526413,2.8374520300019253,-1.8557127757473586,1.9025161239026651,0.9025161239026651,13.709997139999956,48.61193392166177,161.38062409000003,-11.101354443289004,16.280272379615596,-5.178917936326611,168,168,0
8264,14915-2-01,60 o mas,Hombres,Quintil bajo,Centro,Trabajadores rutinarios,Movilidad activa,60.74,60.790197436949825,19.54,23.298977593966853,12.13,8.320824969083317,75.59,2.68368,127.78675116,64.78,0,64.78,63.00675115999999,4.934712013688781,4.908117224221264,2.251032013688781,2.2244372242212638,1.8387855533032185,0.8387855533032185,35.21997203999999,35.3546858975935,120.21211763999997,-0.050197436949822816,-3.758977593966854,3.809175030916684,168,168,0
8268,14930-1-01,45 a 59,Hombres,Quintil bajo,Sur,Trabajadores rutinarios,Motorizados privados,47.92,63.6770362039816,43.65,28.75397964046957,11.13,10.268984155548818,65.30000000000001,0.509446,24.41266344,0,0,0,24.41266344,0.9078745045882636,-8.958942363246812e-7,0.3984285045882636,-0.5094468958942363,1.7820819175894278,0.7820819175894278,-1.1119999999920083e-5,8.027347945973606,27.90744075999999,-15.757036203981599,14.896020359530429,0.8610158444511828,168,168,0
8271,14934-1-02,18 a 29,Hombres,Quintil bajo,Centro,Trabajadores rutinarios,Usuarios publicos,84.37,66.33772902474867,20.05,31.27348814141555,4.36,11.168782833835783,59.22,2.244862,100.77897083,86.38000000000001,0,86.38000000000001,14.39897083,5.005899692699987,16.022789475823277,2.7610376926999867,13.777927475823278,2.229936491730889,1.2299364917308888,88.62003610999999,48.14007622395535,143.41711752999998,18.032270975251336,-11.223488141415551,-6.8087828338357825,168,168,0
8274,14935-1-01,45 a 59,Hombres,Quintil bajo,Norte,Trabajadores rutinarios,Movilidad mixta,57.88,53.61014193109877,21.55,27.513787120412374,11.52,9.826070948488846,77.05000000000001,2.268032,73.12369912,66.85,0,66.85,6.273699119999999,5.728446616689346,7.760495571863313,3.460414616689346,5.492463571863313,2.525734476713444,1.5257344767134442,58.14999304,48.465818304273796,133.15381127999996,4.269858068901236,-5.963787120412373,1.6939290515111534,168,168,0
8275,14937-1-02,30 a 44,Hombres,Quintil alto,Sur,Trabajadores rutinarios,Motorizados privados,56.83,59.92143081475599,36.13,34.47604781614457,13.75,12.312521369099446,61.28999999999999,11.90363,320.88115172787883,359.36,89.9621212121212,269.3978787878788,51.48327293999999,37.01389218736789,31.463853101321366,25.110262187367887,19.560223101321366,3.109462591442097,2.109462591442097,355.6021411721211,392.401389761575,949.3552055721211,-3.091430814755995,1.6539521838554307,1.4374786309005536,168,168,0
8285,14955-1-01,45 a 59,Hombres,Quintil bajo,Norte,Trabajadores rutinarios,Movilidad activa,65.67,68.47563724846415,17.59,22.698122675286804,16.02,8.106240076249044,68.72,2.784736,158.59359682000002,100.72,0,100.72,57.87359682000001,4.598029325504645,3.1882652433550556,1.8132933255046448,0.40352924335505547,1.6511544812523142,0.6511544812523143,24.2800163,32.09297534873906,117.87499326,-2.8056372484641514,-5.108122675286804,7.9137599237509555,168,168,0
8289,14964-1-01,18 a 29,Hombres,Quintil bajo,Centro,Trabajadores rutinarios,Movilidad mixta,64.59,65.89563553672927,34.19,32.01187838524672,10.56,11.432486078024011,58.66,4.241044,181.01902906,119.59,0,119.59,61.42902906,10.001017127664474,9.163120910168264,5.759973127664474,4.922076910168264,2.3581498158624328,1.3581498158624326,92.91000289999997,98.44726065923246,282.69672189999994,-1.3056355367292696,2.1781216147532803,-0.8724860780240107,168,168,0
8291,14968-1-01,60 o mas,Mujeres,Quintil medio,Centro,Trabajadores rutinarios,Usuarios publicos,62.95,56.996501914947196,27.71,35.872321745773625,15.02,12.811176339279166,62.32000000000001,1.721145,27.658759702702696,51.61,77.2972972972973,-25.687297297297306,53.346057,6.385788669308485,8.333863266413163,4.664643669308485,6.612718266413163,3.710197960839142,2.710197960839142,80.68731804729731,70.4404845856991,154.2318438972973,5.953498085052807,-8.162321745773625,2.2088236607208334,168,168,0
8293,14974-1-04,18 a 29,Hombres,Quintil alto,Centro,Trabajadores rutinarios,Motorizados privados,45.81,57.076701814513925,44.51,35.23111698423695,14.57,12.582181201249117,63.11000000000001,11.296311,201.4594869901934,248.23000000000002,64.2545227698066,183.9754772301934,17.48400976,40.91850583825138,23.60773257445201,29.622194838251378,12.311421574452012,3.6222892445375643,2.6222892445375643,316.02451991980655,443.2966875608202,983.4105737998063,-11.266701814513922,9.27888301576305,1.987818798750883,168,168,0
8294,14975-1-01,30 a 44,Hombres,Quintil alto,Norte,Trabajadores rutinarios,Motorizados privados,76.45,60.03761255290056,22.72,32.47463565261246,4.94,11.597751794486982,63.89,6.071827,196.1212102,181.93,0,181.93,14.191210200000002,16.86524998786527,42.773024788920374,10.79342298786527,36.701197788920375,2.7776236028900807,1.7776236028900807,268.06996395,168.41678671424057,436.01669877,16.41238744709944,-9.754635652612464,-6.657751794486981,168,168,0
8304,14993-1-02,45 a 59,Mujeres,Quintil alto,Centro,Trabajadores rutinarios,Movilidad mixta,67.85,63.579544434588605,22.88,29.385820445998352,12.73,10.494635119413044,64.54,4.0175,174.62511887932618,91.14,2.85222052067381,88.28777947932619,86.33733939999999,8.94243668920083,12.141176934950078,4.92493668920083,8.123676934950078,2.22587098673325,1.2258709867332496,97.96225612067383,80.80570088663356,241.02543112067383,4.270455565411389,-6.505820445998353,2.235364880586957,168,168,0
8308,14998-1-01,60 o mas,Mujeres,Quintil bajo,Norte,Trabajadores rutinarios,Usuarios publicos,73.37,68.04438549966639,27.47,38.30547850628429,19.19,13.680135994049323,47.97,4.124839,138.26945497,135.63,50,85.63,52.63945497,12.089517389355445,15.547184686647707,7.964678389355445,11.422345686647708,2.930906488557601,1.9309064885576008,164.36998246,142.40268007005838,356.83497019999993,5.325614500333614,-10.83547850628429,5.5098640059506785,168,168,0
8310,15001-1-04,45 a 59,Hombres,Quintil medio,Centro,Trabajadores rutinarios,Motorizados privados,64,63.85753605950134,38.15,34.685235002830304,8.78,12.387228937668363,57.06999999999999,2.65471,91.84142,46.94,0,46.94,44.90142,7.283270525134524,7.340946978054641,4.6285605251345245,4.686236978054641,2.743527739427103,1.743527739427103,78.06002000000001,77.68181955251882,202.64556030000003,0.14246394049865785,3.464764997169695,-3.6072289376683635,168,168,0
8319,15017-1-02,45 a 59,Mujeres,Quintil medio,Centro,Trabajadores rutinarios,Usuarios publicos,56.67,62.60290522560136,41.47,34.99812324003594,11.96,12.498971534362704,57.9,3.725577,116.68846447,80.56,0,80.56,36.12846447,10.82916364829051,7.800900067656544,7.103586648290511,4.075323067656544,2.906707779302511,1.9067077793025111,94.43998412,116.54347937168025,293.49756322999997,-5.93290522560136,6.471876759964061,-0.5389715343627035,168,168,0
8321,15020-1-01,30 a 44,Mujeres,Quintil medio,Sur,Trabajadores rutinarios,Movilidad mixta,63.66,56.90051415207676,23.44,31.175645730785043,12.11,11.133840117138186,68.79,3.533708,105.4017249706267,101.89000000000001,63.9441416893733,37.94585831062671,67.45586666,9.97937356889349,14.84222285555739,6.44566556889349,11.308514855557391,2.8240515540314846,1.8240515540314848,119.55412630937329,95.66807709268016,245.17744570937325,6.759485847923237,-7.735645730785041,0.976159882861813,168,168,0
8324,15028-1-01,30 a 44,Hombres,Quintil medio,Centro,Trabajadores rutinarios,Usuarios publicos,59.62,50.99716771491694,24.62,32.07706569291831,10.29,11.45576659216475,73.47,3.368267,45.72108951999999,122.78,121.875,0.9050000000000011,44.81608951999999,12.779189558914902,19.607485423959623,9.410922558914903,16.239218423959624,3.79399541631198,2.79399541631198,155.09498901999999,126.05098758762014,272.68118999,8.622832285083057,-7.4570656929183095,-1.1657665921647506,168,168,0
8331,15038-1-01,45 a 59,Mujeres,Quintil bajo,Norte,Trabajadores rutinarios,Movilidad mixta,58.92,63.258767289638705,30.05,25.43688961469709,8.81,9.084343095664199,70.22,3.238721,156.031940627907,79.16,13.953488372093,65.20651162790699,90.82542900000001,6.244716947069636,3.9515666711937465,3.0059959470696365,0.7128456711937465,1.9281429141533453,0.9281429141533453,34.793500692093005,48.84555742715895,160.65019875209302,-4.338767289638703,4.61311038530291,-0.27434309566419834,168,168,0
8333,15041-1-01,18 a 29,Mujeres,Quintil medio,Sur,Trabajadores rutinarios,Usuarios publicos,48.48,53.48232248063372,36.03,31.785896827640727,12.11,11.351780691725551,71.38000000000001,5.689447,118.9723561235443,150.11,56.9620253164557,93.1479746835443,25.824381440000003,18.95928255967524,14.379972429540501,13.26983555967524,8.6905254295405,3.33235946475558,2.3323594647555796,156.85203443645568,185.3124830669298,430.74201301645576,-5.0023224806337225,4.244103172359274,0.7582193082744482,168,168,0
8334,15042-1-02,30 a 44,Hombres,Quintil bajo,Centro,Trabajadores rutinarios,Motorizados privados,60.34,55.11859828344238,23.37,28.28861459876148,9.8,10.102787117796145,74.49,4.937326,161.48826798,141.07,0,141.07,20.41826798,12.72015190142054,18.152579035074822,7.78282590142054,13.215253035074824,2.576324087455546,1.5763240874555458,136.42998286,110.65022040839546,300.20108628,5.221401716557622,-4.918614598761479,-0.30278711779614476,168,168,0
8336,15048-1-01,30 a 44,Hombres,Quintil medio,Centro,Trabajadores rutinarios,Motorizados privados,56.18,61.40493739546797,36.8,33.007137152808866,13.22,11.787925451723167,61.8,7.114251,238.26860278,188.59,0,188.59,49.678602780000006,19.56512818701859,14.241665559043925,12.450877187018591,7.127414559043925,2.750131839180061,1.7501318391800613,161.41001839999998,198.5815344906454,517.26485342,-5.224937395467968,3.792862847191131,1.4320745482768338,168,168,0
8344,15069-1-01,45 a 59,Hombres,Quintil bajo,Norte,Trabajadores rutinarios,Movilidad activa,63.13,50.7198513145564,13.57,27.44768497094512,11.27,9.802463714498474,80.03000000000002,1.925501,53.19687097,44.14,0,44.14,9.056870969999999,5.268135996288574,12.145754297108155,3.3426349962885746,10.220253297108155,2.7359819580922444,1.7359819580922444,68.36000716000001,44.46425345602966,116.18945199999996,12.410148685443602,-13.877684970945118,1.4675362855015255,168,168,0
8353,15086-1-01,45 a 59,Hombres,Quintil bajo,Norte,Trabajadores rutinarios,Movilidad activa,59.98,54.12557873338919,21.95,28.335050406883404,10.65,10.119370859727402,75.42,2.267208,71.3425498753846,50.739999999999995,15.3846153846154,35.355384615384594,35.987165260000005,5.895885825995929,8.75162180018709,3.628677825995929,6.48441380018709,2.600505037912679,1.6005050379126788,64.6445859646154,51.37139523358523,138.5555667646154,5.854421266610807,-6.385050406883405,0.5306291402725982,168,168,0
8356,15092-1-01,45 a 59,Hombres,Quintil bajo,Centro,Trabajadores rutinarios,Motorizados privados,61.3,64.64986807970143,32.23,29.59926779085638,11.29,10.570864129442183,63.18,1.822954,82.43707739999999,40.69,0,40.69,41.7470774,3.8911529828159788,2.9723569083401515,2.0681989828159786,1.1494029083401516,2.1345316353654447,1.1345316353654447,29.310002800000007,35.41665821536405,108.64496087999999,-3.3498680797014373,2.6307322091436163,0.7191358705578157,168,168,0
8367,15107-1-01,60 o mas,Hombres,Quintil medio,Sur,Trabajadores rutinarios,Movilidad mixta,46.45,57.96148942327278,45.51,33.42231247382376,11.36,11.936198102903466,64.67999999999999,3.671099,96.01255839999999,75.49,0,75.49,20.5225584,11.36176394588178,5.782361789235734,7.69066494588178,2.1112627892357345,3.0949216967131044,2.0949216967131044,74.50999015000002,116.7698074602873,283.28539028,-11.511489423272778,12.08768752617624,-0.5761981029034668,168,168,0
8373,15123-1-01,45 a 59,Hombres,Quintil bajo,Norte,Trabajadores rutinarios,Movilidad mixta,62.26,63.16350464500693,34.83,31.814499659069273,9.25,11.361995695923794,61.66000000000001,3.857672,150.31867642,97.64,0,97.64,52.67867642000001,9.541563582050502,8.997020833642045,5.683891582050502,5.139348833642045,2.4733993927038127,1.4733993927038125,89.85998229999998,93.34540687091317,259.9061640599999,-0.9035046450069331,3.015500340930725,-2.1119956959237935,168,168,0
8376,15125-1-04,30 a 44,Hombres,Quintil alto,Sur,Trabajadores rutinarios,Motorizados privados,56.27,46.11851252165328,15.61,25.40760343340839,8.72,9.073884044938332,87.39999999999999,4.723074,110.0850808236653,151.25,66.9322709163347,84.3177290836653,25.76735174,13.789518646817553,28.24041629097288,9.066444646817553,23.51734229097288,2.9196067321446906,1.9196067321446906,155.68229315633477,107.73606658602978,270.5946835763348,10.151487478346723,-9.79760343340839,-0.35388404493833114,168,168,0
8380,15131-1-01,60 o mas,Hombres,Quintil bajo,Centro,Trabajadores rutinarios,Motorizados privados,46.5,55.09846931231097,44.07,33.25506287324713,9.66,11.876467814441897,67.77000000000001,3.722072,74.996352,51.919999999999995,0,51.919999999999995,23.076352,12.720910472904086,8.0563362119055,8.998838472904087,4.3342642119054995,3.417695969584706,2.4176959695847065,98.079996,130.08411787021188,298.06692455999996,-8.598469312310968,10.814937126752874,-2.2164678144418968,168,168,0
8389,15147-1-01,45 a 59,Mujeres,Quintil bajo,Sur,Trabajadores rutinarios,Movilidad mixta,75.71,66.27311911101637,16.25,26.001055685089604,9.6,9.285825203894014,66.44000000000001,2.061253,106.28569751411762,42.14000000000001,29.4117647058824,12.728235294117606,93.55746222,3.7921844357822194,8.497604150843646,1.7309314357822196,6.436351150843646,1.8397472002622772,0.8397472002622772,49.771767115882355,30.319968072822192,103.05515716588233,9.436880888983623,-9.751055685089604,0.314174796105986,168,168,0
8395,15155-1-02,45 a 59,Hombres,Quintil bajo,Norte,Trabajadores rutinarios,Motorizados privados,56.1,53.116980433420984,15.46,30.09508347985963,22.4,10.747936086719388,74.03999999999999,4.468667,112.2522361,86.56,0,86.56,25.6922361,13.519097000634346,16.1381931746695,9.050430000634346,11.6695261746695,3.0253086660147974,2.0253086660147974,138.4399826,125.10986150247405,307.62371522,2.983019566579017,-14.635083479859627,11.65206391328061,168,168,0
8401,15166-1-01,30 a 44,Hombres,Quintil medio,Centro,Trabajadores rutinarios,Movilidad mixta,65.89,65.3020466001478,30.91,34.917702673365355,15.89,12.470250726486839,55.31,8.654615,312.43258394,242.17999999999998,0,242.17999999999998,70.25258394000001,23.53777380846386,24.313346059928882,14.883158808463861,15.658731059928883,2.7196789006170534,1.7196789006170536,257.81999841000004,252.73148809633824,662.85598041,0.5879533998521964,-4.007702673365355,3.419749273513162,168,168,0
8402,15173-1-01,30 a 44,Mujeres,Quintil bajo,Centro,Trabajadores rutinarios,Movilidad mixta,64.96,55.072880812193475,11.6,20.452768379569125,6.27,7.304350808237385,85.17000000000002,3.093673,135.02501456,134.06,62.5,71.56,63.46501456,5.621074657008629,16.28539380942742,2.527401657008629,13.19172080942742,1.8169582425190474,0.8169582425190475,65.93998352,35.35246984090102,121.22392002999993,9.887119187806519,-8.852768379569126,-1.0343508082373853,168,168,0
8406,15183-1-01,18 a 29,Hombres,Quintil bajo,Centro,Trabajadores rutinarios,Movilidad mixta,64.03,66.60953293554019,33.94,29.791095133188463,9.07,10.63937193127135,60.96,2.846985,134.35246088,82.06,0,82.06,52.29246088,6.0348119597075955,4.919290476949354,3.1878269597075954,2.072305476949354,2.1197203215709233,1.1197203215709235,47.93998867000002,55.2838802444889,170.38881352,-2.579532935540186,4.1489048668115345,-1.56937193127135,168,168,0
8409,15191-1-01,30 a 44,Hombres,Quintil bajo,Sur,Trabajadores rutinarios,Movilidad activa,56.09,55.870307361865336,20.43,24.581011528066433,12.71,8.778681110068241,78.76999999999998,4.026326,160.11664468,134.28,0,134.28,25.83664468,8.577570862529102,8.752233711638237,4.551244862529102,4.725907711638237,2.1303716744568377,1.1303716744568377,65.71998066,64.83542647906981,199.1524243000001,0.2196926381346671,-4.151011528066434,3.9313188899317595,168,168,0
8410,15192-1-02,18 a 29,Mujeres,Quintil bajo,Centro,Trabajadores rutinarios,Movilidad activa,57.12,66.31967705366951,32.09,27.079389543632985,13.86,9.670933402697514,64.92999999999999,2.838775,142.43079768,95.28,0,95.28,47.15079768,5.504502227587232,1.894070089452658,2.665727227587232,-0.944704910547342,1.9390413920043794,0.9390413920043794,19.720030319999978,45.83584354803065,150.16174157,-9.199677053669511,5.010610456367019,4.189066597302485,168,168,0
8413,15198-1-02,30 a 44,Hombres,Quintil medio,Sur,Trabajadores rutinarios,Usuarios publicos,53.33,51.847834305184136,27.93,27.03653650882151,7.28,9.655629185994346,79.46000000000001,9.651682,285.9041998,246.18,0,246.18,39.724199799999994,25.802246026951146,28.681505369819362,16.150564026951145,19.02982336981936,2.673341913559849,1.6733419135598486,228.8200012599999,214.51460930232815,568.6557244799999,1.482165694815862,0.8934634911784904,-2.375629185994346,168,168,0
8417,15205-1-02,45 a 59,Hombres,Quintil bajo,Centro,Trabajadores rutinarios,Movilidad mixta,45.94,57.803173141418654,42.92,28.196821905907893,7.21,10.070004952673445,71.93,2.827544,105.47736302000001,75.58000000000001,0,75.58000000000001,29.897363019999997,6.6850902561953855,2.1499189444206936,3.8575462561953855,-0.6776250555793064,2.364274528069372,1.3642745280693724,24.42000833999998,57.96365237697947,166.16478905999995,-11.863173141418656,14.723178094092109,-2.860004952673445,168,168,0
8418,15206-1-01,18 a 29,Mujeres,Quintil bajo,Sur,Trabajadores rutinarios,Motorizados privados,60.93,63.65052870176364,29.01,23.991370304617046,6.27,8.568100993619314,71.78999999999999,3.353192,168.13995202,101.33000000000001,25,76.33000000000001,91.80995202,6.139356485910774,4.524747557887014,2.786164485910774,1.1715555578870145,1.830899180813617,0.830899180813617,36.170036539999984,45.292491618524224,154.4706503,-2.720528701763641,5.0186296953829554,-2.2981009936193146,168,168,0
8421,15218-1-01,18 a 29,Mujeres,Quintil bajo,Sur,Trabajadores rutinarios,Movilidad mixta,67.8,67.77739531988904,35.32,32.799008691563664,9.17,11.713595988547304,55.709999999999994,3.051259,135.26982844444439,96.45,30.5555555555556,65.8944444444444,69.375384,7.09282135597588,7.103267202365957,4.04156235597588,4.052008202365957,2.324555652593202,1.3245556525932016,71.6055317555556,71.53655902192492,207.3560446655556,0.022604680110958952,2.5209913084363365,-2.5435959885473043,168,168,0
8422,15218-1-02,30 a 44,Hombres,Quintil bajo,Sur,Trabajadores rutinarios,Movilidad mixta,58.45,61.53897106102044,31.33,34.072594065790724,18,12.168434873188833,60.22,3.870483,122.06528505555562,140.28000000000003,44.4444444444444,95.83555555555563,26.229729499999998,11.082927177222455,9.319280365285758,7.212444177222455,5.448797365285758,2.863448096070298,1.863448096070298,104.16444629444439,116.12025627361595,295.09537268444444,-3.0889710610204375,-2.742594065790726,5.831565126811167,168,168,0
8423,15219-1-01,45 a 59,Mujeres,Quintil bajo,Sur,Trabajadores rutinarios,Movilidad mixta,58.08,52.769679306635695,10.77,25.694114278832547,18.79,9.176206414531745,80.36000000000001,4.836518,163.13498768,132.23,0,132.23,30.904987679999998,11.655048487931392,17.58345225811356,6.818530487931392,12.74693425811356,2.409801532410588,1.409801532410588,117.76997776000002,92.08651614077107,260.73744983999995,5.310320693364304,-14.924114278832548,9.613793585468255,168,168,0
8433,15230-1-02,45 a 59,Hombres,Quintil bajo,Centro,Trabajadores rutinarios,Usuarios publicos,56.16,57.36690543968957,39.36,34.899385495567024,9.21,12.463709064743409,63.27,1.778399,36.8877529428571,48.62,49.1071428571429,-0.4871428571428993,37.3748958,6.069295618242674,5.723447899510605,4.290896618242674,3.9450488995106046,3.412786229773338,2.412786229773338,62.9871348971429,65.13349432418138,149.36397432714287,-1.2069054396895709,4.460614504432975,-3.2537090647434077,168,168,0
8441,15248-1-02,45 a 59,Hombres,Quintil bajo,Norte,Trabajadores rutinarios,Usuarios publicos,49.12,60.89584007381775,40.65,34.01595331342475,17.29,12.148206612757505,60.93999999999999,6.434021,194.62912192,178.59,0,178.59,16.03912192,18.850508965271164,9.248044574112765,12.416487965271163,2.814023574112764,2.9298177555328406,1.9298177555328404,121.40998960000002,197.17599192758502,494.1971663400001,-11.775840073817754,6.634046686575246,5.141793387242494,168,168,0
8442,15250-1-01,45 a 59,Hombres,Quintil bajo,Norte,Trabajadores rutinarios,Movilidad mixta,66.73,63.78257486965328,31.64,31.704657612553103,8.44,11.322767517793624,61.19,2.787485,112.34889186,51.339999999999996,0,51.339999999999996,61.00889186,6.7127269954205,8.111064966081255,3.9252419954204996,5.323579966081255,2.4081661409551978,1.4081661409551978,73.65998219000004,65.44407885053549,185.38238099000006,2.9474251303467227,-0.06465761255310198,-2.8827675177936243,168,168,0
8449,15263-1-01,60 o mas,Mujeres,Quintil bajo,Centro,Trabajadores rutinarios,Movilidad mixta,65.29,54.94673981939364,25.53,34.8921390558741,11.48,12.461121124732276,65.69999999999999,3.051905,41.388882679999995,128.38,153.75,-25.370000000000005,66.75888268,11.77169385697701,18.825845610885818,8.71978885697701,15.773940610885818,3.857162610558654,2.857162610558654,157.86999477000003,126.30334730850657,270.82099882000006,10.343260180606364,-9.362139055874096,-0.981121124732276,168,168,0
8455,15272-1-01,18 a 29,Mujeres,Quintil medio,Centro,Trabajadores rutinarios,Movilidad activa,71.55,63.99367101004339,25.47,29.102777676932277,6.47,10.39355131302433,64.51,4.400589,195.34211664999998,130.48,0,130.48,64.86211664999999,9.639746476838134,16.515044624098,5.239157476838134,12.114455624098,2.1905582359175404,1.1905582359175406,119.52002630000004,86.26772806641588,260.07483896,7.556328989956604,-3.632777676932278,-3.9235513130243307,168,168,0
8467,15304-1-01,45 a 59,Mujeres,Quintil bajo,Norte,Trabajadores rutinarios,Usuarios publicos,60.09,54.46222916852034,25.27,28.551204347928756,7.85,10.196566483550898,74.79,2.433851,76.74009986,40.49,0,40.49,36.25009986,6.357135505588614,9.26255896547343,3.923284505588614,6.828707965473429,2.6119657717701754,1.6119657717701756,69.51000673000003,55.812851064032415,150.11915184999998,5.6277708314796655,-3.2812043479287567,-2.346566483550898,168,168,0
8468,15306-1-01,45 a 59,Mujeres,Quintil bajo,Norte,Trabajadores rutinarios,Usuarios publicos,59.46,66.51228494192961,10.41,16.194227958366323,18.62,5.783487099704078,79.50999999999999,2.789329,166.01352537999998,70.16,10,60.16,105.85352538,3.918083090503726,-0.02432817123770842,1.128754090503726,-2.8136571712377085,1.404668682146755,0.40466868214675505,-0.16002303999997025,19.511119864787588,80.81419783000004,-7.0522849419296065,-5.784227958366323,12.836512900295922,168,168,0
8476,15318-1-01,30 a 44,Hombres,Quintil bajo,Norte,Trabajadores rutinarios,Motorizados privados,57.2,62.07753328847662,43.22,36.225248658397426,10.82,12.93721805312596,56.76,2.808005,76.18785919999999,65.57,0,65.57,10.6178592,8.8089702313637,6.8953381666437465,6.0009652313637005,4.087333166643747,3.1370920747518967,2.137092074751897,84.43002680000001,98.12616466170883,236.17461700000007,-4.87753328847662,6.994751341602573,-2.11721805312596,168,168,0
8478,15319-1-03,18 a 29,Hombres,Quintil bajo,Norte,Trabajadores rutinarios,Usuarios publicos,49.58,59.925439537028865,30.18,22.90458570387763,11.25,8.179974759093495,76.99000000000001,0.600583,29.77692004,0,0,0,29.77692004,0.8821657509969656,-1.5872499369287484e-6,0.2815827509969656,-0.6005845872499369,1.4688490200304798,0.46884902003047974,-1.4900000003592595e-5,6.2132802134674066,24.882138789999992,-10.345439537028867,7.275414296122371,3.0700252409065047,168,168,0
8495,15354-1-04,18 a 29,Mujeres,Quintil medio,Centro,Trabajadores rutinarios,Usuarios publicos,51.31,54.67075793785572,41.3,36.303925825870046,11.33,12.965316236274239,64.06,2.825116,16.033360456666696,79.41,83.3333333333333,-3.9233333333333036,19.95669379,12.399103117212663,10.811156807822677,9.573987117212663,7.986040807822677,4.388882834266863,3.3888828342668633,128.92334150333332,138.4178725256965,277.6091965833333,-3.360757937855716,4.9960741741299515,-1.6353162362742388,168,168,0
8497,15357-1-01,30 a 44,Mujeres,Quintil medio,Sur,Trabajadores rutinarios,Movilidad mixta,66.11,64.23571512922615,32.32,29.646538742429534,6.04,10.58774612834432,63.529999999999994,4.922086,216.06908245000002,140.67000000000002,0,140.67000000000002,75.39908245000001,10.98074658163248,12.578672915876115,6.058660581632481,7.656586915876115,2.2309131903897006,1.2309131903897006,109.33002300999996,100.1046316875522,298.14124197,1.8742848707738489,2.673461257570466,-4.547746128344319,168,168,0
8498,15357-1-02,30 a 44,Mujeres,Quintil medio,Sur,Trabajadores rutinarios,Motorizados privados,63.81,55.05504713650105,18.71,24.459623410274766,5.73,8.735329453224189,79.74999999999999,3.514722,136.81443281999998,112.53999999999999,0,112.53999999999999,24.274432819999998,7.537005417019157,15.79363676257371,4.022283417019157,12.27891476257371,2.1444101175054975,1.1444101175054975,87.45997800000004,56.68875256169727,173.35978368000008,8.75495286349895,-5.749623410274765,-3.0053294532241885,168,168,0
8510,15376-1-01,45 a 59,Hombres,Quintil bajo,Centro,Trabajadores rutinarios,Movilidad activa,68.53,75.5371794685266,17.47,17.789580864596662,13.68,6.3532396668767435,68.32,1.789841,122.38778583,59.73,0,59.73,62.65778583,2.3420415873982066,0.03825678652760251,0.5522005873982065,-1.7515842134723976,1.3085193530588508,0.30851935305885075,0.27001789999999914,12.811755007127132,56.023565050000016,-7.007179468526601,-0.3195808645966629,7.326760333123256,168,168,0
8515,15386-1-01,30 a 44,Mujeres,Quintil bajo,Centro,Trabajadores rutinarios,Usuarios publicos,59.13,53.915609556487624,28.85,31.88663342617369,9.21,11.387757017338682,70.81,3.298071,72.07491597,154.56,127.5,27.060000000000002,45.014915970000004,10.784325245723126,14.25602626207595,7.486254245723126,10.95795526207595,3.269888745792048,2.269888745792048,122.94002226,105.74259235557469,248.46460452000002,5.214390443512379,-3.0366334261736903,-2.1777570173386813,168,168,0
8517,15389-1-01,45 a 59,Hombres,Quintil medio,Sur,Trabajadores rutinarios,Movilidad mixta,57.41,58.80209404136873,37.29,34.018713568676866,10.27,12.149192389954388,63.030000000000015,5.867543,152.85565234999996,240.99999999999997,125,115.99999999999997,36.85565235,18.37025754575385,17.074576462734044,12.50271454575385,11.207033462734042,3.1308262326759,2.1308262326759,183.99999128000002,192.16816292777486,463.06033636,-1.3920940413687362,3.2712864313231336,-1.8791923899543885,168,168,0
8525,15401-1-02,45 a 59,Hombres,Quintil bajo,Centro,Trabajadores rutinarios,Movilidad mixta,59.87,57.17903292234036,25.48,29.334618016257114,11.64,10.476349061402543,71.00999999999999,2.468807,84.98750494,52.18,0,52.18,32.807504939999994,6.2276739919275075,7.469022047619319,3.7588669919275075,5.000215047619319,2.522543881286592,1.5225438812865921,62.81997015,56.176491791904354,154.46208599000005,2.6909670776596357,-3.8546180162571133,1.163650938597458,168,168,0
8527,15409-1-01,30 a 44,Mujeres,Quintil alto,Sur,Trabajadores rutinarios,Motorizados privados,57.24,53.91894124078662,23.72,27.91256958378416,10.84,9.96848917542923,76.19999999999999,11.400837,356.41392251999997,328.83,0,328.83,27.583922519999998,30.094579646516507,37.82172183901741,18.693742646516508,26.420884839017408,2.6396815993875284,1.6396815993875282,296.16998736,258.30713777878606,690.18291408,3.321058759213379,-4.1925695837841594,0.8715108245707697,168,168,0
8529,15416-1-02,18 a 29,Mujeres,Quintil alto,Centro,Trabajadores rutinarios,Usuarios publicos,51.06,57.85643596580012,39.78,34.11867290450168,13.32,12.184891129698206,63.839999999999996,9.958084,234.4597627,201,0,201,33.4597627,32.567053582454164,22.77351330476747,22.608969582454165,12.81542930476747,3.2704136239917405,2.2704136239917405,274.00000633999997,341.67948658805864,802.7742667399998,-6.796435965800114,5.661327095498322,1.135108870301794,168,168,0
8532,15425-1-01,60 o mas,Mujeres,Quintil bajo,Norte,Trabajadores rutinarios,Usuarios publicos,32.63,44.93183456389825,40.24,27.387275805337993,9.23,9.780889630763768,85.89999999999999,5.806874,85.48829828000001,46.01,0,46.01,39.478298280000004,20.830267495822877,9.277343832957214,15.023393495822877,3.470469832957215,3.587174010633411,2.587174010633411,103.99000034,175.42520362140206,391.25605712000004,-12.301834563898247,12.85272419466201,-0.5508896307637681,168,168,0
8536,15431-1-01,45 a 59,Hombres,Quintil bajo,Sur,Trabajadores rutinarios,Motorizados privados,52.14,49.92563275117391,26.93,28.725539864906622,9.84,10.258827383919467,79.09,7.625027,168.3489331,145.78,0,145.78,22.5689331,24.038414852746875,27.512674723369937,16.413387852746876,19.887647723369938,3.1525678338905387,2.152567833890539,229.21997468,212.3353646197853,509.59221747,2.2143672488260933,-1.7955398649066225,-0.41882738391946717,168,168,0
8537,15434-1-01,30 a 44,Hombres,Quintil bajo,Centro,Trabajadores rutinarios,Movilidad mixta,72.54,65.24087307163556,23.8,27.992199361568215,6.89,9.996927566796227,64.77,2.194083,105.19878391999998,68.53999999999999,0,68.53999999999999,36.65878392,4.408292952282118,7.759772893668047,2.2142099522821184,5.565689893668047,2.0091732866450895,1.0091732866450898,53.95999690000002,37.94510659163339,121.29640417000002,7.299126928364444,-4.192199361568214,-3.1069275667962275,168,168,0
8541,15438-1-02,45 a 59,Hombres,Quintil alto,Sur,Trabajadores rutinarios,Motorizados privados,58.16,58.45094313331861,35.06,32.5458662884259,9.4,11.623190578255487,65.38,12.991512,377.26341669073173,364.36,42.6829268292683,321.6770731707317,55.58634352,38.18000473780975,37.55494924234028,25.188492737809753,24.563437242340278,2.938842279313582,1.938842279313582,378.3229212292683,382.10271243709457,955.9255447492685,-0.29094313331861343,2.514133711574104,-2.223190578255487,168,168,0
8550,15455-1-01,45 a 59,Mujeres,Quintil medio,Centro,Trabajadores rutinarios,Usuarios publicos,55.43,43.747571092129576,14.61,27.39041733454307,10.88,9.782011573327354,87.08,2.911317,34.223225488420994,103.77,118.421052631579,-14.651052631579006,48.87427812,11.058302020593135,22.015278656809105,8.146985020593135,19.103961656809105,3.7983847243680904,2.7983847243680904,127.151075821579,93.13982194080441,201.360546151579,11.682428907870424,-12.78041733454307,1.0979884266726465,168,168,0
8557,15474-1-01,45 a 59,Mujeres,Quintil bajo,Sur,Trabajadores rutinarios,Motorizados privados,61.03,60.63787767541406,21.06,29.48283878966957,18.56,10.529283534916374,67.35,2.929882,115.23071913000001,51.42,0,51.42,63.81071913,6.886260259957651,7.082390920541033,3.956378259957651,4.152508920541033,2.3503541302884043,1.3503541302884043,63.579979329999986,62.431107189397494,179.66190417,0.3921223245859409,-8.422838789669573,8.030716465083625,168,168,0
8559,15479-1-01,45 a 59,Mujeres,Quintil alto,Norte,Trabajadores rutinarios,Movilidad mixta,60.45,50.48464270387327,17.18,27.893631520796756,10.71,9.961725775329972,79.66,2.58961,67.0238065619048,68.22,95.2380952380952,-27.0180952380952,94.0419018,7.427899600249419,14.165646890138289,4.83828960024942,11.576036890138289,2.8683468167984443,1.8683468167984445,89.51811793809519,63.711729030472455,161.74234083809517,9.965357296126733,-10.713631520796756,0.7482742246700287,168,168,0
8566,15494-1-01,45 a 59,Hombres,Quintil bajo,Norte,Trabajadores rutinarios,Motorizados privados,46.91,50.92195679637895,33.08,28.35245617594316,9.41,10.125587027677879,78.60000000000001,2.614776,66.88914070999999,44.23,0,44.23,22.65914071,7.600022196152738,5.792791643376084,4.985246196152738,3.178015643376084,2.9065672149938417,1.9065672149938417,55.770001449999995,66.26036979420857,166.87183369,-4.0119567963789535,4.727543824056838,-0.7155870276778789,168,168,0
8572,15501-1-02,45 a 59,Hombres,Quintil bajo,Centro,Trabajadores rutinarios,Motorizados privados,53.71,54.251244423603495,37.08,35.37513930576527,11.47,12.63361627063124,65.74,2.31014,21.301072157410097,89.03999999999999,79.3165467625899,9.723453237410098,11.57761892,9.563110659444702,9.34283701288572,7.252970659444701,7.03269701288572,4.139623858053928,3.1396238580539277,102.77654724258991,104.02689763533328,214.93384424258994,-0.5412444236034943,1.7048606942347249,-1.1636162706312394,168,168,0
8574,15505-1-01,45 a 59,Mujeres,Quintil bajo,Norte,Trabajadores rutinarios,Usuarios publicos,49.09,51.4739405568977,29,28.402573782988302,11.93,10.143485660114004,77.97999999999999,3.615361,95.07808828,67.6,0,67.6,27.47808828,10.421375608003098,8.885039478553807,6.806014608003098,5.269678478553807,2.882526975315355,1.882526975315355,82.39998321000002,91.01878892572623,230.37670894000004,-2.3839405568976986,0.597426217011698,1.7865143398859953,168,168,0
8575,15505-1-02,18 a 29,Hombres,Quintil bajo,Norte,Trabajadores rutinarios,Usuarios publicos,41.65,49.64047286994003,33.21,29.458821096788128,14.76,10.520706033271864,78.37999999999998,4.329268,84.17402959999998,78.85999999999999,0,78.85999999999999,5.3140296,14.43182196012114,8.84521317222576,10.102553960121138,4.51594517222576,3.3335478330565675,2.333547833056567,96.1399826,130.73288110069953,303.81496856000007,-7.990472869940028,3.7511789032118728,4.239293966728136,168,168,0
8592,15522-1-01,45 a 59,Hombres,Quintil alto,Sur,Trabajadores rutinarios,Motorizados privados,65.36,64.74972900843179,26.74,30.59411460900224,14.17,10.926156382565972,61.730000000000004,7.90468,340.31988568,273.67,0,273.67,66.64988568,18.230271123710715,19.022636499260777,10.325591123710716,11.117956499260778,2.3062630142789735,1.3062630142789735,176.32999911999997,171.50600221837055,499.7104579199999,0.6102709915682141,-3.8541146090022416,3.2438436174340275,168,168,0
8596,15530-1-01,18 a 29,Hombres,Quintil alto,Norte,Trabajadores rutinarios,Movilidad mixta,56.12,52.47181925548651,27.18,29.030457371740415,8.57,10.367723372773082,76.13,12.056324,316.78087763999997,265.17999999999995,0,265.17999999999995,51.60087764,35.380173886809295,44.42048201191448,23.323849886809295,32.36415801191448,2.934573912148454,1.9345739121484538,359.82002523999995,315.8363761735842,790.8336082400001,3.648180744513489,-1.850457371740415,-1.7977233727730813,168,168,0
8597,15530-1-02,18 a 29,Mujeres,Quintil alto,Norte,Trabajadores rutinarios,Motorizados privados,68.93,61.853803668660035,31.78,32.447968313577086,5.18,11.588228017762889,62.10999999999999,6.023368,213.70073379,148.51,0,148.51,65.19073379,15.922058390574238,24.05999684074413,9.898690390574238,18.03662884074413,2.6433813093562004,1.6433813093562004,201.49002245000005,158.86748790608945,424.1137037300001,7.076196331339972,-0.6679683135770844,-6.408228017762889,168,168,0
8602,15535-1-01,30 a 44,Mujeres,Quintil alto,Centro,Trabajadores rutinarios,Usuarios publicos,71.42,63.082390373165886,22.56,32.832170481338586,13.66,11.725439145495535,60.36,6.748941,247.7172104098962,231.47,65.7621707901038,165.7078292098962,82.00938119999999,17.63299435370031,28.54849943339571,10.884053353700311,21.79955843339571,2.6127053642490448,1.6127053642490445,234.29215581010385,178.02212035756838,478.73879883010386,8.337609626834116,-10.272170481338588,1.9345608545044648,168,168,0
8609,15548-1-03,18 a 29,Hombres,Quintil bajo,Centro,Trabajadores rutinarios,Movilidad mixta,62.26,62.254959549586374,34.73,31.128159290298356,7.51,11.116881160115247,63.50000000000002,3.084333,120.04056341999998,68.00999999999999,0,68.00999999999999,52.03056341999999,7.519287400759354,7.5218090226352965,4.434954400759354,4.4374760226352965,2.437897399781202,1.437897399781202,71.99000916,71.97446273245441,202.27223507999994,0.005040450413623887,3.6018407097016407,-3.606881160115247,168.00000000000003,168,0
8612,15559-1-03,18 a 29,Hombres,Quintil medio,Centro,Trabajadores rutinarios,Usuarios publicos,61.52,59.15010147616678,26.32,30.063309840326003,12.11,10.73658868350722,68.05,3.546303,127.4606945114607,93,33.7078651685393,59.2921348314607,68.16855968,8.90293372028897,10.417141151455365,5.356630720288971,6.870838151455365,2.510483091909792,1.5104830919097918,90.7078660485393,82.30348780377398,226.9922903385393,2.3698985238332213,-3.7433098403260026,1.3734113164927795,168,168,0
8616,15563-1-01,18 a 29,Hombres,Quintil bajo,Centro,Trabajadores rutinarios,Usuarios publicos,55.13,64.09750437334084,44.54,32.20945020611986,8.14,11.503045420539289,60.19000000000001,2.822294,112.58309011,90.74000000000001,0,90.74000000000001,21.84309011,6.897779737770877,3.6032752488430373,4.075485737770878,0.7809812488430374,2.444033023409637,1.444033023409637,43.00997810999999,68.31891189785361,191.68842602999996,-8.967504373340837,12.330549793880138,-3.3630454205392883,168,168,0
8618,15565-1-02,30 a 44,Mujeres,Quintil alto,Centro,Trabajadores rutinarios,Usuarios publicos,73.7,60.038529187968386,15.08,25.9307529929488,6.45,9.260717819082824,72.77,6.996773,302.482152,211.82,0,211.82,90.66215199999999,14.747588771840322,43.69949801735479,7.750815771840322,36.702725017354794,2.107770077983139,1.107770077983139,213.18001810000004,117.59380798208917,363.82054079000005,13.661470812031617,-10.8507529929488,-2.810717819082824,168,168,0
8619,15566-1-01,45 a 59,Hombres,Quintil bajo,Centro,Trabajadores rutinarios,Motorizados privados,51.13,50.375602677348255,18.3,26.529755991740853,16.95,9.474641330910886,81.62,3.611027,103.0345125027273,86.13,17.7272727272727,68.40272727272729,34.63178523,9.66824433691867,10.216229484650444,6.05721733691867,6.6052024846504445,2.6774223335684475,1.6774223335684475,81.59729800727271,78.87314890644953,208.8859997572727,0.754397322651748,-8.229755991740852,7.475358669089113,168,168,0
8620,15566-1-04,18 a 29,Hombres,Quintil bajo,Centro,Trabajadores rutinarios,Motorizados privados,48.85,54.60493456204526,38.7,30.61975281547547,8.61,10.935312622479271,71.84,3.099278,83.4069908772727,71.78,14.7727272727273,57.0072727272727,26.399718149999998,9.115562344133398,6.34283734355392,6.016284344133398,3.24355934355392,2.9411889943830136,1.9411889943830136,67.99273942272731,85.8288815023138,214.61958160272727,-5.754934562045257,8.080247184524534,-2.325312622479272,168,168,0
8622,15569-1-01,18 a 29,Hombres,Quintil bajo,Centro,Trabajadores rutinarios,Usuarios publicos,49.23,47.498547281543104,22.68,24.47914976644595,8.81,8.742302952010954,87.28,5.332791,147.75329119,135.22,0,135.22,12.533291190000002,14.021657064454313,16.086722859510626,8.688866064454313,10.753931859510626,2.629328069383239,1.629328069383239,114.78000974,105.54653426608755,282.70959833000006,1.731452718456893,-1.7991497664459501,0.06769704798904641,168,168,0
8623,15571-1-01,30 a 44,Hombres,Quintil bajo,Norte,Trabajadores rutinarios,Movilidad activa,75.61,68.91455137347911,21.1,26.596846932126034,8.3,9.498601694394855,62.989999999999995,4.480444,240.01637088,151.25,0,151.25,88.76637088,8.406267291384026,14.82394370266853,3.9258232913840256,10.34349970266853,1.8762130028595436,0.8762130028595437,98.74999996000003,68.75141733399624,230.47505356000005,6.695448626520886,-5.496846932126033,-1.1986016943948545,168,168,0
8629,15593-1-03,60 o mas,Mujeres,Quintil alto,Centro,Trabajadores rutinarios,Motorizados privados,66.28,62.38152200834383,31.1,34.07808288284018,11.25,12.170395108815981,59.370000000000005,4.767373,157.22960828173353,140.58,49.3318619582665,91.24813804173351,65.98147024000001,13.375818940776155,16.543958412231802,8.608445940776154,11.776585412231803,2.805700107958021,1.8057001079580208,158.7518741582665,140.1663754397506,360.65012070826646,3.898477991656172,-2.9780828828401766,-0.9203951088159812,168,168,0
8632,15612-1-02,30 a 44,Mujeres,Quintil alto,Centro,Trabajadores rutinarios,Movilidad mixta,61.72,57.86808847022766,27.51,31.597436256169242,11.52,11.284475273603096,67.25,2.808414,86.40380517627119,57.559999999999995,69.4915254237288,-11.931525423728807,98.3353306,7.833627847028365,9.82998012865654,5.025213847028365,7.0215661286565405,2.7893422575974784,1.7893422575974784,86.9315069037288,76.11374463675475,196.54390532372878,3.8519115297723374,-4.087436256169241,0.23552472639690336,168,168,0
8633,15612-1-03,30 a 44,Mujeres,Quintil alto,Centro,Trabajadores rutinarios,Usuarios publicos,72.51,60.35530433499117,24.9,33.89845244539405,8.95,12.106243219614793,61.64,2.386857,71.66756409231641,67.17,81.0734463276836,-13.903446327683596,85.57101042000001,6.944834421515964,13.221112037461223,4.557977421515964,10.834255037461222,2.909614786941976,1.9096147869419757,101.40343697768361,72.3919165467876,182.1985464276836,12.154695665008838,-8.99845244539405,-3.156243219614794,168,168,0
8636,15618-1-02,60 o mas,Hombres,Quintil bajo,Sur,Trabajadores rutinarios,Motorizados privados,50.69,56.45050057007925,23.28,32.391454381077665,26.44,11.568045048843086,67.59,2.64612,68.96183375000001,34.830000000000005,0,34.830000000000005,34.13183375,8.073229893543928,5.784828808549783,5.427109893543928,3.138708808549783,3.050968925651115,2.050968925651115,65.16998904999997,80.41296481849807,196.73507544999998,-5.760500570079252,-9.111454381077664,14.871954951156916,168,168,0
8637,15619-1-01,45 a 59,Hombres,Quintil bajo,Sur,Trabajadores rutinarios,Movilidad activa,62.51,61.33615169130654,24.9,25.667239687457418,8.76,9.166608621236042,71.83,2.363605,108.16892334,22.919999999999998,0,22.919999999999998,85.24892334,4.663214410542874,5.189624534731255,2.299609410542874,2.826019534731255,1.9729245836520375,0.9729245836520375,39.58002520999999,36.80551147833059,119.13896951000002,1.173848308693458,-0.767239687457419,-0.40660862123604247,168,168,0
8648,15637-1-01,45 a 59,Mujeres,Quintil bajo,Centro,Trabajadores rutinarios,Usuarios publicos,67.34,69.73421057423016,18.55,21.630744806846863,13.2,7.725044618922978,68.91,3.719068,219.48206272,131.54,0,131.54,87.94206272,5.993263375669703,4.303589850401906,2.274195375669703,0.5845218504019059,1.6114960456947018,0.6114960456947017,30.959976400000016,39.86420833188106,149.04038540000005,-2.394210574230158,-3.0807448068468624,5.474955381077021,168,168,0
8649,15642-1-01,18 a 29,Hombres,Quintil alto,Centro,Trabajadores rutinarios,Movilidad mixta,46.28,56.082933535772064,45.52,33.450722289388025,9.68,11.94634417483992,66.51999999999998,16.616737,356.62257844000004,337.6,0,337.6,19.02257844,55.92875035008066,32.97262873891099,39.31201335008066,16.35589173891099,3.3658082420201185,2.3658082420201185,412.40000992000006,575.2927783124044,1329.6438923200003,-9.802933535772063,12.069277710611978,-2.2663441748399205,168,168,0
8652,15644-1-02,30 a 44,Hombres,Quintil medio,Sur,Trabajadores rutinarios,Motorizados privados,53.37,56.97258181452606,35.11,32.16886652234928,12.15,11.488551663124671,67.36999999999999,9.564457,259.85505093,249.39999999999998,0,249.39999999999998,10.45505093,28.816901100232933,23.402452144861027,19.252444100232932,13.837995144861026,3.012915537205398,2.012915537205398,250.60001916000004,285.05675801401657,702.6162569800001,-3.6025818145260615,2.941133477650716,0.6614483368753294,168,168,0
8656,15651-1-01,45 a 59,Mujeres,Quintil bajo,Sur,Trabajadores rutinarios,Usuarios publicos,58.42,69.42919404514784,30.22,24.77341226502727,14.41,8.847393689824889,64.95,0.683438,39.9264459,0,0,0,39.9264459,0.9876899416824431,2.0371092311409905e-7,0.30425194168244307,-0.6834377962890769,1.4451785556004246,0.44517855560042474,2.0599999999149077e-6,7.5241036198277484,30.501839999999994,-11.009194045147837,5.446587734972727,5.562606310175111,168,168,0
8661,15659-1-02,60 o mas,Hombres,Quintil bajo,Centro,Trabajadores rutinarios,Movilidad activa,70.59,65.00355238190127,23.08,30.98919510272238,13.39,11.067252515376348,60.94,2.601833,112.71160643818179,67.22999999999999,25.6818181818182,41.54818181818179,71.16342462,5.920381620945723,8.5862107880843,3.318548620945723,5.984377788084299,2.2754656509259905,1.2754656509259907,70.95178503181823,56.41678126627754,165.84063454181825,5.586447618098731,-7.909195102722382,2.322747484623653,168,168,0
8666,15675-1-01,30 a 44,Hombres,Quintil bajo,Centro,Trabajadores rutinarios,Usuarios publicos,58.05,55.23910253684536,26.09,31.029316343752356,13.21,11.081581119402273,70.65,2.474636,67.4955190758065,97.23,48.3870967741935,48.8429032258065,18.65261585,7.252584785673395,8.552475428877555,4.777948785673395,6.077839428877555,2.930768317309453,1.930768317309453,76.1571007241935,69.20115266956233,173.41029552419346,2.810897463154639,-4.939316343752356,2.128418880597728,168,168,0
8669,15676-1-03,45 a 59,Mujeres,Quintil alto,Centro,Trabajadores rutinarios,Motorizados privados,67.8,52.73090910059611,22.04,34.365905090691776,9.53,12.27318580871212,68.63,2.890611,25.33782330227899,92.35,137.995629097721,-45.64562909772101,70.9834524,12.026079949537346,23.855828416957188,9.135468949537346,20.965217416957188,4.160393753963209,3.160393753963209,170.645602497721,127.08672258390422,261.902191767721,15.06909089940389,-12.325905090691776,-2.74318580871212,168,168,0
8695,15737-1-02,45 a 59,Hombres,Quintil bajo,Norte,Trabajadores rutinarios,Usuarios publicos,54.49,58.77122316431644,43.51,33.65093144135757,6.44,12.017845394325988,63.56,4.183997,113.56601,85.58,0,85.58,27.98601,12.78855531165903,10.109749226767049,8.60455831165903,5.925752226767049,3.0565402679923124,2.0565402679923124,114.41998652999999,132.33261140583048,323.41063668,-4.281223164316437,9.859068558642427,-5.577845394325988,168,168,0
8697,15739-1-02,45 a 59,Mujeres,Quintil bajo,Centro,Trabajadores rutinarios,Movilidad mixta,66.51,70.76685898211126,21.62,20.832997858646685,10.91,7.440143159242064,68.96,1.131172,70.09423760000001,6.859999999999999,0,6.859999999999999,63.23423760000001,1.554004147336466,0.6973552310945115,0.422832147336466,-0.4338167689054886,1.373800047505124,0.37380004750512386,5.140012119999994,9.955251808512742,41.93703728,-4.256858982111254,0.7870021413533159,3.469856840757936,168,168,0
8698,15739-1-03,18 a 29,Mujeres,Quintil bajo,Centro,Trabajadores rutinarios,Usuarios publicos,66.99,69.18336414747519,32.57,28.417735462165243,8.19,10.148900390359566,60.25,1.992265,104.55181972,38.589999999999996,0,38.589999999999996,65.96181972000001,3.8084004759562893,3.1303153390437406,1.8161354759562893,1.1380503390437406,1.9115933251632133,0.9115933251632135,28.910012629999983,33.27977525326966,110.11473403,-2.1933641474751937,4.152264537834757,-1.9589003903595668,168,168,0
8723,15781-1-01,30 a 44,Hombres,Quintil bajo,Norte,Trabajadores rutinarios,Movilidad activa,70.3,64.53957700160468,27.71,28.83316070250982,5.66,10.297262295885485,64.33000000000001,3.188687,145.6046983,71.44,0,71.44,74.1646983,6.788860068545773,10.390088319497533,3.6001730685457733,7.201401319497533,2.1290456129892252,1.1290456129892252,78.55999779999999,60.191811870515835,184.96648298999997,5.760422998395313,-1.1231607025098178,-4.637262295885485,168,168,0
8728,15789-1-02,30 a 44,Mujeres,Quintil medio,Sur,Trabajadores rutinarios,Movilidad mixta,65.45,65.24297301993887,32.47,28.646446438820288,6.2,10.230580541240844,63.879999999999995,3.557126,166.36389280000003,103.55000000000001,0,103.55000000000001,62.81389280000001,7.459952871329516,7.583938839132424,3.902826871329516,4.026812839132424,2.097185444465424,1.097185444465424,66.45000389999996,65.71358284652302,204.00406631999994,0.20702698006112996,3.823553561179711,-4.030580541240844,168,168,0
8734,15809-1-01,45 a 59,Hombres,Quintil bajo,Norte,Trabajadores rutinarios,Motorizados privados,68.1,62.63849988766005,23.88,24.43497382879314,3.82,8.726526283546782,72.20000000000002,1.969038,96.3014781,39.71,0,39.71,56.5914781,3.5981891917385957,6.021035912942312,1.6291511917385957,4.051997912942312,1.8273843327242012,0.8273843327242012,37.790009699999985,27.03610844179839,92.33236229999997,5.461500112339941,-0.5549738287931412,-4.906526283546782,168,168,0
8736,15814-1-01,18 a 29,Mujeres,Quintil bajo,Sur,Trabajadores rutinarios,Motorizados privados,63.78,77.01591900981413,33.34,19.94947328054206,6.97,7.1246077096438185,63.91,2.394644,163.56039608000003,105.83000000000001,0,105.83000000000001,57.730396080000006,3.4013016402206926,-1.1857406597047824,1.0066576402206926,-3.5803846597047824,1.4203788288449943,0.42037882884499433,-10.830001760000016,20.86531228133731,85.69809787999998,-13.235919009814126,13.390526719457945,-0.15460770964381876,168,168,0
8740,15822-1-02,60 o mas,Mujeres,Quintil bajo,Centro,Trabajadores rutinarios,Movilidad activa,64.19,53.36195778770097,23.67,29.53878018143622,5.59,10.549262030862812,74.55,2.839619,77.41801524580642,68.53,65.8870967741936,2.642903225806407,74.77511202000001,8.158939021027155,15.816035144959045,5.319320021027155,12.976416144959046,2.873251313301945,1.873251313301945,104.85712836419357,74.10961396534724,187.94438030419354,10.828042212299025,-5.868780181436218,-4.959262030862812,168,168,0
8741,15823-1-01,30 a 44,Mujeres,Quintil bajo,Sur,Trabajadores rutinarios,Usuarios publicos,68.23,71.19992207154644,36.96,29.84975621219831,6.52,10.66032171625526,56.28999999999999,3.033383,160.69771409999998,141.23,55,86.22999999999999,74.4677141,6.022411783954002,4.6966048511179,2.989028783954002,1.6632218511179002,1.9853779703894965,0.9853779703894964,46.27000799000004,55.27891911315379,178.16150083000008,-2.969922071546435,7.110243787801689,-4.14032171625526,168,168,0
8742,15827-1-02,30 a 44,Mujeres,Quintil bajo,Norte,Trabajadores rutinarios,Motorizados privados,57.01,70.65918898530796,40.44,31.47136124165189,15.92,11.239449773040137,54.63000000000001,2.391041,120.57325585,84.25999999999999,0,84.25999999999999,36.313255850000004,4.998779550244525,1.2325583664681237,2.6077385502445254,-1.1584826335318763,2.0906289562765865,1.0906289562765863,15.739991560000007,48.37576204061973,150.49906231999995,-13.649188985307966,8.968638758348106,4.680550226959863,168,168,0
8743,15828-1-02,45 a 59,Hombres,Quintil bajo,Sur,Trabajadores rutinarios,Motorizados privados,59.72,57.919925916120235,37.42,34.99295006064092,8.27,12.497124023238838,62.59,2.93574,62.7059060917647,78.56,66.1764705882353,12.383529411764698,50.322376680000005,9.974706005202659,10.878143906106644,7.038966005202659,7.942403906106644,3.3976803140614154,2.3976803140614154,112.61648670823529,107.33193721722613,246.75044730823532,1.800074083879764,2.4270499393590796,-4.227124023238838,168,168,0
8747,15839-1-03,30 a 44,Hombres,Quintil medio,Centro,Trabajadores rutinarios,Motorizados privados,62.77,60.686827555669055,35.47,35.10576022960744,10.09,12.53741221472352,59.66999999999999,4.195044,113.76015655177102,110.89000000000001,50.952774498229,59.93722550177102,53.82293105,13.045154652017422,14.488176405563818,8.85011065201742,10.293132405563817,3.109658600009302,2.1096586000093014,149.56275532822903,140.82375526467314,340.688959968229,2.0831724443309483,0.36423977039255817,-2.4474122147235207,168,168,0
8749,15841-1-01,60 o mas,Hombres,Quintil bajo,Centro,Trabajadores rutinarios,Motorizados privados,55.14,61.48969056983905,36.27,29.253080187406592,9.78,10.447229242754364,66.81,2.469968,101.404025,52.71000000000001,0,52.71000000000001,48.694024999999996,5.611046696816123,3.3342557501087677,3.141078696816123,0.8642877501087676,2.271708255660042,1.271708255660042,34.790010519999996,50.47354303740421,148.53203692,-6.349690569839048,7.016919812593411,-0.6672292427543649,168,168,0
8750,15842-1-03,18 a 29,Hombres,Quintil bajo,Centro,Trabajadores rutinarios,Usuarios publicos,67.54,52.69774497968651,18.47,30.986105796846285,8.74,11.066149223467196,73.25,1.957098,43.58766183523811,57.81,38.9047619047619,18.905238095238104,24.68242374,6.24948893482436,14.36988740201388,4.292390934824359,12.41278940201388,3.193242716933112,2.1932427169331117,88.59473708476192,59.54698946901641,141.8473736647619,14.842255020313495,-12.516105796846286,-2.326149223467196,168,168,0
8751,15843-1-01,60 o mas,Hombres,Quintil bajo,Norte,Trabajadores rutinarios,Motorizados privados,69.78,61.73275015424328,28.25,36.18456223994996,12.81,12.922687605806765,57.16,2.95986,78.31901343999999,90.52999999999999,43.75,46.77999999999999,31.539013439999998,9.382837869519916,13.781956333933111,6.422977869519916,10.82209633393311,3.17002759235907,2.17002759235907,128.22001736000001,104.4012844315385,249.75186896000002,8.047249845756724,-7.934562239949962,-0.11268760580676407,168,168,0
8765,15871-1-01,60 o mas,Mujeres,Quintil bajo,Sur,Trabajadores rutinarios,Movilidad mixta,47.47,50.38728967902212,28.17,27.67799528134399,12.31,9.884715039633894,80.05,3.258576,84.91462621,50.23,0,50.23,34.68462621,9.314505718912,7.60680102256138,6.055929718912001,4.34822502256138,2.8584589461507113,1.8584589461507115,69.76997651000002,79.27618664310918,201.67713299000002,-2.9172896790221188,0.4920047186560126,2.425284960366106,168,168,0
8767,15873-1-01,60 o mas,Hombres,Quintil alto,Centro,Trabajadores rutinarios,Motorizados privados,55.81,52.525076518961015,27.12,33.29440522819889,14.78,11.890518252840103,70.28999999999999,5.144954,65.83297230307689,161.76999999999998,133.0769230769231,28.693076923076887,37.13989538,19.96523141681322,23.31067962179397,14.820277416813221,18.165725621793968,3.8805461461488715,2.8805461461488715,221.30691043692315,204.4061302334577,436.8804830369232,3.2849234810389873,-6.174405228198889,2.8894817471598966,168,168,0
8778,15887-1-02,18 a 29,Hombres,Quintil medio,Centro,Trabajadores rutinarios,Motorizados privados,48.47,45.17190548571392,21.43,25.08825884107904,9.32,8.95983567320704,88.78,3.83987,85.94037958303869,99.96,25.1381215469613,74.82187845303869,11.11850113,11.343786307143674,14.378107866017615,7.503916307143674,10.538237866017615,2.9542110298379045,1.9542110298379045,100.1781193169613,87.51386513438962,218.2541218169613,3.2980945142860776,-3.6582588410790393,0.36016432679295995,168,168,0
8780,15890-1-01,60 o mas,Hombres,Quintil bajo,Centro,Trabajadores rutinarios,Usuarios publicos,33.97,49.26922532640861,43.67,29.997639139639872,12.34,10.713135533951514,78.02,12.147315,199.33428542000001,161.69,0,161.69,37.64428542,43.27186985441126,16.80813922490166,31.124554854411258,4.660824224901658,3.5622579849465708,2.562257984946571,213.31000512999998,399.1545144258632,893.6811182800002,-15.29922532640861,13.67236086036013,1.6268644660484863,168,168,0
8785,15902-1-03,30 a 44,Hombres,Quintil medio,Norte,Trabajadores rutinarios,Motorizados privados,50.05,53.531651975575684,41.22,32.45692226021657,6.31,11.591425764207738,70.42,5.118291,96.410225347561,114.63,24.390243902439,90.239756097561,6.170469249999999,17.79259357587664,14.8345668870434,12.674302575876641,9.716275887043398,3.4762762757874923,2.4762762757874928,159.76023920243904,177.5803471741603,403.032610432439,-3.481651975575687,8.763077739783427,-5.2814257642077385,168,168,0
8788,15907-1-04,60 o mas,Hombres,Quintil alto,Sur,Trabajadores rutinarios,Movilidad mixta,42.23,47.48710783587669,21.62,30.161305893245057,24.57,10.771586270878247,79.58000000000001,6.400742,69.42537723920502,197.03,147.907949790795,49.122050209205014,20.303327030000002,25.28686821624384,19.193682423167225,18.886126216243838,12.792940423167224,3.9506151343459615,2.9506151343459615,200.87795742079493,234.52734834442003,496.52823040079494,-5.257107835876695,-8.541305893245056,13.798413729121753,168,168,0
8791,15910-1-03,18 a 29,Hombres,Quintil alto,Sur,Trabajadores rutinarios,Motorizados privados,64.2,51.090966272436965,23.7,34.11533475864782,9.49,12.18369896891522,70.61,4.020684,14.858937431578987,188.31,231.578947368421,-43.26894736842101,58.1278848,18.165094394273776,32.34844857180112,14.144410394273777,28.327764571801122,4.5179114783140815,3.517911478314082,243.26897536842105,190.56169320454796,376.71547732842106,13.109033727563038,-10.41533475864782,-2.6936989689152195,168,168,0
8793,15915-1-01,45 a 59,Mujeres,Quintil bajo,Centro,Trabajadores rutinarios,Motorizados privados,54.38,51.82857537577028,24.43,29.850748521832507,13.53,10.660676102397225,75.66,2.842396,66.45957803722379,122.22999999999999,85.3399433427762,36.890056657223795,29.56952138,8.808828582708506,10.2440707422321,5.966432582708506,7.4016747422321005,3.099085624490221,2.099085624490221,88.10991644277621,80.85775729656413,196.00726860277624,2.5514246242297247,-5.4207485218325075,2.869323897602774,168,168,0
8797,15930-1-02,45 a 59,Mujeres,Quintil bajo,Centro,Trabajadores rutinarios,Movilidad mixta,51.83,56.8331924760686,36.29,32.12420569809463,12.31,11.472601825836778,67.57,2.646668,72.92681337,53.25,0,53.25,19.67681337,7.844674416387694,5.834595760783964,5.198006416387694,3.187927760783964,2.9639812837831165,1.9639812837831165,64.24998906999998,77.4917784942515,192.87805387000003,-5.003192476068598,4.165794301905372,0.8373981741632228,168,168,0
8801,15936-2-01,45 a 59,Hombres,Quintil bajo,Norte,Trabajadores rutinarios,Movilidad mixta,52.7,55.604625485576555,39.19,30.192608913743317,4.69,10.782765600680131,71.42,2.200901,66.18750590000002,50.20000000000001,0,50.20000000000001,15.987505900000002,6.0524539257280585,5.008832454825479,3.8515529257280585,2.8079314548254786,2.749989175218721,1.749989175218721,49.79997679999998,56.19276993583091,146.37551267999999,-2.9046254855765525,8.99739108625668,-6.0927656006801305,168,168,0
8805,15940-1-02,45 a 59,Mujeres,Quintil bajo,Centro,Trabajadores rutinarios,Usuarios publicos,42.71,50.46530414210029,11.12,15.646735997841143,17.87,5.587959860058595,96.29999999999998,2.955352,126.22308392000001,0,0,0,126.22308392000001,4.7636076928979625,0,1.8082556928979625,-2.955352,1.6118579759358487,0.6118579759358488,0,22.91965360696436,85.67565448000003,-7.755304142100286,-4.5267359978411434,12.282040139941406,168,168,0
8808,15946-1-01,30 a 44,Mujeres,Quintil alto,Centro,Trabajadores rutinarios,Motorizados privados,61.67,52.53308803711619,24.31,31.41690889809719,9.19,11.220003064786622,72.83,19.047681999999998,373.495782851304,454.26,130.434782608696,323.825217391304,49.67056545999999,64.91591749931428,105.54956273395399,45.86823549931428,86.501880733954,3.408074405028091,2.4080744050280916,801.1747660886958,627.1377725576892,1439.2721130886957,9.136911962883815,-7.106908898097192,-2.030003064786623,168,168,0
8819,15966-1-02,45 a 59,Mujeres,Quintil alto,Sur,Trabajadores rutinarios,Movilidad mixta,61.76,60.41066647721294,42.07,38.64716878384042,9.03,13.802164738946622,55.140000000000015,4.549722,62.81936822857098,212.89999999999998,218.571428571429,-5.671428571429033,68.49079680000001,17.841697722372746,18.843042429006058,13.291975722372747,14.293320429006059,3.921491845517758,2.9214918455177585,218.17146249142905,212.03237007746725,450.662256691429,1.349333522787056,3.4228312161595795,-4.772164738946623,168,168,0
8825,15976-1-01,45 a 59,Mujeres,Quintil bajo,Norte,Trabajadores rutinarios,Motorizados privados,57.62,61.88350133592101,34.88,32.713456245097255,13.78,11.683042418981737,61.72,2.48116,87.98446208,57.52,0,57.52,30.464462079999997,6.517088950390348,4.9866218246727625,4.035928950390348,2.5054618246727625,2.6266298628022167,1.6266298628022167,54.97997711999999,65.55840609463378,175.71322271999998,-4.263501335921013,2.1665437549027473,2.0969575810182626,168,168,0
8831,15995-1-02,30 a 44,Hombres,Quintil bajo,Centro,Trabajadores rutinarios,Motorizados privados,84.59,69.5837845966467,8.01,22.537381311789886,7.57,8.048834091563434,67.82999999999998,0.762362,45.90822152999999,43.919999999999995,0,43.919999999999995,1.98822153,1.0302319077015107,5.263223024690808,0.26786990770151076,4.500861024690808,1.351368388903842,0.351368388903842,18.579980050000003,7.139811662668777,30.457580010000015,15.006215403353309,-14.527381311789886,-0.47883409156343326,168,168,0
8840,16014-1-01,60 o mas,Hombres,Quintil alto,Norte,Trabajadores rutinarios,Motorizados privados,63.6,59.37883104340182,29.36,30.85267295416267,8.29,11.01849600243551,66.75,6.841298,236.24655099999998,176.14,0,176.14,60.106551,17.916828435566735,23.310760467098067,11.075530435566735,16.46946246709807,2.6189223792863188,1.618922379286319,198.86000180000005,169.98172705956281,456.4348715000001,4.221168956598184,-1.4926729541626713,-2.728496002435511,168,168,0
8845,16023-1-02,60 o mas,Hombres,Quintil bajo,Sur,Trabajadores rutinarios,Motorizados privados,51.6,54.92185413633468,30.13,31.40308114176171,15.81,11.215064721903609,70.46000000000001,2.658524,68.0498404,55.87,0,55.87,12.1798404,8.073430243086795,6.641245531843085,5.414906243086795,3.982721531843085,3.0368092381662892,2.0368092381662892,69.129998,77.96122694594501,191.26259055999998,-3.3218541363346787,-1.2730811417617112,4.594935278096392,168,168,0
8851,16035-1-01,30 a 44,Hombres,Quintil bajo,Sur,Trabajadores rutinarios,Motorizados privados,60.56,64.0698310559815,29.8,26.89506415186981,10.21,9.605104792148689,67.43,4.919958,232.6826524,184.73,0,184.73,47.9526524,9.98008490717383,7.199777440600757,5.060126907173829,2.2798194406007566,2.0284898584853424,1.0284898584853426,65.27000408000004,82.53822546252462,262.11752366,-3.5098310559814934,2.90493584813019,0.6048952078513121,168,168,0
8855,16043-1-02,18 a 29,Mujeres,Quintil bajo,Norte,Trabajadores rutinarios,Usuarios publicos,57.91,57.48011698532112,35.14,30.011719076096387,5.16,10.718163938582489,69.79,2.773173,92.91446911999999,62.31999999999999,0,62.31999999999999,30.594469120000003,7.204486641983428,7.411893226816789,4.4313136419834285,4.6387202268167895,2.5979218180702857,1.5979218180702859,67.67997930999998,66.48783934053391,179.43885121,0.4298830146788788,5.128280923903613,-5.558163938582489,168,168,0
8859,16050-1-03,45 a 59,Hombres,Quintil medio,Sur,Trabajadores rutinarios,Motorizados privados,54.23,53.84409260069989,41.25,35.262513483818815,6.22,12.593393915481276,66.30000000000001,4.712097,37.215845620149,154.44,147.761194029851,6.678805970149,30.53703965,19.966494743984004,20.297876743047155,15.254397743984004,15.585779743047155,4.237284322454314,3.2372843224543137,218.32117468985098,216.50274159133113,442.00441927985094,0.385907399300109,5.987486516181185,-6.373393915481276,168,168,0
8863,16057-1-02,30 a 44,Mujeres,Quintil bajo,Centro,Trabajadores rutinarios,Usuarios publicos,57.69,51.78714878983522,32.75,32.909717495969225,6.01,11.753133714195561,71.55,2.027801,25.94657748272729,79.19,82.7272727272727,-3.5372727272727076,29.483850209999996,7.813134434311104,10.365957011759084,5.785333434311104,8.338156011759084,3.8530084728783067,2.8530084728783067,91.03726220727272,79.06745462044937,169.63482896727274,5.902851210164776,-0.15971749596922535,-5.743133714195562,168,168,0
8865,16062-1-06,18 a 29,Mujeres,Quintil alto,Norte,Trabajadores rutinarios,Movilidad activa,53.39,58.21685669200569,39.8,34.34678566862505,11.64,12.266357639369254,63.17,1.702379,41.940926467632,38.7,12.649063032368,26.050936967632005,15.889989499999999,5.41258997506497,4.199693837674885,3.7102109750649697,2.497314837674885,3.1794271281923527,2.1794271281923527,48.94908834236801,57.166227810847964,136.519464102368,-4.826856692005691,5.453214331374944,-0.6263576393692531,168,168,0
8866,16063-1-01,30 a 44,Hombres,Quintil medio,Norte,Trabajadores rutinarios,Movilidad activa,59.14,55.22242254849776,17.75,26.31841344024669,14.05,9.399164011255547,77.06,8.37991,302.65789732,257.07,0,257.07,45.58789732,19.78272545428189,26.776054465086485,11.40281545428189,18.396144465086486,2.3607324487114885,1.3607324487114885,192.92998008,160.1010336183819,459.41111808,3.9175774515022397,-8.56841344024669,4.650835988744454,168,168,0
8874,16077-1-01,45 a 59,Hombres,Quintil alto,Sur,Trabajadores rutinarios,Motorizados privados,52.89,50.05712054725534,23.52,24.929678126138167,7.48,8.903201326606494,84.11,14.949404,458.5840083,417.90999999999997,0,417.90999999999997,40.674008300000004,37.795808714112994,47.278974441630744,22.846404714112992,32.32957044163074,2.528248531788491,1.5282485317884908,332.08996926000003,289.7401098376211,795.5214932599999,2.8328794527446632,-1.409678126138168,-1.4232013266064936,168,168,0
8876,16078-1-03,45 a 59,Mujeres,Quintil alto,Centro,Trabajadores rutinarios,Movilidad mixta,47.18,46.8068595280618,25.51,25.055134560074034,8.12,8.948005911864175,87.18999999999998,2.371116,61.179241479999995,52.059999999999995,0,52.059999999999995,9.11924148,6.464427900545534,6.652264439064476,4.093311900545534,4.281148439064476,2.726322921588625,1.726322921588625,50.690011399999996,49.80525205673978,130.43064248000002,0.3731404719381999,0.4548654399259675,-0.8280059118641763,168,168,0
8881,16086-1-01,60 o mas,Hombres,Quintil bajo,Centro,Trabajadores rutinarios,Motorizados privados,70.54,54.96472078409379,14.8,34.39257036710106,16.3,12.282708848805143,66.36,2.358672,37.49755773383261,90.01,113.8931718061674,-23.883171806167397,61.380729540000004,8.712934364226347,18.289834989653286,6.354262364226347,15.931162989653286,3.6939999984000944,2.6939999984000944,128.88316514616741,92.14619016742746,202.23786434616738,15.575279215906214,-19.592570367101057,4.017291151194858,168,168,0
8885,16096-1-01,30 a 44,Mujeres,Quintil bajo,Norte,Trabajadores rutinarios,Motorizados privados,69.69,62.97990611608074,17.54,26.482374153247207,11.69,9.457719730672038,69.08000000000001,4.162212,193.50458530999998,103.43999999999998,0,103.43999999999998,90.06458531,8.427833779733414,14.579488425351702,4.265621779733413,10.417276425351702,2.024844909325477,1.0248449093254772,96.55996897,68.6311356852247,218.22142572999996,6.7100938839192565,-8.942374153247208,2.232280269327962,168,168,0
8888,16101-1-02,18 a 29,Mujeres,Quintil alto,Centro,Trabajadores rutinarios,Motorizados privados,60.1,53.31141660746791,21.65,29.752864770828463,11.94,10.625718621703614,74.31,8.838876,231.2364538,200.01999999999998,0,200.01999999999998,31.2164538,26.229602241602564,39.41452265539794,17.390726241602565,30.57564665539794,2.967526893872316,1.9675268938723163,299.97999380000005,239.9765469777496,596.8778386400002,6.7885833925320895,-8.102864770828464,1.3142813782963856,168,168,0
8899,16129-1-01,45 a 59,Hombres,Quintil alto,Sur,Trabajadores rutinarios,Motorizados privados,50.36,54.7898445438595,38.58,33.02562676185145,10.67,11.79452869428905,68.39,30.416179,599.01875612,567.26,0,567.26,31.758756119999997,105.11385157459961,83.58500226973867,74.69767257459961,53.16882326973867,3.4558532672562063,2.4558532672562063,932.74001832,1067.4789629082038,2430.73683407,-4.429844543859502,5.55437323814855,-1.124528694289051,168,168,0
8900,16130-1-01,60 o mas,Mujeres,Quintil bajo,Centro,Trabajadores rutinarios,Usuarios publicos,52.88,56.59277575667048,21.87,21.978120449988115,11.67,7.849103793341411,81.58,1.891591,83.79733704,58.77,0,58.77,25.02733704,3.440654281329404,2.135646223660738,1.549063281329404,0.24405522366073784,1.818920835069211,0.8189208350692111,16.229995040000006,23.253048246336064,79.67395718,-3.7127757566704744,-0.10812044998811388,3.820896206658589,168,168,0
8901,16134-1-03,30 a 44,Hombres,Quintil alto,Centro,Trabajadores rutinarios,Motorizados privados,64.8,64.99072618930461,25.17,32.22918164842167,18.76,11.51009216227372,59.269999999999996,2.688377,110.8968188,49.19,0,49.19,61.70681880000001,6.439882747490982,6.360410818607019,3.751505747490982,3.6720338186070194,2.395453743091457,1.395453743091457,63.310010799999986,63.82275470062416,181.41041241,-0.1907261893046126,-7.059181648421671,7.2499078377262816,168,168,0
8907,16142-1-01,30 a 44,Mujeres,Quintil bajo,Norte,Trabajadores rutinarios,Motorizados privados,74.27,60.85011115131747,25.44,35.1475515795554,8.84,12.55233726912714,59.45,2.882835,79.45811143,105.35000000000001,90,15.350000000000009,64.10811143,8.878899900500393,17.335631621621374,5.996064900500393,14.452796621621374,3.079919558524991,2.079919558524991,134.65004402,95.9627187509083,233.47362782000002,13.419888848682525,-9.707551579555396,-3.71233726912714,168,168,0
