PeID,id_persona,grupo_edad,grupo_sexo,grupo_ingreso,grupo_territorio,grupo_cluster_tiempo,grupo_cluster_modo,Tw,Tw_hat,Tf1,Tf1_hat,Tf2,Tf2_hat,Tc,w,Ec,Ec_monetario,ing_fijo,EcI,Ec_trabajo_no_remunerado,VoL_predicho,VoL_observado,VTAW_predicho,VTAW_observado,VoL_predicho_sobre_w,VTAW_predicho_sobre_w,ingreso_libre_observado,ingreso_libre_predicho,ingreso_potencial_neto_Ec,error_Tw,error_Tf1,error_Tf2,cierre_temporal,cierre_temporal_predicho,diferencia_cierre_predicho
1,00001-1-01,60 o mas,Hombres,Quintil bajo,Norte,Trabajadores rutinarios,Movilidad mixta,61.25,47.39372813496159,17.46,33.730504232715695,12.58,10.165767632322718,76.71,3.959658,118.57902849999999,76.05,0,76.05,42.5290285,7.572563017988081,19.8536429872395,3.612905017988081,15.893984987239499,1.9124285526649223,0.9124285526649223,123.95002400000001,69.08392625942577,242.89815032000007,13.856271865038408,-16.270504232715695,2.4142323676772826,168,168,0
20,00030-1-01,60 o mas,Hombres,Quintil medio,Norte,Rutina flexible,Movilidad activa,29.9,37.6580700276872,35.84,39.09838082779833,22.8,11.783549144514488,79.46,3.008059,13.244897154393286,49.01,125.7060669456067,-76.6960669456067,89.94096409999999,9.4595911762647,6.293216214888645,6.451532176264701,3.285157214888645,3.1447492141160467,2.1447492141160467,76.6960669456067,100.03279931502145,253.08864670560672,-7.758070027687204,-3.2583808277983266,11.016450855485513,168,168,0
21,00031-1-01,60 o mas,Mujeres,Quintil bajo,Centro,Rutina flexible,Movilidad activa,40.97,50.360340823518975,64.13,51.3682054535435,12.11,15.481453722937509,50.790000000000006,3.025548,26.116701559999996,56.66,154.5,-97.84,123.95670156,9.087175152400837,6.174859461113374,6.0616271524008365,3.1493114611133737,3.0034807421336023,2.0034807421336023,97.84,126.2509268979162,328.50777952,-9.390340823518976,12.761794546456493,-3.3714537229375097,168,168,0
22,00032-1-01,60 o mas,Hombres,Quintil bajo,Centro,Cuidadores domesticos,Movilidad activa,80.26,83.15605404756833,5.58,10.092306264705792,10.45,3.0416396877258824,71.71,3.597166,288.70854316000003,0,0,0,288.70854316000003,3.8165015127124247,0,0.21933551271242457,-3.597166,1.0609745318154415,0.06097453181544154,0,10.417587154075136,57.66257098,-2.8960540475683274,-4.512306264705792,7.408360312274117,168,168,0
26,00037-1-02,60 o mas,Mujeres,Quintil medio,Centro,Cuidadores domesticos,Movilidad activa,74.15,70.35236670526835,29.4,29.774218933080185,5.55,8.973414361651471,58.89999999999999,4.461359,263.2319722645161,70.88999999999999,10.9677419354839,59.922258064516086,203.3097142,6.287830156072902,9.303585962686537,1.826471156072902,4.842226962686537,1.4093979336952938,0.40939793369529376,67.57779758548389,50.63519210733318,223.5022946354839,3.7976332947316536,-0.3742189330801864,-3.4234143616514716,168,168,0
31,00047-1-01,60 o mas,Mujeres,Quintil bajo,Centro,Trabajadores rutinarios,Movilidad activa,91.01,89.03026698637444,7.88,11.933262277023744,5.67,3.596470736601815,63.44,0.8884,77.51330279,11.66,0,11.66,65.85330279,0.48990582379274056,1.1860370324926897,-0.3984941762072594,0.2976370324926897,0.5514473478081277,-0.4485526521918724,3.339981210000005,1.58118640069506,15.377801210000001,1.9797330136255624,-4.053262277023744,2.0735292633981848,168,168,0
40,00059-1-02,60 o mas,Mujeres,Quintil bajo,Sur,Rutina flexible,Movilidad activa,36.19,48.91064890300463,40.38,28.65365466296469,9.63,8.63569643403067,81.80000000000001,3.107775,112.47037725,0,0,0,112.47037725,5.10114337325692,0,1.9933683732569198,-3.107775,1.6414133498264578,0.6414133498264577,0,39.53291464453521,155.41982774999997,-12.72064890300463,11.726345337035312,0.9943035659693304,168,168,0
41,00061-1-03,60 o mas,Mujeres,Quintil bajo,Centro,Rutina flexible,Movilidad activa,34.01,36.307469626810665,33.42,28.38715280767501,5.82,8.555377565514316,94.75,2.968391,60.15582536762709,26.149999999999995,66.9491525423729,-40.79915254237291,100.95497791,6.202212076729736,5.002829069717104,3.2338210767297357,2.0344380697171043,2.0894188389365604,1.0894188389365604,40.79915254237291,47.618940705371045,157.2788153823729,-2.297469626810667,5.03284719232499,-2.735377565514316,168,168,0
42,00062-1-02,60 o mas,Mujeres,Quintil alto,Sur,Trabajadores rutinarios,Motorizados privados,55.41,47.523138938473714,30.7,38.55659609599328,11.59,11.620264965533003,70.3,13.487442,330.86918097999995,283.53,0,283.53,47.33918098,29.73628803917965,47.38485307054595,16.248846039179654,33.89741107054595,2.204738900021194,1.204738900021194,416.46998024,310.0963991106058,986.8539024199999,7.886861061526282,-7.856596095993279,-0.030264965533003618,168,168,0
46,00069-1-01,60 o mas,Hombres,Quintil alto,Centro,Trabajadores rutinarios,Motorizados privados,62.58,48.078733441298525,35.37,43.600776341835115,6.87,13.140490216866347,63.180000000000014,40.077886,731.2840738799999,723.2099999999999,0,723.2099999999999,8.07407388,101.38740479981695,202.39776886719625,61.30951879981695,162.31988286719624,2.529759299176033,1.5297592991760331,1776.7900319999999,1195.6099240047502,3469.6799366399996,14.501266558701474,-8.230776341835117,-6.270490216866347,168,168,0
65,00101-1-01,60 o mas,Mujeres,Quintil medio,Centro,Trabajadores moviles,Usuarios publicos,65.36,54.61876836690142,45.38,51.37709788974223,10.74,15.484133743356352,46.519999999999996,2.702575,49.972405208324,96.02,107.687861271676,-11.667861271676003,61.64026648,7.026549067631926,10.860314908364396,4.3239740676319265,8.157739908364396,2.5999460024724295,1.5999460024724297,126.66789679167599,97.63891271085461,278.336405791676,10.741231633098579,-5.9970978897422285,-4.744133743356352,168,168,0
68,00113-1-01,60 o mas,Mujeres,Quintil bajo,Sur,Cuidadores domesticos,Usuarios publicos,47.39,45.672096591712744,30.05,32.08735224697729,9.99,9.67055116130996,80.57000000000001,2.767243,81.49510631290781,51.57000000000001,97.4645390070922,-45.89453900709219,127.38964532,5.172625680187492,5.965830890568093,2.405382680187492,3.1985878905680925,1.869234353537977,0.869234353537977,49.64453945709221,44.89068327583314,160.44494917709218,1.7179034082872562,-2.0373522469772887,0.3194488386900396,168,168,0
72,00119-1-02,60 o mas,Mujeres,Quintil bajo,Norte,Rutina flexible,Motorizados privados,33.95,38.63780931142831,16.79,22.485473251898817,17.16,6.776717436672833,100.10000000000002,3.062645,87.72679775,51.25,67.5,-16.25,103.97679775,5.0327899765427455,2.303069839120996,1.9701449765427457,-0.7595751608790038,1.6432821879593442,0.6432821879593442,16.25,30.607095748599363,120.22679774999992,-4.68780931142831,-5.695473251898818,10.383282563327167,168.00000000000003,168,0
79,00129-1-01,60 o mas,Mujeres,Quintil bajo,Norte,Trabajadores rutinarios,Movilidad activa,32.91,24.357296918738612,12.69,23.845959535091847,9.79,7.186743546169542,112.61000000000001,1.829655,11.307427040869591,43.05,76.95652173913041,-33.90652173913041,45.21394878,5.156681936913433,10.46800609091641,3.327026936913433,8.638351090916409,2.818390317799494,1.818390317799494,48.906519009130406,33.2580230529851,90.03716340913039,8.552703081261384,-11.155959535091847,2.603256453830457,168,168.00000000000003,2.842170943040401e-14
90,00153-1-01,60 o mas,Mujeres,Quintil bajo,Sur,Rutina flexible,Motorizados privados,35.69,51.9029235172594,33.91,33.9232259801342,26.45,10.223850502606389,71.95,3.104627,110.80413762999999,0,0,0,110.80413762999999,5.486082525845235,0,2.381455525845235,-3.104627,1.7670665512621113,0.7670665512621113,0,50.33508010061851,187.39528571999998,-16.212923517259405,-0.01322598013420162,16.22614949739361,168,168,0
91,00154-1-01,60 o mas,Mujeres,Quintil bajo,Sur,Cuidadores domesticos,Movilidad mixta,58.81,63.50814268707177,20.66,18.481780808008715,8.09,5.5700765049195216,80.44,2.328012,134.10037455999998,49.43999999999999,0,49.43999999999999,84.66037456,2.7501963004868886,0.470287804594373,0.4221843004868884,-1.8577241954056272,1.1813497097467232,0.1813497097467231,2.8100111600000446,13.747343713215344,69.74035616000003,-4.6981426870717655,2.1782191919912854,2.5199234950804783,168,168,0
102,00173-1-02,60 o mas,Mujeres,Quintil medio,Centro,Rutina flexible,Motorizados privados,28.4,34.998925825884925,42.17,34.49492412696534,9.32,10.396150047149751,88.10999999999999,3.250721,26.863647131707296,65.47,130.9268292682927,-65.4568292682927,92.32047639999999,9.31523379181244,6.1168184915553345,6.06451279181244,2.8660974915553346,2.8655900619623895,1.8655900619623893,65.4568292682927,86.90809602793917,232.83645355829276,-6.598925825884926,7.675075873034665,-1.076150047149751,167.99999999999997,168,0
111,00194-1-02,60 o mas,Mujeres,Quintil bajo,Sur,Rutina flexible,Motorizados privados,22.24,53.24042467502031,62.36,47.47996682827427,30.43,14.309608496705428,52.96999999999999,3.065629,68.17958895999999,0,0,0,68.17958895999999,7.400576457678767,0,4.334947457678767,-3.065629,2.414048294062578,1.4140482940625783,0,95.03580089605785,284.45971491,-31.00042467502031,14.880033171725728,16.12039150329457,168,168,0
112,00199-1-01,60 o mas,Mujeres,Quintil bajo,Centro,Rutina flexible,Movilidad activa,41.42,46.836926982395,58.79,48.30485734690959,9.49,14.558215670695418,58.29999999999999,3.062451,20.316720419999996,77.22,183.75,-106.53,126.84672042,9.423739063055832,7.507095414532873,6.361288063055833,4.444644414532874,3.0771885209121166,2.0771885209121166,106.53,123.11907345416253,315.6341542800001,-5.4169269823949975,10.485142653090406,-5.068215670695418,168,168,0
121,00220-1-01,60 o mas,Mujeres,Quintil medio,Centro,Cuidadores domesticos,Movilidad activa,78.17,71.93925736536058,22.45,30.0762896031008,10.46,9.06445303153863,56.919999999999995,2.743131,166.82056823,52.38999999999999,0,52.38999999999999,114.43056823,3.7516639160158483,6.960872139584943,1.0085329160158483,4.217741139584943,1.3676575839855436,0.3676575839855436,47.609982040000006,30.51823876589893,137.88642325000006,6.230742634639427,-7.626289603100801,1.395546968461371,168,168,0
128,00227-1-02,60 o mas,Hombres,Quintil bajo,Centro,Rutina flexible,Motorizados privados,40.67,50.106502036413616,60.48,48.38202526850234,11.92,14.58147269508405,54.92999999999999,3.345083,48.15452561000001,66.61000000000001,154.5,-87.88999999999999,136.04452561,9.128768945065328,5.841097014061782,5.783685945065328,2.4960140140617826,2.729011191969027,1.729011191969027,87.88999999999999,119.45588254147256,330.0740092,-9.436502036413614,12.097974731497658,-2.6614726950840506,168,168,0
129,00228-1-01,60 o mas,Hombres,Quintil bajo,Norte,Trabajadores rutinarios,Movilidad mixta,72.37,47.5686243112509,21.63,46.85125087768204,14.54,14.12012481106706,59.46,2.443609,29.2303350363636,75.75,123.3636363636364,-47.6136363636364,76.8439714,6.866424095362016,19.636836604376803,4.422815095362017,17.193227604376805,2.8099520403477056,1.8099520403477058,147.6136482936364,87.0087834482279,235.99898582363636,24.801375688749104,-25.221250877682042,0.41987518893293974,168,168,0
131,00231-1-01,60 o mas,Hombres,Quintil alto,Centro,Trabajadores rutinarios,Motorizados privados,49.47,38.25221680145197,28.72,39.37182338325399,11.3,11.865959815294042,78.51,4.097925,21.25945900220401,146.54000000000002,140.504869297796,6.035130702204015,15.224328299999998,12.724106075209603,21.817704153068966,8.626181075209603,17.719779153068966,3.1050119451209093,2.1050119451209093,181.46489074779598,135.49525653388605,345.463849247796,11.217783198548027,-10.65182338325399,-0.5659598152940415,168,168,0
132,00231-1-04,60 o mas,Mujeres,Quintil alto,Centro,Cuidadores domesticos,Motorizados privados,65.23,61.52132869451056,26.96,30.17459176841586,8.6,9.094079537073576,67.21000000000001,3.007682,148.7524910168426,38.28,85.7186058431574,-47.438605843157404,196.19109686000002,4.445940973983076,6.41894546683859,1.4382589739830758,3.41126346683859,1.4781951595890377,0.4781951595890376,47.438605843157404,36.28410191372029,154.39177776315734,3.708671305489446,-3.2145917684158576,-0.494079537073576,168,168,0
142,00256-1-01,60 o mas,Mujeres,Quintil bajo,Centro,Cuidadores domesticos,Movilidad mixta,77.38,62.7805482384737,21.14,36.737445949034665,12.07,11.072005812491636,57.410000000000004,3.127134,145.60762891999997,58.13,154.5,-96.37,241.97762891999997,5.1041210531420145,13.962606687415313,1.9769870531420146,10.835472687415313,1.632204137444067,0.6322041374440669,96.37,50.71555801517124,200.22212014000002,14.599451761526296,-15.597445949034665,0.9979941875083647,168,168,0
143,00258-1-01,60 o mas,Hombres,Quintil bajo,Norte,Trabajadores rutinarios,Movilidad activa,52.4,59.84791005838225,22.5,23.000233130820604,14.88,6.931856810797158,78.22,0.760508,40.7006398,30.849999999999998,0,30.849999999999998,9.8506398,0.7738883612782387,-0.1094167157762482,0.013380361278238717,-0.8699247157762482,1.0175939783384773,0.01759397833847733,-0.8500206000000006,4.814174582680167,27.577768440000007,-7.447910058382249,-0.5002331308206038,7.948143189202843,168,168,0
155,00281-1-02,60 o mas,Mujeres,Quintil alto,Centro,Rutina flexible,Movilidad activa,35.8,36.410033947649936,39.66,36.90689218909064,8.98,11.123073863259435,83.55999999999999,3.072313,19.666987218181802,87.86,178.1818181818182,-90.32181818181819,109.98880539999999,9.236203181026765,8.934960281359414,6.1638901810267654,5.862647281359415,3.006270253397608,2.006270253397608,90.32181818181819,92.1960334096244,239.75912250181818,-0.6100339476499386,2.7531078109093556,-2.143073863259435,168,168,0
164,00292-1-01,60 o mas,Mujeres,Quintil bajo,Norte,Rutina flexible,Movilidad activa,43.83,57.46830034784135,45.51,32.0518486398269,9.84,9.659851012331755,68.82,2.600957,113.9999484,0,0,0,113.9999484,4.09193776109862,-2.686175442344351e-7,1.49098076109862,-2.6009572686175444,1.5732431413124555,0.5732431413124554,-3.089999992766934e-6,35.4726296678204,143.96296686000005,-13.638300347841351,13.458151360173098,0.18014898766824494,168,168,0
167,00297-1-01,60 o mas,Mujeres,Quintil bajo,Norte,Jovenes trabajadores,Usuarios publicos,52.54,49.925990324842175,61.44,54.01489215695593,6.24,16.27911751820188,47.78000000000001,3.614895,0.5165574399999855,103.08999999999999,142.5,-39.41000000000001,39.926557439999996,12.318356549122845,13.465923239507841,8.703461549122844,9.85102823950784,3.407666487995597,2.407666487995597,189.41002586000002,179.96065535532037,434.06611946000004,2.614009675157824,7.425107843044067,-10.039117518201879,168,167.99999999999997,-2.842170943040401e-14
185,00341-1-04,60 o mas,Mujeres,Quintil medio,Centro,Cuidadores domesticos,Movilidad activa,47.82,60.362761129006245,39.67,30.757485608642487,12.9,9.269753262351268,67.61,3.02866,144.8305212,0,0,0,144.8305212,4.566480016024004,0,1.5378200160240039,-3.02866,1.5077559105426175,0.5077559105426175,0,37.98775892097606,159.21665620000002,-12.542761129006244,8.912514391357515,3.630246737648733,168,168,0
193,00354-1-02,60 o mas,Mujeres,Quintil medio,Sur,Rutina flexible,Motorizados privados,29.29,48.81116215350699,55.2,36.44497693682486,11.75,10.983860909668152,71.76,3.143625,92.07677625,0,0,0,92.07677625,6.225689269260946,0,3.082064269260946,-3.143625,1.9804172791795922,0.9804172791795923,0,61.36721337481842,210.46569374999999,-19.521162153506992,18.755023063175145,0.7661390903318477,168,168,0
195,00356-1-02,60 o mas,Mujeres,Quintil bajo,Centro,Rutina flexible,Usuarios publicos,33.3,46.34807777840311,44.13,28.448158605319694,5.94,8.5737636162772,84.63,3.154025,105.02903250000001,0,0,0,105.02903250000001,5.3486751911475325,-2.731279373106762e-15,2.1946501911475327,-3.1540250000000025,1.6958252363717894,0.6958252363717893,-2.842170943040401e-14,41.153963515027854,157.92203174999997,-13.048077778403112,15.681841394680308,-2.633763616277199,168,168,0
198,00361-1-01,60 o mas,Mujeres,Quintil bajo,Sur,Rutina flexible,Movilidad activa,39.95,56.70817392754556,72.96,48.91094613588385,7.45,14.74087993657058,47.640000000000015,3.101202,81.21483808181819,39.13999999999999,81.8181818181818,-42.678181818181805,123.89301989999998,7.154794151982741,2.553814616772506,4.053592151982741,-0.5473873832274938,2.3071035527459163,1.3071035527459165,42.67818181818181,94.64866431863393,292.04583463818176,-16.758173927545556,24.049053864116146,-7.2908799365705805,168,168,0
206,00374-1-02,60 o mas,Mujeres,Quintil alto,Norte,Cuidadores domesticos,Movilidad mixta,65.94,55.60863016539185,42.49,44.930211699134446,5.65,13.541158135473706,53.92,5.233038,153.6984395719481,160.57999999999998,101.9480519480519,58.631948051948086,95.06649152,11.298799146170872,19.127444424887987,6.065761146170872,13.894406424887986,2.1591280526093777,1.1591280526093777,191.36808614805187,137.3036352114937,443.2865354680519,10.331369834608147,-2.4402116991344442,-7.891158135473706,168,168,0
211,00389-1-02,60 o mas,Hombres,Quintil bajo,Centro,Trabajadores rutinarios,Movilidad mixta,56.9,66.22888450633971,42.66,32.43560670036218,8.88,9.775508793298117,59.559999999999995,0.466961,26.570104500000003,0,0,0,26.570104500000003,0.4965633541697051,-2.203236460613255e-6,0.02960235416970508,-0.4669632032364606,1.063393632808104,0.06339363280810406,-2.3600000002232946e-5,4.356201637964897,24.067146339999997,-9.328884506339712,10.224393299637818,-0.8955087932981165,168,168,0
215,00393-1-02,60 o mas,Mujeres,Quintil bajo,Sur,Rutina flexible,Movilidad mixta,28.34,43.401710047845526,42.76,30.035984234252712,11.39,9.052305717901756,85.51,2.972241,84.23330994,0,0,0,84.23330994,5.510679501841813,0,2.538438501841813,-2.972241,1.8540486797139981,0.854048679713998,0,44.76703213431844,160.94685015,-15.061710047845526,12.724015765747286,2.3376942820982443,168,168,0
226,00413-1-02,60 o mas,Mujeres,Quintil bajo,Centro,Cuidadores domesticos,Usuarios publicos,62.78,44.80559892464325,9.58,30.186678741786185,11.73,9.09772233357057,83.91,3.047999,91.41337722,57.56,157.5,-99.94,191.35337722,5.53057176125015,22.565731510821177,2.4825727612501503,19.517732510821176,1.814492642960234,0.814492642960234,99.94,45.15404349671368,164.89285869,17.974401075356752,-20.606678741786183,2.632277666429431,168,168,0
232,00430-1-02,60 o mas,Hombres,Quintil medio,Centro,Trabajadores rutinarios,Motorizados privados,52.52,48.06245194911298,28.08,39.52532546694084,18.9,11.912222583946177,68.5,6.153641,149.75921344,126.57,0,126.57,23.18921344,13.65732695555545,17.76252746967372,7.503685955555449,11.60888646967372,2.2193896191791898,1.2193896191791898,173.43001188000005,145.9998614345916,462.52806606000007,4.45754805088702,-11.445325466940844,6.987777416053822,168,168,0
250,00460-1-02,60 o mas,Mujeres,Quintil bajo,Centro,Rutina flexible,Movilidad activa,42.59,47.21724871491511,54.28,47.95113974203146,12.75,14.451611543053433,58.379999999999995,2.970495,25.30338205000001,53.29,154.5,-101.21000000000001,126.51338205000002,8.863769976788685,7.265202548821493,5.893274976788685,4.294707548821492,2.983937012783622,1.983937012783622,101.21000000000001,114.95521917141176,300.32227985,-4.627248714915105,6.328860257968543,-1.701611543053433,168,168,0
255,00466-1-03,60 o mas,Hombres,Quintil bajo,Sur,Rutina flexible,Motorizados privados,3.21,37.63477967329583,68.71,39.523536811388404,17.15,11.91168351531575,78.93,3.0285859999999998,9.721761059999999,0,0,0,9.721761059999999,9.753129628578645,0,6.724543628578645,-3.0285859999999998,3.2203574963955606,2.2203574963955606,0,104.25840577162833,260.03439395999993,-34.42477967329583,29.18646318861159,5.238316484684249,168,168,0
256,00467-1-01,60 o mas,Hombres,Quintil bajo,Centro,Trabajadores rutinarios,Motorizados privados,59.45,53.03276714260522,40.83,44.335354106970804,10.45,13.361878750423976,57.269999999999996,2.776518,73.37519787121208,71.18999999999998,37.8787878787879,33.31121212121209,40.06398574999999,6.160470667569668,8.603234889289006,3.3839526675696683,5.826716889289006,2.218775699480309,1.218775699480309,91.68879722878792,73.87123469003988,234.06864026878787,6.4172328573947794,-3.505354106970806,-2.911878750423977,168,168,0
260,00495-1-01,60 o mas,Mujeres,Quintil bajo,Centro,Cuidadores domesticos,Usuarios publicos,78.31,57.886374147037714,30.18,46.50719369265186,9.92,14.016432160310433,49.589999999999996,3.285668,102.37065727,144.32,141.75,2.569999999999993,99.80065727,6.982091003154051,18.59022645439128,3.696423003154051,15.304558454391282,2.125014153333219,1.125014153333219,154.93000381000002,87.8247499009491,286.68529061,20.42362585296229,-16.32719369265186,-4.0964321603104334,168,168,0
262,00498-1-01,60 o mas,Hombres,Quintil medio,Norte,Jovenes trabajadores,Movilidad mixta,58.35,56.2358801101792,57.15,49.80406882855515,5.55,15.01005106126562,46.95000000000001,6.676654,158.36274905,131.28,0,131.28,27.08274905,16.117335566980785,17.74399471474432,9.440681566980786,11.067340714744322,2.4139839456980674,1.4139839456980676,231.22001185000005,217.10476483114843,649.84621765,2.114119889820799,7.345931171444846,-9.46005106126562,168,168,0
270,00516-1-01,60 o mas,Mujeres,Quintil bajo,Centro,Cuidadores domesticos,Movilidad activa,35.91,36.80886818147547,38.15,39.059346821752484,13.58,11.771784996772045,80.36,2.959099,5.9412450900000096,49.67999999999999,150,-100.32000000000001,106.26124509000002,9.748009723404987,9.331222952963449,6.788910723404987,6.372123952963449,3.294249270945307,2.294249270945307,100.31999999999998,102.97983993693587,253.39419127000002,-0.8988681814754713,-0.9093468217524858,1.8082150032279554,168,168,0
274,00521-1-01,60 o mas,Mujeres,Quintil medio,Norte,Cuidadores domesticos,Usuarios publicos,54.35,53.272354593995686,29.77,43.06778822614991,25.2,12.979857179854402,58.68000000000001,3.063798,86.81742129999999,56.8,136.5,-79.7,166.5174213,6.55873241492528,6.976315379567794,3.49493441492528,3.912517379567794,2.1407195953928033,1.1407195953928033,79.7,76.3983121603748,248.11697605999996,1.077645406004315,-13.297788226149908,12.220142820145597,168,168,0
280,00530-1-01,60 o mas,Hombres,Quintil medio,Norte,Trabajadores rutinarios,Movilidad mixta,62.51,56.66392297642972,35.94,41.78333189299439,12.59,12.592745130575885,56.96000000000001,4.018324,138.60542461,87.42,0,87.42,51.18542461,7.88329305194414,11.162063978505007,3.86496905194414,7.143739978505007,1.9618360918492734,0.9618360918492735,112.58000862999998,89.08857702033896,307.58927234999993,5.846077023570281,-5.843331892994392,-0.002745130575885213,168,168,0
281,00531-1-02,60 o mas,Hombres,Quintil bajo,Centro,Rutina flexible,Movilidad activa,15.61,46.99564731290227,88.65,48.88983520546339,6.36,14.734517481634365,57.37999999999998,3.126044,17.454259168767095,20.78,52.1232876712329,-31.3432876712329,48.797546839999995,9.790232514514797,1.5873355826762172,6.664188514514796,-1.5387084173237826,3.1318281235052345,2.131828123505234,31.3432876712329,129.45620213984716,328.34872811123296,-31.38564731290227,39.760164794536614,-8.374517481634363,168,168,0
285,00540-1-02,60 o mas,Mujeres,Quintil bajo,Norte,Rutina flexible,Usuarios publicos,16.7,38.41243021278433,56.39,33.65466018691577,9.12,10.142909600299896,85.79,3.114198,52.0071066,0,0,0,52.0071066,7.4284493220415655,0,4.3142513220415655,-3.114198,2.3853490760836547,1.3853490760836547,0,67.61680674379254,204.01111098,-21.71243021278433,22.73533981308423,-1.0229096002998972,168,168,0
286,00541-1-01,60 o mas,Mujeres,Quintil bajo,Sur,Rutina flexible,Movilidad activa,40.15,39.91585275196065,47.27,42.81920775398451,8.22,12.904939494054865,72.35999999999999,5.924537,3.7801459999999985,145.41,154.5,-9.090000000000003,12.870146000000002,20.09331996355787,20.298394322442594,14.16878296355787,14.373857322442593,3.391542657857968,2.3915426578579675,234.09001454999998,232.7028005155427,562.8425726800001,0.23414724803934917,4.450792246015496,-4.6849394940548645,168,168,0
297,00565-1-02,60 o mas,Mujeres,Quintil medio,Norte,Cuidadores domesticos,Motorizados privados,59.71,64.13108016295372,60.9,48.6167156728988,6.79,14.652204164147483,40.599999999999994,3.163763,119.87828873000001,40.47,109.5,-69.03,188.90828873,6.313518295609007,4.90689630625047,3.149755295609007,1.7431333062504701,1.99557245457672,0.9955724545767198,69.03,83.01724983958695,283.18511746999997,-4.4210801629537215,12.2832843271012,-7.8622041641474825,168,168,0
302,00581-1-02,60 o mas,Mujeres,Quintil medio,Sur,Cuidadores domesticos,Movilidad activa,56.02,49.6572531099089,30.07,39.329532720368825,14.75,11.853214169722268,67.16,3.015444,82.47517288000002,68.05,154.5,-86.45,168.92517288000002,6.323380972935901,9.280826772043719,3.307936972935901,6.2653827720437185,2.0969983103436514,1.0969983103436511,86.45,67.26349306675611,221.60220008,6.362746890091103,-9.259532720368824,2.8967858302777323,168,168,0
303,00582-1-01,60 o mas,Hombres,Quintil medio,Sur,Trabajadores rutinarios,Motorizados privados,47.39,38.66081931023182,35.6,41.46298296689082,9.63,12.496197722877355,75.38,2.423681,2.6005963015020086,89.94000000000001,152.197628458498,-62.25762845849799,64.85822476,8.123642950763518,11.942159450160315,5.699961950763518,9.518478450160314,3.351778947296908,2.351778947296908,112.25764628849801,91.10089690513998,221.88073791849803,8.729180689768178,-5.862982966890819,-2.866197722877354,168,168,0
304,00582-1-02,60 o mas,Mujeres,Quintil medio,Sur,Cuidadores domesticos,Movilidad activa,51.06,53.79778122482726,44.13,40.91974362469915,11.86,12.332475150473586,60.95,2.926376,92.45787318450587,45.63,102.59288537549409,-56.96288537549409,149.42075855999997,5.870834624400528,4.895251773636233,2.944458624400528,1.9688757736362335,2.0061791869536,1.0061791869536,56.962885375494125,64.97466264507923,220.8106776154941,-2.737781224827259,3.210256375300851,-0.4724751504735867,168,168,0
314,00593-1-01,60 o mas,Hombres,Quintil bajo,Centro,Jovenes trabajadores,Motorizados privados,69.59,70.90665260963898,45.89,40.697770845369284,8.39,12.265576544991738,44.129999999999995,2.849148,151.72222463000003,78.45,0,78.45,73.27222463000001,4.569803247886326,4.1264180514134905,1.720655247886326,1.2772700514134905,1.6039192235314998,0.6039192235315,46.549984689999974,50.301322839447664,201.20173812999997,-1.3166526096389788,5.192229154630716,-3.8755765449917376,168,168,0
322,00603-1-01,60 o mas,Hombres,Quintil alto,Centro,Jovenes trabajadores,Motorizados privados,57.23,51.91640895723214,42.53,45.67727996219315,11.6,13.766311080574708,56.64000000000001,14.112913,311.84454908953484,323.92999999999995,69.7674418604651,254.16255813953484,57.68199095,34.065356618525264,44.075254623524124,19.952443618525265,29.962341623524125,2.4137721686887224,1.4137721686887226,495.83746190046514,420.84721379630315,1259.769442590465,5.313591042767854,-3.1472799621931458,-2.166311080574708,168,168,0
323,00603-1-02,60 o mas,Mujeres,Quintil alto,Centro,Rutina flexible,Motorizados privados,35.59,53.372951180640726,54.5,36.18234150705816,10.37,10.904707312301118,67.53999999999999,3.145391,111.94446568999999,0,0,0,111.94446568999999,5.715714469052576,2.108141794534539e-15,2.5703234690525756,-3.145390999999998,1.8171713688544844,0.8171713688544844,2.842170943040401e-14,55.93433459702672,204.04151417000006,-17.782951180640723,18.31765849294184,-0.5347073123011192,168,168,0
326,00609-1-01,60 o mas,Mujeres,Quintil bajo,Centro,Cuidadores domesticos,Movilidad mixta,74.97,58.161840724974155,24.72,40.07905312792966,10.63,12.079106147096182,57.68,3.143069,120.20592353000002,74.57000000000001,165,-90.42999999999999,210.63592353,5.774984677572398,15.711680748475121,2.631915677572398,12.56861174847512,1.8373712691552104,0.8373712691552103,115.42995939999999,62.60075503560377,226.53744854999997,16.808159275025844,-15.359053127929663,-1.449106147096181,168,168,0
330,00618-1-05,60 o mas,Mujeres,Quintil bajo,Sur,Cuidadores domesticos,Movilidad activa,35.41,47.18393362334439,35.14,26.937567703600916,11.69,8.11849867305469,85.76,3.084662,109.22788142,0,0,0,109.22788142,4.9849350616310595,-1.4601234060586757e-15,1.9002730616310597,-3.084662000000001,1.616039313750116,0.6160393137501159,-1.4210854715202004e-14,36.31860563845272,144.45472145999997,-11.77393362334439,8.202432296399085,3.5715013269453095,168,168,0
334,00622-1-01,60 o mas,Hombres,Quintil bajo,Centro,Jovenes trabajadores,Motorizados privados,43.94,42.24814125183204,49.22,44.79227289012563,7.38,13.499585858042321,67.46000000000001,5.244323,12.325568440000012,131.89000000000001,150,-18.109999999999985,30.435568439999997,17.27129044996725,18.541831762630192,12.02696744996725,13.297508762630192,3.29333079788702,2.29333079788702,218.10998417999997,209.23733043423152,514.9386659799999,1.6918587481679594,4.427727109874368,-6.1195858580423215,168,168,0
335,00622-1-02,60 o mas,Mujeres,Quintil bajo,Centro,Rutina flexible,Usuarios publicos,29,50.09253962768994,60.73,38.45716281134568,10.41,11.590297560964363,67.86000000000001,2.900263,84.107627,0,0,0,84.107627,5.881359581786028,0,2.981096581786028,-2.900263,2.0278711212693565,1.0278711212693568,0,61.1739122582229,206.32470981999995,-21.092539627689938,22.272837188654314,-1.1802975609643624,168,168,0
337,00624-1-01,60 o mas,Mujeres,Quintil alto,Centro,Rutina flexible,Movilidad mixta,12.47,42.45284407527934,74.5,40.76985462448864,8.54,12.287301300232022,72.49000000000001,3.209994,40.02862518,0,0,0,40.02862518,8.728238435730248,0,5.518244435730248,-3.209994,2.719082476705641,1.719082476705641,0,96.24474958458222,266.55790176,-29.98284407527934,33.73014537551136,-3.7473013002320226,168,168,0
339,00624-1-03,60 o mas,Hombres,Quintil alto,Centro,Trabajadores moviles,Motorizados privados,48.51,49.753904572963016,50.24,43.05891306208943,7.04,12.977182364947543,62.21,9.84965,218.90652712,191.1,0,191.1,27.80652712,23.282976381484076,21.74816167528538,13.433326381484076,11.89851167528538,2.363837941600369,1.363837941600369,258.89999438000007,271.1520190570852,823.08794638,-1.243904572963018,7.181086937910571,-5.937182364947543,168,168,0
350,00640-1-02,60 o mas,Mujeres,Quintil bajo,Centro,Cuidadores domesticos,Movilidad activa,71.56,77.8175086751915,25.39,19.634888799619247,6.42,5.917602525189253,64.63,3.01001,215.3963156,0,0,0,215.3963156,3.5467425932093075,0,0.5367325932093077,-3.01001,1.1783158837376977,0.17831588373769777,0,18.83516368741317,95.74841810000001,-6.257508675191502,5.755111200380753,0.5023974748107474,168,168,0
352,00644-1-01,60 o mas,Mujeres,Quintil bajo,Centro,Rutina flexible,Movilidad activa,35.31,47.595315252437956,36.83,27.766393022461802,11.59,8.368291725100244,84.27,3.028325,106.93015575000001,0,0,0,106.93015575000001,4.95402322453417,0,1.92569822453417,-3.028325,1.6358954948805593,0.6358954948805594,0,37.20392731183918,146.63149650000003,-12.285315252437954,9.063606977538196,3.221708274899756,168,168,0
358,00655-1-02,60 o mas,Mujeres,Quintil medio,Centro,Cuidadores domesticos,Movilidad activa,49.74,44.7226506419527,32.08,34.85321644649516,8.26,10.504132911552157,77.91999999999999,3.172092,79.90985608,76.63,154.5,-77.87,157.77985608,6.572320813791093,9.288119663233816,3.4002288137910925,6.116027663233816,2.071919986491909,1.071919986491909,77.87,61.954506240133014,205.83219128000007,5.017349358047305,-2.7732164464951623,-2.244132911552157,168,168,0
360,00658-1-01,60 o mas,Hombres,Quintil bajo,Centro,Rutina flexible,Movilidad activa,16.25,34.20297294395435,43.28,28.91312955415934,12.3,8.713897501886294,96.17,3.294833,53.541036250000005,0,0,0,53.541036250000005,7.564206892499059,0,4.269373892499059,-3.294833,2.2957785394583152,1.2957785394583152,0,59.15204770384794,183.12681814,-17.95297294395435,14.36687044584066,3.586102498113707,168,168,0
369,00676-1-02,60 o mas,Mujeres,Quintil bajo,Sur,Cuidadores domesticos,Movilidad activa,40.43,51.40188677228029,34.1,26.601038428647175,11.49,8.017074799072526,81.98,3.064748,123.90776163999999,0,0,0,123.90776163999999,4.673757924536673,0,1.6090099245366734,-3.064748,1.5250056202130398,0.5250056202130399,0,33.626068041572495,139.72186131999996,-10.971886772280293,7.498961571352826,3.472925200927474,168,168,0
371,00679-1-01,60 o mas,Hombres,Quintil medio,Sur,Rutina flexible,Usuarios publicos,43.67,44.33785009707177,51.83,46.59826921681816,9.48,14.043880686110075,63.019999999999996,2.044789,8.743576387619022,92.9,143.452380952381,-50.552380952380986,59.29595734000001,6.499771997710948,6.321795889186223,4.454982997710948,4.277006889186223,3.178700588525734,2.178700588525734,80.55235924238099,81.91797177452227,205.918372832381,-0.6678500970717707,5.231730783181838,-4.563880686110075,168,168,0
379,00692-1-02,60 o mas,Mujeres,Quintil medio,Centro,Rutina flexible,Movilidad activa,28.56,32.63089618690938,37.47,34.524146629103484,11.53,10.404957183987134,90.44,2.987874,5.623681439999999,76.28999999999999,156,-79.71000000000001,85.33368144,9.83909602036923,7.827268833848111,6.85122202036923,4.839394833848111,3.2930090158986722,2.2930090158986722,79.71000000000001,91.87332487356569,226.11582600000003,-4.070896186909383,2.945853370896515,1.125042816012865,168,168,0
387,00704-1-02,60 o mas,Mujeres,Quintil medio,Centro,Cuidadores domesticos,Motorizados privados,60.81,62.08554820206909,43.93,38.869794471968845,7.93,11.714657325962065,55.33,3.059251,135.0849051618519,34.699999999999996,85.6481481481481,-50.9481481481481,186.03305331,5.217422863433326,4.727041463158637,2.1581718634333256,1.6677904631586364,1.7054575984230538,0.7054575984230537,50.94814814814811,54.85037026087616,209.60090500814812,-1.2755482020690891,5.060205528031155,-3.7846573259620655,168,168,0
392,00714-1-01,60 o mas,Hombres,Quintil bajo,Centro,Trabajadores rutinarios,Usuarios publicos,66.8,36.84540862489828,12.45,38.0400147431807,7.1,11.464576631921016,81.65,2.009632,10.358064584615388,90.72999999999999,99.6153846153846,-8.88538461538461,19.243449199999997,6.190179593428898,30.49065276509185,4.180547593428898,28.48102076509185,3.080255287251048,2.080255287251048,123.8853530153846,63.68764764105619,163.1736586153846,29.954591375101714,-25.5900147431807,-4.364576631921016,168,168,0
396,00723-1-01,60 o mas,Hombres,Quintil alto,Centro,Trabajadores rutinarios,Motorizados privados,61.02,49.522362927889205,24.92,37.066469481499176,11.82,11.171167590611635,70.23999999999998,9.282308,271.13640502,204.73000000000002,0,204.73000000000002,66.40640502,18.807171468405823,38.66996118147607,9.524863468405822,29.387653181476068,2.0261309437702155,1.0261309437702155,295.27002914,188.54542056444944,636.3020250600002,11.497637072110798,-12.146469481499174,0.6488324093883655,167.99999999999997,168,0
401,00736-1-01,60 o mas,Mujeres,Quintil bajo,Centro,Cuidadores domesticos,Movilidad activa,55.88,46.86074985781692,12.92,28.930206081827276,15.71,8.719044060355788,83.49000000000001,2.887144,97.01252297615761,39.440000000000005,103.76108374384239,-64.3210837438424,161.33360672,4.89240999569303,10.809995828498673,2.00526599569303,7.922851828498673,1.6945500451979638,0.6945500451979637,64.3210837438424,38.28120981133938,146.98001646384236,9.019250142183083,-16.010206081827278,6.990955939644213,168,168,0
403,00741-1-01,60 o mas,Mujeres,Quintil bajo,Centro,Rutina flexible,Movilidad activa,40.74,40.23804512185878,37.67,35.47148648966959,7.99,10.69046838847163,81.6,2.990163,51.539240620000015,105.72000000000001,176,-70.27999999999999,121.81924062,7.169116663646978,7.406096505356285,4.178953663646978,4.415933505356285,2.3975671773234364,1.3975671773234364,70.27999999999999,68.7790730957126,206.81084258,0.5019548781412198,2.1985135103304145,-2.700468388471629,168,168,0
407,00751-1-01,60 o mas,Hombres,Quintil bajo,Sur,Rutina flexible,Movilidad activa,36.63,45.79244653553761,58.21,48.14693327129569,13.61,14.510620193166707,59.55,3.365075,13.522711709999982,70.25999999999999,150,-79.74000000000001,93.26271170999999,10.794930607291986,7.352127314963735,7.429855607291986,3.9870523149637354,3.2079316530216966,2.2079316530216966,109.73998554000003,140.57230531557423,351.41967204,-9.162446535537605,10.063066728704314,-0.9006201931667075,168,168,0
415,00764-1-02,60 o mas,Mujeres,Quintil alto,Sur,Rutina flexible,Movilidad mixta,45.43,55.45900661425826,64.79,46.558959839365905,5.83,14.03203354637585,51.94999999999999,3.158094,86.2899881977778,57.54,114.7222222222222,-57.1822222222222,143.47221042,7.056123685370737,3.8960707690446292,3.8980296853707372,0.737976769044629,2.2342981828187307,1.234298182818731,57.18222222222221,88.85476783667153,280.20682050222223,-10.029006614258257,18.2310401606341,-8.20203354637585,168,168,0
419,00768-1-01,60 o mas,Hombres,Quintil bajo,Norte,Trabajadores moviles,Motorizados privados,91.03,58.60136041627248,10.46,39.98721253915197,9.15,12.051427044575554,57.35999999999999,2.715064,105.86228924000001,83.71000000000001,0,83.71000000000001,22.152289239999998,4.923109821908697,34.66788216059587,2.208045821908697,31.952818160595875,1.813257375114803,0.8132573751148028,141.28998667999997,53.24415477724641,194.53239172000002,32.428639583727524,-29.527212539151968,-2.901427044575554,168,167.99999999999997,-2.842170943040401e-14
422,00775-1-01,60 o mas,Mujeres,Quintil bajo,Norte,Rutina flexible,Movilidad activa,29.22,44.97791031522304,52.04,36.93157643386834,11.78,11.130513250908615,74.96000000000001,2.842425,65.8256437,7.77,0,7.77,58.0556437,6.209083302154243,1.2990395445728897,3.3666583021542427,-1.5433854554271103,2.184431709598052,1.1844317095980519,17.230014799999992,62.02069302774785,198.63357829999995,-15.757910315223043,15.108423566131663,0.649486749091384,168,168,0
425,00783-1-01,60 o mas,Mujeres,Quintil bajo,Sur,Rutina flexible,Motorizados privados,35.58,35.596189899381756,24.77,30.97769091681859,15.56,9.336119183799637,92.09000000000002,3.003742,47.29490506588228,31.009999999999998,90.58823529411771,-59.57823529411771,106.87314036,7.116749109601043,7.108090268325001,4.113007109601043,4.104348268325001,2.3692944033146133,1.3692944033146135,59.57823529411771,59.626865574866464,180.71915015411764,-0.0161898993817573,-6.207690916818592,6.223880816200364,168,168,0
426,00784-1-03,60 o mas,Mujeres,Quintil medio,Sur,Rutina flexible,Movilidad activa,33.93,48.05339375480258,40.96,30.349740138014138,12.66,9.14686610718329,80.44999999999999,2.874411,97.52876522999999,0,0,0,97.52876522999999,4.945630593117621,0,2.0712195931176214,-2.874411,1.720571829539207,0.720571829539207,0,40.59643836613584,154.12591782000004,-14.123393754802578,10.610259861985863,3.5131338928167093,168,168,0
430,00788-1-01,60 o mas,Mujeres,Quintil bajo,Centro,Rutina flexible,Movilidad activa,23.58,34.82893746809509,43.73,34.91754281056131,12.96,10.523519721343586,87.73000000000002,2.690461,18.966553189562703,51.68000000000001,91.1545189504373,-39.4745189504373,58.44107214,7.9139687193756645,3.7748378958909585,5.2235077193756645,1.0843768958909585,2.941491706951212,1.9414917069512119,44.47451719043729,74.73934473978588,196.99675128043725,-11.248937468095093,8.812457189438689,2.436480278656415,168.00000000000003,168,0
443,00804-1-03,60 o mas,Hombres,Quintil medio,Centro,Trabajadores moviles,Usuarios publicos,50.87,54.95382070635718,52.23,46.2478950753926,12.04,13.938284218250216,52.86000000000001,2.828044,76.33257581999999,57.46999999999999,0,57.46999999999999,18.86257582,6.322069596549056,5.055709545390672,3.4940255965490565,2.2276655453906726,2.235491950107232,1.235491950107232,67.53002246,79.07924710568918,249.28841033999993,-4.08382070635718,5.982104924607398,-1.8982842182502164,168,168,0
448,00811-1-01,60 o mas,Hombres,Quintil bajo,Centro,Rutina flexible,Movilidad activa,21.61,30.89921345689368,39.5,30.045586788093562,8.89,9.055199755012776,97.99999999999999,3.132547,25.138275096229506,32.28,74.8360655737705,-42.556065573770496,67.69434067,8.817679423834335,4.231548943884628,5.685132423834334,1.0990019438846281,2.814859417539253,1.8148594175392527,42.556065573770496,71.65496332052243,194.14001490377055,-9.28921345689368,9.454413211906438,-0.16519975501277528,168,168,0
464,00836-1-01,60 o mas,Mujeres,Quintil bajo,Sur,Cuidadores domesticos,Movilidad activa,88.15,91.44356127686102,10.91,11.523471546324643,7.38,3.472967176814343,61.559999999999995,3.379504,297.9032776,0,0,0,297.9032776,3.571281603386982,0,0.19177760338698224,-3.379504,1.056747263322364,0.05674726332236395,0,11.130603509396906,61.81112815999995,-3.2935612768610127,-0.613471546324643,3.907032823185657,168,168,0
469,00843-1-02,60 o mas,Mujeres,Quintil bajo,Centro,Rutina flexible,Movilidad activa,38.89,52.449741043580055,47.76,30.698333174414135,5.75,9.251925782005793,75.60000000000002,2.929933,113.94509437,0,0,0,113.94509437,4.7850117371461875,0,1.8550787371461874,-2.929933,1.6331471529028778,0.6331471529028777,0,39.72913275503963,156.78071482999997,-13.559741043580054,17.061666825585863,-3.5019257820057934,168.00000000000003,168,0
472,00854-1-01,60 o mas,Hombres,Quintil alto,Centro,Trabajadores rutinarios,Motorizados privados,63,50.59016461608777,38.52,43.88398973993512,6.18,13.225845643977118,60.29999999999999,9.563579,214.99671848979594,234.43000000000004,46.9387755102041,187.49122448979594,27.505494000000002,22.649279735147417,41.712624984858294,13.085700735147416,32.14904598485829,2.3682848999467057,1.3682848999467057,387.5087585102041,268.8263174391642,815.0007398102043,12.409835383912231,-5.363989739935114,-7.045845643977119,168,168,0
482,00872-1-02,60 o mas,Hombres,Quintil bajo,Norte,Rutina flexible,Motorizados privados,15.36,45.894974395989394,76.77,43.11956410499995,9.88,12.995461499010661,65.99,3.195323,49.08016128,0,0,0,49.08016128,8.366169927443433,0,5.170846927443433,-3.195323,2.6182548454235874,1.6182548454235872,0,97.56910599191602,276.87473795000005,-30.534974395989394,33.650435895000044,-3.11546149901066,168,168,0
495,00889-1-02,60 o mas,Mujeres,Quintil bajo,Sur,Cuidadores domesticos,Movilidad activa,62.22,64.26071654557693,27.11,27.98508261678352,11.35,8.434200837639548,67.32000000000001,2.689982,144.5695436294118,14.89,23.9411764705882,-9.0511764705882,153.6207201,3.737702232250199,2.8525990555280893,1.047720232250199,0.16261705552808925,1.389489681436604,0.38948968143660406,22.801136410588185,28.290627185292294,126.25784413058815,-2.0407165455769274,-0.8750826167835193,2.915799162360452,168,168,0
502,00896-1-01,60 o mas,Mujeres,Quintil bajo,Centro,Cuidadores domesticos,Movilidad activa,50.65,49.20523179150193,31.62,33.852295021700535,10.99,10.202473186797539,74.74,2.937418,95.1073645571428,53.47,107.1428571428572,-53.6728571428572,148.7802217,5.398612458085684,6.060894179253448,2.461194458085684,3.123476179253448,1.8378768217821515,0.8378768217821515,53.6728571428572,49.42896900138723,178.83623812285722,1.4447682084980684,-2.2322950217005335,0.7875268132024615,168,168,0
505,00899-1-02,60 o mas,Mujeres,Quintil bajo,Sur,Cuidadores domesticos,Movilidad mixta,64,76.36754270914619,45.72,32.8746336630121,9.43,9.907823627841704,48.85,2.992771,191.537344,0,0,0,191.537344,4.162791905261339,0,1.1700209052613393,-2.992771,1.3909490252549692,0.39094902525496916,0,37.01322316119416,165.05132065,-12.367542709146193,12.845366336987901,-0.47782362784170473,168,168,0
510,00905-1-03,60 o mas,Mujeres,Quintil alto,Centro,Rutina flexible,Movilidad activa,42.83,47.937232775628054,57.08,45.430754489651186,7.15,13.692012734720764,60.940000000000005,3.037894,46.81300001999999,56.2,139.5,-83.3,130.11300002,8.04197395124781,6.240230050638733,5.00407995124781,3.2023360506387326,2.647220064705289,1.6472200647052893,83.3,98.81523180568384,278.42393162,-5.107232775628056,11.649245510348813,-6.542012734720764,168,168,0
513,00917-1-01,60 o mas,Mujeres,Quintil alto,Sur,Cuidadores domesticos,Movilidad mixta,56.92,64.49426605585258,11.61,21.88114897970983,24.44,6.5945849644375905,75.03,3.073207,174.92694244,0,0,0,174.92694244,3.9332446856417604,0,0.8600376856417604,-3.073207,1.2798502299525416,0.27985022995254155,0,23.27728746270853,110.78911234999998,-7.574266055852576,-10.271148979709832,17.84541503556241,168,168,0
518,00926-1-01,60 o mas,Mujeres,Quintil bajo,Centro,Rutina flexible,Movilidad activa,45.32,40.685163030631,29.94,42.53542461276066,20.78,12.819412356608334,71.96000000000001,2.998131,12.325296919999985,106.45,230,-123.55,135.87529691999998,9.531538890971644,11.720793811289003,6.533407890971644,8.722662811289002,3.179160247157861,2.179160247157861,123.55,109.65415160218878,275.61520432,4.6348369693689975,-12.595424612760656,7.960587643391667,168,168,0
520,00928-1-02,60 o mas,Mujeres,Quintil alto,Centro,Cuidadores domesticos,Motorizados privados,72.35,74.20776608971639,34.89,38.43777844798163,16.99,11.584455462301978,43.77000000000001,2.988313,174.66779530369462,38.019999999999996,79.5566502463054,-41.5366502463054,216.20444555,4.529422856002076,3.8523436656106083,1.5411098560020755,0.864030665610608,1.5157123286623841,0.5157123286623843,41.536650246305385,47.08823680316405,196.5703286863054,-1.8577660897163923,-3.547778447981628,5.40554453769802,168,168,0
526,00946-1-01,60 o mas,Hombres,Quintil bajo,Norte,Jovenes trabajadores,Movilidad activa,52.71,49.04249965582156,46.25,45.84933497547982,9.75,13.818165368698631,59.28999999999999,2.004527,34.60861166,63.95,45,18.950000000000003,15.658611659999998,5.136700225994684,6.104774355794439,3.1321732259946837,4.100247355794439,2.5625497815667657,1.5625497815667655,71.05000651,63.69840304758501,183.30351851,3.6675003441784426,0.4006650245201797,-4.068165368698631,168,168,0
538,00977-1-01,60 o mas,Mujeres,Quintil alto,Centro,Cuidadores domesticos,Motorizados privados,65.85,59.08947450939411,40.32,40.22686999649663,5.27,12.12365549410926,56.56,6.703212,261.17654185,194.76999999999998,0,194.76999999999998,66.40654185,12.400106496194178,19.021770405815488,5.6968944961941785,12.318558405815487,1.849875327856881,0.8498753278568809,180.22996834999998,134.91273275506472,485.82940343,6.760525490605886,0.09313000350336864,-6.85365549410926,168,168,0
540,00983-1-01,60 o mas,Mujeres,Quintil bajo,Centro,Cuidadores domesticos,Usuarios publicos,38.02,37.46791651290688,24.94,25.781886387923556,8.06,7.770197099169586,96.97999999999999,3.027994,74.2719726306702,39.089999999999996,79.9423592493298,-40.8523592493298,115.12433188000001,5.618827582663348,5.956576498416929,2.590833582663348,2.928582498416929,1.855627052980735,0.8556270529807352,40.85235924932981,39.180653762912755,140.77616124932982,0.552083487093121,-0.8418863879235552,0.2898029008304146,168,168,0
543,00990-1-01,60 o mas,Mujeres,Quintil bajo,Centro,Rutina flexible,Usuarios publicos,39.07,40.49226004024793,45.21,42.82965258222343,11.95,12.908087377528645,71.77,2.867194,7.951256019999988,85.42999999999999,154.5,-69.07000000000001,77.02125602,9.336031171702045,8.760460024424738,6.468837171702045,5.893266024424738,3.2561560786267147,2.2561560786267147,104.07001356,108.14790901383863,267.9588226000001,-1.4222600402479273,2.3803474177765693,-0.9580873775286456,168,168,0
548,00998-1-03,60 o mas,Mujeres,Quintil bajo,Centro,Cuidadores domesticos,Movilidad activa,74.59,84.27141539521953,29.88,22.70554230998663,9.35,6.843042294793837,54.18,1.954477,151.02442319000002,30.240000000000002,0,30.240000000000002,120.78442319000001,2.227974583718395,-0.6426953445314572,0.27349758371839505,-2.597172344531457,1.1399338972617201,0.13993389726172017,-5.239983760000001,13.682119957402477,71.43414894999998,-9.681415395219531,7.174457690013369,2.5069577052061627,168,168,0
550,01001-1-02,60 o mas,Mujeres,Quintil medio,Centro,Rutina flexible,Usuarios publicos,36.55,40.273849948942754,45.08,39.14004428844962,9.58,11.796105762607633,76.78999999999999,3.035175,33.053966860687,48.75000000000001,126.631679389313,-77.881679389313,110.93564625,8.424718571678735,6.855816763313275,5.389543571678734,3.8206417633132745,2.775694505812263,1.7756945058122626,77.881679389313,89.18421565809533,243.78434488931305,-3.723849948942757,5.939955711550375,-2.216105762607633,168,168,0
552,01002-1-01,60 o mas,Mujeres,Quintil alto,Centro,Rutina flexible,Motorizados privados,9.86,35.479656614792425,64.31,34.233101862131626,5.86,10.317241523075973,87.96999999999998,3.513865,34.6467089,0,0,0,34.6467089,9.723012454657175,0,6.209147454657175,-3.513865,2.767042118765853,1.7670421187658532,0,90.02401469073757,246.56790705000006,-25.619656614792426,30.076898137868376,-4.4572415230759725,168,168,0
555,01008-1-02,60 o mas,Hombres,Quintil bajo,Norte,Trabajadores rutinarios,Movilidad mixta,68.17,59.81319470439772,33.41,36.512572345009964,5.75,11.004232950592321,60.67,1.990882,86.79845695,26.080000000000002,0,26.080000000000002,60.71845695,3.268994552681944,6.010865511965012,1.278112552681944,4.019983511965012,1.6419830771898807,0.6419830771898806,48.91996899,32.28255574948075,126.88290810999999,8.356805295602278,-3.1025723450099676,-5.254232950592321,168,168,0
556,01012-1-03,60 o mas,Mujeres,Quintil bajo,Norte,Rutina flexible,Motorizados privados,27.92,37.48249742154094,28.41,21.598194890188132,9.26,6.509307688270959,102.40999999999998,3.131353,87.42737576,0,0,0,87.42737576,5.125953023502807,0,1.994600023502807,-3.131353,1.636977058639766,0.636977058639766,0,29.943554988434485,117.95806751000005,-9.56249742154094,6.811805109811868,2.7506923117290407,168,168,0
559,01020-1-01,60 o mas,Hombres,Quintil bajo,Sur,Rutina flexible,Movilidad mixta,35.13,45.76433580984849,47.17,40.31534417043817,15.93,12.150320019713329,69.77000000000001,3.140774,61.97563452243902,52.25,100.60975609756099,-48.35975609756099,110.33539062000001,7.498219928408979,3.68763784845895,4.357445928408978,0.5468638484589499,2.3873796485862973,1.387379648586297,48.35975609756099,81.75980151640205,246.54259549756097,-10.634335809848487,6.854655829561828,3.779679980286671,168.00000000000003,168,0
582,01060-1-02,60 o mas,Mujeres,Quintil bajo,Norte,Cuidadores domesticos,Usuarios publicos,48.73,61.263259415148724,40.87,30.895417215628754,11.87,9.31132336922252,66.53,3.04387,148.3277851,0,0,0,148.3277851,4.5654625270355735,0,1.5215925270355735,-3.04387,1.499887487650778,0.49988748765077795,0,38.14961233598876,160.53370379999998,-12.533259415148727,9.974582784371243,2.5586766307774784,168,168,0
583,01063-1-01,60 o mas,Hombres,Quintil bajo,Centro,Trabajadores rutinarios,Motorizados privados,80.18,64.0920111583832,19.74,39.54103245409344,15.63,11.916956387523364,52.449999999999996,1.936933,89.923315,59.62,0,59.62,30.303314999999998,3.199655037957597,8.894124365584805,1.262722037957597,6.957191365584805,1.6519182841934115,0.6519182841934115,65.37997294000002,34.21861644904065,133.88929315000001,16.087988841616806,-19.80103245409344,3.7130436124766373,168,168,0
589,01071-1-02,60 o mas,Mujeres,Quintil medio,Sur,Cuidadores domesticos,Movilidad mixta,72.16,64.89016787948276,25.04,36.284374037645556,14.91,10.93545808287167,55.890000000000015,3.250629,160.22527236093018,60,134.3401162790698,-74.3401162790698,234.56538863999998,5.167144538211311,8.953647110806267,1.9165155382113106,5.703018110806267,1.5895829816971763,0.5895829816971764,74.3401162790698,50.70858916298499,204.20274482906976,7.269832120517236,-11.244374037645557,3.974541917128331,168,168,0
593,01075-1-01,60 o mas,Mujeres,Quintil bajo,Centro,Rutina flexible,Movilidad activa,32.31,42.60079641243696,56.41,43.10740624807772,9.98,12.991797339485332,69.3,3.032813,23.970188030000003,53.48,127.5,-74.02000000000001,97.99018803000001,9.025611756053559,5.3646319684330965,5.992798756053559,2.3318189684330966,2.975986899308846,1.9759868993088459,74.02000000000001,105.23006113999216,275.36845507,-10.290796412436954,13.302593751922274,-3.011797339485332,168,168,0
595,01083-1-02,60 o mas,Mujeres,Quintil medio,Norte,Cuidadores domesticos,Usuarios publicos,48.8,41.571068547942374,33.09,38.90397325522415,10.31,11.72495819683348,75.8,2.867067,40.58859683427171,75.68,105.00428396572829,-29.324283965728284,69.9128808,7.469795233625771,11.011822074064238,4.60272823362577,8.144755074064237,2.605378679195767,1.605378679195767,99.32427276572828,78.59844195427179,223.75498056572832,7.228931452057623,-5.813973255224148,-1.4149581968334797,168,168,0
625,01132-1-01,60 o mas,Hombres,Quintil bajo,Centro,Cuidadores domesticos,Movilidad activa,79.03,72.31651379845177,31.14,38.323478645152555,12.02,11.550007556395679,45.81,2.788742,157.44425889000001,49.550000000000004,0,49.550000000000004,107.89425889,4.266969399894867,7.017912789984583,1.478227399894867,4.2291707899845825,1.5300696155810996,0.5300696155810997,62.95002137,44.22784043332197,183.31212609,6.7134862015482355,-7.1834786451525545,0.4699924436043208,168,168,0
626,01133-1-01,60 o mas,Hombres,Quintil bajo,Sur,Rutina flexible,Movilidad activa,31.8,34.552711941368024,33.84,36.097999815907706,15.89,10.879288242724295,86.46999999999998,3.267869,10.718234199999984,41.79999999999999,135,-93.20000000000002,103.9182342,10.467364814190452,9.017600149430068,7.199495814190452,5.749731149430068,3.203116408335356,2.203116408335356,93.20000000000002,102.19550201912641,255.7111253700001,-2.752711941368023,-2.257999815907702,5.010711757275706,168,168,0
635,01151-1-01,60 o mas,Hombres,Quintil bajo,Norte,Trabajadores rutinarios,Usuarios publicos,71.58,53.5912683759708,13.34,30.612634025091506,8.51,9.226097598937702,74.57,2.784769,112.26373347999998,37.93,0,37.93,74.33373347999999,4.4658372132839235,19.173914287992755,1.6810682132839236,16.389145287992754,1.6036652279897987,0.6036652279897987,87.07003154,36.97556936408384,147.91723419000004,17.9887316240292,-17.272634025091506,-0.7160975989377025,168,168,0
640,01158-1-02,60 o mas,Hombres,Quintil bajo,Norte,Rutina flexible,Movilidad activa,26.11,44.2807872949677,50.53,33.47150329846287,11.2,10.087709406569454,80.15999999999998,3.025879,79.00570069,0,0,0,79.00570069,6.073496721988693,0,3.047617721988693,-3.025879,2.0071842667828728,1.007184266782873,0,54.9826036893096,186.78751067000005,-18.170787294967703,17.05849670153713,1.1122905934305454,168,168,0
642,01161-1-01,60 o mas,Mujeres,Quintil bajo,Sur,Trabajadores rutinarios,Movilidad activa,89.53,60.94236202775484,17.76,38.357405478231996,3.57,11.560232494013173,57.13999999999999,1.553825,68.07396702,51.459999999999994,0,51.459999999999994,16.61396702,2.56592678634895,16.02527637547963,1.01210178634895,14.471451375479631,1.6513615023242323,0.6513615023242322,71.03998523000001,26.619798657776172,104.18307248000002,28.58763797224516,-20.597405478231995,-7.990232494013172,168,168,0
644,01163-1-02,60 o mas,Mujeres,Quintil alto,Norte,Jovenes trabajadores,Motorizados privados,50.41,48.07531628741821,48.09,48.02178189461202,12.07,14.472901817969767,57.43,5.905619,60.115325296930706,176.22000000000003,163.80693069306932,12.413069306930709,47.70225599,17.23093840304833,19.002390412972158,11.325319403048331,13.096771412972158,2.917719277699481,1.9177192776994811,237.58692849306928,223.7991760010557,592.8689675330693,2.3346837125817856,0.06821810538798445,-2.4029018179697665,168,168,0
646,01167-1-01,60 o mas,Mujeres,Quintil bajo,Sur,Rutina flexible,Movilidad mixta,38.41,52.55122764891798,38.61,31.473288857028578,16.49,9.485483494053438,74.49000000000001,3.073913,118.06899833,0,0,0,118.06899833,5.106522800546675,0,2.032609800546675,-3.073913,1.6612450646933323,0.6612450646933322,0,43.46890350596843,169.37260629999997,-14.141227648917983,7.136711142971421,7.00451650594656,168,168,0
649,01170-1-01,60 o mas,Mujeres,Quintil bajo,Centro,Cuidadores domesticos,Motorizados privados,68.78,57.81527804688056,26.28,39.79209870943267,14.54,11.992623243686769,58.4,3.100882,118.03866396,54.760000000000005,150,-95.24,213.27866396,5.690165046663162,11.226384369161643,2.589283046663162,8.125502369161643,1.8350150204564901,0.8350150204564901,95.24,61.23969106056707,221.81800323999994,10.964721953119444,-13.51209870943267,2.5473767563132306,168,168,0
651,01173-1-01,60 o mas,Mujeres,Quintil bajo,Norte,Rutina flexible,Movilidad activa,20.44,39.72660527290619,55.15,35.3419625313286,10.13,10.651432195765205,82.28,2.990336,49.38187960470588,14.73,26.47058823529412,-11.740588235294119,61.12246784,7.261816016121889,0.8653727834157309,4.271480016121889,-2.1249632165842693,2.4284281151422076,1.4284281151422078,11.740588235294126,69.41401830065533,206.94972231529414,-19.28660527290619,19.8080374686714,-0.5214321957652039,168,168,0
656,01180-1-03,60 o mas,Hombres,Quintil bajo,Centro,Cuidadores domesticos,Motorizados privados,49.4,59.27744421367236,30.44,25.958984499780396,13.22,7.8235712865472395,74.94,3.09404,152.845576,0,0,0,152.845576,4.3528282158824965,0,1.2587882158824963,-3.09404,1.406842903091911,0.406842903091911,0,30.561207494870843,135.08578640000002,-9.877444213672362,4.4810155002196055,5.396428713452761,168,168,0
660,01186-1-01,60 o mas,Hombres,Quintil bajo,Norte,Trabajadores rutinarios,Motorizados privados,76.67,52.231077079281604,8.66,31.504141111708197,7.9,9.494781809010203,74.77,1.282288,49.90301068,26.59,0,26.59,23.31301068,2.0036064102884295,14.065927143227093,0.7213184102884294,12.783639143227093,1.5625244955021254,0.5625244955021254,48.41001028,17.072272685837852,69.64469956000002,24.438922920718397,-22.844141111708197,-1.5947818090102022,168,168,0
675,01217-1-02,60 o mas,Mujeres,Quintil medio,Centro,Cuidadores domesticos,Movilidad activa,4.94,12.88798265375299,17.17,11.320286492252224,5.51,3.411730853994782,140.38,3.096542,15.296917479999998,0,0,0,15.296917479999998,8.038318038206887,7.537211100719549e-16,4.941776038206887,-3.096541999999999,2.5959015050359038,1.5959015050359038,3.552713678800501e-15,24.611262102617594,70.22957256000001,-7.94798265375299,5.8497135077477775,2.098269146005218,168,168,0
679,01221-1-01,60 o mas,Hombres,Quintil bajo,Norte,Rutina flexible,Motorizados privados,33.65,48.30017700922293,53.3,35.66963592458035,7.77,10.750187066196734,73.28,2.955526,86.9634719,15.010000000000002,0,15.010000000000002,71.9534719,5.78280148256962,0.9840729055975892,2.82727548256962,-1.9714530944024107,1.9566065338520522,0.9566065338520521,12.489977999999994,55.788957055360584,192.98395081999996,-14.65017700922293,17.63036407541965,-2.9801870661967342,168,168,0
684,01227-1-04,60 o mas,Mujeres,Quintil medio,Sur,Cuidadores domesticos,Movilidad activa,71.88,79.9781247227138,21.41,24.23721451378344,18.23,7.304660763502758,56.480000000000004,2.998678,215.54497464,0,0,0,215.54497464,3.704420728899384,0,0.7057427288993838,-2.998678,1.2353512877672708,0.2353512877672707,0,24.28366844725798,118.86759592000001,-8.098124722713806,-2.8272145137834386,10.925339236497242,168,168,0
702,01261-1-01,60 o mas,Mujeres,Quintil bajo,Centro,Rutina flexible,Movilidad mixta,18.15,45.142812319222706,71.9,40.608512113150944,7.94,12.238675567626352,70.00999999999999,3.159457,57.344144549999996,0,0,0,57.344144549999996,7.764834872607449,0,4.605377872607448,-3.159457,2.4576485366338106,1.45764853663381,0,85.28262983165443,252.25104688000005,-26.992812319222708,31.291487886849062,-4.2986755676263515,168,168,0
712,01271-1-01,60 o mas,Mujeres,Quintil bajo,Centro,Cuidadores domesticos,Movilidad activa,58.12,64.32975511204246,21.04,18.818643901999,9.66,5.67160098595853,79.18,2.961676,172.13260912,0,0,0,172.13260912,3.6133698214954153,0,0.6516938214954151,-2.961676,1.2200422401016908,0.22004224010169074,0,18.391282681213482,90.92345320000001,-6.209755112042465,2.2213560980009994,3.9883990140414705,168,168,0
714,01272-1-01,60 o mas,Mujeres,Quintil bajo,Centro,Rutina flexible,Movilidad activa,22,38.40943749150479,49.42,37.99081407386813,16.43,11.44974843462709,80.15,3.204236,28.56985866666669,41.41,83.3333333333333,-41.923333333333304,70.493192,9.19720600181275,3.063328335173288,5.9929700018127505,-0.1409076648267118,2.87032727982981,1.8703272798298098,41.923333333333304,94.50304368336265,252.92227393333332,-16.40943749150479,11.429185926131872,4.98025156537291,168,168,0
725,01299-1-01,60 o mas,Mujeres,Quintil bajo,Centro,Cuidadores domesticos,Usuarios publicos,72.39,72.27884151262312,35.61,35.547715919164474,10.54,10.71344256821241,49.46,2.991455,173.73775513361582,39.74,82.5536723163842,-42.81367231638419,216.55142745,4.418483607366332,4.463795567231963,1.4270286073663314,1.4723405672319627,1.4770349570247026,0.47703495702470244,42.813672316384185,42.48114670352817,180.86932056638418,0.11115848737688339,0.062284080835524946,-0.1734425682124101,168,168,0
728,01302-2-02,60 o mas,Hombres,Quintil alto,Norte,Trabajadores rutinarios,Motorizados privados,48.83,40.1987204116889,21.16,39.489772138458726,21.6,11.901507449852382,76.41,10.463378,99.73346726279803,247.41000000000003,158.603281447202,88.80671855279803,10.92674871,30.043326007092553,46.27024868192725,19.579948007092554,35.80687068192725,2.8712836339366263,1.8712836339366268,411.19328047720194,320.8809395210186,858.607323757202,8.631279588311095,-18.329772138458726,9.69849255014762,168,168,0
730,01306-1-01,60 o mas,Mujeres,Quintil bajo,Sur,Trabajadores rutinarios,Movilidad mixta,57.35,47.746367164641185,26.1,38.500326511180006,14.4,11.603306324178803,70.15,2.332392,59.8307331304878,51.19,75.1219512195122,-23.9319512195122,83.76268435,4.948865096496119,8.783561526136664,2.616473096496119,6.451169526136663,2.1217981782205215,1.1217981782205217,73.9319480695122,51.53251167338398,168.3938240695122,9.603632835358816,-12.400326511180005,2.7966936758211975,168,168,0
738,01327-1-01,60 o mas,Hombres,Quintil medio,Centro,Rutina flexible,Movilidad activa,28.43,30.06315169667409,26.78,30.26540061291156,14.24,9.121447690414362,98.55,3.128762,17.279346405709774,66.75999999999999,138.43135725429022,-71.67135725429023,88.95070366,9.3798657330199,8.407047360702807,6.2511037330198995,5.278285360702807,2.9979479848642687,1.9979479848642687,71.67135725429023,76.78110022307965,200.01317449429024,-1.6331516966740907,-3.4854006129115582,5.118552309585638,168,168,0
742,01333-1-02,60 o mas,Mujeres,Quintil alto,Centro,Rutina flexible,Movilidad mixta,35.13,44.34367150650871,42.79,38.32566270171002,16.3,11.550665791781247,73.78000000000002,3.016131,60.93009112090909,36.32,81.3465909090909,-45.026590909090906,105.95668203,7.024691259784185,3.666473899460397,4.0085602597841845,0.650342899460397,2.3290405024795624,1.3290405024795622,45.02659090909092,72.81623116368854,223.2497716990909,-9.21367150650871,4.464337298289976,4.7493342082187535,168,168,0
753,01358-1-01,60 o mas,Mujeres,Quintil medio,Norte,Cuidadores domesticos,Movilidad activa,59.7,60.98417993536127,38.3,33.069321133051474,6.02,9.966498931587253,63.980000000000004,3.073561,144.5558774142857,25.35,64.2857142857143,-38.935714285714305,183.49159170000001,4.794526892754525,4.227094099644924,1.7209658927545246,1.1535330996449242,1.5599257319944275,0.5599257319944275,38.93571428571431,42.88271965202321,175.1559378057143,-1.2841799353612657,5.230678866948523,-3.9464989315872536,168,168,0
767,01378-1-02,60 o mas,Mujeres,Quintil bajo,Centro,Cuidadores domesticos,Usuarios publicos,53.07,65.83504199788392,39.62,32.09277309473709,14.91,9.672184907378984,60.400000000000006,2.933092,155.65919244,0,0,0,155.65919244,4.313496058306623,0,1.3804040583066235,-2.933092,1.4706310127014848,0.47063101270148483,0,37.441042563657334,159.94150675999995,-12.76504199788392,7.527226905262907,5.237815092621016,168,168,0
770,01385-1-02,60 o mas,Mujeres,Quintil bajo,Centro,Trabajadores rutinarios,Movilidad activa,24.61,31.07822620581824,32.36,27.103320275533793,9.38,8.16845351864799,101.64999999999999,1.681085,23.66482806557,11.65,16.85667752443,-5.206677524430001,28.87150559,3.898819985191744,2.0411647641168416,2.2177349851917443,0.3600797641168416,2.31922834668785,1.31922834668785,17.706673784429995,28.580311835637957,87.87516168443,-6.46822620581824,5.256679724466206,1.211546481352011,168,168,0
773,01393-1-01,60 o mas,Mujeres,Quintil bajo,Centro,Cuidadores domesticos,Movilidad activa,31.21,30.18237937445744,34.66,32.17934461744043,6.19,9.698276008102134,95.94,2.988872,2.7445342004598103,80.64,171.1781609195402,-90.5381609195402,93.28269512000001,10.049730954500225,10.664319030639268,7.060858954500224,7.675447030639267,3.362382515711688,2.362382515711688,90.5381609195402,87.46673440523355,212.63358211954022,1.0276206255425606,2.4806553825595685,-3.5082760081021336,168,168,0
783,01417-1-01,60 o mas,Mujeres,Quintil bajo,Sur,Cuidadores domesticos,Usuarios publicos,58.93,49.66958184518451,27.83,39.5736357269372,14.41,11.926782427878296,66.83,2.798499,75.9341049085714,77.09,103.5714285714286,-26.481428571428594,102.41553348,5.892223671712773,10.136057067693436,3.093724671712773,7.337558067693436,2.1054942923734377,1.1054942923734377,88.9814411614286,63.06617021559562,207.19003892142865,9.26041815481549,-11.7436357269372,2.4832175721217045,168,168,0
784,01419-1-02,60 o mas,Mujeres,Quintil bajo,Centro,Cuidadores domesticos,Movilidad activa,47.85,45.15484915795465,49.5,44.910064661537795,6.25,13.535086180507538,64.4,3.039074,31.025751506061027,90,204.39393939393898,-114.39393939393898,145.4196909,8.743444225883714,9.87305748210922,5.704370225883714,6.83398348210922,2.877009321222094,1.8770093212220942,114.39393939393898,106.20317654380085,283.82231489393894,2.6951508420453507,4.589935338462205,-7.2850861805075375,168,168,0
810,01486-1-01,60 o mas,Hombres,Quintil bajo,Sur,Trabajadores moviles,Movilidad mixta,51.46,44.10517580016472,27.9,37.42546255128951,13.45,11.279361648545791,75.18999999999998,2.586036,54.74742067999999,62.919999999999995,18.75,44.169999999999995,10.57742068,5.859365317834856,9.114777861069555,3.2733293178348557,6.528741861069555,2.2657709783757287,1.2657709783757285,78.32999188000001,59.31015172555479,185.26258048000005,7.354824199835278,-9.525462551289515,2.1706383514542082,168,168,0
817,01504-1-01,60 o mas,Hombres,Quintil bajo,Centro,Rutina flexible,Motorizados privados,18.15,42.78874653450557,67.19,43.470135922583374,14.02,13.10111754291105,68.64,3.579152,26.631383236090194,39.01,77.3402255639098,-38.3302255639098,64.9616088,10.760769403951487,2.2710431485769957,7.181617403951487,-1.3081088514230044,3.0065136669109016,2.006513666910901,38.3302255639098,126.51604450037848,328.99315948390984,-24.63874653450557,23.719864077416624,0.9188824570889498,168,168,0
818,01504-1-02,60 o mas,Mujeres,Quintil bajo,Centro,Cuidadores domesticos,Motorizados privados,65.51,76.05577017438652,35.15,29.172240839991574,13.36,8.791988985621899,53.980000000000004,3.214079,210.55431529,0,0,0,210.55431529,4.295896179048621,0,1.0818171790486213,-3.214079,1.3365869908762733,0.3365869908762732,0,33.89493845632205,155.91497228999995,-10.545770174386519,5.977759160008425,4.568011014378101,168,168,0
824,01511-1-01,60 o mas,Hombres,Quintil bajo,Centro,Jovenes trabajadores,Motorizados privados,48.15,47.27632627715549,47.76,42.13495554452457,6.2,12.69871817831994,65.89,3.597791,70.483625,59.75,0,59.75,10.733625,8.740470276787287,9.162277895392757,5.142679276787287,5.564486895392757,2.429399116509905,1.4293991165099047,102.75001164999999,99.60671619301353,296.88681400999997,0.873673722844508,5.625044455475425,-6.4987181783199395,168,168,0
843,01541-1-01,60 o mas,Hombres,Quintil bajo,Centro,Trabajadores rutinarios,Motorizados privados,62.13,49.865661152751464,19.64,30.91662410329949,8.33,9.317714743949033,77.9,3.69622,131.29617318,76.65,0,76.65,54.64617318,6.340482287643448,16.919024157117274,2.6442622876434485,13.222804157117274,1.7153963475235372,0.7153963475235372,98.34997541999999,53.01828088602301,201.73324881999994,12.264338847248538,-11.27662410329949,-0.9877147439490326,168,168,0
846,01545-1-02,60 o mas,Hombres,Quintil bajo,Sur,Cuidadores domesticos,Motorizados privados,57.74,68.56615953841127,37.59,28.872260237171155,10.81,8.70158022441759,61.859999999999985,3.254182,187.89646868000003,0,0,0,187.89646868000003,4.511533592020159,0,1.257351592020159,-3.254182,1.38638023073699,0.3863802307369898,0,35.23029349902626,157.50240880000004,-10.826159538411268,8.717739762828849,2.1084197755824103,168,168,0
847,01546-1-01,60 o mas,Mujeres,Quintil bajo,Norte,Cuidadores domesticos,Usuarios publicos,39.62,36.34811827760359,24.63,31.744622996300162,13.41,9.567258726096245,90.34,3.105157,49.39632033999999,76.36999999999999,150,-73.63000000000001,123.02632034,7.392461153283332,9.313390512075646,4.287304153283332,6.208233512075646,2.3807044710729057,1.380704471072906,73.63000000000001,63.47029356652875,191.75017228000002,3.271881722396408,-7.114622996300163,3.842741273903755,168,168,0
863,01584-1-01,60 o mas,Hombres,Quintil alto,Centro,Rutina flexible,Movilidad activa,29.4,42.83435428451356,60.96,43.48119512712738,9.06,13.104450588359084,68.57999999999998,3.479486,26.2668884,73.97,150,-76.03,102.2968884,10.439890450621476,5.224640410898984,6.960404450621477,1.745154410898984,3.0004116845480846,2.0004116845480846,76.03,122.77464765200494,319.66360972000007,-13.43435428451356,17.478804872872622,-4.0444505883590836,168,168,0
865,01587-1-03,60 o mas,Mujeres,Quintil bajo,Sur,Rutina flexible,Motorizados privados,43.81,46.54242403341599,36.54,39.39471655949984,17.46,11.872859407084178,70.19,3.145075,70.36984617944779,49.17,116.5858895705522,-67.4158895705522,137.78573575,7.133768343416458,6.007060844576572,3.988693343416458,2.8619858445765725,2.268234729987825,1.268234729987825,67.4158895705522,76.009568087448,237.24993957055221,-2.732424033415988,-2.854716559499842,5.587140592915823,168,168,0
868,01592-1-01,60 o mas,Hombres,Quintil alto,Centro,Trabajadores moviles,Motorizados privados,70.73,60.37033887838546,42.02,48.21771007277414,10.37,14.5319510488404,44.879999999999995,7.296088,237.33230978999998,221.27999999999997,0,221.27999999999997,16.05230979,15.576392591227568,25.598425129640322,8.28030459122757,18.30233712964032,2.134896480309389,1.134896480309389,278.71999445000006,203.13499525652165,660.9620447700001,10.359661121614543,-6.197710072774136,-4.1619510488404,168,168,0
873,01601-1-02,60 o mas,Hombres,Quintil bajo,Norte,Rutina flexible,Movilidad mixta,27.86,35.59706969679269,39.52,30.892489342357106,8.42,9.310440960850233,92.19999999999997,3.155145,49.97717840967739,22.720000000000002,60.645161290322605,-37.925161290322606,87.9023397,7.460705290910917,3.8064745278223664,4.3055602909109165,0.6513295278223663,2.3646156645450263,1.364615664545026,37.925161290322606,62.33673805880957,189.18281259032267,-7.7370696967926875,8.627510657642897,-0.890440960850233,167.99999999999997,168,0
888,01624-1-01,60 o mas,Hombres,Quintil medio,Centro,Trabajadores rutinarios,Usuarios publicos,52.5,47.54168135701018,41.62,45.99596240332895,13.28,13.862356239660878,60.599999999999994,2.900797,39.191172844827996,108.02,108.620689655172,-0.6006896551720047,39.7918625,7.935303987860062,9.912571959346401,5.034506987860063,7.011774959346401,2.735559912624035,1.735559912624035,113.100669655172,98.71759381054304,272.354424955172,4.958318642989823,-4.3759624033289555,-0.5823562396608786,168,168,0
889,01626-1-01,60 o mas,Mujeres,Quintil bajo,Centro,Cuidadores domesticos,Usuarios publicos,44.81,47.54556997637209,22.16,22.464141571858498,9.81,6.77028845176941,91.22,3.007122,116.35506274592589,24.43,42.8240740740741,-18.394074074074098,134.74913682,4.3813837482085205,2.7683998432569523,1.3742617482085207,-0.23872215674304753,1.4570023258811984,0.45700232588119827,18.394074074074098,26.6202667325621,114.5317644140741,-2.7355699763720907,-0.3041415718584979,3.0397115482305903,168,168,0
890,01628-1-02,60 o mas,Mujeres,Quintil bajo,Centro,Cuidadores domesticos,Movilidad activa,46.38,42.475240737357574,31.88,40.837170244586275,17.36,12.307589018056131,72.38000000000001,3.089732,38.351770160000015,76.55,181.5,-104.95,143.30177016000002,8.409695166881416,10.255525523907593,5.319963166881417,7.165793523907594,2.721820263660866,1.7218202636608666,104.95,92.88534035391727,257.08840368,3.904759262642429,-8.957170244586276,5.0524109819438685,168,168,0
894,01641-1-01,60 o mas,Mujeres,Quintil bajo,Sur,Rutina flexible,Motorizados privados,33.67,38.870544040638045,49.21,39.59594877876482,7.52,11.933507180597159,77.59999999999998,3.159217,20.36732077074911,63.43,126.9335205992509,-63.5035205992509,83.87084137000001,9.56485842687685,7.2945237416775965,6.40564142687685,4.135306741677597,3.02760412686968,2.02760412686968,86.00351561925089,102.43316276168329,265.2258960292509,-5.200544040638043,9.61405122123518,-4.4135071805971595,167.99999999999997,168,0
899,01647-1-01,60 o mas,Hombres,Quintil bajo,Centro,Rutina flexible,Movilidad activa,9.87,30.62369718063071,42.34,28.78194268240078,15.87,8.674360136968536,99.91999999999999,3.163806,31.226765219999997,0,0,0,31.226765219999997,8.43478339977651,0,5.27097739977651,-3.163806,2.6660242125391096,1.6660242125391094,0,65.66067166226253,184.16514726000005,-20.75369718063071,13.558057317599225,7.195639863031463,168,168,0
900,01648-1-01,60 o mas,Mujeres,Quintil bajo,Centro,Cuidadores domesticos,Movilidad activa,64.82,50.65603875296941,28.04,45.39325129962274,16.87,13.680709947407843,58.27000000000001,2.849309,59.342209379999986,39.65,165,-125.35,184.69220937999998,6.922739981534354,13.429962635881102,4.073430981534354,10.580653635881102,2.429620648913247,1.4296206489132468,125.35,84.992497743184515,253.31246718999995,14.163961247030585,-17.35325129962274,3.189290052592158,168,168,0
905,01654-1-02,60 o mas,Mujeres,Quintil medio,Sur,Rutina flexible,Usuarios publicos,22.07,29.441769355892482,41.56,30.865825642949122,5.98,9.30240500115839,98.39,3.135104,7.211584852192509,55.580000000000005,117.5601604278075,-61.9801604278075,69.19174528,10.192872947162527,6.273169753302897,7.057768947162527,3.1380657533028966,3.251207279618962,2.251207279618962,61.9801604278075,85.09142402254344,211.0230045878075,-7.371769355892482,10.69417435705088,-3.3224050011583888,168,168,0
909,01662-1-02,60 o mas,Hombres,Quintil alto,Centro,Rutina flexible,Movilidad activa,42.42,50.944847638989884,54.37,48.244982033462215,16.94,14.540170327547889,54.27000000000001,4.355693,71.0490697862837,114.28999999999999,80.5094254937163,33.7805745062837,37.26849528,11.560720351158748,7.673221738616713,7.205027351158749,3.317528738616714,2.6541632642977246,1.6541632642977246,113.71942727371629,150.85104646093106,424.32389510371627,-8.524847638989883,6.125017966537783,2.399829672452112,168,168,0
911,01666-1-01,60 o mas,Hombres,Quintil bajo,Centro,Cuidadores domesticos,Movilidad activa,72.29,65.38140771328493,30.07,40.77864248369103,16.09,12.289949803024056,49.54999999999998,7.966172,368.32458374,167.45,0,167.45,200.87458373999996,13.8282870636619,21.63467811694965,5.8621150636619,13.66850611694965,1.7358760347707656,0.7358760347707657,207.5499901400001,152.51495570615452,575.2684896600002,6.908592286715077,-10.70864248369103,3.8000501969759437,168,168,0
915,01676-1-02,60 o mas,Mujeres,Quintil bajo,Sur,Rutina flexible,Movilidad mixta,28.72,41.163800493265484,36.23,26.199992685424853,10.31,7.896206821309656,92.74000000000001,3.578865,102.7850028,0,0,0,102.7850028,6.284719568080588,0,2.705854568080588,-3.578865,1.756065000518485,0.756065000518485,0,44.53468205233057,166.56037709999995,-12.443800493265485,10.030007314575144,2.4137931786903444,168,168,0
924,01696-1-01,60 o mas,Mujeres,Quintil bajo,Sur,Cuidadores domesticos,Usuarios publicos,50.81,42.02619244707875,25.52,42.24263632350012,20.67,12.731171229421122,71,2.97204,25.089352399999996,67.58000000000001,193.5,-125.91999999999999,151.00935239999998,8.73634778406538,13.117173831331895,5.76430778406538,10.145133831331895,2.9395121815538756,1.9395121815538756,125.91999999999999,99.81417260041592,263.1985276,8.783807552921253,-16.722636323500122,7.93882877057888,168,168,0
934,01711-1-01,60 o mas,Mujeres,Quintil bajo,Norte,Cuidadores domesticos,Movilidad activa,65.87,51.3154951041104,15.38,40.06856091358704,22.21,12.075943982302565,64.53999999999999,3.058781,88.51091437099006,150.68,263.65099009900996,-112.97099009900995,201.48190447000002,6.316416781555992,14.460660512412915,3.2576357815559915,11.401879512412915,2.065011120951775,1.065011120951775,112.97099009900995,68.45194705905584,227.95056788900996,14.554504895889607,-24.68856091358704,10.134056017697436,168,168,0
941,01724-1-01,60 o mas,Hombres,Quintil bajo,Centro,Trabajadores rutinarios,Usuarios publicos,52.88,46.95285794324651,27.4,36.64346147519995,14.36,11.043680581553549,73.36,2.78189,73.74633776,59.14,0,59.14,14.606337759999999,5.738333034493545,8.452640260401738,2.9564430344935446,5.6707502604017375,2.0627462029388455,1.0627462029388453,73.36000544000002,56.871348223738025,189.53173184000002,5.927142056753496,-9.24346147519995,3.316319418446451,168,168,0
942,01728-1-01,60 o mas,Hombres,Quintil medio,Norte,Trabajadores rutinarios,Movilidad mixta,69.13,52.02058286867642,28.52,48.06383981283835,16.92,14.485577318485216,53.43000000000001,1.518177,29.852979781428594,46.330000000000005,96.4285714285714,-50.0985714285714,79.95155120999999,3.7788470550137845,7.952194935226345,2.2606700550137844,6.434017935226345,2.489068833880229,1.489068833880229,75.09859622857141,49.12347265638997,144.08455910857143,17.109417131323575,-19.543839812838353,2.4344226815147856,168,168,0
970,01773-1-01,60 o mas,Hombres,Quintil bajo,Centro,Trabajadores rutinarios,Usuarios publicos,54.37,47.40292124929726,26.15,35.513844438027405,13.1,10.703234312675333,74.38,3.743302,105.56332007,77.03999999999999,0,77.03999999999999,28.523320070000004,7.4834159051615705,12.008884819578956,3.7401139051615706,8.265582819578956,1.999148320162672,0.9991483201626721,97.96000966999998,71.8801298483369,244.88461317,6.96707875070274,-9.363844438027407,2.3967656873246668,168,168,0
976,01779-1-02,60 o mas,Hombres,Quintil bajo,Norte,Cuidadores domesticos,Movilidad activa,67.53,58.68723156392808,34.87,40.55132733317127,9.06,12.221441102900652,56.53999999999999,3.883187,149.01161884,61.78,0,61.78,87.23161884000001,7.1921853851767965,12.400964539896815,3.3089983851767966,8.517777539896816,1.8521346989410494,0.8521346989410493,113.21999926999999,78.88187583503517,283.80840418,8.842768436071921,-5.681327333171275,-3.1614411029006515,168,168,0
983,01788-1-02,60 o mas,Hombres,Quintil bajo,Centro,Rutina flexible,Movilidad activa,35.51,51.3795859610687,45.73,33.364848478007715,13.56,10.05556556092357,73.20000000000002,3.085953,109.58219103000002,0,0,0,109.58219103000002,5.42693305441195,-2.3065467736794667e-15,2.3409800544119497,-3.085953000000002,1.7585922580194675,0.7585922580194675,-2.842170943040401e-14,48.97279640531781,182.96615336999994,-15.869585961068701,12.365151521992281,3.50443443907643,168,168,0
989,01803-1-02,60 o mas,Mujeres,Quintil medio,Sur,Cuidadores domesticos,Movilidad activa,41.7,42.23366010619071,13.55,25.239583220728328,19.83,7.606756673080958,92.92,2.974807,91.83224960444764,32.13,64.34720229555239,-32.21720229555239,124.04945190000002,4.952039661342288,4.644029960857243,1.9772326613422875,1.669222960857243,1.664659139682772,0.6646591396827718,32.21720229555238,33.80473811506924,131.51625995555236,-0.5336601061907089,-11.689583220728327,12.22324332691904,168,168,0
991,01809-1-01,60 o mas,Mujeres,Quintil alto,Sur,Cuidadores domesticos,Motorizados privados,71.78,54.09223601772976,40.09,49.19982204081873,6.25,14.827941941451513,49.879999999999995,5.446999,113.32398094083702,207.33,180.491631799163,26.83836820083701,86.48561274000001,13.625806350923913,28.830576389045035,8.178807350923913,23.383577389045037,2.501525399752031,1.501525399752031,277.661607279163,181.31637455550094,530.075540939163,17.68776398227024,-9.109822040818727,-8.577941941451513,168,168,0
1005,01834-1-01,60 o mas,Hombres,Quintil alto,Norte,Trabajadores rutinarios,Motorizados privados,73.73,50.72706770052888,24.82,43.28700663260609,8.51,13.045925666865045,60.93999999999999,11.787427,277.16391385551015,330.72999999999996,97.6530612244898,233.07693877551014,44.08697508,27.399038553116895,85.45224574791129,15.611611553116896,73.6648187479113,2.324429118680175,1.3244291186801749,591.9230788544899,320.77769358853186,984.7980207644898,23.002932299471126,-18.467006632606086,-4.535925666865046,168,168,0
1017,01865-1-01,60 o mas,Mujeres,Quintil bajo,Centro,Cuidadores domesticos,Movilidad activa,85.04,48.9401946622412,20.7,46.473521400888785,3.68,14.006283936870027,58.57999999999999,1.584272,25.646481120000004,73.42,157.5,-84.08,109.72648112,4.128106529255344,21.528064602685802,2.5438345292553444,19.943792602685804,2.605680419306372,1.605680419306372,109.08000976,51.88809895793818,147.70456112000002,36.09980533775881,-25.773521400888786,-10.326283936870027,168,168,0
1018,01867-1-01,60 o mas,Hombres,Quintil bajo,Centro,Trabajadores rutinarios,Usuarios publicos,52.45,40.719303057460856,15.42,31.444031184919975,13.77,9.476665757619179,86.36,3.116911,72.3620048,58.879999999999995,0,58.879999999999995,13.4820048,6.414997821576786,15.020107063795795,3.298086821576786,11.903196063795795,2.0581267227639115,1.0581267227639113,91.11997715000001,54.55643881213338,182.10260924,11.730696942539147,-16.024031184919977,4.293334242380821,168,168,0
1023,01876-1-02,60 o mas,Mujeres,Quintil alto,Sur,Cuidadores domesticos,Motorizados privados,44.73,49.622337521763,34.4,32.45600577157222,12.73,9.781656706664778,76.14,2.951003,100.68305388239071,25.91,57.22531030760928,-31.315310307609277,131.99836419,5.212061699543509,3.1970748267739477,2.2610586995435087,0.24607182677394768,1.7662000680932919,0.7662000680932919,31.31531030760928,45.752613011344465,170.3960816976093,-4.892337521763004,1.9439942284277762,2.9483432933352223,168,168,0
1042,01905-1-01,60 o mas,Mujeres,Quintil bajo,Centro,Trabajadores rutinarios,Movilidad mixta,48.25,53.967310192076226,17.81,18.920416415784647,12.53,5.702273392139129,89.41,1.284819,61.99254,0,0,0,61.99254,1.4354575650739947,-3.6872357162252553e-6,0.15063856507399476,-1.2848226872357162,1.1172449699716418,0.11724496997164174,-2.3249999998142812e-5,7.345685513673182,38.981385210000006,-5.717310192076226,-1.1104164157846483,6.82772660786087,168,168,0
1052,01926-1-01,60 o mas,Hombres,Quintil bajo,Norte,Trabajadores rutinarios,Motorizados privados,51.49,47.669667375062176,33.55,39.135574097519786,13.56,11.794758527418047,69.39999999999999,3.862499,94.27005163999999,57.89,0,57.89,36.38005164,8.488957904306957,10.684487856963182,4.626458904306958,6.821988856963182,2.1977890231963704,1.1977890231963704,104.61002187000003,89.8539909265103,286.57234976000007,3.8203326249378264,-5.585574097519789,1.7652414725819536,168,168,0
1053,01928-1-01,60 o mas,Mujeres,Quintil bajo,Sur,Cuidadores domesticos,Movilidad activa,24.75,30.776552084221947,42.28,32.90613142782821,6.57,9.917316487949842,94.4,2.913739,2.0750402500000007,89.96,160,-70.04,72.11504025,9.842717118354587,6.8988243968349865,6.928978118354587,3.9850853968349864,3.3780366458198854,2.3780366458198854,70.04,87.59979984332877,212.37615015,-6.026552084221947,9.373868572171794,-3.3473164879498416,168,168,0
1057,01939-1-01,60 o mas,Hombres,Quintil bajo,Centro,Cuidadores domesticos,Movilidad activa,76.85,65.00914977836243,20.62,29.039013547164604,5.33,8.751836674472965,65.2,2.963644,159.75729108979593,54.94000000000001,2.93877551020408,52.00122448979593,107.7560666,4.1897778855583985,12.608316154315803,1.2261338855583985,9.644672154315803,1.4137250916636406,0.41372509166364063,67.99875031020406,32.9066855959492,144.90531211020405,11.840850221637567,-8.419013547164603,-3.4218366744729654,168,168,0
1079,01983-1-01,60 o mas,Mujeres,Quintil bajo,Centro,Trabajadores rutinarios,Movilidad activa,63.47,57.401640895045965,24.53,34.85399235002555,14.76,10.504366754928485,65.24,2.889888,120.42119914,52.00000000000001,0,52.00000000000001,68.42119914,4.82275684596634,7.715285262786459,1.9328688459663397,4.825397262786459,1.6688386698606796,0.6688386698606796,62.999992219999996,45.463114062902605,176.54369174000004,6.068359104954034,-10.323992350025549,4.255633245071515,168,168,0
1083,01994-1-01,60 o mas,Mujeres,Quintil bajo,Centro,Trabajadores moviles,Usuarios publicos,57.46,61.965331976045405,44.44,35.7886209960932,6.64,10.786047027861398,59.459999999999994,2.836695,131.49649588,93.5,0,93.5,37.996495880000005,4.574607441959418,2.9672433834572494,1.7379124419594176,0.13054838345724917,1.6126539659566563,0.6126539659566564,31.499998820000002,44.280251509788144,176.39837942000003,-4.5053319760454045,8.651379003906797,-4.146047027861399,168,168,0
1091,02008-1-01,60 o mas,Mujeres,Quintil alto,Centro,Cuidadores domesticos,Usuarios publicos,40.56,38.17685981854833,38.98,35.22650485411744,4.48,10.616635327334226,83.98,3.784843,51.58428580913859,89.41,71.3389513108614,18.071048689138593,33.51323712,9.751638171766407,11.284994031872127,5.966795171766407,7.500151031872127,2.576497406039407,1.5764974060394068,101.9289462708614,92.90913483707531,266.4182230508614,2.3831401814516724,3.7534951458825603,-6.136635327334226,168,168,0
1100,02026-1-02,60 o mas,Hombres,Quintil alto,Centro,Cuidadores domesticos,Movilidad activa,49.96,44.71291753038654,38.31,43.259459126032546,12.74,13.037623343580922,66.99,3.210428,40.362982880000004,67.47,187.5,-120.03,160.39298288,8.819066139366779,11.313255120874052,5.608638139366779,8.102827120874052,2.747006361571348,1.7470063615713478,120.03,103.1846195212438,283.9223494,5.24708246961346,-4.949459126032544,-0.2976233435809217,168,168,0
1105,02033-1-01,60 o mas,Mujeres,Quintil medio,Centro,Jovenes trabajadores,Motorizados privados,45.95,50.14095906190481,54.38,42.37728808751544,4.96,12.771752850579764,62.70999999999999,12.299313,292.4634106,227.31,0,227.31,65.1534106,28.288942192352977,22.11134830365902,15.989629192352977,9.812035303659021,2.30004246516476,1.3000424651647597,272.69002175,324.2359390225537,1002.5312551700002,-4.190959061904806,12.002711912484564,-7.811752850579764,168,168,0
1106,02037-1-01,60 o mas,Hombres,Quintil bajo,Sur,Trabajadores rutinarios,Movilidad mixta,71.6,55.954341881290006,22.84,33.28435257572949,4.83,10.031305542980498,68.73,3.228215,132.5302144,51.39,0,51.39,81.1402144,5.343374734299674,17.147674496705964,2.115159734299674,13.919459496705963,1.655210304858776,0.6552103048587762,98.60997959999997,48.1024313763086,187.93468864999997,15.645658118709989,-10.444352575729493,-5.2013055429804975,168,168,0
1107,02038-1-01,60 o mas,Hombres,Quintil bajo,Sur,Trabajadores rutinarios,Motorizados privados,50.85,46.01949798785286,34.89,39.24328219908925,11.35,11.82721981305788,70.91000000000001,2.956355,64.31758073385829,61.919999999999995,35.4330708661417,26.486929133858297,37.830651599999996,6.758319338617292,8.950352704088191,3.801964338617292,5.993997704088191,2.286031054666064,1.286031054666064,86.0130710161417,71.73239224002045,222.7149262161417,4.830502012147143,-4.35328219908925,-0.4772198130578804,168,168,0
1123,02082-1-01,60 o mas,Hombres,Quintil bajo,Centro,Trabajadores moviles,Usuarios publicos,58.9,47.89815055232708,24.68,37.146547716521205,12.66,11.195301731151725,71.75999999999999,2.836241,77.44458230000001,60.39,0,60.39,17.0545823,5.813378327655131,11.547174953505834,2.977137327655131,8.710933953505835,2.049677135213521,1.0496771352135208,89.61001259999998,58.4061161206827,195.51525153999998,11.001849447672917,-12.466547716521205,1.4646982688482755,168,168,0
1154,02141-1-01,60 o mas,Mujeres,Quintil bajo,Centro,Cuidadores domesticos,Movilidad activa,45.96,53.87794577000385,18.76,21.540219332605368,17.19,6.491834897390795,86.08999999999999,3.138846,144.26136216,0,0,0,144.26136216,4.266002720290785,0,1.1271567202907846,-3.138846,1.3590990830040035,0.35909908300400356,0,24.85321240839349,112.84151370000004,-7.917945770003847,-2.780219332605366,10.698165102609206,168,168,0
1171,02163-1-02,60 o mas,Mujeres,Quintil alto,Sur,Rutina flexible,Motorizados privados,23.61,39.35874417507972,49.2,37.29209020425429,15.08,11.239165620666002,80.10999999999999,3.180154,39.57343594,33.49,69,-35.51,75.08343594,8.48618374455983,2.658081699358559,5.3060297445598295,-0.5220723006414407,2.6684820120534507,1.6684820120534507,35.51,85.59343178335646,239.93029912000006,-15.748744175079722,11.90790979574571,3.840834379333998,168,168,0
1172,02166-1-01,60 o mas,Mujeres,Quintil bajo,Norte,Cuidadores domesticos,Usuarios publicos,53.13,44.60285559891292,26.57,36.08252115001619,11.86,10.874623251070869,76.44000000000001,3.120948,73.56596723999999,57.75,150,-92.25,165.81596724,6.725770738520533,11.55020018938739,3.6048227385205336,8.42925218938739,2.1550409486221924,1.1550409486221922,92.25,65.63722573571607,212.18803163999993,8.527144401087085,-9.512521150016191,0.9853767489291307,168,168,0
1177,02172-1-01,60 o mas,Hombres,Quintil bajo,Centro,Rutina flexible,Motorizados privados,34.3,37.85581362989984,40.7,37.47876140511707,11.63,11.295424964983098,81.36999999999999,3.352469,29.049686700000024,68.56,154.5,-85.94,114.98968670000002,9.654105703539381,7.902020204347298,6.301636703539381,4.549551204347297,2.879700216031641,1.8797002160316414,85.93999999999997,97.86075496401668,261.37470277,-3.555813629899845,3.2212385948829336,0.33457503501690233,168,168,0
1185,02184-1-01,60 o mas,Hombres,Quintil bajo,Sur,Cuidadores domesticos,Motorizados privados,54,65.56076802282242,34.87,29.86765704749559,15.56,9.001574929681999,63.56999999999999,3.160018,170.640972,0,0,0,170.640972,4.522346189994762,0,1.362328189994762,-3.160018,1.4311140601081265,0.4311140601081266,0,36.532235045943224,159.35970774,-11.560768022822415,5.0023429525044065,6.558425070318002,168,168,0
1189,02188-1-01,60 o mas,Mujeres,Quintil medio,Norte,Cuidadores domesticos,Motorizados privados,55.81,46.60002471898352,32.74,39.073826399728915,8.9,11.776148881287584,70.54999999999998,3.149703,72.12397204904762,82.72000000000001,186.3809523809524,-103.6609523809524,175.78492443000002,7.063919926317348,11.978377475415996,3.9142169263173483,8.828674475415996,2.2427257193193606,1.2427257193193606,103.6609523809524,74.65226560840894,234.81458530095244,9.209975281016483,-6.333826399728913,-2.876148881287584,168,168,0
1202,02201-1-02,60 o mas,Mujeres,Quintil alto,Centro,Rutina flexible,Movilidad activa,20.93,42.705564558945355,51.74,35.82686296976937,16.66,10.797572471285285,78.66999999999999,2.983438,62.44335734,0,0,0,62.44335734,6.704499697623421,0,3.7210616976234205,-2.983438,2.247239492700509,1.2472394927005088,0,64.96604677661082,204.06715920000002,-21.775564558945355,15.91313703023063,5.862427528714715,168,168,0
1214,02219-1-01,60 o mas,Mujeres,Quintil bajo,Centro,Rutina flexible,Usuarios publicos,17.86,34.92464363188025,55.36,37.51039700270791,10.52,11.304959365411843,84.25999999999999,3.077691,1.5045309569697096,26.84,80.3030303030303,-53.463030303030294,54.967561260000004,10.446532531657269,3.904752411128265,7.368841531657269,0.8270614111282648,3.394275946369297,2.394275946369297,53.463030303030294,105.98273042707547,256.22131338303035,-17.06464363188025,17.849602997292088,-0.7849593654118436,168,168,0
1219,02229-1-01,60 o mas,Mujeres,Quintil bajo,Norte,Rutina flexible,Movilidad activa,40.73,42.739886358543885,55.78,45.3902947461251,5.3,13.679818895331,66.19000000000001,3.069582,7.53407485999999,32.510000000000005,150,-117.49,125.02407485999998,10.072870244508014,9.255404342121967,7.003288244508013,6.185822342121966,3.2815120249297833,2.281512024929783,117.49,123.65951098823187,304.98006856,-2.0098863585438878,10.3897052538749,-8.379818895330999,168,168,0
1220,02230-1-01,60 o mas,Hombres,Quintil bajo,Norte,Trabajadores rutinarios,Movilidad activa,70.76,57.86709257607484,25.77,33.574236175081,5.03,10.11867124884417,66.44,2.36551,102.44348360000001,35.06,0,35.06,67.3834836,3.7928632823802104,10.145071582367338,1.4273532823802104,7.779561582367338,1.6034019227905232,0.6034019227905232,64.94000400000002,34.441702559630784,137.797712,12.892907423925166,-7.804236175080998,-5.088671248844169,168,168,0
1221,02233-1-01,60 o mas,Mujeres,Quintil bajo,Sur,Cuidadores domesticos,Movilidad activa,45.09,44.23846286232657,39.45,34.664330926438545,4.81,10.447206211234894,78.64999999999999,2.971806,73.51972410975611,68.21000000000001,98.6890243902439,-30.479024390243893,103.9987485,6.1808383327223275,6.5748639971093175,3.2090323327223276,3.6030579971093175,2.0798256456586763,1.0798256456586761,60.47900843024391,57.94840525528318,192.0111419902439,0.8515371376734322,4.785669073561458,-5.637206211234894,168,168,0
1227,02241-1-01,60 o mas,Mujeres,Quintil bajo,Centro,Cuidadores domesticos,Movilidad activa,42.21,41.98868462498701,41.26,38.65991265563448,8.83,11.65140271937852,75.7,2.972907,45.75640447000001,66.52,146.25,-79.73,125.48640447000001,7.562246809948112,7.658862163026334,4.589339809948112,4.685955163026334,2.543721283561212,1.543721283561212,79.73,79.07204997241625,228.64291163000001,0.22131537501299192,2.6000873443655195,-2.8214027193785203,168,168,0
1232,02249-1-01,60 o mas,Hombres,Quintil bajo,Sur,Trabajadores rutinarios,Usuarios publicos,54.43,44.06901785446142,33.18,41.25689548503911,10.15,12.43408666049949,70.23999999999998,3.825486,56.87064651856509,103.22999999999999,79.5805739514349,23.64942604856509,33.22122047,10.011582866805163,16.806947914447356,6.186096866805164,12.981461914447356,2.617074762998783,1.6170747629987832,151.35055646143493,111.71476431742713,317.10886484143504,10.360982145538578,-8.07689548503911,-2.28408666049949,168,168,0
1236,02253-1-03,60 o mas,Mujeres,Quintil bajo,Centro,Cuidadores domesticos,Movilidad activa,57.87,68.70361974929233,23.99,29.004842204612064,24.59,8.741538046095608,61.55,2.995288,173.33731655999998,0,0,0,173.33731655999998,4.136474823131902,0,1.141186823131902,-2.995288,1.3809940223216939,0.38099402232169394,0,32.449811231618355,145.51109104000005,-10.833619749292332,-5.014842204612066,15.848461953904392,168,168,0
1237,02257-1-01,60 o mas,Hombres,Quintil medio,Sur,Trabajadores rutinarios,Motorizados privados,51.67,49.79433939410056,33.21,39.66218962500004,16.53,11.953470980899395,66.59,8.626323,230.61210921000003,209.89000000000001,0,209.89000000000001,20.72210921,18.54437478187314,20.808862519756225,9.918051781873142,12.182539519756226,2.149742686643329,1.1497426866433291,215.11000019999994,198.9299459751357,644.1833062199998,1.8756606058994407,-6.452189625000038,4.576529019100606,168,168,0
1252,02275-1-01,60 o mas,Mujeres,Quintil bajo,Centro,Cuidadores domesticos,Usuarios publicos,44.92,39.793899867093046,30.9,36.25845391043374,11.16,10.92764622247321,81.02000000000001,3.024531,45.86193252000001,70.5,160.5,-90,135.86193252,7.596474882953637,10.29595799909902,4.5719438829536365,7.27142699909902,2.511620771271194,1.5116207712711942,90,74.49595123891879,217.21177385999997,5.126100132906956,-5.358453910433738,0.23235377752678943,168,168,0
1259,02287-1-01,60 o mas,Hombres,Quintil bajo,Norte,Cuidadores domesticos,Motorizados privados,71.57,61.43277288577717,31.98,38.61835048572783,8.14,11.638876628494996,56.31,5.395909,233.54517092999998,147.35999999999999,0,147.35999999999999,86.18517093,9.376855669835548,18.306320315536777,3.9809466698355482,12.910411315536777,1.7377712763198099,0.7377712763198098,152.64003619999994,97.94048117932101,369.12390528,10.137227114222824,-6.63835048572783,-3.4988766284949957,168,168,0
1269,02296-1-01,60 o mas,Mujeres,Quintil bajo,Centro,Rutina flexible,Movilidad activa,44.61,54.751484108870415,49.03,46.50326712709392,21.63,14.015248764035663,52.730000000000004,3.077681,80.81711411588229,34.11,90.58823529411771,-56.47823529411771,137.29534941,6.972005806909308,3.8459267332246334,3.8943248069093075,0.7682457332246333,2.2653438764151668,1.265343876415167,56.47823529411771,87.69048824779013,273.94717475411767,-10.141484108870415,2.5267328729060807,7.614751235964336,168,168,0
1271,02298-1-01,60 o mas,Mujeres,Quintil bajo,Centro,Cuidadores domesticos,Movilidad activa,53.7,45.52874118585022,30.16,34.51043428437048,6.58,10.400824529779293,77.56,3.089693,82.6365141,51.72,135,-83.28,165.9165141,6.217498670424341,10.906743148206159,3.127805670424341,7.8170501482061585,2.0123354231065482,1.0123354231065484,83.28,58.03331884073313,196.79532081999997,8.17125881414978,-4.350434284370483,-3.8208245297792924,168,168,0
1281,02318-1-01,60 o mas,Mujeres,Quintil bajo,Norte,Rutina flexible,Movilidad mixta,39.1,51.26440720251655,58.52,43.66557379349366,10.47,13.160019003989797,59.91,3.1070159999999998,75.68778239012349,39.080000000000005,84.8765432098765,-45.796543209876496,121.48432559999999,7.078022351718679,3.1940379674383825,3.971006351718679,0.08702196743838275,2.278077213544661,1.2780772135446612,45.7965432098765,83.59155101861066,260.1495770498765,-12.16440720251655,14.854426206506346,-2.6900190039897964,168,168,0
1285,02322-1-04,60 o mas,Mujeres,Quintil bajo,Norte,Trabajadores rutinarios,Usuarios publicos,49.54,53.60837024055799,23.53,26.204165366934074,14.64,7.897464392507933,80.29,2.476291,107.15546904,9.479999999999999,0,9.479999999999999,97.67546904,3.6113059591558483,1.9564228078777244,1.1350149591558485,-0.5198681921222754,1.4583528184514052,0.4583528184514052,15.519987099999994,25.59445571136156,110.04001456999997,-4.068370240557989,-2.674165366934073,6.7425356074920675,168,168,0
1293,02344-1-02,60 o mas,Mujeres,Quintil medio,Centro,Rutina flexible,Motorizados privados,30.93,37.45793768449065,47.5,40.189630220468494,11.33,12.11243209504087,78.24,2.997624,2.356510319999998,59.64,150,-90.36,92.71651032,10.113098325751613,7.390450202547563,7.115474325751613,4.392826202547563,3.373704749412072,2.373704749412072,90.36,109.92830267353361,266.71021992000004,-6.527937684490652,7.310369779531506,-0.7824320950408694,168,168,0
1296,02348-1-01,60 o mas,Hombres,Quintil bajo,Centro,Trabajadores rutinarios,Motorizados privados,62.62,56.44174293404224,31.93,40.80143731157264,14.99,12.29681975438513,58.45999999999999,3.526492,124.26893546,115.94,0,115.94,8.32893546,6.775708114324047,9.902223990385881,3.2492161143240468,6.375731990385881,1.9213734539378076,0.9213734539378075,96.55999358,74.77241946295649,262.0229982200001,6.178257065957759,-8.871437311572642,2.6931802456148706,167.99999999999997,168,0
1302,02358-1-01,60 o mas,Mujeres,Quintil bajo,Sur,Cuidadores domesticos,Motorizados privados,30.95,43.6285905315051,31.83,27.287459651915906,16.36,8.223949816578983,88.86000000000001,3.048771,94.35946245,0,0,0,94.35946245,5.23746811376843,0,2.18869711376843,-3.048771,1.7178948874049347,0.7178948874049347,0,38.65411913332733,146.92027448999997,-12.678590531505098,4.542540348084092,8.136050183421016,168,168,0
1303,02358-1-02,60 o mas,Hombres,Quintil bajo,Sur,Trabajadores rutinarios,Motorizados privados,42.8,41.113098092718126,36.44,41.83775471612526,16.32,12.60914719115661,72.44,4.602261,31.30675120000001,121.83000000000001,100,21.830000000000013,9.476751199999999,13.954691400239069,15.108893429638224,9.352430400239069,10.506632429638223,3.0321382034263307,2.0321382034263307,165.6700196,157.906456741291,408.48530996000005,1.6869019072818716,-5.397754716125263,3.7108528088433896,168,168,0
1307,02368-1-01,60 o mas,Mujeres,Quintil medio,Centro,Cuidadores domesticos,Movilidad activa,54.28,51.7795387222999,28.93,35.700862947988675,15.03,10.759598329711446,69.75999999999999,2.989526,101.67919057824562,64.32000000000001,124.9122807017544,-60.59228070175439,162.27147128000001,5.501033012295275,6.63213162874722,2.5115070122952745,3.6426056287472197,1.8401020804954613,0.8401020804954613,60.59228070175439,53.1170867000767,192.0118436617544,2.5004612777001043,-6.770862947988675,4.270401670288553,168,168,0
1315,02378-1-01,60 o mas,Mujeres,Quintil bajo,Centro,Rutina flexible,Movilidad activa,42.43,56.845631029965006,67.82,46.730604737015845,7.41,14.083764233019147,50.34,3.945746,115.13800801000002,47.720000000000006,0,47.720000000000006,67.41800801000001,8.63679253571363,3.3437823020237523,4.69104653571363,-0.6019636979762479,2.1888871041657594,1.1888871041657596,52.27999476999997,109.16041324396028,349.11846635,-14.415631029965006,21.089395262984148,-6.673764233019147,168,168,0
1316,02379-1-01,60 o mas,Mujeres,Quintil bajo,Norte,Cuidadores domesticos,Movilidad activa,41.14,36.737234952689235,30.71,36.10220840998558,11.87,10.880556637325197,84.28,3.131156,28.135757839999997,49.32,150,-100.68,128.81575784,8.8990985619548,11.37708678559342,5.7679425619548,8.24593078559342,2.842112804968772,1.8421128049687718,100.68,86.8942558055226,234.00462247999997,4.402765047310766,-5.392208409985578,0.9894433626748018,168,168,0
1319,02387-1-01,60 o mas,Mujeres,Quintil bajo,Centro,Trabajadores rutinarios,Usuarios publicos,58.96,43.600748462391664,30.85,43.230389313086924,10.05,13.028862224521408,68.14,2.845854,28.88154612000001,83.59,97.5,-13.909999999999997,42.79154612000001,8.142086098795295,16.34194491879307,5.296232098795294,13.496090918793072,2.8610343674676546,1.8610343674676544,138.91000572000002,95.19981829469116,255.30543432000002,15.359251537608337,-12.380389313086923,-2.978862224521407,168,168,0
1335,02414-1-02,60 o mas,Mujeres,Quintil bajo,Sur,Rutina flexible,Motorizados privados,27.75,39.70867836641917,40.55,29.915367600787135,10.34,9.015954032793687,89.36,3.022311,70.91214911792454,16.760000000000005,29.71698113207547,-12.956981132075466,83.86913025000001,6.068401815548054,1.2250812603027208,3.0460908155480535,-1.7972297396972794,2.0078680901958976,1.0078680901958976,12.95698113207547,49.09982630436616,166.76238792207548,-11.958678366419171,10.634632399212862,1.3240459672063132,168,168,0
1350,02449-1-01,60 o mas,Mujeres,Quintil bajo,Centro,Rutina flexible,Movilidad activa,31.82,44.64755835791156,47.5,44.14725314137153,22.78,13.305188500716914,65.9,2.926277,31.19717211468349,40.13999999999999,102.0569620253165,-61.9169620253165,93.11413413999999,8.329272524395995,4.239077999920051,5.402995524395995,1.312800999920051,2.8463718658199464,1.8463718658199464,61.9169620253165,99.45395101423085,267.5757095853165,-12.827558357911556,3.352746858628471,9.474811499283087,168,168,0
1354,02462-1-01,60 o mas,Mujeres,Quintil bajo,Centro,Rutina flexible,Motorizados privados,26.19,41.28566624532036,48.07,29.287582781336393,5.14,8.826750973343243,88.60000000000001,3.341318,87.50911842,0,0,0,87.50911842,6.367592816770913,0,3.0262748167709135,-3.341318,1.9057129003497761,0.9057129003497763,0,50.43942134748133,177.79153077999996,-15.095666245320356,18.782417218663607,-3.6867509733432433,168,168,0
1358,02467-1-02,60 o mas,Hombres,Quintil alto,Norte,Trabajadores rutinarios,Movilidad mixta,66.72,49.354902426109874,26.91,39.34670729584998,6.93,11.858390278040147,67.44,3.985534,106.48205481931029,125.05,84.48275862068971,40.56724137931029,65.91481344,8.478136640674265,22.66943877156255,4.492602640674265,18.68390477156255,2.127227277618072,1.127227277618072,159.4327736606897,90.2235868666331,294.3032442206897,17.365097573890125,-12.436707295849981,-4.928390278040148,168,168,0
1360,02471-1-01,60 o mas,Mujeres,Quintil alto,Centro,Rutina flexible,Motorizados privados,35.08,45.91807593823139,39.25,40.59678333656685,24.42,12.23514072520174,69.25000000000001,3.098444,60.699776843155206,33.25,81.2436386768448,-47.993638676844796,108.69341552,7.429390137842523,3.626956516586047,4.330946137842522,0.5285125165860469,2.397780995184203,1.3977809951842028,47.993638676844796,81.57481003920222,245.27156815684478,-10.838075938231391,-1.3467833365668511,12.184859274798262,168,168,0
1362,02477-1-01,60 o mas,Mujeres,Quintil bajo,Centro,Trabajadores rutinarios,Movilidad activa,69.77,57.77876058403697,17.01,34.65641801422567,16.1,10.444821401737352,65.12,2.027015,86.2671873790124,53.33,33.4876543209876,19.842345679012396,66.4248417,3.291375906807901,8.01567478656322,1.2643609068079011,5.98865978656322,1.6237550816387156,0.6237550816387156,55.15764917098758,30.8512270062393,122.27211582098758,11.99123941596303,-17.64641801422567,5.6551785982626495,168,168,0
1365,02480-1-01,60 o mas,Mujeres,Quintil alto,Centro,Rutina flexible,Movilidad activa,26.03,40.88471503069283,60.76,43.78828347358203,11.08,13.197001495725132,70.13000000000001,2.954737,3.6839093731578885,89.92999999999999,163.1578947368421,-73.22789473684212,76.91180411,9.889188154629531,4.90460171983716,6.9344511546295315,1.94986471983716,3.3468928553131905,2.346892855313191,73.22789473684212,117.11967086248636,285.49620081684213,-14.85471503069283,16.97171652641797,-2.117001495725132,168,168,0
1369,02488-1-01,60 o mas,Mujeres,Quintil alto,Norte,Trabajadores moviles,Usuarios publicos,48.02,35.446284756139505,29.46,36.387251686856956,5.32,10.96646355700355,85.19999999999999,4.862839,23.59917357681411,128.36,113.2743362831859,15.08566371681411,8.513509860000001,15.116665406137335,29.040633287148708,10.253826406137335,24.177794287148707,3.108609066871705,2.108609066871705,209.91435520318592,148.77040234044657,379.04389562318596,12.573715243860498,-6.927251686856955,-5.64646355700355,168,168,0
1371,02489-1-01,60 o mas,Mujeres,Quintil bajo,Centro,Rutina flexible,Movilidad activa,7.19,38.13317144376519,64.86,38.4797297312706,16.16,11.597098824964188,79.79,2.99542,21.5370698,0,0,0,21.5370698,8.905929510484112,0,5.910509510484112,-2.99542,2.9731822283633385,1.9731822283633387,0,92.68779460608314,242.68892839999998,-30.94317144376519,26.380270268729397,4.562901175035812,168,168,0
1383,02507-1-01,60 o mas,Hombres,Quintil bajo,Centro,Rutina flexible,Usuarios publicos,27.06,33.80982353511669,39.66,31.159318110007742,7.64,9.390858354875563,93.64,3.11389,37.7345672626609,29.830000000000002,76.3572961373391,-46.52729613733911,84.26186340000001,8.014883612817469,4.733040223763515,4.900993612817469,1.6191502237635151,2.5739135334958747,1.5739135334958747,46.52729613733909,67.54550414510362,193.8142931373391,-6.749823535116693,8.500681889992254,-1.7508583548755636,168,168,0
1386,02514-1-01,60 o mas,Mujeres,Quintil bajo,Sur,Rutina flexible,Motorizados privados,38.17,52.114932791669744,47.77,31.147707947675915,6.71,9.387359260654362,75.34999999999998,2.922196,111.54022132,0,0,0,111.54022132,4.837137036759028,0,1.914941036759028,-2.922196,1.6553088967198053,0.6553088967198053,0,40.74982682408617,159.20123808000005,-13.944932791669743,16.622292052324088,-2.677359260654362,167.99999999999997,168,0
1392,02522-1-01,60 o mas,Hombres,Quintil bajo,Centro,Rutina flexible,Movilidad mixta,40.28,43.72249606767513,52.26,43.682410613458316,8.03,13.165093318866537,67.43,3.08897,29.04371160000001,84.11999999999999,179.5,-95.38000000000001,124.42371160000002,8.973138843154818,7.61211876200364,5.884168843154818,4.52314876200364,2.9048967271144805,1.9048967271144808,95.38000000000001,106.01376707816645,281.6140013,-3.4424960676751297,8.577589386541682,-5.135093318866538,168,168,0
1400,02537-1-02,60 o mas,Mujeres,Quintil medio,Centro,Rutina flexible,Movilidad mixta,42.49,49.3403882116203,41.78,39.38091263576752,16.32,11.868699152612175,67.41,3.016741,80.8966442389362,33.46,80.7446808510638,-47.284680851063804,128.18132509,6.379634174655565,3.9159564282087382,3.362893174655565,0.8992154282087381,2.1147437498464616,1.1147437498464616,47.2846808510638,67.95052783497545,222.55733295106384,-6.850388211620299,2.3990873642324786,4.4513008473878255,168,168,0
1402,02539-1-02,60 o mas,Mujeres,Quintil medio,Norte,Rutina flexible,Motorizados privados,44.93,48.909096204145605,52.2,44.65322459455034,9.89,13.457679201304058,60.97999999999999,3.240772,60.4934415155556,59.33,144.4444444444444,-85.1144444444444,145.60788596,8.115314235788615,6.595916211164106,4.874542235788615,3.3551442111641054,2.504129952921284,1.504129952921284,85.1144444444444,98.00978800814578,286.3339779244444,-3.9790962041456055,7.546775405449665,-3.567679201304058,168,168,0
1415,02568-1-02,60 o mas,Mujeres,Quintil medio,Sur,Rutina flexible,Motorizados privados,32.92,43.20510404010554,53.03,40.084229690034405,9.42,12.080666269860075,72.62999999999998,2.935113,45.05744937176468,39.61000000000001,91.1764705882353,-51.5664705882353,96.62391995999998,7.540955554641314,3.9730907600972527,4.605842554641313,1.0379777600972528,2.5692215443294053,1.5692215443294053,51.56647058823531,81.75441316270161,234.86427743823538,-10.285104040105537,12.945770309965596,-2.6606662698600747,168,168,0
1418,02570-1-02,60 o mas,Mujeres,Quintil medio,Centro,Cuidadores domesticos,Movilidad activa,49.19,45.03827560654114,29.84,39.082854580714,16.87,11.77886981274487,72.1,3.059779,62.100529009999974,63.84,152.25,-88.41,150.51052900999997,7.162034651000618,9.107203572924302,4.102255651000618,6.047424572924302,2.340703250463716,1.340703250463716,88.41,75.70664088710686,231.33227709000002,4.151724393458856,-9.242854580713999,5.09113018725513,168,168,0
1421,02574-1-01,60 o mas,Hombres,Quintil bajo,Norte,Rutina flexible,Usuarios publicos,34.95,31.927460532081678,25.45,33.35879754840484,14.94,10.05374191951347,92.66000000000001,3.365398,9.710660100000013,46.589999999999996,154.5,-107.91,117.62066010000001,10.832820909486491,12.855274675342498,7.4674229094864915,9.489876675342497,3.2188825540059427,2.2188825540059427,107.91,97.7379517197466,243.83842521999995,3.0225394679183246,-7.908797548404838,4.886258080486529,168,168,0
1430,02591-1-01,60 o mas,Mujeres,Quintil bajo,Norte,Cuidadores domesticos,Usuarios publicos,58.16,59.16868992193344,34.05,33.4577466715561,10.5,10.083563406510459,65.29,3.169742,141.62219471999998,24.769999999999996,67.5,-42.730000000000004,184.35219471999997,5.075312862372816,4.615074388273134,1.9055708623728163,1.4453323882731346,1.6011753834768938,0.6011753834768938,42.72999999999999,45.927286810529154,183.94200609999996,-1.0086899219334455,0.5922533284438956,0.4164365934895411,168,168,0
1434,02600-1-02,60 o mas,Mujeres,Quintil medio,Centro,Cuidadores domesticos,Movilidad activa,44.6,39.58617021203789,34.3,37.98564055801379,10.12,11.448189229948307,78.98,3.0302,35.29025333333328,66.81,166.66666666666669,-99.85666666666668,135.14691999999997,8.240751410748263,10.816631430240912,5.210551410748264,7.7864314302409126,2.7195404299215444,1.7195404299215444,99.85666666666671,84.66375964318392,234.4581506666667,5.013829787962109,-3.6856405580137945,-1.3281892299483076,168,168,0
1439,02610-1-02,60 o mas,Mujeres,Quintil bajo,Centro,Cuidadores domesticos,Motorizados privados,47.16,41.3221858869083,27.08,36.78229238958343,14.95,11.085521723508268,78.81,3.070014,52.69186024000001,42.910000000000004,135,-92.09,144.78186024000001,7.455306311766387,10.542572690428372,4.385292311766387,7.472558690428372,2.428427463772604,1.4284274637726038,92.089999999999975,74.1678289434109,221.12268842,5.837814113091696,-9.702292389583434,3.864478276491731,168,168,0
1443,02616-1-01,60 o mas,Hombres,Quintil bajo,Centro,Trabajadores rutinarios,Motorizados privados,62.37,55.206020313098584,25.15,36.13387831077891,14.71,10.890101376122532,65.76999999999998,1.649008,63.506681266129,30.9,37.741935483871,-6.841935483871005,70.34861675,2.8168031425625277,4.749108409136162,1.1677951425625277,3.1001004091361617,1.7081803984956578,0.7081803984956578,39.341947693871,27.528487878333074,105.07140657387103,7.163979686901413,-10.983878310778913,3.819898623877469,167.99999999999997,168,0
1458,02635-1-02,60 o mas,Hombres,Quintil bajo,Sur,Trabajadores rutinarios,Movilidad mixta,65.96,51.325250740691544,28.58,44.633127085851186,14.87,13.451622173457258,58.59000000000001,3.535049,81.38406954222219,100.99000000000001,77.7777777777778,23.21222222222221,58.17184731999999,8.2882418418020265,16.808946676570624,4.753192841802027,13.273897676570623,2.3445903696955903,1.3445903696955903,151.78776249777778,100.0532067634087,305.3856415477778,14.63474925930845,-16.053127085851187,1.4183778265427414,168,168,0
1469,02651-1-01,60 o mas,Hombres,Quintil medio,Norte,Trabajadores rutinarios,Movilidad mixta,51.07,39.88848014082489,15.8,29.75415300695143,11.74,8.967366852223657,89.39000000000001,7.523871,176.734077,167.49,0,167.49,9.244076999999999,15.331755416053882,36.25506156778005,7.8078844160538825,28.731190567780047,2.037748310152298,1.0377483101522984,207.51001497,123.38170196562828,414.7174223099999,11.181519859175111,-13.95415300695143,2.772633147776343,168,168,0
1471,02654-1-01,60 o mas,Mujeres,Quintil bajo,Centro,Trabajadores moviles,Usuarios publicos,55.19,42.55705330389716,34.54,45.66141655983617,12.25,13.761530136266655,66.02000000000001,2.912737,3.30045744913037,90.58999999999999,133.04347826086962,-42.45347826086963,45.75393571,9.769942927713126,16.191712661261164,6.857205927713126,13.278975661261164,3.354213898375695,2.354213898375695,157.45349758086962,120.65704632010315,293.7404618108696,12.632946696102834,-11.12141655983617,-1.5115301362666553,168,168,0
1472,02654-1-02,60 o mas,Hombres,Quintil bajo,Centro,Rutina flexible,Movilidad activa,13.23,30.567710698770664,37.32,26.68877290738905,14.75,8.043516393840264,102.70000000000002,3.198679,42.31852317,0,0,0,42.31852317,7.682852977432092,0,4.484173977432093,-3.198679,2.4018830828076503,1.4018830828076505,0,55.45777112023304,166.55521552999994,-17.337710698770664,10.63122709261095,6.706483606159736,168,168,0
1478,02666-1-02,60 o mas,Mujeres,Quintil medio,Sur,Cuidadores domesticos,Motorizados privados,43.79,44.31979176360441,44.94,44.79868875270433,13.89,13.50151948369126,65.38000000000001,3.103856,25.987854240000033,76.07000000000001,186,-109.92999999999999,135.91785424000003,9.208480333668037,8.991060101439281,6.104624333668037,5.887204101439281,2.9667872264911894,1.9667872264911892,109.92999999999996,111.57439734421409,292.52984847999994,-0.5297917636044076,0.14131124729566835,0.38848051630874103,168,168,0
1483,02674-1-01,60 o mas,Hombres,Quintil bajo,Norte,Rutina flexible,Movilidad activa,4.81,47.79434916692345,94.38,50.058821804369295,13.75,15.086829028707253,55.06,3.18996,15.3437076,0,0,0,15.3437076,10.127533458973941,0,6.937573458973941,-3.18996,3.1748151885835374,2.1748151885835374,0,137.11835446851916,344.9303748,-42.98434916692345,44.3211781956307,-1.3368290287072533,168,168,0
1491,02683-1-02,60 o mas,Hombres,Quintil bajo,Centro,Rutina flexible,Usuarios publicos,16.26,36.7297478772104,62.85,37.17605686480497,6,11.204195257984614,82.89000000000001,3.199941,21.031040660000002,29,60,-31,52.03104066,9.597577833204427,2.166462970500322,6.3976368332044276,-1.033478029499678,2.9992983724401254,1.9992983724401254,31,96.50198549194852,251.31593784999993,-20.4697478772104,25.67394313519503,-5.204195257984614,168,168,0
1502,02703-1-01,60 o mas,Hombres,Quintil bajo,Centro,Cuidadores domesticos,Motorizados privados,46.4,60.80815435542972,49.81,33.665629953742574,8.41,10.146215690827708,63.379999999999995,3.248279,150.7201456,0,0,0,150.7201456,5.14000627447295,0,1.8917272744729496,-3.248279,1.5823783223279002,0.5823783223279003,0,46.801705221500924,189.11480338000004,-14.408154355429723,16.14437004625743,-1.7362156908277075,168,168,0
1506,02706-1-01,60 o mas,Mujeres,Quintil bajo,Sur,Rutina flexible,Usuarios publicos,14.66,26.021315761422848,25.52,20.062275150099325,11.95,6.04640908847783,115.87,3.029751,44.41614966,0,0,0,44.41614966,6.34372142016213,0,3.3139704201621303,-3.029751,2.093809497929741,1.0938094979297408,0,34.42195778948664,113.52476997,-11.361315761422848,5.457724849900675,5.903590911522169,168,168,0
1517,02735-1-01,60 o mas,Hombres,Quintil bajo,Norte,Trabajadores moviles,Usuarios publicos,52.81,51.951543223968805,41.94,44.90492084835207,15.64,13.533535927679136,57.61,3.08761,73.44670378999999,35.38999999999999,0,35.38999999999999,38.05670379,7.1599719338641945,7.4882139179560845,4.072361933864194,4.400603917956085,2.3189366318492923,1.3189366318492923,89.60998031000003,86.95940058375834,267.39456411000003,0.858456776031197,-2.9649208483520724,2.1064640723208647,168,168,0
1538,02764-1-01,60 o mas,Hombres,Quintil bajo,Centro,Trabajadores rutinarios,Usuarios publicos,44.66,50.59309150421125,41.3,36.88149030405257,12.63,11.115418191736163,69.41000000000001,4.321665,134.47554858,53.97,0,53.97,80.50554858,8.43804698080336,5.222058125805403,4.11638198080336,0.9003931258054028,1.9524990902356754,0.9524990902356752,58.53001032,84.17084421554713,291.59740376999997,-5.933091504211255,4.418509695947428,1.5145818082638378,168,168,0
1539,02765-1-01,60 o mas,Mujeres,Quintil bajo,Centro,Cuidadores domesticos,Movilidad activa,65.62,63.87235274738769,34.64,34.9302867400171,9.07,10.527360512595223,58.669999999999995,2.984566,146.52722092000002,40.68,90,-49.32,195.84722092,4.668365553855862,5.429199277196828,1.683799553855862,2.4446332771968278,1.5641689792940958,0.5641689792940957,49.31999999999999,44.10403142985987,179.77537986000002,1.7476472526123175,-0.29028674001710186,-1.4573605125952227,168,168,0
1540,02774-1-01,60 o mas,Mujeres,Quintil bajo,Sur,Trabajadores moviles,Movilidad mixta,57.3,53.965864523952376,45.05,43.249510476575104,7.9,13.034624999472513,57.75000000000001,6.808469,196.16527540000004,156.04000000000002,0,156.04000000000002,40.12527540000001,14.640723841839867,17.625430295215406,7.832254841839867,10.816961295215407,2.150369465123491,1.1503694651234906,193.95999829999994,171.25964026952943,554.4684318499999,3.3341354760476207,1.8004895234248934,-5.134624999472512,168,168,0
1544,02782-1-03,60 o mas,Mujeres,Quintil alto,Centro,Rutina flexible,Movilidad activa,32.42,46.37680957297344,49.24,39.35292595646457,15.93,11.860264470562026,70.40999999999997,3.060389,67.86636609438403,27.450000000000003,58.80144528561597,-31.351445285615966,99.21781138,6.958618484553264,2.3147461293447775,3.898229484553264,-0.7456428706552223,2.273769277223668,1.273769277223668,31.351445285615966,74.06471177783857,230.79699641561604,-13.956809572973441,9.887074043535435,4.069735529437974,167.99999999999997,168,0
1545,02786-1-01,60 o mas,Hombres,Quintil bajo,Norte,Jovenes trabajadores,Movilidad mixta,50.96,50.749822607222235,48.52,46.612121790096936,11.93,14.04805560268085,56.58999999999998,3.042939,57.768160879999996,40.199999999999996,0,40.199999999999996,17.568160879999997,7.667233222629143,7.744798149968495,4.624294222629143,4.701859149968495,2.5196802244899232,1.5196802244899232,97.30001056000002,96.66045357459824,281.2456731100001,0.2101773927777657,1.9078782099030676,-2.118055602680851,167.99999999999997,168,0
1557,02823-1-01,60 o mas,Hombres,Quintil bajo,Norte,Cuidadores domesticos,Motorizados privados,62.17,56.148909111264196,36.51,39.53573197141088,8.92,11.915358917324927,60.39999999999999,3.618536,130.43439648,55.47,0,55.47,74.96439648,6.802786998289271,10.011989393832014,3.184250998289271,6.393453393832013,1.8799832303144892,0.8799832303144892,94.52998664,72.7424524998375,258.9200771200001,6.021090888735806,-3.0257319714108846,-2.9953589173249267,168,168,0
1571,02835-1-01,60 o mas,Hombres,Quintil alto,Centro,Trabajadores rutinarios,Motorizados privados,72.16,53.12775246788015,27.31,44.608152307813626,11.71,13.444095224306215,56.82,35.621521,910.35898896,839.9100000000001,0,839.9100000000001,70.44898896,81.4037672800696,204.70944498060567,45.7822462800696,169.08792398060567,2.2852411967492796,1.2852411967492796,1660.0899664,982.1323612573947,3050.0417158200007,19.032247532119847,-17.298152307813627,-1.7340952243062144,168,167.99999999999997,-2.842170943040401e-14
1574,02843-1-01,60 o mas,Hombres,Quintil alto,Sur,Trabajadores rutinarios,Motorizados privados,50,45.582654054284156,42.62,43.4594491914596,9.52,13.097896754256253,65.86,15,203.83000000000004,353.83000000000004,150,203.83000000000004,0,40.82856614746922,50.402297783376866,25.828566147469218,35.402297783376866,2.7219044098312812,1.7219044098312812,546.17,479.9098108142623,1328.27,4.417345945715844,-0.8394491914596003,-3.577896754256253,168,168,0
1576,02848-1-02,60 o mas,Mujeres,Quintil bajo,Centro,Rutina flexible,Movilidad activa,39.72,52.573111840351444,40.19,29.681436696298828,11.29,8.945451463349714,76.80000000000001,3.072391,122.03537052,0,0,0,122.03537052,4.91913305622244,0,1.8467420562224395,-3.072391,1.6010765088891483,0.6010765088891483,0,39.489785140289214,158.16668867999994,-12.853111840351445,10.50856330370117,2.3445485366502847,168,168,0
1577,02849-1-02,60 o mas,Mujeres,Quintil medio,Centro,Cuidadores domesticos,Motorizados privados,60.62,56.14085329541611,12.94,22.075874860185678,11.31,6.653271844398221,83.13,2.92107,140.584210768421,34.43,70.921052631579,-36.491052631579,177.0752634,3.92030053141605,7.240493526091872,0.9992305314160501,4.319423526091873,1.3420768866942765,0.3420768866942765,36.49105263157898,23.407151567220126,107.32700013157898,4.47914670458389,-9.135874860185679,4.65672815560178,168,168,0
1579,02853-1-01,60 o mas,Hombres,Quintil bajo,Norte,Rutina flexible,Usuarios publicos,37.44,43.815453628254595,60.16,47.18410523946514,7.62,14.220441132280252,62.78000000000001,5.366677,2.0884020800000087,80.66000000000001,154.5,-73.83999999999999,75.92840208,18.26212835744935,14.115480875003868,12.89545135744935,8.748803875003869,3.40287450827567,2.40287450827567,198.8399848,233.0549851513205,562.59335186,-6.375453628254597,12.975894760534857,-6.600441132280252,168,168,0
1581,02858-1-01,60 o mas,Mujeres,Quintil bajo,Sur,Trabajadores rutinarios,Movilidad mixta,63.12,47.402800636684404,17.51,31.00334768945304,7.12,9.343851673862568,80.24999999999999,2.604,85.06448703999999,45.7,75,-29.299999999999997,114.36448703999999,4.576138453010954,15.491813430460148,1.9721384530109543,12.887813430460149,1.7573496363329317,0.7573496363329317,79.29999296,38.37240581792621,143.43651296000004,15.717199363315594,-13.493347689453039,-2.223851673862568,168,168,0
1591,02887-1-03,60 o mas,Mujeres,Quintil medio,Centro,Cuidadores domesticos,Movilidad activa,63.49,70.70639036076219,33.14,28.349561437075426,10.97,8.544048202162397,60.39999999999999,1.92237,116.69473294586207,4.04,4.39655172413793,-0.3565517241379297,117.05128467,2.507850089382893,0.5843064525693601,0.5854800893828931,-1.33806354743064,1.3045616033244865,0.3045616033244865,5.356538354137925,19.229110691956336,90.15227905413794,-7.216390360762183,4.7904385629245745,2.4259517978376035,168,168,0
1597,02893-1-01,60 o mas,Mujeres,Quintil bajo,Centro,Rutina flexible,Usuarios publicos,21.81,38.96222634652098,56.39,37.20488892948756,9.18,11.21288472399144,80.62,3.043326,35.886427663305795,20.09,50.5785123966942,-30.4885123966942,66.37494006,8.21737146959637,2.2373018006919088,5.17404546959637,-0.8060241993080912,2.7001285664422316,1.7001285664422314,30.488512396694205,82.6883287949465,230.0393982166942,-17.15222634652098,19.18511107051244,-2.0328847239914403,168,167.99999999999997,-2.842170943040401e-14
1599,02895-1-02,60 o mas,Hombres,Quintil medio,Centro,Trabajadores rutinarios,Motorizados privados,73.47,61.957917764608005,32.86,40.82742904099061,8.76,12.304653194401391,52.910000000000004,3.636593,153.86048333000002,111.68000000000002,0,111.68000000000002,42.18048333,6.470991182238659,13.10080637343411,2.8343981822386595,9.464213373434111,1.779410338808511,0.779410338808511,113.32000437999994,71.45524670734909,264.67500504,11.512082235391993,-7.967429040990609,-3.5446531944013913,168,168,0
1602,02897-1-02,60 o mas,Mujeres,Quintil bajo,Sur,Rutina flexible,Motorizados privados,18.08,35.40828616529132,46.7,29.070413714310835,8.46,8.761300120397829,94.76000000000002,2.888069,52.21628752,0,0,0,52.21628752,6.365033321654059,0,3.476964321654059,-2.888069,2.203906250735027,1.203906250735027,0,50.04528609710675,159.30588603999996,-17.328286165291324,17.629586285689168,-0.30130012039782805,168.00000000000003,168,0
1609,02906-1-01,60 o mas,Mujeres,Quintil bajo,Centro,Trabajadores rutinarios,Movilidad activa,50.43,51.790171190867596,28.34,32.13493658401946,14.84,9.684892225112963,74.38999999999999,3.830808,141.24766076,60.56,0,60.56,80.68766076,6.575542954024043,5.787789360090485,2.744734954024043,1.9569813600904844,1.7164898251293312,0.7164898251293312,51.939986680000004,57.15054135934511,217.3542761200001,-1.3601711908675966,-3.7949365840194567,5.155107774887037,168,168,0
1618,02920-1-01,60 o mas,Hombres,Quintil medio,Centro,Trabajadores rutinarios,Motorizados privados,56.12,51.46975926930348,35.81,41.34085129751587,13.34,12.45938943318066,62.72999999999999,11.564275,314.55712148,290.57,0,290.57,23.98712148,25.1003339761514,32.739739295715175,13.5360589761514,21.175464295715173,2.1705064931568474,1.1705064931568472,334.42999152000004,280.6533288940245,902.8141077700002,4.650240730696517,-5.530851297515866,0.8806105668193407,168,168,0
1632,02940-1-01,60 o mas,Hombres,Quintil bajo,Norte,Trabajadores rutinarios,Movilidad mixta,81.02,56.56921452030557,12.16,40.71885465383583,16.38,12.271930825858593,58.44000000000001,1.87603,67.51592192,40.52,0,40.52,26.995921919999997,3.5058126948300927,14.242741923929557,1.6297826948300926,12.366711923929557,1.8687402092877472,0.8687402092877473,84.48002867999999,38.60962159652887,138.02192487999997,24.450785479694424,-28.558854653835827,4.108069174141406,168,168,0
1638,02950-1-02,60 o mas,Mujeres,Quintil bajo,Sur,Rutina flexible,Motorizados privados,34.43,53.124701092759054,57.59,37.11846177422206,9.41,11.186837133018887,66.57,3.120379,107.43464897,0,0,0,107.43464897,5.810648697401106,0,2.6902696974011064,-3.120379,1.8621611981753199,0.8621611981753199,0,58.334552701122405,209.06539299999997,-18.694701092759054,20.47153822577794,-1.776837133018887,168,168,0
1639,02953-1-01,60 o mas,Hombres,Quintil medio,Centro,Trabajadores rutinarios,Motorizados privados,93.98,50.719972832310816,15.85,49.04019419075755,4.71,14.779832976931639,53.459999999999994,1.410812,21.553578195449695,81.73,117.76455026455031,-36.034550264550305,57.58812846,3.7699065394751186,25.985344770270498,2.3590945394751186,24.574532770270498,2.6721537238661983,1.672153723866198,111.03453356455032,50.002768116048394,140.04082828455032,43.26002716768919,-33.19019419075755,-10.06983297693164,168,168,0
1651,02969-1-01,60 o mas,Mujeres,Quintil bajo,Centro,Cuidadores domesticos,Motorizados privados,67.18,53.61094342271234,31.16,48.88576560121737,18.89,14.73329097607029,50.769999999999996,3.061059,63.34192408,81.7,150,-68.3,131.64192408,7.621020807606541,13.680261500403889,4.559961807606541,10.619202500403889,2.4896680552732047,1.4896680552732047,142.30001954000005,100.76433678258441,295.50602249,13.569056577287668,-17.725765601217372,4.156709023929711,168,168,0
1656,02997-1-01,60 o mas,Mujeres,Quintil bajo,Sur,Rutina flexible,Motorizados privados,45.63,60.802673881733035,53.02,37.473489892442636,10.92,11.293836225824343,58.42999999999999,1.943822,85.66658973,21.970000000000002,0,21.970000000000002,63.69658973,3.2088911203424493,0.22801566413126248,1.2650691203424493,-1.7158063358687374,1.650815311454675,0.6508153114546751,3.030008129999999,32.52298542013807,127.31798681000001,-15.172673881733033,15.546510107557367,-0.37383622582434306,168,168,0
1659,02999-1-01,60 o mas,Mujeres,Quintil bajo,Centro,Cuidadores domesticos,Movilidad activa,56.42,40.22645279109417,18.2,34.30472097319018,10.25,10.338826235715654,83.13,3.079882,58.176942440000005,71.91,187.5,-115.59,173.76694244,7.082792674006107,19.549313634826355,4.002910674006108,16.469431634826353,2.2996961162817624,1.2996961162817626,115.59,65.71578543514069,203.2126429,16.193547208905834,-16.10472097319018,-0.08882623571565418,168,168,0
1668,03008-1-02,60 o mas,Mujeres,Quintil bajo,Norte,Trabajadores rutinarios,Usuarios publicos,41.84,46.12612976330484,10.5,13.081378045988334,10.81,3.9424921907068264,104.85,3.063576,128.18001983999997,0,0,0,128.18001983999997,3.7113267747460803,6.4174170911053746e-15,0.6477507747460804,-3.0635759999999936,1.2114361696090061,0.2114361696090061,2.842170943040401e-14,13.13088427574641,65.28480456000003,-4.286129763304835,-2.581378045988334,6.8675078092931745,168,168,0
1669,03009-1-03,60 o mas,Hombres,Quintil medio,Norte,Rutina flexible,Movilidad activa,39.88,36.38047671561129,31.15,38.54327350753013,15.51,11.616249776858593,81.46,3.227131,6.7225874546032145,74.85000000000001,196.8253968253968,-121.9753968253968,128.69798428000001,10.617371848625707,12.57827328774171,7.390240848625707,9.35114228774171,3.290034352068666,2.290034352068666,121.9753968253968,110.68197674912416,272.5533292853968,3.499523284388715,-7.393273507530132,3.8937502231414065,168,168,0
1671,03015-1-02,60 o mas,Mujeres,Quintil medio,Centro,Rutina flexible,Movilidad activa,38.43,44.26741666966672,35.37,32.73641601652616,13.07,9.866167313807129,81.13,2.882522,77.5250948960902,30.339999999999996,63.5902255639098,-33.2502255639098,110.77532045999999,5.655791013920339,3.302812978701833,2.7732690139203395,0.4202909787018334,1.9620981258496344,0.9620981258496344,33.250225563909794,50.07670753739086,172.8795912439098,-5.837416669666723,2.633583983473841,3.2038326861928716,168,168,0
1675,03027-1-01,60 o mas,Mujeres,Quintil bajo,Centro,Rutina flexible,Movilidad activa,40.24,41.75907844809665,39.91,37.62993544793644,10.58,11.340986103966904,77.27,3.004725,50.01675931017371,32.489999999999995,103.3833746898263,-70.8933746898263,120.91013400000001,7.414114904830036,6.75606471199326,4.409389904830036,3.75133971199326,2.467485345524145,1.4674853455241448,70.8933746898263,75.45778767978351,222.6019399398263,-1.51907844809665,2.280064552063557,-0.7609861039669035,168,168,0
1682,03042-1-02,60 o mas,Hombres,Quintil bajo,Centro,Jovenes trabajadores,Movilidad mixta,33.98,49.139215833962886,70.91,49.27898417912713,8.38,14.851799986909974,54.73000000000001,1.514291,16.644164168571404,13.760000000000002,28.5714285714286,-14.8114285714286,31.455592740000004,4.334171520178882,2.1125020638684053,2.8198805201788817,0.5982110638684053,2.8621787491168353,1.8621787491168353,34.81144401142859,57.76690811585608,154.87957740142858,-15.15921583396289,21.631015820872868,-6.471799986909973,168,168,0
1698,03072-1-02,60 o mas,Mujeres,Quintil medio,Centro,Cuidadores domesticos,Movilidad activa,54.88,62.542394794145245,19.26,21.882586883163988,16.88,6.595018322690756,76.98,3.127599,171.64263312,0,0,0,171.64263312,4.049166605365233,0,0.9215676053652331,-3.127599,1.2946565737376285,0.2946565737376285,0,23.964898295773878,113.03142785999998,-7.662394794145243,-2.6225868831639865,10.284981677309244,168,168,0
1701,03078-1-01,60 o mas,Hombres,Quintil bajo,Norte,Rutina flexible,Movilidad activa,39.02,41.37875851982005,40.09,40.69615263477285,15.23,12.265088845407114,73.65999999999998,3.16142,32.258608400000014,70.9,162,-91.1,123.35860840000001,8.954120936549812,7.9237310602104385,5.792700936549812,4.762311060210438,2.832309828036076,1.8323098280360761,91.1,98.55702635972949,265.98975440000004,-2.35875851982005,-0.6061526347728474,2.964911154592887,168,168,0
1710,03099-1-01,60 o mas,Mujeres,Quintil medio,Norte,Rutina flexible,Usuarios publicos,36.3,46.84116433382175,60.38,44.15985053690099,7.63,13.308985129277266,63.68999999999999,2.93353,45.415120651376085,37.849999999999994,98.92201834862391,-61.072018348623914,106.487139,7.702373812236033,4.320788609735658,4.768843812236033,1.3872586097356576,2.6256332173988444,1.6256332173988446,61.072018348623914,91.99484015682005,260.58139364862393,-10.541164333821754,16.220149463099013,-5.678985129277266,168,168,0
1719,03114-1-02,60 o mas,Mujeres,Quintil alto,Centro,Rutina flexible,Motorizados privados,27.48,40.62604289642456,59.5,43.66431690360429,10.47,13.15964019997114,70.55000000000001,3.179738,2.3192002399999723,79.93999999999998,165,-85.06000000000002,87.37920023999999,10.742122050623966,5.8493421501572795,7.562384050623965,2.6696041501572796,3.3783041403486593,2.3783041403486593,85.06000000000003,126.86097214739125,307.54626786,-13.146042896424557,15.835683096395712,-2.689640199971139,168,168,0
1722,03120-1-02,60 o mas,Mujeres,Quintil medio,Centro,Cuidadores domesticos,Usuarios publicos,76.79,66.46815301908079,30.97,41.63408283385094,12.89,12.547764147068277,47.349999999999994,3.066723,144.99365916999997,64,154.5,-90.5,235.49365916999997,5.225824866102242,9.928267570175432,2.1591018661022416,6.8615445701754325,1.704042023391823,0.704042023391823,90.50000000000006,58.84575446113453,225.00647078000006,10.321846980919219,-10.66408283385094,0.342235852931724,168,168,0
1738,03143-1-01,60 o mas,Mujeres,Quintil bajo,Centro,Rutina flexible,Movilidad activa,38.2,41.44696365795745,42.04,41.412156732540225,15.1,12.48087960950231,72.660000000000025,2.920657,25.92294355384618,48.199999999999996,133.8461538461538,-85.64615384615382,111.5690974,8.493285480094434,7.212090201281593,5.5726284800944335,4.291433201281594,2.9080051098415303,1.90800510984153,85.64615384615382,95.12942098251284,252.53249482615374,-3.246963657957444,0.6278432674597738,2.61912039049769,168.00000000000003,168,0
1740,03145-1-01,60 o mas,Hombres,Quintil medio,Centro,Jovenes trabajadores,Movilidad mixta,54.01,55.24471642849921,56.9,46.8926744426017,5.36,14.132609128899086,51.73000000000001,3.588788,94.9247086757241,73.60000000000001,10.0057012542759,63.59429874572411,31.33040993,8.147774561035629,7.64373923652351,4.558986561035629,4.05495123652351,2.270341564069995,1.2703415640699949,98.9057312042759,103.33686670627671,322.34367208427585,-1.2347164284992118,10.007325557398296,-8.772609128899084,168,168,0
1743,03150-1-02,60 o mas,Mujeres,Quintil bajo,Centro,Rutina flexible,Movilidad activa,25.3,38.409269303139475,55.37,41.32585951687198,11.52,12.454871179988562,75.80999999999999,3.048324,1.5025971999999967,76.63,152.25,-75.62,77.1225972,10.34080618745292,5.439625465372993,7.2924821874529195,2.391301465372993,3.392292350633633,2.392292350633633,75.62,115.58130023922334,279.52239236,-13.109269303139474,14.044140483128018,-0.9348711799885621,168,168,0
1761,03193-1-01,60 o mas,Hombres,Quintil bajo,Centro,Trabajadores rutinarios,Usuarios publicos,58.43,49.75361346570696,25.3,34.7910034896014,11.3,10.485383044691636,72.97,2.908264,93.74987383999999,61.31999999999999,0,61.31999999999999,32.42987384,5.414251300086863,10.015055415136683,2.505987300086863,7.106791415136683,1.8616780663952321,0.861678066395232,76.17999168,50.94676907223081,182.62245407999998,8.676386534293037,-9.4910034896014,0.8146169553083649,168,168,0
1766,03203-1-02,60 o mas,Mujeres,Quintil alto,Centro,Cuidadores domesticos,Movilidad activa,50.41,45.3415326307553,32.4,40.11002642668365,14.73,12.088440942561059,70.46,2.961535,57.24097934999999,57.95,150,-92.05,149.29097935,7.1014910409159855,9.397663153062624,4.139956040915985,6.436128153062624,2.397908868514465,1.3979088685144647,92.05,77.0395564896239,231.62714455000003,5.0684673692446935,-7.710026426683655,2.6415590574389416,168,168,0
1767,03205-1-01,60 o mas,Hombres,Quintil medio,Centro,Trabajadores rutinarios,Movilidad mixta,49.86,35.433767138813174,15.74,35.11361923131909,15.53,10.582613629867724,86.87,3.173879,25.355693016521705,124.28000000000002,132.1739130434783,-7.8939130434782925,33.24960606,9.172023608148946,20.44893677476817,5.998144608148946,17.27505777476817,2.8898466539363805,1.8898466539363807,132.8939139234783,87.10679639624752,232.14111025347827,14.426232861186826,-19.37361923131909,4.947386370132275,168,168,0
1771,03209-1-01,60 o mas,Hombres,Quintil bajo,Norte,Trabajadores rutinarios,Motorizados privados,71.74,40.392230467053636,14.77,40.65506404875261,6.79,12.252705484193752,74.7,2.912314,23.159399539999995,104.23,165,-60.769999999999996,83.92939953999999,8.591976439634994,41.459146925957064,5.679662439634994,38.54683292595706,2.950223238165594,1.9502232381655942,185.77000682,94.47545874042684,248.55949665999998,31.34776953294636,-25.885064048752607,-5.462705484193752,168,168,0
1775,03216-1-01,60 o mas,Mujeres,Quintil alto,Sur,Cuidadores domesticos,Movilidad mixta,61.24,45.17628950235566,34.26,47.19883121965176,11.1,14.224879277992587,61.4,3.647369,17.12204657714304,275.90000000000003,394.642857142857,-118.74285714285696,135.86490372,11.566405897689114,21.877582823570783,7.919036897689114,18.230213823570782,3.171164172774708,2.1711641727747084,206.24283098285696,147.65255128877442,371.68748882285695,16.063710497644344,-12.93883121965176,-3.124879277992587,168,168,0
1794,03252-1-01,60 o mas,Mujeres,Quintil bajo,Centro,Rutina flexible,Movilidad activa,14.57,37.64596395319285,63.58,40.429355163315336,12.11,12.184680883491806,77.74000000000001,3.138785,2.057886923684201,29.509999999999998,73.1842105263158,-43.6742105263158,45.73209745,10.617975134609138,2.776387491902512,7.479190134609137,-0.3623975080974877,3.3828297046816327,2.3828297046816322,43.6742105263158,116.1047000431382,281.2488471763158,-23.075963953192847,23.150644836684663,-0.07468088349180668,168,168,0
1795,03253-1-01,60 o mas,Mujeres,Quintil alto,Sur,Jovenes trabajadores,Movilidad activa,51.89,47.51212075619974,46.39,45.45773505245585,8.39,13.700144191344398,61.33,24.554652,340.837242637863,526.62,209.923664122137,316.696335877863,24.14090676,67.16749347110674,81.97745989000863,42.612841471106734,57.42280789000863,2.7354284422807837,1.7354284422807837,933.3036496421371,825.8063483125986,2278.407486202137,4.377879243800258,0.932264947544148,-5.310144191344397,168,168,0
1816,03306-1-01,60 o mas,Hombres,Quintil alto,Sur,Trabajadores moviles,Motorizados privados,62.88,53.65491611466069,37.2,45.24043117606091,12.45,13.634652709278399,55.47,6.552705,169.19140933877594,308.78999999999996,201.632653061224,107.15734693877596,62.034062399999996,14.906344962585708,23.53419173227348,8.353639962585708,16.98148673227348,2.274838400719353,1.2748384007193532,242.84268106122403,182.39342776034175,568.184484311224,9.22508388533931,-8.040431176060906,-1.1846527092783994,168,168,0
1817,03308-1-01,60 o mas,Mujeres,Quintil medio,Norte,Rutina flexible,Movilidad activa,30.84,41.04270218340529,45.53,41.89953204809796,19.2,12.627765768496767,72.42999999999999,3.131881,20.9010644297216,44.21,119.89614561027841,-75.6861456102784,96.58721004,9.498442673591477,5.626059269769817,6.366561673591477,2.494178269769817,3.032823620562683,2.032823620562683,75.6861456102784,107.63979472714394,278.41280274027844,-10.20270218340529,3.630467951902041,6.5722342315032325,168,168,0
1819,03311-1-01,60 o mas,Mujeres,Quintil bajo,Norte,Cuidadores domesticos,Movilidad activa,55.3,48.2293387828365,12.09,19.541272854870538,6.27,5.889388362292966,94.34,2.657695,109.27054100000001,62.3,0,62.3,46.970541000000004,3.5775777214910782,9.880117468474575,0.9198827214910783,7.222422468474575,1.3461204997153844,0.34612049971538433,37.69999249999998,18.908331536450646,86.49527269999999,7.070661217163497,-7.451272854870538,0.3806116377070339,168,168,0
1823,03320-1-01,60 o mas,Mujeres,Quintil bajo,Norte,Rutina flexible,Motorizados privados,33.19,41.15928956816691,48.73,40.326905911268625,11.72,12.153804520564448,74.36000000000001,2.649531,28.045308451052602,48.660000000000004,48.5526315789474,0.10736842105260536,27.937940029999996,7.427096608130774,4.767278975887461,4.777565608130773,2.1177479758874607,2.8031740742534335,1.8031740742534332,59.89262543894739,81.00750519778225,220.0567743889474,-7.969289568166914,8.403094088731372,-0.43380452056444696,168,168,0
1835,03348-1-02,60 o mas,Mujeres,Quintil alto,Sur,Cuidadores domesticos,Movilidad activa,60.3,71.62369408959533,42.51,30.272667969387342,8.21,9.1236379410173285,56.98,3.061114,184.58517419999998,0,0,0,184.58517419999998,4.233559345800781,0,1.1724453458007815,-3.061114,1.3830126371643727,0.38301263716437267,0,34.66311850937754,155.25970208,-11.323694089595335,12.237332030612656,-0.9136379410173276,168,168,0
1841,03356-1-02,60 o mas,Mujeres,Quintil medio,Centro,Cuidadores domesticos,Movilidad activa,74.63,65.35450696089512,22.85,35.8660963363851,14.55,10.809396702719763,55.97000000000001,2.726606,136.92853143311478,57.11,48.6680327868852,8.4419672131148,128.48656422,4.254145498956454,8.562935396104892,1.5275394989564544,5.836329396104892,1.5602347750120313,0.5602347750120312,66.5580743468852,41.26745937350361,168.53313874688516,9.275493039104873,-13.016096336385097,3.740603297280238,168,168,0
1846,03373-1-01,60 o mas,Mujeres,Quintil bajo,Norte,Cuidadores domesticos,Usuarios publicos,55.32,69.26546050368174,40.03,34.5667441771026,18.9,10.417795319215655,53.75000000000001,3.133517,173.34616044,0,0,0,173.34616044,4.674069409791461,0,1.5405524097914607,-3.133517,1.4916368444120331,0.4916368444120331,0,43.69833756111527,184.65815680999998,-13.945460503681737,5.463255822897402,8.482204680784344,168,168,0
1849,03379-1-01,60 o mas,Mujeres,Quintil bajo,Centro,Rutina flexible,Motorizados privados,26.42,55.404022913833316,82.38,47.11604737178822,7.92,14.199929714378476,51.27999999999999,3.520525,93.01227050000001,0,0,0,93.01227050000001,8.007297510186625,0,4.486772510186625,-3.520525,2.274461198311793,1.2744611983117928,0,102.03897726872303,317.90340750000007,-28.984022913833314,35.263952628211776,-6.279929714378476,168,168,0
1858,03399-1-01,60 o mas,Hombres,Quintil medio,Norte,Trabajadores rutinarios,Motorizados privados,64.53,51.91648581004813,29.9,38.96896780435872,8.2,11.74454638559316,65.36999999999999,8.313072,254.21251274,192.76999999999998,0,192.76999999999998,61.442512740000005,16.828959203402945,35.64279537216367,8.515887203402945,27.32972337216367,2.024397142645095,1.024397142645095,282.23002342000007,177.37297178590845,598.9580666200001,12.613514189951871,-9.06896780435872,-3.5445463855931614,168,168,0
1861,03406-1-03,60 o mas,Mujeres,Quintil medio,Centro,Cuidadores domesticos,Motorizados privados,69.55,73.89323712634649,76.46,62.523349316552306,9.25,18.843413557101194,12.740000000000009,3.101953,111.76083115,50.52,154.5,-103.97999999999999,215.74083115,6.945584713940068,5.837297652045016,3.843631713940068,2.7353446520450158,2.239100564689429,1.2391005646894289,103.97999999999999,117.45251743378188,369.84839163,-4.343237126346494,13.936650683447688,-9.593413557101194,168,168,0
1874,03426-1-02,60 o mas,Hombres,Quintil alto,Centro,Rutina flexible,Movilidad activa,12.2,32.193076873722895,47.87,34.35341990725264,16.83,10.35350321902445,91.10000000000001,14.433194,6.758098429733511,83.38000000000001,102.7068723702665,-19.326872370266486,26.084970799999997,49.28113275232902,12.592591547927062,34.84793875232902,-1.8406024520729378,3.414430149856575,2.414430149856575,169.32686837026648,457.89082554562253,1103.1545201702663,-19.993076873722895,13.516580092747354,6.476496780975548,168,168,0
1875,03431-1-02,60 o mas,Hombres,Quintil bajo,Centro,Trabajadores rutinarios,Movilidad activa,38.32,41.79989092627691,40.61,40.157392767502124,15.13,12.102716306220962,73.94000000000001,5.866835,70.10710399999999,125.28999999999999,80,45.28999999999999,24.817104,16.124035144048154,13.355033445293934,10.257200144048154,7.488198445293934,2.7483362228609045,1.7483362228609043,154.71001320000002,175.1259590824638,481.7273960999999,-3.4798909262769087,0.4526072324978756,3.0272836937790384,168,168,0
1876,03433-2-02,60 o mas,Hombres,Quintil alto,Norte,Trabajadores moviles,Motorizados privados,46.74,51.15538862604877,62.82,50.949383161145015,7.9,15.355228212806232,50.53999999999999,2.816626,32.7597999628743,58.97,45.3592814371257,13.610718562874297,19.1490814,8.078776675184445,6.728225965443542,5.262150675184445,3.9115999654435423,2.8682461481163792,1.8682461481163795,98.8892992771257,111.32579768135892,298.08108999712573,-4.415388626048767,11.870616838854986,-7.455228212806231,168,168,0
1886,03451-1-02,60 o mas,Mujeres,Quintil alto,Centro,Rutina flexible,Movilidad mixta,25.18,37.10217630250767,47.59,36.98977149982544,12.47,11.148052197666896,82.75999999999999,3.067039,24.41457041821318,47.62,100.4334716017868,-52.81347160178681,77.22804201999999,8.933955429539035,4.231096293311384,5.866916429539035,1.1640572933113842,2.91289267255455,1.9128926725545503,52.81347160178681,89.37925128645364,237.01983394178686,-11.922176302507673,10.600228500174566,1.3219478023331046,168,168,0
1900,03470-1-01,60 o mas,Hombres,Quintil bajo,Centro,Trabajadores rutinarios,Motorizados privados,50.74,41.98007678895131,20.48,31.04386142543941,11.16,9.35606178560929,85.61999999999999,3.126327,79.48981832,45.86000000000001,0,45.86000000000001,33.62981831999999,6.163874554502396,12.035195995379883,3.037547554502396,8.908868995379883,1.9716026360973744,0.9716026360973744,79.14001366000001,51.75362920737176,178.05699994000003,8.759923211048694,-10.56386142543941,1.8039382143907101,168,168,0
1904,03475-1-02,60 o mas,Hombres,Quintil medio,Sur,Trabajadores moviles,Movilidad mixta,67.13,59.56015586023848,33.18,36.084595666664576,6.21,10.875248473096944,61.48,2.831356,122.65894606999998,62.589999999999996,0,62.589999999999996,60.068946069999996,4.710945260120836,8.234396077405002,1.8795892601208357,5.403040077405002,1.6638477323659886,0.6638477323659885,67.40998221000001,45.977058585821396,178.93709505000007,7.569844139761514,-2.9045956666645765,-4.665248473096944,168,168,0
1913,03491-1-02,60 o mas,Hombres,Quintil bajo,Sur,Rutina flexible,Movilidad mixta,39.56,56.066013338227044,54.41,35.38852221447089,8.15,10.66546444730208,65.88,3.340474,132.14915144,0,0,0,132.14915144,5.760717493621751,0,2.420243493621751,-3.340474,1.724520979244787,0.7245209792447872,0,55.13790840000064,208.98005344000003,-16.506013338227042,19.021477785529108,-2.5154644473020795,168,168,0
1930,03519-1-05,60 o mas,Hombres,Quintil alto,Norte,Trabajadores rutinarios,Motorizados privados,55.1,51.22870509016095,38.02,44.69194582556459,16.27,13.469349084274457,58.61,9.490205,212.7203226,189.81,0,189.81,22.9103226,22.62238138194462,27.49168976283862,13.132176381944621,18.001484762838622,2.383761086503887,1.3837610865038872,310.18997289999993,273.4505905901709,825.41320235,3.871294909839051,-6.671945825564585,2.8006509157255426,168,168,0
1932,03523-1-01,60 o mas,Mujeres,Quintil bajo,Norte,Cuidadores domesticos,Usuarios publicos,81.06,61.24405469995936,25.12,43.35079497380485,11.48,13.065150326235807,50.33999999999999,1.59099,63.417582879512196,26.83,79.8780487804878,-53.048048780487804,116.46563166,2.9016160733584164,8.61732200385757,1.3106260733584165,7.02633200385757,1.8237802081461334,0.8237802081461333,65.5480665204878,34.02109570757614,123.77830052048782,19.815945300040646,-18.23079497380485,-1.5851503262358069,168,168,0
1933,03524-1-02,60 o mas,Hombres,Quintil bajo,Centro,Cuidadores domesticos,Movilidad mixta,68.12,62.60781536771532,37,38.92952546020066,8.15,11.732659172084029,54.73,2.885344,129.19966136,50.14999999999999,0,50.14999999999999,79.04966136,4.8860324940134925,7.177499741193083,2.0006884940134926,4.292155741193083,1.6933968684543308,0.6933968684543308,67.34997192,51.44542306434519,197.62325352000005,5.512184632284686,-1.929525460200658,-3.5826591720840284,168,168,0
1945,03552-1-01,60 o mas,Hombres,Quintil bajo,Centro,Cuidadores domesticos,Movilidad activa,57.26,61.019360595683864,34.63,31.159673839089844,9.68,9.390965565226283,66.43,2.535707,122.8009188849635,16.11,13.5036496350365,2.6063503649635003,120.19456851999999,3.7883004645592755,2.431738818145987,1.2525934645592756,-0.1039681818540128,1.4939819405630366,0.4939819405630365,22.3936639350365,31.926300913036243,134.7508411050365,-3.759360595683866,3.470326160910158,0.2890344347737166,168,168,0
1950,03563-1-01,60 o mas,Hombres,Quintil medio,Norte,Trabajadores rutinarios,Movilidad activa,67.96,54.81947463915317,31.76,41.732961086021234,9.41,12.577564274825587,58.870000000000005,3.691364,118.21507276,92.35,0,92.35,25.86507276,7.454704145132981,15.503151436515168,3.7633401451329807,11.811787436515168,2.019498522804302,1.0194985228043023,132.65002467999997,84.14356242188302,284.62348056,13.140525360846823,-9.972961086021233,-3.167564274825587,168,168,0
1961,03581-1-02,60 o mas,Mujeres,Quintil medio,Centro,Cuidadores domesticos,Movilidad mixta,48.23,48.113745902345855,40.55,39.74717119822366,11.06,11.979082899430475,68.16000000000001,3.250168,79.38560263999999,57.63000000000001,135,-77.36999999999999,156.75560263999998,7.161911761236975,7.213271168941342,3.9117437612369748,3.9631031689413416,2.20355125065442,1.20355125065442,77.36999999999999,76.99215465193562,245.11117047999994,0.11625409765414219,0.8028288017763359,-0.9190828994304745,168,168,0
1967,03587-1-01,60 o mas,Mujeres,Quintil bajo,Centro,Trabajadores rutinarios,Usuarios publicos,50.72,37.18413649662973,26.41,39.44718965005506,11.39,11.888673853315218,79.48,3.599381,7.030595679999969,139.46999999999997,165,-25.53000000000003,32.56059568,11.885670379587639,22.34359730465236,8.28628937958764,18.744216304652358,3.302142890565805,2.3021428905658055,175.53000864000003,126.80927872737567,311.58661044,13.535863503370265,-13.037189650055058,-0.49867385331521774,168,168,0
1974,03603-1-02,60 o mas,Hombres,Quintil bajo,Norte,Trabajadores rutinarios,Motorizados privados,69.54,55.77566468937319,29.21,42.91924606725303,12.88,12.93508924337379,56.37,1.94476,63.36861861999999,40.629999999999995,0,40.629999999999995,22.73861862,3.8853414316839667,8.216033296119313,1.9405814316839667,6.271273296119313,1.9978513707007377,0.9978513707007377,71.86999178000003,45.101663041305414,153.72494017999998,13.76433531062682,-13.709246067253027,-0.05508924337378929,168,168,0
1997,03642-1-02,60 o mas,Hombres,Quintil medio,Sur,Trabajadores moviles,Usuarios publicos,48.84,42.44195413673488,23.6,34.09302191742927,14.37,10.275023945835855,81.19,3.315462,75.10296771368421,86.86,23.6842105263158,63.175789473684205,11.927178240000002,7.115487048445402,11.002558750667585,3.800025048445402,7.687096750667585,2.1461524965285084,1.1461524965285086,86.8241963663158,65.6117184324031,212.71228850631582,6.398045863265125,-10.493021917429267,4.094976054164144,168,168,0
2005,03654-1-01,60 o mas,Hombres,Quintil bajo,Sur,Trabajadores rutinarios,Motorizados privados,52.65,51.23967597581139,31.86,37.64484457679266,15.72,11.345479447395954,67.77,2.247956,71.16489155,47.809999999999995,0,47.809999999999995,23.354891549999998,4.323443123058373,4.77220383942641,2.0754871230583736,2.5242478394264105,1.9232774676454405,0.9232774676454405,47.18999185,44.01964549788106,154.14773833,1.4103240241886112,-5.784844576792658,4.3745205526040465,168,168,0
2009,03665-1-01,60 o mas,Mujeres,Quintil bajo,Centro,Rutina flexible,Movilidad activa,39.23,46.983742949736175,21.48,20.413880446075844,12.84,6.152376604187973,94.45,3.040633,119.28403259,0,0,0,119.28403259,4.270105002866085,0,1.229472002866085,-3.040633,1.404347385187915,0.4043473851879148,0,23.576286686485176,104.35452456,-7.7537429497361785,1.0661195539241568,6.687623395812027,168,168,0
2014,03675-1-01,60 o mas,Mujeres,Quintil bajo,Centro,Rutina flexible,Movilidad mixta,38.93,43.95534374308038,46.53,40.94466903564808,11.78,12.339987221271548,70.75999999999999,2.92323,44.87349579873421,56.800000000000004,125.7278481012658,-68.9278481012658,113.8013439,7.550775589426001,5.687811565108965,4.627545589426001,2.7645815651089647,2.5830248011364145,1.5830248011364143,68.9278481012658,83.61808369135065,239.38138940126584,-5.025343743080377,5.585330964351918,-0.5599872212715482,168,168,0
2020,03691-1-02,60 o mas,Mujeres,Quintil alto,Sur,Rutina flexible,Movilidad mixta,36.95,42.474543572971704,48.29,40.937599758739005,10.51,12.337856668289284,72.25000000000001,3.031676,37.07042820000001,74.3,149.25,-74.95,112.02042820000001,8.281884530714029,6.133209960031321,5.250208530714029,3.101533960031321,2.731784178360098,1.7317841783600982,74.95,91.69862616113255,253.21254879999995,-5.524543572971702,7.352400241260995,-1.827856668289284,168.00000000000003,168,0
2026,03700-1-03,60 o mas,Mujeres,Quintil bajo,Sur,Cuidadores domesticos,Movilidad activa,20.59,35.47686046368811,39.4,27.004475927364698,10.63,8.13866360894718,97.38,3.071362,63.23934358,0,0,0,63.23934358,6.2601838625944914,0,3.1888218625944913,-3.071362,2.0382435748682477,1.0382435748682477,0,45.72293752747405,153.66024086000002,-14.886860463688112,12.3955240726353,2.491336391052821,168,168,0
2036,03723-1-02,60 o mas,Hombres,Quintil alto,Norte,Trabajadores rutinarios,Motorizados privados,56.85,44.10630365128712,37.62,42.811177137966546,5.35,12.902519210746329,68.18,6.227714,73.53725663793102,122.94000000000001,103.448275862069,19.491724137931016,54.04553250000001,17.371568644212743,31.41042837213986,11.143854644212745,25.182714372139863,2.7893973044061986,1.7893973044061986,280.50828426206897,201.1441880994409,548.1131548420689,12.74369634871288,-5.191177137966548,-7.552519210746329,168,168,0
2037,03724-1-01,60 o mas,Mujeres,Quintil medio,Norte,Cuidadores domesticos,Movilidad activa,48.5,61.918966557290474,40.14,32.48933262231744,15.56,9.79170082039209,63.8,2.893519,140.3356715,0,0,0,140.3356715,4.4186879880183225,0,1.5251689880183226,-2.893519,1.5270983145499728,0.5270983145499728,0,38.828034693884575,161.16900830000003,-13.418966557290474,7.650667377682559,5.76829917960791,168,168,0
2054,03754-1-01,60 o mas,Mujeres,Quintil bajo,Sur,Rutina flexible,Movilidad activa,25.72,49.03425359465847,65.01,39.90046385481948,10.23,12.025282550522054,67.03999999999999,3.013009,77.49459148,0,0,0,77.49459148,6.50927647532735,0,3.49626747532735,-3.013009,2.1603906511156623,1.160390651115662,0,70.24605590898832,226.69879716000003,-23.314253594658474,25.109536145180527,-1.795282550522053,168,168,0
2058,03764-1-02,60 o mas,Mujeres,Quintil bajo,Centro,Rutina flexible,Usuarios publicos,38.85,49.44637058450607,52.56,40.29841234392363,10.48,12.145217071570304,66.11,3.195877,82.5380032681818,26.56,68.1818181818182,-41.6218181818182,124.15982145,6.925803383916737,3.1768621064312748,3.729926383916737,-0.0190148935687251,2.1671057377729923,1.1671057377729923,41.6218181818182,75.48651521631771,243.08990426181816,-10.596370584506069,12.261587656076372,-1.6652170715703036,168,168,0
2060,03771-1-01,60 o mas,Mujeres,Quintil medio,Centro,Rutina flexible,Movilidad activa,20.63,38.61733843948345,61.01,39.68293753308664,8.62,11.959724027429917,77.74000000000001,3.045998,17.00119680451609,24.13,69.9677419354839,-45.837741935483905,62.838938739999996,9.37562069096998,3.167527114602314,6.3296226909699795,0.12152911460231408,3.078012753445662,2.078012753445662,45.837741935483905,100.62713884747362,257.9305826754839,-17.987338439483448,21.32706246691336,-3.3397240274299183,168,168,0
2063,03773-1-02,60 o mas,Mujeres,Quintil medio,Centro,Cuidadores domesticos,Movilidad mixta,71.87,60.286604993399,17.31,29.156231076040573,9.05,8.787163930560421,69.77,3.48587,169.4659580619341,86.27,42.333525928065896,43.9364740719341,125.52948398999999,5.159349639758994,14.796996364095724,1.6734796397589942,11.311126364095724,1.4800751719826024,0.4800751719826024,81.0635188380659,40.685309686405674,172.95105203806588,11.583395006601002,-11.846231076040574,0.2628360694395795,168,168,0
2064,03774-1-02,60 o mas,Mujeres,Quintil medio,Centro,Rutina flexible,Usuarios publicos,38.53,41.85790330696651,42.77,38.6681971699605,10.88,11.653899523073003,75.82,3.040975,45.93380876680669,46.16,117.39495798319331,-71.23495798319331,117.16876675,7.778918047362284,6.388765790111731,4.737943047362284,3.347790790111731,2.558034198690316,1.5580341986903161,71.23495798319331,81.3550287420958,234.38326673319335,-3.327903306966512,4.101802830039503,-0.7738995230730019,168,168,0
2072,03787-1-01,60 o mas,Hombres,Quintil bajo,Centro,Rutina flexible,Movilidad activa,40.2,39.43825895786176,41.95,40.527485453258834,10.03,12.214255588879412,75.82,3.074979,17.59415580000001,48.480000000000004,154.5,-106.02,123.6141558,9.458543278408918,9.8139772272951,6.383564278408918,6.7389982272951,3.0759700402535817,2.0759700402535817,106.02,103.67766229198679,265.85740842,0.7617410421382402,1.4225145467411693,-2.184255588879413,168,168,0
2073,03788-1-02,60 o mas,Mujeres,Quintil medio,Centro,Cuidadores domesticos,Movilidad activa,51.68,56.658425834236475,40.88,33.38110821300011,7.54,10.060465952763415,67.89999999999999,3.236419,135.30814752,28.049999999999997,0,28.049999999999997,107.25814752000001,5.323437268661155,3.174968447616351,2.0870182686611547,-0.06145055238364927,1.6448541640192924,0.6448541640192925,31.9499864,48.06225836001377,188.65739438000006,-4.978425834236475,7.4988917869998915,-2.5204659527634155,168,168,0
2084,03809-1-01,60 o mas,Mujeres,Quintil bajo,Sur,Jovenes trabajadores,Movilidad mixta,49.14,54.02837488579039,57.22,47.71206607637067,9.76,14.379559037838943,51.88,1.371906,33.06813120682931,62.36,56.7073170731707,5.6526829268293,27.415448280000003,3.181361458406537,2.467410201675312,1.809455458406537,1.095504201675312,2.3189354506843305,1.3189354506843303,34.3473296331707,41.053720469235856,126.2375935131707,-4.888374885790391,9.50793392362933,-4.619559037838943,168,168,0
2096,03830-1-02,60 o mas,Hombres,Quintil bajo,Centro,Rutina flexible,Movilidad mixta,30.54,38.22885402620613,42.26,35.4708649163479,11.59,10.690281057445947,83.61000000000001,2.89347,38.979428362857206,23.470000000000006,42.8571428571428,-19.38714285714279,58.36657122,7.4668918956275245,4.412876144307869,4.573421895627524,1.5194061443078684,2.5806011106482956,1.5806011106482956,49.38714543714279,71.63461389634945,205.2005049371428,-7.68885402620613,6.7891350836520985,0.8997189425540526,168,168,0
2098,03833-1-01,60 o mas,Hombres,Quintil bajo,Centro,Rutina flexible,Movilidad activa,29.36,46.60022040487851,42.15,33.39509751746555,18.55,10.064682077655956,77.93999999999998,3.069484,90.12005024,0,0,0,90.12005024,5.858874419003019,0,2.789390419003019,-3.069484,1.908748968557262,0.9087489685572621,0,52.91858068924812,186.31767880000007,-17.240220404878514,8.754902482534447,8.485317922344045,167.99999999999997,168,0
2102,03839-1-02,60 o mas,Mujeres,Quintil bajo,Centro,Rutina flexible,Movilidad activa,30.2,38.21089923851079,55.49,40.717560092996436,5.51,12.271540668492774,76.8,3.141358,5.089011599999992,64.72,154.5,-89.78,94.8690116,10.437522945360694,7.081793961973069,7.296164945360694,3.9404359619730696,3.32261491538395,2.3226149153839497,89.78,114.94510241008979,281.40283800000003,-8.010899238510792,14.772439907003566,-6.761540668492774,168,168,0
2107,03845-1-03,60 o mas,Mujeres,Quintil bajo,Centro,Rutina flexible,Movilidad activa,21.54,44.67700274895571,73.57,45.89966370729239,9.3,13.833333543751877,63.59000000000002,3.025838,20.2996346321495,35.31000000000001,80.1869158878505,-44.876915887850494,65.17655051999999,9.25433747038773,2.6056686345552964,6.22849947038773,-0.4201693654447034,3.05843785106398,2.05843785106398,44.876915887850494,114.88573801174513,295.6281109478504,-23.13700274895571,27.670336292707603,-4.533333543751876,168,168,0
2111,03861-1-02,60 o mas,Mujeres,Quintil bajo,Norte,Cuidadores domesticos,Movilidad activa,66.19,74.7478064843628,33.29,24.836821872752044,7.59,7.485371642885151,60.93000000000001,3.157776,209.01319344,0,0,0,209.01319344,4.022874426956741,0,0.8650984269567408,-3.157776,1.2739581360288825,0.2739581360288826,0,27.023635928965206,129.08988288,-8.5578064843628,8.453178127247956,0.10462835711484875,168,168,0
2113,03863-1-01,60 o mas,Hombres,Quintil medio,Centro,Cuidadores domesticos,Movilidad activa,58.87,48.38765353847058,28.6,39.04491189284589,11.73,11.767434568683537,68.8,3.185001,81.9824374414286,78.41,183.9285714285714,-105.51857142857139,187.50100887,6.8305232717187785,12.589086047888323,3.6455222717187783,9.404085047888323,2.1445906207623726,1.1445906207623728,105.51857142857139,72.13228746625376,233.96966175857142,10.482346461529417,-10.444911892845887,-0.037434568683536895,168,168,0
2115,03866-1-01,60 o mas,Hombres,Quintil bajo,Centro,Trabajadores rutinarios,Motorizados privados,49.16,42.642777004727115,43.28,43.52082782439827,6.84,13.116395170874611,68.72,3.122889,21.921240320000006,93.4,75,18.400000000000006,3.52124032,9.451081616975168,12.633924922523994,6.328192616975168,9.511035922523995,3.02639050474582,2.02639050474582,131.59998291999997,111.24741891751523,288.1191796,6.517222995272881,-0.24082782439826644,-6.276395170874611,168,168,0
2118,03870-1-02,60 o mas,Hombres,Quintil alto,Centro,Trabajadores rutinarios,Movilidad mixta,73.97,48.60038674359301,24.23,45.65117095981164,9.81,13.758442296595344,59.989999999999995,2.879661,47.27425668571399,119.98,160.714285714286,-40.734285714286,88.0085424,7.506115404098212,23.42697871088494,4.626454404098212,20.54731771088494,2.606596889042916,1.6065968890429156,165.734267484286,92.6783816047278,263.75792792428604,25.369613256406986,-21.421170959811636,-3.948442296595344,168,168,0
2126,03881-1-02,60 o mas,Mujeres,Quintil medio,Norte,Rutina flexible,Movilidad activa,34.75,50.041364171221886,75.95,52.066675722545256,7.1,15.691960106232868,50.199999999999996,2.990161,18.088094749999996,64.17999999999999,150,-85.82000000000001,103.90809475,9.341115136720267,4.972129078493736,6.350954136720267,1.9819680784937357,3.1239505621002572,2.1239505621002572,85.82000000000001,131.543640781585,334.15287105000004,-15.291364171221886,23.883324277454747,-8.591960106232868,168,168,0
2129,03889-1-01,60 o mas,Mujeres,Quintil bajo,Centro,Rutina flexible,Movilidad activa,33.04,45.467500156175156,57.23,38.99124078288535,5.94,11.751259060939468,71.79000000000002,3.90199,82.0073089802532,43.94,43.3544303797468,0.5855696202531959,81.42173936,9.046889187979035,3.573462152189001,5.144899187979036,-0.328527847810999,2.318532130522896,1.318532130522896,46.9144406197468,95.4064219541407,293.40314891974674,-12.427500156175157,18.238759217114648,-5.811259060939467,168,168,0
2132,03893-1-02,60 o mas,Mujeres,Quintil alto,Centro,Rutina flexible,Motorizados privados,25.34,34.84740382258961,45.75,33.435682511970995,7.27,10.076913665439376,89.64,3.129256,31.606481282641795,32.870000000000005,80.5588657573582,-47.6888657573582,79.29534704,8.563349703331868,4.327835958286992,5.434093703331868,1.1985799582869925,2.7365449497682097,1.7365449497682095,47.6888657573582,77.43996621361968,213.60201887735818,-9.507403822589612,12.314317488029005,-2.8069136654393763,168,168,0
2135,03898-1-01,60 o mas,Mujeres,Quintil bajo,Centro,Cuidadores domesticos,Movilidad mixta,46.66,36.2533441025464,22.8,33.81532485447719,10.8,10.191331042976394,87.74000000000001,3.051155,37.75689229999999,45.39,150,-104.61,142.3668923,7.966186884869234,14.980539217585509,4.915031884869235,11.92938421758551,2.6108758436950055,1.6108758436950055,104.61,72.85767982520497,207.128808,10.406655897453597,-11.01532485447719,0.6086689570236068,168,168,0
2138,03901-1-01,60 o mas,Mujeres,Quintil bajo,Centro,Rutina flexible,Movilidad activa,36,42.63795544598012,44.25,37.185118332547624,10.78,11.206926221472264,76.97,3.013962,56.99099677987419,33.35,84.8616352201258,-51.511635220125804,108.50263199999999,7.111087261628332,4.504009988692456,4.097125261628332,1.490047988692456,2.359381857378538,1.3593818573785377,51.511635220125804,71.51818069200291,217.36996408012578,-6.637955445980118,7.064881667452376,-0.42692622147226444,168,168,0
2140,03902-1-03,60 o mas,Mujeres,Quintil alto,Sur,Cuidadores domesticos,Motorizados privados,53.1,48.91384171583986,30.08,40.123620371114065,17.95,12.092537913046078,66.87,2.966838,74.955078661244,69.66000000000001,152.24401913875602,-82.584019138756,157.5390978,6.465546034834574,8.273265269026918,3.498708034834574,5.306427269026918,2.1792716807707646,1.1792716807707646,82.584019138756,70.16436566729489,225.081248278756,4.186158284160143,-10.043620371114066,5.857462086953921,168,168,0
2151,03911-1-01,60 o mas,Mujeres,Quintil bajo,Norte,Cuidadores domesticos,Motorizados privados,81.77,43.78818401596268,16.72,47.220427865277045,6.75,14.231388118760266,62.760000000000005,1.379468,1.7490950500000082,55.95,154.5,-98.55,100.29909505,4.59267894374813,22.766643518976746,3.2132109437481295,21.387175518976747,3.3293116938907823,2.3293116938907823,111.05000330999998,58.65530357813199,143.42611726999996,37.98181598403732,-30.500427865277047,-7.481388118760266,168,168,0
2171,03943-1-01,60 o mas,Mujeres,Quintil medio,Centro,Rutina flexible,Usuarios publicos,40.12,39.36997884361087,29.88,39.143018899486826,20.31,11.797002256902298,77.69,2.911582,25.612669839999995,61.8,153,-91.2,116.81266984,8.408212986909751,8.74321511631798,5.496630986909751,5.83163311631798,2.8878503119299923,1.8878503119299923,91.2,89.01625190143824,237.33230058,0.7500211563891241,-9.263018899486827,8.512997743097701,168,168,0
2174,03950-2-01,60 o mas,Hombres,Quintil bajo,Centro,Trabajadores rutinarios,Movilidad activa,47.92,44.644042094645336,35.74,38.47137657233601,11.05,11.594581333018649,73.29,3.578037,72.99952068,64.04,0,64.04,8.959520679999999,8.33610099584235,10.125124263679998,4.758063995842351,6.547087263679998,2.3297973150759343,1.3297973150759343,98.46001236000002,86.73851376419852,265.87636359,3.275957905354666,-2.7313765723360106,-0.5445813330186482,168,168,0
2183,03961-1-02,60 o mas,Mujeres,Quintil bajo,Centro,Cuidadores domesticos,Usuarios publicos,51.97,51.53464911946567,38.58,42.55118778667026,16.36,12.824163093864065,61.09,3.01499,79.27197147647061,40.23,117.6470588235294,-77.4170588235294,156.6890303,6.612828421508489,6.780184844419932,3.597838421508489,3.7651948444199324,2.193316867222939,1.193316867222939,77.4170588235294,76.10448027222719,243.06060942352937,0.4353508805343296,-3.9711877866702636,3.535836906135934,168,168,0
2184,03962-1-01,60 o mas,Mujeres,Quintil bajo,Norte,Rutina flexible,Motorizados privados,22.22,38.531980678308024,39.62,36.62876730030699,24.36,11.039252021384984,81.8,3.003479,35.955198116842105,18.560000000000002,49.3421052631579,-30.782105263157895,66.73730338,8.052525716314472,2.31498192458306,5.049046716314471,-0.6884970754169402,2.681066095789074,1.6810660957890737,30.782105263157895,79.7747966788618,222.94469168315788,-16.311980678308025,2.9912326996930076,13.320747978615016,168,168,0
2186,03963-1-01,60 o mas,Hombres,Quintil bajo,Norte,Rutina flexible,Movilidad activa,23.74,27.57366597565389,28.96,27.5448203267248,10.72,8.301513697621337,104.57999999999998,3.04988,16.657333018181788,24.810000000000002,80.5568181818182,-55.7468181818182,72.40415119999999,9.052325238548326,6.759926006501513,6.002445238548326,3.7100460065015133,2.9680922654492394,1.9680922654492392,55.7468181818182,67.43903936764549,176.76605658181825,-3.83366597565389,1.4151796732752011,2.418486302378664,168,168,0
2187,03965-1-01,60 o mas,Hombres,Quintil medio,Centro,Rutina flexible,Motorizados privados,37.68,43.69121240659408,56.7,42.75361621125011,4.95,12.885171382155825,68.66999999999999,12.063017,130.60445504,230.57,154.5,76.07,54.534455040000005,34.284438156051955,25.282012718227584,22.221421156051953,13.218995718227584,2.842111401820287,1.8421114018202869,323.93002552,396.44338297135533,1067.6150235700002,-6.011212406594083,13.946383788749891,-7.935171382155825,168,168,0
2192,03977-1-01,60 o mas,Mujeres,Quintil alto,Sur,Cuidadores domesticos,Movilidad mixta,63.69,59.09587278616043,38.71,40.39868866244542,9.27,12.175438551394153,56.33,6.447424,250.35645764000003,189.72000000000003,0,189.72000000000003,60.63645764000001,11.958124641296886,16.073577507793257,5.510700641296886,9.626153507793257,1.8547135478133416,0.8547135478133415,160.27997691999997,130.65969086243757,469.6273804399999,4.59412721383957,-1.688688662445422,-2.9054385513941536,168,168,0
2196,03986-1-01,60 o mas,Mujeres,Quintil bajo,Norte,Rutina flexible,Movilidad activa,38.02,40.36249352082248,30.23,34.630497157654446,17.18,10.43700932152308,82.57,3.038379,56.729169579999976,53.709999999999994,112.5,-58.790000000000006,115.51916957999998,7.036619369825461,5.96660140487505,3.998240369825461,2.92822240487505,2.3159123235861823,1.3159123235861823,58.790000000000035,65.90738312130311,202.83954839000006,-2.3424935208224795,-4.400497157654446,6.74299067847692,168,168,0
2197,03986-1-02,60 o mas,Hombres,Quintil bajo,Norte,Rutina flexible,Movilidad activa,23.39,34.90857704941503,40.51,36.00896745959687,17.87,10.85245549098807,86.23000000000002,3.120494,14.198354659999993,53.709999999999994,112.5,-58.790000000000006,72.98835466,9.727076300070618,4.845436324171394,6.606582300070618,1.7249423241713941,3.1171591100866136,2.1171591100866136,58.790000000000006,94.7336505712373,240.96443971999992,-11.518577049415029,4.501032540403131,7.01754450901193,168,167.99999999999997,-2.842170943040401e-14
2201,03994-1-01,60 o mas,Hombres,Quintil medio,Centro,Rutina flexible,Movilidad mixta,27.96,39.50016664939381,55.28,41.53264172901771,10.31,12.517191621588493,74.44999999999999,2.873514,9.612212089922501,46.73,94.9612403100775,-48.2312403100775,57.843452400000004,9.248718484722957,5.18880270946186,6.375204484722957,2.3152887094618597,3.218609161021299,2.218609161021299,70.73123935007752,103.89206977944372,259.20502261007755,-11.54016664939381,13.74735827098229,-2.2071916215884926,168,168,0
2204,03999-1-01,60 o mas,Mujeres,Quintil bajo,Centro,Cuidadores domesticos,Movilidad activa,50.33,45.06763109480356,39.39,42.602685366498534,10.79,12.839683538697898,67.49000000000001,3.085838,45.090226539999975,62.28,172.5,-110.22,155.31022653999997,8.156289758790324,10.5687413837272,5.070451758790324,7.4829033837272005,2.643136081281754,1.6431360812817537,110.22,93.98118206232644,265.06735084,5.262368905196439,-3.2126853664985333,-2.0496835386978987,168,168,0
2214,04018-1-01,60 o mas,Hombres,Quintil bajo,Sur,Rutina flexible,Motorizados privados,49.03,48.49907539965218,38.8,36.953733582992605,8.76,11.137191017355212,71.41,3.704628,104.52664758425533,62.410000000000004,67.0212765957447,-4.611276595744691,109.13792418000001,7.518425996195026,7.801345160425693,3.8137979961950257,4.096717160425692,2.029468544802616,1.029468544802616,77.11126325574469,75.14438511540732,253.30337093574468,0.5309246003478236,1.8462664170073921,-2.377191017355212,168,168,0
2239,04069-1-01,60 o mas,Mujeres,Quintil bajo,Norte,Cuidadores domesticos,Usuarios publicos,49.02,46.21902785268293,50.37,45.90579172821665,6.57,13.83518041910044,62.039999999999985,3.433428,36.186621220000006,36.629999999999995,131.25,-94.62,130.80662122,9.86661665043922,11.164639048651418,6.433188650439219,7.731211048651418,2.873692604137678,1.8736926041376778,132.12001934,122.50308314218145,327.61940966000003,2.8009721473170757,4.464208271783349,-7.2651804191004405,168,168,0
2243,04080-1-01,60 o mas,Mujeres,Quintil bajo,Sur,Cuidadores domesticos,Movilidad mixta,52,40.07232683682162,30.53,41.17751142988534,11.13,12.410161733293037,74.34,3.060032,17.881664,113.75999999999999,255,-141.24,159.121664,9.404702931598832,16.312929693754434,6.3446709315988326,13.252897693754434,3.073400190455143,2.073400190455143,141.24,104.74093843513293,268.72093312,11.927673163178383,-10.647511429885341,-1.2801617332930366,168,168,0
2245,04083-1-01,60 o mas,Mujeres,Quintil bajo,Centro,Rutina flexible,Movilidad activa,41.18,41.45771092988172,34.98,40.46643345579634,17.96,12.195855614321935,73.88,3.196059,34.69370962000002,62.580000000000005,159.5,-96.91999999999999,131.61370962,8.936476226185873,8.808926567688532,5.740417226185873,5.612867567688532,2.796092383208781,1.7960923832087807,96.91999999999999,97.80758051684683,266.11936346000005,-0.27771092988172086,-5.486433455796345,5.764144385678065,168,168,0
2257,04103-1-01,60 o mas,Hombres,Quintil alto,Centro,Cuidadores domesticos,Motorizados privados,72.87,53.47324757724532,28.01,44.46561529257857,10.46,13.401137130176124,56.65999999999999,12.99803,343.0964478899999,270.92999999999995,0,270.92999999999995,72.16644789,29.264823522700233,75.55419825648161,16.266793522700233,62.55616825648161,2.251481457013119,1.2514814570131192,604.0699982100001,351.9504283164621,1104.10421231,19.396752422754687,-16.455615292578567,-2.9411371301761235,168,168,0
2258,04105-1-02,60 o mas,Mujeres,Quintil bajo,Centro,Cuidadores domesticos,Movilidad mixta,52.5,61.72969434582431,37.57,29.814693104750994,10.46,8.985612549424694,67.47,2.957648,147.616543,4.84,0,4.84,142.776543,4.335178559132788,0.7673763318441418,1.3775305591327882,-2.190271668155858,1.4657520296981887,0.4657520296981887,7.659976999999998,34.95816402253857,149.71581043999996,-9.229694345824313,7.7553068952490065,1.474387450575307,168,168,0
2260,04106-1-03,60 o mas,Mujeres,Quintil medio,Sur,Rutina flexible,Movilidad activa,23.46,39.139429334965854,44.93,37.5374561569517,19.6,11.313114508082457,80.00999999999999,2.978563,34.405789278701285,43.23,78.7012987012987,-35.4712987012987,69.87708797999998,8.093856295642496,2.6448981055121545,5.115293295642497,-0.3336648944878453,2.717369515314095,1.717369515314095,35.471298701298714,82.17346677954262,227.6779690912987,-15.679429334965853,7.392543843048301,8.286885491917545,168,168,0
2261,04109-1-01,60 o mas,Mujeres,Quintil bajo,Centro,Rutina flexible,Usuarios publicos,28.78,49.87741900848314,80.24,49.79520217903015,5.66,15.007378812486696,53.32000000000001,3.2311550000000002,35.41264090000001,54.169999999999995,111.75,-57.580000000000005,92.99264090000001,9.336967873538777,3.225314120087491,6.105812873538777,-0.005840879912509145,2.8896688254010643,1.8896688254010645,57.580000000000005,125.74903091635534,335.1362145,-21.097419008483136,30.444797820969846,-9.347378812486696,168,168,0
2277,04141-1-05,60 o mas,Mujeres,Quintil medio,Centro,Trabajadores rutinarios,Usuarios publicos,35.4,31.809238987574076,14.39,24.86645767229505,14.38,7.494303340130877,103.83,3.043145,53.7573514,66.03,57.5,8.530000000000001,45.227351399999996,6.399927580407753,9.026220305869275,3.356782580407753,5.983075305869275,2.10306363331611,1.1030636333161097,53.969981600000004,43.04277517884112,141.52126325,3.590761012425922,-10.476457672295048,6.885696659869124,168,168,0
2278,04142-1-03,60 o mas,Mujeres,Quintil medio,Sur,Trabajadores moviles,Movilidad activa,46.79,51.46273395203635,47.55,41.10035720970102,10.61,12.386908838262606,63.05000000000001,2.396386,67.43189139,33.43,15.625,17.805,49.62689139,5.028032598530957,3.697670067725662,2.6316465985309567,1.3012840677256619,2.0981730816867383,1.0981730816867386,44.695009549999995,55.892683774384594,184.06881930999998,-4.672733952036353,6.449642790298974,-1.7769088382626066,168,168,0
2280,04145-1-02,60 o mas,Mujeres,Quintil medio,Centro,Rutina flexible,Movilidad activa,28.18,36.21139860766095,39.83,34.23944742936699,12.76,10.319153962972067,87.22999999999999,3.196174,36.71468078192891,31.380000000000003,84.7335025380711,-53.35350253807109,90.06818332,8.533296916236864,4.881499908563082,5.337122916236864,1.6853259085630823,2.6698474226487243,1.6698474226487243,53.35350253807109,79.02324995151324,221.44029319807112,-8.031398607660954,5.590552570633008,2.4408460370279332,168,168,0
2283,04151-1-02,60 o mas,Hombres,Quintil medio,Centro,Trabajadores rutinarios,Movilidad mixta,42.36,40.34530661940326,25.59,29.357016371365045,10.6,8.84767700923169,89.45,4.206116,104.04107408,50.870000000000005,0,50.870000000000005,53.17107408,8.268961990439504,9.855960091887832,4.062845990439504,5.649844091887832,1.9659376941671376,0.9659376941671376,74.12999967999998,65.65596561677795,226.34933772,2.0146933805967393,-3.7670163713650453,1.7523229907683096,168,168,0
2288,04160-1-01,60 o mas,Hombres,Quintil alto,Norte,Rutina flexible,Motorizados privados,43.08,38.99367217709551,20.29,39.831753375655126,27.46,12.004574447249382,77.16999999999999,3.042552,18.95860271506612,55.00000000000001,167.1145374449339,-112.11453744493389,131.07314016,9.252830569635115,11.297492839143295,6.210278569635115,8.254940839143295,3.0411413082291165,2.0411413082291165,112.11453744493389,99.68167255470019,257.3963954449339,4.086327822904487,-19.541753375655126,15.455425552750619,168,168,0
2289,04162-1-01,60 o mas,Hombres,Quintil bajo,Centro,Cuidadores domesticos,Movilidad activa,71.83,61.79904622064974,22.74,33.04252939576869,10.23,9.958424383581567,63.2,3.097238,148.5580838008696,63.03999999999999,136.95652173913038,-73.91652173913039,222.47460554,4.794559691053784,10.787382947915656,1.6973216910537845,7.690144947915656,1.5480113866140686,0.5480113866140686,73.91652173913039,42.848270517483144,176.0324585991304,10.030953779350256,-10.30252939576869,0.2715756164184331,168,168,0
2294,04168-1-01,60 o mas,Hombres,Quintil bajo,Centro,Rutina flexible,Motorizados privados,29.9,43.00342864119614,58.41,44.70368446086494,12.87,13.472886897938928,66.82,3.092419,15.693328099999988,112.22999999999999,189,-76.77000000000001,92.4633281,9.700880789959568,5.182238193127319,6.608461789959568,2.0898191931273193,3.1369878370167714,2.136987837016772,76.77000000000001,117.29129169517914,297.19762632000004,-13.103428641196139,13.706315539135055,-0.6028868979389284,168,168,0
2304,04188-1-01,60 o mas,Mujeres,Quintil bajo,Sur,Rutina flexible,Movilidad activa,23.05,44.34920990219439,63.36,44.39956064961336,15.72,13.38122944819226,65.86999999999999,3.052939,28.58024395000001,33.21000000000001,75,-41.78999999999999,70.37024395,8.894940689772126,2.542724055238795,5.842001689772125,-0.5102149447612048,2.9135664648956716,1.9135664648956712,41.78999999999999,106.81518857959543,283.21641612,-21.299209902194388,18.960439350386636,2.338770551807741,168,168,0
2320,04199-1-02,60 o mas,Mujeres,Quintil medio,Centro,Cuidadores domesticos,Usuarios publicos,44.76,41.762378345608596,36.19,36.58235689491329,8.42,11.025264759478102,78.63000000000001,3.129959,57.0939916334313,42.330000000000005,125.3329732065687,-83.0029732065687,140.09696484,7.440738398715491,8.952718871412328,4.310779398715491,5.8227598714123285,2.3772638551225405,1.3772638551225402,83.0029732065687,73.62054033081142,222.63044419656865,2.997621654391402,-0.3923568949132914,-2.6052647594781018,168,168,0
2325,04203-2-01,60 o mas,Hombres,Quintil bajo,Centro,Trabajadores rutinarios,Movilidad activa,47.92,44.38945462043309,26.62,30.414240133272163,9.43,9.166305246294737,84.03,2.613863,76.75633356,66.5,0,66.5,10.25633356,4.774089516391998,6.473360957697457,2.160226516391998,3.859497957697457,1.8264497857737754,0.8264497857737754,48.499981399999996,39.27161946252909,142.72974254999997,3.5305453795669095,-3.7942401332721616,0.26369475370526274,168,168,0
2337,04216-1-01,60 o mas,Hombres,Quintil alto,Sur,Trabajadores rutinarios,Motorizados privados,50.33,44.503514091601204,31.08,36.473906229849355,10.56,10.992579678549442,76.03,11.34312,254.83254995333334,325.6,91.6666666666667,233.93333333333334,20.89921662,25.33990701127816,36.52258549869183,13.99678701127816,25.179465498691833,2.233945070781069,1.233945070781069,316.06667964666667,249.97615080939016,788.3941964466668,5.826485908398794,-5.393906229849357,-0.4325796785494411,168,168,0
2341,04226-1-02,60 o mas,Mujeres,Quintil bajo,Centro,Cuidadores domesticos,Motorizados privados,74.98,79.74920591280146,15.33,15.806883535847778,10.01,4.763910551350772,67.67999999999999,2.969809,222.67627882000002,0,0,0,222.67627882000002,3.3129665959486627,0,0.3431575959486626,-2.969809,1.1155487090074354,0.11554870900743534,0,14.163630642690975,75.25496006,-4.7692059128014535,-0.47688353584777765,5.2460894486492275,168,168,0
2342,04228-1-01,60 o mas,Hombres,Quintil alto,Norte,Trabajadores rutinarios,Motorizados privados,57.4,43.79148877893404,18.23,31.06582884891121,8.59,9.362682372154763,83.77999999999999,9.402893,257.88605359999997,218.15999999999997,0,218.15999999999997,39.7260536,18.314274837815262,50.56352989632262,8.911381837815261,41.16063689632262,1.947727666135865,0.9477276661358648,281.84000460000004,153.88062969901745,534.0255948600002,13.60851122106596,-12.83582884891121,-0.7726823721547635,168,168,0
2344,04230-1-01,60 o mas,Mujeres,Quintil medio,Centro,Rutina flexible,Movilidad activa,32.77,39.55547911650488,35.57,30.478768075403657,10.88,9.185752808091472,88.78,2.978314,67.42509370412571,26.939999999999998,57.1142560758743,-30.174256075874304,97.59934978000001,6.111953156717374,3.1256789970734604,3.133639156717374,0.1473649970734603,2.0521520419664863,1.0521520419664863,30.174256075874297,50.383543525268394,168.5169413758743,-6.785479116504874,5.091231924596343,1.694247191908529,168,168,0
2345,04231-1-01,60 o mas,Hombres,Quintil bajo,Centro,Trabajadores rutinarios,Movilidad activa,58.23,52.31260641238249,37.28,43.64390512945159,13.6,13.153488458165912,58.89000000000001,4.144586,107.50287019981312,140.93,74.7663551401869,66.1636448598131,41.339225340000006,9.260402844571669,12.656702610809715,5.115816844571668,8.512116610809715,2.234337240093864,1.2343372400938641,133.8363725801869,109.31122596045762,344.71290826018685,5.917393587617504,-6.363905129451588,0.4465115418340879,168,168,0
2354,04243-1-02,60 o mas,Mujeres,Quintil bajo,Norte,Rutina flexible,Movilidad activa,15.36,33.27583715497962,37.99,28.47293274760211,16.98,8.581230097418292,97.66999999999997,3.0304,46.546944,0,0,0,46.546944,7.050072432734081,0,4.0196724327340805,-3.0304,2.326449456419641,1.326449456419641,0,54.29215291445025,166.5810880000001,-17.91583715497962,9.517067252397894,8.398769902581709,167.99999999999997,168,0
2359,04250-1-01,60 o mas,Mujeres,Quintil bajo,Norte,Cuidadores domesticos,Usuarios publicos,75.44,47.661304497141664,27.68,49.023802643587445,8.34,14.774892859270903,56.53999999999999,2.52722,18.293471519999997,69.64,154.5,-84.86,103.15347152,7.704605521820365,23.02429342839612,5.177385521820365,20.49707342839612,3.048648523603155,2.048648523603155,172.36000528,102.15713043126635,263.39046968,27.778695502858334,-21.343802643587445,-6.434892859270903,168,168,0
2361,04256-1-01,60 o mas,Mujeres,Quintil bajo,Norte,Cuidadores domesticos,Movilidad activa,72.94,66.00135095920547,23.01,30.41278296025336,9.63,9.165866080541178,62.419999999999995,2.973419,161.19119504,61.31,0,61.31,99.88119504,4.262119159249675,8.209571434919063,1.2887001592496752,5.236152434919063,1.4334068489000962,0.43340684890009623,55.68998681999997,35.05847592776976,152.74238298000003,6.93864904079453,-7.402782960253358,0.4641339194588223,168,168,0
2362,04257-1-01,60 o mas,Mujeres,Quintil bajo,Centro,Rutina flexible,Motorizados privados,22.99,55.57232669196594,98.54,57.57546357090776,8.97,17.35220973712632,37.499999999999986,3.095701,23.153678695530594,36.88,84.89648729446941,-48.01648729446941,71.17016599,9.560759312811014,2.148993217686033,6.4650583128110135,-0.9467077823139669,3.0883988191401603,2.0883988191401603,48.01648729446941,148.88162861711507,380.83530180446945,-32.582326691965946,40.96453642909225,-8.382209737126319,168,168,0
2374,04288-1-01,60 o mas,Hombres,Quintil alto,Centro,Trabajadores moviles,Motorizados privados,62.52,49.27417955698716,27,36.47339487701543,7.22,10.992425565997433,71.25999999999999,12.435339,365.91740400000003,338.46000000000004,0,338.46000000000004,27.457404,25.020698372007317,57.8662793077269,12.585359372007316,45.4309403077269,2.012064035568899,1.0120640355688988,411.5399902800001,246.82372273800513,837.0772908600002,13.245820443012846,-9.47339487701543,-3.772425565997433,168,168,0
2376,04291-1-01,60 o mas,Mujeres,Quintil bajo,Centro,Rutina flexible,Movilidad activa,29.94,35.5432372248609,17.18,17.640294973956834,11.38,5.316467801182277,109.5,3.041029,86.28022644181819,7.05,11.81818181818182,-4.76818181818182,91.04840826,4.5708240680374335,0.8033191599481643,1.5297950680374335,-2.237709840051836,1.5030517854441485,0.5030517854441485,4.768181818181816,21.807788712863342,91.6199700581818,-5.6032372248609015,-0.4602949739568345,6.0635321988177235,168,168,0
2377,04291-1-02,60 o mas,Mujeres,Quintil bajo,Centro,Trabajadores rutinarios,Movilidad mixta,50.43,50.145956825047165,38.96,37.93969969521413,10.13,11.434343479738715,68.47999999999999,2.315281,69.0178062281818,70.44,18.1818181818182,52.2581818181818,16.75962441,4.5884900297859375,4.679499562391604,2.2732090297859373,2.364218562391604,1.9818285684484678,0.9818285684484679,47.741814601818206,47.08417483567024,161.39895889181824,0.28404317495283493,1.02030030478587,-1.304343479738714,168,168,0
2378,04292-1-01,60 o mas,Mujeres,Quintil bajo,Centro,Cuidadores domesticos,Movilidad activa,54.63,52.532811026288044,36.3,38.54916392954498,11.77,11.618025044166965,65.30000000000001,3.037983,98.0621541471429,39.24,107.14285714285711,-67.9028571428571,165.96501129,5.901632923386539,6.796846273883031,2.863649923386539,3.758863273883031,1.942615519371418,0.9426155193714181,67.9028571428571,61.53163269293273,213.93869995285706,2.0971889737119582,-2.2491639295449843,0.151974955833035,168,168,0
2389,04324-1-02,60 o mas,Mujeres,Quintil medio,Centro,Cuidadores domesticos,Usuarios publicos,78.3,56.1011194881659,19.83,41.02475639892925,11.36,12.36412411290485,58.510000000000005,2.109704,73.71204782222219,57.550000000000004,111.5277777777778,-53.977777777777796,127.68982559999999,4.02358052225024,14.112168099424405,1.9138765222502405,12.002464099424405,1.9071777473286493,0.9071777473286493,91.47777537777779,44.644708366439346,157.27944313777778,22.198880511834098,-21.19475639892925,-1.0041241129048508,168,168,0
2398,04334-1-02,60 o mas,Mujeres,Quintil bajo,Centro,Cuidadores domesticos,Movilidad mixta,38.68,32.198973446100084,13.45,21.57016620691936,8.14,6.500860346980581,107.72999999999999,3.963596,84.7806765394495,60.15,67.4311926605505,-7.281192660550495,92.0618692,7.343710778235926,15.273174771057258,3.380114778235926,11.309578771057257,1.8527899357643731,0.8527899357643731,68.53121674055049,42.84304581561901,154.10525438055052,6.481026553899916,-8.120166206919361,1.63913965301942,168,168,0
2403,04339-1-02,60 o mas,Mujeres,Quintil bajo,Centro,Cuidadores domesticos,Motorizados privados,56.6,40.27050877466467,12.96,34.8779147031931,16.1,10.511576522142217,82.34,2.732875,49.83072499999999,67.64999999999999,172.5,-104.85000000000001,154.680725,6.384170817484911,17.360664568480797,3.651295817484911,14.627789568480797,2.3360639683428297,1.33606396834283,104.85000000000001,60.22354166756172,184.26734749999997,16.32949122533533,-21.917914703193098,5.588423477857784,168,168,0
2413,04353-1-01,60 o mas,Hombres,Quintil medio,Norte,Trabajadores rutinarios,Movilidad mixta,88.03,57.570512067224996,9.67,37.0986282633911,8.15,11.180859669383905,62.15,2.6981290000000002,108.36626116,95.85,0,95.85,12.516261160000001,4.680779717007093,34.87228044902337,1.9826507170070928,32.17415144902337,1.7348242863877497,0.7348242863877497,129.15003471000003,46.96640699342973,177.23069349,30.459487932775005,-27.428628263391097,-3.0308596693839043,168,168,0
2417,04361-1-01,60 o mas,Mujeres,Quintil bajo,Centro,Trabajadores moviles,Usuarios publicos,70.62,54.4081006317851,31.92,43.61663087888477,8.63,13.145268489330133,56.82999999999999,2.873013,84.59220418,89.19999999999999,82.5,6.699999999999989,77.89220418000001,6.0798785590566276,14.037420554319056,3.2068655590566277,11.164407554319055,2.116202940625966,1.116202940625966,118.29997388,71.7229762404268,234.80065103000004,16.2118993682149,-11.696630878884768,-4.515268489330133,168,168,0
2421,04366-1-01,60 o mas,Mujeres,Quintil bajo,Centro,Rutina flexible,Movilidad activa,31.13,35.97904482941859,37.78,35.063458948321994,12.7,10.567496222259408,86.39,3.139671,29.45795822999999,111.97,180.25,-68.28,97.73795822999999,8.805283625571157,6.5083018560105,5.665612625571157,3.3686308560105003,2.8045243038430323,1.8045243038430323,68.28,83.5044054286255,226.77059208000003,-4.849044829418592,2.716541051678007,2.1325037777405917,168,168,0
2427,04372-1-01,60 o mas,Hombres,Quintil bajo,Centro,Trabajadores moviles,Movilidad mixta,98.11,65.55916953299929,9.61,39.13595664626699,8.77,11.794873820733713,51.510000000000005,2.675578,128.92098316,113.91999999999999,50,63.91999999999999,65.00098315999999,4.391882536841942,34.96949576026398,1.7163045368419425,32.29391776026398,1.6414705670482947,0.6414705670482949,133.57997441999999,46.48768854076317,182.75709805999998,32.55083046700071,-29.52595664626699,-3.0248738207337134,168,168,0
2452,04411-1-01,60 o mas,Hombres,Quintil bajo,Sur,Trabajadores rutinarios,Usuarios publicos,63.18,55.00921044800424,16.11,29.646013886695883,14.3,8.93477566529988,74.41,2.841588,120.98152812,66.44999999999999,0,66.44999999999999,54.531528120000004,4.406466139843794,9.264116614007738,1.5648781398437945,6.422528614007739,1.550705499827489,0.550705499827489,58.55000172,35.331984178523456,144.96269279999996,8.17078955199576,-13.536013886695883,5.365224334700121,168,168,0
2454,04414-1-02,60 o mas,Mujeres,Quintil medio,Sur,Rutina flexible,Movilidad mixta,40.48,46.62112136572173,39.58,40.68665285248387,19.51,12.262225781794392,68.43,5.662433,115.53364140895519,89.49,65.6716417910448,23.81835820895519,91.7152832,13.49064029511847,9.25699194790597,7.828207295118469,3.59455894790597,2.3824812223152962,1.382481222315296,113.68164643104478,148.45533470931258,448.27481240104476,-6.14112136572173,-1.1066528524838688,7.24777421820561,168,168,0
2458,04419-1-03,60 o mas,Mujeres,Quintil medio,Centro,Rutina flexible,Motorizados privados,19.78,39.11194148961361,53.95,38.9263548908962,16.04,11.731703619490183,78.22999999999999,3.097326,26.644929108667398,28.759999999999998,63.3801791713326,-34.6201791713326,61.26510828,8.97563778546984,2.3800541542048435,5.8783117854698395,-0.7172718457951563,2.897866671273815,1.8978666712738148,34.6201791713326,94.49750417759157,251.40202591133266,-19.331941489613612,15.023645109103803,4.308296380509816,168,168,0
2459,04423-1-01,60 o mas,Hombres,Quintil bajo,Norte,Trabajadores moviles,Movilidad mixta,91.04,60.82536479131435,17.86,41.46717429489242,5.89,12.497460913793244,53.209999999999994,1.883161,76.9129952,55.47,0,55.47,21.4429952,3.3552861830310743,19.151353978549615,1.4721251830310742,17.268192978549614,1.7817309210583026,0.7817309210583026,94.52998224000002,37.630959585776324,139.25505599000002,30.214635208685657,-23.607174294892424,-6.607460913793244,168,168,0
2461,04435-1-03,60 o mas,Mujeres,Quintil bajo,Centro,Cuidadores domesticos,Motorizados privados,87.62,93.70326592143988,26.61,19.622780713016564,5.01,5.913953365543559,48.76,3.333504,292.08162048,0,0,0,292.08162048,3.8209024421955284,0,0.4873984421955284,-3.333504,1.1462120466018726,0.1462120466018725,0,20.278591282183527,105.40539647999998,-6.0832659214398745,6.987219286983436,-0.9039533655435594,168,168,0
2466,04442-1-01,60 o mas,Hombres,Quintil medio,Norte,Trabajadores moviles,Movilidad mixta,60.28,58.0858290490395,40.96,39.61494012115692,8.4,11.939230829803586,58.35999999999999,1.911491,74.4955532023881,23.449999999999996,14.1791044776119,9.270895522388095,65.224657680000007,3.4098765962940694,3.970301085691056,1.4983855962940693,2.0588100856910563,1.7838831552406311,0.7838831552406311,40.729124277611916,36.53498625238947,135.08032003761193,2.1941709509604976,1.345059878843081,-3.5392308298035857,168,168,0
2468,04442-1-04,60 o mas,Mujeres,Quintil medio,Norte,Cuidadores domesticos,Movilidad mixta,45.3,50.97285556058386,42.93,35.79052390808681,9.32,10.786620531329307,70.45000000000002,3.108911,102.1435190462687,22.279999999999998,60.9701492537313,-38.690149253731306,140.8336683,5.818805374234012,3.5629328017658457,2.709894374234012,0.4540218017658457,1.8716538923867592,0.8716538923867593,38.690149253731306,56.32655230744163,201.13074900373124,-5.672855560583862,7.139476091913188,-1.4666205313293066,168,168,0
2476,04452-1-01,60 o mas,Hombres,Quintil bajo,Norte,Rutina flexible,Movilidad activa,17.6,43.03957493638339,73.41,44.28401807147007,9.66,13.346406992146525,67.33000000000001,3.207392,19.917476249180304,19.41,55.9426229508197,-36.5326229508197,56.450099200000004,9.862613640224959,2.1160706584847393,6.655221640224958,-1.0913213415152607,3.0749635966620104,2.0749635966620104,36.5326229508197,118.12731208517627,302.9706763908197,-25.439574936383387,29.125981928529924,-3.686406992146525,168,168,0
2497,04501-1-01,60 o mas,Hombres,Quintil medio,Centro,Trabajadores moviles,Usuarios publicos,56.01,53.636100231534975,33.25,39.95283384447095,16.37,12.041065923994061,62.370000000000005,3.359661,108.5140581194595,80.88000000000001,10.5405405405405,70.3394594594595,38.17459866,6.63391278329644,7.724672685434636,3.2742517832964397,4.365011685434636,1.974578025371143,0.974578025371143,79.66055449054049,71.68505602051953,246.3669333105405,2.373899768465023,-6.702833844470952,4.32893407600594,168,168,0
2498,04501-1-02,60 o mas,Mujeres,Quintil medio,Centro,Cuidadores domesticos,Movilidad activa,47.27,58.12030042036277,38.43,27.51666991121536,8.23,8.293029668421893,74.06999999999998,3.131975,148.04845824999998,0,0,0,148.04845824999998,4.566178589728358,2.930886374013192e-15,1.4342035897283583,-3.131974999999997,1.4579230644332595,0.4579230644332596,2.842170943040401e-14,33.9828696590657,146.13795350000012,-10.850300420362764,10.91333008878464,-0.06302966842189228,168,168,0
2506,04514-1-02,60 o mas,Mujeres,Quintil bajo,Sur,Cuidadores domesticos,Motorizados privados,79.47,66.51839260125878,16.62,28.186655974570506,7.11,8.494951424170717,64.8,2.496277,140.0552318401877,94.53,50.6038798498123,43.9261201501877,96.12911169,3.4095987145288245,11.826121856651907,0.9133217145288244,9.329844856651906,1.3658735446942885,0.36587354469428846,58.3239013498123,25.993101687304772,117.56055455981229,12.951607398741217,-11.566655974570505,-1.3849514241707164,168,168,0
2509,04520-1-02,60 o mas,Mujeres,Quintil bajo,Centro,Cuidadores domesticos,Usuarios publicos,50.78,51.037882760491925,38.57,45.791409552132315,21.28,13.800707687375755,57.370000000000005,3.107013,64.76412013999999,61.49,154.5,-93.00999999999999,157.77412013999998,7.574598291426405,7.477544578121258,4.4675852914264045,4.370531578121259,2.437903636523698,1.4379036365236981,93.00999999999999,93.8112450893243,278.96472804999996,-0.25788276049192405,-7.2214095521323145,7.479292312624246,168,168,0
2528,04555-1-01,60 o mas,Mujeres,Quintil bajo,Norte,Cuidadores domesticos,Movilidad activa,44.02,35.65491736450432,20.14,34.52874083917811,16.43,10.406341796317578,87.41,3.050404,29.738784080000016,48.46,153,-104.53999999999999,134.27878408,8.461788003979581,13.754697910988858,5.411384003979581,10.704293910988858,2.7739892827243806,1.7739892827243806,104.53999999999999,79.02311846835342,216.09327427999997,8.365082635495682,-14.388740839178112,6.023658203682421,168,168,0
2541,04578-1-01,60 o mas,Hombres,Quintil bajo,Centro,Trabajadores rutinarios,Motorizados privados,47.41,37.24908866042481,25.91,37.16119513868656,12.29,11.19971620088862,82.39000000000001,2.626515,21.14627028013201,64.61000000000001,67.986798679868,-3.3767986798679885,24.52306896,7.63013517262515,13.02126769936019,5.0036201726251495,10.39475269936019,2.9050415370272584,1.9050415370272584,103.37680586986798,76.68901982280366,203.70967886986796,10.160911339575186,-11.251195138686558,1.0902837991113792,168,168,0
2542,04580-1-01,60 o mas,Hombres,Quintil bajo,Norte,Rutina flexible,Motorizados privados,39.85,56.44532095149604,51.55,35.67336738670118,11.47,10.751311661802763,65.13000000000001,3.056276,121.7925986,0,0,0,121.7925986,5.256816753475382,0,2.2005407534753822,-3.056276,1.720007209255768,0.7200072092557682,0,50.719881136354516,192.60651351999996,-16.595320951496042,15.876632613298817,0.7186883381972375,168,168,0
2543,04582-1-02,60 o mas,Mujeres,Quintil medio,Norte,Cuidadores domesticos,Movilidad activa,62.12,43.135988570474225,25.85,44.90918912115177,13.61,13.534822308374004,66.42,2.715118,13.603106559999993,117.44,147.5,-30.060000000000002,43.663106559999996,8.522397635151117,18.907594774755143,5.807279635151117,16.192476774755143,3.138868231565301,2.138868231565301,155.0600236,103.51619245548883,262.19857987999995,18.984011429525772,-19.059189121151768,0.07517769162599564,168,168,0
2546,04585-1-01,60 o mas,Mujeres,Quintil bajo,Norte,Rutina flexible,Movilidad mixta,30.02,49.204524101926886,62.91,39.546785612135345,7.74,11.918690285937764,67.33,1.486821,40.28435962,3.15,0,3.15,37.13435962,3.0734740595202856,0.2962588214515235,1.5866530595202857,-1.1905621785484763,2.0671446391463975,1.0671446391463975,4.350006800000003,32.87396010975103,109.39391044999999,-19.184524101926886,23.36321438786465,-4.178690285937764,168,168,0
2547,04586-1-02,60 o mas,Mujeres,Quintil alto,Norte,Cuidadores domesticos,Movilidad activa,67.71,65.56050060226538,26.4,31.005115067806805,11.8,9.344384329927797,62.09000000000002,2.832862,151.35587083012658,29.720000000000002,70.17721518987341,-40.45721518987341,191.81308602,4.098353142611119,5.095961564348494,1.2654911426111188,2.263099564348494,1.4467182455803067,0.4467182455803067,40.45721518987341,34.367980027008116,148.67254358987336,2.1494993977346155,-4.605115067806807,2.455615670072204,168,168,0
2551,04591-1-02,60 o mas,Hombres,Quintil bajo,Centro,Trabajadores rutinarios,Movilidad mixta,58.19,50.5839894198132,32.73,38.28699771911385,9.49,11.539012861072928,67.59000000000002,2.846798,85.10518087,44.45,0,44.45,40.655180869999995,5.687641238117583,9.179960418511389,2.8408432381175825,6.333162418511389,1.9979082597773297,0.9979082597773297,80.54999475,58.8972190423454,200.74180631,7.606010580186798,-5.556997719113852,-2.049012861072928,168,168,0
2558,04607-1-01,60 o mas,Hombres,Quintil medio,Sur,Jovenes trabajadores,Motorizados privados,55.93,53.86414577824467,66.73,57.89679958604097,6.55,17.449054635714358,38.78999999999999,4.229341,5.687053940000013,194.14000000000001,225,-30.859999999999985,36.54705394,14.184932471758572,15.158517505420225,9.955591471758572,10.929176505420225,3.353934447886461,2.353934447886461,230.85998818999997,222.1227862299071,540.78609667,2.0658542217553304,8.833200413959034,-10.899054635714357,168,168,0
2559,04614-1-01,60 o mas,Hombres,Quintil medio,Sur,Cuidadores domesticos,Movilidad mixta,63.33,61.95087510082199,36.11,40.064426849482224,14.65,12.074698049695783,53.910000000000004,5.492899,234.80532918,161.94,0,161.94,72.86532917999999,9.734613726807357,10.71718561444491,4.2417147268073565,5.224286614444909,1.7722178628821241,0.772217862882124,113.05996449000003,105.48457071043003,391.87951773000003,1.3791248991780094,-3.954426849482225,2.575301950304217,168,168,0
2565,04626-1-04,60 o mas,Mujeres,Quintil medio,Sur,Cuidadores domesticos,Movilidad activa,40.45,40.31723171114606,14.35,25.551888437478816,18.77,7.700879851375112,94.43,2.994165,84.78741988552831,31.42,67.7465543644717,-36.326554364471704,121.11397425000001,5.198896091018462,5.277489759863126,2.2047310910184614,2.283324759863126,1.736342549932439,0.736342549932439,36.326554364471704,35.92902420087533,135.4932991644717,0.13276828885394565,-11.201888437478816,11.069120148624886,168,168,0
2570,04633-1-01,60 o mas,Hombres,Quintil medio,Sur,Trabajadores rutinarios,Motorizados privados,45.08,44.70729260606468,38.02,36.72457934469893,9.4,11.068128049236403,75.5,12.549567,281.75450244,266.02000000000004,0,266.02000000000004,15.73450244,28.11945906593503,28.81507090678785,15.56989206593503,16.26550390678785,2.240671655518874,1.2406716555188742,283.97997792,279.3026615084133,879.08044506,0.3727073939353218,1.295420655301072,-1.6681280492364028,168,168,0
2571,04634-1-01,60 o mas,Hombres,Quintil bajo,Norte,Trabajadores rutinarios,Movilidad activa,62.15,51.318719694130635,30.79,38.26031049454797,8.17,11.530969811321388,66.89,2.727965,84.51299599999999,41.72,0,41.72,42.792995999999995,5.361639629747059,10.501392691225183,2.633674629747059,7.773427691225183,1.965435637827853,0.9654356378278529,85.03002875000001,55.48267517039909,191.31154515000003,10.831280305869363,-7.470310494547974,-3.3609698113213877,168,168,0
2572,04634-2-02,60 o mas,Mujeres,Quintil bajo,Norte,Rutina flexible,Movilidad activa,17.56,42.05515536691876,60.63,37.379373420155666,12.51,11.265471212925565,77.3,3.115932,54.715765919999996,0,0,0,54.715765919999996,7.5496161367295915,0,4.433684136729592,-3.115932,2.422907860867821,1.4229078608678212,0,76.32523845275392,227.89926648000002,-24.495155366918762,23.250626579844337,1.2445287870744348,168,168,0
2584,04651-1-01,60 o mas,Mujeres,Quintil bajo,Centro,Jovenes trabajadores,Movilidad mixta,54.63,51.38644139901159,53.42,48.57417533113766,6.55,14.639383269850743,53.400000000000006,4.21555,70.15733325181799,151.67999999999998,124.318181818182,27.36181818181798,42.79551507,11.148501190208693,12.8485558090396,6.932951190208692,8.6330058090396,2.6446136779800242,1.6446136779800244,160.13816324818205,146.46477978778532,412.944696748182,3.2435586009884148,4.845824668862342,-8.089383269850742,168,168,0
2587,04655-1-01,60 o mas,Hombres,Quintil bajo,Centro,Rutina flexible,Movilidad activa,16.65,37.043892695785324,55.02,37.464869200096814,14.13,11.291238104117868,82.19999999999999,5.315693,34.337374393842396,46.57,50.7389162561576,-4.168916256157601,38.50629065,16.044363703479373,3.7692198182625307,10.728670703479374,-1.5464731817374688,3.0183014149762553,2.0183014149762553,54.16891405615759,162.57658670189477,421.74908500615766,-20.393892695785325,17.55513079990319,2.838761895882133,168,168,0
2591,04664-1-02,60 o mas,Mujeres,Quintil bajo,Centro,Cuidadores domesticos,Movilidad mixta,47.1,53.4746168812951,40.34,36.16569328212748,13.1,10.89968983657741,67.46000000000001,3.470004,123.79050983333332,27.02,41.6666666666667,-14.6466666666667,138.43717650000002,6.314599226069069,3.569717772775097,2.844595226069069,0.09971377277509719,1.8197671317004445,0.8197671317004444,39.64667856666668,61.7666246432282,225.08369232666666,-6.374616881295097,4.1743067178725255,2.2003101634225892,168,168,0
2594,04670-1-01,60 o mas,Hombres,Quintil bajo,Sur,Jovenes trabajadores,Motorizados privados,53.94,52.187599556051,44.57,41.81892745181456,8.1,12.603472992134432,61.39000000000001,4.965018,138.74307166,95.93,0,95.93,42.81307166,10.642203537257357,11.791132247561745,5.677185537257357,6.826114247561745,2.1434370504311078,1.1434370504311078,129.06999925999997,120.3692995125852,390.57749731999985,1.752400443949,2.751072548185441,-4.503472992134432,168,168,0
2597,04682-1-02,60 o mas,Hombres,Quintil bajo,Norte,Trabajadores rutinarios,Usuarios publicos,82.26,57.38235906867935,24.78,40.739490755405804,3.36,12.278150175914853,57.599999999999994,1.830263,67.85739978000001,42.300000000000004,0,42.300000000000004,25.55739978,3.373148080213776,14.140837100656492,1.5428850802137761,12.310574100656492,1.842985450841642,0.842985450841642,82.70003460000001,37.16740887611826,134.20363542,24.877640931320656,-15.959490755405803,-8.918150175914853,168,168,0
2598,04685-1-01,60 o mas,Hombres,Quintil bajo,Sur,Cuidadores domesticos,Usuarios publicos,73.02,64.48549136127387,22.02,30.832229047499876,9.57,9.292279591226244,63.39000000000001,2.388501,125.36837244,42.21,0,42.21,83.15837244,3.4362802356432156,7.4695441096440005,1.0477792356432154,5.081043109644,1.438676490251926,0.4386764902519259,49.039970580000016,28.65528816189402,124.49271716999999,8.534508638726123,-8.812229047499876,0.2777204087737566,168,168,0
2599,04688-1-01,60 o mas,Hombres,Quintil bajo,Centro,Trabajadores rutinarios,Motorizados privados,69.32,51.16644619022499,8.92,27.93457504603052,9.28,8.418978763744486,80.48,3.501763,137.33220928000003,44.59,0,44.59,92.74220928000001,5.537887449836581,27.867881442528972,2.036124449836581,24.366118442528972,1.5814569546358737,0.5814569546358737,105.41000187999995,41.840558830420804,169.14208847999993,18.153553809775005,-19.014575046030522,0.8610212362555139,168,168,0
2604,04692-1-01,60 o mas,Mujeres,Quintil bajo,Centro,Cuidadores domesticos,Movilidad activa,46.89,40.93967897390005,36.95,43.56931322658532,13.8,13.131007799514633,70.36,3.06142,6.209983800000003,84.66,222,-137.34,143.5499838,10.108941820782055,13.021305182121218,7.047521820782055,9.959885182121218,3.3020434376145893,2.3020434376145893,137.34,119.12356820427709,292.70706500000006,5.9503210260999495,-6.619313226585319,0.6689922004853681,168,168,0
2608,04698-1-02,60 o mas,Hombres,Quintil bajo,Sur,Trabajadores moviles,Motorizados privados,58.38,53.34963878123655,22.98,28.938743987205147,9.65,8.72161723155831,76.99,2.262634,93.54258297999999,63.44999999999999,2,61.44999999999999,32.09258298,3.4711124599949046,5.68461054609947,1.2084784599949048,3.42197654609947,1.5341024929329732,0.5341024929329732,38.54998993999999,27.168123614144378,112.37973736000001,5.030361218763453,-5.958743987205146,0.9283827684416899,168,168,0
2616,04712-1-02,60 o mas,Mujeres,Quintil alto,Centro,Cuidadores domesticos,Movilidad mixta,34.78,30.011106753780645,19.21,21.407160030572104,3.88,6.4517332156472635,110.13,3.178411,59.76085106690287,44,94.78428351309711,-50.78428351309711,110.54513457999998,6.153273843775292,10.582759286724253,2.9748628437752918,7.404348286724252,1.9359591455526965,0.9359591455526965,50.78428351309714,35.62678076148782,124.17379350309714,4.768893246219356,-2.1971600305721033,-2.5717332156472636,168,168,0
2622,04722-1-02,60 o mas,Mujeres,Quintil medio,Centro,Rutina flexible,Movilidad activa,44.9,44.38732535547399,42.05,41.849874706223986,11.9,12.612799938302032,69.14999999999999,2.868682,41.9538218,63.14999999999999,150,-86.85000000000001,128.8038218,7.543052713651707,7.745900160734588,4.674370713651706,4.8772181607345875,2.629448894527768,1.6294488945277679,86.85000000000001,85.37929947539185,241.61539390000002,0.5126746445260082,0.2001252937760114,-0.712799938302032,168,168,0
2632,04747-1-02,60 o mas,Mujeres,Quintil alto,Centro,Rutina flexible,Movilidad activa,35.84,50.54346132450459,43.89,31.679044215177765,12.04,9.547494460317655,76.22999999999999,3.133075,112.28940800000001,0,0,0,112.28940800000001,5.376591267753208,0,2.2435162677532086,-3.133075,1.7160748682215423,0.7160748682215423,0,46.067047089272194,175.23288475,-14.703461324504588,12.210955784822236,2.4925055396823446,168,168,0
2634,04749-1-01,60 o mas,Mujeres,Quintil bajo,Centro,Trabajadores rutinarios,Usuarios publicos,63.17,52.51611539207771,11.93,28.24219478473886,14.17,8.511689823183428,78.73,2.33484,95.33185023,40.339999999999996,0,40.339999999999996,54.991850230000004,3.5720067273508374,9.61591320578697,1.2371667273508375,7.281073205786971,1.529872165694796,0.5298721656947961,52.15999257,27.284876632038703,113.09931656999997,10.653884607922294,-16.31219478473886,5.658310176816572,168,168,0
2646,04765-1-01,60 o mas,Hombres,Quintil alto,Sur,Trabajadores moviles,Motorizados privados,56.02,56.16096964608646,40.94,40.34866733225086,11.71,12.16036302166269,59.32999999999999,4.022786,141.73644904000002,116.38000000000001,0,116.38000000000001,25.35644904,7.714453068626307,7.641971728006179,3.691667068626307,3.6191857280061788,1.9176891509084268,0.917689150908427,83.62002267999998,84.18711339870154,295.41970558,-0.1409696460864538,0.5913326677491355,-0.4503630216626888,168,168,0
2658,04782-1-01,60 o mas,Hombres,Quintil bajo,Sur,Jovenes trabajadores,Motorizados privados,45.87,48.20754493654403,47.98,46.82902786801821,15.3,14.113427195437755,58.85000000000001,4.739415,61.959077093157894,107.72,63.1578947368421,44.562105263157896,17.39697183,13.14712550631729,11.819087287125503,8.40771050631729,7.079672287125503,2.7739975305638542,1.7739975305638545,155.4378889568421,166.51648449227295,455.3480701568421,-2.3375449365440346,1.1509721319817885,1.1865728045622461,168,168,0
2659,04783-1-02,60 o mas,Mujeres,Quintil medio,Centro,Cuidadores domesticos,Motorizados privados,53.39,45.47971166354682,23.45,39.54279941782443,20.1,11.917488918628742,71.06,3.061628,62.43031891999999,63.97,165,-101.03,163.46031892,7.182048643321016,11.162352028946508,4.120420643321016,8.100724028946509,2.3458266789175615,1.3458266789175617,101.03,76.81163974104155,234.36389939999998,7.910288336453178,-16.092799417824434,8.18251108137126,168,168,0
2670,04805-1-01,60 o mas,Mujeres,Quintil bajo,Sur,Rutina flexible,Motorizados privados,27.18,38.55640418082628,47.33,37.570517282239955,12.94,11.323078536933753,80.55,3.11514,31.638758931343283,26.82,79.8507462686567,-53.030746268656706,84.66950519999999,8.706363090705837,4.233699880607483,5.591223090705837,1.1185598806074828,2.7948545139884042,1.7948545139884042,53.030746268656706,88.46983798851588,240.7802340686567,-11.376404180826277,9.759482717760044,1.6169214630662463,168,167.99999999999997,-2.842170943040401e-14
2733,04926-1-02,60 o mas,Mujeres,Quintil alto,Centro,Trabajadores moviles,Usuarios publicos,65.82,50.15427889879742,29.54,41.053065218854755,8.22,12.3726558823478,64.42000000000002,2.386178,62.5115759133333,72.12,41.6666666666667,30.453333333333305,32.05824258,5.1484540218442145,12.047799382021488,2.7622760218442144,9.661621382021487,2.1576152415470324,1.1576152415470322,94.54666004666669,57.16546100084133,184.64874132666668,15.665721101202571,-11.513065218854756,-4.1526558823477995,168,168,0
2737,04939-1-02,60 o mas,Hombres,Quintil bajo,Centro,Trabajadores rutinarios,Movilidad mixta,83.42,49.48552985318879,24.89,49.781285554723674,5.96,15.003184592087559,53.73,1.630936,17.33889643211009,72.8,116.5137614678899,-43.71376146788991,61.0526579,4.706502976161,18.515673060691075,3.0755669761610003,16.884737060691076,2.885768035141171,1.8857680351411708,118.7137846878899,63.36883568453021,169.02816028788993,33.934470146811215,-24.891285554723673,-9.04318459208756,168,168.00000000000003,2.842170943040401e-14
2738,04940-1-01,60 o mas,Hombres,Quintil alto,Sur,Cuidadores domesticos,Motorizados privados,50.49,47.85272937305271,33.81,37.41965828109877,12.25,11.27761234584853,71.44999999999999,3.117861,83.7668582280282,113.67,187.32394366197178,-73.65394366197178,157.42080188999998,6.465088173835777,7.694237591526684,3.3472271738357766,4.576376591526683,2.073565233933064,1.073565233933064,73.65394366197181,65.43130042776731,217.26262132197184,2.6372706269472914,-3.609658281098767,0.9723876541514702,168,168,0
2744,04950-1-02,60 o mas,Mujeres,Quintil medio,Centro,Rutina flexible,Motorizados privados,32.15,54.1282389399964,68.41,46.375130401624055,13.92,13.97663065837954,53.519999999999996,2.089993,53.7261238928571,8.39,14.3571428571429,-5.9671428571429,59.69326675,4.735884553541117,0.7870659733427064,2.645891553541117,-1.3029270266572937,2.265981060004085,1.2659810600040846,13.4671510571429,59.4015165940628,185.53627474714295,-21.978238939996402,22.03486959837594,-0.05663065837953951,168,168,0
2747,04954-1-03,60 o mas,Mujeres,Quintil bajo,Centro,Cuidadores domesticos,Movilidad mixta,88.06,93.08547005114487,12.22,16.824060534885074,14.7,5.070469413970064,53.019999999999996,3.061901,269.63100206,0,0,0,269.63100206,3.3816272084940073,0,0.3197262084940071,-3.061901,1.104420818469966,0.10442081846996591,0,15.387491775070544,82.42637492,-5.025470051144865,-4.604060534885074,9.6295305860299365,168,168,0
2768,04993-1-01,60 o mas,Hombres,Quintil bajo,Centro,Trabajadores rutinarios,Motorizados privados,52.14,51.489782351063084,37.08,36.3230909766342,9.54,10.947126672302705,69.24000000000001,2.815821,93.20691682,61.39,0,61.39,31.816916819999996,5.270603706168191,5.533080377977277,2.454782706168191,2.717259377977277,1.8717822284045011,0.8717822284045011,53.60999011999999,51.7790936095528,184.88356513999997,0.6502176489369162,0.7569090233658002,-1.4071266723027058,168,168,0
2773,05003-1-01,60 o mas,Hombres,Quintil alto,Norte,Cuidadores domesticos,Motorizados privados,67.97,51.159769904927664,34.26,45.006177294670366,7.5,13.564052800401964,58.27000000000001,16.907627,367.5514080499999,418.3399999999999,150,268.3399999999999,99.21140804999999,40.86545458762204,90.06393523348615,23.957827587622038,73.15630823348614,2.416983447033817,1.4169834470338172,781.6599991400001,497.43889890834254,1487.72250266,16.810230095072335,-10.746177294670368,-6.064052800401964,168,168,0
2776,05013-1-02,60 o mas,Mujeres,Quintil alto,Sur,Cuidadores domesticos,Movilidad activa,54.98,52.17445087378017,23.68,35.35130214022357,19.52,10.654246985996267,69.82000000000001,2.957919,103.04638661999998,67.92,127.5,-59.58,162.62638661999998,5.3634382503316385,6.636059529135955,2.4055192503316385,3.678140529135955,1.8132471681380182,0.8132471681380181,59.58,51.28141293412098,187.3621008,2.80554912621983,-11.671302140223567,8.865753014003733,168,168,0
2783,05028-1-02,60 o mas,Hombres,Quintil alto,Norte,Rutina flexible,Movilidad activa,40.35,47.63365618285254,25.01,31.855629673893397,23.73,9.600714143254061,78.91,3.424367,109.73390612441861,21.27,49.7093023255814,-28.439302325581398,138.17320845,6.195708429433433,2.8075463472818134,2.7713414294334324,-0.6168206527181868,1.809300355199496,0.809300355199496,28.439302325581394,53.381214197487594,195.34294990558143,-7.283656182852539,-6.845629673893395,14.12928585674594,168,168,0
2785,05032-1-01,60 o mas,Hombres,Quintil bajo,Sur,Rutina flexible,Motorizados privados,5.51,40.17571226097928,75.38,41.397750045896544,13.16,12.476537693124158,73.95000000000002,3.425755,18.875910049999998,0,0,0,18.875910049999998,10.606409919180239,0,7.180654919180238,-3.425755,3.0960795267554855,2.0960795267554855,0,118.7562371066111,303.31634769999994,-34.665712260979284,33.98224995410345,0.6834623068758425,168,168,0
2786,05033-1-01,60 o mas,Hombres,Quintil bajo,Norte,Trabajadores rutinarios,Movilidad activa,58.79,49.07356524856066,31.66,39.524469992201475,10.06,11.911964759237843,67.49000000000001,3.398054,88.91158475,45.39,0,45.39,43.521584749999995,7.28186210397519,12.785688943351802,3.8838081039751895,9.387634943351802,2.1429506723481113,1.1429506723481113,110.86000991,77.843039937132545,252.62682278999998,9.716434751439337,-7.8644699922014745,-1.851964759237843,168,168,0
2794,05056-1-02,60 o mas,Mujeres,Quintil bajo,Centro,Rutina flexible,Movilidad activa,34.05,41.05258988213578,22.35,18.217102805130136,8.36,5.490307312734094,103.24,3.063833,104.32351364999998,0,0,0,104.32351364999998,4.354448815468055,0,1.2906158154680556,-3.063833,1.4212422202737733,0.4212422202737733,0,21.45476596635372,94.09031143000003,-7.00258988213578,4.132897194869866,2.869692687265905,168,168,0
2798,05062-1-02,60 o mas,Mujeres,Quintil bajo,Centro,Rutina flexible,Movilidad mixta,40.53,46.8476158225596,51.81,41.67291631671274,8.74,12.559467860727674,66.92,3.140289,61.57591317000002,46.800000000000004,112.5,-65.69999999999999,127.27591317000001,7.589264703027271,5.22089240648615,4.448975703027271,2.0806034064861496,2.4167408487012727,1.4167408487012727,65.69999999999999,85.53913947380984,255.84449894999995,-6.3176158225595955,10.137083683287266,-3.8194678607276735,168,168,0
2807,05074-1-02,60 o mas,Hombres,Quintil bajo,Sur,Trabajadores rutinarios,Motorizados privados,50.18,46.45548693101011,35.35,35.68860812318126,7.37,10.755904945808629,75.1,3.307505,88.45062376,72.48,0,72.48,15.970623759999999,6.754827144757175,8.731239739948716,3.447322144757175,5.423734739948716,2.0422726933918995,1.0422726933918995,77.51997714,65.20113154175057,218.81659074000004,3.724513068989893,-0.33860812318125966,-3.3859049458086288,168,168,0
2817,05096-1-01,60 o mas,Hombres,Quintil bajo,Norte,Rutina flexible,Motorizados privados,50.68,50.180227044154165,42.31,40.15713448986261,9.45,12.10263846598324,65.55999999999999,6.323637,169.54191024,99.05999999999999,0,99.05999999999999,70.48191023999999,13.606316780543988,14.031485000242865,7.2826797805439885,7.7078480002428655,2.1516599989126495,1.1516599989126493,150.94001292000002,147.7796301648139,478.2514640400001,0.4997729558458346,2.1528655101373957,-2.652638465983241,168,168,0
2819,05098-1-01,60 o mas,Hombres,Quintil medio,Sur,Trabajadores rutinarios,Motorizados privados,61.22,48.52286747390533,34.08,46.97093659216622,14.35,14.156195933928442,58.35,3.559755,48.534529780187,123.34,125.233644859813,-1.8936448598129942,50.428174639999995,9.776053635716098,16.829694511399367,6.216298635716098,13.269939511399368,2.7462714809631836,1.7462714809631836,169.393671319813,124.19499032438486,341.79260596981305,12.69713252609467,-12.89093659216622,0.1938040660715572,168,168,0
2827,05111-1-02,60 o mas,Mujeres,Quintil bajo,Norte,Trabajadores rutinarios,Usuarios publicos,36.23,48.7478850060692,44.49,31.568067054809855,9.11,9.514047939120946,78.17,1.091202,38.11426227,1.0799999999999998,0,1.0799999999999998,37.03426227,1.7661535411075382,0.12747142833644223,0.6749515411075382,-0.9637305716635578,1.618539501492426,0.618539501492426,1.419986189999996,15.079527344392723,59.90841339000001,-12.5178850060692,12.921932945190147,-0.4040479391209466,168,168,0
2840,05145-1-01,60 o mas,Hombres,Quintil bajo,Centro,Rutina flexible,Motorizados privados,24.93,41.433498853928064,39.47,30.718498036975923,17.01,9.25800310909603,86.58999999999999,3.548886,88.47372797999999,0,0,0,88.47372797999999,7.049475679493032,0,3.500589679493032,-3.548886,1.9863911321730345,0.9863911321730345,0,58.56903603372136,200.44108128000005,-16.503498853928065,8.751501963024076,7.751996890903971,168,168,0
2850,05170-1-01,60 o mas,Hombres,Quintil alto,Norte,Trabajadores moviles,Usuarios publicos,51.31,45.36361443161445,32.18,38.402547946056316,11.85,11.573837622329238,72.66,6.54905,140.47325724620322,118.88000000000001,14.4385026737968,104.4414973262032,36.03175992,15.078666119976916,21.370836871163107,8.529616119976914,14.821786871163106,2.3024203693630243,1.3024203693630243,195.5584982537968,156.6153218471614,483.9131697537968,5.946385568385551,-6.2225479460563164,0.27616237767076157,168,168,0
2860,05187-1-01,60 o mas,Mujeres,Quintil medio,Norte,Cuidadores domesticos,Usuarios publicos,58.32,65.34819364500716,38.3,35.440635807539735,14.85,10.681170547453098,56.53000000000001,2.981158,150.34266028442343,17.61,41.12847427557658,-23.51847427557658,173.86113456,4.639385865017159,2.129116357031085,1.658227865017159,-0.8520416429689153,1.556236155553365,0.5562361555533651,23.51847427557658,44.47062998593884,181.9670219755766,-7.028193645007157,2.859364192460262,4.168829452546902,168,168,0
2864,05199-1-01,60 o mas,Mujeres,Quintil bajo,Centro,Rutina flexible,Movilidad activa,36.12,50.962515472908926,42.76,31.987136569487888,13.71,9.640347957603183,75.41,3.057829,110.44878347999999,0,0,0,110.44878347999999,5.2460697264299085,0,2.1882407264299086,-3.057829,1.7156190638619455,0.7156190638619454,0,45.385874246009635,172.67560363,-14.842515472908929,10.77286343051211,4.069652042396818,168,168,0
2870,05211-1-01,60 o mas,Mujeres,Quintil bajo,Centro,Rutina flexible,Movilidad activa,24.99,35.63214528448075,43.61,36.74390289544912,14.85,11.073951820070143,84.55,3.148006,14.788669939999998,54.62,118.5,-63.88,78.66866994,9.798961668025497,5.257746193234055,6.650955668025496,2.1097401932340545,3.1127519032763904,2.11275190327639,63.88,97.38153720841711,247.91243076000003,-10.642145284480751,6.866097104550882,3.776048179929857,168,168,0
2872,05217-1-01,60 o mas,Mujeres,Quintil bajo,Centro,Cuidadores domesticos,Usuarios publicos,76.43,65.53327758118017,21.62,32.10181303572893,9.26,9.674909383090906,60.68999999999999,3.737349,196.53556826,98.38999999999999,0,98.38999999999999,98.14556825999999,5.572772945192285,13.8848998064604,1.835423945192285,10.1475508064604,1.491103171042438,0.49110317104243806,89.11001581000005,48.385161174746145,204.51935293000003,10.896722418819834,-10.48181303572893,-0.4149093830909063,168,168,0
2894,05264-1-01,60 o mas,Mujeres,Quintil medio,Norte,Cuidadores domesticos,Usuarios publicos,78.06,58.4460019723773,20.58,38.67734232055484,10.14,11.65665570706786,59.22,1.478678,59.955298601206,28.6,64.070351758794,-35.470351758794,95.42565036,2.5301444826323567,8.688261264120776,1.0514664826323568,7.209583264120775,1.7110854984197754,0.7110854984197755,55.47030607879399,26.467518703304926,100.89529423879398,19.6139980276227,-18.097342320554844,-1.5166557070678586,168,168,0
2906,05283-1-02,60 o mas,Mujeres,Quintil medio,Centro,Rutina flexible,Usuarios publicos,39.41,62.46479616286247,76.34,44.833263996496015,5.06,13.511939840641519,47.19,3.317813,130.75501033,0,0,0,130.75501033,6.308143307329326,0,2.9903303073293257,-3.317813,1.901295614710451,0.901295614710451,0,76.49150242149523,270.06997820000004,-23.054796162862473,31.50673600350399,-8.451939840641518,168,168,0
2940,05334-1-02,60 o mas,Mujeres,Quintil medio,Centro,Cuidadores domesticos,Motorizados privados,68.22,60.90330986282743,20.74,37.2732135890123,20.45,11.23347654816027,58.59,2.918566,128.4184535889922,43.81,94.49612403100781,-50.68612403100781,179.10457762000001,4.893499065175815,8.257258225373715,1.974933065175815,5.338692225373714,1.6766792545297295,0.6766792545297297,70.6861189310078,49.331875864120605,190.9018524710078,7.316690137172571,-16.533213589012302,9.216523451839729,168,168,0
2941,05335-1-01,60 o mas,Mujeres,Quintil bajo,Norte,Rutina flexible,Movilidad mixta,29.71,38.440403712350474,48.29,38.00543989380799,9.9,11.454156393841544,80.1,3.190725,28.593582607142807,40.94,107.1428571428572,-66.2028571428572,94.79643975,9.15048507635653,5.474215586077909,5.959760076356529,2.283490586077909,2.867838837993412,1.8678388379934119,66.2028571428572,94.05917452794667,251.87114489285722,-8.730403712350473,10.28456010619201,-1.5541563938415432,168,168,0
2956,05362-1-02,60 o mas,Mujeres,Quintil alto,Centro,Rutina flexible,Motorizados privados,3.74,38.17030943510636,76.88,39.90349460173293,9.48,12.026195963160715,77.89999999999999,3.147631,11.77213994,0,0,0,11.77213994,10.041590949633717,0,6.893959949633716,-3.147631,3.1902058880579447,2.1902058880579447,0,108.37390931753328,271.82941316000006,-34.43030943510636,36.976505398267065,-2.5461959631607147,168,168,0
2963,05372-1-01,60 o mas,Hombres,Quintil bajo,Centro,Jovenes trabajadores,Movilidad activa,52.89,52.31486318102468,46.96,41.92092392371145,7.02,12.634212895263861,61.13000000000001,1.25839,36.746258819999994,38.94,18.75,20.189999999999998,16.55625882,2.565343248841966,2.657189001932127,1.3069532488419662,1.3987990019321273,2.03859157243936,1.03859157243936,29.80998828,29.086241858369647,97.73788047999999,0.5751368189753236,5.039076076288552,-5.6142128952638615,168,168,0
2965,05373-1-01,60 o mas,Mujeres,Quintil alto,Norte,Jovenes trabajadores,Motorizados privados,60.92,52.46252004374158,43.75,43.40576319597547,4.28,13.081716760282955,59.05,13.372959,349.73068612000003,285.05,0,285.05,64.68068612,29.970704728586757,46.57867865617378,16.59774572858676,33.20571965617378,2.2411423476724006,1.2411423476724006,464.94997615999995,351.8484434616343,1107.25319693,8.457479956258425,0.3442368040245327,-8.801716760282954,168,168,0
2966,05374-1-02,60 o mas,Mujeres,Quintil alto,Sur,Cuidadores domesticos,Motorizados privados,50.75,49.35264546109535,45.18,48.02383419460837,15.92,14.473520344296288,56.14999999999999,2.961249,39.992921633721025,76.07000000000001,186.360465116279,-110.29046511627898,150.28338675,8.172639071822395,8.685409095181132,5.211390071822395,5.724160095181132,2.759862163506816,1.759862163506816,110.29046511627898,106.15255038530212,291.222779016279,1.3973545389046507,-2.8438341946083696,1.4464796557037118,168,168,0
2968,05383-1-02,60 o mas,Mujeres,Quintil bajo,Centro,Cuidadores domesticos,Movilidad mixta,53.52,59.70163402680753,22.23,18.38688834947675,7.88,5.54147762371572,84.36999999999999,3.082589,164.98016328,0,0,0,164.98016328,3.8317696472490335,0,0.7491806472490334,-3.082589,1.2430361774628513,0.24303617746285133,0,19.055437053062604,92.81675479,-6.181634026807529,3.8431116505232517,2.3385223762842795,168,168,0
2969,05384-1-01,60 o mas,Hombres,Quintil bajo,Centro,Rutina flexible,Motorizados privados,34.69,52.261034633371715,53.38,35.538346556037574,10.44,10.71061881059071,69.49000000000001,3.426422,118.86257918,0,0,0,118.86257918,6.263681758054469,0,2.837259758054469,-3.426422,1.8280532164615066,0.8280532164615068,0,60.205779630546786,218.67425203999994,-17.571034633371717,17.84165344396243,-0.2706188105907099,168,168,0
2970,05388-1-02,60 o mas,Mujeres,Quintil bajo,Centro,Cuidadores domesticos,Motorizados privados,58.97,69.97014447167244,40.53,29.453192701937954,8.8,8.876662826389602,59.7,3.056441,180.23832577,0,0,0,180.23832577,4.220566472940852,0,1.1641254729408517,-3.056441,1.3808761474345004,0.3808761474345003,0,33.62129256914301,150.77423452999997,-11.000144471672442,11.076807298062047,-0.07666282638960098,168,168,0
2982,05417-1-02,60 o mas,Hombres,Quintil medio,Norte,Cuidadores domesticos,Movilidad mixta,78.83,47.07259860702449,19.39,50.075535236320675,14.02,15.091866156654829,55.760000000000005,2.604327,7.148170299047976,119.22999999999999,217.380952380952,-98.15095238095202,105.29912268,8.523844074155756,28.537317963381064,5.919517074155756,25.932990963381062,3.272954615206061,2.272954615206061,198.150927110952,115.4442692133883,285.161492180952,31.75740139297551,-30.685535236320675,-1.0718661566548295,168,168,0
2996,05442-1-01,60 o mas,Hombres,Quintil bajo,Centro,Cuidadores domesticos,Motorizados privados,78.18,74.77687572915961,9.23,16.669297617987343,9.06,5.023826652853056,71.52999999999999,1.81097,126.87160873999999,67.78999999999999,37.5,30.289999999999992,96.58160874,1.8957832104171344,3.8698421615664147,0.08481321041713441,2.0588721615664145,1.0468330289387093,0.04683302893870932,14.710025860000016,8.547069899236206,47.83266716000004,3.4031242708403937,-7.439297617987343,4.036173347146945,168,168,0
3000,05449-1-01,60 o mas,Mujeres,Quintil bajo,Centro,Rutina flexible,Usuarios publicos,37.18,41.96220626575622,46.28,41.42349651742306,12.41,12.484297216820721,72.13,3.140673,31.550222140000002,70.78,156,-85.22,116.77022214,8.947056669526207,6.986681433735855,5.806383669526207,3.846008433735855,2.8487705245105768,1.848770524510577,85.22,100.23934609929138,269.54609837,-4.782206265756223,4.85650348257694,-0.07429721682072099,168,168,0
3008,05458-1-01,60 o mas,Mujeres,Quintil bajo,Centro,Trabajadores rutinarios,Movilidad activa,55,57.4799954340333,31.2,31.120765326892744,11.78,9.37923923907396,70.02,2.832127,125.75697,32.49,0,32.49,93.26697,4.399823791212302,3.3596444803571313,1.5676967912123025,0.5275174803571314,1.5535404278170797,0.5535404278170798,30.01001499999998,37.033677028602426,151.73483345999998,-2.479995434033299,0.07923467310725485,2.4007607609260386,168,168,0
3015,05473-1-01,60 o mas,Hombres,Quintil medio,Centro,Trabajadores rutinarios,Motorizados privados,68.94,57.58059771728747,32.68,43.37650378340712,12.41,13.072898499305413,53.97,4.971446,169.13148084,126.4,0,126.4,42.73148084,9.983722380318689,18.525205005558394,5.0122763803186885,13.553759005558394,2.008212978742742,1.0082129787427416,173.60000639999998,117.12735135921793,397.76250654,11.35940228271253,-10.696503783407117,-0.6628984993054132,168,168,0
3016,05473-1-02,60 o mas,Mujeres,Quintil medio,Centro,Cuidadores domesticos,Motorizados privados,71.47,62.20033506342853,31.95,42.285557911953816,13.81,12.744107024617662,50.769999999999996,3.368153,139.45190287999998,73.73,0,73.73,65.72190287999999,6.124836707361244,10.648496222923814,2.7566837073612445,7.280343222923815,1.8184556067854531,0.8184556067854531,101.26999203000003,70.04834226489203,255.39667331000004,9.269664936571466,-10.335557911953817,1.0658929753823383,168,168,0
3017,05477-1-01,60 o mas,Mujeres,Quintil bajo,Sur,Jovenes trabajadores,Usuarios publicos,56.01,46.51338955061991,43.6,50.23629437742208,12.28,15.140316071958006,56.110000000000014,2.916136,1.1827651099999983,95.35,142.5,-47.150000000000006,48.332765110000004,9.895853585762458,13.962208192451126,6.979717585762458,11.046072192451126,3.3934815062680403,2.3934815062680403,162.15001225,134.45660464058656,325.10369192999997,9.496610449380086,-6.636294377422075,-2.8603160719580067,168,168,0
3023,05490-1-01,60 o mas,Mujeres,Quintil alto,Norte,Rutina flexible,Motorizados privados,51.34,50.24680065608944,55.69,51.93955203262854,10.81,15.653647311282018,50.16,5.647261,37.433920423835616,145.62,210.6164383561644,-64.99643835616439,102.43035878,17.53457592830386,18.269521312965917,11.887314928303859,12.622260312965917,3.1049699895761607,2.1049699895761607,252.49645931616442,246.3228772960727,628.0393158161644,1.0931993439105625,3.750447967371457,-4.843647311282018,168,168,0
3041,05520-1-01,60 o mas,Hombres,Quintil medio,Centro,Rutina flexible,Movilidad mixta,21.71,31.597390842662634,34.34,33.95821391892626,19.74,10.23439523841111,92.21,2.966399,0.720358355573822,69.66000000000001,133.3401639344262,-63.680163934426176,64.40052229,10.12684206664378,5.66579701139619,7.16044306664378,2.69939801139619,3.4138502833380744,2.4138502833380744,63.680163934426176,93.01011024270977,224.10302185442617,-9.887390842662633,0.38178608107374146,9.505604761588888,168,168,0
3044,05521-1-02,60 o mas,Mujeres,Quintil bajo,Norte,Trabajadores rutinarios,Movilidad mixta,59.54,52.8601773668414,14.34,33.51039266929895,22.59,10.099429963859652,71.53,3.023066,112.52336890000001,52.53000000000001,0,52.53000000000001,59.9933689,5.216196345255418,8.79072713452912,2.193130345255418,5.767661134529121,1.7254655853545433,0.7254655853545434,67.46998073999998,47.27643605166776,179.11180812,6.679822633158601,-19.170392669298952,12.490570036140348,168,168,0
3045,05521-2-01,60 o mas,Hombres,Quintil bajo,Norte,Rutina flexible,Motorizados privados,60.56,56.083392957093906,51.37,47.754314953093534,6.3,14.392292089812555,49.77,2.808263,75.3067470933333,87.53,112.2916666666667,-24.7616666666667,100.06841376,6.363498973802453,7.9063535439336095,3.5552359738024526,5.098090543933609,2.2659911033270217,1.265991103327022,94.76166018666673,82.19017026253412,256.7141873966667,4.476607042906096,3.6156850469064636,-8.092292089812556,168,168,0
3057,05533-1-01,60 o mas,Hombres,Quintil medio,Centro,Trabajadores rutinarios,Motorizados privados,77.91,61.11694037319538,14.91,31.568792923814094,9.38,9.51426670299052,65.80000000000001,2.173512,105.22830158,45.89,0,45.89,59.33830158,3.2336927134407487,12.699654545388384,1.0601807134407486,10.526142545388383,1.4877731125665505,0.4877731125665506,64.11001834000001,27.610101724424652,116.90462481999998,16.793059626804613,-16.658792923814094,-0.13426670299051935,168,168,0
3059,05535-1-02,60 o mas,Mujeres,Quintil bajo,Norte,Rutina flexible,Movilidad activa,37.2,56.93024556735018,63.56,39.49628432641212,7.57,11.903470106237698,59.67000000000001,3.065132,114.02291040000001,0,0,0,114.02291040000001,5.6612736743837075,0,2.5961416743837074,-3.065132,1.8469918014570685,0.8469918014570684,0,60.475807056343186,218.02283916,-19.730245567350174,24.06371567358788,-4.333470106237698,168.00000000000003,168.00000000000003,2.842170943040401e-14
3061,05538-1-01,60 o mas,Hombres,Quintil bajo,Centro,Trabajadores rutinarios,Motorizados privados,60.79,53.913837776737864,22.5,27.36795312181532,6.24,8.248209101446806,78.47000000000001,3.254977,139.0200693,91.14999999999999,0,91.14999999999999,47.8700693,4.926756713647288,9.852650911899568,1.6717797136472883,6.597673911899568,1.5136072278382577,0.5136072278382576,58.849982530000005,36.468232645012876,152.39802150999992,6.876162223262135,-4.867953121815319,-2.0082091014468055,168,168,0
3064,05544-1-01,60 o mas,Mujeres,Quintil bajo,Centro,Rutina flexible,Movilidad mixta,26.21,45.704939204228715,55.82,35.27408551312698,9.58,10.630975282644313,76.39,2.880491,75.49766911,0,0,0,75.49766911,5.88601496650352,0,3.00552396650352,-2.880491,2.043406824219732,1.0434068242197319,0,56.154996923327985,188.3841114,-19.494939204228714,20.545914486873023,-1.0509752826443126,168,168,0
3065,05545-1-01,60 o mas,Hombres,Quintil alto,Norte,Trabajadores moviles,Movilidad mixta,56.95,46.72840034086631,23.11,36.34720534860248,13.97,10.954394310531224,73.97,13.937229,361.55519584999996,317.83,0,317.83,43.72519585,29.46999150725383,56.08005197883497,15.53276250725383,42.14282297883497,2.114479966373074,1.1144799663730738,432.16999570000013,289.7092205043319,948.9624470200001,10.221599659133695,-13.23720534860248,3.015605689468776,168,168,0
3082,05590-1-02,60 o mas,Mujeres,Quintil bajo,Norte,Rutina flexible,Movilidad activa,40.33,38.97052500782691,43.18,39.01965299979756,6.24,11.759821992375533,78.25000000000001,3.089811,24.872077630000007,50.260000000000005,150,-99.74,124.61207763,9.052909615530593,9.710914804153857,5.963098615530593,6.621103804153857,2.929923421054101,1.929923421054101,99.74,95.53947921495866,252.43845961999997,1.3594749921730909,4.160347000202442,-5.519821992375533,168,168,0
3084,05592-1-01,60 o mas,Mujeres,Quintil bajo,Norte,Rutina flexible,Movilidad activa,34.3,40.66964939340344,29.93,41.855773021960395,30.91,12.614577584636185,72.85999999999999,3.016356,17.501010800000003,37.790000000000006,123.75,-85.96,103.4610108,9.290479943079172,6.798306215991547,6.2741239430791715,3.7819502159915466,3.0800343006857185,2.0800343006857185,85.96,105.17313016568882,269.47509904000003,-6.369649393403442,-11.925773021960396,18.295422415363817,167.99999999999997,168,0
3088,05598-1-01,60 o mas,Mujeres,Quintil bajo,Centro,Cuidadores domesticos,Usuarios publicos,71.06,63.20790193424052,25.19,31.560369908247612,8.03,9.511728157511877,63.72,2.59572,131.31183148,53.86,0,53.86,77.45183148,3.83765957388422,7.696897487389058,1.24193957388422,5.101177487389058,1.4784566801828471,0.47845668018284715,53.140031720000025,32.758183728746815,139.36985012,7.852098065759485,-6.370369908247611,-1.4817281575118777,168,168,0
3111,05649-1-02,60 o mas,Mujeres,Quintil medio,Centro,Cuidadores domesticos,Movilidad activa,44.34,52.45604246114534,41.25,31.646324279095026,8.05,9.537633259759646,74.36,3.021677,115.3662199083951,19.990000000000002,38.6049382716049,-18.6149382716049,133.98115818,5.040057464897445,1.816804522552883,2.018380464897445,-1.204872477447117,1.6679669815461564,0.6679669815461563,18.6149382716049,43.13899710747117,167.5836143716049,-8.116042461145334,9.603675720904974,-1.4876332597596456,168,168,0
3112,05657-1-02,60 o mas,Mujeres,Quintil bajo,Centro,Cuidadores domesticos,Movilidad activa,40.18,48.69046625782147,31.3,21.999330878036627,5.84,6.630202864141911,90.67999999999999,3.107281,124.85055058,0,0,0,124.85055058,4.444399904756893,0,1.3371189047568932,-3.107281,1.430317986933558,0.43031798693355805,0,26.44441010406976,115.40441634000001,-8.51046625782147,9.300669121963374,-0.7902028641419108,168,168,0
3114,05659-1-01,60 o mas,Mujeres,Quintil bajo,Centro,Cuidadores domesticos,Movilidad mixta,73.71,47.97484290266432,20.13,47.453519384700954,15.89,14.301637712634713,58.27000000000001,1.841708,21.9422529,53.19,154.5,-101.31,123.2522529,5.1745906393102334,15.203038772437251,3.3328826393102338,13.36133077243725,2.8096694151897226,1.8096694151897228,113.81004377999997,66.41339907258009,180.14836593999996,25.735157097335673,-27.323519384700955,1.5883622873652872,168,168,0
3140,05697-1-01,60 o mas,Mujeres,Quintil medio,Centro,Rutina flexible,Usuarios publicos,23.71,39.0781011458271,47.97,34.89513303603182,12.81,10.51676581814108,83.50999999999999,2.970214,47.6162491875247,19.939999999999998,42.7475247524753,-22.807524752475302,70.42377394,7.253091543053748,1.8055560728018292,4.282877543053749,-1.1646579271981707,2.441942413258354,1.441942413258354,22.807524752475302,68.45407392922698,203.33713167247532,-15.368101145827097,13.074866963968176,2.293234181858921,168,168,0
3143,05698-1-03,60 o mas,Mujeres,Quintil alto,Centro,Rutina flexible,Movilidad mixta,26.17,31.07949044435814,34.05,31.705147910728325,12.12,9.555361644913566,95.65999999999998,2.795234,13.540097309411806,43.33,102.9411764705882,-59.611176470588205,73.15127378000001,8.551974307483189,6.212427588215394,5.756740307483188,3.4171935882153934,3.0594842175943726,2.059484217594372,59.611176470588205,73.33435108333317,188.66713025058826,-4.909490444358138,2.344852089271672,2.5646383550864336,168,168,0
3148,05706-1-02,60 o mas,Hombres,Quintil bajo,Centro,Rutina flexible,Movilidad mixta,51.91,62.39640352437435,58.56,45.57739033350893,11.24,13.736206142116721,46.29,2.9177399999999998,112.83988529999999,23.88,0,23.88,88.9598853,5.614996724829294,2.662259262009373,2.6972567248292942,-0.25548073799062676,1.924433542683479,0.9244335426834791,38.619998099999975,69.21659711920802,242.27825009999998,-10.486403524374353,12.982609666491072,-2.496206142116721,168,168,0
3159,05724-1-01,60 o mas,Hombres,Quintil medio,Sur,Cuidadores domesticos,Movilidad activa,52.05,52.56349732972645,44.09,39.08652627490293,7.29,11.779976395370618,64.57,3.413903,108.224355995815,71.61,141.079295154185,-69.46929515418499,177.69365115,6.737174413946395,6.505674251190937,3.323271413946395,3.0917712511909374,1.9734522082046253,0.9734522082046253,69.46929515418499,71.22232522863011,244.87563129418498,-0.5134973297264551,5.0034737250970736,-4.4899763953706175,168,168,0
3162,05728-1-01,60 o mas,Mujeres,Quintil bajo,Centro,Cuidadores domesticos,Movilidad activa,47.85,37.608324607113644,18.71,33.52718463301651,14.68,10.104490759869856,86.75999999999999,2.922637,45.27818045000001,55.43000000000001,150,-94.57,139.84818045,7.128117373624344,13.627948733759217,4.2054803736243445,10.705311733759217,2.4389335294202956,1.4389335294202956,94.57,64.63730055476078,192.15684943000002,10.241675392886357,-14.81718463301651,4.575509240130144,168,168,0
3166,05733-1-01,60 o mas,Mujeres,Quintil bajo,Sur,Cuidadores domesticos,Motorizados privados,53.66,37.16909282456029,18.63,37.66066095574465,13.89,11.350246219695043,81.82000000000001,3.073717,20.285654219999998,80.35000000000001,225,-144.64999999999998,164.93565421999998,9.224679112185619,21.40234804270891,6.150962112185619,18.32863104270891,3.0011478324730674,2.0011478324730674,144.64999999999998,93.96161826942897,244.60727683999997,16.49090717543971,-19.030660955744654,2.5397537803049577,168,168,0
3167,05736-1-01,60 o mas,Hombres,Quintil bajo,Centro,Jovenes trabajadores,Motorizados privados,58.72,57.41499729995261,44.05,42.37418504938083,9.79,12.770817650666563,55.440000000000005,2.896421,101.7078146,56.63,0,56.63,45.0778146,5.635778503243367,6.110183010580628,2.739357503243367,3.213762010580628,1.9457732502434442,0.9457732502434442,68.37002652000001,64.59018929452603,224.31333316,1.305002700047389,1.67581495061917,-2.9808176506665642,168,168,0
3177,05757-1-02,60 o mas,Mujeres,Quintil medio,Centro,Trabajadores rutinarios,Movilidad activa,51.57,45.8910540408063,36.85,40.93259702494131,10.74,12.336348934252376,68.84000000000002,2.12669,41.0914464291566,46.9,70.4819277108434,-23.581927710843395,64.67337413999999,5.103912462337108,6.9340614996735335,2.9772224623371084,4.8073714996735335,2.399932506541672,1.3999325065416721,68.58195687084341,56.504599288885764,169.79113397084336,5.6789459591936975,-4.0825970249413075,-1.5963489342523758,168,168,0
3178,05762-1-02,60 o mas,Hombres,Quintil bajo,Sur,Rutina flexible,Motorizados privados,30.05,47.223058805640036,51.97,33.54659922535749,8.86,10.110341969002485,77.11999999999999,3.036177,91.23711884999999,0,0,0,91.23711884999999,5.746652822196454,1.1240765922361956e-15,2.710475822196454,-3.0361769999999986,1.8927265512506202,0.8927265512506202,1.4210854715202004e-14,52.14044616533177,184.69064691,-17.173058805640036,18.42340077464251,-1.250341969002486,168,168,0
3191,05783-1-01,60 o mas,Mujeres,Quintil bajo,Sur,Cuidadores domesticos,Movilidad activa,68.04,48.815853100320574,28.77,44.248457288327394,9.59,13.335689611352045,61.599999999999994,2.050376,40.001572543614,68.25,160.256024096386,-92.006024096386,132.00759664,5.020969600711674,12.481426885902263,2.970593600711674,10.431050885902263,2.4488043172138547,1.4488043172138545,99.50601049638601,60.08928107280889,178.158433856386,19.224146899679432,-15.478457288327395,-3.745689611352045,168,168,0
3210,05808-1-01,60 o mas,Mujeres,Quintil bajo,Centro,Rutina flexible,Movilidad activa,42.9,59.91397682004498,55.92,37.13438659286387,9.42,11.191636587091159,59.75999999999999,3.022566,129.66808139999998,0,0,0,129.66808139999998,5.12028450439201,0,2.09771850439201,-3.022566,1.6940190898700012,0.6940190898700012,0,51.425867861056076,197.49446244000004,-17.01397682004498,18.785613407136132,-1.7716365870911588,168,168,0
3215,05814-1-01,60 o mas,Mujeres,Quintil bajo,Centro,Rutina flexible,Movilidad activa,33.11,39.570460354382966,44.11,39.25022684201811,13.43,11.829312803598938,77.35,3.095202,27.879830527692278,58.08999999999999,132.6923076923077,-74.60230769230772,102.48213822,8.911111690090971,6.238438893195912,5.815909690090971,3.1432368931959123,2.8790081196933097,1.8790081196933093,74.60230769230772,94.59873750211459,252.70023077230775,-6.460460354382967,4.859773157981891,1.6006871964010614,168,168,0
3217,05819-1-02,60 o mas,Mujeres,Quintil medio,Norte,Rutina flexible,Movilidad activa,21.84,39.432489703796435,38.31,31.003586614597438,19.63,9.343923681606144,88.22,3.073643,67.12836312,0,0,0,67.12836312,6.4484822524046095,0,3.3748392524046094,-3.073643,2.0979932452807986,1.0979932452807986,0,54.073032830645985,178.08687542,-17.592489703796435,7.306413385402564,10.286076318393855,168,168,0
3224,05827-1-02,60 o mas,Mujeres,Quintil bajo,Centro,Cuidadores domesticos,Movilidad activa,76.33,60.591468170297084,26.26,35.65327550105875,4.4,10.745256328644176,61.01,3.056305,136.92776064999998,57.38999999999999,153.75,-96.36000000000001,233.28776065,5.0045014547405176,15.122310882105243,1.9481964547405175,12.066005882105243,1.637435221530743,0.637435221530743,96.36000000000001,48.25824647621985,190.06631130000005,15.738531829702914,-9.39327550105875,-6.345256328644176,168,168,0
3236,05845-1-02,60 o mas,Mujeres,Quintil medio,Centro,Rutina flexible,Movilidad activa,43.37,50.44609344775397,36.67,31.638600961557085,11.58,9.535305590688953,76.38,3.085416,110.34642740387096,21.29,44.75806451612903,-23.468064516129033,133.81449192,5.293914230838572,2.340310477531269,2.2084982308385723,-0.7451055224687311,1.7157862119203933,0.7157862119203934,23.468064516129033,45.3007564573243,172.33938651612903,-7.076093447753969,5.031399038442917,2.044694409311047,168,168,0
3240,05850-1-03,60 o mas,Mujeres,Quintil bajo,Centro,Rutina flexible,Movilidad activa,38.14,52.158860266174706,50.69,37.860627263569214,12.6,11.41051247025605,66.57000000000002,2.956667,96.02112553384616,12.100000000000001,28.84615384615385,-16.74615384615385,112.76727938,5.683141784007167,1.2731321993907598,2.726474784007167,-1.68353480060924,1.9221446933344766,0.9221446933344766,16.746153846153845,58.19525537276381,203.8736082761538,-14.018860266174705,12.829372736430784,1.1894875297439498,168,168,0
3253,05866-2-01,60 o mas,Mujeres,Quintil bajo,Centro,Cuidadores domesticos,Movilidad activa,55.94,69.9460407129184,49.89,44.43273245349851,21.94,13.391226833583085,40.230000000000004,3.094245,152.4761636606557,32.129999999999995,52.7459016393443,-20.6159016393443,173.0920653,5.321738929868544,1.3809882651813468,2.227493929868544,-1.7132567348186531,1.7198828566802382,0.7198828566802383,20.615901639344315,63.95402308508852,242.8755199893443,-14.006040712918406,5.457267546501491,8.548773166416916,168,168,0
3256,05872-1-01,60 o mas,Mujeres,Quintil medio,Centro,Rutina flexible,Movilidad activa,32.45,39.37336040142547,43,36.24350016589503,11.09,10.923139432679474,81.46000000000001,3.081244,44.251923355555604,38.709999999999994,94.4444444444444,-55.73444444444441,99.98636780000001,7.86189209791558,4.957928007287671,4.78064809791558,1.876684007287671,2.5515318156937847,1.5515318156937847,55.73444444444441,77.06700714117422,222.39893240444434,-6.9233604014254695,6.756499834104972,0.16686056732052634,168,168,0
3260,05881-1-01,60 o mas,Mujeres,Quintil bajo,Norte,Cuidadores domesticos,Movilidad activa,46.23,37.42364504567089,28.1,38.46399753155528,13.15,11.59235742277382,80.52000000000001,3.041121,16.26102382999997,105.16999999999999,229.5,-124.33000000000001,140.59102382999998,9.376834934928704,14.502587750749328,6.3357139349287035,11.461466750749327,3.083348191317841,2.0833481913178407,124.33000000000001,97.54880901493573,249.77624124999997,8.806354954329109,-10.363997531555277,1.557642577226181,168,168,0
3263,05883-1-03,60 o mas,Mujeres,Quintil medio,Norte,Jovenes trabajadores,Motorizados privados,52.85,51.77683098701456,55.08,51.24795624107291,10.54,15.445212771912525,49.53000000000001,1.57673,20.550180100000006,62.220000000000006,75,-12.779999999999994,33.3301801,4.407246906594389,4.603398896256989,2.8305169065943887,3.026668896256989,2.795181741068153,1.795181741068153,62.78000039999999,61.08790262215547,166.24502299999997,1.0731690129854385,3.8320437589270853,-4.905212771912526,168,168,0
3271,05898-1-02,60 o mas,Mujeres,Quintil bajo,Centro,Cuidadores domesticos,Motorizados privados,65.04,69.33443085686818,34.26,27.229182893845554,5.47,8.206386249286274,63.22999999999999,2.547308,151.7245501476923,18.74,32.69230769230769,-13.952307692307695,165.67685784,3.37992393338196,1.689750941772347,0.8326159333819598,-0.857557058227653,1.3268611150995324,0.3268611150995324,13.952362172307716,24.891600249454882,115.15690901230772,-4.294430856868175,7.030817106154444,-2.736386249286274,168,168,0
3293,05924-1-01,60 o mas,Mujeres,Quintil bajo,Sur,Cuidadores domesticos,Usuarios publicos,43.75,41.19478813718173,25.74,27.35185457422564,7.3,8.243357288592618,91.21000000000001,2.959516,82.6021583333333,47.49,94.3666666666667,-46.8766666666667,129.478825,5.314402375816654,6.826690354874365,2.354886375816654,3.867174354874365,1.7956998292344606,0.7956998292344606,46.876666666666694,39.314476275266216,144.65907530666667,2.5552118628182683,-1.6118545742256423,-0.943357288592618,168,168,0
3310,05950-1-01,60 o mas,Mujeres,Quintil bajo,Centro,Cuidadores domesticos,Motorizados privados,60.54,39.64129500962817,24.27,42.28482027597756,9.86,12.743884714394248,73.33000000000001,2.361205,4.3173600200000095,61.37,150,-88.63,92.94736002,7.806874640908974,19.544043785158603,5.445669640908974,17.1828387851586,3.306309549958167,2.306309549958167,138.62999068,89.28386396320909,219.21791732999998,20.898704990371826,-18.01482027597756,-2.8838847143942488,168,168,0
3317,05963-1-01,60 o mas,Hombres,Quintil bajo,Centro,Rutina flexible,Motorizados privados,23.74,39.417036538735836,59.75,38.43833904507547,5.95,11.584624416188706,78.55999999999999,3.320405,34.2364147,52.91,97.5,-44.59,78.8264147,9.296072407507257,3.265619825398858,5.975667407507257,-0.05478517460114185,2.7996802822267934,1.7996802822267937,44.59,96.64411050840117,262.7406085,-15.677036538735837,21.311660954924527,-5.634624416188706,168,168,0
3322,05968-1-02,60 o mas,Mujeres,Quintil bajo,Centro,Cuidadores domesticos,Usuarios publicos,25.24,39.06209238843487,34.6,27.277084637752537,14.72,8.220822973812588,93.44,2.950805,74.4783182,0,0,0,74.4783182,5.528471417453928,-1.3864067134170273e-15,2.577666417453928,-2.9508050000000012,1.8735468516062324,0.8735468516062322,-1.4210854715202004e-14,40.786299330255545,145.53370259999997,-13.822092388434871,7.322915362247464,6.499177026187413,168,168,0
3333,05991-1-01,60 o mas,Hombres,Quintil alto,Centro,Cuidadores domesticos,Movilidad mixta,73.57,63.06613623751973,34.95,44.43265905106973,12.37,13.391204711410541,47.11000000000001,8.045277,323.65099275,231.76,0,231.76,91.89099275000001,15.28885149833231,27.27547886993159,7.243574498332309,19.23020186993159,1.9003511623443554,0.9003511623443554,268.24003614000003,183.73354260058403,648.9425437799999,10.503863762480265,-9.482659051069724,-1.021204711410542,168,168,0
3342,06005-1-01,60 o mas,Mujeres,Quintil bajo,Centro,Trabajadores moviles,Usuarios publicos,63.3,42.776852737438446,23.34,37.20133394652903,4.55,11.21181331603252,76.81,1.875466,36.6269961,95.91,115.5,-19.590000000000003,56.2169961,4.333233381637675,14.162348319925089,2.457767381637675,12.28688231992509,2.310483571356492,1.310483571356492,82.0900017,43.59953679607274,134.39674844,20.52314726256155,-13.861333946529033,-6.661813316032521,168,168,0
3343,06008-1-02,60 o mas,Hombres,Quintil bajo,Centro,Trabajadores rutinarios,Movilidad mixta,64.36,44.59685981328858,14.12,34.06619991135185,10.45,10.266940275359582,79.07,2.924329,75.854320355122,70.8,70.655487804878,0.14451219512199032,75.70980816000001,5.9217747851489655,22.003039508729103,2.9974457851489653,19.078710508729102,2.0250029272181638,1.0250029272181636,112.355494084878,54.56157010581241,184.20625761487804,19.763140186711418,-19.946199911351854,0.1830597246404171,168,168,0
3345,06011-1-02,60 o mas,Mujeres,Quintil bajo,Centro,Trabajadores moviles,Usuarios publicos,10.33,38.1723339180111,68.6,37.035755218209616,7.44,11.161910863779285,81.63,3.312879,34.22204007,0,0,0,34.22204007,9.208284404484864,0,5.895405404484864,-3.312879,2.7795414213694083,1.779541421369408,0,92.2382833479667,251.91131916000006,-27.8423339180111,31.56424478179038,-3.721910863779285,168,168,0
3362,06039-1-02,60 o mas,Hombres,Quintil bajo,Sur,Rutina flexible,Movilidad activa,19.61,33.2584709062452,40.76,35.07158409757051,18.53,10.569944996184292,89.1,3.162748,7.0718272630508,54.830000000000005,109.7796610169492,-54.9496610169492,62.02148828,10.343669916750098,4.459406765936489,7.180921916750098,1.2966587659364888,3.270469198541932,2.2704691985419316,54.9496610169492,98.11633507873441,242.4689899369492,-13.648470906245201,5.68841590242949,7.960055003815709,168,168,0
3369,06048-1-01,60 o mas,Mujeres,Quintil medio,Centro,Trabajadores rutinarios,Usuarios publicos,55.7,53.53918862379832,36.26,37.02280382847328,9.76,11.158007547728422,66.27999999999999,1.828814,64.9381615832168,28.789999999999996,13.2167832167832,15.573216783216795,49.3649448,3.2931002748467906,3.860897969737695,1.4642862748467906,2.032083969737695,1.8006753419685055,0.8006753419685056,36.926778216783205,32.97505612062629,121.08879849678321,2.1608113762016856,-0.762803828473281,-1.3980075477284224,168,168,0
3370,06054-1-01,60 o mas,Mujeres,Quintil alto,Norte,Rutina flexible,Movilidad mixta,15.18,38.20484626000748,61.95,40.814420950292586,14.19,12.30073278969994,76.67999999999999,3.058639,4.094177109871602,24.490000000000002,66.8259629101284,-42.335962910128394,46.430140019999996,10.21486592601753,2.6754084272641725,7.156226926017531,-0.3832305727358274,3.3396768713200644,2.339676871320065,42.335962910128394,112.7606556499914,275.2207363701284,-23.02484626000748,21.135579049707417,1.8892672103000603,168,168,0
3371,06054-1-02,60 o mas,Hombres,Quintil alto,Norte,Rutina flexible,Usuarios publicos,39.66,43.585808921673014,43.79,38.0550754270272,9.66,11.469115651299768,74.89000000000001,3.448676,66.217885309786,40.82,111.376604850214,-70.556604850214,136.77449016,8.170499700359974,6.35160506277365,4.721823700359974,2.9029290627736497,2.369169994618217,1.369169994618217,70.55660485021397,84.09544785897359,254.88833705021395,-3.925808921673017,5.734924572972801,-1.8091156512997681,168,168,0
3391,06086-1-02,60 o mas,Mujeres,Quintil bajo,Norte,Trabajadores rutinarios,Movilidad mixta,67.83,61.00280772041189,28.62,36.99697044826936,12.7,11.150221831318769,58.849999999999994,2.671173,118.57564347000002,57.39,0,57.39,61.18564347000001,4.434507094936307,7.29083145514246,1.7633340949363068,4.61965845514246,1.6601347404066704,0.6601347404066703,62.61002111999997,44.37340943695577,172.98288948,6.827192279588111,-8.376970448269358,1.5497781686812306,168,168,0
3392,06087-1-01,60 o mas,Hombres,Quintil medio,Centro,Rutina flexible,Movilidad mixta,35.48,40.90730764937135,43.17,43.74787057582161,19.19,13.184821774807032,70.16000000000001,3.360009,4.5531193200000075,72.84,187.5,-114.66,119.21311932,11.231637112764039,8.847067730039148,7.871628112764039,5.4870587300391485,3.3427401869352256,2.3427401869352256,114.65999999999997,132.89580254765656,324.19016123999995,-5.42730764937135,-0.5778705758216063,6.005178225192969,168,168,0
3395,06089-1-01,60 o mas,Hombres,Quintil medio,Sur,Cuidadores domesticos,Motorizados privados,46.24,47.93136049085707,29.17,30.466564607044102,12.17,9.18207490209885,80.41999999999999,3.067563,103.20411312,31.359999999999996,70,-38.64,141.84411312,5.318882554239004,4.497386030909779,2.2513195542390045,1.4298230309097795,1.7339114320517637,0.7339114320517638,38.64,43.82835486141495,165.45305442000006,-1.6913604908570647,-1.2965646070441004,2.987925097901149,168,168,0
3399,06093-1-01,60 o mas,Hombres,Quintil bajo,Centro,Cuidadores domesticos,Usuarios publicos,71.6,61.67768469565786,34.98,40.036141846185515,7.2,12.066173458156623,54.220000000000006,3.342343,142.6117186,59.550000000000004,0,59.550000000000004,83.06171859999999,5.867568105138543,11.030967381692445,2.5252251051385426,7.6886243816924456,1.7555254218787666,0.7555254218787666,96.70004019999999,63.53625909873918,237.68006794000004,9.922315304342135,-5.056141846185518,-4.866173458156623,168,168,0
3402,06107-1-02,60 o mas,Mujeres,Quintil alto,Centro,Cuidadores domesticos,Usuarios publicos,51.36,56.42796505345645,15.11,15.508155619279211,10.14,4.673879327264341,91.39,3.176407,163.14026352000002,0,0,0,163.14026352000002,3.8379412575058685,0,0.6615342575058683,-3.176407,1.208264953926203,0.20826495392620284,0,16.097919671554422,80.20427674999999,-5.067965053456447,-0.39815561927921195,5.466120672735659,168,168,0
3406,06112-1-01,60 o mas,Hombres,Quintil bajo,Centro,Trabajadores rutinarios,Motorizados privados,50.07,43.19939077054256,41.64,46.051511492789864,11.42,13.879097736667584,64.87,2.080028,4.818880883597092,53.00999999999999,64.8381294964029,-11.828129496402909,16.64701038,6.827364240291172,9.007380224590758,4.7473362402911725,6.9273522245907575,3.2823424686067555,2.2823424686067555,99.32812107640291,85.037061502073,209.69440675640288,6.870609229457443,-4.411511492789863,-2.4590977366675837,168,168,0
3415,06128-1-02,60 o mas,Mujeres,Quintil medio,Sur,Cuidadores domesticos,Motorizados privados,46.51,37.54951463374515,29.93,38.50559209097922,11.22,11.604893275275618,80.34,3.253851,18.03660207999998,87.69999999999999,178.5,-90.80000000000001,108.83660207999999,9.99997346768405,15.586688527042833,6.74612246768405,12.332837527042834,3.0732733206542187,2.0732733206542187,133.30000793,104.1439236605263,267.19597658000004,8.96048536625485,-8.575592090979221,-0.38489327527561734,168,168,0
3426,06152-1-01,60 o mas,Mujeres,Quintil bajo,Centro,Cuidadores domesticos,Movilidad activa,46.84,46.6098043337237,40.86,40.27272138722991,11.32,12.137474279046403,68.97999999999999,3.126107,66.48935188000002,104.69,184.6275,-79.9375,146.42685188000002,7.272788805043868,7.371230777176918,4.146681805043868,4.245123777176918,2.3264682894871695,1.3264682894871698,79.9375,79.217883716284,243.05776326000006,0.23019566627630184,0.587278612770092,-0.8174742790464027,168,168,0
3430,06158-1-01,60 o mas,Mujeres,Quintil bajo,Norte,Cuidadores domesticos,Movilidad activa,77.95,63.98899982470001,14.78,32.68909466591348,13.8,9.851905509386501,61.47,2.269971,115.47883500114939,28.48,84.94540229885061,-56.465402298850606,171.9442373,3.3676577816974027,10.348133917534472,1.0976867816974027,8.078162917534472,1.4835686366466367,0.4835686366466368,61.465404448850606,29.774338919924716,126.34117562885059,13.961000175299993,-17.90909466591348,3.9480944906134994,168,168,0
3435,06166-1-03,60 o mas,Hombres,Quintil bajo,Centro,Rutina flexible,Movilidad activa,26.4,33.83789493690637,31.59,28.648086709997205,13.13,8.634018353096431,96.88,3.031805,48.69143468251271,26.6,57.9482173174873,-31.348217317487297,80.039652,6.956158787597577,3.372908618397164,3.924353787597577,0.3411036183971641,2.2943951829347786,1.2943951829347788,31.348217317487283,53.89846437667471,166.9305369174873,-7.437894936906375,2.9419132900027947,4.495981646903569,168,168,0
3446,06181-1-01,60 o mas,Mujeres,Quintil medio,Centro,Rutina flexible,Movilidad activa,38.49,39.70324148585357,42.02,38.73325248773736,9.6,11.673506026409084,77.88999999999999,2.996765,31.249098938820794,49.019999999999996,133.1163859111792,-84.09638591117921,115.34548485,8.374592796032736,7.838859006967376,5.3778277960327365,4.842094006967376,2.794544382369901,1.7945443823699012,84.09638591117921,87.73218553253317,238.78939521117923,-1.2132414858535654,3.286747512262643,-2.0735060264090848,168,168,0
3448,06182-2-01,60 o mas,Hombres,Quintil bajo,Centro,Trabajadores moviles,Usuarios publicos,60.9,54.96135419424856,21.28,37.81260606231791,21.99,11.396039743433535,63.83,3.266398,118.0665211428572,112,42.8571428571428,69.1428571428572,48.923664,6.009503051654228,8.991349484402605,2.743105051654228,5.724951484402604,1.8397951050834063,0.8397951050834062,80.8571170571428,61.45913627452791,222.1941585171428,5.938645805751442,-16.53260606231791,10.593960256566463,168,168,0
3449,06182-2-02,60 o mas,Mujeres,Quintil bajo,Centro,Cuidadores domesticos,Movilidad activa,48.49,54.250831310234894,28.9,25.456912790958185,9.99,7.672255898806923,80.61999999999999,3.169548,140.20852537714285,18.66,32.14285714285714,-13.482857142857139,153.69138252,4.610186355898948,1.6681592616156207,1.4406383558989484,-1.5013887383843791,1.4545248584021913,0.45452485840219126,13.482857142857142,31.742088500549528,136.74657886285718,-5.760831310234892,3.4430872090418134,2.3177441011930773,168,168,0
3455,06188-1-01,60 o mas,Hombres,Quintil bajo,Centro,Rutina flexible,Movilidad activa,41.82,38.262582316746155,37.43,41.154262699405564,12.57,12.403154983848282,76.18,2.487116,1.6761437922120024,71.28,163.615044247788,-92.335044247788,94.01118804000001,8.398982583824575,9.847997089800312,5.911866583824574,7.360881089800312,3.376996723845842,2.3769967238458416,102.33504732778799,93.48733688908442,226.69084732778796,3.5574176832538456,-3.724262699405564,0.16684501615171854,168,168,0
3456,06188-1-02,60 o mas,Mujeres,Quintil bajo,Centro,Cuidadores domesticos,Movilidad activa,50.19,43.51301917449463,28.63,35.78271404616755,11.26,10.784266779337818,77.92,3.068034,68.2996707077876,59.7,145.38495575221242,-85.68495575221242,153.98462646000002,6.736919853323278,10.335561170070779,3.668885853323278,7.267527170070779,2.195842631901497,1.1958426319014972,85.68495575221239,65.19975156221385,208.0688320122124,6.6769808255053675,-7.152714046167549,0.4757332206621818,168,168,0
3476,06223-1-01,60 o mas,Hombres,Quintil medio,Norte,Rutina flexible,Usuarios publicos,41.35,48.530416582639816,45.57,38.15911277851066,11.27,11.500470638849507,69.81000000000002,3.354204,90.46692363529411,25.3,73.5294117647059,-48.2294117647059,138.6963354,7.006688281523658,4.082737115802434,3.652484281523658,0.728533115802434,2.0889272928908493,1.088927292890849,48.2294117647059,72.3139937878627,238.88236712470587,-7.180416582639815,7.4108872214893395,-0.23047063884950703,168,168,0
3477,06223-1-02,60 o mas,Mujeres,Quintil medio,Norte,Rutina flexible,Movilidad activa,43.25,47.34287903215839,34.99,35.89808381429145,15.82,10.819037153550159,73.94,3.124545,86.9071594852941,25.3,73.5294117647059,-48.2294117647059,135.13657125,6.284546883837361,4.567265846530414,3.1600018838373614,1.4427208465304138,2.0113478550756545,1.0113478550756547,48.2294117647059,61.01779648024123,206.98754321470588,-4.092879032158393,-0.9080838142914445,5.000962846449841,168,168,0
3485,06242-1-01,60 o mas,Mujeres,Quintil medio,Sur,Rutina flexible,Motorizados privados,38.45,38.90089169443856,37.87,38.68895326773361,12.93,11.66015503782782,78.75,3.051173,26.297601849999978,58.98,150,-91.02000000000001,117.31760184999999,8.829858134481876,8.621178557108568,5.778685134481876,5.570005557108567,2.893922479807561,1.8939224798075611,91.02000000000002,92.39574856399521,246.01958840000003,-0.45089169443856036,-0.8189532677336118,1.2698449621721792,168,168,0
3489,06247-1-01,60 o mas,Hombres,Quintil bajo,Sur,Jovenes trabajadores,Movilidad activa,47.86,46.856007202923344,47.63,49.104714545154955,15.27,14.799278251921715,57.239999999999995,1.749217,8.966329497668198,57.76,57.5112107623318,0.24878923766819838,8.71754026,5.496150408896281,5.7182221318094015,3.7469334088962816,3.9690051318094017,3.142063225372427,2.1420632253724277,74.7511961223318,72.99499485380777,184.7769454223318,1.0039927970766556,-1.4747145451549528,0.4707217480782848,168,168,0
3491,06247-1-03,60 o mas,Mujeres,Quintil bajo,Sur,Trabajadores rutinarios,Usuarios publicos,36.78,37.15933761385882,12.51,19.502853059526323,13.25,5.877809326614873,105.46,2.954314,85.73289761955161,17.71,40.6367713004484,-22.9267713004484,108.65966892,4.558895808176347,4.282432844964289,1.6045818081763468,1.3281188449642887,1.543131775490468,0.5431317754904681,22.926771300448394,24.0474537237981,99.02989994044842,-0.3793376138588158,-6.992853059526324,7.372190673385127,168,168,0
3494,06252-1-01,60 o mas,Hombres,Quintil medio,Sur,Trabajadores moviles,Motorizados privados,46.93,51.14298619662654,47.74,43.8510850434257,13.54,13.215928759947781,59.789999999999985,10.305389,241.67192943,233.04,0,233.04,8.631929430000001,24.061709907658237,18.99845558589645,13.756320907658237,8.693066585896451,2.3348667292091774,1.3348667292091776,241.95997634,285.376437947867,873.4742142600002,-4.212986196626538,3.888914956574304,0.3240712400522181,168,168,0
3503,06275-1-01,60 o mas,Hombres,Quintil bajo,Sur,Jovenes trabajadores,Motorizados privados,47.73,54.760110733233084,63.53,46.896213522734655,4.53,14.133675744032246,52.21000000000001,3.578047,91.75016916999999,83.47,0,83.47,8.28016917,8.213954700123631,5.587192517227964,4.6359077001236315,2.009145517227964,2.2956531035292804,1.2956531035292804,79.03001414000002,104.18408075871247,322.55189296,-7.030110733233087,16.633786477265346,-9.603675744032245,168,168,0
3506,06280-1-02,60 o mas,Mujeres,Quintil bajo,Centro,Trabajadores rutinarios,Movilidad activa,47.51,45.54729130257565,25.19,27.74950632068296,8.96,8.363202376741391,86.34,1.991259,66.2047434210837,24.27,42.6699507389163,-18.3999507389163,84.60469416000001,3.263266709087047,4.001480639348239,1.2720077090870472,2.0102216393482393,1.6387957111993203,0.6387957111993202,28.39997166891628,24.491710310791774,96.40146651891628,1.9627086974243468,-2.55950632068296,0.5967976232586096,168,168,0
3511,06286-1-01,60 o mas,Hombres,Quintil bajo,Sur,Trabajadores rutinarios,Movilidad mixta,78.16,66.78287020897875,20.66,33.715795197500945,11.84,10.161334593520298,57.34,2.335497,124.51241744000001,54.47,0,54.47,70.04241744000001,3.4498254830858017,8.591380245959996,1.1143284830858016,6.255883245959996,1.477126916919954,0.47712691691995385,58.030028079999994,31.458775584459232,133.93368058000001,11.377129791021247,-13.055795197500945,1.678665406479702,168,168,0
3518,06298-1-01,60 o mas,Hombres,Quintil alto,Sur,Cuidadores domesticos,Movilidad activa,82.39,61.99721694818128,12.58,35.09560007250353,12.7,10.577182979315182,60.33,8.370229,388.46320703000004,380.84000000000003,132,248.84000000000003,139.62320703,13.744819432795117,57.32099002477053,5.374590432795117,48.95076102477053,1.6421079319090452,0.6421079319090454,301.15996027999995,130.46769618895848,512.7593494,20.392783051818718,-22.51560007250353,2.122817020684817,168,168,0
3523,06311-1-02,60 o mas,Mujeres,Quintil alto,Centro,Rutina flexible,Movilidad activa,41.51,52.15888282798132,56.62,44.991490659460354,12.58,13.559626512558307,57.290000000000006,3.206213,76.92778267089219,37.56,93.7221189591078,-56.1621189591078,133.08990162999999,7.42110738475861,3.905088780137832,4.21489438475861,0.6988757801378318,2.3146021130719046,1.3146021130719046,56.1621189591078,90.3047055176583,278.0320585591078,-10.648882827981325,11.628509340539644,-0.9796265125583066,168,168,0
3536,06333-1-02,60 o mas,Mujeres,Quintil alto,Centro,Cuidadores domesticos,Movilidad activa,37.71,54.29749915939943,61.82,39.87491750168813,6.66,12.017583338912445,61.81,3.103944,103.47205187491431,16.040000000000003,29.61767636508569,-13.577676365085686,117.04972824,6.032981329577034,0.954015041781322,2.9290373295770338,-2.149928958218678,1.9436501849186176,0.9436501849186177,13.57767636508568,65.06434485590859,226.13576148508565,-16.587499159399428,21.94508249831187,-5.357583338912445,168,168,0
3539,06340-1-01,60 o mas,Mujeres,Quintil bajo,Centro,Cuidadores domesticos,Motorizados privados,53.28,49.44633764918149,40.42,42.8111510135129,11.46,12.902511337305615,62.839999999999996,4.220817,94.22513251999997,69.33999999999999,125,-55.66000000000001,149.88513251999998,9.886826653340814,12.118146497886782,5.666009653340813,7.897329497886782,2.342396425464741,1.3423964254647414,130.65999724000005,114.47881001740531,349.6359832,3.833662350818514,-2.3911510135128964,-1.4425113373056142,168,168,0
3543,06354-1-02,60 o mas,Mujeres,Quintil bajo,Norte,Cuidadores domesticos,Movilidad activa,40.25,47.54835477000193,22.8,19.64192278735041,10.06,5.919722442647654,94.89,3.01483,121.3469075,0,0,0,121.3469075,4.141832358983435,0,1.127002358983435,-3.01483,1.3738195384096068,0.37381953840960686,0,22.003298911244897,99.06731379999998,-7.298354770001929,3.158077212649591,4.140277557352347,168,168,0
3555,06383-1-02,60 o mas,Mujeres,Quintil medio,Norte,Cuidadores domesticos,Usuarios publicos,48.87,43.65897008908598,35.28,38.398432584561206,9.48,11.572597326352822,74.36999999999999,3.008554,56.876367313333304,42.88999999999999,133.04166666666669,-90.1516666666667,147.02803398,7.171003122251039,9.691192124779437,4.162449122251039,6.682638124779437,2.3835381124124875,1.3835381124124875,90.1516666666667,74.4740017840667,224.81454370666674,5.211029910914014,-3.118432584561205,-2.0925973263528217,168,168,0
3560,06400-1-01,60 o mas,Mujeres,Quintil bajo,Centro,Cuidadores domesticos,Movilidad activa,63.46,54.852998893374966,41.36,45.964213435226995,9.85,13.852787671398044,53.32999999999999,3.08413,83.7188898,53.00000000000001,165,-112,195.7188898,6.87394104237055,10.52341670800315,3.78981104237055,7.43928670800315,2.2288104075932433,1.2288104075932436,112,85.45488967702454,269.93829730000004,8.607001106625034,-4.6042134352269954,-4.002787671398044,167.99999999999997,168,0
3563,06407-1-01,60 o mas,Hombres,Quintil medio,Centro,Trabajadores rutinarios,Movilidad mixta,97.43,59.458112334963346,13.43,45.691339340556304,8.06,13.77054832448036,49.07999999999999,1.439572,50.642139961063805,77.14,66.7553191489362,10.384680851063806,40.25745911,2.828316618779522,20.065018266444948,1.3887446187795218,18.625446266444946,1.9646927133755878,0.9646927133755878,89.61535999893621,34.95209372920405,120.55176227893622,37.97188766503666,-32.261339340556304,-5.71054832448036,168,168,0
3570,06429-1-01,60 o mas,Mujeres,Quintil medio,Centro,Trabajadores rutinarios,Motorizados privados,60.96,54.66271044278769,24.41,30.626894198386122,9.15,9.230395358826188,73.47999999999999,3.288366,136.22877248,60.77,0,60.77,75.45877248000001,5.254082155008029,9.20893947647083,1.965716155008029,5.92057347647083,1.5977790048334124,0.5977790048334124,64.23001887999999,43.52222600790799,174.58758184,6.297289557212309,-6.216894198386122,-0.08039535882618765,168,168,0
3575,06444-1-02,60 o mas,Hombres,Quintil alto,Centro,Trabajadores rutinarios,Usuarios publicos,59.03,43.48997678460624,30.67,41.62499728840122,7.96,12.545025926992539,70.34,2.848924,37.471993600000005,144.3,150,-5.699999999999989,43.17199359999999,7.676922899978711,16.279623914737797,4.827998899978711,13.430699914737797,2.6946745157044245,1.6946745157044243,130.69999012,86.42764502110754,240.75392423999995,15.54002321539376,-10.954997288401216,-4.585025926992539,168,168,0
3578,06447-1-01,60 o mas,Hombres,Quintil bajo,Norte,Cuidadores domesticos,Motorizados privados,58.7,45.96914707968746,20.62,32.73508634546187,9.25,9.865766574850673,79.42999999999999,2.888847,84.3453201,39.769999999999996,0,39.769999999999996,44.5753201,5.472572571675921,13.72937542737529,2.583725571675921,10.84052842737529,1.8943795125445968,0.8943795125445968,85.22999880000002,48.452512533713886,171.51985869000004,12.730852920312543,-12.115086345461872,-0.6157665748506727,168,168,0
3580,06449-1-01,60 o mas,Hombres,Quintil bajo,Centro,Cuidadores domesticos,Movilidad activa,64.82,51.32944114194829,28.75,39.68132178734385,9.4,11.959237070707871,65.03,3.161643,92.85769925999999,60.42,172.5,-112.08,204.93769926,6.468970519701106,14.136018379202296,3.3073275197011056,10.974375379202296,2.0460787380805185,1.0460787380805188,112.08,69.42766902035284,232.69668045000003,13.490558858051706,-10.931321787343848,-2.559237070707871,168,168,0
3585,06452-1-01,60 o mas,Mujeres,Quintil bajo,Sur,Cuidadores domesticos,Movilidad activa,46.47,50.52208578239757,51.66,50.79823833761226,18.5,15.309675879990166,51.370000000000005,3.012069,31.220846429999995,46.50000000000001,155.25,-108.75,139.97084643,8.803684569340284,7.458185937987598,5.7916155693402835,4.446116937987599,2.9228030862972543,1.922803086297254,108.75,120.95516197050046,320.07676103999995,-4.052085782397569,0.8617616623877353,3.1903241200098336,168,168,0
3586,06456-1-02,60 o mas,Mujeres,Quintil medio,Sur,Rutina flexible,Movilidad activa,29.82,35.79437425162064,38.1,36.25040524806146,15.05,10.925220500317886,85.03000000000002,3.00724,19.126931282758605,56.519999999999996,127.0689655172414,-70.5489655172414,89.6758968,9.028059383314934,6.386764493918183,6.020819383314935,3.379524493918183,3.002108040367558,2.002108040367558,70.5489655172414,88.51534274168505,230.3837715172413,-5.974374251620638,1.8495947519385396,4.1247794996821145,168,168,0
3593,06469-1-01,60 o mas,Mujeres,Quintil bajo,Norte,Trabajadores rutinarios,Movilidad mixta,35.66,44.482976930657415,16.65,21.866771283951454,20.63,6.590251785391127,95.06,3.137597,111.88670901999998,0,0,0,111.88670901999998,4.680759851029046,0,1.5431628510290456,-3.137597,1.4918295278294331,0.49182952782943307,0,27.68294594869994,116.96961616000002,-8.822976930657418,-5.216771283951456,14.039748214608872,168,168,0
3595,06471-1-01,60 o mas,Hombres,Quintil bajo,Norte,Rutina flexible,Movilidad activa,30.29,48.67992119893225,80.64,52.10620521607249,5.56,15.703873584995259,51.510000000000005,3.070237,5.697478729999986,40.199999999999996,127.5,-87.30000000000001,92.99747873,10.200973406084257,4.873045865879833,7.130736406084257,1.802808865879833,3.3225361449569712,2.3225361449569712,87.30000000000001,143.76141649204618,351.9544294,-18.38992119893225,28.53379478392751,-10.143873584995259,168,168,0
3598,06487-1-01,60 o mas,Hombres,Quintil alto,Norte,Cuidadores domesticos,Movilidad activa,62.57,60.05969328524992,16.3,28.854176579638818,18.74,8.696130135111249,70.39000000000001,3.293987,160.0137082746652,26.929999999999996,73.0210583153348,-46.091058315334806,206.10476659,4.846476793661484,6.329160425887486,1.552489793661484,3.035173425887486,1.4713102370050288,0.4713102370050289,46.091058315334806,37.82214063093534,161.51236279533475,2.5103067147500795,-12.554176579638817,10.04386986488875,168,168,0
3619,06521-1-01,60 o mas,Hombres,Quintil bajo,Norte,Rutina flexible,Usuarios publicos,9.86,45.67843502634461,80.08,45.63730240897851,15.13,13.754262564676903,62.929999999999986,3.184018,31.394417479999998,0,0,0,31.394417479999998,9.239551129213206,0,6.055533129213206,-3.184018,2.9018526682993646,1.9018526682993644,0,114.04654185571171,303.15035378000005,-35.81843502634461,34.442697591021485,1.3757374353230976,167.99999999999997,168,0
3635,06547-1-02,60 o mas,Mujeres,Quintil bajo,Centro,Rutina flexible,Movilidad activa,26.23,46.99159757955394,60.86,36.89800653392422,7.92,11.120395886521834,72.99000000000001,2.969446,77.88856858,0,0,0,77.88856858,6.177631732131568,0,3.2081857321315677,-2.969446,2.0803987451300907,1.0803987451300907,0,61.650442886216126,204.23849588,-20.76159757955394,23.961993466075782,-3.200395886521834,168,168,0
3639,06556-1-01,60 o mas,Hombres,Quintil bajo,Norte,Rutina flexible,Motorizados privados,28.64,38.53463061210041,46.32,35.88905373724539,10.28,10.816315650654179,82.76000000000002,3.30567,43.84874970225561,37.68,88.50563909774439,-50.82563909774439,94.6743888,8.605777350627422,4.320757955769689,5.300107350627422,1.0150879557696886,2.6033383098214347,1.6033383098214347,50.82563909774439,83.53402267324634,237.92656109774433,-9.894630612100407,10.43094626275461,-0.5363156506541795,168.00000000000003,168,0
3640,06558-1-02,60 o mas,Hombres,Quintil bajo,Centro,Trabajadores rutinarios,Motorizados privados,59.69,59.18522347045658,30.61,34.07514143860397,13.23,10.26963509093945,64.47,1.196921,54.229926794890886,14.139999999999999,6.35430038510911,7.785699614890889,46.44422718,1.8022853843896547,1.8893483234240955,0.6053643843896548,0.6924273234240956,1.5057680368125004,0.5057680368125005,17.214287695109107,16.61011006659146,69.6873043351091,0.5047765295434203,-3.465141438603972,2.9603649090605497,168,168,0
3643,06562-1-01,60 o mas,Mujeres,Quintil bajo,Centro,Trabajadores rutinarios,Motorizados privados,53.24,56.35798119421378,12.59,10.244508192901504,3.86,3.0875106128847296,98.30999999999999,1.17453,63.881964159999995,21.349999999999998,0,21.349999999999998,42.53196416,0.8344847359162209,-0.39487277554947764,-0.3400452640837792,-1.5694027755494777,0.7104839688353817,-0.2895160311646184,-1.3499869599999883,2.3121754920399127,17.971031540000027,-3.117981194213776,2.3454918070984956,0.7724893871152703,168,168,0
3648,06572-1-01,60 o mas,Hombres,Quintil bajo,Norte,Trabajadores rutinarios,Movilidad mixta,60.74,53.36152012227151,26.53,38.8267848720396,16.62,11.701695005688899,64.10999999999999,3.439414,113.67001456,54.76,0,54.76,58.91001456000001,6.652738396304998,10.620184715960475,3.2133243963049978,7.180770715960475,1.9342650801284746,0.9342650801284746,95.23999180000001,69.86234480982233,243.65070590000008,7.378479877728495,-12.296784872039602,4.918304994311102,168,168,0
3650,06575-1-02,60 o mas,Mujeres,Quintil bajo,Norte,Rutina flexible,Motorizados privados,36.92,50.14671426310112,61.65,42.034763607374295,6.28,12.668522129524614,63.14999999999998,3.151869,77.90700348000001,49.040000000000006,87.5,-38.459999999999994,116.36700348000001,7.049811673899629,2.724213786705815,3.8979426738996286,-0.4276552132941851,2.2367083384175004,1.2367083384175004,38.459999999999994,80.14887065772623,252.56646117000008,-13.226714263101115,19.615236392625704,-6.388522129524614,167.99999999999997,168,0
3654,06586-1-02,60 o mas,Mujeres,Quintil bajo,Centro,Rutina flexible,Movilidad activa,42,48.222883470106936,30.13,26.723218771740182,10.87,8.05389775815288,85,3.03384,111.53864842105264,10.17,26.05263157894737,-15.88263157894737,127.42128000000001,4.809534133687743,1.8639408498220502,1.7756941336877428,-1.1698991501779499,1.5852959067346144,0.5852959067346144,15.882631578947368,34.7618643658966,140.27007157894735,-6.222883470106936,3.406781228259817,2.816102241847119,168,168,0
3656,06590-1-01,60 o mas,Mujeres,Quintil bajo,Norte,Rutina flexible,Movilidad mixta,39.69,53.889003669959926,42.36,31.85920472934001,13.3,9.601791600700064,72.65,3.127815,124.14297735000001,0,0,0,124.14297735000001,5.154098527865421,-1.2284868685901505e-15,2.026283527865421,-3.1278150000000013,1.6478271662056168,0.6478271662056166,-1.4210854715202004e-14,44.4118566639557,174.09418289999996,-14.199003669959929,10.500795270659989,3.6982083992999364,168,168,0
3660,06598-1-04,60 o mas,Mujeres,Quintil alto,Sur,Rutina flexible,Motorizados privados,15.96,27.66515121121537,39.57,27.60515216088069,8.06,8.31969662790394,104.41,3.262583,17.982049169795893,32.849999999999994,66.9387755102041,-34.0887755102041,52.070824679999994,9.680627617586206,3.443692311939779,6.418044617586206,0.18110931193977908,2.9671666950959428,1.967166695095943,34.08877551020411,72.27780286434478,189.4856038002041,-11.70515121121537,11.964847839119312,-0.2596966279039403,168,168,0
3661,06600-1-01,60 o mas,Hombres,Quintil alto,Sur,Trabajadores rutinarios,Motorizados privados,51.44,48.750200761023706,42.14,42.22418800202011,10.12,12.72561123695619,64.3,9.938513,215.66709711999997,204.42999999999998,0,204.42999999999998,11.23709712,23.540577284651906,27.213505218573715,13.602064284651906,17.274992218573715,2.368621672543157,1.3686216725431566,295.57001160000004,268.83740689604406,814.9567009800002,2.689799238976292,-0.08418800202010601,-2.6056112369561912,168,168,0
3671,06608-1-03,60 o mas,Mujeres,Quintil alto,Norte,Cuidadores domesticos,Movilidad activa,69.31,75.98495316048472,15.53,20.535896722877805,17.87,6.18915011663748,65.28999999999999,3.102878,215.06047418,0,0,0,215.06047418,3.728962095440914,0,0.6260840954409139,-3.102878,1.2017752858607118,0.20177528586071186,0,20.711565312698525,103.63612520000001,-6.674953160484719,-5.0058967228778055,11.680849883362521,168,168,0
3677,06618-1-01,60 o mas,Hombres,Quintil bajo,Centro,Cuidadores domesticos,Movilidad activa,82.17,73.12397124158801,21.34,33.41526773866787,13.1,10.070761019744124,51.38999999999999,2.630269,158.64923835,55.02,0,55.02,103.62923835,3.7273429885704,8.03057932343872,1.0970739885703997,5.40031032343872,1.417095737573001,0.41709573757300095,57.47996538000004,33.68647636364048,148.06642974000007,9.0460287584119925,-12.075267738667872,3.029238980255876,168,168,0
3698,06646-1-01,60 o mas,Mujeres,Quintil bajo,Centro,Cuidadores domesticos,Usuarios publicos,48.96,53.110196745506066,36.05,33.55648261078766,11.77,10.113320643706269,71.22,2.970225,111.38569426086961,20.419999999999998,54.4565217391304,-34.03652173913041,145.42221600000002,5.108446776142078,3.4247519501089734,2.1382217761420783,0.45452695010897326,1.7198854551901213,0.7198854551901214,34.03652173913041,46.363539867551154,176.07268123913036,-4.150196745506065,2.493517389212336,1.656679356293731,168,168,0
3700,06649-1-01,60 o mas,Hombres,Quintil bajo,Sur,Rutina flexible,Movilidad activa,11.55,36.77109580512359,57.42,34.84672706596285,13.15,10.502177128913571,85.87999999999998,3.129564,36.1464642,0,0,0,36.1464642,8.374801325246702,0,5.245237325246702,-3.129564,2.6760281385032236,1.6760281385032236,0,78.93103347226581,220.85333148000004,-25.221095805123593,22.57327293403715,2.6478228710864293,168,168,0
3711,06667-1-01,60 o mas,Hombres,Quintil bajo,Sur,Cuidadores domesticos,Motorizados privados,71.4,51.5764839812723,22.75,36.90962003250054,5.46,11.123895986227154,68.39,3.058899,99.72276919740258,81.22,149.9025974025974,-68.6825974025974,168.40536659999998,5.814469726137512,20.243125049725403,2.755570726137512,17.184226049725403,1.9008374340367276,0.9008374340367277,118.68261940259742,58.04448607642726,204.9741601925974,19.82351601872771,-14.159620032500541,-5.663895986227154,168,168,0
3716,06671-1-01,60 o mas,Hombres,Quintil bajo,Centro,Jovenes trabajadores,Movilidad activa,49.74,52.227487784051256,53.06,44.45467292012792,7.28,13.397839295820843,57.91999999999999,2.92028,72.76473252000001,57.510000000000005,0,57.510000000000005,15.25473252,6.633223325170121,5.7805116820982665,3.712943325170121,2.8602316820982665,2.2714340149472383,1.2714340149472383,72.48999468000001,79.75415550600918,248.69968988000005,-2.487487784051254,8.605327079872083,-6.1178392958208425,168,168,0
3719,06677-1-01,60 o mas,Mujeres,Quintil bajo,Centro,Cuidadores domesticos,Movilidad activa,14.38,26.10186323809203,23.26,14.828955992718528,7.76,4.46918076918944,122.60000000000001,3.02775,59.119045000000014,76.33000000000001,60.75,15.580000000000013,43.539045,4.964418771568078,-2.416680184049,1.936668771568078,-5.444430184049001,1.6396395909728603,0.6396395909728603,-15.580000000000013,19.91087141913313,78.34080499999997,-11.721863238092029,8.431044007281473,3.29081923081056,168,168,0
3721,06681-1-02,60 o mas,Mujeres,Quintil bajo,Centro,Cuidadores domesticos,Motorizados privados,50.96,61.3966904719312,48.07,37.147669662551706,10.71,11.195639865517087,58.26,2.346425,105.23381576,23.16,0,23.16,82.07381576,3.8646697089969106,1.1738514982396295,1.5182447089969107,-1.1725735017603705,1.6470459141020535,0.6470459141020534,14.340002240000004,38.828913680601175,152.26286374000003,-10.4366904719312,10.922330337448294,-0.4856398655170864,168,167.99999999999997,-2.842170943040401e-14
3724,06685-1-02,60 o mas,Mujeres,Quintil medio,Centro,Rutina flexible,Movilidad activa,43.12,41.52224071204395,43.56,39.09517601608262,5.72,11.782583271873435,75.6,2.767245,38.01360439999999,80.69,162,-81.31,119.3236044,7.271559242831189,7.939017935330432,4.504314242831189,5.1717729353304325,2.627725135588352,1.627725135588352,81.31,76.88860859920007,217.67983360000002,1.5977592879560447,4.464823983917384,-6.062583271873435,168,168,0
3726,06689-1-01,60 o mas,Mujeres,Quintil bajo,Centro,Cuidadores domesticos,Movilidad mixta,77.11,73.13265268042352,27.51,29.681789521156954,7.14,8.945557798419532,56.239999999999995,3.075464,191.30446034990422,39.55,85.39456869009581,-45.84456869009581,237.14902904000002,4.186951245554925,6.366169145892166,1.1114872455549252,3.290705145892166,1.3614047329297059,0.36140473292970593,45.8445686900958,33.61238019324182,152.4093962900958,3.977347319576481,-2.1717895211569527,-1.8055577984195326,168,168,0
3731,06698-1-03,60 o mas,Mujeres,Quintil bajo,Centro,Cuidadores domesticos,Movilidad activa,20.89,21.1390047230655,11.71,12.44906951193924,4.74,3.7519257649952538,130.66,2.94389,45.47532675598492,13.690000000000001,29.71253534401508,-16.02253534401508,61.497862100000006,4.976353644689021,4.686610456319437,2.0324636446890207,1.7427204563194372,1.6904006755310221,0.6904006755310221,16.022535344015083,16.755577858200375,64.44952584401508,-0.24900472306550014,-0.7390695119392383,0.9880742350047464,168,168,0
3753,06737-1-02,60 o mas,Hombres,Quintil bajo,Centro,Trabajadores moviles,Movilidad mixta,60.2,46.85945273860504,17.12,34.74041167898032,14.75,10.470135582414642,75.92999999999999,4.137412,116.67218159999999,67.6,0,67.6,49.07218159999999,8.216699172322114,19.98938860618936,4.079287172322114,15.85197660618936,1.9859514044823463,0.9859514044823463,132.40002080000005,77.2046804741374,264.2593412400001,13.34054726139496,-17.62041167898032,4.279864417585358,168,168,0
3760,06749-1-01,60 o mas,Mujeres,Quintil bajo,Centro,Trabajadores rutinarios,Usuarios publicos,45.77,38.932654978124454,35.95,38.34181209366301,7.11,11.555532928212553,79.16999999999999,2.448058,23.50761048999999,88.96,97.5,-8.540000000000006,32.04761049,6.923908758880533,9.89370675160605,4.475850758880533,7.4456487516060506,2.8283270898322392,1.8283270898322397,88.54000417000002,71.8017869904374,193.95338165000004,6.837345021875549,-2.391812093663006,-4.445532928212553,168,168,0
3763,06750-1-01,60 o mas,Hombres,Quintil bajo,Centro,Jovenes trabajadores,Motorizados privados,52.53,55.53436988723307,49.4,41.93667125494509,8.18,12.638958857821846,57.88999999999999,3.764114,123.47890591,100.75,0,100.75,22.728905909999998,7.543265834875331,6.204664929957691,3.7791518348753312,2.4405509299576904,2.0039950529859967,1.0039950529859965,74.25000251000002,85.55879326371245,290.9876866300001,-3.004369887233068,7.463328745054909,-4.458958857821846,168,168,0
3773,06766-1-01,60 o mas,Mujeres,Quintil bajo,Centro,Cuidadores domesticos,Movilidad activa,33.19,44.290229932835466,25.07,25.357481094326722,19.03,7.642288972837798,90.71000000000001,2.995054,99.40584226,0,0,0,99.40584226,4.847515866870595,0,1.8524618668705952,-2.995054,1.618507000832237,0.6185070008322371,0,33.24578806125861,132.0818814,-11.100229932835468,-0.2874810943267221,11.387711027162204,168,168,0
3774,06767-1-01,60 o mas,Mujeres,Quintil alto,Sur,Trabajadores moviles,Usuarios publicos,51.69,53.34487792178396,47.27,42.60480094283898,9.83,12.840321135377064,59.209999999999994,7.222713,206.76204912999998,183.42,0,183.42,23.34204913,15.493442896366425,14.037191791326366,8.270729896366426,6.8144787913263665,2.145100171689838,1.1451001716898381,166.57998584,178.532694119082,578.99689814,-1.6548779217839638,4.665199057161026,-3.0103211353770636,168,168,0
3778,06777-1-02,60 o mas,Mujeres,Quintil bajo,Centro,Cuidadores domesticos,Movilidad activa,49.61,62.35420362613467,41.49,31.409528965087713,12.13,9.4662674087776,64.77000000000001,3.104918,154.03498198,0,0,0,154.03498198,4.65789968611852,0,1.5529816861185197,-3.104918,1.500168341359907,0.500168341359907,0,39.56970723445082,166.48570315999996,-12.74420362613467,10.08047103491229,2.6637325912224004,168,168,0
3798,06797-1-01,60 o mas,Mujeres,Quintil bajo,Sur,Cuidadores domesticos,Usuarios publicos,50.87,45.72766619449321,40.41,41.05814651257394,7.88,12.374187292932843,68.84,3.128754,57.95971598,56.300000000000004,157.5,-101.19999999999999,159.15971598,7.664336666283521,10.083628295791858,4.5355826662835215,6.954874295791858,2.4496450236367324,1.4496450236367326,101.19999999999999,85.11090253668542,252.28753065999996,5.142333805506787,-0.6481465125739447,-4.4941872929328435,168,168,0
3807,06817-1-01,60 o mas,Hombres,Quintil bajo,Centro,Cuidadores domesticos,Movilidad mixta,74.66,63.34100669808458,19.06,31.611773135684405,10.76,9.527220166231007,63.52,2.839011,143.76057577999998,44.300000000000004,0,44.300000000000004,99.460575779999985,4.218214648754165,11.004496186338281,1.3792036487541646,8.16548518633828,1.4858042637926252,0.48580426379262515,68.19998548000001,36.06523898693581,152.8592935,11.31899330191542,-12.551773135684407,1.2327798337689924,168,168,0
3825,06852-1-01,60 o mas,Mujeres,Quintil medio,Centro,Cuidadores domesticos,Motorizados privados,84.41,61.486399860131606,30.87,45.83096972694297,5.85,13.81263041292544,46.87,3.919582,145.02030543438363,167.73000000000002,103.5616438356164,64.16835616438362,80.85194927,7.74307555207935,24.350643410204714,3.8234935520793503,20.431061410204713,1.9754850267399304,0.9754850267399304,185.83161118561637,95.98068070219074,329.7586622256164,22.92360013986839,-14.960969726942967,-7.96263041292544,168,168.00000000000003,2.842170943040401e-14
3827,06854-1-02,60 o mas,Hombres,Quintil alto,Centro,Trabajadores rutinarios,Movilidad activa,46.74,45.58362272109036,35.62,37.833915310985276,12.46,11.40246196792438,73.17999999999998,14.15185,316.96747818,280.51,0,280.51,36.45747818,32.06615597080001,34.475110761113434,17.91430597080001,20.323260761113435,2.2658631889682277,1.2658631889682277,344.48999082000006,328.12511302546255,1024.9109388200004,1.1563772789096447,-2.2139153109852785,1.0575380320756214,167.99999999999997,168,0
3837,06874-1-02,60 o mas,Mujeres,Quintil bajo,Norte,Rutina flexible,Usuarios publicos,32.49,52.565963805276915,58.68,38.3469536836994,11.3,11.557082511023708,65.52999999999999,3.214594,104.44215906000001,0,0,0,104.44215906000001,6.222435199528973,0,3.007841199528973,-3.214594,1.935683075227843,0.9356830752278431,0,64.53607279266033,224.95728812000004,-20.075963805276913,20.333046316300603,-0.2570825110237074,168,168,0
3846,06897-1-02,60 o mas,Mujeres,Quintil bajo,Centro,Cuidadores domesticos,Usuarios publicos,60.09,44.48550239074229,15.48,32.868517333256506,11.69,9.905980276001214,80.74,3.147312,84.98197807999999,68.36,172.5,-104.14,189.12197808,6.189998955081085,18.442570660884464,3.0426869550810856,15.295258660884464,1.9667573329498587,0.9667573329498587,104.14,55.02777742041191,189.65246704000003,15.604497609257713,-17.388517333256505,1.7840197239987852,168,168,0
3858,06921-1-03,60 o mas,Hombres,Quintil medio,Norte,Trabajadores moviles,Motorizados privados,55.27,56.71978566880666,39.8,39.158535615127285,12.61,11.80167871606607,60.31999999999999,2.205759,82.69231076,35.78,0,35.78,46.912310760000004,4.005079128430987,3.6006991059572133,1.799320128430987,1.3949401059572133,1.8157374075912132,0.8157374075912133,39.219989170000005,42.41786695704131,154.82381836000002,-1.4497856688066548,0.6414643848727124,0.80832128393393,168,168,0
3867,06945-1-02,60 o mas,Mujeres,Quintil alto,Sur,Jovenes trabajadores,Movilidad activa,58.57,46.92407728473083,43.97,48.45304572981688,7.44,14.602876985452284,58.02000000000001,7.411705,45.365028254634,242.42,241.158536585366,1.2614634146339938,44.103564840000004,23.077118340540537,36.38341912448928,15.665413340540535,28.971714124489278,3.1136045404587116,2.1136045404587116,388.738533595366,302.4223899769919,769.7742876453659,11.645922715269172,-4.4830457298168795,-7.162876985452283,168,168,0
3890,06981-1-01,60 o mas,Hombres,Quintil bajo,Sur,Trabajadores rutinarios,Motorizados privados,62.15,55.18900617085633,29.91,34.01844578809892,7.4,10.252548041044754,68.53999999999999,3.573099,141.2580817,69.19,0,69.19,72.0680817,6.079653994295893,10.4215782212161,2.506554994295893,6.8484792212161,1.7015072894134455,0.7015072894134456,80.81002115000001,55.9377010600806,214.12234484000004,6.960993829143668,-4.108445788098923,-2.852548041044754,168,168,0
3898,06998-1-01,60 o mas,Mujeres,Quintil bajo,Centro,Cuidadores domesticos,Motorizados privados,44.88,44.14136372129433,40.41,42.43845025139167,14.08,12.790186027313979,68.63000000000001,2.947377,38.24827976,70.97,165,-94.03,132.27827976,8.002438767294045,8.303155079089152,5.055061767294045,5.355778079089152,2.7151052502934117,1.7151052502934119,94.03,91.85296042077732,254.63257272999994,0.7386362787056697,-2.028450251391675,1.2898139726860212,168,168,0
3901,07001-1-01,60 o mas,Hombres,Quintil bajo,Norte,Trabajadores rutinarios,Motorizados privados,74.23,49.481250050210996,20.69,43.65263151568028,11.37,13.156118434108718,61.71,1.347854,29.869368684084495,29.290000000000003,36.9718309859155,-7.6818309859155,37.551199669999995,3.1189672051460557,10.533063795461853,1.7711132051460556,9.185209795461853,2.3140245198263725,1.3140245198263725,70.18183373591552,36.8241321210926,113.39403297591551,24.74874994978901,-22.962631515680275,-1.7861184341087188,168,168,0
3905,07011-1-01,60 o mas,Mujeres,Quintil bajo,Sur,Cuidadores domesticos,Movilidad mixta,82.97,72.75318257004565,21.74,31.371892865147778,8.87,9.45492456480656,54.42000000000001,2.744572,167.41713799000001,49.7,0,49.7,117.71713799000003,3.8019090159241915,9.478672319376276,1.0573370159241917,6.734100319376276,1.3852465943411911,0.3852465943411912,60.300000849999975,32.2592098026353,144.31134976999994,10.216817429954347,-9.63189286514778,-0.5849245648065615,168,168,0
3906,07015-1-02,60 o mas,Mujeres,Quintil bajo,Centro,Rutina flexible,Motorizados privados,37.73,43.34127683251275,50.35,43.86776681996426,12.35,13.220956347522973,67.57000000000002,3.084594,24.761731620000006,65.88000000000001,157.5,-91.61999999999999,116.38173162,9.180889448127132,7.030986560192385,6.096295448127132,3.9463925601923853,2.976368834318919,1.9763688343189192,91.61999999999999,108.92851084990781,285.02404379999996,-5.6112768325127504,6.482233180035742,-0.8709563475229736,168,168,0
3907,07016-1-01,60 o mas,Mujeres,Quintil bajo,Norte,Trabajadores rutinarios,Usuarios publicos,51.81,38.627775167663145,28.56,36.608946456863876,5.9,11.033278375472989,81.72999999999999,2.542791,31.3575687097987,85.53,74.6644295302013,10.865570469798698,20.49199824,6.7530345866916,14.01666256644114,4.2102435866916,11.47387156644114,2.6557568383290646,1.6557568383290646,100.38443300020128,66.86479033655863,188.0090108602013,13.182224832336857,-8.048946456863877,-5.1332783754729885,168,168,0
3921,07034-1-01,60 o mas,Mujeres,Quintil bajo,Sur,Trabajadores rutinarios,Movilidad mixta,55.36,64.90718993207054,22.81,16.69210859627367,8.46,5.030701471655789,81.37,2.695616,160.79929952,55.07,0,55.07,105.72929952,3.137698929264935,-1.780323460220179,0.4420829292649353,-4.475939460220179,1.1640007068013156,0.16400070680131568,-11.569997760000007,14.16556017592822,72.72191455999996,-9.547189932070538,6.117891403726329,3.429298528344212,168,168,0
3945,07074-1-01,60 o mas,Mujeres,Quintil bajo,Norte,Rutina flexible,Motorizados privados,39.01,45.84533626711858,49.76,47.353246473242805,18.7,14.271417259638598,60.530000000000015,3.147568,19.730584374150894,57.510000000000005,98.06603773584911,-40.5560377358491,60.286622109999996,9.726463574714598,7.243193554335151,6.578895574714599,4.09562555433515,3.090152007745217,2.0901520077452176,103.0560433058491,124.57072900947101,318.53854858584907,-6.835336267118585,2.4067535267571927,4.428582740361401,168,168,0
3950,07084-1-02,60 o mas,Mujeres,Quintil bajo,Norte,Cuidadores domesticos,Usuarios publicos,73.75,62.204191390589116,19.38,31.401854228330077,9.94,9.4639543810808,64.93,3.003756,148.59698625000001,47.07000000000001,0,47.07000000000001,101.52698625000001,4.503561373751024,11.968394073587454,1.4998053737510242,8.964638073587455,1.4993099884781,0.49930998847810015,72.93001874999999,38.2492268646304,161.00014466999997,11.545808609410884,-12.021854228330078,0.4760456189191995,168,168,0
3959,07100-1-01,60 o mas,Mujeres,Quintil bajo,Sur,Cuidadores domesticos,Movilidad activa,50.31,47.29204562049397,32.92,41.19309579785371,17.67,12.414858581652314,67.1,3.010327,63.63955137000002,47.19,135,-87.81,151.44955137000002,7.06605139734516,8.351660254365424,4.05572439734516,5.3413332543654235,2.3472703787147244,1.3472703787147242,87.81,78.72497044660474,240.10244293000002,3.0179543795060297,-8.273095797853706,5.255141418347687,168,168,0
3962,07104-1-01,60 o mas,Hombres,Quintil medio,Sur,Trabajadores moviles,Motorizados privados,45.57,50.73078567265232,52.63,44.93623951617475,11.01,13.542974811172922,58.79000000000001,11.078302,234.24822975,229.41,0,229.41,4.838229750000001,26.96817553776585,20.45856087191911,15.889873537765848,9.38025887191911,2.4343239187526975,1.4343239187526975,270.58999239,327.76273462891555,975.6131316699998,-5.160785672652317,7.693760483825251,-2.532974811172922,168.00000000000003,168,0
3966,07117-1-01,60 o mas,Mujeres,Quintil bajo,Centro,Rutina flexible,Movilidad mixta,30.19,32.27694476558136,30.95,34.3811843203753,15.88,10.361870914043338,90.98,3.052805,3.5741829499999938,50.16,138.75,-88.59,92.16418295,10.212059261050285,9.10236119748406,7.159254261050285,6.049556197484059,3.345139719389311,2.345139719389311,88.59000000000002,94.96103541509062,231.55285815000002,-2.086944765581361,-3.431184320375298,5.518129085956662,168,168,0
3976,07141-1-02,60 o mas,Mujeres,Quintil medio,Centro,Rutina flexible,Movilidad activa,31.47,41.33366764295745,53.53,39.38607681395618,7.59,11.870255543086376,75.41,2.983962,38.041675892577295,47.339999999999996,103.2036082474227,-55.8636082474227,93.90528413999999,8.0071282736566,4.397837306933939,5.023166273656599,1.4138753069339387,2.683388150940461,1.683388150940461,55.8636082474227,85.2964176746373,238.24336568742268,-9.863667642957452,14.143923186043821,-4.280255543086376,168,168,0
3985,07158-1-02,60 o mas,Mujeres,Quintil medio,Centro,Cuidadores domesticos,Movilidad activa,47.02,57.93378043111895,35.98,27.79830895533677,11.11,8.377910613544284,73.89,2.645612,124.39667772,0,0,0,124.39667772,3.8403577396444595,-1.5122602768639069e-7,1.1947457396444596,-2.6456121512260276,1.4515952224454907,0.4515952224454908,-1.4799999945580566e-6,28.873626993933456,124.5818676,-10.913780431118944,8.181691044663228,2.7320893864557156,168,168,0
3987,07162-1-01,60 o mas,Hombres,Quintil bajo,Sur,Trabajadores rutinarios,Motorizados privados,41.07,43.831209435936515,44.25,45.358541520220484,17.54,13.670249043842984,65.14000000000001,4.421489,24.453086250700604,127.06,121.6974522292994,5.362547770700601,19.090538480000003,13.803998306894037,12.236439691780511,9.382509306894036,7.814950691780511,3.1220247990878267,2.1220247990878267,157.1374669792994,169.3461241269889,430.34127228929935,-2.7612094359365145,-1.1085415202204842,3.8697509561570147,168,168,0
3989,07167-1-01,60 o mas,Mujeres,Quintil bajo,Norte,Cuidadores domesticos,Movilidad mixta,41.33,30.784830858435978,18.59,27.705292127767837,6.92,8.349877013796183,101.16,1.530522,19.4734098969231,25.64,44.4230769230769,-18.783076923076898,38.25648682,3.6890814430582144,8.258272646533808,2.1585594430582145,6.727750646533808,2.410341989895091,1.410341989895091,43.783064363076896,27.643450998192044,82.8266805830769,10.54516914156402,-9.115292127767837,-1.4298770137961831,168,168,0
4004,07193-1-04,60 o mas,Mujeres,Quintil medio,Centro,Cuidadores domesticos,Usuarios publicos,41.36,47.02710325744091,15.56,16.27723170735023,11.29,4.905665035208865,99.78999999999999,3.028982,125.27869552,0,0,0,125.27869552,3.899114513608897,0,0.8701325136088971,-3.028982,1.2872689615220219,0.28726896152202197,0,17.165553758929903,81.32816670000004,-5.667103257440914,-0.7172317073502281,6.384334964791134,168,168,0
4006,07196-1-01,60 o mas,Mujeres,Quintil bajo,Centro,Trabajadores rutinarios,Usuarios publicos,66.31,54.0402389254347,28.49,42.87731046720641,15.04,12.9224506073589,58.160000000000004,2.882334,85.78755113000001,90.91,71.25,19.659999999999997,66.12755113000001,6.033937122590106,11.643893798787271,3.1516031225901058,8.761559798787271,2.0934205135803503,1.0934205135803503,105.34001641000002,69.97446689290389,230.80801543,12.269761074565302,-14.387310467206408,2.1175493926410986,168,168,0
4018,07222-1-01,60 o mas,Mujeres,Quintil bajo,Centro,Cuidadores domesticos,Movilidad mixta,68.39,56.65842565011648,38.78,49.84821763267897,14.36,15.023356717204566,46.47,2.608509,64.86778223190498,81.71000000000001,170.238095238095,-88.528095238095,153.39587747,6.1507915702213944,10.279583659730438,3.5422825702213943,7.671074659730438,2.3579721481587352,1.357972148158735,113.52814827809505,82.92623100225472,252.14431653809504,11.731574349883523,-11.068217632678966,-0.6633567172045662,168,168,0
4024,07241-1-02,60 o mas,Mujeres,Quintil alto,Sur,Cuidadores domesticos,Movilidad activa,56.85,44.58747974501986,42.51,45.476669547267996,4.41,13.705850707712123,64.23000000000002,3.109567,23.244439505556016,120.91,274.444444444444,-153.534444444444,176.77888395000002,9.382495272102489,15.74495194916046,6.272928272102488,12.63538494916046,3.017299602196218,2.017299602196218,153.534444444444,115.40331612272618,299.435328084444,12.262520254980139,-2.9666695472679976,-9.295850707712123,168,168,0
4031,07260-1-04,60 o mas,Mujeres,Quintil medio,Centro,Cuidadores domesticos,Movilidad activa,57.67,51.351463840769945,30.91,35.05391600772237,8.39,10.564620151507677,71.03,2.948634,100.4091273490196,51.93,121.5686274509804,-69.63862745098041,170.0477548,5.3800535243209575,8.526110833336892,2.4314195243209573,5.577476833336892,1.824591836192948,0.8245918361929481,69.63859543098042,51.00754488164526,185.51991163098043,6.318536159230057,-4.143916007722371,-2.1746201515076766,168,168,0
4041,07276-1-01,60 o mas,Hombres,Quintil bajo,Centro,Trabajadores rutinarios,Usuarios publicos,54.44,63.42395677758724,33.52,28.059434164763893,11.98,8.456609057648867,68.05999999999999,0.841268,45.798626,0,0,0,45.798626,0.9958915728248998,4.1454166867087267e-7,0.1546235728248998,-0.8412675854583314,1.1837982341238462,0.18379823412384613,3.919999997492596e-6,7.557919270367265,38.27769792000001,-8.983956777587245,5.46056583523611,3.523390942351133,168,168,0
4047,07290-1-01,60 o mas,Mujeres,Quintil bajo,Centro,Rutina flexible,Movilidad activa,36.14,53.586152297409036,54.31,35.88788445314535,9.84,10.815963249445613,67.71000000000001,3.037156,109.76281784,0,0,0,109.76281784,5.458931171904403,0,2.4217751719044034,-3.037156,1.7973825420572416,0.7973825420572416,0,52.98668612698964,194.8335574,-17.446152297409036,18.422115546854656,-0.9759632494456127,168,168,0
4056,07307-1-02,60 o mas,Mujeres,Quintil medio,Centro,Cuidadores domesticos,Movilidad mixta,50.07,55.76226602196806,39.63,32.63279590357979,8.53,9.834938074452143,69.77000000000001,3.029228,125.23773167428567,37.849999999999994,64.2857142857143,-26.43571428571431,151.67344595999998,4.948869313825077,2.6411805617011272,1.9196413138250774,-0.38804743829887256,1.6337064472615062,0.633706447261506,26.43571428571431,43.678885902908576,172.32333476571426,-5.692266021968059,6.997204096420212,-1.304938074452144,168,168,0
4058,07318-1-01,60 o mas,Hombres,Quintil bajo,Sur,Trabajadores rutinarios,Movilidad activa,46.73,47.59072815610133,39.14,40.60242947428445,14.56,12.236842369614207,67.57000000000001,4.588479,102.12960839000002,87.71000000000001,0,87.71000000000001,14.41960839,10.584984763910814,10.061445437737898,5.996505763910814,5.472966437737898,2.306861328974332,1.3068613289743318,112.29001527999998,116.23944834897966,358.69133758,-0.8607281561013309,-1.4624294742844484,2.3231576303857935,168,168,0
4067,07335-1-01,60 o mas,Hombres,Quintil bajo,Sur,Trabajadores rutinarios,Movilidad mixta,63.93,52.828871503809545,20.39,31.444362796732168,9.43,9.476765699458282,74.25,2.322849,90.51974522,42.02,0,42.02,48.49974522,3.7854493028171485,9.355435916949137,1.4626003028171484,7.032586916949137,1.6296579342080129,0.6296579342080127,57.979991350000006,32.193746123752504,127.24734853000001,11.101128496190455,-11.054362796732168,-0.04676569945828213,168,168,0
4073,07345-1-01,60 o mas,Mujeres,Quintil bajo,Centro,Jovenes trabajadores,Usuarios publicos,58.87,59.39640497802518,47.96,42.21173645689034,7.5,12.721858565084485,53.669999999999995,2.867539,108.80202894000001,64.99000000000001,0,64.99000000000001,43.81202894,5.388503224020972,5.206396325228646,2.5209642240209718,2.3388573252286458,1.8791386007377657,0.8791386007377657,60.009991989999975,61.519478794281326,219.04370493,-0.5264049780251838,5.748263543109658,-5.221858565084485,168,168,0
4075,07352-1-01,60 o mas,Hombres,Quintil alto,Centro,Trabajadores moviles,Usuarios publicos,52.34,44.90710342972521,41.07,48.47377281418608,14.58,14.60912375608871,60.010000000000005,2.653662,1.2896904487028973,94.50999999999999,107.1129707112971,-12.602970711297104,13.892661160000001,8.99118229247206,11.897512985512636,6.337520292472059,9.243850985512635,3.3882168461816384,2.388216846181638,137.60297863129713,117.87858345282858,285.2792689312971,7.432896570274792,-7.403772814186077,-0.029123756088710095,168,168,0
4083,07361-1-01,60 o mas,Hombres,Quintil bajo,Norte,Trabajadores rutinarios,Motorizados privados,43,37.667008155594104,27.02,35.933331632166905,14.41,10.829660212239,83.57000000000001,3.174186,36.19130039722861,49.49,99.7886836027714,-50.2986836027714,86.489984,8.578377355268694,11.648604001860328,5.4041913552686935,8.474418001860327,2.7025440082177585,1.7025440082177583,100.2986976027714,83.37078955214403,231.8052235827714,5.332991844405896,-8.913331632166905,3.580339787761,168,168.00000000000003,2.842170943040401e-14
4084,07362-1-01,60 o mas,Hombres,Quintil medio,Centro,Trabajadores rutinarios,Movilidad activa,49.71,38.02150726171813,20.42,27.938370187208317,4.25,8.42012255107358,93.61999999999999,2.225714,52.120238349999994,46.48,0,46.48,5.64023835,4.301645820281791,11.413759655867342,2.0759318202817907,9.188045655867342,1.9327037617060372,0.9327037617060371,58.52000459000001,32.504762663507705,113.42836897000004,11.688492738281873,-7.5183701872083155,-4.170122551073581,168,168,0
4086,07364-1-02,60 o mas,Mujeres,Quintil medio,Sur,Trabajadores rutinarios,Motorizados privados,30.77,40.896205336377804,30.76,23.19364653087127,9.55,6.990148132750938,96.91999999999999,3.052293,93.91905561,0,0,0,93.91905561,4.927114260526022,0,1.8748212605260215,-3.052293,1.6142337123356183,0.6142337123356183,0,30.90814566478862,123.03793083000004,-10.126205336377804,7.566353469128732,2.559851867249063,168,168,0
4091,07373-1-01,60 o mas,Mujeres,Quintil bajo,Sur,Cuidadores domesticos,Movilidad mixta,66.42,51.43192806904524,25.57,45.81135349708494,19.06,13.80671843386983,56.94999999999999,2.985546,64.35996531999999,79.81000000000002,213.75,-133.94,198.29996531999998,7.19852555501692,14.440323708924113,4.21297955501692,11.454777708924114,2.4111253201313665,1.4111253201313665,133.94,89.19242179882576,267.18491798,14.98807193095476,-20.241353497084937,5.253281566130168,168,168,0
4113,07415-1-02,60 o mas,Mujeres,Quintil bajo,Sur,Cuidadores domesticos,Movilidad activa,56.26,56.84624030843447,43.14,41.00545321215741,10.81,12.358306479408121,57.790000000000006,1.880644,67.84994625918372,24.799999999999997,62.7551020408163,-37.9551020408163,105.80504830000002,3.521701915809857,3.3851042072858917,1.641057915809857,1.5044602072858917,1.8726042333423323,0.8726042333423323,37.95508518081627,39.0575944994317,139.41582898081626,-0.5862403084344692,2.134546787842588,-1.5483064794081205,168,168,0
4121,07429-1-03,60 o mas,Mujeres,Quintil medio,Centro,Cuidadores domesticos,Movilidad activa,62.82,55.69930688760956,42.6,43.43128464588212,6.8,13.089408466508305,55.78000000000001,3.103895,97.83668389999997,52.85,150,-97.15,194.98668389999997,6.388896283403446,9.46257592507883,3.2850012834034463,6.358680925078831,2.0583480702161143,1.0583480702161143,97.15000000000003,75.0481162519169,250.482413,7.120693112390441,-0.8312846458821213,-6.289408466508305,168,168,0
4124,07434-1-01,60 o mas,Hombres,Quintil bajo,Centro,Trabajadores rutinarios,Motorizados privados,49.04,53.18547977248063,44.06,41.02909003469627,13.48,12.365430192823096,61.42,5.69156,172.28409743999998,143.17,0,143.17,29.11409744,11.753174567043184,8.933402712574457,6.061614567043184,3.2418427125744573,2.0650181263209353,1.0650181263209355,106.83000496,130.42425181385988,434.32236736000004,-4.145479772480634,3.030909965303735,1.1145698071769043,168,168,0
4135,07454-1-03,60 o mas,Mujeres,Quintil bajo,Sur,Rutina flexible,Movilidad activa,30.59,37.76062396664001,39.36,32.4419542136581,10.03,9.77742181970188,88.02,4.739879,81.1279014847471,39.169999999999995,23.0350194552529,16.134980544747094,64.99292094,11.15206660081915,6.2218192743192615,6.41218760081915,1.4819402743192613,2.3528167281947807,1.352816728194781,63.8649971252529,97.85288708162659,297.9676209352529,-7.170623966640012,6.918045786341899,0.2525781802981193,168,168,0
4136,07454-1-05,60 o mas,Mujeres,Quintil bajo,Sur,Rutina flexible,Usuarios publicos,16.31,34.35815532086138,51.69,35.6788735566829,12.79,10.752971122455708,87.21000000000001,2.970034,11.52413391743191,22.65,59.5671206225681,-36.9171206225681,48.44125454000001,9.380494938865631,2.754839572867255,6.410460938865631,-0.21519442713274506,3.1583796477971737,2.1583796477971737,36.917120622568085,90.5207555628073,228.42491294256808,-18.04815532086138,16.011126443317096,2.037028877544291,168,168,0
4139,07459-1-01,60 o mas,Mujeres,Quintil medio,Sur,Cuidadores domesticos,Usuarios publicos,41.75,42.925921560455066,53.36,43.84114533041973,4.87,13.212933109125206,68.02,3.235364,22.576447,97.5,210,-112.5,135.076447,9.808519795256782,9.296067178475543,6.573155795256781,6.060703178475542,3.0316588165216594,2.031658816521659,112.5,116.30453428352016,300.89524572000005,-1.1759215604550661,9.518854669580271,-8.342933109125205,168,168,0
4146,07474-1-01,60 o mas,Mujeres,Quintil bajo,Sur,Cuidadores domesticos,Motorizados privados,55.42,68.4665107471401,39,32.952268024138796,16.93,9.9312212287211,56.65,3.044404,168.72086968000002,0,0,0,168.72086968000002,4.456563166716409,0,1.4121591667164086,-3.044404,1.463854063625067,0.46385406362506704,0,39.718849504636324,170.27351571999998,-13.046510747140104,6.047731975861204,6.9987787712789,168,168,0
4154,07493-1-01,60 o mas,Hombres,Quintil alto,Norte,Trabajadores rutinarios,Movilidad mixta,85.98,51.81959202476457,15.68,44.32242563412382,7.84,13.357982341111608,58.5,4.14654,100.4194668,93.89999999999999,0,93.89999999999999,6.5194668,9.547521593459514,52.392105764246956,5.400981593459514,48.245565764246955,2.302527310350199,1.302527310350199,256.1000424,114.45254431436727,353.6266632,34.16040797523544,-28.642425634123818,-5.517982341111608,168,168,0
4161,07514-1-02,60 o mas,Mujeres,Quintil bajo,Centro,Jovenes trabajadores,Usuarios publicos,26.87,40.91478673967927,59.72,37.99438777608635,3.77,11.450825484234379,77.64,3.270396,46.941367291653485,26.93,67.8641732283465,-40.9341732283465,87.87554051999999,8.453178277506007,3.102231598982689,5.182782277506007,-0.1681644010173109,2.5847567932158695,1.5847567932158697,40.934173228346516,86.86618760264665,248.57161526834653,-14.044786739679271,21.72561222391365,-7.680825484234379,168,168,0
4168,07527-1-01,60 o mas,Hombres,Quintil bajo,Norte,Trabajadores rutinarios,Movilidad mixta,58.84,44.094365456313085,22.91,40.96847318093265,15.66,12.347161362754264,70.59,3.998929,61.597002039999985,138.79999999999998,112.5,26.299999999999983,35.29700204,10.354477214754898,21.669238596061735,6.355548214754897,17.670309596061735,2.5893125921352684,1.5893125921352684,173.69998032000004,114.73323471984864,327.93867185,14.745634543686919,-18.058473180932648,3.3128386372457364,168,168,0
4169,07527-1-02,60 o mas,Mujeres,Quintil bajo,Norte,Rutina flexible,Movilidad activa,30.65,47.7989631937337,54.12,33.711113263493026,6.9,10.159923542773294,76.32999999999998,3.056989,93.69671285,0,0,0,93.69671285,5.749728886914508,0,2.692739886914508,-3.056989,1.880847097230153,0.8808470972301529,0,52.4241918446488,186.5374687800001,-17.1489631937337,20.40888673650697,-3.2599235427732935,168,168,0
4187,07551-1-01,60 o mas,Mujeres,Quintil medio,Norte,Cuidadores domesticos,Movilidad mixta,46.92,50.03317265415025,47.41,46.36365512850689,16.04,13.973172217342855,57.63,3.032001,54.60148692000001,62.339999999999996,150,-87.66,142.26148692,7.743306427119323,6.647576763004097,4.711305427119322,3.615575763004097,2.5538601165102923,1.553860116510292,87.66,97.0991426005562,280.04046345,-3.1131726541502474,1.0463448714931047,2.0668277826571444,168,168,0
4196,07564-1-01,60 o mas,Hombres,Quintil bajo,Centro,Rutina flexible,Movilidad activa,44.04,39.32351453853233,26.82,41.39943880631172,22.34,12.477046655155943,74.80000000000001,3.11297,9.735198799999992,72.64,200,-127.36,137.0951988,10.063112384507894,12.465643351592636,6.9501423845078945,9.352673351592635,3.2326403352772095,2.2326403352772095,127.36,112.67772225301499,280.39360519999997,4.71648546146767,-14.579438806311721,9.862953344844057,168,168,0
4211,07592-1-01,60 o mas,Hombres,Quintil bajo,Centro,Rutina flexible,Movilidad activa,36.46,48.815219211623905,32.41,28.089200647819872,16.5,8.46558014055622,82.63,3.224811,117.57660906,0,0,0,117.57660906,5.244499629797443,0,2.019688629797443,-3.224811,1.6262967441494844,0.6262967441494844,0,39.8432468210561,157.72550601,-12.355219211623904,4.320799352180124,8.03441985944378,168,168,0
4213,07603-1-01,60 o mas,Hombres,Quintil bajo,Centro,Cuidadores domesticos,Motorizados privados,71,57.735857697531,32.42,42.0277376655201,9.01,12.666404636948899,55.57,6.394606,227.137042,148.12,0,148.12,79.017042,12.497629156583319,26.349645137280234,6.103023156583319,19.955039137280234,1.9544017499410158,0.9544017499410158,226.87998399999998,142.0610200477779,491.80851058,13.264142302468997,-9.607737665520098,-3.656404636948899,168,168,0
4215,07606-1-01,60 o mas,Hombres,Quintil bajo,Sur,Rutina flexible,Movilidad activa,28.67,35.89813501269095,42.28,34.87205459610212,10.33,10.509810391206953,86.71999999999998,3.407346,32.49860982,73.55999999999999,138.75,-65.19000000000001,97.68860982000001,9.52309730619044,5.962195335168813,6.11575130619044,2.554849335168813,2.794872403973779,1.794872403973779,65.19000000000001,89.81875692295246,244.45047306000004,-7.228135012690949,7.407945403897884,-0.17981039120695286,168,168,0
4228,07622-1-01,60 o mas,Mujeres,Quintil bajo,Centro,Rutina flexible,Movilidad activa,27.99,41.15970417632949,37.67,27.194394247137385,10.89,8.19590157653314,91.44999999999999,3.013074,84.33594126,0,0,0,84.33594126,5.395045925391875,0,2.3819719253918747,-3.013074,1.7905454447490752,0.7905454447490751,0,39.68129324138981,146.31487344000004,-13.169704176329493,10.475605752862617,2.69409842346686,168,168,0
4232,07637-1-01,60 o mas,Hombres,Quintil bajo,Sur,Jovenes trabajadores,Movilidad activa,56,56.43998499798688,53.71,42.78529592393287,2.41,12.894719078080254,55.879999999999995,1.513971,51.422392,26.639999999999997,0,26.639999999999997,24.782392,2.940400313768188,2.8602348405125357,1.4264293137681878,1.3462638405125358,1.9421774352138765,0.9421774352138765,33.359984,34.026108527387194,118.32403651999999,-0.4399849979868833,10.92470407606713,-10.484719078080253,168,168,0
4238,07645-1-01,60 o mas,Mujeres,Quintil alto,Norte,Cuidadores domesticos,Motorizados privados,65.48,68.94760763023443,34.4,31.414597419837506,9.95,9.467794949928065,58.17,2.798878,159.19030587609024,27.009999999999998,51.09022556390977,-24.08022556390977,183.27053144,3.9763931900541056,2.612524956052713,1.1775151900541054,-0.18635304394728713,1.4207097237014636,0.4207097237014637,24.080225563909778,33.78563627280505,148.2104648639098,-3.4676076302344256,2.985402580162493,0.4822050500719346,168,168,0
4246,07655-1-02,60 o mas,Mujeres,Quintil bajo,Centro,Trabajadores rutinarios,Movilidad mixta,59.08,50.055598428900076,29.64,40.813842973281375,14.45,12.300558597818542,64.83,3.039828,79.52882565651379,74.5,52.0642201834862,22.4357798165138,57.093045839999995,6.579709872206287,10.920240536942845,3.539881872206287,7.8804125369428455,2.1645007126081763,1.1645007126081761,100.06421258348621,72.63158400441267,234.0902291034862,9.024401571099922,-11.173842973281374,2.1494414021814574,168,168,0
4263,07688-1-01,60 o mas,Hombres,Quintil bajo,Sur,Trabajadores rutinarios,Usuarios publicos,69.34,53.61974323704649,17.32,31.551270886908252,8.02,9.508985876045248,73.32000000000001,3.057173,121.10440602000001,49.120000000000005,0,49.120000000000005,71.98440602000001,5.017909640322365,17.256594126970576,1.9607366403223652,14.199421126970575,1.6413561287903449,0.6413561287903449,90.87996980000001,42.820425271231144,168.34873362000002,15.720256762953511,-14.231270886908252,-1.4889858760452483,168,168,0
4270,07697-1-05,60 o mas,Hombres,Quintil alto,Centro,Cuidadores domesticos,Motorizados privados,67.39,49.378826516374204,26.22,44.830167016948295,14.11,13.511006466677497,60.28,3.271767,63.02017550335839,68.75999999999999,226.2242026266416,-157.46420262664162,220.48437813,8.126669205633759,18.786554532448452,4.854902205633758,15.514787532448452,2.48387773506908,1.4838777350690797,157.46420262664162,98.5358395916397,289.41456573664163,18.011173483625797,-18.610167016948296,0.5989935333225027,168,168,0
4271,07697-1-06,60 o mas,Mujeres,Quintil alto,Centro,Cuidadores domesticos,Movilidad activa,52.13,57.17771233109625,42.94,34.672591783767906,7.23,10.449695885135844,65.7,3.009357,124.92721755821762,13.950000000000001,45.9005628517824,-31.950562851782394,156.87778041,5.026903741534448,3.0642763786039056,2.017546741534448,0.0549193786039055,1.6704245264135986,0.6704245264135986,31.950562851782394,47.140931289353205,182.93000354178238,-5.04771233109625,8.267408216232091,-3.2196958851358435,168,168,0
4275,07706-1-02,60 o mas,Mujeres,Quintil bajo,Norte,Cuidadores domesticos,Movilidad mixta,44.32,53.22638226085158,44.58,35.972233271972385,11.14,10.841384467176027,67.96000000000001,3.198328,113.78989695999996,32.04,60,-27.96,141.74989695999997,5.801641452373991,2.4144575848770167,2.6033134523739907,-0.7838704151229834,1.813960748357889,0.8139607483578891,27.960000000000036,56.44553176358494,206.17083616000002,-8.90638226085158,8.607766728027613,0.29861553282397324,168,168,0
4280,07717-1-01,60 o mas,Hombres,Quintil medio,Norte,Cuidadores domesticos,Movilidad activa,49.12,40.33811006266814,29.97,40.16644534652393,13.52,12.105444590807934,75.39,3.131132,27.749356013913,83.69,209.741847826087,-126.051847826087,153.80120384,9.071981991068503,13.946117822936692,5.940849991068503,10.814985822936691,2.897348943151711,1.897348943151711,126.051847826087,98.55459122282923,262.224778506087,8.781889937331854,-10.19644534652393,1.4145554091920651,168,168,0
4285,07725-1-01,60 o mas,Hombres,Quintil bajo,Norte,Rutina flexible,Motorizados privados,24.46,45.124195576638,53.83,35.996965966617644,13.68,10.84883845674435,76.03,3.162478,77.35421188000001,0,0,0,77.35421188000001,6.7122610234065165,0,3.5497830234065164,-3.162478,2.122468843548166,1.1224688435481658,0,65.350063898815,213.49888977999998,-20.664195576638,17.833034033382354,2.83116154325565,168,168,0
4298,07754-1-01,60 o mas,Mujeres,Quintil bajo,Norte,Cuidadores domesticos,Movilidad activa,57.57,38.865421182259,24.69,39.79967286094286,8.4,11.994905956798123,77.34,2.435652,14.93050599,44.709999999999994,150,-105.29,120.22050599,7.407004489857277,18.218519957635618,4.971352489857277,15.782867957635617,3.0410766767408797,2.0410766767408797,125.28997965000002,79.7321348434115,205.88570433,18.704578817741,-15.109672860942862,-3.5949059567981223,168,168,0
4312,07785-1-01,60 o mas,Hombres,Quintil bajo,Sur,Rutina flexible,Movilidad mixta,25.64,48.84546647598687,52.25,39.66132355964364,22.57,11.953209964369467,67.54000000000002,3.449239,88.43848796,0,0,0,88.43848796,7.461653977933137,0,4.012414977933137,-3.449239,2.1632754291404965,1.1632754291404965,0,80.04119998216646,258.07206197999994,-23.205466475986867,12.588676440356359,10.616790035630533,168.00000000000003,168,0
4313,07789-1-01,60 o mas,Hombres,Quintil bajo,Centro,Rutina flexible,Movilidad activa,35.73,35.938716224453024,31.08,38.03747313779961,18.63,11.463810637747345,82.56000000000002,3.147429,6.797638169999985,59.339999999999996,165,-105.66,112.45763816999998,10.334261422872627,10.227285139831643,7.1868324228726275,7.0798561398316435,3.2833977900288227,2.2833977900288227,105.66,106.31691949761397,262.11869558999996,-0.20871622445302762,-6.95747313779961,7.166189362252654,168,168,0
4315,07791-1-02,60 o mas,Mujeres,Quintil medio,Centro,Rutina flexible,Motorizados privados,27.17,37.49761736367253,37.68,37.177693980962104,21.03,11.204688655365386,82.11999999999998,3.127888,26.580016499170505,40.54,98.9447004608295,-58.404700460829496,84.98471696,9.02097428770259,4.786623202965495,5.893086287702589,1.6587352029654947,2.884046451696029,1.8840464516960291,58.404700460829496,90.70833088125244,242.04300494082955,-10.32761736367253,0.5023060190378956,9.825311344634615,167.99999999999997,168,0
4319,07802-1-02,60 o mas,Mujeres,Quintil medio,Centro,Cuidadores domesticos,Motorizados privados,53.79,61.90249834641527,42.38,42.422210112268004,20.94,12.785291541316711,50.890000000000015,3.287347,134.50639513000002,28.93,71.25,-42.32,176.82639513,6.012744373580147,3.21586844291252,2.725397373580147,-0.07147855708748008,1.8290567967361362,0.8290567967361361,42.31999999999999,68.9885971015932,250.47481203999993,-8.112498346415272,-0.042210112268001865,8.15470845868329,168,168,0
4340,07856-1-01,60 o mas,Hombres,Quintil medio,Norte,Cuidadores domesticos,Movilidad activa,53.42,42.504500292865146,35.58,45.8708500743843,13.2,13.824649632750553,65.8,3.579532,0.7485994399999925,109.53,300,-190.47,191.21859944,12.203122636089121,18.787902899849136,8.623590636089121,15.208370899849136,3.4091391377669265,2.4091391377669265,190.47,151.39761950232017,365.07957095999996,10.915499707134856,-10.290850074384302,-0.624649632750554,168,168,0
4341,07856-1-02,60 o mas,Mujeres,Quintil medio,Norte,Rutina flexible,Movilidad activa,41.56,43.06116466408216,29.74,42.34639354506792,26.87,12.762441790849925,69.83,3.085309,32.99544204000003,54.77,150,-95.22999999999999,128.22544204000002,8.71907916432384,8.094204089479994,5.63377016432384,5.008895089479994,2.8259986809502196,1.8259986809502191,95.22999999999999,99.86155684857465,269.88934249,-1.501164664082161,-12.60639354506792,14.107558209150076,168,168,0
4343,07857-1-01,60 o mas,Mujeres,Quintil bajo,Norte,Cuidadores domesticos,Movilidad mixta,50.46,60.228702250173924,30.66,25.86580814243411,12.77,7.795489607391969,74.11,3.135028,158.19351288000001,0,0,0,158.19351288000001,4.377649256269433,0,1.242621256269433,-3.135028,1.3963668765540318,0.3963668765540317,0,30.625155077958254,136.15426603999998,-9.768702250173924,4.794191857565892,4.974510392608031,168,168,0
4359,07882-1-02,60 o mas,Mujeres,Quintil medio,Sur,Trabajadores rutinarios,Movilidad mixta,58.7,41.91881906369212,27.66,37.65318717867281,4.56,11.347993757635063,77.08,2.401256,40.9966096428572,77.9,77.8571428571428,0.042857142857201325,40.9537525,5.858399762461731,14.927315397054025,3.4571437624617314,12.526059397054025,2.4397231125967958,1.4397231125967958,99.9571175571428,59.66120614674788,177.3255858771428,16.781180936307884,-9.993187178672809,-6.787993757635063,168,168,0
4387,07932-1-01,60 o mas,Mujeres,Quintil bajo,Centro,Rutina flexible,Movilidad activa,18.62,43.62051258239754,73.86,43.06151951469384,7.18,12.97796790290862,68.34,3.104075,32.586090785714305,30.19,55.4017857142857,-25.2117857142857,57.7978765,8.82788994821188,1.4969169154688688,5.72381494821188,-1.607158084531131,2.843967993109664,1.8439679931096637,25.211785714285696,102.81525180849133,276.76602371428567,-25.000512582397537,30.798480485306158,-5.797967902908621,168,168,0
4389,07938-1-01,60 o mas,Hombres,Quintil medio,Norte,Cuidadores domesticos,Motorizados privados,83.34,63.1118556184554,25.13,40.816719000747554,7.76,12.301425380797049,51.77,3.564478,155.96862706000002,112.03,28.125,83.905,72.06362706,6.2495763923170085,20.64149637155097,2.6850983923170086,17.07701837155097,1.7532935796817959,0.753293579681796,141.09496945999996,68.99219383116065,258.33065087999995,20.228144381544602,-15.686719000747555,-4.541425380797049,168,168,0
4390,07938-1-02,60 o mas,Mujeres,Quintil medio,Norte,Cuidadores domesticos,Motorizados privados,73.01,60.54070421550483,29.44,40.986654806599816,11.43,12.352640977895357,54.12,3.368709,136.21446746,87.14000000000001,46.875,40.265000000000015,95.94946746,6.10976377121786,12.91915054238038,2.7410547712178603,9.55044154238038,1.8136810781868842,0.8136810781868842,109.73497663,67.72954769710904,247.41411345999998,12.469295784495174,-11.546654806599815,-0.922640977895357,168,168,0
4400,07961-1-02,60 o mas,Hombres,Quintil medio,Centro,Trabajadores moviles,Usuarios publicos,53.16,50.828947404847206,53.29,52.237583851205784,12.36,15.743468743947004,49.190000000000005,2.921781,22.808388939129998,110.53,113.04347826087,-2.513478260870002,25.3218672,8.897133713893272,9.712228234661946,5.975352713893272,6.790447234661946,3.0451062943777343,2.0451062943777343,132.51348902087,125.7026638383519,324.32841167087,2.3310525951527907,1.0524161487942152,-3.383468743947004,168,168,0
4404,07967-1-02,60 o mas,Mujeres,Quintil bajo,Sur,Cuidadores domesticos,Motorizados privados,31.68,40.03225718160024,41.74,33.53184692694869,10.25,10.105895891451084,84.32999999999998,3.318588,64.96054460767681,25.560000000000002,65.7323232323232,-40.172323232323194,105.13286784,7.485782473319159,3.7179252351232503,4.167194473319159,0.39933723512325026,2.255713114529179,1.255713114529179,40.172323232323194,67.89002368809557,212.70571335232324,-8.352257181600237,8.208153073051314,0.1441041085489161,168,168,0
4411,07981-1-02,60 o mas,Mujeres,Quintil bajo,Norte,Cuidadores domesticos,Movilidad activa,46.03,43.99655794568935,44.5,41.18962846457835,7.07,12.413813589732301,70.4,2.975661,44.599675829999995,35.129999999999995,127.5,-92.37,136.96967583,7.748329440848989,8.618413624253382,4.772668440848989,5.642752624253381,2.603901936695406,1.603901936695406,92.37,86.3191657832279,245.82483777000002,2.0334420543106546,3.310371535421652,-5.343813589732301,168,168,0
4416,07992-1-01,60 o mas,Hombres,Quintil bajo,Centro,Trabajadores rutinarios,Motorizados privados,65.71,61.219664020609436,33.99,35.90823841248507,8.25,10.822097566905493,60.05000000000001,0.85949,40.41707651,21.44,0,21.44,18.97707651,1.2562505132235018,1.829428584568825,0.3967605132235018,0.969938584568825,1.461623187266288,0.4616231872662879,16.060011389999993,12.200612519073601,52.36486898999999,4.490335979390558,-1.918238412485067,-2.5720975669054926,168,168,0
4420,07997-1-01,60 o mas,Mujeres,Quintil medio,Centro,Trabajadores moviles,Motorizados privados,62.51,46.97637814978258,36.59,43.82542620340546,4.91,13.208195646811939,63.99000000000001,7.641279,121.76636967,279.11,210,69.11000000000001,52.65636966999999,20.01081978834901,41.26303667835087,12.36954078834901,33.621757678350875,2.618778844267957,1.618778844267957,355.88998061999996,237.1932421819925,673.0030591199999,15.533621850217415,-7.23542620340546,-8.298195646811939,168,168,0
4421,07999-1-01,60 o mas,Mujeres,Quintil bajo,Norte,Trabajadores rutinarios,Motorizados privados,45.92,38.34194197848724,29.34,40.98570369235382,16.42,12.352354329158954,76.32,4.070266,4.536607999999994,82.63,90,-7.3700000000000045,11.906607999999999,13.669148427292727,19.176127980312536,9.598882427292727,15.105861980312536,3.3582936415685674,2.3582936415685674,182.37000672000002,151.52529480900935,368.62537888,7.57805802151276,-11.645703692353823,4.067645670841047,168,168,0
4428,08011-1-02,60 o mas,Mujeres,Quintil alto,Centro,Cuidadores domesticos,Usuarios publicos,66.6,38.96000815746032,18.3,41.30223935480066,7.81,12.447752487739011,75.29,2.720969,6.4967737246329875,134.87,257.089722675367,-122.219722675367,128.71649639999998,8.908230569781706,32.197983832588804,6.187261569781706,29.477014832588804,3.2739184348596786,2.2739184348596786,174.719761675367,99.51220071156368,245.76426226536702,27.639991842539672,-23.00223935480066,-4.637752487739012,168,168,0
4432,08021-1-01,60 o mas,Mujeres,Quintil bajo,Centro,Rutina flexible,Movilidad activa,38.95,36.72896628828612,34.48,36.331402189313046,10.58,10.949631522400797,83.99000000000002,3.156198,26.743912100000003,53.81,150,-96.19,122.9339121,9.07557015469024,10.271461875325754,5.91937215469024,7.115263875325754,2.875475541993956,1.8754755419939562,96.19,89.17997784115606,238.40828187999995,2.2210337117138863,-1.851402189313049,-0.36963152240079644,168.00000000000003,167.99999999999997,-2.842170943040401e-14
4438,08037-1-02,60 o mas,Mujeres,Quintil medio,Norte,Cuidadores domesticos,Movilidad activa,43.36,63.6495961146071,49.73,42.178547788390844,25.45,12.711856097002054,49.459999999999994,3.166601,137.30381936,0,0,0,137.30381936,5.632015500939794,0,2.4654145009397936,-3.166601,1.7785680927088048,0.7785680927088047,0,64.24905534611096,238.06506318,-20.2895961146071,7.551452211609153,12.738143902997946,168,168,0
4455,08078-1-01,60 o mas,Hombres,Quintil bajo,Centro,Rutina flexible,Movilidad activa,23.76,50.806905564428284,76.26,43.540707798014004,7.45,13.122386637557705,60.53,3.15202,74.8919952,0,0,0,74.8919952,7.239353471462361,0,4.087333471462362,-3.15202,2.29673462460973,1.2967346246097302,0,85.25238727718923,263.8555942,-27.046905564428283,32.719292201986,-5.672386637557705,168,168,0
4461,08098-1-01,60 o mas,Mujeres,Quintil alto,Norte,Trabajadores moviles,Usuarios publicos,97.43,64.36184511434747,19.83,44.90468887159725,5.54,13.533466014055275,45.199999999999996,1.578019,67.0651240281561,61.230000000000004,35.4112397018439,25.818760298156107,41.24636373,2.840564604618984,16.43986721184012,1.2625456046189838,14.86184821184012,1.8000826381805186,0.8000826381805186,86.6812671418439,34.49909043734138,126.71560917184391,33.06815488565253,-25.074688871597253,-7.993466014055275,168,168,0
4476,08129-1-02,60 o mas,Mujeres,Quintil bajo,Sur,Trabajadores moviles,Usuarios publicos,72.73,54.29560083447002,25.64,41.62067569046875,10.09,12.543723475061235,59.53999999999999,2.632798,83.2480430563415,63.349999999999994,66.5853658536585,-3.2353658536585073,86.48340891000001,5.30351039650512,14.575707781102471,2.6707123965051194,11.942909781102472,2.0144007996455175,1.0144007996455175,108.23535548365852,59.701306229449514,202.30522802365857,18.43439916552998,-15.98067569046875,-2.453723475061235,168,168,0
4480,08134-1-03,60 o mas,Mujeres,Quintil medio,Centro,Cuidadores domesticos,Movilidad activa,55.38,54.92684715072228,26.85,37.30123204280673,21.24,11.241920806470969,64.53000000000002,2.984652,109.28494006878049,48.690000000000005,67.1951219512195,-18.5051219512195,127.79006202,5.417217123366813,5.603588375322136,2.4325651233668126,2.618936375322136,1.8150247075259738,0.8150247075259738,56.00508769121953,54.65258413331708,199.5370023712195,0.45315284927772126,-10.45123204280673,9.99807919352903,168,168,0
4487,08151-1-01,60 o mas,Mujeres,Quintil bajo,Norte,Rutina flexible,Movilidad activa,24.8,30.82732835584626,25.3,28.510207581773045,17.83,8.592464062380714,100.07,3.000442,32.4309616,33.019999999999996,75,-41.980000000000004,74.41096160000001,7.789458769150051,4.683348729860514,4.7890167691500505,1.6829067298605138,2.596103763762156,1.5961037637621558,41.980000000000004,60.06464914667205,171.38906346000005,-6.027328355846258,-3.2102075817730444,9.237535937619285,168,168,0
4488,08152-1-02,60 o mas,Hombres,Quintil bajo,Centro,Rutina flexible,Movilidad activa,28.07,53.87481343881036,68.82,44.01873201703673,14.27,13.266454544152898,56.84000000000002,3.180552,89.27809464,0,0,0,89.27809464,6.893732278700407,0,3.7131802787004067,-3.180552,2.1674641001626154,1.1674641001626154,0,82.07355099243514,264.27206567999997,-25.804813438810356,24.80126798296326,1.0035454558471013,168,168,0
4507,08188-1-01,60 o mas,Mujeres,Quintil alto,Centro,Rutina flexible,Motorizados privados,31.31,42.41180286253299,55.78,43.46778739772955,11.89,13.100409739737461,69.02,11.464976,69.5552949460486,151.21,140.6231003039514,10.586899696048619,58.96839524999999,35.44373493421268,20.57858624302146,23.978758934212678,9.1136102430214585,3.0914792088716694,2.0914792088716694,289.41310361395136,416.6950069896234,1065.2480295339515,-11.101802862532988,12.31221260227045,-1.210409739737461,168,168,0
4513,08198-1-01,60 o mas,Hombres,Quintil bajo,Norte,Rutina flexible,Movilidad mixta,25.91,50.53667096338128,43.05,41.55069614008323,35.65,12.522632896535473,63.39000000000001,3.451361,89.42476350999999,0,0,0,89.42476350999999,7.5632160828610875,0,4.111855082861087,-3.451361,2.1913720653565614,1.1913720653565614,0,84.99553172284658,271.62211069999995,-24.626670963381283,1.4993038599167647,23.127367103464525,168,168,0
4519,08207-1-04,60 o mas,Mujeres,Quintil alto,Centro,Rutina flexible,Movilidad activa,63.29,53.16413194718092,49.6,49.336679679298406,4.48,14.869188373520661,50.63000000000001,4.285028,80.91074412782609,67.32,57.6086956521739,9.711304347826093,71.19943977999999,11.008744338992429,16.930500119013328,6.723716338992429,12.645472119013327,2.569118413926917,1.5691184139269172,190.28867799217386,146.89904986153866,422.0229922321738,10.12586805281908,0.2633203207015953,-10.38918837352066,168,168,0
4532,08229-1-02,60 o mas,Mujeres,Quintil alto,Sur,Rutina flexible,Movilidad activa,31.99,31.935225781047087,16.02,25.776269844890024,17.47,7.768504374062902,102.52,3.107714,52.0525276167568,45.88,93.2432432432432,-47.3632432432432,99.41577086,6.7693414968197745,6.804869596030918,3.6616274968197744,3.697155596030918,2.178238247412656,1.1782382474126558,47.3632432432432,47.19302063616417,151.44058510324322,0.054774218952911014,-9.756269844890024,9.701495625937097,168,168,0
4534,08230-1-01,60 o mas,Hombres,Quintil alto,Norte,Trabajadores rutinarios,Motorizados privados,55.05,45.97575806335256,41.57,46.961031284415974,10.47,14.153210652231468,60.91,11.044298,78.69863255000004,345.71000000000004,300,45.710000000000036,32.988632550000005,33.78162984648566,48.938414995984814,22.73733184648566,37.89411699598482,3.0587394369914374,2.058739436991438,529.2899723499999,429.0713402775684,1104.03524027,9.07424193664744,-5.391031284415973,-3.683210652231468,168,168,0
4535,08231-1-02,60 o mas,Mujeres,Quintil bajo,Centro,Rutina flexible,Usuarios publicos,27.22,39.64191846867482,46.83,34.254416238393546,10.17,10.323665292931638,83.78,3.073128,55.224948305077696,15.020000000000001,43.4455958549223,-28.4255958549223,83.65054416,7.188606136413046,2.3995413737563958,4.115478136413046,-0.6735866262436043,2.339182141587674,1.3391821415876741,28.4255958549223,66.59974131472401,203.59389185492228,-12.421918468674818,12.575583761606453,-0.15366529293163822,168,168,0
4548,08263-1-01,60 o mas,Mujeres,Quintil medio,Norte,Cuidadores domesticos,Movilidad mixta,62.7,55.02090432953481,52.84,51.61366488676246,6.65,15.555430783702741,45.809999999999995,1.931308,37.04774984589879,55.589999999999996,132.1352530541012,-76.54525305410121,113.5930029,4.95817099305107,6.797712400016808,3.0268629930510698,4.866404400016808,2.567260630127908,1.567260630127908,84.04526175410122,69.21456285296642,198.93877467410118,7.679095670465195,1.2263351132375462,-8.90543078370274,168,168,0
4554,08275-1-01,60 o mas,Hombres,Quintil bajo,Centro,Trabajadores rutinarios,Usuarios publicos,28.13,36.51034573897209,20.12,19.69418187021895,13.89,5.9354723908089575,105.86,3.085044,86.78228772,0,0,0,86.78228772,4.853712768255324,0,1.7686687682553242,-3.085044,1.573304227834457,0.5733042278344569,0,25.85373533994141,104.92234643999998,-8.380345738972093,0.4258181297810495,7.954527609191043,168,168,0
4560,08285-1-01,60 o mas,Hombres,Quintil medio,Centro,Trabajadores rutinarios,Motorizados privados,51,48.05404776469452,44.54,48.00738836762876,14.99,14.468563867676707,57.470000000000006,4.805563,49.192502541806014,140.48000000000002,111.371237458194,29.108762541806016,20.08374,13.996434733181307,15.833341848529397,9.190871733181307,11.027778848529397,2.9125483805292545,1.9125483805292547,195.891210458194,181.7342513964427,481.96637584819405,2.9459522353054766,-3.4673883676287574,0.5214361323232932,168,168,0
4569,08295-2-01,60 o mas,Mujeres,Quintil bajo,Centro,Cuidadores domesticos,Movilidad activa,59.15,54.76538165736028,43.03,40.3375929428638,5.08,12.157025399775925,60.739999999999995,2.574151,86.59459551176471,60.510000000000005,101.1764705882353,-40.6664705882353,127.26106610000001,4.984436603466477,6.567523131286382,2.4102856034664772,3.993372131286382,1.9363419641918742,0.9363419641918742,65.6664361382353,54.37976644691091,189.50884074823531,4.384618342639719,2.692407057136201,-7.077025399775925,168,168,0
4574,08306-1-02,60 o mas,Mujeres,Quintil medio,Norte,Trabajadores rutinarios,Usuarios publicos,71.96,49.17301831444011,14.13,37.60385558382234,12.02,11.333126101737545,69.89000000000001,3.141192,89.72986330006387,117.75999999999998,121.0702875399361,-3.3102875399361267,93.04015084,6.364665118296467,25.081328888357152,3.223473118296467,21.940136888357152,2.0261942340030368,1.0261942340030368,136.31031301993613,64.73202844510888,218.4524838199361,22.786981685559887,-23.473855583822335,0.6868738982624549,168,168,0
4577,08311-1-01,60 o mas,Mujeres,Quintil bajo,Sur,Rutina flexible,Movilidad activa,39.66,42.48285984877251,33.58,32.90896859276646,12.07,9.91817155846103,82.69,3.078195,74.3112137,27.23,75,-47.769999999999996,122.08121369999999,6.34322382974342,5.0350986118362755,3.26502882974342,1.9569036118362755,2.06069590449709,1.0606959044970898,47.769999999999996,56.459313072192316,188.28960175000003,-2.8228598487725165,0.671031407233535,2.151828441538971,168,168,0
4593,08352-1-01,60 o mas,Hombres,Quintil alto,Sur,Rutina flexible,Movilidad activa,41.68,49.73767785898971,41.62,35.525557670596925,12.67,10.706764470413372,72.02999999999999,3.505282,110.07740930642558,39.71,75.7327444535744,-36.0227444535744,146.10015375999998,6.688627979854818,3.19264386809482,3.1833459798548183,-0.31263813190517986,1.9081568843404948,0.9081568843404948,36.022744453574404,64.26717761448958,226.32450423357443,-8.057677858989713,6.094442329403073,1.963235529586628,168,168,0
4608,08378-1-01,60 o mas,Mujeres,Quintil alto,Centro,Trabajadores rutinarios,Motorizados privados,59.31,45.18338027491222,24.35,35.02939097698083,7.11,10.557228748106946,77.23,13.37949,336.93754536000006,293.40000000000003,0,293.40000000000003,43.537545359999996,28.244308279009772,69.83461066532419,14.864818279009771,56.45512066532419,2.111015313663658,1.1110153136636576,456.60000654,267.59303919438526,877.5187619399999,14.126619725087785,-10.679390976980827,-3.4472287481069452,168,168,0
4611,08381-1-01,60 o mas,Mujeres,Quintil bajo,Centro,Rutina flexible,Usuarios publicos,36.61,34.264529501461794,31.38,36.48849425226782,13.76,10.9969762462704,86.24999999999999,3.071253,4.19857232999999,64.25999999999999,172.5,-108.24000000000001,112.43857233,10.237901008308626,11.53771348647994,7.166648008308625,8.46646048647994,3.3334606456415754,2.3334606456415754,108.24000000000001,101.03646669495305,246.87636042000005,2.345470498538205,-5.108494252267821,2.7630237537296,168,168,0
4614,08385-1-01,60 o mas,Mujeres,Quintil medio,Norte,Rutina flexible,Motorizados privados,36.59,39.1718739516293,47.27,41.65427603382541,9.52,12.5538500145453,74.61999999999999,2.992766,5.9330272382456,91.34,194.9122807017544,-103.57228070175441,109.50530794000001,9.879188415479197,8.775365055294783,6.886422415479197,5.782599055294783,3.3010226711607915,2.3010226711607915,103.57228070175441,111.29922528047622,273.53146184175444,-2.581873951629298,5.615723966174592,-3.033850014545301,168,168,0
4618,08393-1-01,60 o mas,Hombres,Quintil bajo,Centro,Trabajadores rutinarios,Movilidad mixta,38.68,35.007248664207026,32.04,34.68063221055818,9.42,10.452119125234796,87.86,5.596518,42.68331635999999,96.21,120,-23.790000000000006,66.47331636,16.336565715734377,20.169215503118835,10.740047715734377,14.572697503118835,2.9190589069372024,1.9190589069372024,173.78999987999998,153.23538091971056,405.82163615999997,3.6727513357929737,-2.6406322105581808,-1.0321191252347965,168,168,0
4620,08397-1-02,60 o mas,Mujeres,Quintil alto,Centro,Rutina flexible,Movilidad activa,35.85,43.593652804416124,43.87,40.78460146324235,16.95,12.291745732341523,71.33,2.972226,44.26182951774679,48.05,110.34247258225321,-62.29247258225321,106.5543021,7.733642310988992,4.928135894313288,4.7614163109889915,1.9559098943132875,2.6019698068010277,1.6019698068010277,62.29247258225321,85.30835878251172,243.0632579022532,-7.743652804416122,3.085398536757644,4.658254267658476,168,168,0
4626,08401-1-01,60 o mas,Hombres,Quintil medio,Sur,Trabajadores moviles,Motorizados privados,46.71,50.17237389286047,51.58,41.95357328215071,6.48,12.644052824988837,63.22999999999999,8.515767,208.35149214999998,185.57999999999998,0,185.57999999999998,22.77149215,19.29189786140065,15.697926315863999,10.776130861400649,7.1821593158639985,2.2654327979383004,1.2654327979383007,189.41998442000002,218.90475375848277,683.8454164400001,-3.4623738928604695,9.626426717849291,-6.164052824988836,168,168,0
4629,08404-1-02,60 o mas,Mujeres,Quintil bajo,Centro,Cuidadores domesticos,Movilidad mixta,59.34,74.24417187553829,49.22,37.034342906149476,13.88,11.161485218312242,45.559999999999995,3.038005,180.27521670000002,0,0,0,180.27521670000002,4.52043687263703,0,1.4824318726370302,-3.038005,1.4879622886193506,0.4879622886193506,0,45.27894867874468,191.6981155,-14.904171875538282,12.185657093850523,2.718514781687759,168,168,0
4635,08410-1-01,60 o mas,Hombres,Quintil bajo,Sur,Trabajadores moviles,Movilidad mixta,59.46,60.365412645995725,46.16,40.37598982436934,7.29,12.168597529634944,55.089999999999996,3.362011,136.98517884,69.58,7.5,62.08,74.90517884,6.040495078881055,5.664146695230812,2.6784840788810556,2.3021356952308123,1.7966910515405974,0.7966910515405975,62.919995220000004,65.96400249537672,242.61948316999997,-0.9054126459957246,5.784010175630655,-4.878597529634944,168,168.00000000000003,2.842170943040401e-14
4640,08417-1-01,60 o mas,Hombres,Quintil bajo,Sur,Cuidadores domesticos,Movilidad mixta,89.32,74.79481157224498,13.17,28.742665674822554,9.71,8.662522752932459,55.800000000000004,3.003973,193.57486536,75.26,0,75.26,118.31486536,4.001437353771568,15.717758512532468,0.997464353771568,12.713785512532468,1.3320483751923096,0.3320483751923097,74.74000299999994,31.106729143111465,143.47090523999998,14.525188427755012,-15.572665674822554,1.0474772470675422,168,168,0
4644,08422-1-02,60 o mas,Mujeres,Quintil bajo,Sur,Cuidadores domesticos,Motorizados privados,28.09,41.10641281689562,38.61,26.96639921176696,9.5,8.127187971337433,91.8,3.143964,88.31394876,0,0,0,88.31394876,5.610927233206406,0,2.4669632332064064,-3.143964,1.7846665016540921,0.7846665016540922,0,40.92313330545842,151.25610804000002,-13.01641281689562,11.64360078823304,1.3728120286625671,168,168,0
4648,08432-1-01,60 o mas,Hombres,Quintil bajo,Sur,Cuidadores domesticos,Movilidad activa,69.81,59.73796183011273,36.22,41.34991661344478,7.52,12.462121556442474,54.45,2.512794,98.71813743,48.3,0,48.3,50.41813743,4.595170284652038,8.437429804400102,2.0823762846520384,5.924635804400102,1.8287095100720705,0.8287095100720705,76.70001171,51.39105462893629,186.60962127,10.072038169887271,-5.1299166134447844,-4.9421215564424745,168,168,0
4651,08435-1-03,60 o mas,Mujeres,Quintil bajo,Norte,Rutina flexible,Movilidad activa,30.85,39.511656743197754,43.56,36.69817346502456,12.86,11.060169791777673,80.73,3.02593,41.945125685185204,25.66,77.0648148148148,-51.4048148148148,93.3499405,7.819634809179563,4.383936332431077,4.793704809179563,1.358006332431077,2.58420875868892,1.58420875868892,51.4048148148148,77.61438180375917,222.12778541481475,-8.661656743197753,6.861826534975442,1.7998302082223265,168,168,0
4655,08445-1-01,60 o mas,Hombres,Quintil bajo,Norte,Trabajadores rutinarios,Motorizados privados,80.53,67.43471453285117,9.89,22.887426536158518,6.8,6.8978589309903064,70.78,2.594021,154.68653654,45.79,0,45.79,108.89653654,3.2697429731778924,15.628467292954529,0.6757219731778923,13.034446292954529,1.2604920982435732,0.2604920982435733,54.20997459000003,20.240529087221148,97.50418508000001,13.095285467148827,-12.997426536158518,-0.09785893099030663,168,168,0
4656,08446-1-01,60 o mas,Hombres,Quintil bajo,Centro,Trabajadores rutinarios,Movilidad activa,54.46,46.61948968375207,21.56,31.781989882394345,11.96,9.578520433853596,80.01999999999998,2.643218,81.91967174,52.97,0,52.97,28.949671740000003,4.805279983236992,8.90412311260269,2.162061983236992,6.26090511260269,1.8179658216753185,0.8179658216753184,62.02998054000001,41.305802542907784,150.63064790000004,7.840510316247929,-10.221989882394347,2.381479566146405,167.99999999999997,168,0
4657,08448-1-01,60 o mas,Hombres,Quintil bajo,Sur,Trabajadores rutinarios,Movilidad activa,52.28,47.811058696053124,29.29,32.188043583767396,8.13,9.700897720179466,78.30000000000001,2.422408,78.0534668,51.410000000000004,0,51.410000000000004,26.6434668,4.337874719353991,6.247939946551707,1.915466719353991,3.825531946551707,1.7907283658879887,0.7907283658879888,48.590023439999996,37.76442427378865,139.23653079999997,4.4689413039468775,-2.8980435837673966,-1.570897720179465,168,168,0
4662,08457-1-01,60 o mas,Mujeres,Quintil bajo,Sur,Cuidadores domesticos,Usuarios publicos,51.4,47.33417273563125,29.83,36.05077248900813,13.02,10.865054775360615,73.75,3.661485,100.85036940000003,77.65,115,-37.349999999999994,138.20036940000003,7.431738452498226,9.808563394795511,3.770253452498226,6.147078394795511,2.0297061035340103,1.0297061035340105,87.34995959999995,72.46299405892273,244.24459184999995,4.06582726436875,-6.220772489008134,2.154945224639384,168,168,0
4667,08464-1-01,60 o mas,Hombres,Quintil bajo,Centro,Rutina flexible,Motorizados privados,23.26,43.00464093441435,49.26,34.26769253539423,15.08,10.327666530191408,80.40000000000002,3.52115,81.901949,0,0,0,81.901949,7.501318794376124,0,3.9801687943761244,-3.52115,2.1303604772236695,1.1303604772236697,0,69.52384242621306,226.55079099999995,-19.744640934414345,14.992307464605766,4.752333469808592,168,168,0
4677,08491-1-01,60 o mas,Hombres,Quintil bajo,Sur,Trabajadores rutinarios,Motorizados privados,63.55,70.40167740292102,29.67,23.85796178772091,8.23,7.19036080935807,66.55,0.973914,61.8922234,0,0,0,61.8922234,1.0341264117800688,1.4346063689880375e-6,0.060212411780068864,-0.9739125653936309,1.0618251835173012,0.06182518351730119,1.1299999997049781e-5,6.672955846188422,36.91135189999999,-6.851677402921027,5.8120382122790915,1.03963919064193,168,168,0
4681,08501-1-01,60 o mas,Hombres,Quintil bajo,Centro,Trabajadores rutinarios,Movilidad activa,44.72,40.89650115192737,27.4,33.49784924639441,12.37,10.095649601678234,83.50999999999999,3.723571,77.94810728,61.43,0,61.43,16.51810728,8.204516222493927,10.715797925098093,4.4809452224939275,6.992226925098093,2.2033999680666563,1.2033999680666563,88.56998784,74.33291841078334,236.65640651000007,3.8234988480726315,-6.097849246394411,2.274350398321765,168,168,0
4718,08561-1-02,60 o mas,Mujeres,Quintil medio,Centro,Cuidadores domesticos,Movilidad mixta,56.33,49.196471840625534,26.89,39.453079278053224,17.32,11.890448881321236,67.46000000000001,3.129551,82.89760783000001,70.86,164.25,-93.39,176.28760783,6.659860934053436,10.164204204065989,3.5303099340534354,7.034653204065989,2.1280563678474755,1.1280563678474755,93.39,71.06525981530147,231.74744970999996,7.133528159374464,-12.563079278053223,5.429551118678765,168,168,0
4722,08573-1-01,60 o mas,Mujeres,Quintil bajo,Norte,Rutina flexible,Motorizados privados,57.49,49.841567807054304,42.69,42.52281895498899,5,12.815613237956708,62.81999999999999,2.504894,59.419143204110696,51.480000000000004,61.0671936758893,-9.587193675889296,69.00633687999999,5.688987348804367,8.534359124461934,3.1840933488043666,6.029465124461934,2.271148938360013,1.271148938360013,84.5872128558893,65.4287009463728,204.04560771588933,7.648432192945698,0.16718104501100584,-7.815613237956708,168,168,0
4723,08574-1-01,60 o mas,Hombres,Quintil bajo,Centro,Trabajadores rutinarios,Motorizados privados,50.89,50.59060433276318,30.6,32.557231381410105,11.47,9.812164285826729,75.03999999999999,3.791566,133.01280246,115.06,0,115.06,17.952802459999997,6.678118540607358,6.8554771018517435,2.8865525406073584,3.0639111018517435,1.761308794468396,0.761308794468396,59.939991280000015,58.80481284755757,219.45117290000002,0.29939566723682276,-1.9572313814101037,1.657835714173272,168,168,0
4730,08588-1-01,60 o mas,Hombres,Quintil bajo,Norte,Rutina flexible,Movilidad activa,9.78,31.28086567331812,38.28,29.56790060139754,21.7,8.911233725284347,98.24,3.233401,31.62266178,0,0,0,31.62266178,8.693281489202576,0,5.459880489202575,-3.233401,2.6885874932316085,1.688587493231608,0,69.52092056897249,193.93939198000004,-21.500865673318124,8.712099398602462,12.788766274715652,168,168,0
4744,08602-1-03,60 o mas,Hombres,Quintil medio,Centro,Trabajadores rutinarios,Movilidad mixta,60.41,46.443245946609224,22.52,38.31062143039904,13.37,11.546132622991736,71.7,1.17906,29.126990189999997,27.9,0,27.9,1.2269901900000002,2.4737654013393873,5.6442002088523955,1.2947054013393873,4.465140208852396,2.098082711091367,1.0980827110913671,42.10002440999999,25.632383375809074,84.41648780999999,13.966754053390773,-15.790621430399039,1.8238673770082627,168,168,0
4754,08621-1-01,60 o mas,Hombres,Quintil medio,Centro,Cuidadores domesticos,Motorizados privados,48.76,46.13563796543354,41.93,46.88428218211717,16.46,14.130079852449285,60.85,3.202076,26.160067865263017,111.29,241.263157894737,-129.97315789473697,156.13322576,9.587093753851502,10.710474629911836,6.385017753851502,7.508398629911836,2.9940244247330488,1.9940244247330488,129.97315789473697,121.56975120854054,316.94237553473704,2.6243620345664596,-4.9542821821171685,2.329920147550716,168,168,0
4758,08625-1-02,60 o mas,Hombres,Quintil bajo,Centro,Trabajadores rutinarios,Movilidad mixta,58.76,50.30978518458663,24.09,33.61827196967198,11.21,10.13194284574139,73.94,2.1989899999999998,75.25265988,58.53999999999999,0,58.53999999999999,16.71265988,3.8908750098454874,7.355135815844184,1.6918850098454876,5.156145815844184,1.7693918616480693,0.7693918616480693,53.95999252,35.37805464305414,131.58433952000001,8.450214815413368,-9.52827196967198,1.0780571542586106,168,168,0
4766,08640-1-01,60 o mas,Mujeres,Quintil bajo,Centro,Rutina flexible,Movilidad activa,27.95,44.22933778976416,67.57,44.76830103761841,6.97,13.492361172617416,65.51000000000002,3.017027,24.8311678078947,35.900000000000006,95.3947368421053,-59.4947368421053,84.32590465,8.969901464143161,3.8404549995289274,5.952874464143161,0.8234279995289273,2.9730928706117514,1.9730928706117514,59.4947368421053,108.6099384959441,284.38392942210527,-16.27933778976416,22.801698962381586,-6.522361172617416,168,168,0
4772,08652-1-01,60 o mas,Mujeres,Quintil bajo,Centro,Cuidadores domesticos,Motorizados privados,51.26,53.29658351933715,30.65,39.09183894271485,22.26,11.781577537948005,63.83,2.92785,96.02845846987947,41.73,95.7831325301205,-54.0531325301205,150.08159099999997,5.6763511700884335,4.9156010377010935,2.7485011700884336,1.9877510377010936,1.9387438461971869,0.938743846197187,54.05313253012051,60.01594358721178,208.9656760301205,-2.0365835193371495,-8.441838942714853,10.478422462051997,168,168,0
4780,08665-1-01,60 o mas,Mujeres,Quintil bajo,Centro,Rutina flexible,Movilidad activa,19.95,38.7666694595381,50.54,36.70200576297252,16.04,11.06132477748936,81.47000000000003,3.083884,37.97348579999999,51.449999999999996,75,-23.550000000000004,61.523485799999996,8.218153325658982,1.7019258779015336,5.134269325658982,-1.3819581220984662,2.6648710929655532,1.6648710929655532,23.550000000000004,81.5784258795582,228.8749967199999,-18.8166694595381,13.83799423702748,4.978675222510638,168.00000000000003,168,0
4786,08670-1-02,60 o mas,Mujeres,Quintil alto,Centro,Rutina flexible,Usuarios publicos,22.35,47.94653362369258,81.67,50.44903431223446,9.58,15.204432064072961,54.400000000000006,3.042156,12.914509546175587,48.35999999999999,103.4376770538244,-55.07767705382441,67.9921866,9.743437378445279,2.904265148445773,6.7012813784452785,-0.13789085155422676,3.202806620845637,2.2028066208456365,55.07767705382441,132.94632539634253,332.6744120538244,-25.59653362369258,31.220965687765542,-5.624432064072961,168,168,0
4791,08678-1-01,60 o mas,Hombres,Quintil bajo,Centro,Trabajadores rutinarios,Motorizados privados,53,48.282255639488746,40.31,41.08535647425665,8.44,12.382387886254614,66.25,2.736188,63.03798000000001,48.02000000000001,0,48.02000000000001,15.01798,6.215836654267792,8.091456996835518,3.4796486542677925,5.355268996835518,2.2717140248651746,1.2717140248651748,81.97998399999997,69.07134849370141,215.369149,4.717744360511254,-0.7753564742566468,-3.9423878862546147,168,168,0
4798,08690-1-01,60 o mas,Mujeres,Quintil bajo,Sur,Trabajadores rutinarios,Usuarios publicos,60.32,48.40790914323519,39.89,48.90346546110047,11.84,14.738625395664341,55.95,3.107576,28.998996759999997,91.05,109.5,-18.450000000000003,47.44899676,9.180855657441588,14.738159497773577,6.073279657441589,11.630583497773577,2.9543462999590644,1.9543462999590642,158.44998756,121.43225990369824,319.20489403999994,11.912090856764813,-9.013465461100466,-2.8986253956643413,168,168,0
4799,08690-1-02,60 o mas,Hombres,Quintil bajo,Sur,Jovenes trabajadores,Usuarios publicos,47.73,57.59630242264707,48.38,40.36762196892681,14.02,12.166075608426096,57.87000000000002,0.179882,8.58578994,0,0,0,8.58578994,0.16255198579185484,-1.7025818546213589e-6,-0.017330014208145145,-0.1798837025818546,0.9036589864013901,-0.0963410135986099,-2.208000000081256e-5,1.7747481323906005,11.224614719999996,-9.866302422647074,8.01237803107319,1.8539243915739032,168,168,0
4800,08693-1-01,60 o mas,Mujeres,Quintil bajo,Norte,Rutina flexible,Movilidad activa,38.23,40.613473551037394,40.6,43.059244265316224,17.82,12.977282183646352,71.35000000000002,2.864601,7.173700690000004,77.66,150,-72.34,79.51370069000001,9.37381676816423,8.429025394170745,6.50921576816423,5.564424394170745,3.2722940361202943,2.272294036120294,102.33999553999999,109.16769625777526,269.68998595999994,-2.3834735510373974,-2.4592442653162223,4.842717816353648,168.00000000000003,168,0
4805,08699-1-02,60 o mas,Mujeres,Quintil bajo,Centro,Rutina flexible,Movilidad activa,41.43,43.642958540415705,40.14,38.57978713252529,12.28,11.627254327059015,74.14999999999999,3.043184,56.58911312000005,85.01000000000002,154.5,-69.48999999999998,126.07911312000003,7.3050489961248175,6.378503765376199,4.261864996124817,3.335319765376199,2.40046247487001,1.4004624748700103,69.48999999999995,76.22444002285637,229.01370528,-2.2129585404157055,1.5602128674747107,0.6527456729409842,168,168,0
4810,08708-1-01,60 o mas,Mujeres,Quintil bajo,Centro,Rutina flexible,Motorizados privados,22.29,34.383323404832026,49.65,34.52228152118122,7.37,10.404395073986757,88.69,3.216939,21.569726154155802,44.019999999999996,94.15584415584419,-50.1358441558442,71.70557031,9.536106678671885,4.2307234715332624,6.319167678671885,1.0137844715332625,2.9643417791484032,1.9643417791484032,50.1358441558442,89.03932785646113,233.5657059358442,-12.093323404832027,15.127718478818778,-3.034395073986757,168,168,0
4813,08712-1-01,60 o mas,Hombres,Quintil alto,Sur,Rutina flexible,Movilidad activa,56.56,54.04889373702993,49.75,49.97080416773058,12.77,15.06030209523949,48.92,3.290463,64.74999985142901,140.07,186.428571428571,-46.358571428571,111.10857128,8.367952056364176,9.339961038762867,5.077489056364176,6.049498038762867,2.5430925849535995,1.5430925849535997,121.35858742857098,113.09588518119969,327.0783341885709,2.511106262970074,-0.2208041677305772,-2.2903020952394897,168,168,0
4878,08830-1-01,60 o mas,Mujeres,Quintil medio,Centro,Cuidadores domesticos,Usuarios publicos,28.75,23.507999608294217,8.42,11.089749302530207,0.77,3.342251089175564,130.06,2.93936,56.086600000000004,31.08,59.5,-28.42,84.5066,4.3381726226994575,14.879970951063498,1.3988126226994573,11.940610951063498,1.4758902015062658,0.4758902015062657,28.42,13.011873728635692,55.4327184,5.242000391705783,-2.6697493025302066,-2.572251089175564,168,168,0
4884,08850-1-04,60 o mas,Mujeres,Quintil bajo,Centro,Cuidadores domesticos,Usuarios publicos,52.34,56.16930507462196,38.74,33.34201189888815,8.48,10.048683026489904,68.43999999999998,3.113483,128.5464873685944,38.38999999999999,72.8032128514056,-34.41321285140561,162.95970022,5.138218183861061,3.5066527302925414,2.0247351838610608,0.39316973029254143,1.6503119444882342,0.6503119444882342,34.4132128514056,46.33568910305482,181.43188011140563,-3.8293050746219564,5.397988101111849,-1.5686830264899037,168,168,0
4892,08866-1-01,60 o mas,Hombres,Quintil medio,Centro,Jovenes trabajadores,Motorizados privados,47.07,45.9637314304914,49.51,43.60461995632748,6.13,13.14164861318109,65.29000000000002,4.652909,67.09616836296479,111.83999999999999,51.2562814070352,60.583718592964786,6.512449769999999,12.444866023258557,13.13743725812209,7.791957023258557,8.48452825812209,2.6746420407660145,1.6746420407660148,151.91625826703523,146.76889128355154,410.8041150270351,1.1062685695086003,5.9053800436725155,-7.01164861318109,168,168,0
4896,08878-1-01,60 o mas,Hombres,Quintil alto,Sur,Rutina flexible,Usuarios publicos,4.48,47.26275242113651,99.24,50.91298816396627,9.8,15.344259414897206,54.48000000000002,69.167719,12.436714129046038,297.53000000000003,294.964664310954,2.5653356890460373,9.87137844,236.49786515934568,13.124998544932875,167.33014615934567,-56.042720455067126,3.419194222081339,2.419194222081339,297.43466699095404,3256.6200645026943,7839.482746750953,-42.78275242113651,48.327011836033726,-5.544259414897205,168,168,0
4902,08883-1-01,60 o mas,Mujeres,Quintil bajo,Sur,Rutina flexible,Motorizados privados,38.71,42.198602388722755,51.8,45.46812275355276,10.86,13.703274857724496,66.63,3.041801,1.5581167100000073,72.81,189,-116.19,117.74811671,10.31113670290823,8.92219852431786,7.269335702908231,5.880397524317861,3.3898130426376447,2.389813042637645,116.19,126.80163423461926,306.78925066,-3.4886023887227537,6.331877246447235,-2.843274857724497,168,168,0
4905,08886-1-01,60 o mas,Mujeres,Quintil bajo,Centro,Cuidadores domesticos,Movilidad activa,55.77,47.521636485034435,36.22,41.43930262227488,9.46,12.489060892690704,66.54999999999998,5.12523,107.1458785818182,128.13,131.8181818181818,-3.6881818181818176,110.83406040000001,12.171201019450777,18.8218928342292,7.045971019450777,13.6966628342292,2.374761916919002,1.374761916919002,178.68819851818182,136.41343838037483,412.80870491818195,8.248363514965568,-5.219302622274881,-3.029060892690703,168,168,0
4909,08889-1-01,60 o mas,Mujeres,Quintil medio,Centro,Rutina flexible,Motorizados privados,28.72,33.25095792377302,37.29,32.48011828996731,9.51,9.788923786259659,92.48,3.050857,25.753887376283217,41.120000000000005,102.9867256637168,-61.86672566371679,87.62061304000001,8.61608143188988,6.360698340338489,5.565224431889879,3.309841340338489,2.8241511915799,1.8241511915799,61.86672566371678,75.69003036216517,204.6468332637168,-4.530957923773023,4.809881710032691,-0.27892378625965897,168,168,0
4914,08907-1-02,60 o mas,Mujeres,Quintil medio,Centro,Rutina flexible,Usuarios publicos,25.03,37.675073049625304,49.2,36.84154696346543,11.39,11.103379986909278,82.38,3.11942,30.037317894117606,31.37,79.4117647058824,-48.0417647058824,78.0790826,8.780003209704219,3.8151491458620046,5.660583209704219,0.6957291458620047,2.814626824763648,1.8146268247636481,48.0417647058824,87.48705847834455,237.04742250588237,-12.645073049625303,12.35845303653457,0.2866200130907224,168,168,0
4916,08909-1-01,60 o mas,Mujeres,Quintil bajo,Sur,Rutina flexible,Usuarios publicos,38.98,46.104311643017546,40.81,32.23933294523891,8.27,9.716355411743526,79.94000000000001,3.016465,89.93464152089551,36.42,64.0671641791045,-27.647164179104493,117.5818057,5.635271586053546,2.710438506774797,2.6188065860535454,-0.30602649322520303,1.8681707183917418,0.8681707183917418,27.647164179104493,49.137400899359406,175.69526637910445,-7.124311643017549,8.570667054761095,-1.4463554117435269,168,168,0
4929,08929-1-02,60 o mas,Hombres,Quintil medio,Norte,Rutina flexible,Movilidad activa,16.51,44.1127597113247,78.46,46.9556511209869,10.25,14.151589167688382,62.780000000000015,3.033079,6.942800956666709,30.2,73.3333333333333,-43.1333333333333,50.076134290000006,9.988662949647063,2.339558793380357,6.955583949647063,-0.6935202066196426,3.2932419332457425,2.2932419332457425,43.1333333333333,126.85468415579831,312.1977714233332,-27.602759711324698,31.504348879013094,-3.901589167688382,168,168,0
4935,08948-1-01,60 o mas,Hombres,Quintil medio,Sur,Trabajadores rutinarios,Movilidad mixta,79.52,54.69911076215042,12.43,38.64421692848555,13.04,11.646672309364027,63.01000000000001,5.179008,180.29531507775283,208.91000000000003,90.4494382022472,118.46056179775283,61.83475328,9.853872238684461,43.74107797472139,4.674864238684462,38.562069974721396,1.9026563076721377,0.9026563076721377,231.53940108224714,102.99181715231026,363.448734842247,24.820889237849578,-26.21421692848555,1.3933276906359726,168,168,0
4936,08954-1-01,60 o mas,Mujeres,Quintil alto,Centro,Cuidadores domesticos,Movilidad activa,71.41,59.61727199787752,27.32,35.76407784024356,7.43,10.778650161878906,61.84000000000001,6.353469,274.70193326571433,212.34,16.3392857142857,196.0007142857143,78.70121898000001,10.759355418987772,24.78506235219257,4.405886418987772,18.431593352192568,1.6934615434478035,0.6934615434478035,178.9992880242856,104.07455623736854,399.7823357742856,11.792728002122473,-8.444077840243558,-3.348650161878906,168,168,0
4938,08956-1-03,60 o mas,Hombres,Quintil bajo,Centro,Rutina flexible,Motorizados privados,27.68,44.31412603685534,62.84,42.15201451713423,8.65,12.70385944601044,68.82999999999998,3.005807,41.7246721862295,33.36,74.8360655737705,-41.4760655737705,83.20073776,8.02366857356666,2.791552349605146,5.01786157356666,-0.21425465039485392,2.669389143603252,1.669389143603252,41.4760655737705,91.47503805423256,256.3612080037705,-16.634126036855342,20.68798548286577,-4.05385944601044,168,168,0
4939,08957-1-01,60 o mas,Mujeres,Quintil bajo,Sur,Rutina flexible,Motorizados privados,45.06,44.91393856392588,25.53,34.29896880150322,18.96,10.337092634570906,78.44999999999999,2.557496,67.09816669483871,32.18,72.8225806451613,-40.642580645161296,107.74074734000001,5.1493720664184455,5.2066775696031105,2.5918760664184455,2.6491815696031105,2.013442862244338,1.013442862244338,48.142603065161296,47.76905152664747,161.92560010516132,0.14606143607412037,-8.76896880150322,8.622907365429095,168,168,0
4950,08978-1-01,60 o mas,Mujeres,Quintil medio,Sur,Rutina flexible,Movilidad mixta,31.45,43.54474547117181,48.77,36.042648252353175,10.23,10.862606276475022,77.55,2.961708,65.16308826324439,31.58,59.5626283367556,-27.982628336755603,93.1457166,6.545127506253373,2.2820755277717866,3.5834195062533736,-0.6796324722282132,2.2099165435125183,1.2099165435125183,27.982628336755596,63.8037327566889,202.72340033675562,-12.094745471171809,12.727351747646829,-0.6326062764750215,168,168,0
4951,08981-1-03,60 o mas,Mujeres,Quintil bajo,Centro,Rutina flexible,Movilidad activa,16.82,46.49711277192491,79.11,42.98729058901759,6.51,12.955596639057491,65.56,3.105368,52.23228976,0,0,0,52.23228976,7.9265346949682005,0,4.8211666949682,-3.105368,2.5525266876480344,1.5525266876480341,0,92.15835633432691,265.88160816,-29.67711277192491,36.12270941098241,-6.4455966390574915,168,168,0
4955,08991-1-02,60 o mas,Mujeres,Quintil bajo,Centro,Rutina flexible,Movilidad activa,38.14,52.36585380096484,47.04,41.7050068334313,21.46,12.569139365603835,61.36000000000002,3.097494,88.55842116000001,45.42,75,-29.58,118.13842116000001,6.528912075264695,2.077787452719782,3.4314180752646948,-1.0197065472802183,2.1078045914744936,1.1078045914744934,29.58,73.6444967933658,241.75833899999998,-14.225853800964842,5.334993166568701,8.890860634396166,168.00000000000003,168,0
4965,09001-1-01,60 o mas,Hombres,Quintil bajo,Sur,Trabajadores rutinarios,Motorizados privados,81.85,61.34954869168337,25.63,40.66480890086944,6.79,12.255642407447185,53.73000000000001,1.235983,52.84522855,26.68,0,26.68,26.16522855,2.0895533741400856,7.171454651505461,0.8535703741400855,5.935471651505461,1.690600416138479,0.6906004161384788,48.31998,22.98177069059288,88.39054886,20.500451308316627,-15.03480890086944,-5.465642407447185,168,168,0
4966,09001-1-02,60 o mas,Mujeres,Quintil bajo,Sur,Cuidadores domesticos,Movilidad mixta,61.75,59.37643080183657,23.02,27.757851680108367,10.73,8.365717518055071,72.5,3.041676,147.57352175000003,22.250000000000004,0,22.250000000000004,125.32352175000001,4.399627901768059,5.7383273369267105,1.3579519017680592,2.6966513369267107,1.4464485703829268,0.44644857038292685,40.24997124999996,33.03034278560702,142.90653624999996,2.3735691981634304,-4.737851680108367,2.3642824819449295,168,168,0
4971,09009-1-01,60 o mas,Mujeres,Quintil bajo,Norte,Rutina flexible,Movilidad mixta,18.06,26.74889371946781,37.81,28.101745382460788,7.45,8.469360898071402,104.67999999999999,3.207167,5.678102686666698,31.09,83.3333333333333,-52.2433333333333,57.921436019999994,10.540046226722055,5.554050834862033,7.332879226722055,2.346883834862033,3.286403928053031,2.286403928053031,52.2433333333333,80.11006653691771,197.39971175333332,-8.68889371946781,9.708254617539215,-1.019360898071402,168,168,0
4983,09025-1-02,60 o mas,Hombres,Quintil bajo,Norte,Cuidadores domesticos,Movilidad activa,45.6,40.819102652788956,24.04,29.131259423755917,9.09,8.779637923455116,89.27000000000001,3.112448,80.1876288,20.759999999999998,82.5,-61.74,141.9276288,5.947425530550651,8.96682533961014,2.8349775305506513,5.854377339610139,1.910851371830357,0.910851371830357,61.74000000000001,46.85970561346768,164.85540224,4.780897347211045,-5.091259423755918,0.3103620765448838,168,168,0
4994,09046-1-02,60 o mas,Mujeres,Quintil medio,Centro,Cuidadores domesticos,Movilidad mixta,56.74,45.6972335063265,35.18,40.22859201434112,6.13,12.124174479332398,69.94999999999999,3.205167,63.24120248,131.38,200,-68.62,131.86120248,7.649150967086027,13.816439746392168,4.443983967086027,10.611272746392169,2.3865062154596086,1.3865062154596084,118.61997310000001,83.22606234577196,251.02542187000003,11.042766493673504,-5.048592014341118,-5.994174479332398,168,168,0
5013,09076-1-01,60 o mas,Mujeres,Quintil bajo,Centro,Rutina flexible,Movilidad activa,37.76,54.988741746686216,53.32,35.98578848776727,10.74,10.84546976554649,66.18000000000002,3.296004,124.45711103999999,0,0,0,124.45711103999999,5.834437418791717,0,2.5384334187917172,-3.296004,1.7701548356105505,0.7701548356105506,0,56.78600171204475,211.14201623999998,-17.228741746686218,17.334211512232727,-0.10546976554648957,168,168,0
5018,09080-1-02,60 o mas,Mujeres,Quintil medio,Norte,Cuidadores domesticos,Usuarios publicos,69.23,77.5979584829431,33.95,24.590812635875928,6.42,7.411228881180984,58.39999999999999,3.225158,223.27768834,0,0,0,223.27768834,4.0577599297767275,0,0.8326019297767275,-3.225158,1.258158493251099,0.25815849325109885,0,26.987988244931813,130.19962846000004,-8.367958482943095,9.359187364124075,-0.9912288811809837,168,168,0
5019,09081-1-02,60 o mas,Mujeres,Quintil medio,Centro,Cuidadores domesticos,Motorizados privados,43.07,49.952191735668904,26.25,22.04410982924618,9.32,6.6436984350849,89.36000000000001,3.023683,125.58329174931937,3.03,3.92670157068063,-0.8967015706806301,126.47999332,4.269641909610944,0.6285756705353519,1.2459589096109438,-2.3951073294646483,1.412066645085131,0.41206664508513086,4.646735060680626,25.456301214563197,112.19913937068058,-6.882191735668904,4.205890170753818,2.6763015649151,168,168,0
5021,09085-1-01,60 o mas,Hombres,Quintil alto,Centro,Jovenes trabajadores,Motorizados privados,62.26,53.547859138828855,50.96,52.99914982324799,9.3,15.97299103792315,45.480000000000004,3.243875,41.69205075677421,133.68,143.9516129032258,-10.271612903225787,51.963663659999995,9.209336166514227,12.797377605541913,5.965461166514227,9.553502605541912,2.83899230596562,1.8389923059656204,160.2716067432258,132.01051080719424,355.7475142432258,8.712140861171143,-2.039149823247989,-6.672991037923149,168,168,0
5022,09087-1-01,60 o mas,Hombres,Quintil bajo,Centro,Rutina flexible,Movilidad activa,21.93,37.9148037773683,55.43,40.68382323629204,13.5,12.26137298633968,77.13999999999999,3.05231,2.4171582999999828,77.97999999999999,142.5,-64.52000000000001,66.9371583,10.297632951779182,4.50380523508303,7.2453229517791815,1.4514952350830304,3.3737179224191456,2.3737179224191456,64.52000000000001,113.31057641769904,274.91572830000007,-15.984803777368299,14.746176763707957,1.2386270136603201,168,168,0
5027,09096-1-01,60 o mas,Mujeres,Quintil alto,Sur,Rutina flexible,Motorizados privados,25.38,36.302815595188314,46.32,34.814669000537755,9.91,10.492515404273911,86.39000000000001,3.054399,32.438472706956496,35.57,80.6521739130435,-45.0821739130435,77.52064662,8.330875953064291,3.8577163145516407,5.276476953064291,0.8033173145516406,2.7275008776077687,1.7275008776077687,45.0821739130435,78.44481094417111,216.83102968304345,-10.922815595188315,11.505330999462245,-0.5825154042739111,168,168,0
5030,09107-1-03,60 o mas,Mujeres,Quintil alto,Centro,Cuidadores domesticos,Movilidad activa,34.51,42.399413935396694,19.58,19.940790320070807,14.26,6.009795744532491,99.65,3.167934,109.32540234000001,0,0,0,109.32540234000001,4.63411939296468,-4.0412280795347385e-15,1.4661853929646798,-3.167934000000004,1.4628206878567167,0.46282068785671665,-2.842170943040401e-14,24.993142646016963,107.20288655999997,-7.889413935396696,-0.3607903200708087,8.250204255467509,168,168,0
5051,09129-1-01,60 o mas,Hombres,Quintil medio,Norte,Jovenes trabajadores,Motorizados privados,58.46,50.226506852384034,35.14,39.28400132267961,7.75,11.83949182493637,66.64999999999999,9.261554,257.44043186,216.01,0,216.01,41.43043185999999,19.551623648003595,31.859616627725263,10.290069648003595,22.598062627725263,2.111052167703562,1.1110521677035619,283.99001498000007,207.73507358472477,681.2180660400002,8.233493147615967,-4.144001322679607,-4.0894918249363705,168,168,0
5059,09149-1-01,60 o mas,Hombres,Quintil medio,Norte,Jovenes trabajadores,Movilidad activa,49.16,50.72061638318566,51.75,46.41172423490029,10.21,13.987659381914048,56.88,12.781555000000001,239.80123547999997,221.45999999999998,0,221.45999999999998,18.34123548,32.541635324938994,30.172955845160804,19.760080324938993,17.391400845160803,2.5459840625760317,1.5459840625760317,388.5400083200001,408.48711245558866,1180.48515612,-1.5606163831856605,5.338275765099709,-3.777659381914047,168,168,0
5061,09154-1-02,60 o mas,Mujeres,Quintil bajo,Centro,Rutina flexible,Movilidad activa,38.41,43.832354265619216,40.51,43.15999814312587,21.08,13.0076475912549,68.00000000000001,3.111009,33.55814140428568,53.349999999999994,139.2857142857143,-85.93571428571431,119.49385568999999,8.806843946154057,6.713623899341993,5.695834946154057,3.602614899341993,2.8308641814131867,1.8308641814131867,85.93571428571431,102.8047072072441,277.5427585957143,-5.422354265619219,-2.6499981431258703,8.072352408745099,168,168,0
5062,09155-1-01,60 o mas,Mujeres,Quintil medio,Centro,Cuidadores domesticos,Usuarios publicos,92.64,56.63010420599375,8.21,43.10025401039042,11.87,12.989641783615827,55.28000000000001,3.691179,122.242309875382,182.35,202.058470764618,-19.708470764618,141.95078064,7.445198518195583,52.64737193460772,3.754019518195583,48.95619293460772,2.017024511191569,1.0170245111915686,219.708512684618,86.7895415375938,293.827387004618,36.00989579400625,-34.89025401039042,-1.119641783615828,168,168,0
5070,09171-1-05,60 o mas,Mujeres,Quintil medio,Sur,Cuidadores domesticos,Usuarios publicos,47.19,53.95242607445877,34.22,43.636359564893255,29.33,13.151214360647966,57.260000000000005,2.937333,84.3376793349351,54.41,108.6850649350649,-54.275064935064904,138.61274427,6.281803762418199,4.109399067063519,3.3444707624181986,1.1720660670635188,2.1386079693443674,1.1386079693443674,54.275064935064904,74.13856220363311,240.9425770850649,-6.762426074458773,-9.416359564893256,16.178785639352032,168,168,0
5084,09193-1-01,60 o mas,Mujeres,Quintil bajo,Centro,Cuidadores domesticos,Movilidad activa,58.78,51.456187900591694,37.39,42.60379433695102,10.73,12.840017762457297,61.099999999999994,3.220244,83.91594232,119.63,225,-105.37,189.28594232,7.097688792246955,10.53622126835563,3.877444792246955,7.31597726835563,2.204084160158968,1.2040841601589676,105.37,81.78553802975301,260.32814128,7.323812099408308,-5.213794336951018,-2.1100177624572964,168,168,0
5088,09198-1-03,60 o mas,Hombres,Quintil bajo,Centro,Trabajadores rutinarios,Motorizados privados,31.08,36.467233413227255,41.82,37.78503597273605,12.74,11.38773061403666,82.36000000000003,3.728613,15.98412348941179,65.53999999999999,52.9411764705882,12.598823529411789,3.38529996,11.741050908004913,8.810280340370179,8.012437908004912,5.081667340370179,3.1489057480636666,2.1489057480636666,99.90116855058821,119.98807708918173,303.33429383058814,-5.387233413227257,4.034964027263953,1.352269385963341,168.00000000000003,168,0
5095,09209-1-01,60 o mas,Hombres,Quintil alto,Sur,Trabajadores rutinarios,Motorizados privados,46.8,50.02137341490044,45.85,41.93128964713214,11.94,12.637336937967422,63.41,8.521351,206.66012029090908,211.26999999999998,28.4090909090909,182.86090909090908,23.799211200000002,19.362533692622893,15.997664827732715,10.841182692622894,7.4763138277327155,2.272237546912795,1.2722375469127953,192.13910650909085,219.58956007952614,684.5879807990909,-3.221373414900441,3.918710352867862,-0.6973369379674228,168,168,0
5100,09215-1-02,60 o mas,Mujeres,Quintil bajo,Centro,Cuidadores domesticos,Movilidad activa,35.55,43.441770951303646,23.66,20.192555734130327,10.51,6.0856733145660336,98.27999999999999,2.937723,104.43605265,0,0,0,104.43605265,4.245049343749275,0,1.307326343749275,-2.937723,1.4450134828059946,0.4450134828059946,0,23.18383703437661,100.38199491000006,-7.8917709513036485,3.4674442658696734,4.424326685433966,168,168,0
5108,09230-1-01,60 o mas,Hombres,Quintil bajo,Centro,Trabajadores rutinarios,Motorizados privados,78.26,59.82322664184573,17.42,32.3938494496021,6.3,9.762923908552166,66.02,3.911673,180.02752586,83.89999999999999,12.5,71.39999999999999,108.62752586,6.161267962861157,25.579610888213956,2.2495949628611567,21.667937888213956,1.5750979089666126,0.5750979089666127,126.10000312000003,53.981374567788606,218.88488668,18.436773358154277,-14.973849449602099,-3.462923908552166,168,168,0
5140,09282-1-01,60 o mas,Hombres,Quintil alto,Centro,Trabajadores rutinarios,Motorizados privados,62.7,42.61936884025694,30.25,44.25343988371032,7.26,13.337191276032751,67.78999999999999,7.904015,37.571730600000016,366.99,375,-8.009999999999991,45.58173060000001,25.0056053030702,58.75183381130765,17.1015903030702,50.84781881130765,3.1636586346395092,2.1636586346395092,458.0100099,299.29240000392343,754.4896125500001,20.080631159743064,-14.003439883710321,-6.077191276032751,168,168,0
5144,09288-1-02,60 o mas,Hombres,Quintil alto,Sur,Cuidadores domesticos,Motorizados privados,67.95,53.18952784614022,42.52,48.6947498818779,6.09,14.67572227198188,51.44,11.18649,220.7020045,285.58,150,135.57999999999998,85.1220045,28.420313319828814,53.39430494985215,17.233823319828815,42.20781494985215,2.540592564765965,1.5405925647659646,539.419991,374.30211685556907,1083.1952699,14.76047215385978,-6.174749881877894,-8.58572227198188,168,168,0
5145,09289-1-04,60 o mas,Mujeres,Quintil alto,Sur,Cuidadores domesticos,Movilidad activa,42.06,52.67649467053991,29.19,26.297816245600924,15.65,7.925689083859172,81.1,2.947439,123.96928434000002,0,0,0,123.96928434000002,4.399415727545337,0,1.451976727545337,-2.947439,1.4926231645660306,0.49262316456603067,0,31.291470435241465,132.16316476000003,-10.616494670539907,2.8921837543990776,7.724310916140828,168,168,0
5158,09318-1-01,60 o mas,Mujeres,Quintil medio,Sur,Cuidadores domesticos,Movilidad mixta,77.6,53.73107068858238,12.86,37.8128239120046,12.48,11.396105399413015,65.06,5.312806,182.2937504,216.27,146.25,70.02000000000001,112.27375039999998,10.087855314142583,43.669374486181205,4.775049314142583,38.3565684861812,1.8987810422858624,0.8987810422858623,229.9799952,103.16900434072463,364.60649923999995,23.868929311417617,-24.952823912004604,1.0838946005869854,168,168,0
5160,09320-1-02,60 o mas,Mujeres,Quintil medio,Centro,Cuidadores domesticos,Movilidad activa,54.24,45.06686699041514,22.65,33.58209365695182,11.88,10.121039352633039,79.22999999999999,3.147391,85.19448784000001,64.48,150,-85.52,170.71448784,6.236915388652254,11.916936769691022,3.0895243886522543,8.769545769691021,1.9816144192609861,0.9816144192609861,85.52,56.648563723829696,194.19941123,9.173133009584859,-10.932093656951821,1.758960647366962,168,168,0
5161,09322-1-02,60 o mas,Hombres,Quintil medio,Centro,Rutina flexible,Movilidad activa,27,41.18417751679805,39.34,28.328209400912428,11.71,8.537613082289523,89.94999999999999,3.101772,83.747844,0,0,0,83.747844,5.742270181129266,0,2.640498181129266,-3.101772,1.8512870001822397,0.8512870001822397,0,43.99608466463373,158.34546060000002,-14.184177516798051,11.011790599087576,3.1723869177104778,168,168,0
5172,09342-1-02,60 o mas,Hombres,Quintil alto,Centro,Rutina flexible,Movilidad activa,46.2,61.89552244376752,58.01,36.65678231347865,5.39,11.04769524275383,58.4,1.595494,73.71181440000001,0,0,0,73.71181440000001,2.5258378940216275,6.375049324124061e-7,0.9303438940216275,-1.5954933624950676,1.5831071091596882,0.5831071091596882,8.399999998687235e-6,25.042120285896402,101.15432799999999,-15.695522443767516,21.353217686521347,-5.657695242753831,168,168,0
5175,09351-1-01,60 o mas,Mujeres,Quintil bajo,Sur,Trabajadores rutinarios,Movilidad mixta,61.25,45.19728368935417,19.43,42.78737164695895,20.2,12.89534466368688,67.11999999999999,2.684302,39.2976627983725,82.82,107.93580470162749,-25.115804701627496,64.4134675,7.087971695414927,15.190837795545974,4.403669695414926,12.506535795545973,2.6405269211195037,1.6405269211195037,125.1158347016275,82.02549620352829,231.49472296162756,16.052716310645827,-23.357371646958953,7.30465533631312,168,168,0
5185,09362-1-02,60 o mas,Mujeres,Quintil bajo,Centro,Rutina flexible,Motorizados privados,19.57,40.16646265847139,56.59,33.74377126435845,7.92,10.16976607717016,83.92,3.018095,59.06411915,0,0,0,59.06411915,6.811153123132646,0,3.793058123132646,-3.018095,2.256772276264546,1.2567722762645464,0,62.162080967219204,194.69730845,-20.59646265847139,22.846228735641553,-2.2497660771701593,168,168,0
5204,09391-1-01,60 o mas,Mujeres,Quintil bajo,Norte,Trabajadores rutinarios,Movilidad activa,60.04,61.56548654515985,18.79,22.041578051927555,11.42,6.642935402912587,77.75000000000001,2.897733,156.00989188,67.03,0,67.03,88.97989188,3.755855352998534,2.862139590846212,0.8581223529985338,-0.03559340915378817,1.2961357561233329,0.29613575612333287,17.969997440000014,22.390450142965705,105.51051136999996,-1.5254865451598505,-3.251578051927556,4.777064597087413,168,168,0
5219,09413-1-02,60 o mas,Mujeres,Quintil medio,Sur,Rutina flexible,Movilidad activa,38,40.637091811872445,28.31,34.0352850855394,18.62,10.25762310258817,83.07,3.034129,60.511559534246594,38.04,92.82534246575341,-54.78534246575341,115.296902,6.820660355798136,5.617037816330004,3.786531355798136,2.5829088163300042,2.2479796857016083,1.2479796857016086,54.78534246575341,62.78661920781814,197.17701643575344,-2.6370918118724447,-5.725285085539401,8.362376897411831,168,168,0
5220,09414-1-01,60 o mas,Hombres,Quintil alto,Sur,Jovenes trabajadores,Motorizados privados,49.08,50.67875567865089,47.11,42.9015026307725,10.32,12.929741690576611,61.49,8.225631,197.69397456000002,168.98000000000002,0,168.98000000000002,28.71397456,18.888559816546906,17.260925456896047,10.662928816546906,9.035294456896047,2.2963052702639963,1.2963052702639963,206.01999492,219.17076919173678,678.4179832499999,-1.598755678650889,4.208497369227501,-2.6097416905766107,168,168,0
5221,09414-1-02,60 o mas,Mujeres,Quintil alto,Sur,Cuidadores domesticos,Motorizados privados,62.24,55.050839942239975,38.7,41.59359747121938,8.24,12.535562586540653,58.819999999999986,9.137075,294.00153152000007,225.31000000000003,0,225.31000000000003,68.69153152000001,18.578597601581386,28.15744933372216,9.441522601581386,19.02037433372216,2.0333200287380135,1.0333200287380138,274.69001647999994,209.0021218452422,703.5843169799999,7.189160057760027,-2.8935974712193797,-4.295562586540653,167.99999999999997,168,0
5224,09417-1-01,60 o mas,Hombres,Quintil bajo,Centro,Cuidadores domesticos,Usuarios publicos,82.33,69.46395966256635,27.05,35.60525617151344,6.42,10.730784165920204,52.2,2.748077,151.12918721,44.88,0,44.88,106.24918720999999,4.129097004983403,10.79924373057018,1.381020004983403,8.051166730570179,1.5025405055911472,0.5025405055911472,75.11999219999998,39.76312266762636,167.09812939,12.866040337433645,-8.555256171513438,-4.310784165920204,168,168,0
5228,09427-1-01,60 o mas,Mujeres,Quintil bajo,Centro,Cuidadores domesticos,Movilidad activa,50.74,45.42099216668281,26.57,34.35502182506143,12.82,10.35398600825576,77.87,2.755854,73.96339899222521,49,92.3686327077748,-43.36863270777479,117.3320317,5.5113141131565255,8.046114168138937,2.7554601131565257,5.290260168138937,1.999857072673852,0.999857072673852,65.86863296777479,51.21022395429627,174.42172202777476,5.319007833317194,-7.785021825061428,2.4660139917442407,168,168,0
5236,09444-1-02,60 o mas,Mujeres,Quintil alto,Centro,Rutina flexible,Motorizados privados,37.99,50.03155575777502,67.42,49.06971440375475,8.48,14.788729838470255,54.109999999999985,3.087982,39.82243618,95.01,172.5,-77.49,117.31243617999999,8.64053345080089,4.912441664738499,5.552551450800889,1.8244596647384994,2.798116521016279,1.7981165210162784,77.49,114.67410743200561,311.8678338,-12.041555757775015,18.35028559624525,-6.308729838470255,168,168,0
5253,09473-1-01,60 o mas,Mujeres,Quintil medio,Sur,Rutina flexible,Motorizados privados,29.44,37.66577463728395,48.63,38.47772940125914,9.67,11.596495961456895,80.26,2.997982,17.91443623384609,67.24999999999999,137.5961538461539,-70.34615384615391,88.26059008,9.129233795936624,5.80584348569593,6.131251795936624,2.80786148569593,3.0451262869278817,2.0451262869278817,70.34615384615391,95.00687814478772,245.12850444615387,-8.225774637283951,10.152270598740863,-1.9264959614568955,168,168,0
5260,09481-1-01,60 o mas,Mujeres,Quintil bajo,Centro,Rutina flexible,Usuarios publicos,20.67,36.50011951789215,48.01,37.859659637081144,17.09,11.410220845026709,82.22999999999999,3.132357,13.4386763328571,74.04999999999998,125.35714285714289,-51.30714285714291,64.74581919,9.853077065780566,3.79219239862317,6.720720065780566,0.6598353986231702,3.145579212644206,2.145579212644206,51.30714285714291,100.892728539849,255.22358355714294,-15.83011951789215,10.150340362918854,5.679779154973291,168,168,0
5274,09508-1-02,60 o mas,Mujeres,Quintil medio,Sur,Trabajadores rutinarios,Usuarios publicos,66.24,61.90819730252429,32.24,36.51641241793375,10.95,11.00539027954196,58.57000000000001,2.504637,114.86712308,53.96,0,53.96,60.90712308,4.069334203698251,5.686188509740219,1.564697203698251,3.1815515097402196,1.6247201505440714,0.6247201505440713,51.04003179999998,40.19043848720253,159.21530382999998,4.331802697475702,-4.276412417933749,-0.0553902795419603,168,168,0
5278,09515-1-01,60 o mas,Hombres,Quintil bajo,Norte,Trabajadores rutinarios,Motorizados privados,49.7,45.93093586785977,36.77,39.180704202380966,10.45,11.80835992975926,71.08,5.681247,121.40797780000001,89.05000000000001,0,89.05000000000001,32.3579778,13.16757815693324,16.400553842937445,7.4863311569332405,10.719306842937446,2.3177267520551808,1.317726752055181,160.94999809999996,139.53701380647072,429.21848144,3.7690641321402296,-2.4107042023809626,-1.35835992975926,168,168,0
5283,09525-1-01,60 o mas,Mujeres,Quintil alto,Centro,Trabajadores rutinarios,Motorizados privados,50.29,45.669341809895116,37.98,39.051298740384034,8.22,11.76935944972083,71.51000000000002,6.095422,128.5394216309537,207.22,110.2193460490463,97.0006539509537,31.53876768,14.186165668118166,18.538302471349667,8.090743668118165,12.442880471349667,2.327347584485236,1.3273475844852358,177.9993507490463,149.8344891626008,459.60784714904617,4.6206581901048835,-1.0712987403840373,-3.5493594497208285,168,168,0
5285,09530-1-01,60 o mas,Hombres,Quintil bajo,Centro,Rutina flexible,Movilidad mixta,28.98,43.2749254994926,67.91,46.17788888853637,6.48,13.917185611971004,64.63000000000001,3.200381,5.937041379999997,66.94,153.75,-86.81,92.74704138,10.61364466567604,5.614986529059926,7.413263665676039,2.4146055290599255,3.3163691028274567,2.3163691028274567,86.81,132.55920796499163,324.88634259,-14.294925499492603,21.732111111463624,-7.437185611971003,168,168,0
5286,09531-1-01,60 o mas,Mujeres,Quintil bajo,Centro,Trabajadores rutinarios,Usuarios publicos,67.16,54.733126457000544,25.4,37.35019590779968,10.78,11.256677635199784,64.66,2.900482,105.41639912000001,73.12,37.5,35.620000000000005,69.79639912,5.279790308104794,11.886805948194668,2.3793083081047945,8.986323948194668,1.8203147987488957,0.8203147987488958,89.37997199999997,53.336048972253835,194.31941075999998,12.426873542999452,-11.950195907799682,-0.4766776351997848,168,168,0
5290,09537-1-02,60 o mas,Mujeres,Quintil alto,Centro,Cuidadores domesticos,Usuarios publicos,58.34,59.35448043843403,36.03,35.674013248597696,11.41,10.751506312968283,62.22,4.274123,184.4118374248375,62.739999999999995,40.1805054151625,22.559494584837495,161.85234284,7.17997224239161,6.586648052078733,2.90584924239161,2.3125250520787324,1.6798702897393476,0.6798702897393476,64.94049839516254,69.27651257012349,267.70489351516255,-1.0144804384340276,0.3559867514023054,0.6584936870317168,168,168,0
5297,09556-1-01,60 o mas,Hombres,Quintil bajo,Norte,Jovenes trabajadores,Motorizados privados,38.12,53.54817937936536,70.6,48.31157912642481,7.7,14.560241494209825,51.58,9.350875,196.95534244,140.5,0,140.5,56.45534244,23.247596625279822,9.801498565786646,13.896721625279822,0.4506235657866462,2.48614131033511,1.48614131033511,159.50001256,303.7669894140231,891.6735250600001,-15.42817937936536,22.288420873575184,-6.860241494209824,168,168,0
5298,09558-1-01,60 o mas,Hombres,Quintil alto,Sur,Trabajadores rutinarios,Motorizados privados,45.13,43.91178848516398,39.39,39.963831188915805,11.4,12.044380325920214,72.08,20.867977,341.06325226495727,344.21,69.9185415050427,274.2914584949573,66.77179376999999,53.22382919262358,56.90875984130898,32.35585219262359,36.04078284130898,2.5505025807064854,1.5505025807064856,600.7085497450428,575.2869398723096,1660.5931015750427,1.218211514836021,-0.5738311889158041,-0.6443803259202134,168,168,0
5302,09562-1-01,60 o mas,Mujeres,Quintil alto,Norte,Rutina flexible,Motorizados privados,24.26,31.073154963479155,27.12,28.97446279759612,17.4,8.732382238924712,99.22,2.963913,31.095243665714307,29.28,70.0892857142857,-40.80928571428569,71.90452938,7.784374018010229,4.410596808519757,4.82046101801023,1.446683808519757,2.6263841138421506,1.6263841138421506,40.80928571428569,61.00288428155608,172.7626924742857,-6.813154963479153,-1.8544627975961205,8.667617761075286,168,168,0
5308,09568-1-01,60 o mas,Hombres,Quintil bajo,Sur,Trabajadores rutinarios,Movilidad activa,63.64,53.13532465588352,23.52,31.869715873512394,7.45,9.604959470604085,73.39,1.656807,65.2156299952106,57.669999999999995,47.8935698447894,9.776430155210598,55.43919984,2.647364583223902,6.249321992024945,0.9905575832239022,4.592514992024945,1.5978714377859957,0.5978714377859957,40.223567484789385,22.819347841929797,91.53488027478937,10.504675344116478,-8.349715873512395,-2.1549594706040844,168,168,0
5316,09584-1-02,60 o mas,Mujeres,Quintil bajo,Sur,Rutina flexible,Movilidad mixta,30.92,45.44640944819733,56.5,43.77161318222537,14.99,13.191977369577309,65.58999999999999,3.047489,40.285026546666714,29.39,83.3333333333333,-53.9433333333333,94.22835988000001,8.29588106348569,3.6306635364042505,5.248392063485689,0.5831745364042504,2.7222021354254893,1.722202135425489,53.9433333333333,98.21240633621072,271.80832194333334,-14.526409448197327,12.728386817774627,1.7980226304226914,168,168,0
5318,09589-1-01,60 o mas,Mujeres,Quintil medio,Centro,Cuidadores domesticos,Movilidad activa,54.93,48.350585886922595,19.11,31.92714618036249,15.86,9.622267932714912,78.1,3.22692,106.23221559999999,43.54,114.5625,-71.02250000000001,177.2547156,5.766093858630363,9.77223369689635,2.539173858630363,6.545313696896351,1.7868722678685445,0.7868722678685444,71.02250000000001,49.791257010228264,183.8678924,6.579414113077405,-12.817146180362492,6.237732067285087,168,168,0
5321,09594-1-01,60 o mas,Hombres,Quintil medio,Norte,Jovenes trabajadores,Motorizados privados,48.6,49.09594460915988,49.62,44.21765041678353,8.42,13.326404974056585,61.36,3.315565,65.34645959999999,54.209999999999994,0,54.209999999999994,11.1364596,8.147138243408394,7.941202816446592,4.8315732434083944,4.6256378164465914,2.4572397897216294,1.4572397897216296,95.78999940000001,97.43433598806918,288.225392,-0.4959446091598778,5.40234958321647,-4.906404974056585,168,168,0
5322,09594-1-02,60 o mas,Mujeres,Quintil medio,Norte,Trabajadores rutinarios,Movilidad mixta,37.68,47.36292792603813,33.99,23.810896036086937,6.68,7.1761760378749475,89.64999999999998,3.037911,114.46848648,0,0,0,114.46848648,4.567670048417563,0,1.5297590484175632,-3.037911,1.503556242568516,0.503556242568516,0,29.41587325871842,123.55184037000006,-9.682927926038133,10.179103963913064,-0.4961760378749478,167.99999999999997,168,0
5326,09608-1-02,60 o mas,Mujeres,Quintil alto,Centro,Cuidadores domesticos,Movilidad activa,51.37,67.11350549535831,55.99,37.004118407041524,7.91,11.152376097600174,52.72999999999999,3.108081,159.66212097000002,0,0,0,159.66212097000002,4.889139446722486,-2.1401433209930444e-15,1.781058446722486,-3.108081000000002,1.5730411938178208,0.5730411938178207,-2.842170943040401e-14,48.93209030351872,198.60637590000002,-15.743505495358313,18.985881592958478,-3.2423760976001734,168,168,0
5333,09620-1-01,60 o mas,Mujeres,Quintil medio,Centro,Rutina flexible,Movilidad activa,37.54,50.18107625809505,51.81,40.640582681486485,13.72,12.248341060418465,64.93,2.975226,79.0927038524267,31.34,63.9372801875733,-32.597280187573304,111.68998404,6.3872116002237425,2.3935070920695685,3.4119856002237423,-0.5817189079304317,2.146798797880814,1.1467987978808138,32.597280187573304,70.20733893864042,227.56383996757327,-12.641076258095048,11.169417318513517,1.4716589395815358,168,168,0
5341,09629-1-01,60 o mas,Mujeres,Quintil bajo,Norte,Jovenes trabajadores,Usuarios publicos,48.61,48.22245600302391,50.7,49.06902264281723,12.77,14.78852135415886,55.92,3.005785,25.526208670000003,51.28999999999999,84.375,-33.08500000000001,58.61120867000001,8.998266177244004,9.141517841703838,5.992481177244004,6.135732841703838,2.993649305337542,1.9936493053375421,120.58500018,119.4201262470492,311.36217412999997,0.3875439969760919,1.630977357182772,-2.0185213541588602,168,168,0
5342,09629-1-02,60 o mas,Hombres,Quintil bajo,Norte,Trabajadores rutinarios,Motorizados privados,51.76,35.991559166842414,15.31,35.37657658411019,14.96,10.66186424904739,85.97,1.70399,15.843539999999996,30.769999999999996,28.125,2.644999999999996,13.19854,4.7538771898231476,11.501369138442458,3.0498871898231474,9.797379138442459,2.78985040394788,1.7898504039478798,72.3549824,45.48571690470781,123.9347597,15.768440833157584,-20.066576584110187,4.298135750952611,168,168,0
5347,09636-1-02,60 o mas,Mujeres,Quintil medio,Centro,Rutina flexible,Movilidad mixta,31.4,43.223995563673526,39.47,37.818260536131106,21.57,11.397743900195362,75.56,3.109271,59.0155280046512,43.709999999999994,82.32558139534879,-38.6155813953488,97.6311094,7.369549276337576,3.0439784547211426,4.260278276337576,-0.06529254527885753,2.3701855760844186,1.3701855760844186,38.6155813953488,75.37958790560756,228.40548323534878,-11.823995563673527,1.6517394638688927,10.172256099804638,168,168,0
5350,09643-1-01,60 o mas,Hombres,Quintil medio,Centro,Trabajadores rutinarios,Movilidad activa,53.54,43.82727707765864,26.56,35.45670838804618,9.87,10.686014534295186,78.03,1.826495,43.108326077802204,53.120000000000005,62.802197802197796,-9.682197802197791,52.790523879999995,3.8522142043068714,7.222382045319809,2.0257192043068715,5.3958870453198085,2.1090745960470034,1.1090745960470034,54.682216222197795,36.94197636815592,121.22142907219778,9.712722922341356,-8.896708388046182,-0.8160145342951868,168,168,0
5354,09648-1-01,60 o mas,Hombres,Quintil bajo,Centro,Cuidadores domesticos,Movilidad mixta,102.62,77.69410061677281,8.1,32.900331030702446,9.79,9.915568352524742,47.489999999999995,3.22033,210.4592757237736,94.14000000000001,64.1509433962264,29.98905660377362,180.47021912,4.466128917452799,32.27781996388584,1.2457989174527992,29.05748996388584,1.3868544271713765,0.3868544271713766,120.0109888762264,39.741367315438396,177.62269257622643,24.92589938322719,-24.800331030702445,-0.12556835252474308,168,168,0
5359,09655-1-01,60 o mas,Hombres,Quintil alto,Norte,Jovenes trabajadores,Movilidad mixta,49.14,47.85231336122371,54.67,48.12398318812416,6.67,14.503703450652138,57.519999999999996,2.802531,27.396361900000006,82.18,67.5,14.680000000000007,12.716361899999999,8.198554272192531,8.653744084085432,5.396023272192531,5.8512130840854315,2.92541073486521,1.9254107348652096,110.32001144000002,106.71122971654363,282.22726298000003,1.287686638776293,6.546016811875845,-7.833703450652138,168,168,0
5367,09666-1-02,60 o mas,Mujeres,Quintil bajo,Sur,Trabajadores rutinarios,Motorizados privados,68.17,46.978523023968606,6.6,35.793853089323186,18.79,10.787623886708207,74.44,2.9283960000000002,80.39330765350881,60.940000000000005,50.1754385964912,10.764561403508807,69.62874625,5.906257133845427,22.596241459518225,2.977861133845427,19.667845459518226,2.01689154535296,1.0168915453529601,119.2354476664912,57.17841125578876,193.5874221064912,21.191476976031396,-29.193853089323184,8.002376113291792,168,168,0
5368,09667-1-01,60 o mas,Mujeres,Quintil bajo,Centro,Rutina flexible,Movilidad activa,32.25,42.09412706867499,55.79,45.06430229936871,12.7,13.581570631956286,67.26,3.00103,4.133217500000001,60.35,153,-92.65,96.7832175,10.025376465217537,6.5089626372724325,7.024346465217537,3.5079326372724324,3.3406452002204365,2.3406452002204365,92.65,122.19252065690571,298.1905447,-9.844127068674993,10.725697700631287,-0.8815706319562864,168,168,0
5370,09673-1-02,60 o mas,Hombres,Quintil alto,Centro,Rutina flexible,Movilidad activa,15.15,41.228136896694814,68.19,38.48359834707902,7.97,11.598264756226163,76.69,3.089868,43.74775427166124,2.4899999999999998,5.553745928338762,-3.063745928338762,46.811500200000005,8.035929864416712,0.19356165772110162,4.946061864416712,-2.8963063422788986,2.600735650978201,1.600735650978201,3.0637459283387614,83.64174662505536,238.38809280833877,-26.078136896694815,29.70640165292098,-3.628264756226163,168,168,0
5375,09684-1-01,60 o mas,Hombres,Quintil bajo,Centro,Trabajadores rutinarios,Usuarios publicos,42.32,41.23519253361428,35.07,36.85682342775195,11.81,11.107984038633758,78.80000000000001,2.704061,45.9058324271366,66.09,59.6200440528634,6.469955947136604,39.43587648,6.580402117931999,7.033748480563507,3.876341117931999,4.329687480563507,2.4335257665903245,1.4335257665903243,68.53002909286339,65.59664353050096,195.29640877286334,1.084807466385719,-1.7868234277519477,0.7020159613662429,168,168,0
5379,09687-1-02,60 o mas,Mujeres,Quintil bajo,Centro,Rutina flexible,Usuarios publicos,32.1,40.47401795636469,43.11,36.588781133984114,12.88,11.027200909651187,79.91000000000001,2.987685,47.565885081196605,38.830000000000005,87.1688034188034,-48.3388034188034,95.9046885,7.412874828244643,4.1541191534014335,4.425189828244643,1.1664341534014335,2.4811433696138123,1.4811433696138125,48.3388034188034,73.35773125676482,215.61928656880337,-8.374017956364689,6.521218866015886,1.8527990903488138,168,168,0
5387,09698-1-01,60 o mas,Mujeres,Quintil bajo,Sur,Trabajadores rutinarios,Motorizados privados,58.12,48.6202818540551,43.65,46.80387236647431,7.76,14.105845779470608,58.46999999999999,4.976822,69.75291456,143,112.5,30.5,39.25291456,13.604872778063056,20.543782215787235,8.628050778063056,15.566960215787235,2.7336466480141453,1.7336466480141455,219.49998008000003,172.22157381746223,475.35839910000004,9.499718145944897,-3.1538723664743102,-6.345845779470608,168,168,0
5398,09719-1-01,60 o mas,Hombres,Quintil bajo,Norte,Rutina flexible,Movilidad mixta,34.36,44.91649270418935,66.33,48.42813727183639,7.25,14.595370023974267,60.05999999999999,3.394717,1.6624761199999938,42.519999999999996,157.5,-114.98,116.64247612,11.514345319757119,7.518930006036242,8.119628319757119,4.124213006036242,3.391842477519369,2.391842477519369,114.98,150.81630524328756,364.76327686,-10.556492704189353,17.901862728163607,-7.345370023974267,168,168,0
5411,09747-1-02,60 o mas,Mujeres,Quintil bajo,Sur,Rutina flexible,Motorizados privados,19.06,55.1485523251871,84.42,49.9326458197238,16.65,15.048801855089094,47.87,2.692405,59.17724402000001,25.360000000000007,0,25.360000000000007,33.817244020000004,6.612716200156925,-0.37419162433533176,3.9203112001569247,-3.0665966243353315,2.4560629623540757,1.4560629623540755,-7.860004720000013,89.30499400309535,264.26136863,-36.088552325187095,34.4873541802762,1.6011981449109047,168,168,0
5418,09761-1-01,60 o mas,Mujeres,Quintil bajo,Sur,Rutina flexible,Movilidad activa,27.02,43.41193831544783,66.1,45.703767681518954,9.77,13.77429400303322,65.11,3.397264,12.094063680000005,49.800000000000004,72,-22.199999999999996,34.29406368,10.95257132086127,5.054542014058621,7.555307320861271,1.6572780140586207,3.223938828675449,2.223938828675449,79.70000959999999,135.38775152929153,337.45042928,-16.391938315447828,20.39623231848104,-4.00429400303322,168,168,0
5424,09773-1-01,60 o mas,Hombres,Quintil bajo,Centro,Rutina flexible,Movilidad mixta,23.05,44.20061094715401,50.54,34.63962789209704,15.69,10.439761160748946,78.72,2.407221,59.866445150000004,24.380000000000003,0,24.380000000000003,35.48644515,4.966926040360127,-0.31820938608371757,2.559705040360127,-2.7254303860837172,2.063344429265168,1.0633444292651681,-4.380001100000008,46.53419373481901,155.05024572999997,-21.15061094715401,15.90037210790296,5.250238839251054,168,168,0
5432,09787-1-01,60 o mas,Hombres,Quintil bajo,Sur,Trabajadores rutinarios,Movilidad activa,54.73,49.84182571476007,41.78,44.58196995224505,11.35,13.436204332994878,60.14000000000001,2.513584,52.02965626058821,56.52,37.0588235294118,19.461176470588207,32.568479790000005,6.075033942948385,7.746701799565359,3.561449942948385,5.233117799565359,2.416881211428934,1.4168812114289338,85.53879605941177,73.25195938682126,219.08551397941173,4.888174285239927,-2.8019699522450523,-2.0862043329948783,168,168,0
5436,09804-1-01,60 o mas,Hombres,Quintil bajo,Sur,Trabajadores rutinarios,Usuarios publicos,41.2,43.246646556169615,33.37,33.85120789690418,12.73,10.202145546926197,80.7,2.827106,68.5467824,52.07,0,52.07,16.4767824,5.867036517637829,5.002647323053889,3.039930517637829,2.175541323053889,2.075279992203274,1.0752799922032739,47.929984800000014,53.71607155882647,178.25957140000003,-2.0466465561696126,-0.48120789690418064,2.527854453073804,168,168,0
5438,09806-1-03,60 o mas,Mujeres,Quintil bajo,Sur,Cuidadores domesticos,Motorizados privados,55.71,59.99440857036678,33.18,40.43055034105527,23.72,12.18504108857797,55.389999999999986,2.878038,116.07081533205991,27.99,72.2546816479401,-44.26468164794011,160.33549698000002,5.175591441366846,3.743161798085143,2.297553441366846,0.865123798085143,1.7983054571784132,0.7983054571784132,44.26468164794011,56.59537232098137,208.02504384794014,-4.284408570366779,-7.250550341055273,11.534958911422029,168,168,0
5439,09807-1-02,60 o mas,Mujeres,Quintil medio,Centro,Cuidadores domesticos,Motorizados privados,65.3,53.83013493040424,43.84,48.44839095084943,7.74,14.601474118746335,51.12,3.368391,73.25303955714288,110.44,107.14285714285711,3.2971428571428874,69.9558967,8.2471915538598,13.685190929827789,4.8788005538598,10.316799929827788,2.4484068369318766,1.4484068369318763,146.7028927428571,108.06790247121639,320.4445005228571,11.469865069595755,-4.608390950849426,-6.861474118746335,168,168,0
5440,09808-1-01,60 o mas,Mujeres,Quintil alto,Centro,Rutina flexible,Movilidad activa,33.94,35.345466770689065,41.32,36.80282372913542,7.98,11.09170950017552,84.76,2.889765,10.968624099999985,67.38999999999999,154.5,-87.11000000000001,98.0786241,9.15938948678905,8.501873046820316,6.26962448678905,5.612108046820316,3.169596658132772,2.169596658132772,87.11000000000001,91.1714686826003,229.57541450000002,-1.405466770689067,4.5171762708645815,-3.11170950017552,168,168,0
5447,09815-1-02,60 o mas,Mujeres,Quintil bajo,Sur,Trabajadores rutinarios,Movilidad mixta,73.92,62.492541173113224,15.41,27.146109427130295,8.49,8.181349399756472,70.18,2.607562,136.44101224,51.18999999999999,0,51.18999999999999,85.25101224,3.610990036337309,11.336550379229907,1.0034280363373087,8.728988379229907,1.3848146415453626,0.38481464154536255,56.30997080000003,26.512163406445495,118.6307026,11.427458826886777,-11.736109427130295,0.30865060024352786,168,168,0
5449,09822-1-01,60 o mas,Mujeres,Quintil medio,Norte,Cuidadores domesticos,Usuarios publicos,47.12,37.26516304465525,2.74,33.106986391835115,30.49,9.977850563509625,87.65,3.236314,50.015115679999994,50.519999999999996,153,-102.48,152.49511568,7.8830023866651935,14.838920108318087,4.646688386665193,11.602606108318087,2.4357965224218643,1.4357965224218643,102.48,70.58665319370043,210.02271422,9.854836955344744,-30.366986391835113,20.512149436490375,168,168,0
5455,09830-1-02,60 o mas,Mujeres,Quintil medio,Centro,Cuidadores domesticos,Movilidad mixta,53.99,63.826901881694845,34.01,26.497290945635633,10.31,7.985807172669517,69.69,3.00139,162.0450461,0,0,0,162.0450461,4.11972298015032,0,1.1183329801503206,-3.00139,1.3726050197243014,0.37260501972430127,0,29.524378938700067,133.0216048,-9.836901881694843,7.512709054364365,2.3241928273304833,168,168,0
5465,09858-1-02,60 o mas,Mujeres,Quintil bajo,Centro,Rutina flexible,Movilidad activa,36.98,45.95711495788812,41.27,36.62482204865462,15.37,11.038062993457258,74.38,3.039168,75.95900659143491,38.489999999999995,74.9194260485651,-36.429426048565105,112.38843264000002,6.431867183968371,3.094728863107863,3.3926991839683707,0.05556086310786279,2.1163249889339353,1.1163249889339355,36.42942604856508,63.712386560900015,208.5679015685651,-8.977114957888126,4.6451779513453815,4.331937006542741,168,168,0
5467,09863-1-02,60 o mas,Hombres,Quintil medio,Centro,Trabajadores rutinarios,Usuarios publicos,53.81,49.26013023309941,29.43,36.33819193669282,13.31,10.951677830207784,71.44999999999999,3.075357,92.364965,64.38,0,64.38,27.984965,6.016100417087431,8.23180657954164,2.940743417087431,5.15644957954164,1.9562283068558972,0.9562283068558971,73.11999517,59.12752133327389,204.56075335000003,4.549869766900592,-6.908191936692823,2.358322169792217,168,168,0
5470,09868-1-02,60 o mas,Mujeres,Quintil medio,Sur,Cuidadores domesticos,Motorizados privados,51.47,44.36232450267539,29.27,38.203751538612025,13.34,11.51392395871258,73.92,2.939534,60.03781498000001,63.24,154.5,-91.25999999999999,151.29781498,6.810048035899255,10.305343002823143,3.870514035899255,7.365809002823143,2.3167100757804655,1.3167100757804655,91.25999999999999,70.3667462146474,216.51354374,7.107675497324607,-8.933751538612025,1.8260760412874202,168,168,0
5472,09871-1-02,60 o mas,Mujeres,Quintil bajo,Centro,Cuidadores domesticos,Motorizados privados,17.89,37.318539252140766,54.08,31.513775352008665,6.36,9.497685395850553,89.67000000000002,3.100618,55.47005602,0,0,0,55.47005602,7.0676770376141675,0,3.9670590376141677,-3.100618,2.2794414009123884,1.2794414009123884,0,60.24047851889419,187.40135191999997,-19.428539252140766,22.566224647991334,-3.1376853958505526,168,168,0
5473,09874-1-01,60 o mas,Hombres,Quintil bajo,Centro,Rutina flexible,Motorizados privados,34.75,46.40837348656843,56.38,43.923786762307316,12.44,13.237839751124254,64.43,6.192672,90.75534975000001,75.56,0,75.56,15.19534975,16.55209789291891,8.700392857097983,10.359425892918908,2.5077208570979828,2.672852347568046,1.6728523475680463,124.44000224999998,196.6364853058147,550.6196892899999,-11.65837348656843,12.456213237692687,-0.7978397511242541,168,168,0
5496,09915-1-01,60 o mas,Mujeres,Quintil bajo,Sur,Jovenes trabajadores,Movilidad activa,64.44,55.96420360205526,53.5,55.15351763017647,9.8,16.622278767768282,40.260000000000005,2.010475,28.885034480000016,109.33000000000001,152.5,-43.16999999999999,72.05503448,5.606289355719948,7.652260920792311,3.595814355719948,5.6417859207923104,2.7885397011750697,1.7885397011750697,100.66997451999997,83.62959775684203,227.93304202000002,8.475796397944741,-1.6535176301764665,-6.822278767768282,168,168,0
5511,09937-1-03,60 o mas,Mujeres,Quintil bajo,Sur,Rutina flexible,Movilidad activa,34.34,37.581948513118284,34.76,39.894550972730606,20.4,12.023500514151117,78.5,2.960433,6.04126921999999,114.38,210,-95.62,101.66126922,9.751320023357847,8.340997730427455,6.790887023357847,5.380564730427455,3.2938830310829013,2.2938830310829013,95.62000000000002,105.21757136253632,258.91748428,-3.241948513118281,-5.134550972730608,8.376499485848882,168,168,0
5514,09946-1-02,60 o mas,Mujeres,Quintil bajo,Sur,Trabajadores rutinarios,Motorizados privados,64.58,65.0108273247303,41.23,43.15348732696615,15.36,13.00568534830354,46.830000000000005,4.809064,211.6893594,151.12,0,151.12,60.56935940000001,8.649424011314679,8.407410589231297,3.8403600113146785,3.598346589231297,1.7985670415936819,0.798567041593682,98.87999372000002,100.95186989757678,371.0249254799999,-0.43082732473030205,-1.9234873269661534,2.354314651696459,168,168,0
5519,09957-1-01,60 o mas,Hombres,Quintil alto,Centro,Trabajadores moviles,Motorizados privados,57.06,51.00954907972251,34.12,41.02596312256195,13.22,12.364487797715542,63.599999999999994,7.251336,195.67125004,156.91,0,156.91,38.76125004,15.700673897994466,22.16669697856886,8.449337897994466,14.915360978568861,2.165211196666996,1.1652111966669958,218.08998212000003,174.21612954555874,561.3682283600001,6.050450920277491,-6.90596312256195,0.8555122022844586,168,168,0
5531,09970-1-02,60 o mas,Hombres,Quintil bajo,Norte,Rutina flexible,Movilidad activa,4.28,31.933259945857046,58.26,32.83181976541074,12.12,9.894920288732196,93.34,3.270547,13.997941160000002,0,0,0,13.997941160000002,10.184987338197326,0,6.914440338197325,-3.270547,3.1141540966074865,2.1141540966074865,0,90.44128635614292,230.18109786,-27.653259945857044,25.428180234589256,2.225079711267803,168,168,0
5539,09980-1-02,60 o mas,Mujeres,Quintil bajo,Centro,Cuidadores domesticos,Movilidad activa,55.73,65.49740620873528,22.99,26.512271691182853,21.28,7.990322100081848,68.00000000000001,3.111352,173.39564696,0,0,0,173.39564696,4.238089979659971,0,1.1267379796599712,-3.111352,1.3621377393685996,0.3621377393685996,0,30.389838842360973,137.73955303999995,-9.767406208735288,-3.522271691182855,13.289677899918154,168,168,0
5540,09982-1-01,60 o mas,Mujeres,Quintil medio,Centro,Jovenes trabajadores,Motorizados privados,65.4,61.07214189261978,42.32,42.468588848632685,8.62,12.799269258747536,51.66,5.539041,219.113252,156.86,0,156.86,62.25325199999999,10.374805802838788,13.520591221243707,4.835764802838788,7.981550221243707,1.873032859449639,0.8730328594496389,143.14002940000006,119.16784590103862,425.29877794000004,4.327858107380223,-0.1485888486326843,-4.179269258747537,168,168,0
5554,10000-1-02,60 o mas,Mujeres,Quintil alto,Norte,Rutina flexible,Movilidad activa,19.12,44.51079963185848,71.67,45.466434361446986,12.89,13.702766006694546,64.32,3.135718,22.865541970741695,21.05,58.13938618925831,-37.089386189258306,59.95492816,9.490686009087023,2.1104651880660175,6.354968009087023,-1.0252528119339823,3.0266388779498103,2.0266388779498103,37.089386189258306,116.70777362927029,302.24570026925835,-25.39079963185848,26.203565638553016,-0.8127660066945452,168,168,0
5557,10004-1-05,60 o mas,Mujeres,Quintil bajo,Sur,Rutina flexible,Movilidad activa,10.26,38.33250110555996,58.37,37.28151918803632,18.22,11.235979706403707,81.15,2.995823,30.73714398,0,0,0,30.73714398,8.340505533455481,0,5.344682533455481,-2.995823,2.784044829569531,1.784044829569531,0,84.10024447956197,229.45008357,-28.072501105559965,21.088480811963677,6.984020293596291,168,168,0
5573,10036-1-04,60 o mas,Mujeres,Quintil alto,Centro,Rutina flexible,Movilidad activa,53.55,48.12085621053863,36.24,39.97991583911164,10.36,12.049227950349717,67.85000000000001,2.729954,66.21083165189867,57.67999999999999,62.6582278481013,-4.978227848101305,71.18905949999998,6.0256958119777515,8.258083265422387,3.2957418119777513,5.528129265422387,2.2072517749301825,1.2072517749301823,79.97820504810133,65.15689224348611,207.1940614481013,5.429143789461364,-3.7399158391116387,-1.6892279503497178,168,168,0
5574,10037-1-02,60 o mas,Mujeres,Quintil bajo,Centro,Cuidadores domesticos,Movilidad activa,68.03,64.89494276530753,43.65,40.47624469057587,5.89,12.1988125441166,50.43,3.131909,144.92376926999998,81.11,149.25,-68.14,213.06376927,5.3274035645511395,6.618196356063567,2.1954945645511397,3.4862873560635674,1.7010084151714304,0.7010084151714305,68.14000000000001,58.32128603115157,223.29477185999997,3.135057234692468,3.1737553094241306,-6.308812544116601,168,168,0
5578,10044-1-01,60 o mas,Mujeres,Quintil medio,Centro,Cuidadores domesticos,Movilidad activa,79.91,67.94721737131395,15.67,26.020631918359992,6.23,7.842150710326055,66.19,3.083204,180.5646380916129,45.96,111.7741935483871,-65.8141935483871,246.37883164,4.110803638765011,14.460022555118892,1.0275996387650115,11.376818555118891,1.3332895386633552,0.33328953866335526,65.8141935483871,28.93049429649176,133.33636114838708,11.962782628686043,-10.350631918359992,-1.6121507103260546,168,168,0
5590,10075-1-01,60 o mas,Hombres,Quintil bajo,Norte,Rutina flexible,Movilidad activa,39.45,32.302414274199016,29.68,33.677724850507566,7,10.149860875293422,91.87,3.092392,9.844864399999992,27.349999999999998,139.5,-112.15,121.9948644,9.885862402702069,14.711720727169524,6.793470402702068,11.619328727169524,3.196833520039526,2.1968335200395255,112.15,90.04686308221885,225.57893855999998,7.147585725800987,-3.9977248505075664,-3.149860875293422,168,168,0
5595,10079-1-01,60 o mas,Mujeres,Quintil bajo,Centro,Cuidadores domesticos,Usuarios publicos,67.97,44.40964214526687,25.54,46.67373356933142,11.64,14.066624285401703,62.85000000000001,1.932783,8.391274980000006,77.02000000000001,150,-72.97999999999999,81.37127498,6.13476499094163,15.915437202589674,4.20198199094163,13.982654202589673,3.174057817634794,2.174057817634794,122.97998552999998,77.44292639445533,194.84085746999995,23.560357854733127,-21.13373356933142,-2.4266242854017026,168,168,0
5598,10084-1-01,60 o mas,Mujeres,Quintil bajo,Centro,Trabajadores rutinarios,Movilidad mixta,13.7,29.081129546475726,22.39,24.603744224109416,25.01,7.415126229414842,106.90000000000002,3.098137,42.4444769,0,0,0,42.4444769,7.161044335512601,0,4.062907335512602,-3.098137,2.311403380648629,1.3114033806486292,0,47.65284654972966,146.8516937999999,-15.381129546475726,-2.2137442241094156,17.59487377058516,168.00000000000003,168,0
5610,10106-1-01,60 o mas,Hombres,Quintil alto,Centro,Trabajadores moviles,Usuarios publicos,72.74,44.35227041105688,18.49,46.24140220508655,13.3,13.936327383856556,63.47000000000001,1.840532,9.88341146019509,93.02,92.0168792198049,1.0031207801950899,8.88029068,5.736800011547853,18.7678175423982,3.896268011547853,16.9272855423982,3.116924895382342,2.116924895382342,123.99688621980489,71.74836150400824,182.5073984998049,28.387729588943117,-27.751402205086553,-0.6363273838565551,168,168,0
5611,10106-1-02,60 o mas,Mujeres,Quintil alto,Centro,Cuidadores domesticos,Usuarios publicos,55.04,52.96837211188933,34.25,39.305620447562475,14.83,11.846007440548195,63.88000000000001,3.509271,112.3611616650563,60.61,51.3990997749437,9.2109002250563,103.15026144,6.915680106999562,7.920303311017039,3.406409106999562,4.411032311017039,1.970688529611866,0.9706885296118658,80.7891141749437,73.51921050440569,253.0241348549437,2.071627888110669,-5.055620447562475,2.9839925594518046,168,168,0
5615,10115-1-03,60 o mas,Hombres,Quintil medio,Centro,Trabajadores rutinarios,Motorizados privados,47.23,32.811224237047675,23.98,34.63915663163515,6.68,10.439619131317166,90.11000000000001,3.182493,6.593924173845,132.68,132.895229186155,-0.21522918615499975,6.80915336,10.441975309464732,22.554029043160153,7.259482309464732,19.37153604316015,3.2810678010807037,2.2810678010807037,143.715220216155,97.82756728198957,241.29045559615494,14.418775762952322,-10.659156631635152,-3.759619131317166,168,168,0
5624,10132-1-01,60 o mas,Hombres,Quintil bajo,Norte,Rutina flexible,Motorizados privados,15.09,29.063420191638006,32.98,23.53388877843043,11.62,7.092691029931552,108.31,3.078647,46.45678323,0,0,0,46.45678323,6.758613867625463,0,3.6799668676254624,-3.078647,2.1953195243317802,1.1953195243317802,0,43.01922815272577,137.3076562,-13.973420191638006,9.446111221569566,4.5273089700684475,168,168,0
5627,10132-1-04,60 o mas,Mujeres,Quintil bajo,Norte,Cuidadores domesticos,Usuarios publicos,47.89,53.79803382269344,40.07,32.71288937141751,8.41,9.859076805889055,71.63,3.544457,137.78404202000002,18.04,0,18.04,119.74404202000001,5.979045408961844,3.1720332501415744,2.434588408961844,-0.3724237498584255,1.6868720396274646,0.6868720396274646,31.960003709999995,52.90077554908251,203.79527907,-5.90803382269344,7.35711062858249,-1.4490768058890549,168,168,0
5628,10133-1-01,60 o mas,Mujeres,Quintil bajo,Centro,Cuidadores domesticos,Movilidad activa,58.64,57.08892704205986,40.39,41.03412524365146,11.46,12.366947714288694,57.51,2.966275,106.74236599999998,120.29999999999998,187.5,-67.20000000000002,173.942366,5.640421577486935,6.236113823917163,2.6741465774869346,3.2698388239171634,1.9015167432173128,0.9015167432173128,67.20000000000002,62.599091061686124,221.00135875000004,1.5510729579401428,-0.6441252436514588,-0.9069477142886928,168,168,0
5633,10143-1-01,60 o mas,Hombres,Quintil bajo,Centro,Trabajadores rutinarios,Motorizados privados,53.32,49.648387475997644,37.24,40.18160045571439,11.38,12.110012068287956,66.06,6.114429,158.87134079999998,132.85,0,132.85,26.0213408,13.314676414400267,16.54188444200712,7.200247414400267,10.427455442007119,2.1775829622684744,1.1775829622684746,167.15001348000004,144.7001993864768,464.43355146,3.671612524002356,-2.9416004557143864,-0.7300120682879552,168,168,0
5639,10149-1-02,60 o mas,Mujeres,Quintil bajo,Centro,Trabajadores rutinarios,Motorizados privados,36.11,27.272919278980478,11.92,25.91635669004434,12.97,7.810724030975195,106.99999999999999,3.109911,25.328886209999993,63.03,150,-86.97,112.29888620999999,8.486727052282285,16.812724427329066,5.376816052282285,13.702813427329065,2.7289292369724683,1.728929236972468,86.97,59.48746545781346,164.37568479000004,8.837080721019522,-13.996356690044339,5.159275969024805,168,168,0
5640,10151-1-01,60 o mas,Mujeres,Quintil bajo,Centro,Cuidadores domesticos,Usuarios publicos,79.36,67.19006738424677,28.01,33.64110753970017,3.6,10.13882507605306,57.029999999999994,2.96009,158.74276088,48.83,0,48.83,109.91276088,4.41224354057696,11.594522710027839,1.4521535405769601,8.634432710027838,1.4905774961494278,0.4905774961494279,76.16998152000002,40.14588568343504,169.73842642,12.169932615753225,-5.631107539700171,-6.53882507605306,168,168,0
5654,10183-1-01,60 o mas,Mujeres,Quintil bajo,Centro,Cuidadores domesticos,Movilidad mixta,47.2,49.82405092824336,30.85,29.711451643017924,10.44,8.95449742873872,79.50999999999999,3.102332,113.20411620152672,39.15,72.3759541984733,-33.225954198473296,146.4300704,5.147721024474986,3.8719175468496894,2.045389024474986,0.7695855468496893,1.6593069421567344,0.6593069421567344,33.22595419847329,41.36663136279236,161.3212424784733,-2.6240509282433564,1.1385483569820778,1.4855025712612804,168,168,0
5658,10193-1-02,60 o mas,Mujeres,Quintil alto,Centro,Cuidadores domesticos,Movilidad activa,46.1,48.19777990400109,39.96,36.17863104904372,9.22,10.903589046955185,72.72,3.068048,88.14417077430079,51.34,104.6328420256992,-53.2928420256992,141.4370128,6.104095692941588,5.214034228922353,3.0360476929415876,2.145986228922353,1.9895698153815022,0.9895698153815023,53.29284202569923,59.72893146460996,204.17944266569924,-2.0977799040010865,3.781368950956278,-1.6835890469551842,168,168,0
5672,10222-1-02,60 o mas,Mujeres,Quintil alto,Norte,Rutina flexible,Motorizados privados,30.73,38.83616461604354,53.02,40.944038265475996,8.37,12.339797118480476,75.88,3.053327,8.92873870999999,69.6,154.5,-84.9,93.82873871,9.901699318532728,6.654318409302037,6.8483723185327285,3.6009914093020368,3.2429213505571886,2.2429213505571886,84.9,109.65077128861039,272.34374453,-8.10616461604354,12.075961734524007,-3.969797118480477,168,168,0
5680,10237-1-01,60 o mas,Hombres,Quintil medio,Centro,Rutina flexible,Movilidad activa,22.8,40.347833886933785,59.14,42.940631641917975,14.29,12.941534471148259,71.76999999999998,3.184257,6.201059599999994,53.6,120,-66.4,72.6010596,10.528449046213224,4.350989871617073,7.344192046213223,1.1667328716170728,3.3064068152203867,2.3064068152203867,66.4,122.27681288930613,300.21999151000006,-17.547833886933784,16.199368358082026,1.3484655288517402,167.99999999999997,168,0
5685,10240-1-07,60 o mas,Mujeres,Quintil bajo,Sur,Cuidadores domesticos,Movilidad activa,57.38,68.50926003139101,29.85,29.492293011722097,19.66,8.888446956886883,61.110000000000014,3.112983,178.62296454,0,0,0,178.62296454,4.343333886536258,0,1.2303508865362582,-3.112983,1.395232125114804,0.39523212511480416,0,34.64519728029967,154.12378832999997,-11.129260031391006,0.35770698827790426,10.771553043113117,168,168,0
5695,10257-1-02,60 o mas,Mujeres,Quintil bajo,Centro,Cuidadores domesticos,Movilidad activa,44.23,45.44706073707529,32.99,38.5228459766621,18.36,11.610093286262607,72.42,3.126508,68.02544884000002,79.74000000000001,150,-70.25999999999999,138.28544884000002,7.1086030062733006,6.583566378717355,3.9820950062733007,3.4570583787173548,2.2736557866710405,1.2736557866710403,70.25999999999996,74.06515013095176,230.80618579999998,-1.2170607370752933,-5.532845976662095,6.749906713737392,168,168,0
5704,10273-1-02,60 o mas,Mujeres,Quintil bajo,Sur,Cuidadores domesticos,Movilidad activa,63.65,70.26340969718008,32.28,28.259642155672918,11.11,8.51694814714701,60.959999999999994,2.7237,163.35353355,7.489999999999999,0,7.489999999999999,155.86353355,3.6663622769944633,1.1100350953458946,0.9426622769944633,-1.6136649046541054,1.346096220947411,0.346096220947411,10.009971449999995,28.02291544220938,128.19131445,-6.6134096971800815,4.0203578443270835,2.593051852852989,168,168,0
5723,10304-1-02,60 o mas,Mujeres,Quintil bajo,Centro,Cuidadores domesticos,Usuarios publicos,40.84,52.9488429067652,37.49,28.662726554248543,11.92,8.638430538986263,77.74999999999999,3.060794,125.00282696000001,0,0,0,125.00282696000001,4.7808813258893466,0,1.7200873258893465,-3.060794,1.5619742216854013,0.5619742216854015,0,37.06267371596947,151.23383154000004,-12.108842906765197,8.827273445751459,3.2815694610137367,168,168,0
5724,10305-1-01,60 o mas,Mujeres,Quintil bajo,Centro,Rutina flexible,Movilidad activa,25.31,33.08889995389781,28.19,32.33570102687674,21.67,9.745399019225466,92.83,3.178998,26.51043937999998,84.79999999999998,138.75,-53.95000000000002,80.46043938,8.99634001597727,5.206342034630645,5.817342015977269,2.0273440346306453,2.8299294356200506,1.8299294356200506,53.95000000000002,78.67910739564124,212.45484028,-7.77889995389781,-4.14570102687674,11.924600980774535,168,168,0
5727,10310-1-01,60 o mas,Mujeres,Quintil bajo,Sur,Rutina flexible,Movilidad activa,40.84,37.10067051510213,40.85,38.988804635106476,6.15,11.750524849791388,80.16,2.987891,9.205468440000004,37.18,150,-112.82,122.02546844,9.639280238931017,11.549994000032683,6.651389238931017,8.562103000032684,3.2261150888472896,2.2261150888472896,112.82,101.647291086039,253.250877,3.7393294848978726,1.8611953648935256,-5.6005248497913875,168,168,0
5730,10314-1-02,60 o mas,Mujeres,Quintil bajo,Centro,Trabajadores rutinarios,Usuarios publicos,71.07,60.12757034173042,22.09,34.59585950316052,11.99,10.426570155109065,62.85,2.532129,114.3297410378261,66.97999999999999,32.6086956521739,34.37130434782609,79.95843669000001,4.052701748633823,9.26589806769724,1.5205727486338234,6.73376906769724,1.600511565024461,0.600511565024461,65.62866699217386,37.9210235240094,151.92362331217393,10.942429658269575,-12.505859503160519,1.5634298448909352,168,168,0
5748,10353-1-01,60 o mas,Hombres,Quintil alto,Sur,Trabajadores rutinarios,Motorizados privados,53,46.65605091875455,29.96,32.22262818419413,5.63,9.711320897051333,79.41,7.830362,236.00921600000004,196.00000000000003,0,196.00000000000003,40.009216,14.839140297014447,24.20017415463049,7.008778297014447,16.369812154630488,1.8950771748502109,0.8950771748502109,178.99996999999996,129.32455218428072,457.68255358,6.343949081245448,-2.262628184194128,-4.0813208970513335,168,168,0
5753,10360-1-02,60 o mas,Mujeres,Quintil bajo,Centro,Cuidadores domesticos,Movilidad activa,48.2,53.98279752905334,32.09,33.85416554273426,17.75,10.203036928212402,69.96,2.853064,109.41729109921258,20,48.1003937007874,-28.1003937007874,137.51768479999998,4.870825313571198,2.7128631859860795,2.0177613135711985,-0.14020081401392037,1.7072260957241754,0.7072260957241754,28.100393700787436,44.59908515021846,170.29710346078744,-5.78279752905334,-1.7641655427342542,7.546963071787598,168,168,0
5759,10370-1-01,60 o mas,Mujeres,Quintil bajo,Norte,Rutina flexible,Movilidad activa,29.13,37.30860862764753,40.25,33.13507531294884,11.05,9.98631605940363,87.57000000000001,3.053444,47.41007953395349,36.69,78.2267441860465,-41.536744186046505,88.94682372,7.4213947582723305,3.895907239308089,4.367950758272331,0.8424632393080893,2.4304997105800306,1.4304997105800306,41.536744186046505,66.50966762848509,198.17842138604647,-8.178608627647531,7.1149246870511575,1.0636839405963698,168,168,0
5761,10375-1-01,60 o mas,Hombres,Quintil medio,Norte,Trabajadores rutinarios,Movilidad activa,50.53,43.80407365513615,29.6,37.833568807009094,12.91,11.402357537854751,74.96000000000001,9.31823,182.02127026111106,200.05999999999997,88.8888888888889,111.17111111111107,70.85015915,22.101304837925163,32.69211740304973,12.783074837925163,23.37388740304973,2.3718350843373863,1.3718350843373863,288.82889163888893,226.15516299438826,684.9468489388889,6.725926344863851,-8.233568807009092,1.5076424621452489,168,168,0
5771,10388-1-01,60 o mas,Hombres,Quintil medio,Centro,Rutina flexible,Movilidad activa,36.67,38.321915200914056,33.18,34.100735974974704,12.85,10.277348824111264,85.29999999999998,3.097164,49.1272895942857,52.34,116.7857142857143,-64.4457142857143,113.57300388,7.542178678320554,6.736690384862954,4.445014678320554,3.6395263848629544,2.4351886688339897,1.4351886688339894,64.4457142857143,69.56196657703808,207.00817320571434,-1.651915200914054,-0.9207359749747042,2.572651175888735,167.99999999999997,168,0
5772,10391-1-02,60 o mas,Mujeres,Quintil bajo,Centro,Cuidadores domesticos,Movilidad activa,48.41,40.12115255360057,29.33,34.76215793371956,7.62,10.476689512679874,82.64,3.015018,54.49702137999998,58.54,150,-91.46000000000001,145.95702138,7.069699851003741,11.90995924829797,4.054681851003741,8.89494124829797,2.344828406000807,1.3448284060008069,91.46000000000001,66.4689757498517,202.86491510000002,8.28884744639943,-5.432157933719559,-2.856689512679874,168,168,0
5775,10397-2-01,60 o mas,Hombres,Quintil bajo,Centro,Cuidadores domesticos,Motorizados privados,62.74,68.99286228507778,38.84,37.65776444999287,16.42,11.349373264929373,49.999999999999986,3.153969,167.3499951,69.47,0,69.47,97.87999510000002,4.9338046414888295,2.658335119520933,1.7798356414888294,-0.4956338804790672,1.5643161494259548,0.5643161494259549,30.530019960000004,50.25135376840447,204.81834690000005,-6.252862285077775,1.1822355500071353,5.070626735070629,168,168,0
5791,10420-1-02,60 o mas,Hombres,Quintil bajo,Centro,Rutina flexible,Motorizados privados,23.87,36.43036774854175,37.73,25.026957229841383,7.4,7.542675021616862,99,3.047738,72.74950605999999,0,0,0,72.74950605999999,5.655365150585299,1.5151247309046704e-15,2.607627150585299,-3.0477379999999985,1.8555942638721894,0.8555942638721895,1.4210854715202004e-14,38.28071008120514,137.54441594,-12.560367748541747,12.703042770158614,-0.14267502161686174,168,168,0
5797,10438-1-01,60 o mas,Hombres,Quintil bajo,Centro,Trabajadores rutinarios,Motorizados privados,57.71,43.36276897218626,31.83,46.94027572737127,14.91,14.146955300442473,63.55,2.055608,0.46914308999998866,81.83999999999999,150,-68.16000000000001,68.62914309,6.984069973683736,12.163968183884718,4.928461973683737,10.108360183884718,3.3975689789511114,2.397568978951112,118.15999459000001,88.66771171137786,214.23911251,14.347231027813741,-15.110275727371274,0.7630446995575273,168,168,0
5803,10447-1-02,60 o mas,Mujeres,Quintil bajo,Centro,Rutina flexible,Movilidad activa,29.61,42.54630223617377,43.6,27.304586287233036,4.87,8.229111476593202,89.91999999999999,3.067367,90.82473687000001,0,0,0,90.82473687000001,5.373150580185053,-1.4107196019337277e-15,2.305783580185053,-3.0673670000000013,1.751714281396733,0.751714281396733,-1.4210854715202004e-14,39.68038658126562,148.67527849000004,-12.936302236173773,16.295413712766965,-3.3591114765932018,168,168,0
5806,10451-1-02,60 o mas,Mujeres,Quintil bajo,Centro,Rutina flexible,Movilidad activa,28.41,41.0436584234326,60.55,42.336793167068876,7.18,12.75954840949851,71.86000000000001,3.127525,17.531861654494392,39.779999999999994,111.1011235955056,-71.32112359550561,88.85298525,9.679226557078453,5.06676336812344,6.551701557078452,1.9392383681234402,3.09485185796387,2.09485185796387,71.32112359550561,110.83320615625165,283.14839184550556,-12.633658423432603,18.21320683293112,-5.579548409498511,168,168,0
5808,10454-1-01,60 o mas,Mujeres,Quintil bajo,Sur,Rutina flexible,Movilidad mixta,50.18,51.934989080268956,47.19,44.28754190692367,12.2,13.34746901280737,58.42999999999999,2.240402,55.7158071424242,46.55,83.25757575757581,-36.70757575757581,92.423382900000007,5.062468899560573,4.594319531993507,2.8220668995605727,2.3539175319935066,2.2596252367033114,1.2596252367033116,56.707565217575805,60.63944626298853,189.7650399975758,-1.754989080268956,2.9024580930763264,-1.1474690128073703,168,168,0
5809,10465-1-01,60 o mas,Hombres,Quintil bajo,Sur,Cuidadores domesticos,Movilidad activa,67.63,47.27374065005875,21.17,39.79328006647741,10.26,11.992979283463843,68.94,3.162948,72.85017077999998,76.44,187.5,-111.06,183.91017078,7.124072069108793,21.59499099241395,3.9611240691087932,18.43204299241395,2.252351941640771,1.252351941640771,141.06000246000002,76.67421266162205,240.4714581,20.356259349941247,-18.623280066477406,-1.732979283463843,168,168,0
5813,10471-1-03,60 o mas,Mujeres,Quintil bajo,Centro,Cuidadores domesticos,Movilidad activa,70.8,66.14873431442115,30.69,34.671806477604044,9.78,10.449459207974808,56.730000000000004,2.672513,138.71676564788518,42.379999999999995,72.87719515211481,-30.497195152114813,169.2139608,4.05934707403079,6.003813947214329,1.3868340740307903,3.3313009472143293,1.5189250993468657,0.5189250993468658,50.497154752114795,38.06658674095141,158.65375586211482,4.651265685578849,-3.9818064776040423,-0.6694592079748087,168,168,0
5817,10476-1-01,60 o mas,Mujeres,Quintil alto,Norte,Cuidadores domesticos,Motorizados privados,41.33,41.56626939718227,36.11,37.455358771053085,12.87,11.288371831764652,77.69,3.175064,52.48539511999999,60.76,139.5,-78.74000000000001,131.22539512,7.846720522753439,7.735175128993993,4.671656522753439,4.560111128993993,2.4713582223077832,1.4713582223077832,78.74000000000001,79.49017045729514,234.25463471999998,-0.23626939718226936,-1.3453587710530854,1.5816281682353477,168,168,0
5833,10503-1-07,60 o mas,Hombres,Quintil medio,Norte,Trabajadores rutinarios,Usuarios publicos,47.45,44.11011952315646,37.24,35.861783565685705,6.09,10.808096911157826,77.22,2.823617,65.3706297,43.88999999999999,0,43.88999999999999,21.4806297,6.1013759237303695,7.618899276679342,3.2777589237303695,4.795282276679343,2.1608369420252003,1.1608369420252,68.60999695000001,59.17945365761649,190.95732156000003,3.3398804768435397,1.3782164343142966,-4.718096911157826,168,168,0
5845,10520-1-02,60 o mas,Mujeres,Quintil bajo,Norte,Rutina flexible,Movilidad mixta,24.49,41.921071045140216,39.26,31.8653002682933,19.64,9.603628686566477,84.61,3.056898,74.86343201999999,0,0,0,74.86343201999999,6.182665111188065,0,3.125767111188065,-3.056898,2.0225290837928074,1.0225290837928074,0,53.28500621574703,180.05129219999998,-17.431071045140218,7.394699731706698,10.036371313433524,168,168,0
5848,10526-1-04,60 o mas,Mujeres,Quintil medio,Norte,Cuidadores domesticos,Movilidad mixta,66.82,77.14551647807797,40,30.60936972450243,10.16,9.225113797419597,51.02000000000001,1.336595,89.3112705,0,0,0,89.3112705,1.6670406101749684,7.098518398552285e-7,0.33044561017496843,-1.3365942901481602,1.2472294226560539,0.24722942265605397,7.399999987001138e-6,13.801041097016608,67.04361259999999,-10.325516478077972,9.390630275497571,0.9348862025804028,168,168,0
5851,10532-1-02,60 o mas,Mujeres,Quintil bajo,Centro,Cuidadores domesticos,Movilidad activa,46.49,50.198247219056064,34.64,34.87196837517462,14.45,10.509784405769322,72.41999999999999,3.138704,102.6025594863158,33,76.3157894736842,-43.315789473684205,145.91834896,5.826644458014756,4.245674773305173,2.6879404580147557,1.1069707733051728,1.856385456549823,0.856385456549823,43.315789473684205,54.95487985312435,197.39476883368428,-3.7082472190560622,-0.23196837517461688,3.9402155942306774,168,168,0
5856,10543-1-01,60 o mas,Hombres,Quintil bajo,Sur,Trabajadores rutinarios,Movilidad mixta,73.58,55.63248258568294,13.89,31.072749332739775,8.6,9.364768081577282,71.93,3.051276,129.01287073999998,54.5,0,54.5,74.51287074,4.847302080388188,20.431841748319364,1.7960260803881876,17.380565748319363,1.588614756707747,0.588614756707747,95.50001734000003,40.73718819411232,164.12321458000002,17.947517414317055,-17.182749332739775,-0.7647680815772819,168,168,0
5860,10552-1-02,60 o mas,Mujeres,Quintil bajo,Sur,Cuidadores domesticos,Motorizados privados,59.35,63.41965662177253,52.45,44.860265707327265,10,13.520077670900202,46.2,2.980126,121.3346886263158,34.529999999999994,90.06578947368419,-55.5357894736842,176.87047809999999,5.576783273779409,4.278918636385036,2.596657273779409,1.2987926363850364,1.8713246600242437,0.8713246600242436,55.53578947368419,67.66387898330069,241.64465817368418,-4.0696566217725305,7.589734292672738,-3.5200776709002017,168,168,0
5863,10561-1-01,60 o mas,Mujeres,Quintil bajo,Norte,Rutina flexible,Usuarios publicos,38.26,40.74350126830281,35.6,33.776783392526866,10.84,10.179715339170313,83.30000000000001,3.056633,62.5100218232432,24.82,79.2567567567568,-54.4367567567568,116.94677858,6.789809159868048,5.640187645470731,3.7331761598680475,2.583554645470731,2.221336077922357,1.2213360779223568,54.4367567567568,62.027908688993016,196.38679327675678,-2.4835012683028097,1.8232166074731353,0.6602846608296868,168,168,0
5866,10563-1-04,60 o mas,Mujeres,Quintil alto,Sur,Rutina flexible,Movilidad activa,35.59,47.493962610607035,51.2,40.83815237491165,13.85,12.307885014481311,67.36,3.000126,65.9935710979909,50.92,91.70091324200911,-40.780913242009106,106.77448434,6.925509234835887,3.0164988726942696,3.925383234835887,0.01637287269426979,2.30840612522137,1.3084061252213697,40.780913242009106,76.49430097311915,235.9391095420091,-11.903962610607032,10.361847625088352,1.5421149855186886,168,168,0
5876,10583-1-01,60 o mas,Hombres,Quintil bajo,Norte,Trabajadores rutinarios,Motorizados privados,52.93,43.80844859571764,19.67,36.854321424463464,19.17,11.107229979818909,76.22999999999999,2.49728,53.651008159999996,38.47,0,38.47,15.181008159999998,5.5931002615590115,9.728592675362126,3.0958202615590116,7.231312675362126,2.2396768730614958,1.2396768730614955,78.53002224,55.75095434911376,175.52437744000002,9.121551404282357,-17.184321424463462,8.062770020181093,168,168,0
5877,10584-1-02,60 o mas,Mujeres,Quintil bajo,Norte,Rutina flexible,Usuarios publicos,27.84,37.96301744380864,50.28,36.750916854843496,7.67,11.076065701347868,82.21,3.180802,33.2568715733333,30.12,35.4166666666667,-5.296666666666699,38.55353824,8.802551828075925,4.591334669935791,5.6217498280759255,1.4105326699357912,2.76740011735277,1.76740011735277,55.2966561066667,87.49597023796811,239.62413200666674,-10.123017443808639,13.529083145156505,-3.4060657013478686,168,168,0
5881,10589-1-02,60 o mas,Mujeres,Quintil medio,Centro,Cuidadores domesticos,Usuarios publicos,80.9,58.723634068239555,24.67,44.43458175265486,10.98,13.391784179105594,51.44999999999999,2.785691,96.99700088461542,76.25,104.6153846153846,-28.3653846153846,125.36238550000002,5.540761402459608,17.325348086988747,2.7550704024596078,14.539657086988747,1.9890078987438333,0.9890078987438333,128.36540101538458,66.58889802657289,227.6752851653846,22.17636593176045,-19.764581752654856,-2.4117841791055934,168,168,0
5905,10625-1-03,60 o mas,Mujeres,Quintil alto,Centro,Trabajadores rutinarios,Usuarios publicos,43.74,43.31364407838386,45.36,42.505855241856054,9.53,12.810500679760095,69.36999999999999,3.067508,33.59916932150669,89.83,80.4036478984933,9.426352101506694,24.17281722,8.634546249208142,8.816260586600473,5.567038249208142,5.748752586600473,2.8148406619340984,1.8148406619340982,100.57363059849332,99.26578039808844,268.94914471849336,0.42635592161614255,2.8541447581439456,-3.2805006797600953,168,168,0
5920,10642-1-01,60 o mas,Hombres,Quintil bajo,Sur,Trabajadores rutinarios,Movilidad mixta,62.42,51.033351569949865,26.98,33.73847772921501,5.54,10.168170700835123,73.05999999999999,2.386384,83.41808184,59.46,0,59.46,23.95808184,4.204575115076656,9.697269615987633,1.8181911150766559,7.310885615987633,1.7619021561813422,0.761902156181342,65.54000744,38.36709181290324,143.14521512000005,11.386648430050137,-6.758477729215013,-4.628170700835123,168,168,0
5924,10650-1-01,60 o mas,Mujeres,Quintil bajo,Centro,Rutina flexible,Movilidad activa,46.94,56.353153190624845,47.2,39.21742107441234,13.25,11.819425734962806,60.61,2.96361,108.85185340000001,97.24000000000001,127.5,-30.25999999999999,139.1118534,5.4829091112027655,2.408608084102212,2.5192991112027654,-0.5550019158977881,1.8500778142882381,0.8500778142882381,30.25999999999999,58.15691492726768,209.4102245,-9.413153190624847,7.98257892558766,1.430574265037194,168,168,0
5929,10663-1-01,60 o mas,Hombres,Quintil medio,Centro,Trabajadores rutinarios,Motorizados privados,50.52,47.42891643097477,40.22,46.92786779603971,17.76,14.143215772985538,59.499999999999986,7.273222,79.480041366631,177.66,115.623136553369,62.036863446631,17.44317792,20.91661176763807,23.89748522397996,13.64338976763807,16.62426322397996,2.8758384891370112,1.875838489137011,287.963134073369,265.4809970552962,709.6645456333691,3.09108356902523,-6.707867796039714,3.6167842270144632,168,168,0
5930,10663-1-02,60 o mas,Mujeres,Quintil medio,Centro,Cuidadores domesticos,Movilidad activa,39.94,48.82330024075195,30.95,32.109479762520216,19.72,9.677219996727837,77.39,3.04748,101.76531959594514,12.31,32.261031604054864,-19.95103160405486,121.7163512,5.414559322759863,1.8945582973128903,2.3670793227598628,-1.15292170268711,1.776733341239274,0.776733341239274,19.95103160405486,47.02271142174162,174.36684320405487,-8.88330024075195,-1.159479762520217,10.042780003272162,168,168,0
5932,10669-1-01,60 o mas,Mujeres,Quintil bajo,Centro,Rutina flexible,Motorizados privados,24.29,27.45759558228489,32.56,28.648316738241014,7.89,8.634087679474101,103.26,3.005047,7.329216940173694,37.72,103.3833746898263,-65.6633746898263,72.99259162999999,9.702962196787071,7.810848139559499,6.697915196787072,4.805801139559499,3.2288886652312168,2.2288886652312168,65.6633746898263,75.18214829158475,187.21752583982627,-3.167595582284889,3.911683261758988,-0.7440876794741014,168,168,0
5949,10695-1-01,60 o mas,Hombres,Quintil bajo,Centro,Cuidadores domesticos,Motorizados privados,59.06,45.537340460492736,29.01,43.571110172727494,14.17,13.131549366779772,65.75999999999999,3.190616,43.94585113543903,166.78,311.27192982456097,-144.49192982456097,188.43778096,8.59999221571566,16.10106023341658,5.40937621571566,12.910444233416579,2.695401833287259,1.695401833287259,144.49192982456097,101.34631593525646,282.262728704561,13.522659539507266,-14.561110172727492,1.0384506332202275,168,168,0
5950,10695-1-02,60 o mas,Mujeres,Quintil bajo,Centro,Cuidadores domesticos,Motorizados privados,61.57,63.459465292845614,37.41,35.20913449408296,10.3,10.611400213071422,58.72000000000001,2.372081,115.3109633845614,35.49,41.2280701754386,-5.738070175438601,121.04903356,3.698478269938816,3.099992278483341,1.3263972699388158,0.727911278483341,1.559170310768821,0.5591703107688211,30.738063785438612,35.22002850675713,143.9100482954386,-1.889465292845614,2.2008655059170366,-0.31140021307142085,168,168,0
5952,10698-1-02,60 o mas,Mujeres,Quintil medio,Centro,Trabajadores rutinarios,Usuarios publicos,51.39,50.317778397078776,27.59,34.757066543676835,16.57,10.47515505924441,72.44999999999999,3.054332,100.69211934,43.73,0,43.73,56.96211934,5.637430045248322,6.131142189439898,2.5830980452483217,3.076810189439898,1.8457161976001042,0.8457161976001043,56.27000214,52.99508138710641,191.14930326000004,1.0722216029212248,-7.167066543676835,6.094844940755591,168,168,0
5968,10721-1-03,60 o mas,Hombres,Quintil bajo,Centro,Rutina flexible,Movilidad activa,4.41,24.306344503700743,40.88,24.38458109445934,10.75,7.349074401839896,111.96000000000001,3.091584,13.63388544,0,0,0,13.63388544,9.326694717086326,0,6.235110717086326,-3.091584,3.0168013280849966,2.0168013280849966,0,61.51122032612916,159.61848192,-19.896344503700742,16.495418905540664,3.4009255981601036,168,168,0
5973,10726-1-02,60 o mas,Mujeres,Quintil bajo,Centro,Trabajadores rutinarios,Usuarios publicos,64,49.96529954416857,32.81,41.590170651233585,7.28,12.534529804597843,63.91,1.878903,47.7979682653061,78.64,63.5918367346939,15.048163265306101,32.749805,4.096652951368615,8.695744821243936,2.2177499513686145,6.816841821243936,2.18034297213247,1.18034297213247,72.4518237346939,46.081982944130864,147.7770450046939,14.034700455831427,-8.780170651233583,-5.254529804597843,168,168,0
5975,10728-1-04,60 o mas,Mujeres,Quintil bajo,Centro,Cuidadores domesticos,Movilidad mixta,82.17,88.40912489054624,22.95,20.02553795206991,9.35,6.0353371573838555,53.529999999999994,3.015445,247.77911565000002,0,0,0,247.77911565000002,3.473598486700713,0,0.4581534867007129,-3.015445,1.151935613715625,0.151935613715625,0,18.813737955573202,97.39887350000001,-6.239124890546236,2.9244620479300885,3.314662842616144,168,168,0
5988,10766-1-02,60 o mas,Mujeres,Quintil bajo,Centro,Rutina flexible,Movilidad activa,36.35,42.04917733108157,44.3,40.572884594860454,14.2,12.22793807405796,73.15,2.931843,35.26249305,33.690000000000005,105,-71.31,106.57249305,8.021022264541738,5.865271113458022,5.0891792645417375,2.9334281134580222,2.7358293962336107,1.7358293962336104,71.31,88.0190931638902,242.8228155,-5.699177331081572,3.7271154051395428,1.9720619259420396,168,168,0
6002,10786-1-01,60 o mas,Mujeres,Quintil alto,Centro,Cuidadores domesticos,Motorizados privados,77.61,83.59321870525508,24.54,19.21555764239732,6.45,5.791223652347604,59.39999999999999,2.937085,227.94716685,0,0,0,227.94716685,3.3813265810412374,0,0.44424158104123723,-2.937085,1.1512525449693274,0.15125254496932747,0,17.573221910924133,91.02026415000003,-5.983218705255084,5.324442357602678,0.6587763476523962,168,168,0
6006,10793-1-01,60 o mas,Hombres,Quintil bajo,Norte,Trabajadores rutinarios,Movilidad activa,67.49,48.98566331328895,20.88,39.53054194888037,12.06,11.91379473783067,67.57000000000001,4.049972,105.01263079,81.68,0,81.68,23.332630790000003,8.733739020535808,24.587003094636955,4.683767020535807,20.537031094636955,2.156493679594774,1.1564936795947742,168.31997948999998,93.3779340302475,301.72605717,18.504336686711042,-18.65054194888037,0.14620526216932994,168,168,0
6007,10795-1-03,60 o mas,Mujeres,Quintil alto,Norte,Rutina flexible,Usuarios publicos,32.88,44.21440188120712,46.99,35.79701983258985,10.93,10.78857828620304,77.19999999999999,3.308597,77.0524368844011,30.759999999999998,62.4942324755989,-31.7342324755989,108.78666936,7.151033289888491,2.6362886926380016,3.842436289888491,-0.6723083073619982,2.1613491428205043,1.161349142820504,31.7342324755989,69.2352005365551,223.36817071559892,-11.334401881207114,11.192980167410155,0.14142171379696045,168,168,0
6041,10861-1-01,60 o mas,Hombres,Quintil bajo,Centro,Trabajadores rutinarios,Motorizados privados,73.25,63.09991120085338,31.9,38.78960049597345,8.43,11.690488303173176,54.42,1.699438,78.1038715,53.62,0,53.62,24.4838715,2.776652810214167,5.5334461470703005,1.0772148102141672,3.8340081470703007,1.6338653191314818,0.6338653191314818,46.379962000000006,29.13051539135587,114.91829654,10.150088799146623,-6.889600495973454,-3.260488303173176,168,168,0
6045,10871-1-02,60 o mas,Mujeres,Quintil bajo,Sur,Cuidadores domesticos,Movilidad activa,42.82,40.83095005304489,18.64,28.084796989773423,15.92,8.464252957181685,90.62,3.036883,81.32361577428568,45.57,94.2857142857143,-48.715714285714306,130.03933006,5.618145952524894,6.782485313955586,2.581262952524894,3.7456023139555863,1.8499711554659477,0.8499711554659477,48.71571428571431,42.675202315655426,153.6703907657143,1.989049946955113,-9.444796989773423,7.455747042818315,168,168,0
6046,10872-1-01,60 o mas,Mujeres,Quintil bajo,Centro,Cuidadores domesticos,Movilidad activa,46.14,31.42522669222859,14.12,28.51950666797183,8.28,8.595266639799584,99.46,3.166844,37.77818216,60.410000000000004,168.75,-108.34,146.11818216,8.004194142034645,23.27203353646707,4.837350142034645,20.10518953646707,2.5274987154512965,1.5274987154512962,108.34,61.74060843892397,179.27730560000003,14.71477330777141,-14.39950666797183,-0.31526663979958514,168,168,0
6052,10876-1-01,60 o mas,Hombres,Quintil medio,Sur,Trabajadores rutinarios,Movilidad mixta,38.25,33.77621246290315,22.42,30.43978386825531,12.72,9.174003668841545,94.61,7.785448,100.20337975,234.91,232.5,2.4099999999999966,97.79337975,19.76940854272998,27.055573177377923,11.983960542729982,19.270125177377924,2.5392769359874965,1.5392769359874965,197.59000625,162.75956601688443,471.17064896999995,4.473787537096847,-8.01978386825531,3.545996331158456,168,168,0
6055,10884-1-02,60 o mas,Mujeres,Quintil medio,Centro,Rutina flexible,Usuarios publicos,23.88,35.89696511676983,38.82,24.276526264679802,4.79,7.316508618550373,100.51,2.963305,70.7637234,0,0,0,70.7637234,5.42342112546557,0,2.4601161254655697,-2.963305,1.8301933568989928,0.8301933568989928,0,35.60993281534961,129.22973105,-12.016965116769828,14.543473735320198,-2.5265086185503733,168,168,0
6059,10890-1-02,60 o mas,Mujeres,Quintil bajo,Centro,Cuidadores domesticos,Movilidad activa,56.93,43.86051873740499,23.02,34.14022973050977,8.34,10.289251532085249,79.71,3.151078,77.97087054,61.33,162.75,-101.42,179.39087054,6.523579184030467,15.561127938952048,3.372501184030467,12.410049938952048,2.070269026672925,1.070269026672925,101.42,60.23704512202464,200.23780607999998,13.069481262595012,-11.120229730509774,-1.949251532085249,168,168,0
6079,10921-1-01,60 o mas,Hombres,Quintil bajo,Centro,Rutina flexible,Movilidad activa,42.2,49.73312728815125,35.47,34.314960474503664,16.72,10.341912237345086,73.61,3.278876,106.7885672,58.42,90,-31.58,138.3685672,6.064022048559062,2.9115104283284716,2.7851460485590622,-0.3673655716715283,1.8494209749191681,0.8494209749191681,31.58,56.28019027006421,202.70453844000002,-7.533127288151249,1.1550395254963348,6.378087762654912,168,168,0
6082,10927-1-01,60 o mas,Hombres,Quintil medio,Sur,Trabajadores rutinarios,Motorizados privados,55.01,38.915072661284675,21.5,37.510067330562016,11.22,11.304860008153295,80.27000000000001,3.323922,36.704390665454476,133.05999999999997,129.2045454545455,3.855454545454478,32.84893612,9.132061733738258,21.49130937059499,5.808139733738258,18.16738737059499,2.747375459995228,1.747375459995228,146.14455855454554,92.64627548498822,254.9032863945455,16.094927338715323,-16.010067330562016,-0.08486000815329398,168,168,0
6092,10941-1-01,60 o mas,Mujeres,Quintil bajo,Centro,Cuidadores domesticos,Movilidad activa,59.42,52.72044036974637,28.84,35.000913486010504,10.01,10.548646144243138,69.72999999999999,3.098955,110.94445155454551,41.35,114.5454545454545,-73.19545454545451,184.13990610000002,5.5388658079461,9.065392455310123,2.4399108079460996,5.966437455310123,1.7873334101160228,0.7873334101160229,73.19545454545451,52.43382073148186,193.58985629545455,6.699559630253631,-6.160913486010504,-0.5386461442431383,168,168,0
6095,10944-1-01,60 o mas,Mujeres,Quintil medio,Norte,Trabajadores rutinarios,Usuarios publicos,53.87,39.21612371031385,12.72,32.668252295943695,15.14,9.845623993742443,86.27,2.914518,56.77836084025161,51.55000000000001,76.7767295597484,-25.226729559748392,82.0050904,6.509754521581124,17.309955188409525,3.595236521581124,14.395437188409524,2.2335612686492667,1.2335612686492667,100.22672381974839,57.51773760368491,181.4251952997484,14.653876289686146,-19.948252295943696,5.294376006257558,168,168,0
6110,10969-1-02,60 o mas,Mujeres,Quintil bajo,Centro,Cuidadores domesticos,Movilidad activa,68.52,54.16790794671571,33.14,41.61121873469419,6.66,12.540873318590103,59.68000000000001,2.859736,89.75909691999999,51.31,150,-98.69,188.44909692,5.788572802844503,12.83790407584573,2.9288368028445033,9.97816807584573,2.024163350338809,1.0241633503388088,106.19001379999997,65.146819479909,220.0075066,14.352092053284288,-8.47121873469419,-5.880873318590103,168,168,0
6111,10970-1-01,60 o mas,Hombres,Quintil bajo,Centro,Rutina flexible,Movilidad activa,32.37,36.82687980735437,41.68,36.57121377054274,10.37,11.021906422102902,83.57999999999998,3.06793,25.18152567894738,79.82,153.9473684210526,-74.12736842105261,99.30889409999999,8.87662016509364,6.8525366963134715,5.808690165093639,3.7846066963134715,2.8933581160892325,1.8933581160892323,74.12736842105261,87.80076368842933,233.8131249210527,-4.456879807354376,5.108786229457259,-0.6519064221029023,168,168,0
6113,10971-1-01,60 o mas,Mujeres,Quintil bajo,Centro,Rutina flexible,Movilidad activa,41.34,45.39820854065645,18.68,29.86193965037663,24.24,8.999851808966932,83.74,3.300468,102.20989582775351,38.36,72.5914512922465,-34.231451292246504,136.44134712000002,5.896708966472347,3.837594826218932,2.596240966472347,0.5371268262189322,1.7866281286388315,0.7866281286388315,34.231451292246504,47.625438718009804,175.88753785224648,-4.0582085406564445,-11.18193965037663,15.240148191033066,168,168,0
6118,10978-1-01,60 o mas,Hombres,Quintil bajo,Centro,Rutina flexible,Usuarios publicos,35.45,46.1277662215124,49.51,36.293903643666496,8.4,10.938330134821088,74.64000000000001,3.294119,84.2783704018519,20.65,53.148148148148096,-32.4981481481481,116.77651855,6.893883248228467,2.7002163982693044,3.599764248228467,-0.5939026017306954,2.0927851265326076,1.0927851265326078,32.498148148148104,67.6719807359903,223.26057943814803,-10.6777662215124,13.216096356333502,-2.538330134821088,168.00000000000003,168,0
6121,10980-1-02,60 o mas,Mujeres,Quintil medio,Centro,Cuidadores domesticos,Movilidad activa,53.86,46.00365461807893,45.8,45.671712295886245,5.78,13.764633086034815,62.56,3.091104,32.74162849678501,94.59,198.335209003215,-103.745209003215,136.4868375,8.861324932966097,12.476434612577256,5.770220932966097,9.385330612577256,2.866718471124264,1.8667184711242641,133.745232943215,109.46045230777725,293.18437726321497,7.8563453819210665,0.12828770411375245,-7.9846330860348145,168,168,0
6123,10983-1-01,60 o mas,Mujeres,Quintil bajo,Sur,Cuidadores domesticos,Usuarios publicos,53.85,40.04507031171148,15.16,31.162970552809302,11.59,9.391959135479222,87.4,3.121071,70.37967335000002,44.81,142.5,-97.69,168.06967335000002,6.478478299955303,17.571945370450344,3.357407299955303,14.450874370450343,2.0757228207737994,1.0757228207737994,97.69,54.603834292843644,181.17864924999998,13.804929688288524,-16.002970552809302,2.1980408645207774,168,168,0
6145,11018-1-03,60 o mas,Mujeres,Quintil medio,Centro,Rutina flexible,Motorizados privados,38.73,48.472036410143595,55.36,41.869307082625554,8.87,12.618656507230837,65.04,3.138391,69.5714218915385,49.56,101.53846153846149,-51.97846153846149,121.54988343,7.289951716835014,3.893848231431896,4.151560716835014,0.7554572314318961,2.3228309400692946,1.3228309400692948,51.97846153846149,82.55278092972847,253.55731546846144,-9.742036410143598,13.490692917374446,-3.7486565072308373,168,168,0
6152,11038-1-02,60 o mas,Mujeres,Quintil bajo,Centro,Rutina flexible,Movilidad activa,45.9,55.51301181612141,32.96,24.986504798031643,9.17,7.530483385846967,79.96999999999998,3.021863,138.7035117,0,0,0,138.7035117,4.298505188329745,0,1.276642188329745,-3.021863,1.4224685858788915,0.4224685858788916,0,29.049204725700093,127.31108819000005,-9.613011816121414,7.973495201968358,1.6395166141530328,168,168,0
6154,11041-1-01,60 o mas,Mujeres,Quintil medio,Centro,Cuidadores domesticos,Usuarios publicos,79.13,72.82457126109145,26.6,34.08332674404819,11.45,10.27210199486035,50.82000000000001,3.022947,179.91949981370365,37.01,96.2962962962963,-59.28629629629631,239.20579610999997,4.363613140920937,7.497097868221697,1.3406661409209373,4.474150868221697,1.4434964096032572,0.44349640960325715,59.286296296296314,40.22531940629895,174.3094296462963,6.305428738908546,-7.483326744048192,1.1778980051396495,168,168,0
6155,11043-1-01,60 o mas,Mujeres,Quintil bajo,Centro,Rutina flexible,Movilidad activa,35.41,39.90042671453413,36.49,32.93389066302956,10.86,9.925682622436328,85.24,2.921329,59.095155412388095,24.830000000000002,69.1791044776119,-44.3491044776119,103.44425989,6.451565308185569,4.506697337788124,3.530236308185569,1.5853683377881236,2.2084350335705323,1.208435033570532,44.3491044776119,57.46711826115518,182.67403262761192,-4.490426714534131,3.5561093369704437,0.9343173775636711,168,168,0
6165,11062-1-01,60 o mas,Mujeres,Quintil bajo,Centro,Trabajadores rutinarios,Usuarios publicos,59.73,53.31012438152733,28.35,36.576404733459874,12.83,11.02347088501278,67.09000000000002,3.06702,107.88309059,47.190000000000005,0,47.190000000000005,60.69309059,5.622373335746373,8.799538733238165,2.5553533357463736,5.732518733238166,1.8331713962564227,0.8331713962564228,75.31001400999997,55.62012709063194,201.60989760999996,6.419875618472666,-8.226404733459873,1.806529114987221,168,168,0
6170,11072-1-01,60 o mas,Hombres,Quintil bajo,Norte,Rutina flexible,Movilidad activa,8.52,40.916584378173695,74.3,40.95139985315279,11.39,12.342015768673518,73.78999999999999,3.26423,27.811239599999997,0,0,0,27.811239599999997,9.54772588362838,0,6.28349588362838,-3.26423,2.9249550073457997,1.9249550073457997,0,105.74990262476592,279.7118687,-32.3965843781737,33.348600146847204,-0.9520157686735171,168,168,0
6172,11074-1-01,60 o mas,Mujeres,Quintil bajo,Norte,Rutina flexible,Movilidad activa,29.07,31.22451746930418,31.8,30.6869787639083,10.29,9.248503766787522,96.84,3.125206,23.269738419999996,22.42,90,-67.58,90.84973842,8.953672312766853,7.7256100411334,5.828466312766853,4.6004040411334,2.864986280189803,1.864986280189803,67.58,74.31331092217424,199.11992054,-2.154517469304178,1.1130212360917007,1.0414962332124773,168,168,0
6174,11080-1-02,60 o mas,Mujeres,Quintil bajo,Norte,Rutina flexible,Movilidad activa,34.91,45.73661834511641,32,25.23731006890096,11.67,7.606071585982627,89.42,3.130371,109.28125161,0,0,0,109.28125161,4.965171949611249,-1.5657792330141465e-15,1.8348009496112492,-3.1303710000000016,1.5861289123912945,0.5861289123912946,-1.4210854715202004e-14,33.89133209562041,136.70330156999998,-10.826618345116415,6.76268993109904,4.063928414017373,168,168,0
6178,11093-1-01,60 o mas,Mujeres,Quintil medio,Centro,Rutina flexible,Usuarios publicos,32.84,41.10414398515657,45.95,34.57543994692075,7.31,10.420416067922687,81.89999999999999,3.059868,61.12606512000001,35.64,75,-39.36,100.48606512,6.913065205125982,3.555882885192397,3.8531972051259826,0.49601488519239734,2.2592690943289,1.2592690943289,39.36,64.64718972757305,202.32856968,-8.264143985156565,11.37456005307925,-3.1104160679226878,168,168,0
6188,11105-1-02,60 o mas,Hombres,Quintil bajo,Centro,Trabajadores rutinarios,Usuarios publicos,60.12,49.414000285157115,12.58,24.401750701948572,8.47,7.354249012894315,86.83,2.204746,87.82931552,40.279999999999994,0,40.279999999999994,47.54931551999999,3.199480491296055,10.222175945844723,0.9947344912960547,8.017429945844723,1.4511787259376159,0.4511787259376158,44.72001399999999,21.116003952699018,91.12991730000002,10.705999714842882,-11.821750701948572,1.1157509871056854,168,168,0
6196,11113-1-03,60 o mas,Mujeres,Quintil medio,Norte,Rutina flexible,Movilidad activa,36.34,48.51518590059152,38.7,27.812597250538452,9.67,8.382216848870037,83.28999999999999,3.064688,111.37076192,0,0,0,111.37076192,4.960312520359579,0,1.8956245203595787,-3.064688,1.6185375217182234,0.6185375217182235,0,37.313146127311995,148.23895856000001,-12.175185900591515,10.88740274946155,1.2877831511299629,168,168,0
6199,11116-1-01,60 o mas,Mujeres,Quintil bajo,Centro,Rutina flexible,Motorizados privados,32.82,53.5648650692411,56.52,39.400524972430205,15.5,11.87460995832869,63.16,3.077288,100.99659215999999,0,0,0,100.99659215999999,5.990533028431033,0,2.913245028431033,-3.077288,1.9466923565266017,0.9466923565266017,0,63.8379243391948,221.62628176000004,-20.7448650692411,17.1194750275698,3.6253900416713094,168,168,0
6207,11130-1-01,60 o mas,Mujeres,Quintil bajo,Centro,Rutina flexible,Movilidad activa,34.02,35.04036176927823,32.51,37.744211406946874,17.63,11.375426823774886,83.84,2.91425,0.5927849999999921,47.699999999999996,146.25,-98.55000000000001,99.142785,9.945012312112645,9.457270698426502,7.030762312112645,6.543020698426502,3.412546045161755,2.412546045161755,98.55000000000001,101.52358928611908,244.670495,-1.0203617692782245,-5.234211406946876,6.254573176225113,168,168,0
6208,11132-1-01,60 o mas,Mujeres,Quintil bajo,Centro,Trabajadores rutinarios,Usuarios publicos,69.4,56.421795774970754,17.3,38.38857714960869,19.68,11.569627075420565,61.62,1.850486,70.2637482,41.839999999999996,0,41.839999999999996,28.423748200000002,3.2885241533423666,7.56747272526968,1.4380381533423665,5.71698672526968,1.777113770837697,0.777113770837697,58.15998020000002,34.14399497644254,126.59095248000001,12.978204225029252,-21.088577149608692,8.110372924579435,168,168,0
6213,11138-1-01,60 o mas,Mujeres,Quintil bajo,Centro,Rutina flexible,Usuarios publicos,27,38.93768350262907,44.88,35.97891751846025,13.88,10.843398978910686,82.24000000000001,2.942517,41.1599814719101,34.83,73.1179775280899,-38.2879775280899,79.447959,7.544393439748499,3.1352643221949412,4.6018764397485,0.19274732219494117,2.5639251836942654,1.5639251836942656,38.2879775280899,73.41481417519549,211.1902764480899,-11.93768350262907,8.901082481539753,3.0366010210893144,168,168,0
6223,11163-1-02,60 o mas,Mujeres,Quintil alto,Norte,Cuidadores domesticos,Usuarios publicos,40.15,43.019013489121356,40.44,37.115148069035456,10.73,11.185838441843188,76.67999999999999,3.189568,62.614667790695705,45.41,110.8564874093043,-65.4464874093043,128.0611552,7.431238794661913,6.1540985495913825,4.241670794661912,2.9645305495913825,2.3298574586470373,1.3298574586470369,65.4464874093043,74.5974010257741,228.65668196930432,-2.8690134891213575,3.3248519309645417,-0.4558384418431878,168,168,0
6228,11171-1-01,60 o mas,Hombres,Quintil bajo,Centro,Trabajadores moviles,Movilidad mixta,83.23,58.492923622119264,21.2,43.244086167619464,10.34,13.032990210261284,53.22999999999999,3.129076,111.57297106,101.14,0,101.14,10.43297106,6.109415697989935,22.709622658642886,2.9803396979899346,19.580546658642884,1.9524663824048807,0.9524663824048808,148.86002442,71.45583241580646,247.55108146000003,24.73707637788074,-22.044086167619465,-2.692990210261284,168,168,0
6229,11173-1-01,60 o mas,Mujeres,Quintil bajo,Centro,Cuidadores domesticos,Movilidad activa,54.23,46.166237968407586,24.24,39.05368377523972,18.52,11.770078256352672,71.01000000000002,3.080133,68.47561259,51.44,150,-98.56,167.03561259,6.97954328240486,11.090637728316663,3.89941028240486,8.010504728316663,2.265987631834359,1.265987631834359,98.56,73.72254046234517,230.26648707999996,8.063762031592411,-14.81368377523972,6.749921743647327,168,168,0
6234,11186-1-01,60 o mas,Mujeres,Quintil bajo,Centro,Trabajadores rutinarios,Movilidad activa,26.07,27.575560773221937,21.02,25.583908964241385,13.78,7.710530262536683,107.13000000000001,2.999548,28.246345856402904,39.71,89.6618705035971,-49.9518705035971,78.19821636,7.871585685711508,6.906627487312446,4.872037685711508,3.907079487312446,2.6242572833345252,1.624257283334525,49.9518705035971,54.467872309793414,154.33614090359706,-1.5055607732219372,-4.563908964241385,6.069469737463316,168,168.00000000000003,2.842170943040401e-14
6237,11198-1-01,60 o mas,Hombres,Quintil bajo,Norte,Trabajadores rutinarios,Usuarios publicos,62.02,46.769605351585575,11.12,27.355837098573655,9.23,8.244557549840794,85.62999999999998,3.915571,135.0537301,67.21000000000001,0,67.21000000000001,67.8437301,6.497807742989054,25.486342336818954,2.5822367429890543,21.570771336818954,1.6594789733065891,0.6594789733065891,107.78998332,48.07598029611327,187.4718531700001,15.250394648414428,-16.235837098573654,0.9854424501592067,168,168,0
6238,11204-1-02,60 o mas,Mujeres,Quintil medio,Sur,Rutina flexible,Usuarios publicos,26.52,31.011424141808188,34.35,30.26672809003525,9.53,9.121847768156561,97.6,3.04498,23.89040206753249,65.67,122.5324675324675,-56.862467532467505,80.7528696,8.616900723676578,6.235231810772278,5.571920723676578,3.1902518107722786,2.829871041411299,1.8298710414112993,56.862467532467505,70.5387642157906,190.4761899324675,-4.491424141808189,4.0832719099647505,0.4081522318434381,168,168,0
6247,11222-1-01,60 o mas,Mujeres,Quintil medio,Centro,Trabajadores rutinarios,Movilidad activa,49.5,43.18128841097572,28.48,34.29332107707261,9.83,10.335390511951664,80.19,4.348868,101.70712931818179,104.61999999999999,43.1818181818182,61.43818181818179,40.2689475,9.280994552813084,14.263095074294899,4.9321265528130835,9.9142270742949,2.134117327270702,1.134117327270702,113.56183668181822,86.08259405108137,280.1669697618183,6.318711589024282,-5.813321077072612,-0.5053905119516635,168,168,0
6251,11229-1-01,60 o mas,Mujeres,Quintil bajo,Centro,Trabajadores moviles,Motorizados privados,122.56,61.05953506772411,5.12,53.62796139132368,3.17,16.1625035409522,37.15,1.245898,34.67719124,81.98,100,-18.019999999999996,52.697191239999995,2.8540645788455308,68.50067481222823,1.6081665788455308,67.25477681222823,2.2907690507935086,1.2907690507935088,118.02006764,41.39676138180734,128.34856206,61.50046493227589,-48.50796139132368,-12.992503540952201,168,168,0
6252,11230-1-03,60 o mas,Hombres,Quintil alto,Centro,Cuidadores domesticos,Movilidad activa,64.05,61.845874033275514,38.17,37.02535080581117,7.81,11.158775160913306,57.97,2.472579,112.32135038915109,25.869999999999997,64.4173753608489,-38.547375360848896,150.86872574999998,4.054043340889312,4.8186906952135935,1.5814643408893123,2.3461116952135934,1.6396011374719726,0.6396011374719724,46.047334560848896,40.59745898217125,159.7365169808489,2.204125966724483,1.1446491941888297,-3.3487751609133065,168,168,0
6255,11236-1-01,60 o mas,Hombres,Quintil bajo,Sur,Rutina flexible,Usuarios publicos,21.17,41.825192419982876,58.6,34.52084534401223,6.98,10.403962236004912,81.24999999999999,3.259562,69.00492754,0,0,0,69.00492754,7.211004836158317,0,3.951442836158317,-3.259562,2.212261903948542,1.2122619039485418,0,67.32688031486423,213.76207596000006,-20.655192419982875,24.07915465598777,-3.423962236004911,168,168,0
6257,11245-1-02,60 o mas,Hombres,Quintil alto,Norte,Cuidadores domesticos,Motorizados privados,74.35,56.32079935523193,27.69,42.2467804500885,9.26,12.732420194679564,56.70000000000001,4.922995,164.68340763150474,82.06000000000002,38.4012539184953,43.65874608150472,121.02466155,9.853040199609813,26.218744019973887,4.930045199609813,21.295749019973886,2.0014320956267095,1.0014320956267095,201.34127061849523,112.58360599030527,383.2459358684952,18.029200644768068,-14.5567804500885,-3.4724201946795645,168,168,0
6259,11247-1-01,60 o mas,Mujeres,Quintil medio,Centro,Cuidadores domesticos,Movilidad activa,57.49,63.03224236527226,25.65,24.940991222414524,12.35,7.51676641231323,72.50999999999999,3.058752,164.96006627310348,13.939999999999998,24.827586206896548,-10.88758620689655,175.84765248000002,4.127082635092393,1.3786103392761648,1.0683306350923925,-1.6801416607238353,1.3492701059426826,0.34927010594268265,10.887586206896543,27.83993112615778,127.12016220689654,-5.5422423652722586,0.7090087775854741,4.833233587686769,168,168,0
6266,11263-1-01,60 o mas,Hombres,Quintil medio,Centro,Trabajadores moviles,Usuarios publicos,55.8,53.18202026636216,45.37,44.05929902309587,9.35,13.27868071054196,57.48000000000001,4.806932,128.438828089441,125.74,15.527950310559,110.21204968944099,18.226778400000004,10.674567491817855,12.291850058535907,5.867635491817856,7.484918058535907,2.2206612225464926,1.2206612225464923,139.787977510559,127.20352695358378,402.8232965505589,2.6179797336378385,1.3107009769041298,-3.928680710541961,168,168,0
6267,11263-1-02,60 o mas,Mujeres,Quintil medio,Centro,Jovenes trabajadores,Usuarios publicos,46.2,52.97521669934629,56.57,41.790021917079294,4.59,12.594761383574433,60.639999999999986,4.119978,120.45900404472049,62.88,7.7639751552795,55.1160248447205,65.34297919999999,8.652564859493976,5.497986541705337,4.532586859493977,1.378008541705337,2.100148316203139,1.1001483162031391,69.88397955527951,97.79772330181883,321.86183403527957,-6.775216699346288,14.779978082920707,-8.004761383574433,168,168,0
6269,11266-1-02,60 o mas,Mujeres,Quintil bajo,Sur,Rutina flexible,Movilidad mixta,38.28,42.19145567775875,43.27,43.1683727692237,16.82,13.010171553017546,69.63,3.079962,20.570945360000024,55.67000000000001,153,-97.32999999999998,117.90094536000001,9.368058244303262,7.793598713359597,6.2880962443032615,4.713636713359597,3.0416148784638453,2.0416148784638453,97.32999999999998,109.37713485218117,282.40491657999996,-3.9114556777587524,0.10162723077630176,3.809828446982454,168,168,0
6270,11267-1-01,60 o mas,Mujeres,Quintil bajo,Norte,Cuidadores domesticos,Movilidad activa,35.84,25.943487124350728,23.91,27.614115007032364,2.13,8.322397868616905,106.12,2.436509,2.064492880000003,68.49000000000001,150,-81.50999999999999,83.57449288,8.187156208103278,15.754253051637894,5.7506472081032785,13.317744051637895,3.3601994526198253,2.3601994526198253,85.25998968,61.14704698986466,148.70668403999997,9.896512875649275,-3.704115007032364,-6.192397868616905,168,168,0
6271,11269-1-02,60 o mas,Mujeres,Quintil bajo,Norte,Trabajadores rutinarios,Usuarios publicos,57.33,53.2465412659981,34.44,40.37512257710322,14.02,12.16833615689867,62.21000000000001,3.155497,98.9246737,43.02,0,43.02,55.9046737,6.327310452118965,8.139877381607015,3.171813452118965,4.984380381607014,2.0051708026085797,1.0051708026085797,81.97996931,69.0946275252332,234.89535392999997,4.083458734001901,-5.935122577103222,1.8516638431013295,168,168,0
6277,11278-1-02,60 o mas,Mujeres,Quintil alto,Sur,Cuidadores domesticos,Usuarios publicos,64.68,51.033759804688486,14.51,32.69312116998021,14.39,9.853119025331313,74.41999999999999,3.048934,108.67342807414632,80.63,124.1615853658537,-43.5315853658537,152.20501344000002,5.306863119788787,14.739885319561607,2.2579291197887867,11.690951319561606,1.7405634624392614,0.7405634624392613,88.53162304585372,46.92513734220178,176.6458156458537,13.64624019531152,-18.18312116998021,4.536880974668687,168,168,0
6279,11282-1-01,60 o mas,Hombres,Quintil medio,Centro,Rutina flexible,Motorizados privados,31.11,33.61661661050595,29.08,31.96861692102597,15.03,9.634766468468088,92.77999999999999,3.493914,35.59066454000002,48.77,121.875,-73.10499999999999,108.69566454000001,9.467863998911591,7.974501514039412,5.973949998911591,4.480587514039412,2.7098159825661394,1.7098159825661394,73.10499999999999,81.86290286807927,227.22154654000002,-2.506616610505951,-2.888616921025971,5.395233531531911,168,168,0
6280,11282-1-02,60 o mas,Mujeres,Quintil medio,Centro,Rutina flexible,Movilidad mixta,36.57,42.26717290427716,38.15,35.14942288749448,13.29,10.593404208228351,79.99000000000001,3.146909,66.34246213,32.510000000000005,81.25,-48.739999999999995,115.08246213,7.012794343356624,4.559089165450186,3.8658853433566245,1.4121801654501862,2.228470649566487,1.2284706495664872,48.739999999999995,66.66848468702594,210.61699896,-5.69717290427716,3.0005771125055176,2.6965957917716477,168,168,0
6281,11284-1-01,60 o mas,Mujeres,Quintil medio,Centro,Cuidadores domesticos,Movilidad activa,43.82,41.17629596081691,27.08,34.40473528711829,15.05,10.368968752064795,82.05000000000001,3.056175,62.10974125310831,40.61,112.4218472468917,-71.8118472468917,133.9215885,6.849038035929399,8.201591991886854,3.792863035929399,5.145416991886854,2.2410490354542523,1.241049035454252,71.8118472468917,63.73222505494131,200.56849999689166,2.643704039183092,-7.324735287118294,4.681031247935206,168,168,0
6290,11298-1-01,60 o mas,Hombres,Quintil bajo,Centro,Jovenes trabajadores,Movilidad activa,45.59,44.49745942913313,50.51,47.5283501966715,10.25,14.324190374195364,61.650000000000006,3.390663,6.058729501728418,77.25000000000001,88.2716049382716,-11.02160493827158,17.080334439999998,11.265643501879339,11.761571834542572,7.874980501879339,8.370908834542572,3.3225488648914205,2.3225488648914205,148.5215966682716,144.81715977863442,354.5382805482716,1.0925405708668734,2.9816498033285015,-4.074190374195364,168,168,0
6291,11298-1-02,60 o mas,Mujeres,Quintil bajo,Centro,Cuidadores domesticos,Movilidad activa,48.71,62.34974751344234,43.51,32.86525532208519,12.9,9.904997164472467,62.88,3.038945,148.02701095,0,0,0,148.02701095,4.663166027651863,0,1.6242210276518634,-3.038945,1.5344687145216065,0.5344687145216065,0,41.45044250723802,171.42688745,-13.639747513442337,10.644744677914808,2.995002835527533,168,168,0
6292,11301-1-01,60 o mas,Hombres,Quintil alto,Sur,Rutina flexible,Movilidad mixta,43.27,47.38076197813865,54.3,49.054956077597524,13.65,14.784281944263833,56.779999999999994,3.393527,21.007913289999976,136.67,262.5,-125.83000000000001,146.83791329,10.535394584141024,8.910216501483127,7.141867584141023,5.5166895014831265,3.1045559926710538,2.1045559926710538,125.83000000000004,139.77998176338696,356.42015965,-4.1107619781386475,5.245043922402473,-1.134281944263833,168,168,0
6299,11313-1-02,60 o mas,Hombres,Quintil alto,Centro,Cuidadores domesticos,Movilidad activa,79.35,59.973747710904156,21.65,38.940335242841705,9.65,11.735917046254146,57.35,3.069696,127.46039115,96.38,62.5,33.879999999999995,93.58039115000001,5.3779687538086955,17.850737355589946,2.3082727538086956,14.781041355589945,1.7519548365078157,0.7519548365078156,116.11998644999998,56.64078230317163,212.20147125,19.376252289095838,-17.290335242841707,-2.0859170462541456,168,168,0
6306,11322-1-01,60 o mas,Mujeres,Quintil medio,Norte,Trabajadores rutinarios,Movilidad mixta,66.06,47.654943058441134,32.95,46.53134577714335,9.2,14.023711164415525,59.78999999999999,7.190186,88.30371012,200.82,150,50.81999999999999,37.483710120000005,20.20993576272959,44.141554807278524,13.019749762729589,36.95136880727853,2.810766753840525,1.810766753840525,386.67997704,254.34419428960058,689.74631694,18.40505694155887,-13.581345777143348,-4.823711164415526,168,168,0
6307,11325-1-01,60 o mas,Mujeres,Quintil bajo,Norte,Cuidadores domesticos,Motorizados privados,29.59,37.29086373742407,46.52,39.71096520012824,12.86,11.968171062447695,79.02999999999999,3.046862,4.986646579999999,79.83,165,-85.17,90.15664658,10.114441879409505,6.901444107904654,7.067579879409505,3.854582107904654,3.319625857491906,2.319625857491906,85.17,108.63346908873537,266.09266556,-7.7008637374240685,6.80903479987176,0.8918289375523045,168,168,0
6311,11328-1-02,60 o mas,Mujeres,Quintil alto,Centro,Jovenes trabajadores,Usuarios publicos,60.93,49.98136123810935,44.26,51.65941862419899,12.02,15.569220137691673,50.78999999999999,6.736779,44.069267907297,211.29999999999998,202.702702702703,8.59729729729699,35.47197061000001,20.944934238738682,31.32550420068211,14.208155238738682,24.588725200682113,3.1090427990496172,2.1090427990496172,366.40267656270305,292.6441168730121,745.5485986827031,10.948638761890649,-7.399418624198994,-3.549220137691673,168,168,0
6319,11342-1-04,60 o mas,Mujeres,Quintil alto,Centro,Cuidadores domesticos,Motorizados privados,82.71,88.29307708337623,24.08,18.23978084910021,5.24,5.497142067523552,55.970000000000006,3.057164,252.85803444,0,0,0,252.85803444,3.459883396123737,0,0.40271939612373675,-3.057164,1.1317297325638196,0.1317297325638195,0,17.06838226852281,89.63604848000003,-5.583077083376239,5.840219150899788,-0.25714206752355206,168,168,0
6320,11343-1-01,60 o mas,Hombres,Quintil medio,Norte,Trabajadores rutinarios,Motorizados privados,39.9,42.927196396216026,43.54,40.52061780164674,12.22,12.212185802137222,72.34,12.928068,174.27748137560982,202.35000000000002,43.9024390243902,158.44756097560983,15.8299204,34.73618444191705,29.47325746389755,21.808116441917047,16.54518946389755,2.686881322245292,1.686881322245292,341.55243182439017,380.68823268402593,1062.42150350439,-3.027196396216027,3.019382198353256,0.007814197862778371,168,168,0
6329,11358-1-02,60 o mas,Mujeres,Quintil alto,Centro,Rutina flexible,Movilidad activa,25.51,47.900334346844,62.84,38.643276709033366,9.84,11.64638894412263,69.81,3.058239,78.01567689000001,0,0,0,78.01567689000001,6.551590945372927,0,3.4933519453729267,-3.058239,2.142275651240118,1.1422756512401178,0,68.47499372255783,222.27281051999995,-22.390334346843996,24.196723290966638,-1.8063889441226308,168,168,0
6351,11402-1-02,60 o mas,Mujeres,Quintil alto,Norte,Rutina flexible,Motorizados privados,8.05,39.743430273124304,73.93,39.87035995162519,9.65,12.016209775250516,76.36999999999998,3.152307,25.376071350000004,0,0,0,25.376071350000004,9.264805666977567,0,6.112498666977567,-3.152307,2.9390556398782124,1.939055639878212,0,99.90742210398165,263.4698190600001,-31.693430273124303,34.05964004837482,-2.366209775250516,168,168,0
6352,11403-1-01,60 o mas,Mujeres,Quintil bajo,Centro,Cuidadores domesticos,Movilidad activa,43.47,39.15107740567859,26.33,37.33640214981886,17.94,11.252520444502542,80.26,2.839193,34.0549788756131,62.64,152.0047408343869,-89.3647408343869,123.41971971,7.635274115303437,9.712928670733872,4.796081115303437,6.873735670733872,2.689240962239424,1.6892409622394242,89.3647408343869,77.10248603704771,215.05581494438687,4.318922594321407,-11.006402149818861,6.687479555497459,168,168,0
6353,11405-1-01,60 o mas,Hombres,Quintil bajo,Centro,Cuidadores domesticos,Movilidad activa,53.79,41.08616427356521,34.02,41.2898247710671,7.01,12.4440109553677,73.17999999999999,3.810602,30.84228432000002,150.87,225,-74.13,104.97228432000001,11.257775680067631,20.42046359344711,7.447173680067632,16.60986159344711,2.954329966778906,1.9543299667789058,174.12999725999998,125.7207354331761,330.47899731999996,12.70383572643479,-7.2698247710671,-5.4340109553677,168,168,0
6355,11408-2-01,60 o mas,Mujeres,Quintil bajo,Norte,Rutina flexible,Motorizados privados,34.36,38.82525211005164,31.9,32.584396519749724,14.97,9.820351370198644,86.76999999999998,3.26529,61.663599694117586,28.880000000000003,79.4117647058824,-50.5317647058824,112.19536439999999,7.3882365172440565,5.187558805910186,4.122946517244056,1.922268805910186,2.262658605282856,1.262658605282856,50.5317647058824,65.11210776831294,203.57590700588247,-4.465252110051644,-0.6843965197497255,5.149648629801357,167.99999999999997,168,0
6357,11410-1-02,60 o mas,Mujeres,Quintil medio,Centro,Cuidadores domesticos,Movilidad activa,45.64,40.96006696106239,26.04,36.09234811674529,16.25,10.877584922192336,80.07,3.009324,52.905547359999986,73.06,157.5,-84.44,137.34554735999998,7.207393091396938,9.607359913363105,4.198069091396938,6.5980359133631055,2.3950206396509444,1.3950206396509444,84.44,70.35656518753213,211.70431196,4.679933038937612,-10.052348116745293,5.3724150778076645,168,168,0
6367,11432-1-01,60 o mas,Hombres,Quintil bajo,Centro,Trabajadores rutinarios,Movilidad activa,51.44,47.28934975880258,28.81,34.25639007069266,11.62,10.324260170504756,76.13,2.592112,76.62825576,55.79,0,55.79,20.83825576,4.959551706802824,6.749153664101686,2.3674397068028235,4.157041664101686,1.9133246197706053,0.9133246197706053,56.709985520000004,45.95103522198927,161.50907368000003,4.150650241197418,-5.446390070692662,1.2957398294952434,168,168,0
6372,11451-1-02,60 o mas,Mujeres,Quintil medio,Centro,Cuidadores domesticos,Motorizados privados,66.62,46.20619122738863,22.21,41.2513833657724,11.06,12.432425406838991,68.10999999999999,3.116681,59.53328822,91.9,240,-148.1,207.63328822,7.571588218513377,21.418831723199308,4.454907218513378,18.302150723199308,2.4293754216467383,1.4293754216467383,148.1,84.47667006076881,251.79197687,20.413808772611375,-19.041383365772397,-1.3724254068389907,168,168,0
6381,11465-1-01,60 o mas,Mujeres,Quintil bajo,Sur,Trabajadores rutinarios,Movilidad activa,52.55,53.21622768602076,42.15,39.28421583798574,9.64,11.839556475993488,63.66000000000001,2.364622,77.22089525,67.96,27.5,40.459999999999994,36.760895250000004,4.575559446887117,4.370336111460269,2.210937446887117,2.005714111460269,1.9350067143446679,0.9350067143446679,47.03999084999998,48.61536749337377,169.50376422999994,-0.6662276860207612,2.8657841620142577,-2.1995564759934876,168,168,0
6384,11470-1-01,60 o mas,Mujeres,Quintil bajo,Centro,Cuidadores domesticos,Movilidad activa,61.56,60.0780187157198,35.3,32.42090370844365,5.41,9.771077575836546,65.73,3.216532,149.26009826951457,34.43000000000001,83.1796116504854,-48.74961165048539,198.00970991999998,5.0158690854878785,5.761871641235997,1.7993370854878785,2.545339641235997,1.5594028243735423,0.5594028243735423,48.749611650485434,43.982771426197075,179.69462937048542,1.4819812842802023,2.879096291556344,-4.361077575836546,168,168,0
6394,11489-1-01,60 o mas,Mujeres,Quintil bajo,Centro,Rutina flexible,Motorizados privados,36.99,38.99723606162197,45.32,40.42837765755164,9.3,12.184386280826383,76.39,3.127252,14.827051480000009,55.400000000000006,156.25,-100.85,115.67705148,9.79719801623965,8.884187749427614,6.669946016239649,5.756935749427614,3.132845711263323,2.132845711263323,100.85,107.12713298817941,271.66050423999997,-2.007236061621967,4.891622342448358,-2.884386280826382,168,168,0
6395,11491-1-01,60 o mas,Mujeres,Quintil bajo,Centro,Trabajadores moviles,Usuarios publicos,60.68,59.88432219196921,27.65,29.84187355845783,10.39,8.993804249572978,69.27999999999999,2.051904,98.8295216,49.32000000000001,0,49.32000000000001,49.5095216,2.9794082245155984,3.2482410775741655,0.9275042245155984,1.1963370775741655,1.4520212566063513,0.45202125660635123,25.680013119999984,24.04735864299039,103.73444128000001,0.7956778080307885,-2.191873558457832,1.3961957504270224,168,168,0
6398,11498-1-01,60 o mas,Mujeres,Quintil bajo,Sur,Cuidadores domesticos,Usuarios publicos,34.58,30.127024678138273,24.94,28.133918134628153,7.22,8.479057187233558,101.26000000000002,2.987809,30.056371727936508,40.230000000000004,113.4920634920635,-73.26206349206349,103.31843522,7.879550841698319,10.961162793900694,4.89174184169832,7.973353793900694,2.637233786262214,1.6372337862622142,73.26206349206349,59.95742374862712,169.35000093206344,4.452975321861725,-3.193918134628152,-1.2590571872335579,168,168,0
6401,11506-1-01,60 o mas,Mujeres,Quintil alto,Centro,Rutina flexible,Movilidad mixta,33.41,45.476714171865886,48.76,42.0270795387601,18,12.666206289373996,67.83000000000001,2.964981,48.88604462176468,35.69,85.8639705882353,-50.173970588235306,99.06001520999999,7.56159151792879,3.61622683014754,4.59661051792879,0.6512458301475403,2.550300159740919,1.550300159740919,50.173970588235306,85.95154884024839,248.11610214823529,-12.06671417186589,6.7329204612399,5.333793710626004,168,168,0
6410,11530-1-01,60 o mas,Hombres,Quintil bajo,Centro,Cuidadores domesticos,Movilidad mixta,62.84,43.20640291023738,33.1,45.85401979936109,6.94,13.819577290401515,65.12,2.906827,7.627891942856991,102.32,152.357142857143,-50.03714285714301,57.6650348,9.51189080648946,21.034374564577433,6.60506380648946,18.127547564577434,3.272258998037881,2.272258998037881,175.037116737143,117.96564660949959,291.42646981714296,19.633597089762624,-12.754019799361089,-6.879577290401515,168,168,0
6411,11530-1-02,60 o mas,Mujeres,Quintil bajo,Centro,Rutina flexible,Motorizados privados,40.79,60.69243910351462,69.23,42.376150803011214,5.82,12.771410093474149,52.160000000000004,2.859956,112.93476989714287,2.17,2.14285714285714,0.0271428571428598,112.90762704000001,5.291117764675057,0.23868034275514505,2.4311617646750574,-2.621275657244855,1.850069639069642,0.8500696390696422,3.722835342857124,60.6429354715884,218.36253314285716,-19.902439103514624,26.85384919698879,-6.9514100934741485,168,167.99999999999997,-2.842170943040401e-14
6414,11536-1-02,60 o mas,Mujeres,Quintil medio,Centro,Cuidadores domesticos,Motorizados privados,58.4,44.39212207590718,29.63,40.2555721245431,8.75,12.132305799549718,71.22,1.835232,32.6136190562329,54.54,109.1039581437671,-54.5639581437671,87.1775772,4.487274235611599,9.347970632475366,2.652042235611599,7.512738632475367,2.445071923120128,1.445071923120128,74.56392974376709,48.856223925378394,145.0001339037671,14.007877924092817,-10.625572124543101,-3.3823057995497177,168,168,0
6419,11546-1-03,60 o mas,Mujeres,Quintil bajo,Sur,Rutina flexible,Usuarios publicos,37.22,42.48513543293647,46.69,41.69019055994841,12.83,12.564674007115126,71.26,3.197132,34.20725304,65.21000000000001,150,-84.78999999999999,118.99725303999999,9.012562136900003,6.854491368719395,5.815430136900003,3.657359368719395,2.8189521536489592,1.818952153648959,84.78999999999999,101.62333297697502,275.08329663999996,-5.265135432936468,4.999809440051585,0.2653259928848737,168,168,0
6422,11548-1-01,60 o mas,Mujeres,Quintil medio,Sur,Cuidadores domesticos,Movilidad mixta,63.09,56.65774697047198,18.1,33.2048946707607,18.68,10.007358358767329,68.13,3.105634,130.31444906,49.38,115,-65.62,195.93444906,5.082392236222114,8.58455964282246,1.9767582362221146,5.47892564282246,1.6365071467604086,0.6365071467604085,65.62,45.64377629489479,179.84521852000003,6.43225302952802,-15.1048946707607,8.672641641232671,168,168,0
6431,11563-1-01,60 o mas,Mujeres,Quintil alto,Centro,Cuidadores domesticos,Movilidad mixta,53.36,58.65764855581932,36.6,37.01630309935167,16.87,11.156048344829022,61.16999999999999,2.926959,121.4640889682322,28.490000000000002,63.2084432717678,-34.718443271767796,156.18253224,5.016615405172899,3.124234190360655,2.0896564051728985,0.1972751903606551,1.7139342932965234,0.7139342932965232,34.718443271767796,50.22444339106016,191.22294100176782,-5.297648555819322,-0.41630309935166565,5.713951655170979,168,168,0
6434,11563-1-05,60 o mas,Hombres,Quintil alto,Centro,Trabajadores rutinarios,Motorizados privados,63.76,46.75266566161622,18.98,36.428453342895814,11.42,10.97888099548796,73.84,7.374354,191.8286448886544,228.5,81.8601583113456,146.6398416886544,45.188803199999995,15.522973876550799,44.058227853088844,8.148619876550798,36.68387385308884,2.1049944003977568,1.1049944003977565,278.36016615134565,152.94206214374785,502.5405277513456,17.007334338383778,-17.448453342895814,0.4411190045120392,168,168,0
6451,11598-1-02,60 o mas,Mujeres,Quintil alto,Centro,Jovenes trabajadores,Usuarios publicos,57.03,52.17635478734187,47.87,56.073961276030225,20.25,16.89968393662792,42.85,3.736735,4.981754837680995,123.91000000000001,157.034220532319,-33.124220532319,38.105975369999996,12.527153768478925,14.700819709777408,8.790418768478926,10.964084709777408,3.3524330112996843,2.3524330112996843,208.12424221231902,189.98745626859693,462.67063041231904,4.8536452126581295,-8.203961276030228,3.3503160633720803,168,168.00000000000003,2.842170943040401e-14
6455,11602-1-01,60 o mas,Hombres,Quintil bajo,Centro,Trabajadores rutinarios,Usuarios publicos,63.87,69.80333014735257,25.46,20.89061424982967,7.66,6.296055602817771,71.00999999999999,1.18745,75.84246131,0,0,0,75.84246131,1.246951369629447,-4.330770494852378e-6,0.059501369629447076,-1.1874543307704948,1.0501085263627497,0.05010852636274966,-2.981000001511802e-5,7.045503073473796,39.32831419,-5.933330147352571,4.56938575017033,1.3639443971822294,168,168,0
6464,11625-1-01,60 o mas,Mujeres,Quintil bajo,Centro,Rutina flexible,Movilidad activa,36.89,38.292066943321025,42.41,40.839609031951014,12.14,12.30832402472794,76.56000000000002,3.11955,4.77019949999999,44.93999999999999,155.25,-110.31,115.08019949999999,10.382675587406245,9.730018160016005,7.263125587406245,6.610468160016005,3.3282606745864776,2.3282606745864776,110.31,114.6838179330371,280.48145249999993,-1.4020669433210244,1.570390968048983,-0.16832402472793895,168,168,0
6481,11665-1-03,60 o mas,Mujeres,Quintil bajo,Sur,Cuidadores domesticos,Movilidad activa,65.28,74.87870525379306,38.01,27.087583890983385,6.84,8.163710855223552,57.870000000000005,3.210258,209.56564224000002,0,0,0,209.56564224000002,4.206017170443526,0,0.995759170443526,-3.210258,1.310180418659038,0.310180418659038,0,30.814320330631176,143.9800713,-9.598705253793057,10.922416109016613,-1.3237108552235526,168,168,0
6487,11673-1-02,60 o mas,Mujeres,Quintil alto,Sur,Cuidadores domesticos,Motorizados privados,79.47,50.12042218249726,18.38,43.86842354489192,9.36,13.221154272610809,60.790000000000006,4.308742,94.55637597391302,214.07000000000002,286.929347826087,-72.85934782608697,167.4157238,10.231844174905717,42.99246755792549,5.9231021749057176,38.683725557925484,2.3746708841944395,1.3746708841944395,247.85935076608695,121.39959214154456,367.38385384608694,29.34957781750274,-25.48842354489192,-3.8611542726108095,168,168,0
6489,11675-1-01,60 o mas,Hombres,Quintil bajo,Sur,Rutina flexible,Motorizados privados,39.74,46.48174305671561,48.41,40.20207439710365,10.65,12.116182546180758,69.19999999999999,7.148701,148.62938638,114.53999999999999,0,114.53999999999999,34.08938638,16.890491757143547,11.035985523221742,9.741790757143548,3.8872845232217417,2.362735797334865,1.362735797334865,135.45999136000003,183.65469669128592,557.66227242,-6.741743056715606,8.207925602896346,-1.4661825461807574,168,168,0
6498,11687-1-01,60 o mas,Hombres,Quintil medio,Centro,Trabajadores rutinarios,Movilidad activa,69.81,56.542999280262705,36.26,43.2440280308525,6.75,13.032972688884795,55.18,7.62668,248.31850859000002,215.9,0,215.9,32.41850859,15.639263566322025,31.78303354643568,8.012583566322025,24.156353546435678,2.050599155375868,1.050599155375868,284.10002220999996,182.91685316079395,612.1235290099999,13.267000719737297,-6.9840280308525,-6.282972688884795,168,168,0
6500,11691-1-03,60 o mas,Mujeres,Quintil medio,Sur,Rutina flexible,Movilidad activa,34.69,52.410549463557004,52.15,35.853769054797205,12.23,10.8056814816458,68.92999999999999,2.970078,103.03200582,0,0,0,103.03200582,5.4274888486098085,0,2.4574108486098085,-2.970078,1.8273893307212163,0.8273893307212162,0,52.631414109622455,191.21362164000004,-17.720549463557006,16.296230945202794,1.4243185183542,168,168,0
6502,11694-1-03,60 o mas,Mujeres,Quintil bajo,Centro,Cuidadores domesticos,Movilidad activa,67.53,57.47767154707685,27.88,38.215011072960586,11.8,11.517317379962554,60.790000000000006,3.00981,117.5024693,64.25,150,-85.75,203.2524693,5.369129738571457,10.398147804004392,2.3593197385714575,7.388337804004392,1.7838766362565934,0.7838766362565934,85.75,55.49440129910738,205.17926079999998,10.052328452923149,-10.335011072960587,0.2826826200374466,168,168,0
6505,11697-1-01,60 o mas,Hombres,Quintil medio,Norte,Trabajadores moviles,Usuarios publicos,63.69,48.96314754743182,25.1,39.3711081851317,11.41,11.86574426743647,67.80000000000001,2.595642,68.433348814265,50.32,34.703113685735,15.616886314265003,52.8164625,5.508511784998968,12.768199821888084,2.9128697849989686,10.172557821888084,2.122215538583121,1.1222155385831207,96.88309016573498,58.657453412045996,191.64997958573497,14.726852452568181,-14.271108185131702,-0.45574426743647045,168,168,0
6508,11701-1-01,60 o mas,Hombres,Quintil bajo,Norte,Trabajadores rutinarios,Motorizados privados,56.86,51.77132385334953,26.44,31.872790145678877,9.95,9.605886000971594,74.75,3.493776,129.62609174000002,70.97000000000001,0,70.97000000000001,58.65609174,5.945298500785819,9.12744893875795,2.4515225007858192,5.63367293875795,1.7016827927107574,0.7016827927107574,69.03001161999998,51.25131702706008,196.16852025999995,5.088676146650471,-5.432790145678876,0.344113999028405,168,168,0
6514,11708-1-01,60 o mas,Mujeres,Quintil bajo,Centro,Cuidadores domesticos,Movilidad activa,52.04,45.40335234042601,30.19,38.50264314392876,13.28,11.60400451564522,72.49000000000001,3.025182,65.75047128,63.57,155.25,-91.68,157.43047128,6.875891033578015,10.147953898927016,3.850709033578015,7.122771898927016,2.2728850804936744,1.2728850804936744,91.68,71.60293295991465,223.18466153999998,6.636647659573988,-8.312643143928756,1.6759954843547789,168,168,0
6520,11715-1-02,60 o mas,Mujeres,Quintil medio,Sur,Rutina flexible,Motorizados privados,43.91,51.295419328121426,47.17,41.697656549670654,14.48,12.566924122207922,62.44,3.082236,83.14598275999998,50.93000000000001,103.125,-52.19499999999999,135.34098275999997,6.6465850645724185,4.073702805751221,3.5643490645724185,0.9914668057512213,2.156416661336906,1.1564166613369056,52.19499999999999,74.9586053282317,242.21484940000005,-7.385419328121429,5.4723434503293475,1.9130758777920782,168,168,0
6525,11731-1-01,60 o mas,Mujeres,Quintil bajo,Norte,Cuidadores domesticos,Motorizados privados,53.29,47.41640121228163,22.94,28.902811086498946,8.8,8.710787701219411,82.97000000000001,2.909439,99.74400430999998,84.69999999999999,140,-55.30000000000001,155.04400431,4.888081411933278,8.383236728050269,1.9786424119332784,5.473797728050269,1.68007695364408,0.68007695364408,55.30000000000001,38.21112261665945,147.64559385999996,5.873598787718372,-5.962811086498945,0.08921229878058945,168,168,0
6529,11737-1-01,60 o mas,Mujeres,Quintil bajo,Centro,Rutina flexible,Movilidad activa,29.19,39.9719314334891,36.51,23.857766587108465,5.32,7.190301979402428,96.98000000000002,3.13195,91.42162049999999,0,0,0,91.42162049999999,5.233235974115612,1.6346540546432656e-15,2.101285974115612,-3.131949999999998,1.6709193870003072,0.6709193870003072,1.4210854715202004e-14,33.76847015311618,131.00946849999994,-10.781931433489095,12.652233412891533,-1.870301979402428,168.00000000000003,168,0
6532,11740-1-01,60 o mas,Mujeres,Quintil bajo,Centro,Cuidadores domesticos,Usuarios publicos,65.18,58.39052828499033,9.92,21.184764511118374,10.86,6.384707203891308,82.03999999999999,3.096294,157.5570168714349,30.660000000000004,74.9194260485651,-44.259426048565096,201.81644292000001,4.055546167599981,10.248345439648347,0.9592521675999808,7.152051439648346,1.309806551832604,0.309806551832604,44.2594260485651,23.237225514210934,108.60041536856508,6.789471715009675,-11.264764511118374,4.4752927961086915,168,168,0
6535,11745-1-01,60 o mas,Hombres,Quintil bajo,Norte,Cuidadores domesticos,Movilidad activa,72.42,55.30854939999301,24.62,38.23738893476393,8.03,11.524061665243067,62.92999999999999,4.541963,163.67897313999998,79.74999999999999,0,79.74999999999999,83.92897314000001,8.463684404090236,24.352960838951585,3.9217214040902357,19.810997838951586,1.8634419532017843,0.8634419532017843,165.24998732,87.53041181844048,313.54507927000003,17.11145060000699,-13.617388934763927,-3.494061665243068,168,168,0
6536,11746-1-01,60 o mas,Hombres,Quintil alto,Centro,Trabajadores rutinarios,Motorizados privados,52.04,54.867623509726286,41.15,50.986086539127655,28.03,15.366289951146062,46.78,29.240528,555.8370611199999,534.16,0,534.16,21.677061119999998,76.03512482185955,67.17662152113495,46.79459682185956,37.93609352113495,2.6003335104571144,1.6003335104571146,965.8400160000002,1048.5212204096097,2988.69974304,-2.827623509726287,-9.836086539127656,12.66371004885394,168,168,0
6542,11756-1-02,60 o mas,Mujeres,Quintil alto,Centro,Cuidadores domesticos,Usuarios publicos,72.31,64.30655021666331,9.89,21.26466270121062,9.78,6.408787082126071,76.02,3.116076,177.6030190520635,39.85,87.5704365079365,-47.720436507936505,225.32345556,3.9609969145156017,11.67329790201845,0.8449209145156016,8.557221902018451,1.271149007442566,0.2711490074425661,47.72043650793651,22.781078720875854,109.01365142793654,8.003449783336691,-11.374662701210621,3.3712129178739287,168,168,0
6551,11771-1-02,60 o mas,Mujeres,Quintil bajo,Sur,Trabajadores moviles,Movilidad activa,48.15,48.53407836648502,47.65,45.51001976860062,11.96,13.715901864914368,60.23999999999999,3.295831,54.20426265000002,68.01,172.5,-104.49,158.69426265,8.591838875973183,8.43430163372393,5.296007875973183,5.13847063372393,2.606880897707796,1.606880897707796,104.49,105.75585738669066,300.9544859100001,-0.3840783664850207,2.1399802313993774,-1.7559018649143674,167.99999999999997,168,0
6556,11783-1-01,60 o mas,Hombres,Quintil bajo,Norte,Trabajadores rutinarios,Motorizados privados,50.55,47.0732231697595,39.87,39.60157423750341,8.19,11.935202592737078,69.39000000000001,3.637453,83.2230635198198,112.03,62.6801801801802,49.3498198198198,33.8732437,8.216305409096735,10.076839350516693,4.5788524090967355,6.439386350516693,2.258807305303116,1.2588073053031161,100.65018563018019,88.00357331869141,275.4661768101801,3.476776830240496,0.2684257624965909,-3.745202592737078,168,168,0
6561,11794-1-01,60 o mas,Mujeres,Quintil alto,Centro,Cuidadores domesticos,Movilidad mixta,68.88,64.88438919791567,32.28,35.90460752069503,10.45,10.821003281389304,56.39,3.194455,158.28957764137928,44.29,106.0344827586207,-61.7444827586207,220.0340604,5.0438641193951845,6.9527847634348285,1.8494091193951845,3.7583297634348285,1.578943550431978,0.5789435504319781,61.744482758620705,48.980683853848404,198.24354490862075,3.995610802084329,-3.6246075206950295,-0.3710032813893047,168,168,0
6569,11803-1-01,60 o mas,Mujeres,Quintil alto,Norte,Cuidadores domesticos,Movilidad activa,72.62,53.66539725546666,39.29,46.98436095036238,2.9,14.160241794170961,53.19,11.498249,267.47284246000004,358.72,176.25,182.47000000000003,85.00284246000001,27.509867803571915,64.72511329265858,16.011618803571913,53.226864292658576,2.3925267058986037,1.3925267058986037,567.52999992,349.58525786727216,1052.64112523,18.954602744533346,-7.69436095036238,-11.26024179417096,168,168,0
6571,11808-1-01,60 o mas,Mujeres,Quintil bajo,Centro,Rutina flexible,Movilidad activa,41.68,54.42126044940423,43.16,30.266853873549206,8.97,9.121885677046569,74.19,2.242974,93.48714144,0,0,0,93.48714144,3.491067906435899,1.3734369503976558e-6,1.2480939064358991,-2.2429726265630494,1.5564459982308754,0.5564459982308753,1.487999999483236e-5,28.578330795241996,116.9262495,-12.74126044940423,12.893146126450791,-0.1518856770465682,168,168,0
6579,11821-1-02,60 o mas,Mujeres,Quintil bajo,Centro,Cuidadores domesticos,Movilidad activa,54.52,53.47469206283183,41.11,45.202182646991396,16.67,13.623125290176798,55.69999999999999,3.084971,79.96261892,66.27,154.5,-88.23,168.19261892,6.95304576712714,7.3473759588856,3.86807476712714,4.2624049588856,2.253844774270857,1.2538447742708572,88.23,85.00525532776636,266.47962438,1.0453079371681753,-4.092182646991397,3.0468747098232036,168,168,0
6584,11827-1-01,60 o mas,Hombres,Quintil bajo,Centro,Trabajadores rutinarios,Usuarios publicos,72.43,43.16598199411099,14.51,39.42271912802788,7.53,11.881298877861141,73.52999999999999,3.829109,62.18238418999999,126.84,154.5,-27.659999999999997,89.84238418999999,9.669884879383206,46.97247323175842,5.840775879383206,43.14336423175842,2.5253616126841014,1.5253616126841012,215.15998068000005,103.10486595748836,299.55354304,29.264018005889014,-24.91271912802788,-4.351298877861141,168,168,0
6587,11833-1-01,60 o mas,Hombres,Quintil alto,Sur,Trabajadores rutinarios,Motorizados privados,58.24,42.83492447722938,28.24,39.55416209691946,7.83,11.920913425851161,73.69,15.452715,231.5024564060219,451.1599999999999,244.623655913978,206.5363440860219,24.96611232,40.23299249243248,89.17131777753355,24.780277492432482,73.71860277753355,2.603619654697086,1.603619654697086,668.463665193978,430.4134235871277,1225.843095243978,15.405075522770623,-11.314162096919464,-4.090913425851161,168,168,0
6600,11852-1-01,60 o mas,Hombres,Quintil medio,Centro,Trabajadores rutinarios,Movilidad mixta,66.66,44.699631698815,21.35,47.15784233592636,18.06,14.212525965258635,61.93000000000001,2.636947,9.533547439119005,131.47,191.215334420881,-59.745334420880994,69.27888186,8.493988055688535,20.29722031199127,5.857041055688534,17.660273311991272,3.221144776777286,2.221144776777286,166.24533958088102,108.33701227017612,270.167420850881,21.960368301185,-25.80784233592636,3.8474740347413636,168,168,0
6602,11859-1-01,60 o mas,Mujeres,Quintil bajo,Sur,Jovenes trabajadores,Movilidad activa,60.73,52.85973675356558,47.67,46.135771160561816,4.5,13.904492085872588,55.10000000000001,2.521257,59.8083152611765,73.31,51.6176470588235,21.6923529411765,38.11596232,5.887479963964409,8.60577143761031,3.366222963964409,6.084514437610309,2.335136784534226,1.335136784534226,93.30762234882347,73.46466604690796,224.84160003882346,7.870263246434419,1.5342288394381853,-9.404492085872588,168,168,0
6606,11861-1-01,60 o mas,Hombres,Quintil bajo,Norte,Rutina flexible,Movilidad mixta,41.77,53.332192374662604,40.15,27.768792685065126,7.55,8.369014940272276,78.52999999999999,3.487337,145.66606649000002,0,0,0,145.66606649000002,5.368659102199138,0,1.881322102199138,-3.487337,1.539472411814269,0.5394724118142692,0,40.32126126927875,166.34597490000002,-11.562192374662601,12.381207314934873,-0.8190149402722762,168,168,0
6607,11863-1-01,60 o mas,Hombres,Quintil bajo,Sur,Rutina flexible,Motorizados privados,29.46,47.64208038567213,50.71,34.692287726199645,12.62,10.455631888128247,75.20999999999998,3.200431,94.28469726,0,0,0,94.28469726,6.2016581037346326,0,3.0012271037346325,-3.200431,1.9377571657488109,0.9377571657488109,0,58.19049371079703,202.68329523000008,-18.18208038567213,16.017712273800356,2.1643681118717524,168,168,0
6616,11879-1-02,60 o mas,Hombres,Quintil bajo,Centro,Trabajadores rutinarios,Usuarios publicos,47.21,40.65229997701412,30.21,41.961314218832996,17.84,12.646385804152912,72.73999999999998,2.776287,15.40456281603171,60.09,68.2539682539683,-8.163968253968292,23.568531070000002,8.587300023662575,11.582388698227769,5.811013023662575,8.806101698227769,3.0930880069901185,2.0930880069901185,115.66394645396828,97.45788913025288,249.06453680396837,6.557700022985884,-11.751314218832995,5.193614195847088,168,168,0
6629,11898-1-02,60 o mas,Mujeres,Quintil bajo,Centro,Cuidadores domesticos,Movilidad activa,41.36,47.826027855077115,20.36,17.999305134854065,9.53,5.42466701006882,96.75,3.08413,127.5596168,0,0,0,127.5596168,4.096408185205288,0,1.0122781852052878,-3.08413,1.3282216330716565,0.3282216330716564,0,19.942070488678993,92.18464569999999,-6.466027855077115,2.360694865145934,4.1053329899311795,168,168,0
6630,11900-1-01,60 o mas,Mujeres,Quintil bajo,Centro,Trabajadores rutinarios,Movilidad activa,54.3,54.76035497504079,31.96,36.45328132267608,15.94,10.986363702283114,65.80000000000001,2.927512,108.77391999999999,64.80999999999999,0,64.80999999999999,43.96392,5.227293965386178,5.041677295935086,2.2997819653861775,2.114165295935086,1.7855755895744159,0.7855755895744159,50.189981599999996,51.53767631369162,190.41780640000002,-0.4603549750407936,-4.493281322676076,4.953636297716885,168,168,0
6633,11906-1-02,60 o mas,Mujeres,Quintil bajo,Norte,Rutina flexible,Usuarios publicos,37.65,39.823511321188214,46.99,41.314915752637226,8.95,12.451572926174569,74.40999999999998,3.224845,15.405414250000007,48.49,154.5,-106.00999999999999,121.41541425,10.114262424699263,9.118384337345073,6.889417424699262,5.893539337345073,3.1363561426050746,2.1363561426050746,106.00999999999999,113.01923711657722,286.4078293000001,-2.173511321188215,5.675084247362776,-3.5015729261745694,168,168,0
6637,11915-1-01,60 o mas,Mujeres,Quintil alto,Centro,Cuidadores domesticos,Movilidad activa,45.16,37.03987942012841,36.53,39.89614089248659,7.27,12.023979687384989,79.04,3.026178,0.8757187292209778,129.49,265.276479750779,-135.786479750779,136.66219847999997,10.306602594381896,14.916809384231819,7.280424594381897,11.890631384231819,3.405815055949087,2.405815055949087,135.786479750779,111.21354949462436,268.333076150779,8.120120579871589,-3.366140892486591,-4.753979687384989,168,168,0
6639,11917-1-02,60 o mas,Mujeres,Quintil bajo,Centro,Trabajadores rutinarios,Movilidad mixta,31.85,32.35622782435804,25.24,29.894198215139244,14.17,9.009573960502719,96.74000000000001,3.184421,36.3317575679487,36.19,101.2820512820513,-65.0920512820513,101.42380885,8.25000660679434,7.9472164979906115,5.06558560679434,4.762795497990611,2.5907399200025187,1.5907399200025185,65.0920512820513,66.70409379672134,190.59008289205127,-0.50622782435803515,-4.654198215139246,5.160426039497281,168,168,0
6640,11920-1-02,60 o mas,Mujeres,Quintil bajo,Centro,Trabajadores rutinarios,Usuarios publicos,53.05,46.57466755452118,40.41,44.9793614566205,11.65,13.555970988858318,62.89000000000001,2.804505,37.5690077,107.53999999999999,93.75,13.789999999999992,23.779007700000005,7.648763819406366,10.278580226663461,4.844258819406366,7.474075226663461,2.727313311763169,1.727313311763169,111.20998254999999,93.0498803299924,257.21251284999994,6.47533244547882,-4.569361456620506,-1.9059709888583178,168,168,0
6669,11977-1-01,60 o mas,Hombres,Quintil alto,Norte,Trabajadores rutinarios,Movilidad mixta,57.89,49.17730102574282,36.01,41.358108523409925,9.1,12.464590450847252,65,9.319667,220.1692545591492,268.2,87.5462392108508,180.6537607891492,39.51549377,21.28986103720935,34.06297214249278,11.970194037209348,24.74330514249278,2.284401474560126,1.2844014745601262,319.3462680708509,238.14681495953235,739.7564464408509,8.71269897425718,-5.348108523409927,-3.3645904508472526,168,168,0
6674,11986-1-01,60 o mas,Hombres,Quintil bajo,Sur,Jovenes trabajadores,Movilidad activa,61.08,53.44417931682555,47.42,47.87665692289657,7.25,14.42916376027789,52.25,4.278666,93.3185447276191,125.42999999999999,80.9523809523809,44.477619047619086,48.840925680000005,10.45266821799573,14.78807230316979,6.174002217995731,10.50940630316979,2.4429736319674706,1.4429736319674706,168.02237455238094,135.3512482131856,401.93704477238094,7.635820683174451,-0.45665692289657045,-7.1791637602778895,168,168,0
6699,12024-1-01,60 o mas,Hombres,Quintil bajo,Norte,Trabajadores rutinarios,Movilidad activa,58.14,52.0806036300977,38.23,43.484077182009806,12.3,13.105319187892498,59.33,5.442095,139.64337788,98.24,0,98.24,41.40337788,12.225585567594194,16.831711486884892,6.783490567594194,11.389616486884892,2.2464851436063125,1.2464851436063122,176.76002542000003,143.78421473233652,451.74908576999997,6.059396369902302,-5.254077182009809,-0.805319187892497,168,168,0
6701,12027-1-01,60 o mas,Mujeres,Quintil bajo,Centro,Cuidadores domesticos,Movilidad activa,58.53,66.05560169639494,22.19,20.23571696878532,11.67,6.098681334819737,75.61,3.384089,200.35074613,64.78,0,64.78,135.57074613,4.236625691090969,-0.32399972748637285,0.8525366910909695,-3.7080887274863725,1.251925020615879,0.25192502061587907,-2.2800169600000117,23.18728895915146,112.30523657999998,-7.5256016963949435,1.9542830312146826,5.571318665180263,168,168,0
6707,12038-1-01,60 o mas,Hombres,Quintil alto,Centro,Rutina flexible,Motorizados privados,17.95,30.2045703282212,38.32,30.27967879419256,13.34,9.12575087758623,98.39000000000001,3.178978,18.563800610835912,27.190000000000005,65.68885448916409,-38.49885448916408,57.06265509999999,9.457835505993918,3.58580713346928,6.278857505993918,0.4068291334692802,2.975118263163167,1.975118263163167,38.49885448916408,77.45586396203207,202.72485796916402,-12.254570328221202,8.040321205807441,4.21424912241377,168,168,0
6717,12058-1-01,60 o mas,Hombres,Quintil medio,Centro,Trabajadores moviles,Movilidad mixta,72.84,52.12598838179513,15.42,32.21499209974068,5.79,9.709019518464194,73.94999999999999,1.839609,69.49713812,52.5,42,10.5,58.99713812,3.0292898146655483,14.632294797865258,1.1896808146655482,12.792685797865259,1.6467030845497865,0.6467030845497865,64.49998144000001,26.394299241045758,103.51808833000003,20.71401161820487,-16.794992099740675,-3.919019518464194,168,168,0
6718,12058-1-02,60 o mas,Hombres,Quintil medio,Centro,Trabajadores rutinarios,Motorizados privados,66.19,45.058825978637266,14.6,32.696912390360275,6.82,9.854261631002451,80.39000000000001,3.370345,94.08310217,105,84,21,73.08310217,6.533782491556733,28.97769769124056,3.1634374915567327,25.60735269124056,1.9386093980161476,0.9386093980161475,129.00003338,57.78068667297022,201.1928232799999,21.13117402136273,-18.096912390360274,-3.034261631002451,168,168,0
6728,12073-1-01,60 o mas,Mujeres,Quintil bajo,Norte,Cuidadores domesticos,Usuarios publicos,62.84,46.85947254284452,33.26,46.43565559384758,11.19,13.994871863307901,60.71000000000001,1.420678,16.7039583085714,46,116.0714285714286,-70.0714285714286,86.77538688,3.970647934485805,7.85574793053338,2.549969934485805,6.4350699305333805,2.794896475123712,1.794896475123712,72.5714472114286,49.86826342465187,135.7205843114286,15.980527457155482,-13.17565559384758,-2.804871863307902,168,168,0
6729,12075-1-01,60 o mas,Hombres,Quintil bajo,Centro,Rutina flexible,Movilidad activa,15.26,35.59045727995608,54.75,31.274093212490484,6.28,9.42544950755344,91.71000000000001,3.162428,48.258651279999995,0,0,0,48.258651279999995,7.601018421406845,0,4.438590421406845,-3.162428,2.403538806703851,1.4035388067038508,0,64.29360735493694,193.00298083999996,-20.33045727995608,23.475906787509516,-3.1454495075534394,168,168,0
6739,12087-1-01,60 o mas,Hombres,Quintil medio,Norte,Cuidadores domesticos,Movilidad mixta,76.8,63.611117440970524,27.12,36.37585404607293,7.03,10.963028512956543,57.05,3.152994,150.63993920000001,54.74,146.25,-91.50999999999999,242.1499392,5.0745580398887276,12.893516147677563,1.9215640398887275,9.740522147677563,1.6094410708960205,0.6094410708960205,91.50999999999999,49.925532424675396,199.1847451,13.188882559029473,-9.25585404607293,-3.9330285129565423,168,168,0
6747,12100-1-01,60 o mas,Hombres,Quintil bajo,Sur,Trabajadores rutinarios,Movilidad mixta,38.5,38.832395497965784,35.24,34.79193939290945,10.37,10.485665109124776,83.88999999999999,5.143056,79.49764050000002,68.99000000000001,0,68.99000000000001,10.5076405,12.775713277546643,12.502259352254063,7.6326572775466435,7.359203352254063,2.4840704199111663,1.4840704199111665,118.51001549999998,120.21954416018588,353.08479966000004,-0.33239549796578416,0.44806060709055373,-0.11566510912477668,168,168,0
6749,12103-1-01,60 o mas,Mujeres,Quintil bajo,Sur,Cuidadores domesticos,Movilidad mixta,47.02,34.7090827745608,18.24,36.05468368570292,16.37,10.866233539736305,86.36999999999999,3.101748,12.024190960000027,68.68,202.5,-133.82,145.84419096000002,9.807137000435864,18.604283438448245,6.705389000435863,15.502535438448245,3.161809728074577,2.161809728074577,133.82,95.63463711782839,241.17149828,12.310917225439205,-17.81468368570292,5.503766460263696,168,168,0
6751,12107-1-01,60 o mas,Hombres,Quintil bajo,Sur,Cuidadores domesticos,Movilidad activa,62.25,42.425965566912794,19.1,39.17683931185635,12.06,11.807195121230855,74.59,2.970793,45.65186424999999,85.72,225,-139.28,184.93186425,7.586554616952135,21.507247370780327,4.615761616952135,18.536454370780326,2.5537136437820256,1.5537136437820254,139.28,80.38689727442558,231.84990988,19.824034433087206,-20.076839311856347,0.2528048787691457,168,168,0
6760,12122-1-02,60 o mas,Mujeres,Quintil alto,Centro,Cuidadores domesticos,Movilidad activa,66.93,67.62553883169069,24.98,23.240263514642102,5.96,7.004197653667212,70.13,3.040221,181.06199153,22.58,45,-22.42,203.48199153000002,3.9032512335296317,3.486653743076921,0.8630302335296318,0.44643274307692105,1.2838708875208849,0.2838708875208848,22.420000000000016,24.534591762421485,116.48443773999998,-0.6955388316906834,1.7397364853578985,-1.0441976536672124,168,168,0
6762,12127-1-01,60 o mas,Mujeres,Quintil medio,Norte,Cuidadores domesticos,Usuarios publicos,48.11,50.275221245978685,32.01,30.363704145884512,9.67,9.151074608136812,78.21,2.992522,109.41023342,27.94,62.5,-34.56,143.97023342,4.997303584000524,3.989693605608642,2.004781584000524,0.9971716056086417,1.6699304412801388,0.6699304412801389,34.56,41.03947221345862,159.28831696000003,-2.1652212459786853,1.6462958541154862,0.5189253918631884,168,168,0
6764,12135-1-01,60 o mas,Hombres,Quintil medio,Centro,Trabajadores moviles,Movilidad mixta,30.81,44.1690593124599,60.17,40.92644566315312,6.45,12.334495024387,70.57,15.426047,235.31669241588793,204.9,44.8598130841121,160.04018691588792,75.2765055,40.2954360210272,17.33115125183471,24.8693890210272,1.905104251834711,2.612168627583411,1.6121686275834113,239.95981565411205,446.0372924839062,1267.6430667941122,-13.359059312459902,19.243554336846884,-5.884495024386999,168,168,0
6774,12160-1-01,60 o mas,Mujeres,Quintil bajo,Centro,Cuidadores domesticos,Movilidad activa,13.32,20.90791651332753,31.93,21.80918666906152,4.04,6.572896817610951,118.71,2.986702,4.516783683478316,32.56,67.82608695652169,-35.26608695652169,39.782870640000006,9.820752644242281,4.717483147399529,6.834050644242281,1.7307811473995285,3.2881595298902537,2.2881595298902537,35.26608695652169,57.92893238271005,142.69775789652172,-7.5879165133275315,10.120813330938478,-2.5328968176109505,168,168,0
6784,12171-1-01,60 o mas,Mujeres,Quintil bajo,Centro,Rutina flexible,Usuarios publicos,28.68,47.626478831231175,41.12,35.46500591039496,23.98,10.688515258373892,74.21999999999998,3.068257,87.99761076,0,0,0,87.99761076,6.060506533856162,0,2.992249533856162,-3.068257,1.9752278032303558,0.9752278032303558,0,58.13266629927686,199.74353070000006,-18.946478831231175,5.65499408960504,13.291484741626109,168,168,0
6785,12174-1-03,60 o mas,Mujeres,Quintil medio,Centro,Cuidadores domesticos,Usuarios publicos,61.75,55.502606574792495,24.86,29.320670429496243,7.05,8.83672299571126,74.34,2.990918,129.5291865,49.839999999999996,105,-55.160000000000004,184.6891865,4.599439023632147,8.317464855415054,1.608521023632147,5.326546855415053,1.5378017797987598,0.5378017797987598,55.16,36.47455855146521,150.60019337999998,6.247393425207505,-4.460670429496243,-1.7867229957112594,168,168,0
6803,12203-1-02,60 o mas,Hombres,Quintil bajo,Centro,Trabajadores rutinarios,Motorizados privados,43.8,47.110198699379325,40.44,36.1460358582391,9.91,10.893765442381564,73.85000000000001,3.582927,97.2122188,84.03,31.25,52.78,44.4322188,7.321850441458651,5.707076939862078,3.738923441458651,2.1241499398620776,2.043538827740183,1.0435388277401831,59.71998380000001,71.58018409537108,240.12035824999998,-3.3101986993793275,4.293964141760895,-0.9837654423815643,168,168,0
6819,12233-1-02,60 o mas,Mujeres,Quintil alto,Norte,Cuidadores domesticos,Motorizados privados,56.61,48.72857364341848,30.08,36.838857058634304,9.98,11.102569297947214,71.33,3.224292,92.67769643578949,65.94000000000001,155.78947368421052,-89.84947368421051,182.52717012,6.467269231257967,10.79190500104747,3.242977231257967,7.567613001047469,2.0057951423934206,1.0057951423934206,89.84947368421051,64.43745373409557,219.01461120421055,7.881426356581521,-6.758857058634305,-1.122569297947214,168,168,0
6827,12253-1-01,60 o mas,Mujeres,Quintil alto,Sur,Trabajadores moviles,Usuarios publicos,67.73,48.32149146280953,36.33,49.161973473545054,8.24,14.816535063645418,55.699999999999996,2.777043,23.843168367718988,155.14,204.385964912281,-49.24596491228101,73.08913328,8.298940685755257,17.731503707110658,5.521897685755257,14.954460707110659,2.9884091408578324,1.9884091408578324,164.245954022281,110.34769124863598,288.018760532281,19.40850853719047,-12.831973473545055,-6.576535063645418,168,168,0
6828,12255-1-02,60 o mas,Mujeres,Quintil medio,Centro,Cuidadores domesticos,Movilidad activa,50.47,51.15540527935192,33.16,39.169585705869885,18.5,11.805009014778188,65.87,2.961649,88.03852214684369,38.36,99.7959028831563,-61.4359028831563,149.47442503,5.990729667996416,5.72217801627196,3.0290806679964164,2.7605290162719602,2.0227682848293016,1.0227682848293016,61.4359028831563,63.46583274334364,214.4346902231563,-0.6854052793519188,-6.009585705869888,6.694990985221812,168,168,0
6832,12261-1-02,60 o mas,Mujeres,Quintil alto,Norte,Cuidadores domesticos,Usuarios publicos,68.46,53.24891127401668,26.28,39.28983787046337,9.64,11.841250855519945,63.620000000000005,2.715503,88.48886053774278,81.38999999999999,78.8044619422572,2.585538057742781,85.90332248,5.280059603631716,13.049103830319186,2.564556603631716,10.333600830319186,1.9444130990213289,0.944413099021329,97.4144748422572,56.108717773583336,194.95534260225725,15.211088725983316,-13.009837870463372,-2.2012508555199446,168,168,0
6833,12262-1-02,60 o mas,Hombres,Quintil bajo,Centro,Jovenes trabajadores,Usuarios publicos,51.42,53.80823125541906,52.39,42.38706831057995,5.16,12.774700434000994,59.03,4.11374,122.50851448000002,85.98000000000002,0,85.98000000000002,36.52851448,8.62200171722992,7.442789995675168,4.508261717229921,3.3290499956751685,2.095903415682547,1.095903415682547,89.01999631999998,98.84455876466758,325.76573332,-2.3882312554190577,10.002931689420052,-7.614700434000994,168,168,0
6842,12277-1-01,60 o mas,Mujeres,Quintil bajo,Sur,Cuidadores domesticos,Usuarios publicos,68.85,59.95212986431558,33.78,44.696998320316084,15.49,13.470871815368332,49.88,3.141831,113.65506434999998,47.339999999999996,150,-102.66,216.31506434999997,6.179545247546757,10.025642605770125,3.0377142475467576,6.883811605770125,1.9668611225577561,0.9668611225577562,102.66,74.7043957737325,257.45801337,8.897870135684414,-10.916998320316083,2.0191281846316684,168,168,0
6850,12284-1-01,60 o mas,Hombres,Quintil alto,Norte,Cuidadores domesticos,Movilidad activa,72.26,50.34722674565445,31.16,47.13663791913484,8.27,14.206135335210702,56.31,7.990776,134.85349018,319.94,262.5,57.44,77.41349018000001,20.979195348761884,54.00561131318225,12.988419348761884,46.014835313182246,2.625426535390541,1.6254265353905406,442.5599835800001,267.4599209657337,757.63628126,21.912773254345552,-15.976637919134841,-5.936135335210702,168,168,0
6852,12291-1-01,60 o mas,Hombres,Quintil medio,Norte,Cuidadores domesticos,Motorizados privados,108.36,63.925905251337696,21.06,51.233299311767716,1.18,15.440795436894584,37.4,2.632592,91.570716403077,129.38,223.07692307692298,-93.69692307692299,185.26763947999999,5.536631409320218,41.90651314444131,2.9040394093202178,39.27392114444131,2.1031103221920517,1.1031103221920517,193.696952716923,76.72011035435258,252.24579879692297,44.434094748662304,-30.173299311767718,-14.260795436894584,168,168,0
6858,12300-1-02,60 o mas,Mujeres,Quintil bajo,Centro,Cuidadores domesticos,Motorizados privados,41.48,44.56107191232508,36.49,31.26593678173135,7.28,9.422991305943572,82.75,3.165743,90.76501964,25.7,66.25,-40.55,131.31501964,5.948654862506053,4.457669163068905,2.7829118625060527,1.2919261630689052,1.8790706834086193,0.8790706834086193,40.55,50.303881838939745,179.11457110999999,-3.0810719123250863,5.22406321826865,-2.142991305943572,168,168,0
6863,12312-2-01,60 o mas,Mujeres,Quintil bajo,Norte,Jovenes trabajadores,Usuarios publicos,60.61,55.42074030968899,45.01,48.72455476294997,13.21,14.684704927361036,49.17,2.813989,68.3900098213289,88.57,70.7358803986711,17.834119601328894,50.55589022,6.644513314348546,8.443589864763549,3.8305243143485463,5.62960086476355,2.3612435280836372,1.3612435280836372,102.16586346867109,87.5633437819925,265.99630304867105,5.189259690311012,-3.714554762949973,-1.474704927361035,168,168,0
6864,12314-1-01,60 o mas,Hombres,Quintil bajo,Sur,Rutina flexible,Movilidad mixta,41.27,39.132091018859384,28.64,38.42677097371191,19.23,11.581138007428708,78.85999999999999,3.041423,29.599527210000005,76.58,172.5,-95.92,125.51952721,8.603563940831398,9.641381410525424,5.562140940831398,6.599958410525424,2.828795580500114,1.828795580500114,95.92,89.41771445285237,241.51291901000002,2.137908981140619,-9.78677097371191,7.648861992571293,168,168,0
6865,12315-1-01,60 o mas,Mujeres,Quintil alto,Centro,Cuidadores domesticos,Motorizados privados,59.41,50.92376954400996,44.92,45.05689288756036,5.23,13.579337568429684,58.44,3.040745,66.238846512851,100.52,214.931813937149,-114.411813937149,180.65066045,7.271051684765759,10.977247469049248,4.230306684765759,7.936502469049248,2.391207314248896,1.391207314248896,114.41181393714898,88.60735110924956,266.905175687149,8.48623045599004,-0.13689288756035722,-8.349337568429684,168,168,0
6870,12324-1-01,60 o mas,Mujeres,Quintil alto,Sur,Cuidadores domesticos,Movilidad activa,92.12,74.93500943017868,7.71,22.395415054844243,4.25,6.749575514977076,63.92,3.074595,207.43438791223318,61.53000000000001,137.3273034877668,-75.79730348776681,283.2316914,3.7906124182683123,30.494119457171756,0.7160174182683123,27.419524457171757,1.2328818651784421,0.23288186517844214,75.79730348776681,22.96041740674704,112.5694596877668,17.184990569821323,-14.685415054844242,-2.499575514977076,168,168,0
6877,12346-1-02,60 o mas,Mujeres,Quintil bajo,Centro,Rutina flexible,Movilidad activa,20.11,47.15312091241992,39.64,41.69942268417945,41.67,12.567456403400637,66.57999999999998,3.173242,63.81389662,0,0,0,63.81389662,7.608843982802123,0,4.4356019828021225,-3.173242,2.39781396527656,1.3978139652765602,0,85.81436709036922,258.01630702000006,-27.043120912419923,-2.0594226841794523,29.102543596599364,168,168,0
6913,12406-1-01,60 o mas,Mujeres,Quintil alto,Centro,Rutina flexible,Movilidad activa,26.72,40.92841260239954,62.2,42.88639797788207,7.82,12.925189419718409,71.25999999999999,3.06115,11.860291636363598,66.43,136.3636363636364,-69.9336363636364,81.793928,9.778862584605077,4.805709622866886,6.717712584605078,1.7445596228668863,3.1945061772879724,2.194506177287973,69.9336363636364,113.42771860147175,284.2753593636364,-14.208412602399541,19.313602022117934,-5.105189419718409,168,168,0
6914,12408-1-02,60 o mas,Mujeres,Quintil bajo,Sur,Cuidadores domesticos,Movilidad activa,60.04,71.7137314538365,46.5,30.956527604317536,5.46,9.329740941845955,56.00000000000001,3.036471,182.30971884000002,0,0,0,182.30971884000002,4.233653532085131,0,1.1971825320851308,-3.036471,1.394267731219936,0.39426773121993614,0,35.44694702136238,157.77503316000002,-11.673731453836503,15.543472395682464,-3.869740941845955,168,168,0
6929,12441-1-01,60 o mas,Hombres,Quintil bajo,Centro,Cuidadores domesticos,Movilidad activa,46.09,43.11457158729606,34.39,42.412932866494515,17.83,12.782495546209418,69.69,3.27592,34.862648983206014,63.99,180.114503816794,-116.124503816794,150.98715280000002,9.273402797873024,10.699919861977675,5.997482797873023,7.423999861977674,2.8307781624316295,1.8307781624316293,116.124503816794,106.37723837104892,287.19304621679396,2.975428412703941,-8.022932866494514,5.04750445379058,168,168,0
6931,12447-1-02,60 o mas,Mujeres,Quintil alto,Sur,Rutina flexible,Movilidad activa,27.76,38.175936654521884,47.85,37.18666959990892,10.96,11.207393745569197,81.43,3.225142,32.40981600184679,43.34,100.46012591815321,-57.12012591815321,89.52994192,9.01926122823576,4.673384328820988,5.794119228235759,1.4482423288209878,2.7965470135069275,1.7965470135069277,57.12012591815321,90.71300069199123,246.7907269381532,-10.415936654521882,10.663330400091084,-0.24739374556919635,168,168,0
6933,12448-1-02,60 o mas,Hombres,Quintil medio,Sur,Trabajadores rutinarios,Motorizados privados,47.98,49.10085237581194,32.72,34.23218302277654,12.95,10.316964601411511,74.35000000000001,5.768305,182.05327612,155.29,0,155.29,26.763276120000004,10.927709004368662,9.978340874762225,5.159404004368662,4.210035874762225,1.8944402219315142,0.8944402219315141,94.70999777999995,101.17541614365788,358.1484871299999,-1.1208523758119426,-1.51218302277654,2.633035398588488,168,168,0
6938,12458-1-03,60 o mas,Mujeres,Quintil medio,Norte,Rutina flexible,Movilidad activa,29.67,45.221874065960314,64.25,46.3416005655244,11.61,13.96652536851529,62.469999999999985,3.10992,22.00964415700929,51.75000000000001,122.0116822429907,-70.2616822429907,92.27132639999999,9.464558949738706,4.456554546561485,6.354638949738706,1.3466345465614848,3.043344828721866,2.043344828721866,70.2616822429907,118.626766438202,306.18021344299075,-15.551874065960313,17.908399434475598,-2.3565253685152907,168,168,0
6939,12459-1-01,60 o mas,Hombres,Quintil bajo,Centro,Rutina flexible,Movilidad activa,33.46,56.51429960075793,76.09,42.728191552267134,2.57,12.877508846974944,55.87999999999999,3.074096,102.85925216,0,0,0,102.85925216,6.132584828822816,0,3.0584888288228163,-3.074096,1.9949230046240638,0.9949230046240639,0,70.87113018549154,241.80839136000003,-23.05429960075793,33.36180844773287,-10.307508846974944,168,168,0
6949,12485-1-01,60 o mas,Mujeres,Quintil medio,Centro,Cuidadores domesticos,Movilidad activa,69.75,60.692521404517315,20.38,32.80165071593897,13.25,9.885827879543703,64.62,3.023016,141.74585004545452,54.47,61.0795454545455,-6.609545454545504,148.35539550000001,4.703563050333616,9.887910004913287,1.6805470503336162,6.864894004913287,1.5559173521852403,0.5559173521852402,69.10951595454549,41.72861324074381,170.77354403454547,9.057478595482685,-12.42165071593897,3.3641721204562973,168,168,0
6951,12488-1-02,60 o mas,Mujeres,Quintil bajo,Centro,Trabajadores rutinarios,Usuarios publicos,51.73,44.9210405618617,15.16,23.17456279909374,8.19,6.984396639044544,92.92000000000002,1.408141,50.863111690000004,15.520000000000001,0,15.520000000000001,35.34311169,1.9770617320894643,4.529338342538583,0.5689207320894643,3.1211973425385833,1.4040225603043048,0.4040225603043049,21.98002223999999,12.392047287820496,54.860114589999974,6.808959438138295,-8.014562799093738,1.2056033609554557,168,168,0
6953,12493-1-01,60 o mas,Mujeres,Quintil medio,Norte,Cuidadores domesticos,Motorizados privados,43.59,51.58808448302922,25.07,21.447903078945494,10.84,6.464012438025287,88.5,3.081654,134.32929786,0,0,0,134.32929786,4.248872922214489,0,1.1672189222144893,-3.081654,1.3787637814675138,0.37876378146751366,0,24.64732903946492,110.66219514,-7.998084483029217,3.6220969210545064,4.375987561974713,168,168,0
6959,12499-1-01,60 o mas,Mujeres,Quintil bajo,Centro,Cuidadores domesticos,Movilidad activa,14.83,34.786310642659686,48.44,30.62412775486231,11.37,9.229561602478018,93.35999999999999,3.0603,45.384249,0,0,0,45.384249,7.373424670842631,0,4.313124670842631,-3.0603,2.409379691808853,1.4093796918088526,0,61.07229745973143,183.03654300000005,-19.956310642659687,17.815872245137687,2.140438397521981,168,168,0
6970,12518-1-02,60 o mas,Mujeres,Quintil bajo,Sur,Trabajadores rutinarios,Movilidad activa,59.77,40.61692825821292,25.2,43.194904117369084,11.86,13.018167624418004,71.16999999999999,1.573229,4.256673228041009,68.15,154.175257731959,-86.02525773195899,90.28193096,5.105239168933436,11.655867559563655,3.5320101689334362,10.082638559563655,3.245070596164599,2.245070596164599,89.775224101959,59.64305619869905,148.079090841959,19.15307174178708,-17.994904117369085,-1.1581676244180041,168,168,0
6971,12523-1-02,60 o mas,Hombres,Quintil bajo,Centro,Trabajadores rutinarios,Motorizados privados,51.55,35.00777375007415,26.36,37.377361418216715,5.74,11.264864831709142,84.35000000000001,1.86142,2.929013874110698,43.04,61.0671936758893,-18.0271936758893,20.95620755,6.156244539012259,13.94435331271359,4.294824539012259,12.082933312713589,3.307283976218295,2.307283976218295,93.0271871258893,62.235156339752336,152.77876912588928,16.542226249925847,-11.017361418216716,-5.5248648317091416,168,168.00000000000003,2.842170943040401e-14
6974,12530-1-04,60 o mas,Mujeres,Quintil medio,Sur,Rutina flexible,Movilidad activa,19.69,45.56411891185208,72.15,40.123407369853,5.94,12.092473718294928,70.22,3.025304,59.56823576000001,0,0,0,59.56823576000001,7.213158939731868,0,4.187854939731868,-3.025304,2.384275742117773,1.3842757421177732,0,78.27707544050175,236.24598936,-25.874118911852076,32.02659263014701,-6.152473718294927,168,168,0
6977,12536-1-01,60 o mas,Mujeres,Quintil bajo,Norte,Rutina flexible,Movilidad activa,26.22,55.37765707730276,80.87,47.30535829817942,9.85,14.256984624517829,51.059999999999995,2.978438,78.09464436,0,0,0,78.09464436,6.787652021345581,0,3.8092140213455807,-2.978438,2.278930104083275,1.2789301040832748,0,86.84427383000748,270.20389536,-29.15765707730276,33.564641701820584,-4.406984624517829,168,168,0
6979,12538-1-02,60 o mas,Mujeres,Quintil bajo,Centro,Cuidadores domesticos,Movilidad mixta,53.33,64.39602759772725,42.44,28.8800457609436,6.21,8.703926641329137,66.02000000000001,2.978007,158.81711331,0,0,0,158.81711331,4.218988133436964,0,1.2409811334369643,-2.978007,1.4167153178071659,0.41671531780716575,0,32.95470764822494,144.88004054999996,-11.066027597727256,13.559954239056399,-2.4939266413291366,168,168,0
6988,12553-1-01,60 o mas,Mujeres,Quintil medio,Centro,Rutina flexible,Usuarios publicos,38.51,41.435997816729014,40.7,39.653231131326024,13.83,11.950771051944956,74.96000000000001,3.110782,38.676214819999984,63.629999999999995,144.75,-81.12,119.79621481999999,8.412464929177185,7.157905582660622,5.3016829291771845,4.047123582660623,2.704292659909047,1.7042926599090469,81.12,90.22214134031992,250.75094245999998,-2.9259978167290157,1.0467688686739791,1.8792289480550437,168,168,0
7021,12610-1-02,60 o mas,Hombres,Quintil alto,Centro,Cuidadores domesticos,Movilidad activa,50.87,43.31731857366512,33.33,41.911353027224614,13.66,12.631328399110263,70.14,3.117282,37.897169822758585,91.39,212.0689655172414,-120.6789655172414,158.57613533999998,8.569063310463644,12.357188022962411,5.451781310463645,9.239906022962412,2.7488893563250434,1.7488893563250436,120.6789655172414,97.13512765519336,267.1600466972414,7.552681426334878,-8.581353027224615,1.0286716008897372,168,168,0
7030,12629-1-02,60 o mas,Mujeres,Quintil bajo,Sur,Rutina flexible,Movilidad activa,40.29,53.42796866723577,41.37,30.277067463351813,11.17,9.124963869412412,75.17,3.080939,124.13103231,0,0,0,124.13103231,4.942950150801449,0,1.8620111508014494,-3.080939,1.6043648221537166,0.6043648221537166,0,40.47728004766469,161.87253506,-13.137968667235768,11.092932536648185,2.0450361305875884,168,168,0
7039,12643-1-02,60 o mas,Mujeres,Quintil alto,Sur,Rutina flexible,Motorizados privados,36.29,53.02573387404554,49.33,34.88158380306653,12.8,10.51268232288791,69.58000000000001,3.068295,111.34842555,0,0,0,111.34842555,5.442950633451861,0,2.3746556334518614,-3.068295,1.7739332865489992,0.7739332865489992,0,51.35016856706457,190.63316834999995,-16.735733874045543,14.448416196933465,2.2873176771120907,168,168,0
7045,12660-1-02,60 o mas,Mujeres,Quintil bajo,Centro,Cuidadores domesticos,Usuarios publicos,59.45,71.15475897747804,44.24,30.986474595779825,7.79,9.338766426742131,56.52,2.931109,174.25443005000002,0,0,0,174.25443005000002,4.093652686654641,0,1.162543686654641,-2.931109,1.3966224683744757,0.3966224683744757,0,34.307924381716674,152.50560126999997,-11.704758977478036,13.253525404220177,-1.548766426742131,168,168,0
7053,12670-1-02,60 o mas,Mujeres,Quintil bajo,Centro,Trabajadores rutinarios,Movilidad mixta,35.65,38.20768532562232,25.09,26.765633791674016,12.3,8.066680882703668,94.96,4.099829,100.06892409999999,28.91,0,28.91,71.1589241,7.815267109851488,5.93122737764843,3.7154381098514886,1.83139837764843,1.9062422139683115,0.9062422139683116,46.08997974999998,56.57605222086083,199.38258606,-2.557685325622323,-1.6756337916740165,4.2333191172963325,168,168,0
7065,12686-1-01,60 o mas,Hombres,Quintil bajo,Norte,Trabajadores rutinarios,Motorizados privados,76.87,58.321949336873715,26.41,41.30074772561126,8.79,12.447302937515024,55.93,3.281006,122.38092926000002,70.17,0,70.17,52.21092926000001,6.174681437977172,17.747039721389687,2.8936754379771723,14.466033721389687,1.8819476215457003,0.8819476215457004,129.83000196,68.97373644597866,245.32141315999996,18.54805066312629,-14.89074772561126,-3.657302937515025,168,168,0
7066,12687-1-03,60 o mas,Mujeres,Quintil bajo,Centro,Cuidadores domesticos,Movilidad mixta,48.98,56.570075441740755,26.13,21.231217314476666,9.09,6.398707243782569,83.80000000000001,2.992788,146.58675624,0,0,0,146.58675624,3.955814048740404,0,0.9630260487404039,-2.992788,1.3217822474363048,0.32178224743630485,0,22.715486701136427,105.40599335999997,-7.590075441740758,4.898782685523333,2.6912927562174307,168,168,0
7070,12696-1-01,60 o mas,Hombres,Quintil medio,Sur,Trabajadores rutinarios,Motorizados privados,41.44,44.66967988288179,42.03,39.91934663583664,13.15,12.030973481281587,71.38,13.979173,249.87691968000001,245.58,0,245.58,4.29691968,34.69255380162343,28.725116605789363,20.713380801623433,14.745943605789364,2.481731487379363,1.4817314873793632,329.42000943999994,374.5682632574242,1100.7907755800002,-3.22967988288179,2.110653364163362,1.1190265187184139,168,168,0
7080,12722-1-02,60 o mas,Mujeres,Quintil medio,Centro,Rutina flexible,Movilidad activa,37.83,39.63176055409927,29.74,39.595013992945624,23.59,11.933225452955071,76.84000000000002,3.166705,26.55645014999999,61.260000000000005,154.5,-93.24,119.79645014999998,9.23942399182416,8.412483052803683,6.072718991824159,5.245778052803683,2.9176775202692262,1.917677520269226,93.24,98.94564415546894,262.12037764999997,-1.8017605540992747,-9.855013992945626,11.656774547044929,168,168,0
7082,12727-1-01,60 o mas,Mujeres,Quintil bajo,Sur,Cuidadores domesticos,Movilidad mixta,76.29,71.24139828817874,35.91,39.36476820148702,10.27,11.863833510334237,45.53,1.095102,60.96535659,12.419999999999998,0,12.419999999999998,48.54535659,1.6015371453768406,2.352681021460087,0.5064351453768405,1.257579021460087,1.4624547716804832,0.4624547716804832,22.57997499000001,17.051241158181114,73.15178535000001,5.048601711821263,-3.4547682014870205,-1.5938335103342371,168,168,0
7099,12757-1-03,60 o mas,Hombres,Quintil medio,Centro,Cuidadores domesticos,Movilidad activa,53.33,51.044322520477486,37.57,40.38451163066041,12.7,12.171165848862104,64.39999999999999,3.053042,86.02103755230802,120.51,197.30769230769198,-76.79769230769197,162.81872986,6.392196802405338,7.350769523424654,3.339154802405338,4.297727523424655,2.0937140079977077,1.093714007997708,76.79769230769197,69.81942296425562,230.274113647692,2.285677479522512,-2.8145116306604123,0.5288341511378949,168,168,0
7115,12772-1-01,60 o mas,Hombres,Quintil bajo,Norte,Rutina flexible,Motorizados privados,30.11,30.530981150136057,25.21,31.281374802097627,15.92,9.427644047766341,96.75999999999998,3.03037,13.170579127503501,53.93000000000001,125.7538569424965,-71.82385694249649,84.99443606999999,9.378806464959153,9.133568115797132,6.348436464959153,6.103198115797133,3.09493773531257,2.09493773531257,78.0738615724965,79.34959022043431,202.71297967249654,-0.42098115013605764,-6.071374802097626,6.492355952233659,167.99999999999997,168,0
7117,12772-1-03,60 o mas,Mujeres,Quintil bajo,Norte,Cuidadores domesticos,Motorizados privados,67.76,69.12606605808101,57.97,54.87545749918938,14.81,16.53847644272962,27.459999999999994,3.182172,121.37932889851331,65.12,84.3646563814867,-19.244656381486692,140.62398528,6.64279625208603,6.230718873569762,3.46062425208603,3.048546873569762,2.0875038345149255,1.0875038345149257,94.2446458214867,98.59170298166245,325.84312398148677,-1.3660660580810031,3.0945425008106184,-1.7284764427296206,168,168,0
7126,12786-1-02,60 o mas,Mujeres,Quintil bajo,Centro,Rutina flexible,Motorizados privados,17.28,31.852159065366013,49.83,33.40897610129489,8.22,10.0688648333391,92.67,3.09922,7.994521599999985,29.439999999999994,75,-45.56,53.55452159999999,10.040139156619366,3.776374118331381,6.940919156619366,0.677154118331381,3.2395696841848487,2.2395696841848487,45.56000000000002,90.72232681856367,225.469721,-14.572159065366012,16.42102389870511,-1.8488648333390998,168,168,0
7128,12789-1-01,60 o mas,Mujeres,Quintil bajo,Norte,Rutina flexible,Movilidad activa,38.36,44.19068942896551,44.42,44.00653268596887,18.68,13.26277788506562,66.53999999999999,3.140712,30.847712320000014,30.37,120,-89.63,120.47771232000001,9.069098189366429,6.834670127173067,5.928386189366428,3.6939581271730666,2.8875930646829215,1.8875930646829215,89.63,107.94251625782512,287.8089272,-5.830689428965513,0.4134673140311307,5.417222114934379,168,168,0
7140,12811-1-01,60 o mas,Mujeres,Quintil bajo,Centro,Rutina flexible,Movilidad activa,37.6,47.80367873810529,61.68,44.99548955431255,7.08,13.560831707582164,61.64,2.999005,47.79258800000001,45.03,110,-64.97,112.76258800000001,7.8531761222257765,4.546430116659159,4.854171122225777,1.5474251166591588,2.6185938743769275,1.6185938743769275,64.97,95.57088355397146,271.18158379999994,-10.203678738105289,16.68451044568745,-6.480831707582164,168,168,0
7142,12812-1-01,60 o mas,Mujeres,Quintil medio,Centro,Cuidadores domesticos,Movilidad activa,28.15,40.48725398074136,50.62,35.902406181831346,8.44,10.820339837427309,80.78999999999999,3.135556,53.290352910333894,34.22,69.1955484896661,-34.975548489666096,88.26590139999999,7.585690213460124,2.84947343435808,4.4501342134601245,-0.2860825656419199,2.419248839268099,1.4192488392680995,34.975548489666096,73.65969923250354,220.1614858496661,-12.337253980741359,14.717593818168652,-2.380339837427309,168,168,0
7145,12816-1-03,60 o mas,Mujeres,Quintil alto,Centro,Cuidadores domesticos,Motorizados privados,87.92,73.89182390811813,28.21,48.70835383344413,21.15,14.679822258437746,30.72,3.035665,153.7510585353846,77.24,102.8846153846154,-25.644615384615406,179.39567392,5.3560224868534965,11.029408783041752,2.3203574868534966,7.993743783041753,1.7643654641910411,0.7643654641910411,113.14460826461541,70.5597650886528,262.98503266461535,14.028176091881875,-20.498353833444128,6.470177741562253,168,168,0
7147,12819-1-01,60 o mas,Hombres,Quintil medio,Sur,Trabajadores rutinarios,Motorizados privados,61,42.46376854430317,21.72,42.959123785031146,15.65,12.94710767066568,69.63,3.32013,26.026919072165015,130.20000000000002,181.701030927835,-51.50103092783499,77.52795,9.894040508090534,22.72571837861681,6.573910508090534,19.405588378616812,2.9800159957864705,1.9800159957864705,176.50101092783498,114.95831278483226,300.574269027835,18.53623145569683,-21.239123785031147,2.70289232933432,168,168,0
7149,12822-1-02,60 o mas,Mujeres,Quintil alto,Norte,Cuidadores domesticos,Motorizados privados,62.79,57.865357050055295,36.34,43.86463152420357,15.82,13.220011425741138,53.050000000000004,3.665569,124.80004174183668,57.19,42.5510204081633,14.638979591836694,110.16106214999999,7.359279909868673,9.719321985000203,3.6937109098686727,6.053752985000203,2.0076773646516197,1.0076773646516195,105.36103576816333,87.30941723477747,296.5571148081633,4.924642949944705,-7.5246315242035635,2.5999885742588624,168,168,0
7150,12825-1-02,60 o mas,Mujeres,Quintil bajo,Centro,Cuidadores domesticos,Usuarios publicos,66.26,51.81548468036732,41.67,51.09530798736514,10.38,15.399207332267542,49.68999999999999,2.644114,34.20030611471701,84.19,130.188679245283,-45.998679245283,80.19898536000001,7.439180045821332,13.034304346417786,4.795066045821332,10.390190346417786,2.8134868790911933,1.8134868790911933,140.998687525283,102.80574234542776,278.624821225283,14.444515319632686,-9.425307987365137,-5.019207332267541,168,168,0
7159,12847-1-02,60 o mas,Mujeres,Quintil medio,Centro,Cuidadores domesticos,Motorizados privados,48.06,53.15340831103802,58.57,48.807030159629065,10.04,14.709561529332914,51.33,3.166946,63.103424759999996,65.4,154.5,-89.1,152.20342476,7.971649071852532,6.24861555906841,4.804703071852533,3.0816695590684104,2.517140826478422,1.517140826478422,89.1,105.23054907700862,306.38416506,-5.093408311038019,9.762969840370936,-4.669561529332915,168,168,0
7161,12849-1-02,60 o mas,Mujeres,Quintil medio,Centro,Rutina flexible,Movilidad activa,27.15,35.02412797048072,42.23,33.50735697065949,9.25,10.098515058859785,89.37,3.081034,31.910901125477686,28.85,80.5891719745223,-51.7391719745223,83.65007309999999,8.386099512598944,4.835868213313231,5.3050655125989445,1.7548342133132309,2.721845819487531,1.7218458194875308,51.7391719745223,75.99962797192441,210.35080229452228,-7.874127970480721,8.72264302934051,-0.8485150588597854,168,168,0
7178,12871-1-02,60 o mas,Mujeres,Quintil alto,Norte,Cuidadores domesticos,Movilidad activa,65.32,56.85925632616155,38.54,44.90667813235112,11.44,13.53406554148731,52.70000000000002,3.023672,95.41517959858751,59.620000000000005,161.7110754414125,-102.0910754414125,197.50625504,6.299235210199293,9.828450350862616,3.275563210199293,6.804778350862616,2.0833063937488236,1.0833063937488236,102.09107544141247,76.50856169565003,253.21420200141242,8.460743673838444,-6.366678132351119,-2.0940655414873106,168,168,0
7180,12873-1-02,60 o mas,Mujeres,Quintil bajo,Centro,Trabajadores rutinarios,Movilidad mixta,51.68,36.47844461958219,11.69,28.18661600296918,9.79,8.494939377448611,94.84,3.091529,64.05021872,54.279999999999994,150,-95.72,159.77021872,6.391286320815412,21.441834229401138,3.2997573208154116,18.350305229401137,2.0673544776113735,1.0673544776113735,95.72,48.72395069633231,162.12604291999997,15.201555380417808,-16.496616002969184,1.2950606225513877,168,168,0
7196,12919-1-01,60 o mas,Hombres,Quintil bajo,Centro,Trabajadores rutinarios,Motorizados privados,59.1,57.32572867607237,37.69,39.24617859054949,11.61,11.82809273337813,59.60000000000001,4.1517,156.785481,111.42,0,111.42,45.365481,7.651047333389902,8.645342910879808,3.4993473333899017,4.493642910879808,1.842870952474866,0.8428709524748661,88.57998900000001,81.21374674444965,293.25879899999995,1.7742713239276284,-1.556178590549493,-0.21809273337813018,168,168,0
7197,12919-1-02,60 o mas,Mujeres,Quintil bajo,Centro,Cuidadores domesticos,Movilidad activa,38.46,51.88992377624783,41.53,30.36009065639193,11.41,9.14998556736025,76.6,3.017463,116.05162698,0,0,0,116.05162698,4.93515906426924,0,1.9176960642692404,-3.017463,1.6355325862385854,0.6355325862385854,0,40.52429808764809,159.74449122000004,-13.429923776247826,11.169909343608072,2.2600144326397498,168,168,0
7204,12931-1-01,60 o mas,Mujeres,Quintil bajo,Centro,Rutina flexible,Movilidad activa,41.3,40.18066733299876,26.21,25.22651463172379,5.5,7.602818035277447,94.99000000000001,2.999568,85.22112391724139,34.269999999999996,72.9310344827586,-38.66103448275861,123.8821584,5.174274639968564,5.8663875423647065,2.174706639968564,2.8668195423647065,1.7250066142753102,0.7250066142753103,38.66103448275861,35.30352003346704,133.77733576275858,1.1193326670012382,0.9834853682762095,-2.102818035277447,168,168,0
7207,12937-1-02,60 o mas,Mujeres,Quintil bajo,Sur,Rutina flexible,Movilidad activa,32.94,45.707387704639864,41.98,31.483923662200382,11.76,9.488688633159741,81.32000000000001,3.025893,90.75180430888888,18.189999999999998,27.11111111111111,-8.921111111111113,99.67291542,5.584517338168229,0.7987572397842977,2.5586243381682294,-2.2271357602157025,1.8455766076884508,0.8455766076884508,8.921111111111117,47.55386019486694,171.53260093111106,-12.767387704639866,10.496076337799614,2.2713113668402585,168,168,0
7211,12950-1-02,60 o mas,Mujeres,Quintil bajo,Sur,Jovenes trabajadores,Usuarios publicos,51.14,48.35440566918955,48.99,46.99280703773362,9.38,14.162787293076816,58.49,4.172674,54.7970295453608,114.19,92.7835051546392,21.406494845360797,33.3905347,11.563423807819747,13.073421486608833,7.3907498078197476,8.900747486608832,2.7712262706887114,1.7712262706887114,158.5935188146392,146.97014177591905,402.1525001946392,2.785594330810447,1.9971929622663822,-4.782787293076815,168,168,0
7236,12988-1-02,60 o mas,Mujeres,Quintil bajo,Centro,Cuidadores domesticos,Movilidad activa,47.47,59.39327471435207,35.93,29.60447015445159,14.52,8.922255131196351,70.08,2.949556,140.01542332,0,0,0,140.01542332,4.392215308842549,0,1.4426593088425492,-2.949556,1.4891106691456442,0.48911066914564405,0,35.16836647336541,148.8051002,-11.923274714352068,6.3255298455484095,5.597744868803648,168,168,0
7237,12989-1-01,60 o mas,Mujeres,Quintil medio,Centro,Rutina flexible,Usuarios publicos,14.43,42.91122477779202,80.88,45.32010903772301,6.58,13.658666184484963,66.11,2.922397,9.364672695765101,33.400000000000006,66.2055160142349,-32.8055160142349,42.17018871,9.466765215446054,1.8048076433413696,6.544368215446054,-1.1175893566586306,3.2393837029828783,2.2393837029828783,32.8055160142349,116.03896186117998,288.3983576342349,-28.481224777792022,35.55989096227699,-7.0786661844849625,168,168,0
7242,13005-1-01,60 o mas,Mujeres,Quintil medio,Centro,Rutina flexible,Movilidad activa,37.2,45.69655103376039,51.46,39.73733155761121,8.75,11.976117408628394,70.59,3.051675,62.51632433691761,36.27,87.2759856630824,-51.00598566308239,113.52231,7.158339159322122,4.076111340850465,4.106664159322122,1.0244363408504653,2.345708228865172,1.3457082288651714,51.00598566308239,76.93469803903312,234.74733741308236,-8.49655103376039,11.722668442388787,-3.2261174086283937,168,168,0
7248,13018-2-02,60 o mas,Mujeres,Quintil bajo,Norte,Trabajadores rutinarios,Movilidad mixta,47.14,50.30532022059323,40.74,42.00509825409326,17.09,12.65958152531351,63.03,2.715047,68.18731576,45.7,0,45.7,22.48731576,6.020113403081111,4.975554773548759,3.3050664030811108,2.260507773548759,2.217314618524508,1.2173146185245083,59.79999982000001,68.39399298896099,216.81116783000004,-3.1653202205932303,-1.2650982540932603,4.4304184746864905,168,168,0
7252,13023-1-01,60 o mas,Hombres,Quintil bajo,Norte,Rutina flexible,Motorizados privados,27.44,44.95733843525319,49.84,33.03615754303732,10.67,9.95650402170949,80.05,3.349781,91.91799064000001,0,0,0,91.91799064000001,6.567252654244442,0,3.2174716542444415,-3.349781,1.960502090806665,0.960502090806665,0,58.679247460980875,202.69524831,-17.51733843525319,16.803842456962684,0.7134959782905099,168,168,0
7255,13028-1-01,60 o mas,Hombres,Quintil alto,Centro,Cuidadores domesticos,Motorizados privados,64.16,53.89000197150804,32.69,42.2089724772004,11.97,12.721025551291552,59.18000000000001,3.183057,96.27666125793095,95.5,203.448275862069,-107.94827586206901,204.22493711999996,6.592319767705315,11.630289161965411,3.4092627677053153,8.447232161965411,2.0710655724058085,1.0710655724058085,107.94827586206901,75.2582867474915,250.10360148206902,10.269998028491955,-9.5189724772004,-0.7510255512915514,168,168,0
7260,13038-1-01,60 o mas,Mujeres,Quintil bajo,Centro,Cuidadores domesticos,Motorizados privados,20.3,23.462984276393392,26.05,25.047999069705288,9.71,7.549016653901314,111.94,3.010975,0.7495992226890991,47.61,107.9831932773109,-60.373193277310904,61.1227925,10.317473083515297,8.123443390017355,7.306498083515297,5.112468390017355,3.4266219691346813,2.4266219691346813,60.373193277310904,69.8968598589245,168.0456592773109,-3.1629842763933915,1.002000930294713,2.1609833460986865,168,168,0
7261,13039-1-01,60 o mas,Mujeres,Quintil medio,Centro,Trabajadores rutinarios,Movilidad mixta,62.6,46.78364145242234,23.48,34.23003985761889,5.25,10.316318689958779,76.67,2.894108,83.414909063736,130.98,113.736263736264,17.243736263735997,66.17117280000001,5.61480029296827,16.37202639935429,2.7206922929682698,13.47791839935429,1.940079738893044,0.940079738893044,97.75625173626402,51.982001932851105,180.90397457626403,15.816358547577664,-10.75003985761889,-5.066318689958779,168,168,0
7272,13067-1-01,60 o mas,Hombres,Quintil bajo,Norte,Rutina flexible,Motorizados privados,17.42,45.773255754010144,55.67,41.768476318516214,27.04,12.588267927473675,67.86999999999998,3.353342,58.41521764000001,0,0,0,58.41521764000001,8.416293431866187,0,5.062951431866187,-3.353342,2.5098225686095206,1.5098225686095206,0,95.07816335666388,277.3549168200001,-28.353255754010142,13.901523681483788,14.451732072526324,167.99999999999997,168,0
7287,13088-1-01,60 o mas,Mujeres,Quintil medio,Centro,Cuidadores domesticos,Motorizados privados,69.94,52.3731578095035,31.12,41.90686607740418,5.85,12.62997611309231,61.089999999999996,2.66732,75.92853612356163,86.02000000000001,84.1438356164384,1.8761643835616155,74.05237174000001,5.626035688487344,14.397687405110094,2.9587156884873442,11.730367405110094,2.1092466177614027,1.1092466177614024,110.62382467643837,63.76743516488327,209.23464507643837,17.566842190496494,-10.78686607740418,-6.77997611309231,168,168,0
7288,13088-1-02,60 o mas,Hombres,Quintil medio,Centro,Trabajadores rutinarios,Motorizados privados,48.36,39.64324428803377,32.86,41.2075430025293,12.05,12.419212709436927,74.73,2.534498,11.944498463561615,86.02000000000001,84.1438356164384,1.8761643835616155,10.06833408,7.9434372699570295,11.85220449878759,5.408939269957029,9.31770649878759,3.134126469998015,2.134126469998015,110.62382481643839,88.5312248979714,224.44812999643838,8.71675571196623,-8.3475430025293,-0.3692127094369262,168,168,0
7298,13114-1-01,60 o mas,Hombres,Quintil bajo,Norte,Trabajadores rutinarios,Movilidad mixta,53.49,47.48916987011125,33.38,35.209361501010164,6.44,10.61146862887858,74.69,2.205012,63.96606884999999,46.019999999999996,0,46.019999999999996,17.946068849999996,4.278959252874132,6.522668859618311,2.073947252874132,4.317656859618311,1.9405605288652088,0.9405605288652088,53.980023030000005,40.74812058363374,141.78360087000001,6.0008301298887545,-1.8293615010101618,-4.171468628878579,168,168,0
7301,13116-1-01,60 o mas,Mujeres,Quintil bajo,Centro,Trabajadores rutinarios,Movilidad activa,59.18,56.680942088528184,30.41,34.57021618998632,12.08,10.418841721485503,66.33,2.375151,97.80144666000001,39.74,0,39.74,58.06144666,3.9384170912595047,4.842218472644914,1.5632660912595049,2.4670674726449144,1.6581754554803063,0.6581754554803063,42.759989519999976,36.82434962250977,143.68015550999996,2.499057911471816,-4.160216189986318,1.6611582785144972,168,168,0
7305,13120-1-01,60 o mas,Hombres,Quintil alto,Centro,Trabajadores moviles,Motorizados privados,53.75,46.114178454127924,45.94,48.48370454473104,9.52,14.612117001141034,58.790000000000006,2.852919,11.8928905660377,106.19,122.6415094339623,-16.4515094339623,28.3444,9.125733461874054,12.272166267140351,6.272814461874054,9.419247267140351,3.1987355623745555,2.1987355623745555,141.4515056839623,119.66712531513448,299.6743934239623,7.635821545872076,-2.5437045447310425,-5.092117001141034,168,168,0
7328,13161-1-02,60 o mas,Hombres,Quintil medio,Norte,Trabajadores moviles,Movilidad mixta,84.51,56.81251390075562,16.21,41.53083806851008,10.14,12.5166480307343,57.14,4.161137,145.35769277999998,143.7,0,143.7,1.65769278,8.105568426277737,37.67143112833253,3.9444314262777365,33.51029412833253,1.947921547951374,0.947921547951374,206.29999509000004,91.04696087544855,315.94595504,27.697486099244387,-25.320838068510078,-2.3766480307343,168,168,0
7340,13196-1-01,60 o mas,Mujeres,Quintil bajo,Centro,Rutina flexible,Movilidad activa,30.63,44.05936491656237,36.01,25.98056102119734,11.23,7.830074062240279,90.13000000000001,3.450895,111.75092748,26.050000000000004,0,26.050000000000004,85.70092748,5.734204636943838,-0.6162259532338151,2.283309636943838,-4.0671209532338155,1.6616572329624164,0.6616572329624164,-6.050013630000009,40.293314613740506,156.97026616999997,-13.429364916562374,10.02943897880266,3.399925937759721,168,168,0
7350,13207-1-02,60 o mas,Mujeres,Quintil medio,Centro,Trabajadores rutinarios,Usuarios publicos,68.49,60.76063779701549,22.72,37.367476506096175,18.18,11.261885696888328,58.61000000000001,3.452044,150.69051186000002,64.26,0,64.26,86.43051186,5.843496990801738,10.086804409928757,2.3914529908017377,6.634760409928757,1.6927643421699543,0.6927643421699543,85.73998169999996,59.057883283360525,226.9285812999999,7.729362202984504,-14.647476506096176,6.918114303111672,168,168,0
7355,13211-1-01,60 o mas,Mujeres,Quintil bajo,Centro,Rutina flexible,Usuarios publicos,30.86,44.49139795190656,62.44,44.905032477419915,9.63,13.533569570673528,65.07,2.800827,24.18353323999998,117.74999999999999,150,-32.250000000000014,56.433533239999996,8.269011572403913,4.15602614534236,5.4681845724039135,1.3551991453423602,2.952346422111724,1.952346422111724,62.24998798000002,100.42917541144462,264.10558987,-13.631397951906564,17.534967522580082,-3.903569570673527,168,168,0
7360,13226-1-04,60 o mas,Mujeres,Quintil bajo,Sur,Cuidadores domesticos,Movilidad activa,16.46,19.66219965199499,14.23,18.409506131398054,12.93,5.548294216606956,124.38,2.961114,18.093070768358203,18.979999999999997,49.626865671641795,-30.646865671641798,48.73993644,8.059429672608967,5.429374768611603,5.098315672608967,2.468260768611603,2.7217559582673845,1.7217559582673843,30.646865671641798,40.12894389195928,111.0707219116418,-3.202199651994988,-4.179506131398053,7.381705783393044,168,168,0
7363,13230-1-01,60 o mas,Mujeres,Quintil bajo,Centro,Cuidadores domesticos,Movilidad mixta,57.12,60.973374624936326,51.62,42.53679884850531,7.59,12.819826526558355,51.67,3.615175,143.01465273660375,89.52999999999999,62.2641509433962,27.265849056603784,115.74880367999998,6.72895655720092,5.158978561355035,3.1137815572009204,1.543803561355035,1.8613086661644098,0.8613086661644099,63.48414326339622,77.41476687310043,277.53865501339624,-3.853374624936329,9.083201151494684,-5.229826526558355,168,168,0
7366,13232-1-02,60 o mas,Hombres,Quintil bajo,Norte,Rutina flexible,Motorizados privados,40.91,48.882559645564186,33.66,35.23749330541128,20.17,10.619947049024528,73.26,2.827043,86.7258414315385,20.11,11.5384615384615,8.5715384615385,78.15430297,5.400260760342328,2.5857996472709064,2.573217760342328,-0.2412433527290938,1.910215288675244,0.9102152886752439,28.928487698461495,51.467256636536234,181.1082123884615,-7.972559645564189,-1.5774933054112807,9.550052950975473,168,168,0
7380,13261-1-01,60 o mas,Mujeres,Quintil medio,Norte,Rutina flexible,Movilidad activa,39.78,37.82339674327835,26.95,32.87781948069803,13.88,9.908783776023618,87.39,3.086925,51.92650209241711,40.74000000000001,111.6113744075829,-70.87137440758289,122.7978765,7.290741383898868,8.351894434834925,4.203816383898868,5.264969434834925,2.3618135795002693,1.361813579500269,70.87137440758289,64.83148689932742,196.91052215758288,1.9566032567216496,-5.92781948069803,3.9712162239763824,168,168,0
7389,13278-1-01,60 o mas,Mujeres,Quintil bajo,Norte,Cuidadores domesticos,Usuarios publicos,96.55,68.76589578315335,15.73,40.075937164972764,8.64,12.07816705187388,47.08,1.923609,99.15657631315788,40.589999999999996,47.1578947368421,-6.567894736842106,105.72447104999999,3.055787521667392,17.092072922963638,1.132178521667392,15.168463922963639,1.588569985723394,0.5885699857233939,86.5678726368421,33.12211970837795,133.44622396684213,27.784104216846643,-24.345937164972764,-3.4381670518738794,168,168,0
7395,13293-1-02,60 o mas,Hombres,Quintil bajo,Norte,Cuidadores domesticos,Motorizados privados,49.74,59.939556405304955,24.38,26.656618086002066,20.51,8.033825508692988,73.36999999999999,3.051395,151.77638729999998,0,0,0,151.77638729999998,4.316814454117267,3.0464503945523624e-15,1.2654194541172674,-3.0513949999999967,1.4147019491469532,0.4147019491469533,2.842170943040401e-14,31.12287541736552,136.97712155000002,-10.199556405304953,-2.276618086002067,12.476174491307013,168,168,0
7406,13317-1-02,60 o mas,Mujeres,Quintil medio,Norte,Cuidadores domesticos,Movilidad activa,59.86,56.57906033413526,35.2,35.24786636357651,7.39,10.623073302288244,65.55,3.188639,128.5639644383051,28.369999999999997,90.67796610169489,-62.307966101694895,190.87193054,5.438424446436927,7.039299704103114,2.249785446436927,3.8506607041031145,1.7055629208690377,0.7055629208690376,62.30796610169489,51.8462339264716,198.11210111169487,3.280939665864743,-0.047866363576510196,-3.2330733022882443,168,168,0
7408,13326-1-01,60 o mas,Mujeres,Quintil bajo,Centro,Rutina flexible,Movilidad mixta,34.52,34.01436778622919,34.8,36.3810405744078,12.04,10.964591639363043,86.63999999999999,3.136084,2.7276196800000037,54.970000000000006,160.5,-105.53,108.25761968,10.563656205430302,10.840581352107721,7.427572205430302,7.704497352107721,3.368422595003929,2.368422595003929,105.53,103.94429490450877,252.42417456000004,0.5056322137708165,-1.581040574407801,1.0754083606369562,167.99999999999997,168.00000000000003,2.842170943040401e-14
7411,13335-1-02,60 o mas,Mujeres,Quintil bajo,Norte,Rutina flexible,Movilidad activa,39.99,52.10210090770597,33.06,28.47580373183662,16.11,8.582095360457432,78.83999999999999,3.12282,124.8815718,0,0,0,124.8815718,4.911104318465896,0,1.7882843184658963,-3.12282,1.5726504628719864,0.5726504628719863,0,37.82391095660235,153.54905940000003,-12.112100907705965,4.584196268163382,7.527904639542568,168,168,0
7418,13345-1-01,60 o mas,Mujeres,Quintil bajo,Norte,Rutina flexible,Usuarios publicos,55.23,53.328822767172106,55.67,52.12241754371564,10.26,15.708759689112243,46.84000000000001,3.344414,47.31200954,61.35,105,-43.65,90.96200954,9.295516496317402,10.027602299950786,5.951102496317402,6.6831882999507854,2.779415615506155,1.7794156155061551,137.39997568,131.04165192604913,357.89719069999995,1.9011772328278909,3.54758245628436,-5.448759689112244,168.00000000000003,168,0
7423,13351-1-01,60 o mas,Hombres,Quintil bajo,Sur,Trabajadores rutinarios,Motorizados privados,42.46,43.65564301524151,34.64,38.20120154752163,16.27,11.513155437236867,74.63,4.614217,87.49108853142859,119.24999999999999,40.1785714285714,79.07142857142858,8.41965996,11.02830974793858,10.247882457064122,6.4140927479385805,5.633665457064122,2.3900717603742043,1.3900717603742045,108.42856528857142,113.94552161543005,343.33835275857143,-1.195643015241508,-3.5612015475216268,4.756844562763133,168,168,0
7424,13352-1-02,60 o mas,Mujeres,Quintil bajo,Sur,Rutina flexible,Movilidad mixta,32.3,42.57152163580169,56.16,44.04431390029443,11.43,13.274164463903896,68.10999999999999,3.135169,17.358091264841534,51.760000000000005,135.66786743515848,-83.90786743515848,101.26595870000001,9.747013651474369,5.973292174516526,6.611844651474369,2.8381231745165265,3.1089276691222607,2.1089276691222607,83.90786743515845,116.11082365055321,295.81394014515854,-10.27152163580169,12.115686099705563,-1.8441644639038959,167.99999999999997,168,0
7426,13355-1-01,60 o mas,Mujeres,Quintil bajo,Norte,Rutina flexible,Motorizados privados,39.83,43.03240583763193,37.17,37.558221387174584,14.91,11.319372775193472,76.09000000000002,3.144859,59.81973396999999,39.56,105,-65.44,125.25973396999998,7.433521163274934,6.045967889326534,4.2886621632749335,2.9011088893265344,2.3637057061302063,1.363705706130206,65.44,75.51111482012931,229.22425671999994,-3.202405837631929,-0.3882213871745819,3.5906272248065285,168,168,0
7435,13375-1-01,60 o mas,Mujeres,Quintil bajo,Sur,Rutina flexible,Movilidad mixta,30.09,52.157272746901796,56.26,40.120983919250605,18.02,12.091743333847592,63.63000000000001,3.089402,92.96010618000001,0,0,0,92.96010618000001,6.282611845927182,0,3.1932098459271816,-3.089402,2.033601274915722,1.033601274915722,0,68.17467655882389,229.48078055999997,-22.067272746901796,16.139016080749393,5.928256666152407,168,168,0
7437,13378-1-02,60 o mas,Mujeres,Quintil medio,Centro,Rutina flexible,Movilidad activa,37.73,53.57163460964676,46.25,33.93958467206471,13.76,10.22878071828852,70.26,3.091901,116.65742472999999,0,0,0,116.65742472999999,5.335901033084176,0,2.244000033084176,-3.091901,1.7257671035017539,0.7257671035017538,0,48.98076589120144,185.54497900999996,-15.84163460964676,12.310415327935289,3.531219281711479,168,168,0
7444,13387-1-01,60 o mas,Mujeres,Quintil bajo,Centro,Rutina flexible,Movilidad activa,25.73,35.19435690417009,45.33,37.802614599639845,13.33,11.393028496190048,83.61000000000001,2.993986,1.5452597800000092,77.51,153,-75.49,77.03525978,10.154852925849603,6.1921417253749444,7.160866925849604,3.1981557253749444,3.3917503040594053,2.3917503040594057,75.49,103.8261520700886,251.11721875999996,-9.464356904170092,7.527385400360153,1.9369715038099518,168,168,0
7445,13388-1-01,60 o mas,Hombres,Quintil bajo,Sur,Rutina flexible,Movilidad mixta,33.01,48.40411893298508,48.94,31.962852032360335,8.05,9.633029034654566,78.00000000000001,2.973823,98.16589722999998,0,0,0,98.16589722999998,5.295575289361139,0,2.321752289361139,-2.973823,1.7807298179350752,0.7807298179350752,0,45.77938494764649,169.47817276999996,-15.39411893298508,16.977147967639663,-1.5830290346545652,168,168,0
7448,13394-1-02,60 o mas,Mujeres,Quintil alto,Norte,Cuidadores domesticos,Motorizados privados,72.22,73.34338700128814,40.2,34.82191406288467,6.24,10.494698935827198,49.339999999999996,3.107515,185.3360511294574,25.64,64.7286821705426,-39.0886821705426,224.42473329999999,4.521035338288465,4.049974968956274,1.4135203382884654,0.9424599689562743,1.4548716058614248,0.4548716058614248,39.0886821705426,42.57962412785051,183.4016787705426,-1.1233870012881368,5.37808593711533,-4.254698935827198,168,168,0
7449,13395-1-01,60 o mas,Hombres,Quintil medio,Sur,Cuidadores domesticos,Motorizados privados,66.8,50.9711882975209,24.56,41.8392222292476,14.06,12.6095894732315,62.58,3.110095,81.76434599999996,149.26,275.25,-125.99000000000001,207.75434599999997,6.783364076576955,15.697024194076405,3.6732690765769553,12.586929194076406,2.1810793807189026,1.1810793807189026,125.99000000000001,76.76089186817828,246.10186890000003,15.8288117024791,-17.279222229247605,1.4504105267685006,168,168,0
7459,13420-1-01,60 o mas,Hombres,Quintil medio,Norte,Rutina flexible,Movilidad mixta,36.83,44.27230186796951,45.3,37.69661577587587,11.2,11.361082356154613,74.67000000000002,3.067746,64.28144881636359,37.66,86.3636363636364,-48.703636363636406,112.98508518,7.016221412356208,4.147691642203869,3.9484754123562076,1.0799456422038687,2.287093329224847,1.287093329224847,48.703636363636406,71.5347281498924,222.03128536363636,-7.442301867969512,7.603384224124127,-0.16108235615461375,168,168,0
7460,13421-1-01,60 o mas,Mujeres,Quintil medio,Norte,Trabajadores moviles,Movilidad activa,63.06,59.980341204719004,41.95,40.195467460903835,7.28,12.114191334377177,55.709999999999994,3.093917,125.20242306,55.1,0,55.1,70.10242306,5.553228877916999,6.831888271032862,2.4593118779169996,3.7379712710328623,1.7948861840563273,0.7948861840563272,69.89998295999999,60.37177425908058,222.21351686999998,3.0796587952809986,1.754532539096168,-4.834191334377176,168,168,0
7461,13424-1-01,60 o mas,Mujeres,Quintil bajo,Sur,Rutina flexible,Usuarios publicos,30.2,40.93479863872081,47.41,42.2974963162214,18.37,12.747705045057785,72.02000000000001,3.196692,17.230098400000003,45.690000000000005,125,-79.31,96.5400984,9.93233095170346,5.801330421251533,6.735638951703459,2.604638421251533,3.107065351214149,2.1070653512141484,79.31,113.62584493000969,289.58839976,-10.734798638720807,5.112503683778598,5.622294954942216,168,168,0
7482,13472-1-01,60 o mas,Mujeres,Quintil medio,Centro,Jovenes trabajadores,Motorizados privados,63.31,63.04493676842218,45.01,45.91661951283492,14.48,13.838443718742887,45.2,2.689896,105.63729860000001,50.34000000000001,0,50.34000000000001,55.2972986,5.149192796687291,5.229803456616435,2.4592967966872905,2.539907456616435,1.9142720747148925,0.9142720747148925,64.66001716,63.94702463363174,224.6819302,0.26506323157781964,-0.9066195128349221,0.6415562812571132,168,168,0
7484,13473-1-01,60 o mas,Hombres,Quintil bajo,Norte,Cuidadores domesticos,Usuarios publicos,44.19,37.871758686250395,17.71,31.795614626840052,17.35,9.582626686909562,88.75,3.358047,61.68209692999997,67.78999999999999,154.5,-86.71000000000001,148.39209692999998,7.615820518295763,11.900105061597547,4.257773518295763,8.542058061597547,2.26793148466825,1.2679314846682501,86.71000000000001,65.49304871108711,204.44312782,6.318241313749603,-14.085614626840051,7.76737331309044,168,168,0
7485,13474-1-01,60 o mas,Mujeres,Quintil medio,Norte,Cuidadores domesticos,Movilidad activa,90.39,79.85758889917905,16.48,29.101686058146345,10.86,8.770725042674608,50.269999999999996,2.971988,206.77299532,41.260000000000005,103.125,-61.864999999999995,268.63799532,3.8829671309326352,10.887797331665368,0.9109791309326352,7.915809331665368,1.3065218065929725,0.3065218065929725,61.86500000000001,30.562800597293347,143.11915192000004,10.532411100820951,-12.621686058146345,2.089274957325392,168,168,0
7501,13510-1-03,60 o mas,Mujeres,Quintil medio,Sur,Rutina flexible,Movilidad mixta,40.68,46.72191614809612,37.85,30.8810811232247,8.38,9.307002728679183,81.09,3.687096,116.86106459999999,29.369999999999997,0,29.369999999999997,87.4910646,6.633791865814692,3.448189082897004,2.9466958658146924,-0.23890691710299583,1.7991915224921435,0.7991915224921435,33.130000679999995,55.407125541980605,203.58444876000001,-6.041916148096121,6.968918876775302,-0.9270027286791827,168,168,0
7514,13526-1-01,60 o mas,Mujeres,Quintil bajo,Sur,Rutina flexible,Usuarios publicos,35.33,45.92126568422535,43.7,42.738206994538004,22.51,12.880527321236643,66.46000000000001,3.139561,50.55069013000002,94.13,154.5,-60.370000000000005,110.92069013000003,8.09934660503004,4.3872371350584585,4.959785605030039,1.2476761350584584,2.5797704217341337,1.5797704217341337,60.369999999999976,93.6219246828322,268.24033381,-10.591265684225348,0.961793005461999,9.629472678763358,168,168,0
7519,13533-1-01,60 o mas,Hombres,Quintil alto,Centro,Trabajadores rutinarios,Motorizados privados,44.31,44.0152663891807,38.88,40.39147048757603,13.39,12.17326312324326,71.42,17.225131,273.05191166636405,396.1700000000001,136.363636363636,259.80636363636404,13.245548029999998,44.40638135117734,45.12411484701595,27.181250351177336,27.898983847015952,2.577999630375951,1.577999630375951,490.19364294363606,485.11681788717055,1390.551240313636,0.29473361081929994,-1.5114704875760268,1.216736876756741,168,168,0
7527,13555-1-01,60 o mas,Hombres,Quintil medio,Centro,Trabajadores rutinarios,Motorizados privados,72.61,58.38942955085064,33.54,44.837387775611845,10.59,13.513182673537502,51.260000000000005,1.831547,62.79863841,54.81,0,54.81,7.988638409999999,3.6401853981724095,7.653053858238509,1.8086383981724095,5.821506858238509,1.9874922118692064,0.9874922118692064,70.18998926,44.14434611557184,151.01615837,14.220570449149356,-11.297387775611845,-2.923182673537502,168,168,0
7547,13596-1-01,60 o mas,Mujeres,Quintil bajo,Norte,Rutina flexible,Movilidad mixta,27.26,32.30009671638971,33.02,32.926460099460904,14.87,9.9234431841494,92.85,3.072277,15.607554970617315,34.99,103.13271604938271,-68.1427160493827,83.75027102000001,9.390564386060646,6.84649229783074,6.318287386060646,3.77421529783074,3.056548737649843,2.056548737649843,68.1427160493827,83.62728926892233,215.2740615793827,-5.040096716389709,0.09353990053909911,4.946556815850599,168,168,0
7562,13616-1-01,60 o mas,Mujeres,Quintil bajo,Norte,Trabajadores rutinarios,Usuarios publicos,55.8,50.899429260721064,31.8,35.36284495607885,9.32,10.657725783200068,71.08000000000001,1.941347,65.1171692,51.79,20,31.79,33.3271692,3.5230884347068523,5.056204317584465,1.5817414347068524,3.1148573175844647,1.814764920803366,0.8147649208033662,43.20999339999999,33.696285097013046,123.03818203999995,4.900570739278933,-3.5628449560788518,-1.3377257832000673,168,168,0
7585,13651-1-02,60 o mas,Hombres,Quintil medio,Centro,Rutina flexible,Movilidad activa,31.01,37.29661536744689,39.8,38.868974447288764,17.07,11.714410185264345,80.12,3.30402,12.913466651612907,57.230000000000004,146.7741935483871,-89.5441935483871,102.4576602,10.493524289474102,7.576135306746476,7.189504289474103,4.2721153067464765,3.1759869157795966,2.1759869157795966,89.5441935483871,110.31529645473897,277.44381094838707,-6.286615367446888,0.9310255527112332,5.355589814735655,168,168,0
7604,13685-1-01,60 o mas,Mujeres,Quintil bajo,Centro,Cuidadores domesticos,Movilidad mixta,61.65,64.54889540909494,44.93,40.281103956243875,10.39,12.140000634661192,51.029999999999994,2.9699,136.74434870000002,133.15,154.5,-21.349999999999994,158.0943487,5.044631654465225,4.031447048140925,2.074731654465225,1.061547048140925,1.6985863680478215,0.6985863680478215,46.34998629999998,54.95941577547103,210.6448543,-2.8988954090949406,4.648896043756125,-1.7500006346611912,168,168,0
7612,13696-1-01,60 o mas,Hombres,Quintil bajo,Norte,Trabajadores rutinarios,Usuarios publicos,74.39,54.823368907673604,29.2,45.49519664915181,10.44,13.711434443174594,53.97,2.288888,63.9378616877372,49.47,30.8025171022628,18.667482897737198,45.270378789999995,5.001817816295046,12.907019555233385,2.7129298162950457,10.618131555233385,2.1852610596477615,1.1852610596477615,106.3325166322628,61.54668952461003,197.06403695226277,19.566631092326396,-16.29519664915181,-3.271434443174595,168,168,0
7613,13696-1-02,60 o mas,Mujeres,Quintil bajo,Norte,Trabajadores rutinarios,Usuarios publicos,51.94,40.74169548866055,29.97,42.906927778700435,14.67,12.93137673263901,71.42,2.7987,9.31697550226281,63.300000000000004,74.3474828977372,-11.04748289773719,20.3644584,9.022693761230412,14.664251784511851,6.223993761230412,11.865551784511851,3.2238874338908823,2.2238874338908823,136.04750249773718,104.70680766185147,260.9814704977372,11.198304511339451,-12.936927778700436,1.7386232673609907,168,168,0
7618,13705-1-02,60 o mas,Mujeres,Quintil bajo,Centro,Rutina flexible,Motorizados privados,33.73,50.04727576514654,51.46,33.48956988413073,8.44,10.093154350722727,74.37,3.135491,105.76011143,0,0,0,105.76011143,5.648489940613644,0,2.5129989406136444,-3.135491,1.8014690332753767,0.8014690332753768,0,51.16267130613508,187.8159109,-16.31727576514654,17.97043011586927,-1.653154350722728,168,168,0
7619,13707-1-01,60 o mas,Hombres,Quintil bajo,Sur,Trabajadores rutinarios,Movilidad mixta,56.7,59.00634619454374,41.58,40.31379936295018,13.19,12.149854442506085,56.53,2.263062,89.0856377,60.77,0,60.77,28.3156377,4.076624555112329,3.446425075723433,1.8135625551123291,1.1833630757234328,1.8013755500787556,0.8013755500787557,39.229977700000006,44.44938213171653,163.17788344000002,-2.3063461945437354,1.2662006370498204,1.040145557493915,168,168,0
7633,13735-1-01,60 o mas,Hombres,Quintil bajo,Norte,Trabajadores rutinarios,Movilidad mixta,48.81,43.329965417579224,30.46,36.13084683776926,11.08,10.889187744651531,77.64999999999999,1.984451,43.41103297,21.55,0,21.55,21.86103297,4.356792416741438,6.19120099975303,2.3723414167414383,4.20674999975303,2.1954648498458456,1.1954648498458458,53.45002034,42.57516023288051,135.88411488,5.480034582420778,-5.670846837769261,0.1908122553484688,168,168,0
7636,13740-1-01,60 o mas,Mujeres,Quintil alto,Sur,Rutina flexible,Motorizados privados,49.08,44.49730110812705,44.89,43.647981798836966,7.33,13.154717093035988,66.7,3.21917,36.3622500553846,106.25,127.8846153846154,-21.6346153846154,57.99686544,9.0537737404303,11.207631245712914,5.8346037404303,7.988461245712914,2.8124559251081176,1.8124559251081178,121.6346135446154,106.88212675286474,289.7396709446154,4.582698891872951,1.2420182011630345,-5.8247170930359875,168,168,0
7638,13743-1-02,60 o mas,Mujeres,Quintil bajo,Centro,Rutina flexible,Movilidad activa,51.54,54.09788189610216,46.37,41.28082078736215,9.91,12.441297316535673,60.18000000000001,2.742315,86.86765252972071,31.1,80.5712290502793,-49.4712290502793,136.33888158000002,5.507000094837347,4.657006822300692,2.7646850948373474,1.9146918223006923,2.0081573760991525,1.0081573760991525,54.47126257027929,61.48578046218867,208.8087507702793,-2.5578818961021597,5.089179212637845,-2.5312973165356727,168,168,0
7642,13750-1-02,60 o mas,Mujeres,Quintil alto,Centro,Trabajadores rutinarios,Movilidad mixta,49.88,47.392997012283054,23.56,26.723131524356997,8.73,8.053871463359958,85.83,4.350491,154.93246728,62.92999999999999,0,62.92999999999999,92.00246728,7.090847033994405,9.24926852465286,2.740356033994405,4.898777524652861,1.6298958057824748,0.6298958057824748,62.0700238,51.2503396849643,202.54737819,2.4870029877169486,-3.1631315243569986,0.6761285366400429,168,168,0
7645,13754-1-02,60 o mas,Hombres,Quintil bajo,Centro,Rutina flexible,Movilidad activa,28.82,33.27436976157468,30.58,25.43114137970134,6.97,7.664488858723959,101.63000000000001,5.328401,100.62452342,57.059999999999995,0,57.059999999999995,43.56452342,11.147429485854602,6.783712950054231,5.819028485854601,1.4553119500542309,2.0920778083058313,1.0920778083058316,52.93999340000002,76.67466169194432,253.02145094999997,-4.454369761574682,5.1488586202986575,-0.6944888587239593,168,168,0
7651,13760-1-01,60 o mas,Mujeres,Quintil bajo,Centro,Cuidadores domesticos,Usuarios publicos,64.48,56.32780586813963,35.55,44.90779268441602,14.74,13.534401447444358,53.23,4.048055,123.85636653897811,118.44000000000001,68.1021897810219,50.337810218978106,73.51855632,8.57580751642652,13.123400739462305,4.527752516426521,9.075345739462305,2.118500740831466,1.1185007408314662,137.1622198610219,104.16168964457384,340.73890581102194,8.152194131860377,-9.357792684416026,1.2055985525556423,168,168,0
7653,13764-1-02,60 o mas,Hombres,Quintil bajo,Centro,Trabajadores rutinarios,Usuarios publicos,58.31,53.626223515645805,35.67,37.90107407285569,8.97,11.422702411498506,65.05,2.995336,102.98807391,40.83,0,40.83,62.15807390999999,5.622957726423525,7.725143354421011,2.6276217264235253,4.729807354421011,1.8772377210515032,0.8772377210515032,71.66996825000001,57.64048393046045,205.38176729,4.683776484354198,-2.231074072855691,-2.452702411498505,168,168,0
7666,13789-1-01,60 o mas,Hombres,Quintil bajo,Centro,Cuidadores domesticos,Movilidad activa,64.05,55.72753577466613,29.87,35.01851369460401,7.38,10.55395053072985,66.7,3.146039,124.20379555000001,47.7,0,47.7,76.50379555,5.39707074645008,9.984969703919425,2.2510317464500798,6.838930703919425,1.7155129820228165,0.7155129820228165,77.3000024,51.11720537099485,194.48995515000001,8.322464225333867,-5.148513694604009,-3.17395053072985,168,168,0
7687,13816-1-02,60 o mas,Mujeres,Quintil bajo,Norte,Rutina flexible,Movilidad activa,33.71,35.04538484774849,38.14,35.90384244955178,9.92,10.820772702699735,86.22999999999999,3.18231,16.46349618695652,44.84,135.6521739130435,-90.8121739130435,107.27567010000001,9.789347415134463,9.091882760706277,6.607037415134463,5.9095727607062765,3.076176555751785,2.076176555751785,90.8121739130435,95.06178246788197,243.75399251304353,-1.335384847748486,2.236157550448219,-0.9007727026997348,168,168,0
7693,13824-1-02,60 o mas,Mujeres,Quintil medio,Centro,Cuidadores domesticos,Movilidad mixta,73.47,56.387345984086444,20.2,35.75633684949372,9.25,10.776317166419842,65.08,3.054067,121.2889784966667,65.24000000000001,45.8333333333333,19.40666666666671,101.88231182999999,5.265493160538009,16.843749138875598,2.211426160538009,13.789682138875598,1.7240922221215216,0.7240922221215216,103.0933239933333,50.921754090914234,193.0355971433333,17.082654015913555,-15.556336849493722,-1.526317166419842,168,168,0
7701,13833-1-02,60 o mas,Mujeres,Quintil medio,Centro,Rutina flexible,Movilidad mixta,42.75,51.879607168268244,59.3,44.74504162727731,8.06,13.48535120445444,57.89,3.120818,74.54145598648648,37.13999999999999,96.0135135135135,-58.87351351351351,133.41496949999998,7.219099898370495,4.205439577380849,4.098281898370495,1.0846215773808492,2.3132075944097013,1.3132075944097015,58.8735135135135,87.36535589717408,269.0918139935135,-9.129607168268244,14.554958372722687,-5.42535120445444,168,168,0
7706,13847-1-01,60 o mas,Mujeres,Quintil bajo,Centro,Trabajadores rutinarios,Motorizados privados,66.55,58.004536013441765,34.46,39.69277509485305,8.65,11.962688891705174,58.34000000000001,4.407752,168.40588005,125.07000000000001,0,125.07000000000001,43.33588004999999,8.128511503621414,13.943836839768666,3.720759503621414,9.536084839768666,1.8441399388217425,0.8441399388217427,124.93001555000001,87.26372957231999,314.94820427,8.545463986558232,-5.2327750948530465,-3.3126888917051733,168,168,0
7718,13860-1-02,60 o mas,Mujeres,Quintil bajo,Centro,Cuidadores domesticos,Movilidad activa,28.24,41.36883073865081,40.03,27.187381270045478,8.48,8.19378799130372,91.24999999999999,3.097814,87.48226736,0,0,0,87.48226736,5.530988142597823,0,2.433174142597823,-3.097814,1.7854487527649572,0.7854487527649572,0,40.67067566582283,150.27495714000003,-13.128830738650809,12.842618729954523,0.28621200869628005,168,168,0
7720,13864-1-02,60 o mas,Hombres,Quintil alto,Sur,Trabajadores rutinarios,Movilidad activa,64.98,51.028361756271295,17.08,39.64373050866846,20.56,11.947907735060252,65.38,2.183732,63.894878745945896,101.05,54.0540540540541,46.9959459459459,16.898932799999997,4.4335286083428445,9.971509979224425,2.2497966083428445,7.787777979224425,2.0302530751680354,1.0302530751680354,78.00402661405411,47.537387728799935,160.1996990940541,13.95163824372871,-22.563730508668463,8.612092264939747,168,168,0
7721,13867-1-01,60 o mas,Mujeres,Quintil alto,Centro,Cuidadores domesticos,Movilidad activa,50.29,51.08754114429794,19.78,31.74506647353824,22.33,9.567392382163804,75.60000000000001,2.89487,105.6563990276888,40.61,80.5366132723112,-39.9266132723112,145.5830123,4.919137906590717,4.562162527378895,2.024267906590717,1.667292527378895,1.6992603835718763,0.6992603835718761,39.9266132723112,42.23539120470495,161.82958897231117,-0.7975411442979379,-11.96506647353824,12.762607617836194,168,168,0
7726,13884-1-01,60 o mas,Hombres,Quintil bajo,Norte,Cuidadores domesticos,Movilidad mixta,67.72,58.47645213526952,27.18,40.08319379500954,15.74,12.08035406972095,57.35999999999999,4.374104,168.25430519999998,72.03999999999999,0,72.03999999999999,96.2143052,8.073694324202101,14.345249274396872,3.6995903242021013,9.971145274396871,1.8457938641152798,0.8457938641152797,127.96001768000002,87.52777799069096,315.6965613600001,9.24354786473048,-12.903193795009543,3.6596459302790496,168,168,0
7732,13896-1-02,60 o mas,Mujeres,Quintil bajo,Centro,Cuidadores domesticos,Motorizados privados,48.08,54.84824931705803,21.7,19.303901715149934,10.19,5.817848967792044,88.03,3.085075,148.33040599999998,0,0,0,148.33040599999998,3.9993157597364273,0,0.9142407597364275,-3.085075,1.2963431228532296,0.29634312285322967,0,20.88055676182279,98.38304174999999,-6.768249317058029,2.3960982848500656,4.372151032207955,168,168,0
7736,13905-1-03,60 o mas,Mujeres,Quintil bajo,Norte,Rutina flexible,Usuarios publicos,17.59,30.7129848184353,41.94,29.91974260203918,10.12,9.017272579525526,98.35,3.158551,24.7955787566667,35.82,66.5833333333333,-30.7633333333333,55.55891209,8.92372036084934,2.8433004165259312,5.765169360849339,-0.31525058347406887,2.8252576453093012,1.8252576453093012,30.7633333333333,72.21295015458693,195.19749839333332,-13.122984818435299,12.020257397960819,1.1027274204744728,168,168,0
7738,13909-1-01,60 o mas,Mujeres,Quintil alto,Sur,Jovenes trabajadores,Motorizados privados,60.31,52.7503778779427,51.75,49.46251057770698,5.06,14.907111544350325,50.879999999999995,8.876387,156.14487638,350.81,255,95.81,60.33487638,23.32864322902397,32.116309501244665,14.452256229023972,23.239922501244664,2.6281687841037096,1.6281687841037094,379.19002359,312.08789206085805,883.4575690599999,7.559622122057306,2.287489422293021,-9.847111544350327,168,168,0
7742,13915-1-01,60 o mas,Mujeres,Quintil bajo,Sur,Rutina flexible,Movilidad activa,32.89,54.746200994323196,59.72,40.92864203446008,15.4,12.335156971216698,59.990000000000016,3.033303,99.76533567,0,0,0,99.76533567,5.988966071092659,0,2.9556630710926592,-3.033303,1.9744041630831668,0.9744041630831668,0,66.29648004468355,227.86172136,-21.856200994323196,18.791357965539916,3.0648430287833026,168.00000000000003,167.99999999999997,-2.842170943040401e-14
7749,13922-1-01,60 o mas,Mujeres,Quintil alto,Norte,Rutina flexible,Motorizados privados,37.19,45.69409282466779,46.57,34.32190268157094,6.6,10.344004493761254,77.64000000000001,3.129736,85.03835047468633,29.279999999999998,60.63653136531365,-31.356531365313653,116.39488183999998,6.245056488085647,2.8376241801043824,3.1153204880856475,-0.2921118198956174,1.9953940166472979,0.995394016647298,31.356531365313657,57.972096826018145,197.7645944853136,-8.504092824667794,12.24809731842906,-3.7440044937612544,168,168,0
7757,13932-1-01,60 o mas,Hombres,Quintil bajo,Sur,Trabajadores rutinarios,Movilidad activa,49.95,41.13977333906501,11.84,28.800326094132757,16.83,8.679900566802234,89.38,3.332617,88.18422670000001,46.720000000000006,0,46.720000000000006,41.4642267,6.280118368250855,13.137617198440338,2.9475013682508546,9.80500019844034,1.8844404767337064,0.8844404767337065,78.27999245000001,48.918881305914795,173.82612183999998,8.810226660934994,-16.960326094132757,8.150099433197765,168,168,0
7759,13937-1-04,60 o mas,Hombres,Quintil alto,Sur,Rutina flexible,Movilidad activa,13.43,34.69062045607647,57.03,31.381545767784065,5.07,9.45783377613945,92.47,3.212496,43.143821280000004,0,0,0,43.143821280000004,8.04697988797337,-5.505441151829935e-16,4.83448388797337,-3.2124960000000002,2.504899582123486,1.504899582123486,-7.105427357601002e-15,68.29965817266384,199.4960016,-21.260620456076474,25.648454232215936,-4.38783377613945,168,168,0
7764,13943-1-02,60 o mas,Hombres,Quintil bajo,Norte,Trabajadores rutinarios,Motorizados privados,59.72,53.74808585363899,24.25,35.717347629863134,16.26,10.764566516497872,67.77,2.903538,106.03930399999999,45.13999999999999,0,45.13999999999999,60.899304,5.1779262283414305,8.00079719642271,2.2743882283414303,5.097259196422709,1.7833161571646143,0.7833161571646144,67.35998536000002,50.02030570330328,184.98230974000003,5.971914146361009,-11.467347629863134,5.495433483502129,168,168,0
7765,13947-1-05,60 o mas,Mujeres,Quintil alto,Norte,Trabajadores rutinarios,Usuarios publicos,59.33,39.50469664034231,17.99,33.31481652883478,5.54,10.040486830822914,85.14,2.667522,51.0847490600434,75.24,67.4193408499566,7.820659150043397,43.26408991,6.025738991940801,21.917077166080162,3.358216991940801,19.249555166080164,2.258927570959415,1.2589275709594152,107.17933119995658,54.29489833139579,169.9461238599566,19.82530335965769,-15.324816528834784,-4.500486830822914,168,168,0
7768,13952-1-02,60 o mas,Mujeres,Quintil alto,Centro,Cuidadores domesticos,Movilidad activa,36.55,38.85953286562463,38.52,37.72179593185119,12.88,11.3686712025242,80.04999999999998,3.092176,32.599032799999975,57.07999999999999,137.5,-80.42000000000002,113.01903279999999,8.582414002134255,7.528257594598803,5.490238002134255,4.436081594598804,2.7755257146211134,1.7755257146211132,80.42000000000002,87.56148209829573,239.35784640000008,-2.3095328656246323,0.798204068148813,1.5113287974758016,167.99999999999997,168,0
7771,13958-1-02,60 o mas,Mujeres,Quintil medio,Centro,Trabajadores rutinarios,Usuarios publicos,68.05,59.645605326098554,22.29,32.71475546188927,11.88,9.859639212012187,65.78,2.657704,121.85673425,53.5,0,53.5,68.35673425,4.143625491196344,8.308081016985534,1.4859214911963443,5.6503770169855345,1.559099693267702,0.5590996932677019,59.00002294999997,36.66362960759342,149.81376862999997,8.404394673901443,-10.42475546188927,2.020360787987814,168,168,0
7778,13971-2-02,60 o mas,Mujeres,Quintil bajo,Centro,Rutina flexible,Movilidad activa,39.25,52.15710852632302,61.87,42.66456002513272,6.56,12.858331448544272,60.31999999999999,3.11389,84.3976825,32.49,70.3125,-37.8225,122.2201825,6.760720299537705,2.659482964256094,3.646830299537705,-0.45440703574390584,2.1711493660783474,1.1711493660783472,37.822500000000005,78.013816169032,250.90599270000004,-12.907108526323022,19.205439974867275,-6.298331448544272,168,168,0
7789,14001-1-02,60 o mas,Mujeres,Quintil bajo,Norte,Rutina flexible,Usuarios publicos,18.37,24.711075073936545,26.25,24.488524000755525,11.96,7.380400925307947,111.41999999999999,3.024572,15.745327033939418,18.290000000000003,58.106060606060595,-39.81606060606059,55.56138764000001,8.907217152366188,5.013889660130787,5.882645152366188,1.9893176601307871,2.944951269920567,1.9449512699205667,39.81606060606059,58.99509872458698,155.3849567260606,-6.341075073936544,1.7614759992444746,4.579599074692054,168,168,0
7795,14013-1-01,60 o mas,Mujeres,Quintil bajo,Norte,Cuidadores domesticos,Movilidad activa,84.43,61.156795279386905,20.94,40.15977150551541,8.05,12.103433215097699,54.58,2.486359,104.74313192984128,53.55,78.7301587301587,-25.18015873015871,129.92329066,4.356049519504921,17.457382454652336,1.8696905195049212,14.971023454652336,1.7519793076964836,0.7519793076964835,105.18015844015876,47.314616424219864,177.25970585015875,23.2732047206131,-19.219771505515407,-4.053433215097698,168,168,0
7801,14028-1-02,60 o mas,Mujeres,Quintil bajo,Centro,Cuidadores domesticos,Movilidad activa,60,65.59565565188015,18.96,17.331071072263562,9.19,5.223273275856293,79.85,3.103617,186.21702,0,0,0,186.21702,3.7049505625947474,0,0.6013335625947476,-3.103617,1.1937525031583303,0.19375250315833029,0,17.366772007321316,87.36681855,-5.595655651880151,1.628928927736439,3.9667267241437063,168,168,0
7806,14035-1-02,60 o mas,Mujeres,Quintil medio,Norte,Rutina flexible,Movilidad mixta,30.92,50.18651335422078,69.6,52.17798109970781,17.57,15.725505546071417,49.90999999999999,3.192725,19.572390333333317,50.019999999999996,129.16666666666669,-79.14666666666669,98.719057,9.967128075326958,4.368769223309641,6.774403075326958,1.1760442233096415,3.121824797101836,2.121824797101836,79.14666666666669,140.6593455155212,357.4565049166667,-19.266513354220777,17.422018900292187,1.8444944539285828,168,168,0
7807,14036-1-02,60 o mas,Mujeres,Quintil alto,Centro,Rutina flexible,Usuarios publicos,36.36,41.573352028770834,44.45,37.511389488454384,9.58,11.305258482774793,77.60999999999999,3.007224,49.585997973333306,66.91000000000001,126.6666666666667,-59.75666666666669,109.34266464,7.435238680249086,5.321632960040453,4.4280146802490865,2.3144089600404527,2.472459211634746,1.4724592116347457,59.75666666666669,75.43438400803504,222.23697938666675,-5.213352028770835,6.938610511545619,-1.7252584827747928,168,168,0
7814,14060-1-01,60 o mas,Hombres,Quintil bajo,Centro,Trabajadores rutinarios,Movilidad activa,68.15,58.55836710639164,25.98,38.46036903459277,14.48,11.591263859015598,59.389999999999986,4.582103,183.0703268,120.80000000000001,0,120.80000000000001,62.27032679999999,8.195404346139876,15.364913925912335,3.6133013461398757,10.782810925912335,1.7885683377566755,0.7885683377566755,129.19999265000004,85.25014279329847,314.5918800300001,9.591632893608363,-12.480369034592773,2.8887361409844026,168,168,0
7815,14060-1-02,60 o mas,Mujeres,Quintil bajo,Centro,Trabajadores rutinarios,Usuarios publicos,68.72,58.27574146035885,24.27,31.76181765308352,6.62,9.572440886557624,68.39,3.239869,145.12378088,72.48,0,72.48,72.64378088,5.084939125531148,12.075064827466008,1.8450701255311475,8.835195827466007,1.569489113766991,0.569489113766991,77.52001680000001,43.681987329431394,177.59957021,10.444258539641147,-7.491817653083519,-2.952440886557624,168,168,0
7817,14063-1-01,60 o mas,Mujeres,Quintil bajo,Norte,Cuidadores domesticos,Movilidad activa,76.01,68.80891586635198,46.36,46.12871780296358,6.47,13.902366330684444,39.16,3.794519,175.88140779999998,87.46,0,87.46,88.4214078,6.830225921291203,10.24990285884521,3.0357069212912027,6.45538385884521,1.8000241720468926,0.8000241720468925,112.53998139000004,85.21533082427408,313.00442016000005,7.201084133648024,0.23128219703642117,-7.432366330684444,168,168,0
7831,14089-1-02,60 o mas,Hombres,Quintil alto,Centro,Rutina flexible,Movilidad activa,21.38,32.833177999384475,41.67,32.662831682364335,12.29,9.843990318251196,92.66,3.221141,22.616306268311682,42.059999999999995,88.3116883116883,-46.251688311688305,68.86799457999999,9.411649483532104,4.124289765399527,6.1905084835321045,0.9031487653995272,2.9218371637665363,1.9218371637665363,46.251688311688305,83.1439895458036,220.0644566716883,-11.453177999384476,9.007168317635667,2.4460096817488033,168,168,0
7836,14101-1-01,60 o mas,Hombres,Quintil bajo,Norte,Trabajadores rutinarios,Motorizados privados,52.61,48.68564404937693,40.61,40.73696653066834,8.48,12.277389419954734,66.3,4.550753,108.65512744,69.24000000000001,0,69.24000000000001,39.41512744,10.247044930684345,12.816674674244226,5.696291930684344,8.265921674244225,2.2517251388252326,1.2517251388252326,130.75998789000002,112.90121327463424,354.15645266,3.9243559506230667,-0.12696653066834074,-3.797389419954733,168,168,0
7848,14125-1-01,60 o mas,Mujeres,Quintil bajo,Norte,Cuidadores domesticos,Motorizados privados,68.73,56.556874830878535,32.81,38.90719576559148,5.65,11.725929403529978,60.809999999999995,5.60001,206.95867465000003,122.07000000000002,0,122.07000000000002,84.88867465,10.430483223491889,22.260424958459232,4.830473223491889,16.66041495845923,1.862582963868259,0.8625829638682588,177.93001264999998,109.76038997166808,393.3063972499999,12.17312516912147,-6.097195765591479,-6.075929403529978,168,167.99999999999997,-2.842170943040401e-14
7851,14135-1-02,60 o mas,Mujeres,Quintil medio,Norte,Cuidadores domesticos,Movilidad activa,44.77,40.33876863735178,13.55,28.34004979763181,18.9,8.541181565016414,90.78,3.123517,80.83985608999998,30.999999999999996,90,-59,139.83985608999998,5.891585304424478,8.748444311961718,2.7680683044244776,5.624927311961718,1.8862024136332467,0.8862024136332466,59.00000000000003,45.15897350783513,160.35812665000003,4.4312313626482265,-14.79004979763181,10.358818434983585,168,168,0
7852,14138-1-02,60 o mas,Mujeres,Quintil bajo,Centro,Rutina flexible,Usuarios publicos,44.05,59.127909211707944,43.87,34.31128597810757,15.86,10.340804810184475,64.22000000000001,3.091998,136.2025119,0,0,0,136.2025119,5.0237966313604865,0,1.9317986313604867,-3.091998,1.6247735707980686,0.6247735707980687,0,46.62086512678255,184.68504053999993,-15.077909211707947,9.558714021892428,5.519195189815525,168,168,0
7855,14145-1-01,60 o mas,Mujeres,Quintil bajo,Sur,Trabajadores rutinarios,Movilidad activa,60.83,50.86850142353211,23.62,34.57977576954693,11.42,10.42172280692097,72.13,3.001938,101.60092659826091,45.080000000000005,53.5869565217391,-8.506956521739092,110.10788312,5.464045508408324,11.123764054956572,2.462107508408324,8.121826054956571,1.8201726712571424,0.8201726712571425,81.00696194173909,51.10316082809422,186.19486946173907,9.96149857646789,-10.959775769546926,0.99827719307903,168,168,0
7856,14146-1-02,60 o mas,Mujeres,Quintil alto,Centro,Trabajadores rutinarios,Usuarios publicos,70.37,47.043844672468836,8.78,33.99167540017816,12.13,10.244479927353003,76.72,3.845275,112.438627922077,140.75,98.903396797923,41.846603202077006,70.59202472,7.446285234690874,36.39300770087739,3.6010102346908743,32.54773270087739,1.936476645933223,0.9364766459332231,158.15337382792302,68.45789190085061,238.55807407792304,23.32615532753117,-25.21167540017816,1.8855200726469974,168,168,0
7861,14154-1-02,60 o mas,Mujeres,Quintil bajo,Sur,Cuidadores domesticos,Movilidad mixta,53.41,52.88839152206688,30.81,28.908965843570858,6.29,8.712642634362265,77.49,2.974252,120.83479932000002,38.980000000000004,77,-38.019999999999996,158.85479932,4.664180102985763,4.930962776480624,1.6899281029857631,1.956710776480624,1.568185918000816,0.5681859180008161,38.01999999999997,36.46860494129045,148.3647492,0.521608477933114,1.9010341564291409,-2.4226426343622647,168,168,0
7862,14156-1-02,60 o mas,Mujeres,Quintil medio,Centro,Trabajadores rutinarios,Movilidad mixta,61.82,56.05279681737233,21.39,37.25055540409526,21.32,11.226647778532408,63.470000000000006,2.434427,93.07769249142859,64.01,21.4285714285714,42.5814285714286,50.49626392,4.305593190304003,6.468691398930638,1.8711661903040029,4.034264398930638,1.7686269460139914,0.7686269460139914,57.4185846485714,43.378749506296685,161.3929618185714,5.767203182627668,-15.860555404095258,10.093352221467592,168,168,0
7875,14181-1-02,60 o mas,Mujeres,Quintil alto,Sur,Rutina flexible,Motorizados privados,26.83,38.457178105434025,59.75,41.4811491966096,5.86,12.501672697956362,75.56000000000002,3.110472,0.5292269178946896,89.97000000000001,172.89473684210532,-82.9247368421053,83.45396376,10.614901388154522,6.08145623062004,7.504429388154522,2.9709842306200396,3.412633641503451,2.412633641503451,82.9247368421053,119.0907487780709,287.0028047621053,-11.627178105434027,18.2688508033904,-6.641672697956362,168,168,0
7876,14186-1-02,60 o mas,Mujeres,Quintil medio,Centro,Cuidadores domesticos,Movilidad activa,62.86,68.87007308078012,22.49,18.534086437748723,7.64,5.585840481471154,75.01,3.084089,193.86583454,0,0,0,193.86583454,3.697636275946908,0,0.613547275946908,-3.084089,1.1989395493926758,0.19893954939267577,0,18.535600277630067,92.92360156999999,-6.010073080780117,3.9559135622512756,2.054159518528846,168,168,0
7883,14197-1-01,60 o mas,Mujeres,Quintil bajo,Centro,Rutina flexible,Usuarios publicos,28.02,53.03371251889511,71.76,43.012955806775956,9.23,12.96333167432896,58.98999999999998,3.14998,88.2624396,0,0,0,88.2624396,6.772911181467241,0,3.622931181467241,-3.14998,2.1501441855082386,1.1501441855082386,0,78.7926941602692,255.11688020000003,-25.013712518895108,28.74704419322405,-3.7333316743289604,168,168,0
7886,14199-1-01,60 o mas,Mujeres,Quintil medio,Norte,Trabajadores rutinarios,Motorizados privados,56.45,45.483980577717404,20.77,36.18923464278516,15.36,10.906784779497434,75.42,8.453561,206.07350749999995,178.86999999999995,0,178.86999999999995,27.203507499999997,18.229407886411025,36.10797650577649,9.775846886411024,27.65441550577649,2.15641761932173,1.1564176193217302,271.1300109500001,178.4280968365494,576.5571698800002,10.9660194222826,-15.41923464278516,4.453215220502566,168,168,0
7891,14209-1-02,60 o mas,Hombres,Quintil bajo,Centro,Rutina flexible,Usuarios publicos,22.04,38.57174031592496,52.62,39.295348134136994,15.05,11.842911549938043,78.29,3.34231,21.199943709904183,32.93,85.39456869009581,-52.46456869009581,73.66451239999999,10.13535491774679,3.7304691391313174,6.793044917746791,0.3881591391313175,3.0324401140967745,2.0324401140967745,52.46456869009581,107.71876966541498,278.6386863900958,-16.531740315924964,13.324651865863004,3.207088450061958,168,168,0
7903,14231-1-03,60 o mas,Mujeres,Quintil medio,Norte,Trabajadores rutinarios,Usuarios publicos,54.96,39.95857193119854,23.8,40.20451113394098,13.52,12.11691693486047,75.72,3.319385,25.89393351578898,96.74999999999999,115.789473684211,-19.039473684211018,44.9334072,9.816512065891608,20.182535930173277,6.497127065891608,16.863150930173276,2.957328561131537,1.9573285611315372,156.53946608421103,106.74395077405251,280.418914284211,15.00142806880146,-16.404511133940982,1.4030830651395299,168,168,0
7907,14236-1-02,60 o mas,Hombres,Quintil bajo,Norte,Rutina flexible,Movilidad activa,8.92,31.752011899635658,51.4,30.558273720149177,11.2,9.209714380215171,96.48,3.116632,27.80035744,0,0,0,27.80035744,8.609731513177746,0,5.493099513177746,-3.116632,2.762511426815147,1.7625114268151472,0,71.15897891078528,195.1011632,-22.83201189963566,20.84172627985082,1.990285619784828,168,168,0
7909,14237-1-02,60 o mas,Mujeres,Quintil bajo,Centro,Rutina flexible,Movilidad activa,38.97,45.37009455213292,48.5,38.07483470529305,7.45,11.47507074257404,73.08,2.820821,62.917396100000005,137.99,147.5,-9.509999999999991,72.4273961,6.3181254134099785,4.042813111417002,3.4973044134099784,1.2219921114170016,2.239817915922343,1.2398179159223426,47.00999827,65.06351938464213,204.83493321999998,-6.40009455213292,10.42516529470695,-4.02507074257404,168,168,0
7910,14240-1-01,60 o mas,Hombres,Quintil bajo,Centro,Trabajadores rutinarios,Movilidad activa,59.65,53.9023954372344,15.37,34.184892480650646,23.37,10.302712082114983,69.60999999999999,2.657845,101.11042995000001,57.57000000000001,0,57.57000000000001,43.540429950000004,4.559225229176596,7.133011181794959,1.9013802291765955,4.475166181794959,1.7153841661859874,0.7153841661859873,57.4300243,42.15378225087623,160.39493960000004,5.747604562765602,-18.81489248065065,13.067287917885018,168,168,0
7916,14250-1-01,60 o mas,Mujeres,Quintil bajo,Norte,Cuidadores domesticos,Movilidad activa,49.22,33.830490851840054,20.29,35.169925746722114,10.09,10.59958340143781,88.4,2.868173,10.671475060000006,57.00000000000001,187.5,-130.5,141.17147506,9.078854025355492,20.668847613267012,6.210681025355491,17.800674613267013,3.1653788057259766,2.1653788057259766,130.5,86.36022537799464,217.63509574,15.389509148159945,-14.879925746722115,-0.5095834014378102,168,168,0
7924,14272-1-02,60 o mas,Mujeres,Quintil bajo,Centro,Cuidadores domesticos,Movilidad activa,24.36,34.45062185588384,27.84,21.553531268533522,10.3,6.495846875582652,105.49999999999999,3.048778,74.26823208,0,0,0,74.26823208,5.27732714332885,0,2.22854914332885,-3.048778,1.7309647154790706,0.7309647154790706,0,30.764065920537817,116.28039292000004,-10.090621855883839,6.286468731466478,3.8041531244173488,168,168,0
7936,14294-1-02,60 o mas,Mujeres,Quintil medio,Norte,Cuidadores domesticos,Motorizados privados,55.77,53.55013154374368,38.77,36.660924755839865,6.72,11.04894370041648,66.73999999999998,3.130473,110.80067450837251,44.15,107.93580470162749,-63.78580470162749,174.58647921,5.732091783930735,6.746858830055382,2.601618783930735,3.6163858300553824,1.8310625212007052,0.8310625212007052,63.785804701627484,56.836566435765405,206.19102147162752,2.2198684562563216,2.109075244160138,-4.32894370041648,168,168,0
7947,14305-1-02,60 o mas,Mujeres,Quintil alto,Centro,Rutina flexible,Movilidad activa,36.73,43.248619817261236,45.44,35.225152446691624,6.92,10.616227736047119,78.91000000000001,2.977063,67.1941906566667,34.93,77.0833333333333,-42.1533333333333,109.34752399,6.461482257360944,3.8736984162838817,3.4844192573609445,0.8966354162838819,2.170421740272525,1.1704217402725252,42.15333333333328,61.55967520236848,198.03235201333325,-6.518619817261239,10.214847553308374,-3.6962277360471187,168,168,0
7949,14311-1-01,60 o mas,Mujeres,Quintil medio,Norte,Trabajadores rutinarios,Usuarios publicos,54.63,38.090191691561685,13.24,34.13279689835196,14.64,10.287011410086329,85.49000000000001,8.844214,132.3712527818182,181.03000000000003,81.8181818181818,99.21181818181823,33.1594346,22.15256765404154,60.5404543128035,13.308353654041541,51.696240312803496,2.5047525595877196,1.5047525595877194,350.78815803818173,204.50655383937527,597.3648443581817,16.539808308438317,-20.89279689835196,4.3529885899136715,168,168,0
7952,14315-1-02,60 o mas,Mujeres,Quintil medio,Centro,Cuidadores domesticos,Movilidad activa,52.29,49.78139322455175,48.45,47.832692962525115,11.29,14.415913812923133,55.970000000000006,2.988171,44.29281128325201,102.23000000000002,214.188650306748,-111.95865030674798,156.25146159,8.07466137549003,9.017495975862719,5.08649037549003,6.029324975862719,2.702208600341155,1.7022086003411552,111.95865030674798,104.46250428995,290.471985846748,2.50860677544825,0.6173070374748875,-3.125913812923134,168,168,0
7953,14317-1-01,60 o mas,Mujeres,Quintil bajo,Norte,Trabajadores moviles,Motorizados privados,57.27,43.87598248639413,39.53,45.639186974698234,6.47,13.754830538907656,64.72999999999999,2.031556,11.117203439999997,67.77,105.75,-37.980000000000004,49.09720344,6.320521819341561,11.0071604127462,4.288965819341561,8.9756044127462,3.1111728248404478,2.1111728248404478,105.23000868000001,78.01931203612892,198.68158468000004,13.394017513605874,-6.109186974698233,-7.284830538907657,168,168,0
7967,14347-1-03,60 o mas,Mujeres,Quintil bajo,Centro,Cuidadores domesticos,Usuarios publicos,48.56,58.922341041071974,26.45,26.846581801264513,18.85,8.091077157663527,74.13999999999999,2.953317,143.41307352,0,0,0,143.41307352,4.2147097006088154,0,1.2613927006088153,-2.953317,1.4271105000271949,0.4271105000271949,0,30.603277956395544,133.78526010000007,-10.362341041071971,-0.3965818012645137,10.758922842336474,168,168,0
7969,14349-1-01,60 o mas,Mujeres,Quintil medio,Centro,Trabajadores rutinarios,Motorizados privados,49.06,45.91277235008446,41.64,41.19253736875516,8.82,12.414690281160397,68.47999999999999,5.89097,108.12363517894741,148.06,78.9473684210526,69.1126315789474,39.0110036,14.571853189107879,17.248624931699577,8.680883189107877,11.357654931699578,2.4735914779922283,1.4735914779922283,180.88735302105263,162.34712935222964,478.1456992210526,3.1472276499155427,0.4474626312448393,-3.5946902811603962,168,168,0
7971,14351-1-02,60 o mas,Mujeres,Quintil bajo,Centro,Cuidadores domesticos,Motorizados privados,60.35,70.52313024808572,35.49,27.921754784528122,11.02,8.415114967386156,61.14,3.006608,181.4487928,0,0,0,181.4487928,4.050208889748583,0,1.043600889748583,-3.006608,1.3471024123359556,0.3471024123359556,0,30.586614788936515,139.83733807999997,-10.17313024808572,7.56824521547188,2.6048850326138435,168,168,0
7974,14356-1-02,60 o mas,Mujeres,Quintil bajo,Centro,Rutina flexible,Movilidad activa,37.37,48.25913710974138,51.04,41.96374460992083,14.46,12.647118280337796,65.13,3.10642,67.32691539999999,26.24,75,-48.760000000000005,116.0869154,7.276493422719093,3.581920298598308,4.170073422719093,0.4755002985983081,2.3424048978306518,1.3424048978306518,48.760000000000005,82.58623330044284,252.23051,-10.889137109741384,9.076255390079169,1.8128817196622045,168,168,0
8004,14401-1-01,60 o mas,Hombres,Quintil bajo,Centro,Cuidadores domesticos,Usuarios publicos,64.52,44.10234701054216,16.54,36.006070569169694,9.9,10.851582420288155,77.03999999999999,3.458335,78.95177419999999,80.82000000000001,225,-144.18,223.1317742,7.554528198596459,26.238384474063974,4.096193198596459,22.780049474063972,2.184440836008212,1.1844408360082117,144.18,73.56891604870333,235.61837740000004,20.417652989457835,-19.466070569169695,-0.9515824202881547,168,168,0
8005,14402-1-02,60 o mas,Mujeres,Quintil alto,Sur,Rutina flexible,Usuarios publicos,37.42,38.783897382831675,42.95,38.77116918100364,8.87,11.68493343616471,78.75999999999998,3.028412,24.698732595555484,76.07,164.6944444444445,-88.62444444444452,113.32317704,8.845382618265717,8.229048809251678,5.816970618265717,5.200636809251678,2.920798959410317,1.9207989594103172,88.62444444444452,92.75488764538055,245.55675428444454,-1.3638973828316736,4.17883081899636,-2.8149334361647114,168,168,0
8015,14419-1-01,60 o mas,Hombres,Quintil alto,Sur,Trabajadores moviles,Motorizados privados,48.43,51.80009591292734,49.44,42.61615964350129,9.39,12.843744443571378,60.739999999999995,15.513501,404.79885687,403.48,0,403.48,1.3188568699999998,34.599650826365405,28.341509282466056,19.086149826365407,12.828008282466056,2.23029288014133,1.2302928801413302,346.51999656,398.80198287529413,1259.17926039,-3.37009591292734,6.823840356498707,-3.4537444435713773,168,168,0
8016,14419-1-02,60 o mas,Mujeres,Quintil alto,Sur,Rutina flexible,Motorizados privados,19.76,45.42186365139538,64.61,39.90230032037627,12.98,12.025836028228355,70.65,3.067675,60.61725800000001,0,0,0,60.61725800000001,7.294379005718897,0,4.226704005718897,-3.067675,2.3778200121326076,1.3778200121326076,0,78.72225757679429,238.02090325,-25.661863651395375,24.70769967962373,0.9541639717716457,168,168,0
8034,14449-1-01,60 o mas,Mujeres,Quintil bajo,Centro,Cuidadores domesticos,Usuarios publicos,75.24,61.20883549243915,22.38,36.4313964980238,11,10.97976800953704,59.38000000000001,3.068032,137.92872351999998,74.58999999999999,30,44.58999999999999,93.33872351999999,5.060367895504945,13.39274711143919,1.992335895504945,10.32471511143919,1.6493856307577448,0.6493856307577447,92.91000416000003,49.861942453539086,195.32091232000002,14.031164507560845,-14.051396498023802,0.020231990462960425,168,168,0
8039,14461-1-04,60 o mas,Mujeres,Quintil alto,Norte,Cuidadores domesticos,Movilidad mixta,40.65,56.75986428513745,49.22,35.16272307054761,12.65,10.597412644314947,65.47999999999999,2.966014,120.56846909999999,0,0,0,120.56846909999999,5.024250631586533,0,2.058236631586533,-2.966014,1.6939402954896818,0.6939402954896817,0,47.782083007817675,183.50728618000002,-16.109864285137455,14.057276929452392,2.052587355685054,168,168,0
8044,14466-1-02,60 o mas,Mujeres,Quintil alto,Norte,Rutina flexible,Movilidad mixta,34.21,48.42910335757874,45.5,30.506719713169133,8.42,9.194176929252135,79.86999999999999,3.105347,106.23392087,0,0,0,106.23392087,5.3515002905630995,0,2.2461532905630994,-3.105347,1.7233179707656179,0.723317970765618,0,44.15524995414707,167.44031024000003,-14.219103357578739,14.993280286830867,-0.7741769292521354,168,168,0
8047,14468-1-01,60 o mas,Mujeres,Quintil bajo,Centro,Cuidadores domesticos,Movilidad activa,60.85,66.59508275963651,44.76,35.873338023365285,7.67,10.811579216998194,54.720000000000006,3.026789,156.02011065,21.84,50,-28.16,184.18011065,4.694585319329825,2.584320150746957,1.6677963193298249,-0.44246884925304286,1.5510117551404556,0.5510117551404558,28.159999999999997,45.54915330095744,186.85454727,-5.74508275963651,8.886661976634713,-3.1415792169981938,168,168,0
8055,14481-1-02,60 o mas,Hombres,Quintil alto,Centro,Cuidadores domesticos,Motorizados privados,65.01,47.15312860113384,28.72,45.44927647170705,12.57,13.697594927159125,61.699999999999996,3.511601,47.778379979189,192.8,335.810810810811,-143.010810810811,190.78919079,9.583496069862578,21.03545119372991,6.0718950698625775,17.52385019372991,2.7290959507821584,1.7290959507821582,180.51080103081102,117.8045935696812,325.5048063208111,17.85687139886617,-16.729276471707053,-1.1275949271591248,168,168.00000000000003,2.842170943040401e-14
8062,14491-1-02,60 o mas,Mujeres,Quintil bajo,Centro,Rutina flexible,Movilidad mixta,31.31,48.92093858614821,68.94,44.6518088826619,6.78,13.457252531189884,60.97,3.01207,56.4406561253859,31.83,69.6972555746141,-37.867255574614106,94.3079117,7.527901150021114,2.4062832429045584,4.515831150021114,-0.6057867570954416,2.4992450872725778,1.499245087272578,37.86725557461409,90.91263536179353,265.9411959746141,-17.61093858614821,24.288191117338094,-6.677252531189883,168,168,0
8069,14502-1-05,60 o mas,Hombres,Quintil bajo,Centro,Rutina flexible,Movilidad activa,25.1,45.42969898414948,56.36,35.823686020089525,10.59,10.796614995760992,75.95,3.268655,82.0432405,0,0,0,82.0432405,6.85833161166097,0,3.5896766116609697,-3.268655,2.0982121428113305,1.0982121428113307,0,66.45077223303511,218.83645225,-20.32969898414948,20.536313979910474,-0.20661499576099196,168,168,0
8078,14526-1-01,60 o mas,Hombres,Quintil bajo,Centro,Trabajadores rutinarios,Motorizados privados,54.35,42.54696697097261,34.27,45.90737533831151,13.67,13.835657690715875,65.71,3.816232,0.7806479384610157,106.83000000000001,138.461538461539,-31.63153846153898,32.412186399999996,13.014172721629791,20.739207107523008,9.197940721629791,16.92297510752301,3.4102152913213324,2.410215291321333,206.631561261539,161.58844891910772,389.581723341539,11.80303302902739,-11.637375338311507,-0.1656576907158751,168,168,0
8089,14550-1-02,60 o mas,Hombres,Quintil medio,Norte,Rutina flexible,Movilidad activa,30.68,39.72592611988067,37.03,41.75105609489664,26.35,12.583017785222678,73.94,3.135906,10.554816205786196,53.46,139.1147798742138,-85.6547798742138,96.20959608,10.097403956515263,6.502687590416441,6.961497956515263,3.366781590416441,3.21993196113508,2.21993196113508,85.6547798742138,114.02195386910431,284.4085021542138,-9.045926119880669,-4.721056094896639,13.766982214777324,168,168,0
8090,14551-1-01,60 o mas,Mujeres,Quintil alto,Sur,Trabajadores rutinarios,Motorizados privados,49.98,49.460321421975955,33.33,43.092402959895885,22.23,12.987275618128159,62.46000000000001,25.919867,558.45498074,512.98,0,512.98,45.47498073999999,62.080690189850365,63.82789776152153,36.16082318985036,37.90803076152153,2.3951006457652877,1.3951006457652875,737.0199719199999,723.5499722948676,2177.12778244,0.5196785780240418,-9.762402959895887,9.242724381871842,168,168,0
8094,14557-1-01,60 o mas,Mujeres,Quintil bajo,Centro,Cuidadores domesticos,Movilidad mixta,71.35,55.50191080364568,27.4,42.39192503340029,11.92,12.77616416295404,57.33,2.607827,84.77220718490571,57.1,43.3962264150943,13.703773584905704,71.0684336,5.230210456698923,12.395766216644157,2.622383456698923,9.787939216644157,2.0055818337255205,1.0055818337255205,101.29624926509427,59.96717436043318,203.83600690509428,15.848089196354316,-14.991925033400292,-0.8561641629540393,168,168,0
8107,14570-1-01,60 o mas,Hombres,Quintil bajo,Centro,Trabajadores rutinarios,Motorizados privados,41.04,35.21534178903681,30.3,33.13758559705508,7,9.987072613908095,89.66000000000001,3.11963,35.722457222857095,50.55,17.8571428571429,32.69285714285709,3.02960008,8.271784817888948,11.907485714133186,5.152154817888948,8.787855714133187,2.651527526626218,1.651527526626218,92.30715797714291,74.1363794824758,208.66935697714288,5.824658210963186,-2.837585597055078,-2.9870726139080954,168,168,0
8108,14570-1-02,60 o mas,Mujeres,Quintil bajo,Centro,Cuidadores domesticos,Usuarios publicos,58.21,58.84604734695439,14.79,19.582222733464224,11.33,5.901729919581382,83.67,3.031568,157.99614470857145,10.1,28.57142857142857,-18.471428571428568,176.46757328,3.8516732210751523,3.402677845357454,0.8201052210751523,0.37110984535745395,1.2705217963361377,0.2705217963361377,18.47142857142856,20.39964935494038,97.65598473142856,-0.6360473469543919,-4.792222733464225,5.428270080418618,168,168,0
8133,14624-1-01,60 o mas,Hombres,Quintil bajo,Centro,Rutina flexible,Movilidad activa,36.89,37.035374982553634,42.38,39.515395228775965,9.19,11.909229788670382,79.54000000000002,3.099674,4.286973859999989,54.94,165,-110.06,114.34697385999999,10.340139159835001,10.268946665425215,7.240465159835001,7.169272665425215,3.3358795666366854,2.3358795666366854,110.06,110.51061505367196,269.9101881799999,-0.14537498255363346,2.8646047712240374,-2.7192297886703827,168.00000000000003,168,0
8141,14643-1-01,60 o mas,Hombres,Quintil bajo,Centro,Trabajadores rutinarios,Movilidad activa,99.28,83.50094926426877,16.86,30.013516414745,6.42,9.045534320986235,45.44,1.023371,75.96031552,24.36,0,24.36,51.60031552,1.1693262980482106,5.299413939809626,0.1459552980482106,4.276042939809626,1.14262207747553,0.14262207747553,25.63995736000001,9.492134429524,49.46403424000002,15.779050735731232,-13.153516414744999,-2.625534320986235,168,168,0
8149,14659-1-01,60 o mas,Mujeres,Quintil bajo,Centro,Cuidadores domesticos,Movilidad activa,70.19,50.824271122791636,23.74,41.19138569101589,10.5,12.414343186192474,63.57000000000001,2.800242,75.43443870545451,64.34,65.4545454545455,-1.1145454545454925,76.54898416,6.003663892997165,17.019863601340493,3.2034218929971647,14.219621601340492,2.1439803749094417,1.1439803749094417,121.11454727454549,66.88581991197378,216.99483335454545,19.365728877208362,-17.45138569101589,-1.9143431861924736,168,168,0
8151,14662-1-02,60 o mas,Mujeres,Quintil alto,Sur,Rutina flexible,Movilidad activa,17.99,51.203489016318,94.82,52.78735200183175,7.09,15.909158981850256,48.099999999999994,3.153886,23.397500049090915,35.75,69.0909090909091,-33.34090909090909,56.73840914000001,9.672279313983449,1.5741791538671164,6.518393313983449,-1.5797068461328836,3.066781524120862,2.066781524120862,33.34090909090908,138.0924671106282,354.75343135090907,-33.21348901631801,42.032647998168244,-8.819158981850256,168,168,0
8161,14688-1-01,60 o mas,Mujeres,Quintil bajo,Centro,Rutina flexible,Movilidad activa,37.62,42.601739424919565,41.56,41.02428003092794,16.81,12.3639805441525,72.00999999999999,3.071882,37.87420084,117.31,195,-77.69,115.56420084,8.381070278542346,6.404259914818707,5.309188278542345,3.3323779148187067,2.7283177799610616,1.7283177799610614,77.69,92.99331566810075,256.99575234,-4.981739424919567,0.535719969072062,4.446019455847498,168,168,0
8176,14713-1-02,60 o mas,Mujeres,Quintil bajo,Centro,Cuidadores domesticos,Movilidad mixta,34.99,49.171924265479966,48.02,30.696655556420495,6.11,9.251420178099565,78.87999999999998,2.966933,103.81298567,0,0,0,103.81298567,5.0680461100158904,0,2.1011131100158904,-2.966933,1.7081767973917477,0.7081767973917478,0,42.07681910675326,160.60008329000004,-14.181924265479964,17.323344443579508,-3.1414201780995645,168,168,0
8179,14726-1-01,60 o mas,Mujeres,Quintil bajo,Centro,Trabajadores rutinarios,Usuarios publicos,53.68,45.67436861078761,17.23,33.1613858168835,17.92,9.994245572328897,79.16999999999999,3.112727,88.20121224000002,46.11000000000001,0,46.11000000000001,42.091212240000004,6.017464251457163,10.799160601333195,2.904737251457163,7.686433601333196,1.9331808576393505,0.9331808576393507,78.88997311999998,53.97062814275108,188.30232717,8.00563138921239,-15.931385816883502,7.925754427671105,168,168,0
8180,14726-1-02,60 o mas,Hombres,Quintil bajo,Centro,Rutina flexible,Movilidad activa,30.12,56.88538750658671,75.01,46.88447463816946,12.77,14.130137855243834,50.099999999999994,1.266896,38.158910999999996,0,0,0,38.158910999999996,2.674078299020654,-1.9075555248122965e-7,1.4071822990206542,-1.2668961907555525,2.1107322929590544,1.1107322929590544,-3.4799999966139694e-6,33.908958890544675,111.20812740000002,-26.76538750658671,28.125525361830547,-1.3601378552438348,168,168,0
8186,14739-1-02,60 o mas,Mujeres,Quintil bajo,Centro,Cuidadores domesticos,Usuarios publicos,50.29,43.873107236825625,32.16,36.558744388629165,9,11.018148374545191,76.55000000000001,3.314306,72.19644874000001,61.519999999999996,156,-94.48,166.67644874,7.404272764837248,11.044804670232711,4.089966764837248,7.730498670232711,2.2340341431470865,1.2340341431470865,94.48,73.21245381365459,230.89683495999998,6.416892763174374,-4.398744388629169,-2.0181483745451914,168,168,0
8187,14744-1-02,60 o mas,Mujeres,Quintil bajo,Norte,Cuidadores domesticos,Movilidad activa,53.82,43.98290794510513,32.04,39.01013777901614,8.89,11.756954275878716,73.25000000000001,3.03496,56.301547200000016,50.46000000000001,157.5,-107.03999999999999,163.3415472,7.31548499918418,12.583396372680427,4.2805249991841805,9.548436372680428,2.410405738192326,1.4104057381923256,107.03999999999999,77.18481909707626,231.26091279999991,9.837092054894867,-6.970137779016142,-2.866954275878715,168,168,0
8190,14750-1-01,60 o mas,Hombres,Quintil medio,Centro,Cuidadores domesticos,Movilidad mixta,62.68,38.354357568521614,20.67,41.01458407434451,8.38,12.361058357133885,76.27,3.25173,3.881779517802954,168.41,280.84668192219704,-112.43668192219704,116.31846144,10.893002248036266,33.11614766814229,7.641272248036266,29.86441766814229,3.349909816631844,2.349909816631844,199.93665688219704,120.83623561848583,294.39941338219705,24.325642431478386,-20.34458407434451,-3.9810583571338842,168,168,0
8193,14757-1-01,60 o mas,Hombres,Quintil medio,Centro,Trabajadores rutinarios,Movilidad activa,61.22,51.86478964083941,22.97,34.45968173532881,12.52,10.385528623831782,71.29,6.942184,241.8143318338461,220.66,28.8461538461539,191.8138461538461,50.00048568,12.68656388006664,24.83591762648506,5.7443798800666395,17.89373362648506,1.8274600442838507,0.8274600442838507,183.18617264615392,118.24058097415502,429.5642828061539,9.355210359160587,-11.489681735328809,2.134471376168218,168,168,0
8194,14759-1-01,60 o mas,Mujeres,Quintil bajo,Centro,Cuidadores domesticos,Movilidad activa,51.66,40.712787939906526,17.6,32.44029138658135,13.67,9.77692067351212,85.07000000000001,3.082345,68.0039427,58.769999999999996,150,-91.23,159.2339427,6.551986277482467,14.037937832399964,3.4696412774824665,10.955592832399963,2.1256498793880847,1.125649879388085,91.23,57.48691564263119,187.61492814999997,10.94721206009347,-14.840291386581349,3.8930793264878805,168,168,0
8199,14769-1-01,60 o mas,Mujeres,Quintil bajo,Norte,Rutina flexible,Movilidad activa,31.59,43.52167983121291,35.01,26.31688431237267,11.17,7.931435856414418,90.23,2.971098,93.85698582,0,0,0,93.85698582,4.980498510419842,0,2.0094005104198422,-2.971098,1.6763157965236564,0.6763157965236564,0,35.450190083157,137.20530563999998,-11.931679831212907,8.693115687627326,3.238564143585582,168,168,0
8201,14770-1-01,60 o mas,Hombres,Quintil bajo,Centro,Trabajadores moviles,Movilidad mixta,53.2,54.322517586205564,43.41,43.88986582377664,14.83,13.227616590017794,56.56,2.416969,70.3727564,41.790000000000006,0,41.790000000000006,28.582756399999997,5.132232807964554,4.809165383317338,2.715263807964554,2.392196383317338,2.123416894451089,1.123416894451089,58.209994400000014,60.923084607813664,198.97426895999996,-1.1225175862055607,-0.4798658237766418,1.602383409982206,168,168,0
8202,14770-1-02,60 o mas,Mujeres,Quintil bajo,Centro,Cuidadores domesticos,Usuarios publicos,70.64,68.98914089084475,31.86,29.438595589926525,4.8,8.872263519228719,60.7,2.109747,122.84255412,18.810000000000002,0,18.810000000000002,104.03255412,2.8518908465807247,3.437447921342962,0.7421438465807246,1.327700921342962,1.3517691204588629,0.3517691204588629,26.18997395999999,22.70707890703703,103.53329898,1.650859109155249,2.4214044100734746,-4.072263519228719,168,168,0
8211,14801-1-02,60 o mas,Mujeres,Quintil medio,Sur,Cuidadores domesticos,Motorizados privados,51.9,50.75769728363856,29.34,34.00408327775287,13.77,10.248219438608588,72.99,2.893914,99.0709834468469,52.029999999999994,103.1531531531531,-51.123153153153105,150.1941366,5.19928774216959,5.706017910617893,2.3053737421695897,2.812103910617893,1.7966282834146383,0.7966282834146383,51.12315315315311,47.81742733003671,175.87978569315314,1.142302716361442,-4.664083277752869,3.5217805613914113,168,168,0
8227,14835-1-01,60 o mas,Hombres,Quintil bajo,Sur,Cuidadores domesticos,Usuarios publicos,59.18,38.44174256682479,18.5,39.47208159508764,12.13,11.896175838087576,78.19,2.557371,14.705240959999983,60.86,187.5,-126.64,141.34524095999998,7.831205780383324,21.464674037719277,5.273834780383324,18.907303037719277,3.0622095035813435,2.0622095035813435,136.63997482000002,83.6045566698633,214.97224855000002,20.738257433175207,-20.972081595087637,0.23382416191242505,168,168,0
8231,14840-1-01,60 o mas,Hombres,Quintil bajo,Norte,Trabajadores rutinarios,Motorizados privados,66.07,72.4383577360087,25.85,23.591567810606712,11.22,7.110074453384577,64.86000000000001,0.852701,56.33797741,0,0,0,56.33797741,0.8510485797407294,-2.8997069130274463e-6,-0.0016524202592705928,-0.8527038997069131,0.9980621340196967,-0.0019378659803032864,-2.2340000001008775e-5,5.430282669852353,31.609603729999996,-6.368357736008704,2.2584321893932895,4.109925546615424,168,168,0
8233,14843-1-01,60 o mas,Hombres,Quintil alto,Norte,Trabajadores rutinarios,Usuarios publicos,79.14,56.876898231567594,8.69,33.62817448314036,12.81,10.134927285292042,67.36,2.523396,106.13155828,81.42999999999999,0,81.42999999999999,24.701558279999997,4.111089297854151,20.94072415954182,1.587693297854151,18.417328159541817,1.629189115721096,0.629189115721096,93.57000116000002,37.39137920994476,147.82301516,22.263101768432406,-24.938174483140365,2.6750727147079587,168,168,0
8235,14845-1-01,60 o mas,Mujeres,Quintil bajo,Centro,Rutina flexible,Movilidad activa,22.26,45.334088846616254,64.48,48.06114577075426,21.14,14.484765382629481,60.120000000000005,3.161807,9.220766909430907,43.28,104.4410569105691,-61.1610569105691,70.38182382000001,10.317584043656987,3.437108797518793,7.155777043656988,0.275301797518793,3.2631922326875067,2.2631922326875067,61.1610569105691,134.11687254442228,331.8749722505691,-23.074088846616252,16.418854229245746,6.655234617370519,168,168,0
8240,14864-1-01,60 o mas,Hombres,Quintil bajo,Norte,Rutina flexible,Movilidad activa,36.56,36.072495559623825,28.61,32.186939477867426,12.79,9.70056496250875,90.03999999999999,3.203888,47.15414528000001,40.019999999999996,110,-69.98,117.13414528000001,7.85922971201548,8.133306114084403,4.65534171201548,4.929418114084403,2.453028854946078,1.4530288549460781,69.98,68.41809037353205,202.6209632,0.4875044403761777,-3.576939477867427,3.089435037491249,168,168,0
8244,14878-1-02,60 o mas,Mujeres,Quintil alto,Sur,Cuidadores domesticos,Movilidad activa,63.44,65.72491429135813,31.17,32.40792091374676,13.29,9.767164794895109,60.1,2.98547,157.48309484878047,30.279999999999998,62.1951219512195,-31.9151219512195,189.39821679999997,4.419364017607961,3.4539859852640764,1.4338940176079613,0.46851598526407656,1.4802908813714295,0.48029088137142945,31.915121951219504,38.73666502064049,164.6491181512195,-2.2849142913581346,-1.2379209137467555,3.52283520510489,168,168,0
8250,14896-1-01,60 o mas,Mujeres,Quintil bajo,Norte,Trabajadores moviles,Usuarios publicos,64.31,52.92203219805162,42.81,48.25482959605573,8.6,14.543138205892657,52.279999999999994,2.730759,55.97511657999999,80.36,75,5.359999999999999,50.61511657999999,6.784193646167531,11.19753174794993,4.053434646167531,8.466772747949928,2.484361910431324,1.4843619104313237,119.63999471000002,88.54219914311923,260.02831490000005,11.387967801948385,-5.444829596055726,-5.943138205892657,168,168,0
8254,14902-1-01,60 o mas,Hombres,Quintil alto,Norte,Trabajadores rutinarios,Usuarios publicos,54.66,49.27481753568437,30.1,38.124994470258635,14.13,11.490187994056974,69.11000000000001,2.833965,79.93656545682806,58.61,8.57796416317194,50.03203583682806,29.90452962,5.790297171963887,8.155531759592707,2.9563321719638873,5.321566759592707,2.0431787873046727,1.043178787304673,74.96796144317194,59.70654282068769,200.3142333931719,5.385182464315626,-8.024994470258633,2.6398120059430266,168,168,0
8255,14902-1-02,60 o mas,Mujeres,Quintil alto,Norte,Trabajadores rutinarios,Movilidad activa,55.41,46.93920573978267,26.52,38.51351358810557,15.13,11.607280672111758,70.94000000000001,2.522024,61.34282120532215,61.32000000000001,31.47255051467785,29.84744948532216,31.495371719999998,5.475797057263783,9.057505056965292,2.953773057263783,6.535481056965292,2.1711914943171764,1.1711914943171766,78.40252863467784,57.0389822113475,183.4448282346778,8.470794260217325,-11.993513588105568,3.522719327888243,168,168,0
8262,14914-1-01,60 o mas,Mujeres,Quintil bajo,Centro,Cuidadores domesticos,Movilidad activa,61.51,54.831119478166904,36.4,41.1707550423036,10.5,12.408125479529499,59.59,3.108736,101.77835135999999,60.56000000000001,150,-89.44,191.21835135999999,6.167540127801814,9.175980225885297,3.0588041278018143,6.067244225885297,1.9839382076193715,0.9839382076193715,89.44,68.67712368207867,235.23971840000002,6.6788805218330936,-4.770755042303598,-1.9081254795294988,168,168,0
8264,14915-2-01,60 o mas,Hombres,Quintil bajo,Centro,Trabajadores rutinarios,Movilidad activa,60.74,57.840224140286985,19.54,26.563895324532076,12.13,8.00588053518094,75.59,2.68368,127.78675116,64.78,0,64.78,63.00675115999999,3.818984107641886,5.350994008002327,1.1353041076418862,2.667314008002327,1.423040044879377,0.4230400448793769,35.21997203999999,27.437901560805358,120.21211763999997,2.899775859713017,-7.023895324532077,4.12411946481906,168,168,0
8266,14922-1-01,60 o mas,Mujeres,Quintil bajo,Centro,Trabajadores moviles,Usuarios publicos,54.86,52.295899486625544,46.89,43.28790430437493,6.88,13.046196208999525,59.37,2.416283,64.55729896,42,0,42,22.55729896,5.278876586766472,6.085024212855448,2.8625935867664722,3.6687412128554477,2.1847095670360104,1.1847095670360104,67.99998642,61.80439393924203,197.92352333,2.5641005133744557,3.602095695625067,-6.1661962089995255,168,168,0
8270,14933-1-02,60 o mas,Mujeres,Quintil medio,Sur,Rutina flexible,Usuarios publicos,28.18,46.06026454037775,51.5,33.82537537148805,10.4,10.194360088134218,77.91999999999999,3.185757,89.77463226,0,0,0,89.77463226,6.226337798862888,0,3.0405807988628877,-3.185757,1.954429606169864,0.954429606169864,0,56.96217792136022,197.19835830000002,-17.880264540377752,17.67462462851195,0.20563991186578257,168,168,0
8291,14968-1-01,60 o mas,Mujeres,Quintil medio,Centro,Trabajadores rutinarios,Usuarios publicos,62.95,47.425021126455334,27.71,44.76393388286534,15.02,13.491044990679319,62.32000000000001,1.721145,27.658759702702696,51.61,77.2972972972973,-25.687297297297306,53.346057,4.457438448603732,9.085857237071803,2.736293448603732,7.364712237071803,2.5898099512845993,1.5898099512845993,80.68731804729731,53.96657828399027,154.2318438972973,15.524978873544669,-17.053933882865337,1.528955009320681,168,168,0
8296,14976-1-04,60 o mas,Hombres,Quintil bajo,Norte,Cuidadores domesticos,Movilidad mixta,61.62,69.29884337675361,23.79,23.183935285330865,14.06,6.987221337915525,68.53,2.080814,128.21973287999998,0,0,0,128.21973287999998,2.548187222998075,3.279799866268951e-6,0.46737322299807493,-2.080810720200134,1.2246107643441821,0.2246107643441821,2.5800000031495074e-5,15.978270602156215,78.75883570000002,-7.678843376753612,0.6060647146691345,7.072778662084476,168,168,0
8306,14994-1-03,60 o mas,Mujeres,Quintil bajo,Centro,Rutina flexible,Movilidad activa,7.15,31.93577817326924,57.83,31.63884322284466,8.13,9.535378603886112,94.89,2.900552,20.7389468,0,0,0,20.7389468,8.401393675210436,0,5.500841675210436,-2.900552,2.8964809716255515,1.8964809716255515,0,71.89243845203245,191.32040991999997,-24.785778173269243,26.19115677715534,-1.4053786038861116,168,168,0
8308,14998-1-01,60 o mas,Mujeres,Quintil bajo,Norte,Trabajadores rutinarios,Usuarios publicos,73.37,59.542302789893284,27.47,46.479585625077426,19.19,14.008111585029292,47.97,4.124839,138.26945497,135.63,50,85.63,52.63945497,8.538067173244041,16.950062172314365,4.4132281732440415,12.825223172314365,2.0699152556606553,1.0699152556606553,164.36998246,107.3329577275606,356.83497019999993,13.82769721010672,-19.009585625077428,5.181888414970709,168,168,0
8317,15014-1-02,60 o mas,Mujeres,Quintil alto,Centro,Cuidadores domesticos,Movilidad activa,63.86,62.41051336463698,18.3,23.505385869739385,10.84,7.0841007656236314,75,2.771195,149.7925009625232,18.99,44.6660482374768,-25.676048237476802,175.4685492,3.6428804268027357,4.487347423424619,0.8716854268027356,1.7161524234246186,1.3145521794037358,0.3145521794037358,27.176011737476784,23.15920162099195,107.9286340374768,1.449486635363023,-5.205385869739384,3.7558992343763684,168,168,0
8330,15037-1-01,60 o mas,Mujeres,Quintil bajo,Norte,Cuidadores domesticos,Usuarios publicos,88.65,77.56549641408766,23.63,32.58420879313944,7.69,9.820294792772899,48.03,2.634635,172.6204244,44.059999999999995,0,44.059999999999995,128.5604244,3.601127325689835,9.362115444300013,0.9664923256898352,6.727480444300014,1.3668410712261225,0.36684107122612253,60.939968350000015,31.736347244929846,143.45673654999996,11.084503585912344,-8.95420879313944,-2.130294792772898,168,168,0
8340,15060-1-01,60 o mas,Hombres,Quintil bajo,Centro,Rutina flexible,Usuarios publicos,34.34,45.93351951319888,38.87,26.415364478581985,7.1,7.961116008219128,87.69,3.031861,104.11410674000001,0,0,0,104.11410674000001,4.919904741686506,0,1.8880437416865057,-3.031861,1.622734268387141,0.622734268387141,0,35.14993966480668,139.37465017,-11.593519513198878,12.454635521418012,-0.8611160082191285,168,168,0
8341,15063-1-02,60 o mas,Mujeres,Quintil alto,Centro,Rutina flexible,Movilidad mixta,34.13,42.14974027137528,50.76,36.4768060856616,4.73,10.993453642963111,78.38000000000001,9.283384,173.0918962,131.25,0,131.25,41.841896199999994,22.11705575768925,12.464838296399575,12.83367175768925,3.1814542963995756,2.38243465504489,1.38243465504489,143.74999972,218.20032823944092,658.88497788,-8.019740271375277,14.283193914338398,-6.2634536429631105,168,168,0
8343,15067-1-03,60 o mas,Mujeres,Quintil alto,Centro,Cuidadores domesticos,Motorizados privados,46.59,54.02401531712817,23.46,20.682616010413778,10.89,6.2333686724580595,87.05999999999999,2.925421,136.29536439,0,0,0,136.29536439,3.887720860464282,0,0.9622998604642818,-2.925421,1.3289440598342193,0.32894405983421937,0,21.747624523048387,100.48821135000003,-7.434015317128164,2.777383989586223,4.656631327541941,168,168,0
8349,15081-1-02,60 o mas,Mujeres,Quintil bajo,Centro,Cuidadores domesticos,Movilidad activa,80.64,85.29039985254799,16.06,15.567757795646221,8.85,4.691842351805791,62.449999999999996,3.068991,247.48343424,0,0,0,247.48343424,3.38960087034924,0,0.32060987034923993,-3.068991,1.1044675172880076,0.10446751728800767,0,14.272035293871113,76.44856581000005,-4.6503998525479915,0.4922422043537775,4.158157648194209,168,168,0
8367,15107-1-01,60 o mas,Hombres,Quintil medio,Sur,Trabajadores rutinarios,Movilidad mixta,46.45,50.15452218357188,45.51,40.85309066872419,11.36,12.312387147703927,64.67999999999999,3.671099,96.01255839999999,75.49,0,75.49,20.5225584,7.97420349837863,6.304124753501845,4.30310449837863,2.633025753501845,2.172157029374209,1.1721570293742092,74.50999015000002,88.10965783358853,283.28539028,-3.704522183571875,4.656909331275806,-0.9523871477039272,168,168,0
8372,15120-1-01,60 o mas,Hombres,Quintil bajo,Centro,Cuidadores domesticos,Motorizados privados,48.33,40.338852216789675,22.5,30.483860277073543,9.18,9.187287506136773,87.99000000000001,3.123041,74.08657153,77.64999999999999,154.5,-76.85000000000001,150.93657153,6.294050075195998,11.672186551636418,3.171009075195998,8.549145551636418,2.015359412571272,1.015359412571272,76.85000000000001,51.893317835975054,175.78793888,7.991147783210323,-7.983860277073543,-0.007287506136773203,168,168,0
8380,15131-1-01,60 o mas,Hombres,Quintil bajo,Centro,Trabajadores rutinarios,Motorizados privados,46.5,46.72895849211188,44.07,41.110942464200974,9.66,12.39009904368714,67.77000000000001,3.722072,74.996352,51.919999999999995,0,51.919999999999995,23.076352,8.897519199617884,8.78328793444789,5.175447199617884,5.0612159344478895,2.3904747677148332,1.390474767714833,98.079996,98.93219599265183,298.06692455999996,-0.2289584921118788,2.959057535799026,-2.73009904368714,168,168,0
8381,15131-1-02,60 o mas,Mujeres,Quintil bajo,Centro,Rutina flexible,Motorizados privados,26.48,38.65023384753369,36.47,25.272952560291955,8.59,7.616813592174354,96.46000000000001,3.031017,80.26133016,0,0,0,80.26133016,5.396597537674175,0,2.3655805376741754,-3.031017,1.7804576937952428,0.7804576937952429,0,36.88818568585002,136.57762601999997,-12.17023384753369,11.197047439708044,0.9731864078256462,168,168,0
8404,15178-1-02,60 o mas,Mujeres,Quintil bajo,Norte,Rutina flexible,Motorizados privados,19.82,30.420199216306223,43.12,29.6375699646958,6.05,8.932230818997967,99.01,3.070261,23.873215221834904,35.75,72.7293577981651,-36.9793577981651,60.85257302,8.673322082962768,3.618700809724322,5.603061082962768,0.5484398097243219,2.824946179807765,1.8249461798077649,36.9793577981651,69.52473604422065,187.94409116816507,-10.600199216306223,13.482430035304198,-2.882230818997967,168,168,0
8412,15197-1-01,60 o mas,Mujeres,Quintil medio,Centro,Trabajadores moviles,Motorizados privados,57.31,52.51924372661251,36.59,43.74638286721214,15.55,13.18437340617536,58.55,7.456778,193.28759858791852,178.27,37.3303167420815,140.93968325791852,52.34791533,16.76292278062634,21.59983043561361,9.30614478062634,14.143052435613612,2.2480115112219163,1.2480115112219166,234.06034859208148,198.33674260932366,622.8567535120815,4.790756273387494,-7.1563828672121375,2.36562659382464,168,168,0
8427,15224-1-01,60 o mas,Hombres,Quintil bajo,Sur,Rutina flexible,Movilidad activa,21.88,34.490661642951196,35.07,35.50021247344795,23.74,10.699125883600846,87.31000000000002,3.230341,15.025348884877985,28.19,83.84451219512201,-55.65451219512201,70.67986108,10.039113757907037,4.553472544748009,6.808772757907037,1.3231315447480085,3.10775666033618,2.10775666033618,55.65451219512201,96.39124953747462,245.630866405122,-12.610661642951197,-0.430212473447952,13.040874116399152,168,168,0
8429,15225-1-01,60 o mas,Mujeres,Quintil bajo,Centro,Cuidadores domesticos,Movilidad activa,55.03,56.87858509648462,40.42,39.489876116538795,12.82,11.901538786976593,59.73,1.804403,67.83628075000001,21.040000000000003,0,21.040000000000003,46.79628075000001,3.257822259134075,2.843245878139414,1.453419259134075,1.0388428781394141,1.8054848385499664,0.8054848385499664,31.46001633999998,34.79560883385213,127.52643205999999,-1.8485850964846193,0.9301238834612064,0.9184612130234076,168,168,0
8432,15228-1-01,60 o mas,Hombres,Quintil bajo,Centro,Cuidadores domesticos,Motorizados privados,67.9,60.96414010082184,23.36,30.77179426501137,9.75,9.2740656341668,66.99,3.476658,168.24508299999997,82.17999999999999,0,82.17999999999999,86.06508299999999,5.251468425967726,9.855804837952011,1.774810425967726,6.37914683795201,1.510493245515586,0.510493245515586,67.81999520000005,43.70638239464307,182.93214158000006,6.935859899178169,-7.41179426501137,0.4759343658332007,168,168,0
8445,15254-1-02,60 o mas,Mujeres,Quintil medio,Centro,Cuidadores domesticos,Usuarios publicos,56.75,47.254241633881016,16.74,38.647958434192596,24.06,11.647799931926395,70.45,2.913024,71.48455976119399,55.76,149.589552238806,-93.829552238806,165.314112,6.330111370746102,11.065549924451547,3.417087370746102,8.152525924451547,2.1730378365389718,1.1730378365389718,93.829552238806,66.16818022010062,212.68093143880603,9.495758366118984,-21.907958434192597,12.412200068073604,168,168,0
8449,15263-1-01,60 o mas,Mujeres,Quintil bajo,Centro,Trabajadores rutinarios,Movilidad mixta,65.29,45.4954762105974,25.53,43.649384075413835,11.48,13.155139713988772,65.69999999999999,3.051905,41.388882679999995,128.38,153.75,-25.370000000000005,66.75888268,8.255293115556137,20.524568272798362,5.2033881155561374,17.47266327279836,2.704963986610375,1.7049639866103752,157.86999477000003,97.45898864450328,270.82099882000006,19.794523789402604,-18.119384075413834,-1.6751397139887718,168,168,0
8469,15307-1-01,60 o mas,Hombres,Quintil bajo,Sur,Jovenes trabajadores,Movilidad activa,53.89,62.23829924648101,48.17,37.45379900669375,8.92,11.28790174682525,57.019999999999996,1.028912,48.05806892,7.609999999999999,0,7.609999999999999,40.44806892,1.5774677395677092,0.6228419327295388,0.5485557395677092,-0.40607006727046124,1.5331415510439272,0.5331415510439271,7.3899987600000046,15.979664034295283,66.13058484000001,-8.348299246481012,10.716200993306252,-2.3679017468252503,168,168,0
8484,15327-1-02,60 o mas,Mujeres,Quintil bajo,Centro,Rutina flexible,Movilidad activa,30.66,40.378113629174024,49.66,39.29813493054602,11.2,11.84375144027995,76.48,2.976775,32.207921500000005,40.940000000000005,100,-59.059999999999995,91.2679215,8.278342145516246,4.669334810802699,5.3015671455162465,1.692559810802699,2.7809767770544456,1.7809767770544453,59.059999999999995,87.9886376984845,240.22652649999998,-9.718113629174024,10.361865069453977,-0.6437514402799511,168,168,0
8491,15341-1-01,60 o mas,Hombres,Quintil alto,Sur,Jovenes trabajadores,Motorizados privados,52.54,54.69977774566104,58.33,47.411306689282966,5.53,14.28891556505599,51.60000000000001,9.791654,239.50348594,223.79999999999998,23.75,200.04999999999998,39.45348594,23.090960075587628,20.716594005619434,13.299306075587628,10.924940005619435,2.358228760492112,1.358228760492112,274.95001521999995,296.0978116224128,900.2450396599997,-2.1597777456610388,10.918693310717032,-8.75891556505599,168,168,0
8496,15355-1-01,60 o mas,Hombres,Quintil bajo,Norte,Rutina flexible,Motorizados privados,37.26,42.67988216997415,46.3,45.29040416131268,18.06,13.64971366871316,66.38000000000001,3.085867,7.859404420000004,62.38000000000001,169.5,-107.11999999999999,114.97940442,10.11023204746618,8.008442279110257,7.02436504746618,4.922575279110257,3.2763019428465907,2.2763019428465907,107.11999999999999,123.84503553221163,305.72640012,-5.4198821699741515,1.0095958386873178,4.410286331286839,168,168,0
8508,15372-1-01,60 o mas,Mujeres,Quintil bajo,Centro,Cuidadores domesticos,Movilidad mixta,55.38,47.12333679499213,18.6,25.408882709391015,6.21,7.657780495616841,87.81000000000002,4.353655,157.57538948,67.72,52.5,15.219999999999999,142.35538948,6.924019261257318,16.19978927280712,2.5703642612573185,11.84613427280712,1.5903922706914808,0.5903922706914807,83.53002441999999,47.58336137420142,191.5442049699999,8.256663205007875,-6.808882709391014,-1.4477804956168407,168,168,0
8521,15396-1-01,60 o mas,Mujeres,Quintil bajo,Centro,Cuidadores domesticos,Movilidad activa,40.5,49.60424779548485,20.03,23.225887287330835,19.3,6.99986491718431,88.17,2.990942,121.133151,0,0,0,121.133151,4.334794009623488,0,1.3438520096234883,-2.990942,1.4493072783168273,0.4493072783168274,0,27.230277109923065,117.63374886,-9.104247795484852,-3.1958872873308337,12.30013508281569,168,168,0
8522,15397-1-02,60 o mas,Mujeres,Quintil medio,Sur,Rutina flexible,Movilidad activa,36.62,40.24807136381713,34.44,35.1103118051176,14.88,10.581616831065269,82.06,2.774641,49.51306918571431,40.62,85.2142857142857,-44.5942857142857,94.1073549,6.545927394781805,5.082302707366876,3.7712863947818054,2.3076617073668757,2.359197962828995,1.359197962828995,52.09428423428569,62.160879791258616,188.9395783542857,-3.628071363817135,-0.6703118051175991,4.298383168934732,168,168,0
8531,15423-1-01,60 o mas,Mujeres,Quintil bajo,Centro,Rutina flexible,Movilidad activa,43.27,59.59032582309533,46.83,42.20872362514825,24.42,12.72095055175643,53.47999999999999,2.988637,114.08465392525181,10.18,25.4136690647482,-15.233669064748199,129.31832299,5.60697847080056,1.0287578668616408,2.61834147080056,-1.9598791331383594,1.8760988607183007,0.8760988607183006,15.233669064748199,64.00919867170634,228.17405531474822,-16.320325823095324,4.621276374851746,11.699049448243573,168,168,0
8532,15425-1-01,60 o mas,Mujeres,Quintil bajo,Norte,Trabajadores rutinarios,Usuarios publicos,32.63,37.80937461877707,40.24,34.03353094504665,9.23,10.257094436176287,85.89999999999999,5.806874,85.48829828000001,46.01,0,46.01,39.478298280000004,14.564657735359974,10.114471393500162,8.757783735359975,4.307597393500163,2.508175265273532,1.508175265273532,103.99000034,134.06597615003645,391.25605712000004,-5.179374618777068,6.206469054953352,-1.0270944361762862,168,168,0
8539,15437-1-01,60 o mas,Hombres,Quintil medio,Centro,Cuidadores domesticos,Movilidad activa,56.78,53.049035820500364,38.62,44.530324774651746,15.6,13.420639404847899,56.99999999999999,3.187878,83.214224467907,58.660000000000004,156.453488372093,-97.79348837209301,181.00771284,7.132210409913375,8.678485575482329,3.944332409913375,5.490607575482329,2.237290890653085,1.2372908906530848,97.79348837209301,85.89962974547805,270.640233532093,3.7309641794996367,-5.910324774651748,2.179360595152101,168,168,0
8561,15486-1-02,60 o mas,Mujeres,Quintil bajo,Sur,Cuidadores domesticos,Motorizados privados,53.44,45.003369107757116,19.59,31.256487446173967,12.65,9.420143446068918,82.32,3.107526,90.9563201589542,45.730000000000004,120.8398692810458,-75.10986928104579,166.06618944,5.783538465833213,11.2097388268044,2.676012465833213,8.1022128268044,1.861139203930462,0.8611392039304621,75.10986928104579,48.89281943099785,175.29650752104578,8.436630892242881,-11.666487446173967,3.229856553931082,168,168,0
8564,15493-1-02,60 o mas,Mujeres,Quintil alto,Centro,Cuidadores domesticos,Usuarios publicos,45.88,41.32068536679854,14.69,23.697357168906866,11.59,7.141957464294589,95.84,3.054413,94.39904625324819,30.67,76.4074221867518,-45.7374221867518,140.13646844,4.963310907942443,8.374132801956396,1.908897907942443,5.319719801956396,1.6249639154699915,0.6249639154699915,45.7374221867518,31.811392300011036,126.00739582675179,4.55931463320146,-9.007357168906866,4.448042535705411,168,168,0
8584,15513-1-02,60 o mas,Mujeres,Quintil alto,Centro,Cuidadores domesticos,Movilidad mixta,33,31.48702369724476,25.62,30.869472272886092,13.04,9.303504029869153,96.34,3.059924,23.537491999999986,77.05999999999999,154.5,-77.44000000000001,100.977492,8.720732683542794,9.638224007632523,5.660808683542793,6.578300007632523,2.849983425582725,1.8499834255827245,77.44000000000001,72.81040749976799,195.73666184,1.5129763027552414,-5.249472272886091,3.7364959701308464,168,168,0
8594,15524-1-01,60 o mas,Mujeres,Quintil bajo,Centro,Cuidadores domesticos,Usuarios publicos,73.12,60.44623894425408,18.7,37.07117523547666,16.87,11.172585820269274,59.30999999999999,3.006667,131.05751456000002,60.709999999999994,72.75,-12.040000000000006,143.09751456,5.055043959254279,12.010845953967346,2.048376959254279,9.004178953967346,1.6812782922931866,0.6812782922931867,88.789976480000007,50.684197347803575,195.73712167000002,12.673761055745928,-18.37117523547666,5.6974141797307265,168,168,0
8599,15531-1-02,60 o mas,Mujeres,Quintil medio,Centro,Cuidadores domesticos,Movilidad activa,29.54,37.33714155452838,21.28,18.982019108980374,11.22,5.720839336491233,105.96000000000001,3.006443,88.81032622,0,0,0,88.81032622,4.5659873561352295,0,1.5595443561352296,-3.006443,1.5187340508817995,0.5187340508817994,0,23.44166164662097,97.70939749999998,-7.79714155452838,2.297980891019627,5.499160663508768,168,168,0
8605,15541-1-01,60 o mas,Hombres,Quintil bajo,Norte,Cuidadores domesticos,Motorizados privados,70.14,49.746708150829015,20.82,39.9293142946906,10.75,12.033977554480389,66.28999999999999,4.383534,116.46106218000001,103.50000000000001,112.5,-8.999999999999986,125.46106218,9.40834711991205,29.110678983277285,5.024813119912049,24.727144983277284,2.146292721788413,1.146292721788413,191.00001258000003,101.60532438723611,329.38818096000006,20.393291849170986,-19.1093142946906,-1.2839775544803889,168,168,0
8624,15572-1-01,60 o mas,Mujeres,Quintil bajo,Centro,Cuidadores domesticos,Movilidad activa,61.66,56.81673030170639,15.33,24.783859855390045,12.08,7.46940984290355,78.93,3.053841,144.77011128935777,47.64,91.1697247706422,-43.529724770642204,188.29983606,4.2873968049403794,7.641355534076653,1.2335558049403796,4.587514534076654,1.4039358319376745,0.40393583193767446,43.52972477064222,28.73914919193558,127.23550658064221,4.843269698293604,-9.453859855390045,4.61059015709645,168,168,0
8627,15575-1-01,60 o mas,Mujeres,Quintil bajo,Sur,Rutina flexible,Usuarios publicos,37.12,47.685990609883454,55.58,40.59838573179723,7.82,12.235623658319335,67.47999999999999,4.217713,94.73151952,43.169999999999995,0,43.169999999999995,51.561519520000004,9.689432149379524,4.6924906803756254,5.471719149379524,0.4747776803756256,2.2973189852840923,1.2973189852840923,61.82998703999996,106.39430299318335,329.23299124000005,-10.565990609883457,14.981614268202769,-4.415623658319335,167.99999999999997,168,0
8629,15593-1-03,60 o mas,Mujeres,Quintil alto,Centro,Trabajadores rutinarios,Motorizados privados,66.28,55.1237786598151,31.1,41.114922719192755,11.25,12.391298620992142,59.370000000000005,4.767373,157.22960828173353,140.58,49.3318619582665,91.24813804173351,65.98147024000001,9.493215269512895,18.036778318092832,4.725842269512895,13.269405318092833,1.9912885502168374,0.9912885502168374,158.7518741582665,105.5660057590452,360.65012070826646,11.1562213401849,-10.014922719192754,-1.141298620992142,168,168,0
8634,15612-1-07,60 o mas,Mujeres,Quintil alto,Centro,Rutina flexible,Movilidad activa,34.47,38.62042663916097,45.37,40.087823869805376,10.95,12.081749491033658,77.21,3.099611,14.129297384689295,61.410000000000004,154.1242937853107,-92.7142937853107,106.84359117,9.73764164215698,7.92095543069969,6.638030642156981,4.821344430699691,3.141568939507887,2.141568939507887,92.7142937853107,105.57900185074706,267.2843853053107,-4.150426639160969,5.282176130194621,-1.1317494910336592,168,168,0
8636,15618-1-02,60 o mas,Hombres,Quintil bajo,Sur,Trabajadores rutinarios,Motorizados privados,50.69,48.9254718898961,23.28,39.561425596153185,26.44,11.923102513950708,67.59,2.64612,68.96183375000001,34.830000000000005,0,34.830000000000005,34.13183375,5.65429105308716,6.306814380697779,3.0081710530871604,3.6606943806977794,2.136823368965565,1.136823368965565,65.16998904999997,60.50083592729186,196.73507544999998,1.764528110103896,-16.281425596153184,14.516897486049293,168,168,0
8640,15622-1-01,60 o mas,Hombres,Quintil bajo,Sur,Jovenes trabajadores,Motorizados privados,51.07,52.930812879422604,47.3,42.90760598788248,10.4,12.931581132694909,59.23000000000001,2.905896,81.49410889,70.59,0,70.59,10.90410889,6.231560392388066,5.57967286108089,3.325664392388066,2.67377686108089,2.1444540315235185,1.1444540315235185,66.90999982999998,72.31732853306261,234.5801990299999,-1.8608128794226033,4.392394012117521,-2.5315811326949085,168.00000000000003,168,0
8645,15631-1-02,60 o mas,Hombres,Quintil medio,Centro,Rutina flexible,Motorizados privados,26.05,49.95810733472697,67.19,44.67703687169101,14.86,13.464855793582027,59.89999999999999,3.178461,65.46668682777778,12.39,29.72222222222222,-17.33222222222222,82.79890904999999,7.723141999534819,1.0164105972274349,4.544680999534819,-2.1620504027725653,2.4298369555375445,1.4298369555375445,17.332222222222228,93.32320896946584,278.12494727222224,-23.908107334726967,22.51296312830899,1.3951442064179727,168,168,0
8647,15636-1-02,60 o mas,Hombres,Quintil bajo,Sur,Rutina flexible,Movilidad activa,53.75,55.38924517001512,39.23,36.93823485164949,10.48,11.132519978335372,64.54,3.194062,119.69084874999999,48.01,0,48.01,71.68084875,5.728022479448727,5.032333789763996,2.533960479448727,1.8382717897639957,1.7933347816819858,0.7933347816819858,51.98998375000002,57.22583445622885,210.76680577000002,-1.6392451700151227,2.291765148350507,-0.6525199783353717,168,168,0
8654,15647-1-01,60 o mas,Mujeres,Quintil medio,Centro,Cuidadores domesticos,Movilidad activa,45.07,47.481859218591005,39.58,33.91635966327443,6.97,10.221781118134555,76.38000000000001,3.14595,94.42880491935249,51.22,88.5791366906475,-37.3591366906475,131.78794161,5.989926537989778,4.895283421315152,2.8439765379897777,1.7493334213151517,1.9040119957373058,0.904011995737306,47.35916158064752,54.94675008937388,193.80313408064745,-2.4118592185910046,5.663640336725571,-3.251781118134555,168,168,0
8661,15659-1-02,60 o mas,Hombres,Quintil bajo,Centro,Trabajadores rutinarios,Movilidad activa,70.59,59.70086990970179,23.08,36.39141252997475,13.39,10.96771756032346,60.94,2.601833,112.71160643818179,67.22999999999999,25.6818181818182,41.54818181818179,71.16342462,4.33016192321564,9.360974968517334,1.7283289232156402,6.759141968517334,1.6642735806701046,0.6642735806701046,70.95178503181823,42.62008702158734,165.84063454181825,10.889130090298217,-13.311412529974753,2.4222824396765414,168,168,0
8664,15665-1-01,60 o mas,Mujeres,Quintil medio,Centro,Cuidadores domesticos,Movilidad activa,39.49,43.14943038552159,15.45,21.646656475534957,16.38,6.523913138943469,96.67999999999999,3.024244,103.86239556000001,12.56,28.125,-15.565,119.42739556000001,4.548852388691806,2.352913749407044,1.524608388691806,-0.6713302505929559,1.5041287636486362,0.5041287636486361,15.564999999999998,26.632010386831354,111.82668652000001,-3.6594303855215884,-6.196656475534958,9.85608686105653,168,168,0
8665,15674-1-01,60 o mas,Mujeres,Quintil alto,Norte,Cuidadores domesticos,Movilidad activa,42.83,45.39084987264451,45.58,43.9526204277762,14.18,13.246529699579295,65.41,3.269412,41.50910463924501,86.15,184.669811320755,-98.519811320755,140.02891596,8.99187590259466,7.932434665838855,5.722463902594661,4.663022665838855,2.7503036945464996,1.7503036945464996,98.519811320755,106.89228462457743,293.89987244075496,-2.5608498726445106,1.627379572223795,0.933470300420705,168,168,0
8668,15676-1-02,60 o mas,Mujeres,Quintil alto,Centro,Cuidadores domesticos,Movilidad mixta,46.67,50.01992958615232,36.56,42.27050120887649,21.8,12.73956920497118,62.97,3.084893,74.68573089632532,37.489999999999995,106.7762254136747,-69.2862254136747,143.97195631000002,6.964271185462731,5.7124858899872795,3.8793781854627305,2.6275928899872794,2.2575405971820515,1.2575405971820515,69.2862254136747,79.62039974448886,249.32058089367473,-3.349929586152321,-5.710501208876487,9.06043079502882,168,168,0
8670,15677-1-01,60 o mas,Mujeres,Quintil bajo,Sur,Trabajadores moviles,Movilidad activa,68.91,67.81360299026453,21.98,25.562360935662596,10.19,7.7040360740728735,66.92,2.686152,157.79274283,72.69,0,72.69,85.10274283,3.5241341524648586,4.08473630216746,0.8379821524648587,1.3985843021674604,1.3119637877770352,0.31196378777703526,27.309991489999987,24.36490246950501,113.72350132999998,1.096397009735469,-3.582360935662596,2.485963925927126,168,168,0
8673,15683-1-02,60 o mas,Mujeres,Quintil alto,Centro,Cuidadores domesticos,Usuarios publicos,46.02,46.13543757636361,32.25,40.360602390087664,20.39,12.163960033548733,69.33999999999999,3.111015,63.230999852238824,76.47999999999999,156.4179104477612,-79.9379104477612,143.16891030000002,7.355811746467007,7.306854044106223,4.244796746467007,4.195839044106223,2.3644411057056964,1.3644411057056964,79.9379104477612,80.297038479392,243.70174004776123,-0.11543757636360397,-8.110602390087664,8.226039966451268,168,168,0
8681,15704-1-02,60 o mas,Mujeres,Quintil bajo,Centro,Cuidadores domesticos,Movilidad activa,48.35,34.078151751746084,18.35,33.88078783862537,11.47,10.211060409628535,89.83000000000001,3.292056,24.260531529630015,75.46000000000001,185.37037037037,-109.91037037037,134.17090190000002,9.595238099698133,21.768636877484713,6.303182099698132,18.476580877484714,2.9146643008800983,1.914664300880098,134.91037607037,87.9266524136162,233.07948599036993,14.271848248253917,-15.530787838625372,1.2589395903714653,168,168,0
8696,15738-1-01,60 o mas,Hombres,Quintil medio,Sur,Cuidadores domesticos,Motorizados privados,71.46,57.18104313415611,28.79,38.857887951206585,7.5,11.711068914637304,60.25,5.906943,223.170175,151.06,0,151.06,72.110175,10.903731472121143,26.37719469543428,4.996788472121143,20.47025169543428,1.8459178414488073,0.8459178414488073,198.93997177999998,114.5949874740015,413.30293325,14.278956865843881,-10.067887951206586,-4.211068914637304,168,168,0
8700,15745-1-01,60 o mas,Hombres,Quintil medio,Norte,Jovenes trabajadores,Usuarios publicos,58.47,57.62984325027037,69.87,56.324857270502875,2.59,16.975299479226766,37.06999999999999,2.789804,43.269019307857704,74.09,53.9408473221423,20.149152677857707,23.119866629999997,7.713512079768421,7.958591308791967,4.923708079768421,5.168787308791967,2.7648939064423237,1.7648939064423237,119.8508205721423,117.50694791111958,322.0000184121423,0.8401567497296298,13.54514272949713,-14.385299479226767,168,168,0
8705,15754-1-02,60 o mas,Mujeres,Quintil medio,Centro,Rutina flexible,Movilidad activa,31.11,44.86764590492909,56.57,37.807771424552016,6.39,11.394582670518899,73.92999999999999,3.075258,66.99165660813688,24.02,52.69961977186312,-28.67961977186312,95.67127638,6.942120596701816,2.1918064017520535,3.866862596701816,-0.8834515982479463,2.257410791778061,1.257410791778061,28.679619771863116,70.98793040216353,222.29786345186315,-13.757645904929092,18.762228575447985,-5.004582670518899,168,168,0
8710,15762-1-01,60 o mas,Mujeres,Quintil medio,Sur,Rutina flexible,Movilidad activa,21.04,44.40942864000883,62.45,43.86150285800194,18,13.21906850198923,66.51,2.972173,31.784519920000005,29.250000000000004,60,-30.749999999999996,62.53451992,8.4470981054149,1.8391306951653499,5.474925105414901,-1.1330423048346503,2.842061382501927,1.8420613825019272,30.749999999999996,100.20798482926097,269.86131785000003,-23.369428640008827,18.58849714199806,4.780931498010769,168,168,0
8720,15778-1-01,60 o mas,Hombres,Quintil medio,Sur,Jovenes trabajadores,Movilidad activa,56.76,55.365191930096074,44.28,45.601373755521394,13.67,13.743434314382528,53.290000000000006,7.2243,202.69124776,242.64,100,142.64,60.05124776000001,15.995638257044124,17.217302403421762,8.771338257044125,9.993002403421762,2.214143689636937,1.214143689636937,207.36002023999998,197.2835083005931,626.0082052399999,1.3948080699039238,-1.3213737555213925,-0.07343431438252779,168,168,0
8721,15778-1-02,60 o mas,Mujeres,Quintil medio,Sur,Cuidadores domesticos,Movilidad activa,57.48,67.88188153133675,31,28.107133645094173,15.98,8.470984823569077,63.540000000000006,2.924332,168.09060336,0,0,0,168.09060336,4.001388676948774,0,1.0770566769487737,-2.924332,1.368308617813837,0.368308617813837,0,30.418555022297056,137.38511735999998,-10.401881531336748,2.892866354905827,7.509015176430923,168,168,0
8739,15819-1-01,60 o mas,Mujeres,Quintil bajo,Centro,Cuidadores domesticos,Movilidad activa,69.86,63.13445800114822,28.68,33.138264711928635,7.72,9.987277286923137,61.74000000000001,2.754117,136.28260608,43.88,0,43.88,92.40260608,4.194817277602418,7.418393362989251,1.440700277602418,4.664276362989251,1.5231078700005911,0.5231078700005911,56.12000753999999,37.59707798674833,156.36986634,6.7255419988517815,-4.458264711928635,-2.267277286923137,168,168,0
8740,15822-1-02,60 o mas,Mujeres,Quintil bajo,Centro,Trabajadores rutinarios,Movilidad activa,64.19,46.84456692554226,23.67,35.81226128767437,5.59,10.793171786783367,74.55,2.839619,77.41801524580642,68.53,65.8870967741936,2.642903225806407,74.77511202000001,5.740542137207493,17.243171958766318,2.900923137207493,14.40355295876632,2.021588860057456,1.021588860057456,104.85712836419357,55.60270704273496,187.94438030419354,17.345433074457738,-12.142261287674366,-5.203171786783367,168,168,0
8744,15831-2-02,60 o mas,Mujeres,Quintil alto,Centro,Cuidadores domesticos,Movilidad activa,64.35,60.33024384055989,35.42,37.46767303106916,9.32,11.292083128370946,58.910000000000004,2.540454,109.91952479661629,48.87,12.4287186533837,36.44128134661629,73.47824345,4.277478947323483,5.760066378745795,1.7370249473234831,3.219612378745795,1.683745876651765,0.683745876651765,53.5586901033837,43.346684489109435,167.2186020633837,4.019756159440107,-2.0476730310691593,-1.9720831283709455,168,168,0
8749,15841-1-01,60 o mas,Hombres,Quintil bajo,Centro,Trabajadores rutinarios,Motorizados privados,55.14,56.47272030788165,36.27,34.361378036111944,9.78,10.355901656006406,66.81,2.469968,101.404025,52.71000000000001,0,52.71000000000001,48.694024999999996,4.0976557049222535,3.6351174442069523,1.6276877049222533,1.165149444206952,1.6589914140273287,0.6589914140273287,34.790010519999996,38.081787033417825,148.53203692,-1.332720307881651,1.9086219638880593,-0.5759016560064065,168,168,0
8751,15843-1-01,60 o mas,Hombres,Quintil bajo,Norte,Trabajadores rutinarios,Motorizados privados,69.78,53.10495849014289,28.25,44.36440680000667,12.81,13.37063470985044,57.16,2.95986,78.31901343999999,90.52999999999999,43.75,46.77999999999999,31.539013439999998,6.5725530569815565,15.02555101933751,3.6126930569815565,12.06569101933751,2.2205621404328437,1.2205621404328437,128.22001736000001,78.86422899663435,249.75186896000002,16.67504150985711,-16.11440680000667,-0.5606347098504401,168,168,0
8760,15856-1-02,60 o mas,Mujeres,Quintil alto,Centro,Trabajadores moviles,Usuarios publicos,47.5,39.816516513945,21.7,32.25300696927333,12.59,9.720476516781675,86.21,3.587937,74.7369965,99.56,105.25,-5.689999999999998,80.4269965,7.809206260064682,13.427422071871591,4.221269260064682,9.839485071871591,2.1765171072024625,1.1765171072024625,95.690011,68.12215631149428,218.72037073000004,7.683483486055003,-10.55300696927333,2.869523483218325,168,168,0
8762,15860-1-01,60 o mas,Mujeres,Quintil bajo,Centro,Cuidadores domesticos,Movilidad activa,45.99,42.50215633444811,38.38,42.099739092743725,12.92,12.688104572808175,70.71,3.122913,30.882768870000007,74.75999999999999,187.5,-112.74000000000001,143.62276887000002,8.94459802218575,10.574362309002142,5.821685022185749,7.451449309002141,2.864184183864792,1.864184183864792,112.74000000000001,101.84776767488034,272.9454369,3.4878436655518925,-3.7197390927437226,0.23189542719182477,168,168,0
8765,15871-1-01,60 o mas,Mujeres,Quintil bajo,Sur,Trabajadores rutinarios,Movilidad mixta,47.47,44.31950174209609,28.17,33.5262801061667,12.31,10.104218151737204,80.05,3.258576,84.91462621,50.23,0,50.23,34.68462621,6.562182900306391,8.293189594356138,3.303606900306391,5.034613594356138,2.0138191959636327,1.013819195963633,69.76997651000002,59.503838498752515,201.67713299000002,3.1504982579039122,-5.3562801061667,2.205781848262797,168,168,0
8766,15872-1-01,60 o mas,Mujeres,Quintil bajo,Centro,Cuidadores domesticos,Movilidad activa,47.84,44.21975795735692,37.42,41.786532351427326,13.34,12.593709691215764,69.39999999999999,3.16243,45.310651200000024,96.52000000000001,202.5,-105.97999999999999,151.2906512,8.364263967378369,10.04606127856454,5.201833967378368,6.88363127856454,2.64488509386085,1.6448850938608501,105.97999999999999,94.53123795708422,266.50494679999997,3.620242042643085,-4.366532351427324,0.7462903087842356,168,168,0
8767,15873-1-01,60 o mas,Hombres,Quintil alto,Centro,Trabajadores rutinarios,Motorizados privados,55.81,43.498083704636656,27.12,41.65718851219308,14.78,12.55472778317027,70.28999999999999,5.144954,65.83297230307689,161.76999999999998,133.0769230769231,28.693076923076887,37.13989538,14.02016810459802,25.414084725425916,8.87521410459802,20.269130725425917,2.725032741711203,1.7250327417112028,221.30691043692315,157.96266744542828,436.8804830369232,12.311916295363346,-14.53718851219308,2.2252722168297296,168,168,0
8768,15873-1-02,60 o mas,Mujeres,Quintil alto,Centro,Cuidadores domesticos,Motorizados privados,63.42,60.70243440866378,28.57,31.64141261795239,9.89,9.53615297338384,66.11999999999999,2.926637,139.5096262323077,33.71,79.80769230769229,-46.09769230769229,185.60731854,4.457211424400436,5.767178932269511,1.5305744244004358,2.840541932269511,1.5229806171385232,0.5229806171385231,46.097692307692284,38.14436429816081,158.65615132769233,2.717565591336225,-3.07141261795239,0.35384702661615997,168,168,0
8774,15881-1-01,60 o mas,Mujeres,Quintil bajo,Centro,Rutina flexible,Movilidad activa,34.55,28.71434393648272,20.25,29.68817407526044,12.55,8.947481988256847,100.64999999999999,3.037827,10.096922849999999,58.14,153,-94.86,104.95692285,9.605974629812,13.915627594145683,6.568147629812,10.877800594145683,3.162120367556151,2.162120367556151,94.86,77.1322864475335,194.50072560000004,5.835656063517277,-9.438174075260441,3.602518011743154,168,168,0
8780,15890-1-01,60 o mas,Hombres,Quintil bajo,Centro,Trabajadores rutinarios,Usuarios publicos,33.97,41.54726209501273,43.67,37.216387667931485,12.34,11.216350237055796,78.02,12.147315,199.33428542000001,161.69,0,161.69,37.64428542,30.335925784819135,18.32479710025423,18.188610784819133,6.177482100254229,2.4973358956130745,1.4973358956130742,213.31000512999998,305.35339463567954,893.6811182800002,-7.577262095012728,6.453612332068516,1.1236497629442042,168,168,0
8781,15893-1-01,60 o mas,Hombres,Quintil bajo,Sur,Cuidadores domesticos,Motorizados privados,47.01,32.76190558582073,23.41,34.600212380183336,7.37,10.427882033995926,90.21000000000001,3.121127,6.374180270000011,84.65,225,-140.35,146.72418027,10.245601742747052,21.940035333044325,7.1244747427470525,18.818908333044323,3.2826609563619336,2.2826609563619336,140.35,95.87988782535588,236.41828905999995,14.24809441417927,-11.190212380183336,-3.0578820339959263,168,168,0
8784,15902-1-02,60 o mas,Mujeres,Quintil medio,Norte,Cuidadores domesticos,Usuarios publicos,52.64,58.869165199609085,38.68,29.031317558544167,5.33,8.74951724184674,71.35000000000001,2.956916,139.6730338497561,11.459999999999999,27.4390243902439,-15.979024390243902,155.65205824,4.3808356877200545,1.7469980179650002,1.4239196877200544,-1.209917982035,1.4815556775099645,0.48155567750996453,15.979024390243893,34.39814263561121,146.11289755024387,-6.229165199609085,9.648682441455833,-3.4195172418467408,168,168,0
8788,15907-1-04,60 o mas,Hombres,Quintil alto,Sur,Trabajadores rutinarios,Movilidad mixta,42.23,39.220290148512284,21.62,37.80573955110158,24.57,11.393970300386128,79.58000000000001,6.400742,69.42537723920502,197.03,147.907949790795,49.122050209205014,20.303327030000002,17.761486160389783,20.925596302187532,11.360744160389782,14.524854302187531,2.77491049637523,1.7749104963752298,200.87795742079493,181.6135811665638,496.52823040079494,3.009709851487713,-16.18573955110158,13.176029699613872,168,168,0
8807,15944-1-01,60 o mas,Hombres,Quintil alto,Norte,Trabajadores moviles,Movilidad mixta,54.7,48.180020920364896,40.17,43.17715939542876,9.5,13.012819684206349,63.629999999999995,3.797155,74.3739954367347,105.19000000000001,63.5204081632653,41.66959183673471,32.7044036,9.297293399577018,12.916013433195584,5.500138399577018,9.118858433195584,2.4484893030642727,1.4484893030642727,133.33038306326532,108.57301190113347,321.93507191326535,6.519979079635107,-3.007159395428758,-3.512819684206349,168,168,0
8823,15974-1-02,60 o mas,Mujeres,Quintil medio,Sur,Rutina flexible,Motorizados privados,8.55,37.771774029294036,65.18,39.51816225121331,15.47,11.910063719492687,78.79999999999998,2.995964,10.887714422222203,18.05,32.7777777777778,-14.7277777777778,25.615492200000002,9.568902921657237,0.8786711599542462,6.572938921657237,-2.117292840045754,3.193931209339377,2.193931209339377,14.7277777777778,102.27516078567767,256.35227437777786,-29.221774029294036,25.661837748786695,3.559936280507314,168,168,0
8824,15975-1-01,60 o mas,Mujeres,Quintil bajo,Sur,Rutina flexible,Usuarios publicos,27.96,37.971219731348974,43.89,36.206724392874435,13.24,10.912055875776586,82.91,3.169964,36.568521123615795,30.49,82.5536723163842,-52.0636723163842,88.63219344,8.55731832598053,4.3849444401340865,5.38735432598053,1.2149804401340867,2.699500160248044,1.699500160248044,52.0636723163842,83.79887846085012,233.16371563638418,-10.011219731348973,7.683275607125566,2.3279441242234142,168,168,0
8827,15982-1-02,60 o mas,Mujeres,Quintil medio,Norte,Rutina flexible,Movilidad activa,21.66,39.05552399134826,64.65,41.720628541157005,7.04,12.573847467494751,74.64999999999999,3.137159,4.378535172876717,51.64000000000001,115.2123287671233,-63.57232876712329,67.95086394,10.470144676982631,4.266807614736988,7.332985676982631,1.1296486147369884,3.337460637788085,2.337460637788085,63.57232876712329,118.1448534162974,288.4752574771233,-17.39552399134826,22.929371458843,-5.533847467494751,168,168,0
8840,16014-1-01,60 o mas,Hombres,Quintil alto,Norte,Trabajadores rutinarios,Motorizados privados,63.6,53.28651451590787,29.36,36.85580759821895,8.29,11.107677885873182,66.75,6.841298,236.24655099999998,176.14,0,176.14,60.106551,12.871153761553591,25.414172865687863,6.029855761553591,18.572874865687865,1.8813906018351476,0.8813906018351475,198.86000180000005,128.30237418465148,456.4348715000001,10.313485484092134,-7.495807598218953,-2.8176778858731826,168,168,0
8845,16023-1-02,60 o mas,Hombres,Quintil bajo,Sur,Trabajadores rutinarios,Motorizados privados,51.6,47.649143239527675,30.13,38.33682642359522,15.81,11.5540303368771,70.46000000000001,2.658524,68.0498404,55.87,0,55.87,12.1798404,5.654144465884617,7.24050861523647,2.995620465884617,4.58198461523647,2.1267983534790798,1.1267983534790798,69.129998,58.62655048172208,191.26259055999998,3.950856760472327,-8.20682642359522,4.255969663122901,168,168,0
8858,16050-1-02,60 o mas,Mujeres,Quintil medio,Sur,Rutina flexible,Motorizados privados,36.99,38.579399133658136,33.55,30.56028140577074,7.81,9.210319460571123,89.64999999999999,3.052199,64.37502011447756,34.309999999999995,82.8358208955224,-48.52582089552241,112.90084100999998,6.457811948376973,5.645285130275347,3.405612948376973,2.5930861302753474,2.1157899430466274,1.1157899430466274,48.52582089552244,53.37698334187466,174.76477153552244,-1.5893991336581337,2.989718594229256,-1.400319460571123,168,168,0
8860,16052-1-02,60 o mas,Mujeres,Quintil medio,Centro,Cuidadores domesticos,Usuarios publicos,57.48,48.51227519318366,28.31,35.16855463408121,8.49,10.59917017273512,73.72000000000001,3.330629,100.38455492,58.93999999999999,150,-91.06,191.44455492,6.433209276806418,11.906204795542893,3.1025802768064183,8.575575795542893,1.931529833195597,0.9315298331955971,91.06,61.19183569439812,213.62714719999994,8.967724806816335,-6.858554634081212,-2.1091701727351193,168,168,0
8870,16071-1-02,60 o mas,Mujeres,Quintil bajo,Centro,Cuidadores domesticos,Movilidad activa,43.55,38.71744917433773,20.38,24.591203995673443,6.79,7.411346829988826,97.28,2.990084,81.14398311582488,37.01,86.0841750841751,-49.0741750841751,130.21815819999998,5.2058507225780275,8.690742669622766,2.2157667225780275,5.700658669622767,1.7410382860742466,0.7410382860742466,49.074175084175096,34.62444218117558,130.3147573641751,4.832550825662267,-4.2112039956734435,-0.6213468299888261,168,168,0
8877,16079-1-01,60 o mas,Hombres,Quintil bajo,Sur,Rutina flexible,Movilidad activa,21.71,33.72573659111697,40.32,32.47644629569029,13.96,9.787817113192753,92.00999999999999,3.237997,30.717684100769205,41.19,80.7692307692308,-39.579230769230804,70.29691487000001,8.935384423906056,3.508496369974087,5.697387423906056,0.27049936997408697,2.759540674035849,1.7595406740358488,39.579230769230804,78.48614980405777,215.33770792923082,-12.01573659111697,7.843553704309713,4.1721828868072475,168,168,0
8881,16086-1-01,60 o mas,Hombres,Quintil bajo,Centro,Trabajadores rutinarios,Motorizados privados,70.54,45.838495605115334,14.8,42.878650058723245,16.3,12.922854336161427,66.36,2.358672,37.49755773383261,90.01,113.8931718061674,-23.883171806167397,61.380729540000004,6.089447628040992,19.940191516618512,3.7307756280409925,17.581519516618513,2.5817271871803253,1.5817271871803256,128.88316514616741,70.62041837207599,202.23786434616738,24.701504394884672,-28.078650058723245,3.377145663838574,168,168,0
8884,16095-1-01,60 o mas,Hombres,Quintil medio,Centro,Trabajadores moviles,Usuarios publicos,54.61,53.608758025074906,45.59,45.22211072136227,12.26,13.629131253562825,55.54,2.513521,66.00458659053339,67.88,32.8888054094666,34.9911945905334,31.013391999999996,5.620319640099086,5.926914104464007,3.106798640099086,3.4133931044640073,2.2360344871194973,1.2360344871194975,71.2587952194666,68.7421524894109,216.66598506946661,1.0012419749250938,0.36788927863773324,-1.3691312535628253,168,168,0
8887,16099-1-02,60 o mas,Mujeres,Quintil medio,Norte,Trabajadores moviles,Movilidad mixta,61.53,55.46825671351659,40.47,44.82292072264785,11.8,13.508822563835562,54.2,5.702306,166.82290918,115.96000000000001,0,115.96000000000001,50.86290918,12.329753881463294,16.941552115952874,6.6274478814632936,11.239246115952874,2.1622399572143784,1.1622399572143784,184.03997900000002,149.47406388702592,482.09951362000004,6.061743286483413,-4.352920722647852,-1.708822563835561,168,168,0
8891,16107-1-01,60 o mas,Mujeres,Quintil bajo,Sur,Rutina flexible,Movilidad activa,44.6,50.856938295004184,51.54,41.89627696118176,9.24,12.626784743814042,62.62000000000001,3.097456,80.66136188115021,33.78,91.2651757188498,-57.4851757188498,138.14653760000002,6.783381610271139,4.550809842001153,3.6859256102711386,1.4533538420011531,2.189984816659587,1.1899848166595872,57.4851757188498,76.86576678234027,245.7485513988498,-6.256938295004183,9.643723038818237,-3.386784743814042,168,168,0
8896,16122-1-01,60 o mas,Mujeres,Quintil bajo,Centro,Rutina flexible,Movilidad activa,25.36,32.128847840586594,33.21,29.561766993339376,12.03,8.90938516607406,97.39999999999998,2.979318,34.491056017070505,29.62,70.6844484629295,-41.06444846292949,75.55550448,7.6582523162654095,4.367540281137227,4.678934316265409,1.3882222811372271,2.57047160332177,1.57047160332177,41.06444846292949,61.23099867365028,175.8487947829296,-6.768847840586595,3.6482330066606252,3.1206148339259396,167.99999999999997,168,0
8900,16130-1-01,60 o mas,Mujeres,Quintil bajo,Centro,Trabajadores rutinarios,Usuarios publicos,52.88,53.7367445442135,21.87,25.114266876234865,11.67,7.568988579551628,81.58,1.891591,83.79733704,58.77,0,58.77,25.02733704,2.627974581086656,2.3283531390867664,0.7363835810866561,0.4367621390867664,1.3892932357399967,0.3892932357399967,16.229995040000006,17.850605309133357,79.67395718,-0.8567445442134982,-3.244266876234864,4.101011420448372,168,168,0
8903,16139-1-01,60 o mas,Mujeres,Quintil medio,Centro,Cuidadores domesticos,Movilidad mixta,54.2,43.016188545539556,35.17,45.75429071680107,13.19,13.789520737659366,65.44,3.102523,7.056746599999997,101.39999999999998,262.5,-161.10000000000002,168.15674660000002,10.214349766191265,16.028864935098586,7.111826766191266,12.926341935098586,3.292272052839339,2.292272052839339,161.10000000000002,126.40196773487304,311.13801228,11.183811454460447,-10.584290716801071,-0.5995207376593665,168,168,0
8909,16145-1-01,60 o mas,Hombres,Quintil bajo,Centro,Cuidadores domesticos,Movilidad activa,48.8,36.388838170420655,26.17,36.67728687928417,9.15,11.053874950295183,83.88,2.878801,19.935484799999998,53.95,154.5,-100.55,120.4854848,8.550540471760536,16.42252967838105,5.671739471760536,13.54372867838105,2.970174205080704,1.970174205080704,120.55000400000002,84.82073891384516,222.22925532000005,12.411161829579342,-10.507286879284166,-1.903874950295183,168,168,0
