PeID,Tw,Tf1,Tf2,Tc,w,Ec,ta,id_persona,grupo_edad,grupo_sexo,grupo_ingreso,grupo_territorio,grupo_cluster_tiempo,grupo_cluster_modo,Ec_monetario,ing_fijo,EcI,Ec_trabajo_no_remunerado,cierre_temporal,tiempo_libre_observado,ingreso_libre_observado,ingreso_potencial_neto_Ec
3,66.51,23.56,9.99,67.94,1.027351,68.32911771,168,00002-1-01,45 a 59,Mujeres,Quintil bajo,Norte,Trabajadores moviles,Usuarios publicos,0,0,0,68.32911771,168,33.55,-2.700000010236181e-6,34.46762334999998
12,77.67,32.2,6.86,51.269999999999996,3.798088,183.35751767,168,00014-1-01,30 a 44,Hombres,Quintil bajo,Centro,Trabajadores moviles,Motorizados privados,138.35999999999999,0,138.35999999999999,44.99751767,168,39.06,111.63997728999999,259.99329457
25,60.82,32.59,9.74,64.85000000000001,3.476739,125.3267801363441,168,00037-1-01,45 a 59,Hombres,Quintil medio,Centro,Trabajadores moviles,Usuarios publicos,90.35000000000001,13.9784946236559,76.3715053763441,48.95527476,168,42.330000000000005,86.12848584365588,233.29884771365585
37,53.26,35.32,12.91,66.51000000000002,12.208294,328.76371607999994,168,00058-1-01,45 a 59,Hombres,Quintil medio,Sur,Trabajadores moviles,Motorizados privados,303.54999999999995,0,303.54999999999995,25.21371608,168,48.230000000000004,321.4500223600001,910.2560419799997
45,71.07,36.76,11.95,48.22000000000001,2.852962,200.91997966,168,00067-1-01,45 a 59,Mujeres,Quintil bajo,Centro,Trabajadores moviles,Usuarios publicos,123.16,0,123.16,77.75997966,168,48.709999999999994,1.8400296799999865,140.80780869999998
51,74.54,20.94,13.85,58.669999999999995,7.569237,254.6509037,168,00076-1-01,30 a 44,Hombres,Quintil medio,Norte,Trabajadores moviles,Movilidad mixta,240.44,0,240.44,14.2109037,168,34.79,309.5600222800001,572.8937775100002
65,65.36,45.38,10.74,46.519999999999996,2.702575,49.972405208324,168,00101-1-01,60 o mas,Mujeres,Quintil medio,Centro,Trabajadores moviles,Usuarios publicos,96.02,107.687861271676,-11.667861271676003,61.64026648,168,56.120000000000005,126.66789679167599,278.336405791676
75,57.63,38.29,10.57,61.51000000000001,4.42097,154.3404649,168,00126-1-01,45 a 59,Hombres,Quintil medio,Sur,Trabajadores moviles,Motorizados privados,99.56,0,99.56,54.7804649,168.00000000000003,48.86,100.44003619999998,316.44863039999984
78,53.38,57.19,10.42,47.010000000000005,4.700895,134.77376198000002,168,00128-1-01,30 a 44,Hombres,Quintil bajo,Norte,Trabajadores moviles,Usuarios publicos,108.84,0,108.84,25.93376198,168,67.61,116.16001312,433.98752406999995
93,74.1,16.81,8.99,68.10000000000001,1.925792,137.3211939,168,00157-1-01,45 a 59,Mujeres,Quintil bajo,Centro,Trabajadores moviles,Usuarios publicos,32.12,0,32.12,105.2011939,168,25.799999999999997,5.379993299999995,55.06542689999998
120,73.98,14.52,11.46,68.03999999999999,3.038634,161.95816382,168,00216-1-01,45 a 59,Mujeres,Quintil bajo,Centro,Trabajadores moviles,Usuarios publicos,74.66000000000001,0,74.66000000000001,87.29816382,168,25.98,62.8399795,141.78369082000003
156,75.02,23.78,12.19,57.010000000000005,4.436488,39.185332299999985,168,00282-1-01,45 a 59,Hombres,Quintil medio,Norte,Trabajadores moviles,Motorizados privados,206.35999999999999,250,-43.640000000000015,82.8253323,168,35.97,293.63999746,453.22047082
158,86.79,29.43,6.16,45.61999999999999,3.765382,254.37750590999997,168,00287-1-01,30 a 44,Hombres,Quintil bajo,Centro,Trabajadores moviles,Usuarios publicos,152.57999999999998,0,152.57999999999998,101.79750591,168,35.59,72.41999787000003,206.42994325000006
159,66.75,31.42,10.62,59.21,8.127471,277.64871574999995,168,00288-1-01,30 a 44,Hombres,Quintil alto,Norte,Trabajadores moviles,Motorizados privados,210.14,0,210.14,67.50871575,168,42.04,264.8599735,606.53885434
168,59.06,39.98,3.03,65.93,4.314037,140.49702622,168,00299-1-04,30 a 44,Hombres,Quintil bajo,Centro,Trabajadores moviles,Movilidad mixta,110.71000000000001,0,110.71000000000001,29.78702622,168,43.01,114.289999,299.83673036999994
221,60.98,41.18,8.04,57.800000000000004,6.959964,248.51861342,168,00403-1-02,30 a 44,Mujeres,Quintil alto,Centro,Trabajadores moviles,Motorizados privados,199.1,0,199.1,49.41861342,168,49.22,175.8999913,518.4694193799999
242,63.28,31.57,4.54,68.61,3.24057,139.9233024,168,00449-1-01,30 a 44,Hombres,Quintil bajo,Sur,Trabajadores moviles,Usuarios publicos,109.86,0,109.86,30.063302399999998,168,36.11,65.1399672,182.15694989999997
247,50.65,54.57,7.17,55.60999999999999,1.981695,63.77285405,168,00457-1-02,18 a 29,Hombres,Quintil bajo,Centro,Trabajadores moviles,Usuarios publicos,45.9,0,45.9,17.87285405,168,61.74,36.599997699999996,158.94984700000003
249,80.19,24.32,3.9,59.59,2.89561,163.09899088,168,00459-1-01,30 a 44,Mujeres,Quintil bajo,Norte,Trabajadores moviles,Movilidad activa,103.15,77.25,25.900000000000006,137.19899088,168,28.22,69.09997501999999,150.81408922
265,62.29,49.25,10.3,46.16000000000001,9.030711,222.64296769999999,168,00509-1-01,30 a 44,Mujeres,Quintil medio,Centro,Trabajadores moviles,Motorizados privados,302.62,117.5,185.12,37.522967699999995,168,59.55,339.88002049,877.6588605399999
267,69.48,33.4,11.96,53.160000000000004,8.505659,290.09318692,168,00513-1-02,30 a 44,Hombres,Quintil alto,Centro,Trabajadores moviles,Movilidad mixta,199.12,0,199.12,90.97318691999999,168,45.36,300.8800004,686.69669264
291,30.33,18.08,8.64,110.95000000000002,3.903805,71.99768461886792,168,00550-1-02,18 a 29,Mujeres,Quintil bajo,Norte,Trabajadores moviles,Usuarios publicos,49.349999999999994,8.25471698113208,41.09528301886792,30.9024016,168,26.72,46.404721031132084,150.714390631132
309,74.24,28.45,13.25,52.06,2.622817,121.85790048000001,168,00590-1-01,45 a 59,Hombres,Quintil bajo,Norte,Trabajadores moviles,Movilidad mixta,77.14,0,77.14,44.717900480000004,168,41.7,72.86003359999998,182.23150249999998
311,62.21,32.87,7.33,65.58999999999999,6.922018,240.5987617,168,00591-1-01,45 a 59,Hombres,Quintil bajo,Norte,Trabajadores moviles,Movilidad mixta,184.98000000000002,0,184.98000000000002,55.6187617,168,40.199999999999996,190.01997808,468.28510167999997
316,59.77,47.48,10.61,50.13999999999999,7.907729,213.62344748846147,168,00595-1-01,30 a 44,Hombres,Quintil alto,Norte,Trabajadores moviles,Motorizados privados,216.94,63.4615384615385,153.4784615384615,60.14498594999999,168,58.089999999999996,259.02151484153853,718.3814924515386
325,33.31,58.42,19.19,57.08,5.600411,104.58970387000001,168,00605-1-02,18 a 29,Hombres,Quintil medio,Sur,Trabajadores moviles,Movilidad mixta,100.54,0,100.54,4.04970387,168,77.61,81.95998654,516.6078842500001
339,48.51,50.24,7.04,62.21,9.84965,218.90652712,168,00624-1-03,60 o mas,Hombres,Quintil alto,Centro,Trabajadores moviles,Motorizados privados,191.1,0,191.1,27.80652712,168,57.28,258.89999438000007,823.08794638
342,107.79,6.49,6.15,47.56999999999999,2.797379,232.1958429266813,168,00630-1-01,30 a 44,Mujeres,Quintil medio,Norte,Trabajadores moviles,Motorizados privados,55.42,24.7535596933187,30.666440306681302,201.52940262,168,12.64,69.3336394833187,104.69251004331866
346,91.59,10.29,7.36,58.760000000000005,2.161877,135.79632983000002,168,00632-1-01,30 a 44,Hombres,Quintil bajo,Norte,Trabajadores moviles,Movilidad mixta,112.79,0,112.79,23.006329830000002,168,17.65,62.209984599999984,100.36711364999996
368,47.17,25.86,13.39,81.58,3.52138,102.24348323000001,168,00676-1-01,45 a 59,Hombres,Quintil bajo,Sur,Trabajadores moviles,Movilidad mixta,48.64,0,48.64,53.60348323,168,39.25,63.860011369999995,202.07417637
378,55.17,25.2,8.72,78.91,2.448903,87.05599675,168,00689-1-03,18 a 29,Hombres,Quintil bajo,Centro,Trabajadores moviles,Usuarios publicos,56.95,0,56.95,30.105996750000003,168,33.92,48.049981759999994,131.11677152
395,77.44,9.64,7.08,73.84,4.884054,232.77117712,168,00719-1-01,30 a 44,Mujeres,Quintil bajo,Centro,Trabajadores moviles,Usuarios publicos,179.55,0,179.55,53.22117711999999,168,16.72,145.44996463999996,227.11134751999998
419,91.03,10.46,9.15,57.35999999999999,2.715064,105.86228924000001,168,00768-1-01,60 o mas,Hombres,Quintil bajo,Norte,Trabajadores moviles,Motorizados privados,83.71000000000001,0,83.71000000000001,22.152289239999998,168,19.61,141.28998667999997,194.53239172000002
421,60.46,40.36,10.78,56.39999999999999,3.274053,127.63923638000001,168,00771-1-01,45 a 59,Mujeres,Quintil bajo,Sur,Trabajadores moviles,Usuarios publicos,79.69000000000001,0,79.69000000000001,47.94923638,168,51.14,70.31000799999997,237.74507842000003
443,50.87,52.23,12.04,52.86000000000001,2.828044,76.33257581999999,168,00804-1-03,60 o mas,Hombres,Quintil medio,Centro,Trabajadores moviles,Usuarios publicos,57.46999999999999,0,57.46999999999999,18.86257582,168,64.27,67.53002246,249.28841033999993
451,85.49,10.85,6.48,65.18,3.279278,120.6054793,168,00818-1-01,45 a 59,Hombres,Quintil alto,Norte,Trabajadores moviles,Motorizados privados,115.26,0,115.26,5.3454793,168,17.33,159.73999692,216.56988465999996
453,53.59,56.9,6.73,50.78,5.636334,142.31114696,168,00818-1-03,30 a 44,Hombres,Quintil alto,Norte,Trabajadores moviles,Movilidad mixta,115.26,0,115.26,27.05114696,168,63.629999999999995,159.73999210000002,518.37992452
477,68.54,43.54,6.09,49.83,7.49812,253.71116294,168,00868-1-01,30 a 44,Mujeres,Quintil medio,Centro,Trabajadores moviles,Motorizados privados,214.79,0,214.79,38.92116294,168,49.629999999999995,260.2099818600001,632.34167746
483,52.27,28.51,13.71,73.50999999999999,5.367794,101.4537550062652,168,00873-1-02,18 a 29,Hombres,Quintil alto,Centro,Trabajadores moviles,Movilidad mixta,63.459999999999994,15.0808407437348,48.3791592562652,53.07459574999999,168,42.22,179.12083737373482,405.7491000537349
523,59.62,34.5,5.31,68.57,4.477553,46.69455868285699,168,00934-1-02,30 a 44,Hombres,Quintil medio,Centro,Trabajadores moviles,Usuarios publicos,172.6,142.857142857143,29.74285714285699,16.95170154,168,39.81,220.257151177143,398.5085361071431
533,55.69,42.34,5.68,64.28999999999999,32.009437,613.23553693,168,00966-1-01,45 a 59,Hombres,Quintil alto,Centro,Trabajadores moviles,Motorizados privados,680.63,100,580.63,32.60553693,168,48.02,1169.3700095999998,2706.46317434
541,75.86,28.96,8.51,54.67,4.439957,103.67845365333328,168,00984-1-01,45 a 59,Hombres,Quintil medio,Centro,Trabajadores moviles,Motorizados privados,178.52999999999997,86.6666666666667,91.86333333333327,11.81512032,168,37.47,233.13668436666666,399.50187315666665
547,89.64,15.93,12.91,49.519999999999996,1.324908,118.76476976000001,168,00997-1-02,45 a 59,Mujeres,Quintil bajo,Norte,Trabajadores moviles,Usuarios publicos,0,0,0,118.76476976000001,168,28.84,-1.664000001255772e-5,38.210330080000006
564,65.6,31.5,4.6,66.30000000000001,3.492818,131.61887040000002,168,01029-1-01,45 a 59,Hombres,Quintil bajo,Centro,Trabajadores moviles,Usuarios publicos,77.49000000000001,0,77.49000000000001,54.128870400000004,168,36.1,97.50999039999996,223.60072019999998
567,63.51,29.78,4.51,70.2,3.715854,142.88387107,168,01030-1-01,30 a 44,Hombres,Quintil bajo,Centro,Trabajadores moviles,Motorizados privados,131.89,0,131.89,10.993871069999999,168,34.29,93.11001647,220.52665013
570,55.27,27.3,6.44,78.99,1.749378,21.4828159854867,168,01037-1-04,45 a 59,Mujeres,Quintil medio,Norte,Trabajadores moviles,Usuarios publicos,43.6,43.8053097345133,-0.2053097345132997,21.68812572,168,33.74,75.20530607451332,134.22931979451332
576,78.52,19.66,10.62,59.20000000000001,2.938197,176.06726196,168,01047-1-02,45 a 59,Mujeres,Quintil bajo,Centro,Trabajadores moviles,Usuarios publicos,60.35999999999999,0,60.35999999999999,115.70726196000001,168,30.28,54.63996648,143.60857163999998
580,64.04,34.34,11.64,57.97999999999999,3.116637,145.53943687999998,168,01056-1-01,30 a 44,Hombres,Quintil bajo,Centro,Trabajadores moviles,Movilidad activa,70.95,0,70.95,74.58943688,168,45.980000000000004,54.04999660000004,197.35296586000004
604,83.42,22.06,8.27,54.25,1.550618,55.46252862,168,01097-1-03,30 a 44,Hombres,Quintil medio,Norte,Trabajadores moviles,Movilidad mixta,51.11,0,51.11,4.352528619999999,168,30.33,73.89002494000002,120.92026888000001
611,83.95,37.83,7.35,38.87,4.370753,275.56470609999997,168,01106-1-01,30 a 44,Hombres,Quintil medio,Sur,Trabajadores moviles,Movilidad mixta,158.64,0,158.64,116.92470610000001,168,45.18,91.36000825000002,288.83062879
615,58.59,28.74,11.44,69.23,5.665611,177.38812266,168,01115-1-01,18 a 29,Hombres,Quintil medio,Norte,Trabajadores moviles,Movilidad mixta,120.44,0,120.44,56.94812266,168,40.18,154.56002583000006,382.20427581
676,80.09,33.53,7.5,46.879999999999995,3.564106,191.71928400000002,168,01218-1-01,30 a 44,Hombres,Quintil bajo,Centro,Trabajadores moviles,Motorizados privados,81.27,0,81.27,110.44928400000002,168,41.03,93.72996554000002,239.96523472
680,60.08,34.01,12.88,61.029999999999994,10.175284,337.5610468,168,01222-1-01,30 a 44,Hombres,Quintil alto,Sur,Trabajadores moviles,Motorizados privados,276.23,0,276.23,61.331046799999996,168,46.89,273.77001592,750.88908268
682,58.5,51.43,5.29,52.78,2.959796,132.8080395,168,01224-1-01,45 a 59,Mujeres,Quintil bajo,Centro,Trabajadores moviles,Usuarios publicos,79.66,0,79.66,53.148039499999996,168,56.72,40.34002649999999,208.21965561999997
691,50.28,39.42,10.19,68.11,3.239842,101.81924224,168,01238-1-02,30 a 44,Mujeres,Quintil bajo,Centro,Trabajadores moviles,Usuarios publicos,83.92,0,83.92,17.89924224,168,49.61,61.080013519999994,221.80857514000002
697,51.28,48.1,9.78,58.84,3.623527,139.78266685818178,168,01250-1-01,30 a 44,Hombres,Quintil bajo,Sur,Trabajadores moviles,Motorizados privados,112.14999999999998,8.18181818181818,103.96818181818179,35.81448504,168,57.88,46.03179770181822,255.7615404618182
698,61.63,54.74,6.49,45.14,3.087543,151.9270631718182,168,01250-1-02,30 a 44,Mujeres,Quintil bajo,Sur,Trabajadores moviles,Motorizados privados,93.46000000000001,6.81818181818182,86.6418181818182,65.28524499,168,61.230000000000004,38.35821191818184,227.40846980818185
701,79.54,29.92,8.53,50.00999999999999,2.093725,98.7648978,168,01260-1-03,18 a 29,Hombres,Quintil medio,Centro,Trabajadores moviles,Movilidad mixta,57.23,0,57.23,41.534897799999996,168,38.45,67.76998870000003,148.27371495000003
757,73.73,29.28,6.45,58.53999999999999,0.623614,45.97905146,168,01365-1-02,30 a 44,Hombres,Quintil bajo,Centro,Trabajadores moviles,Motorizados privados,0,0,0,45.97905146,168,35.730000000000004,8.76000000005206e-6,22.281736979999998
758,73.68,34.19,10.86,49.269999999999996,1.123301,50.36484096,168,01365-1-03,18 a 29,Mujeres,Quintil bajo,Centro,Trabajadores moviles,Motorizados privados,27.6,0,27.6,22.76484096,168,45.05,32.39997672000002,83.00468677
769,47.9,24.44,8.47,87.19,2.795007,50.15507838813559,168,01381-1-02,18 a 29,Mujeres,Quintil alto,Norte,Trabajadores moviles,Motorizados privados,63.519999999999996,22.2457627118644,41.274237288135595,8.8808411,168,32.910000000000004,83.72575691186441,175.7094372818644
798,41.91,45.32,11.22,69.55000000000001,3.104508,119.39991191000001,168,01461-1-02,30 a 44,Mujeres,Quintil bajo,Sur,Trabajadores moviles,Usuarios publicos,46.79,0,46.79,72.60991191000001,168,56.54,10.710018369999972,186.23890068999998
799,51.57,48.11,9.15,59.17000000000001,7.243858,123.68731170745099,168,01463-1-03,30 a 44,Hombres,Quintil alto,Norte,Trabajadores moviles,Motorizados privados,196.2,96.078431372549,100.12156862745098,23.56574308,168.00000000000003,57.26,249.87844535254902,664.6617544325488
810,51.46,27.9,13.45,75.18999999999998,2.586036,54.74742067999999,168,01486-1-01,60 o mas,Hombres,Quintil bajo,Sur,Trabajadores moviles,Movilidad mixta,62.919999999999995,18.75,44.169999999999995,10.57742068,168,41.349999999999994,78.32999188000001,185.26258048000005
814,64.19,44.47,6.81,52.53,3.69724,74.69356284504431,168,01493-1-01,45 a 59,Mujeres,Quintil bajo,Norte,Trabajadores moviles,Usuarios publicos,91.35000000000001,78.9823008849557,12.367699115044303,62.32586373,168,51.28,162.63227275495566,352.2267399549557
823,80.39,24.98,6.13,56.49999999999999,10.588723,279.7629952711685,168,01510-1-01,30 a 44,Hombres,Quintil alto,Centro,Trabajadores moviles,Motorizados privados,353.33,99.7944803288315,253.5355196711685,26.227475600000002,168,31.11,571.4644466988315,900.8796192288315
830,58.67,16.81,15.04,77.47999999999999,2.211602,82.32467611,168,01518-1-02,45 a 59,Hombres,Quintil bajo,Centro,Trabajadores moviles,Usuarios publicos,47.57,0,47.57,34.75467611,168,31.849999999999998,47.43001323,117.86953693000002
834,40.19,51.12,6.04,70.64999999999999,3.107769,78.91623602000001,168,01522-1-02,18 a 29,Mujeres,Quintil medio,Norte,Trabajadores moviles,Movilidad mixta,32.14,15.625,16.515,62.401236020000006,168,57.16,45.98500008999997,223.62507613
835,76.41,32.01,7.62,51.96000000000001,3.970582,204.65218493999998,168,01524-1-01,30 a 44,Mujeres,Quintil bajo,Centro,Trabajadores moviles,Motorizados privados,113.75999999999999,0,113.75999999999999,90.89218494,168,39.629999999999995,98.73998568000002,256.09415033999994
838,63.65,41.62,10.2,52.53,2.724924,49.09476268333329,168,01532-1-01,45 a 59,Mujeres,Quintil medio,Centro,Trabajadores moviles,Usuarios publicos,67.32,66.6666666666667,0.6533333333332934,48.44142935,168,51.81999999999999,124.3466499166667,265.5522115966667
849,55.16,41.78,9.69,61.370000000000005,3.124599,95.4428944,168,01550-1-01,45 a 59,Mujeres,Quintil bajo,Centro,Trabajadores moviles,Usuarios publicos,63.089999999999996,0,63.089999999999996,32.352894400000004,168,51.47,76.90998643999998,237.73309696999996
868,70.73,42.02,10.37,44.879999999999995,7.296088,237.33230978999998,168,01592-1-01,60 o mas,Hombres,Quintil alto,Centro,Trabajadores moviles,Motorizados privados,221.27999999999997,0,221.27999999999997,16.05230979,168,52.39,278.71999445000006,660.9620447700001
917,75.27,32.09,7.79,52.85,2.27908,63.3477785114286,168,01678-1-01,30 a 44,Hombres,Quintil bajo,Centro,Trabajadores moviles,Movilidad mixta,88.23,71.4285714285714,16.801428571428602,46.54634994,168,39.88,108.19857308857138,199.0882834885714
938,85.74,27.27,8.04,46.95000000000001,6.22822,293.98760692,168,01716-1-02,30 a 44,Mujeres,Quintil alto,Sur,Trabajadores moviles,Movilidad mixta,269.98,0,269.98,24.00760692,168,35.31,240.01997588,459.93842407999995
939,61.94,23.73,7.82,74.50999999999999,2.924418,99.84844711999999,168,01722-1-02,30 a 44,Hombres,Quintil bajo,Centro,Trabajadores moviles,Motorizados privados,93.71,0,93.71,6.1384471199999995,168,31.55,81.29000380000001,173.55539170000003
940,56.41,38.37,9.31,63.91,2.794743,31.436719537646987,168,01723-1-01,30 a 44,Hombres,Quintil bajo,Centro,Trabajadores moviles,Motorizados privados,85.54999999999998,91.764705882353,-6.214705882353016,37.65142542,168,47.68,126.21473309235301,259.468079332353
944,55.49,31.35,5.35,75.81,5.771355,190.31248600000004,168,01732-1-01,30 a 44,Mujeres,Quintil bajo,Centro,Trabajadores moviles,Movilidad mixta,145.06000000000003,0,145.06000000000003,45.252486000000005,168,36.7,129.94000294999995,341.7487314499999
953,71.79,17.33,10.46,68.41999999999999,29.245539,771.6172557299999,168,01748-1-02,45 a 59,Mujeres,Quintil alto,Centro,Trabajadores moviles,Motorizados privados,672.0799999999999,0,672.0799999999999,99.53725573,168,27.79,1327.9199890800003,2140.6535178900003
956,51.57,42.19,5.21,69.03000000000002,2.632108,63.637817440000006,168,01753-1-06,18 a 29,Mujeres,Quintil alto,Centro,Trabajadores moviles,Usuarios publicos,52.900000000000006,0,52.900000000000006,10.73781744,168,47.4,72.09999212000001,196.86191132
957,53.36,38.95,4.78,70.91,0.293859,15.68032088,168,01753-1-07,18 a 29,Hombres,Quintil alto,Centro,Trabajadores moviles,Motorizados privados,0,0,0,15.68032088,168,43.730000000000004,-4.640000001998601e-6,12.850449429999998
962,47.99,30.75,13.58,75.67999999999999,4.836181,121.92378753096772,168,01759-1-02,45 a 59,Mujeres,Quintil medio,Centro,Trabajadores moviles,Usuarios publicos,97.9,58.0645161290323,39.83548387096771,82.08830366000001,168,44.33,110.16453865903229,324.5524423890323
964,55.25,36.66,6.85,69.24000000000001,2.558253,65.8836594292453,168,01761-1-02,18 a 29,Mujeres,Quintil bajo,Sur,Trabajadores moviles,Motorizados privados,71.71000000000001,27.1698113207547,44.540188679245304,21.343470749999998,168,43.51,75.4598188207547,186.7694068507547
972,56.14,23.23,7.85,80.78,4.069724,128.1925167137867,168,01774-1-01,45 a 59,Mujeres,Quintil bajo,Centro,Trabajadores moviles,Usuarios publicos,117.61,55.3918083462133,62.2181916537867,65.97432506,168,31.08,100.2817886462133,226.7688105662133
978,53.51,31.2,12.8,70.49000000000001,2.662388,104.2443908,168,01782-1-04,45 a 59,Hombres,Quintil bajo,Centro,Trabajadores moviles,Motorizados privados,74.28,0,74.28,29.9643908,168,44,38.219991079999986,155.36506307999997
979,63.5,44.28,4.71,55.51,2.152207,97.82511149999999,168,01783-1-03,18 a 29,Mujeres,Quintil bajo,Norte,Trabajadores moviles,Movilidad activa,41.16,0,41.16,56.665111499999995,168,48.99,38.840033000000034,144.27665393000004
980,30.55,7.18,2.88,127.38999999999999,3.106902,98.75586670000001,168,01785-1-01,30 a 44,Hombres,Quintil bajo,Centro,Trabajadores moviles,Usuarios publicos,66.34,0,66.34,32.4158667,168,10.059999999999999,-3.8400106000000136,27.41542352000002
985,47.86,46.87,8.73,64.54,4.691573,121.13869992,168,01792-1-01,45 a 59,Hombres,Quintil bajo,Centro,Trabajadores moviles,Movilidad mixta,96.6,0,96.6,24.53869992,168,55.599999999999994,103.39998385999999,364.25144265999995
988,81.89,14.07,9.68,62.35999999999999,4.038974,136.96156484,168,01801-1-01,45 a 59,Hombres,Quintil bajo,Centro,Trabajadores moviles,Movilidad mixta,131.21,0,131.21,5.75156484,168,23.75,193.79001602,289.71564852
992,59.75,42.01,4.98,61.260000000000005,3.31877,130.78652775,168,01810-1-01,30 a 44,Hombres,Quintil bajo,Sur,Trabajadores moviles,Motorizados privados,94.99,0,94.99,35.79652775,168,46.989999999999995,67.50997975000001,223.45898204999997
995,60.04,47,9.5,51.46000000000001,3.19095,79.9691522945455,168,01821-1-03,18 a 29,Hombres,Quintil alto,Centro,Trabajadores moviles,Usuarios publicos,92.92999999999999,54.5454545454545,38.384545454545496,41.58460684,168,56.5,111.61548570545449,291.9041607054545
996,60.7,42.08,8.57,56.65,3.143825,64.34199088181819,168,01821-1-04,30 a 44,Hombres,Quintil alto,Centro,Trabajadores moviles,Usuarios publicos,105.32999999999998,61.8181818181818,43.511818181818185,20.830172700000002,168,50.65,126.48818661818183,285.72292286818185
997,58.62,43.84,11.52,54.019999999999996,3.773366,90.9783588236364,168,01821-1-05,30 a 44,Mujeres,Quintil alto,Centro,Trabajadores moviles,Usuarios publicos,108.42,63.6363636363636,44.783636363636404,46.194722459999994,168,55.36,130.2163560963636,339.10989785636366
1009,54.72,56.2,8.27,48.81,2.640892,7.21223834122501,168,01839-1-01,30 a 44,Hombres,Quintil medio,Norte,Trabajadores moviles,Movilidad mixta,81.07000000000001,118.367346938775,-37.29734693877499,44.50958528,168,64.47,137.297371898775,307.55567913877496
1010,59.9,45.11,4.45,58.53999999999999,1.426741,73.71181179999999,168,01842-1-02,30 a 44,Hombres,Quintil bajo,Centro,Trabajadores moviles,Usuarios publicos,13.25,0,13.25,60.4618118,168,49.56,11.749974100000003,82.45925806000002
1030,105.32,14.95,4.39,43.34,3.464574,208.31895504,168,01885-1-01,45 a 59,Hombres,Quintil bajo,Sur,Trabajadores moviles,Movilidad mixta,143.42999999999998,0,143.42999999999998,64.88895504,168,19.34,156.56997864,223.57483979999995
1037,61.9,37.53,7.2,61.36999999999999,2.52622,108.0830009,168,01896-1-05,18 a 29,Mujeres,Quintil medio,Sur,Trabajadores moviles,Movilidad mixta,64.21,0,64.21,43.8730009,168,44.730000000000004,48.2900171,161.2878377
1060,56.85,42.66,8.08,60.41000000000001,5.962837,146.60729395,168,01947-1-01,30 a 44,Hombres,Quintil alto,Norte,Trabajadores moviles,Movilidad mixta,107.62,0,107.62,38.98729395,168,50.739999999999995,192.3799895,494.93433888000004
1078,65.28,44.18,11.12,47.42,5.373613,245.3856191261539,168,01981-1-01,30 a 44,Mujeres,Quintil bajo,Sur,Trabajadores moviles,Motorizados privados,190.75,21.1538461538461,169.5961538461539,75.78946528,168,55.3,105.40383751384607,402.5646364138461
1083,57.46,44.44,6.64,59.459999999999994,2.836695,131.49649588,168,01994-1-01,60 o mas,Mujeres,Quintil bajo,Centro,Trabajadores moviles,Usuarios publicos,93.5,0,93.5,37.996495880000005,168,51.08,31.499998820000002,176.39837942000003
1123,58.9,24.68,12.66,71.75999999999999,2.836241,77.44458230000001,168,02082-1-01,60 o mas,Hombres,Quintil bajo,Centro,Trabajadores moviles,Usuarios publicos,60.39,0,60.39,17.0545823,168,37.34,89.61001259999998,195.51525153999998
1139,57.22,45.18,10.61,54.989999999999995,2.899245,119.6847799,168,02109-1-01,45 a 59,Mujeres,Quintil bajo,Centro,Trabajadores moviles,Movilidad activa,78.78999999999999,0,78.78999999999999,40.894779899999996,168,55.79,46.21001900000002,207.95889755000005
1163,66.61,41.56,8.27,51.56,13.463756,406.49078657999996,168,02147-1-01,45 a 59,Hombres,Quintil alto,Centro,Trabajadores moviles,Movilidad mixta,384.66999999999996,0,384.66999999999996,21.820786580000004,168,49.83,490.33000058000005,1161.22896206
1167,97.32,15.71,8.09,46.88000000000001,2.60752,146.64380156000001,168,02155-1-01,45 a 59,Hombres,Quintil bajo,Norte,Trabajadores moviles,Movilidad mixta,105.38000000000001,0,105.38000000000001,41.26380156,168,23.8,107.12004483999996,169.17902084
1178,68.02,21.13,11.53,67.32000000000001,2.99425,117.2489028,168,02173-1-01,45 a 59,Hombres,Quintil bajo,Norte,Trabajadores moviles,Movilidad mixta,51.08,0,51.08,66.1689028,168,32.66,86.41998219999999,184.21218720000002
1179,94.49,17.01,8.3,48.2,1.268233,57.18533473999999,168,02174-1-01,45 a 59,Hombres,Quintil bajo,Centro,Trabajadores moviles,Movilidad activa,52.349999999999994,40,12.349999999999994,44.83533473999999,168,25.310000000000002,62.65000143,94.74897865999999
1193,52.51,24.65,12.37,78.47,3.111046,78.3004927108861,168,02191-1-01,45 a 59,Mujeres,Quintil bajo,Centro,Trabajadores moviles,Usuarios publicos,66.67999999999999,64.2405063291139,2.439493670886094,75.86099904000001,168,37.019999999999996,85.06053274911388,200.23145566911393
1196,74.51,38.37,9.54,45.58,2.067023,120.8239089,168,02194-1-01,45 a 59,Hombres,Quintil bajo,Norte,Trabajadores moviles,Motorizados privados,91.81,0,91.81,29.0139089,168,47.91,33.18997483,132.22104675999998
1197,86.12,25.45,6.7,49.72999999999999,2.613336,194.44051760000002,168,02196-1-02,30 a 44,Mujeres,Quintil bajo,Centro,Trabajadores moviles,Usuarios publicos,69.38,0,69.38,125.06051760000001,168,32.15,30.619978719999978,114.63873111999999
1199,45.28,58.44,9.56,54.72,5.062915,89.86878408000001,168,02198-1-01,18 a 29,Mujeres,Quintil bajo,Centro,Trabajadores moviles,Usuarios publicos,131.22,105.6,25.620000000000005,64.24878408000001,168,68,139.38000712000002,483.65822712000005
1201,48.27,40.08,8.43,71.22,10.391933,256.85859938,168,02201-1-01,45 a 59,Hombres,Quintil alto,Centro,Trabajadores moviles,Motorizados privados,230.24,0,230.24,26.61859938,168,48.51,244.76000653000006,748.87267636
1211,85.12,31.36,5.74,45.779999999999994,2.026172,148.16774432,168,02216-1-02,30 a 44,Mujeres,Quintil bajo,Sur,Trabajadores moviles,Usuarios publicos,25.700000000000003,0,25.700000000000003,122.46774432,168,37.1,24.300016319999997,99.47099752
1223,72.04,29.83,5.8,60.33,4.610894,199.47882751999998,168,02238-1-02,45 a 59,Mujeres,Quintil medio,Centro,Trabajadores moviles,Motorizados privados,117.31,0,117.31,82.16882752,168,35.629999999999995,132.68997624000008,296.97612946000004
1224,69.2,26.72,5.69,66.39,2.093506,85.180606,168,02239-1-03,30 a 44,Mujeres,Quintil medio,Centro,Trabajadores moviles,Motorizados privados,55.31,0,55.31,29.870606,168,32.41,59.690009200000006,127.54053866000002
1249,60.32,40.63,9.48,57.57000000000001,4.780463,153.2975192,168,02274-1-01,45 a 59,Hombres,Quintil medio,Norte,Trabajadores moviles,Motorizados privados,114.94000000000001,0,114.94000000000001,38.3575192,168,50.11,135.06000896,374.6090098899999
1251,57.22,51.36,7.98,51.44,6.59833,201.99645598,168,02274-1-03,18 a 29,Mujeres,Quintil medio,Norte,Trabajadores moviles,Motorizados privados,149.44,0,149.44,52.556455979999996,168,59.34,175.55998661999996,567.10488882
1255,64.69,39.55,7.24,56.52,2.938597,114.23669442888892,168,02278-1-02,30 a 44,Mujeres,Quintil bajo,Centro,Trabajadores moviles,Movilidad mixta,75.25000000000001,11.1111111111111,64.13888888888891,50.09780554000001,168,46.79,75.86114550111107,213.35809913111103
1262,35.73,25.56,10.81,95.9,2.926724,60.46632267630331,168,02288-1-03,30 a 44,Mujeres,Quintil medio,Centro,Trabajadores moviles,Usuarios publicos,25.93,12.5355450236967,13.3944549763033,47.071867700000006,168,36.37,44.10552584369668,150.5504777236967
1276,66.56,29.31,6.87,65.25999999999999,4.02918,172.67222552,168,02308-1-01,18 a 29,Mujeres,Quintil bajo,Centro,Trabajadores moviles,Usuarios publicos,79.49,0,79.49,93.18222552000002,168,36.18,95.50999528000003,241.28572768000006
1278,48.38,43.79,12.68,63.15000000000001,2.930043,72.80546288,168,02310-1-02,45 a 59,Mujeres,Quintil bajo,Centro,Trabajadores moviles,Movilidad mixta,46.05,0,46.05,26.75546288,168,56.47,68.95001746,234.40954567
1288,80.78,28.05,4.59,54.58,2.904322,172.09501743384612,168,02331-1-02,30 a 44,Mujeres,Quintil bajo,Centro,Trabajadores moviles,Usuarios publicos,91.33,28.8461538461539,62.4838461538461,109.61117128000001,168,32.64,62.51611372615389,157.31318380615392
1291,85.65,13.29,9.68,59.38,0.879834,75.35782755,168,02340-1-01,45 a 59,Hombres,Quintil bajo,Norte,Trabajadores moviles,Movilidad mixta,0,0,0,75.35782755,168,22.97,-4.5449999987567935e-5,20.209741530000002
1304,50.44,49.55,3.08,64.93,2.759412,108.76470784,168,02359-1-02,18 a 29,Mujeres,Quintil bajo,Norte,Trabajadores moviles,Usuarios publicos,32.08,0,32.08,76.68470784,168,52.629999999999995,30.420033439999997,175.647887
1318,57.8,45.15,9.43,55.62000000000001,2.817629,59.858978,168,02383-1-03,30 a 44,Mujeres,Quintil alto,Centro,Trabajadores moviles,Motorizados privados,54.5,0,54.5,5.358978,168,54.58,102.99997819999999,256.78616902000005
1330,41.32,38.97,13.13,74.58000000000001,4.853995,146.59705892,168,02401-1-02,30 a 44,Mujeres,Quintil bajo,Centro,Trabajadores moviles,Usuarios publicos,71.03,0,71.03,75.56705892000001,168,52.1,53.97001448000003,306.86315398
1341,70.87,38.94,4.98,53.209999999999994,3.645392,240.27894214000003,168,02432-1-01,30 a 44,Hombres,Quintil bajo,Sur,Trabajadores moviles,Motorizados privados,144.43,0,144.43,95.84894214,168,43.92,18.0699889,178.17560554
1357,70.9,24.02,7.48,65.6,5.3539,188.28216665517238,168,02467-1-01,45 a 59,Hombres,Quintil alto,Norte,Trabajadores moviles,Movilidad mixta,150.07,41.3793103448276,108.69068965517239,79.591477,168,31.5,191.30934334482765,359.95719334482766
1368,70.33,33.31,11.93,52.43,4.182493,241.11475054,168,02486-1-01,30 a 44,Hombres,Quintil bajo,Centro,Trabajadores moviles,Motorizados privados,159.45999999999998,0,159.45999999999998,81.65475054,168,45.24,53.039982150000014,242.25596546999998
1369,48.02,29.46,5.32,85.19999999999999,4.862839,23.59917357681411,168,02488-1-01,60 o mas,Mujeres,Quintil alto,Norte,Trabajadores moviles,Usuarios publicos,128.36,113.2743362831859,15.08566371681411,8.513509860000001,168,34.78,209.91435520318592,379.04389562318596
1378,67.73,29.06,9.8,61.41,2.957027,192.89946209,168,02500-1-01,30 a 44,Hombres,Quintil bajo,Sur,Trabajadores moviles,Motorizados privados,128.86999999999998,11.25,117.61999999999998,75.27946209000001,168,38.86,7.379976620000036,122.29004584
1379,53.39,45.99,7.98,60.64,2.571199,99.72632984,168,02501-1-01,30 a 44,Hombres,Quintil bajo,Centro,Trabajadores moviles,Movilidad mixta,82.45,0,82.45,17.27632984,168,53.97,37.54998477000001,176.3175948
1393,25.7,16.47,6.28,119.55000000000001,4.144377,81.62049670000002,168,02524-1-01,18 a 29,Hombres,Quintil bajo,Sur,Trabajadores moviles,Usuarios publicos,91.61000000000001,31.5,60.110000000000014,21.5104967,168,22.75,24.889992199999995,119.17456894999995
1395,51.26,46.69,9.73,60.32000000000001,2.591469,72.93870244000001,168,02533-1-01,45 a 59,Hombres,Quintil bajo,Centro,Trabajadores moviles,Movilidad mixta,52.60000000000001,0,52.60000000000001,20.33870244,168,56.42,59.89999849999998,206.11067947999996
1426,84.92,20.19,10.25,52.64,2.095289,15.329211459310315,168,02584-1-04,30 a 44,Hombres,Quintil medio,Norte,Trabajadores moviles,Movilidad mixta,96.88000000000001,84.4827586206897,12.397241379310316,2.9319700799999997,168,30.44,162.60273042068968,226.3833275806897
1442,54.71,38,9.84,65.44999999999999,14.626842,419.70453232,168,02615-1-01,30 a 44,Mujeres,Quintil alto,Centro,Trabajadores moviles,Movilidad mixta,369.47,0,369.47,50.23453232,168,47.84,380.52999350000005,1080.2781147800001
1460,53.52,44.6,11.08,58.8,7.799893,153.79753842757327,168,02637-1-01,30 a 44,Hombres,Quintil medio,Centro,Trabajadores moviles,Motorizados privados,201.91,90.5627198124267,111.34728018757329,42.45025824,168,55.68,263.65273493242677,697.9507771724268
1471,55.19,34.54,12.25,66.02000000000001,2.912737,3.30045744913037,168,02654-1-01,60 o mas,Mujeres,Quintil bajo,Centro,Trabajadores moviles,Usuarios publicos,90.58999999999999,133.04347826086962,-42.45347826086963,45.75393571,168,46.79,157.45349758086962,293.7404618108696
1477,59.38,37.89,9.4,61.330000000000005,7.478583,233.50823748000002,168,02665-1-01,30 a 44,Mujeres,Quintil bajo,Norte,Trabajadores moviles,Motorizados privados,189.43,0,189.43,44.078237480000006,168.00000000000003,47.29,210.57002106000002,564.2322111299999
1480,75.05,26.87,8.46,57.62,2.547868,150.9074962,168,02670-1-01,30 a 44,Mujeres,Quintil bajo,Centro,Trabajadores moviles,Movilidad activa,59.69,0,59.69,91.2174962,168,35.33,40.30999719999997,130.32617363999995
1513,55.55,44.01,13.13,55.309999999999995,3.104766,100.6497338,168,02726-1-02,45 a 59,Hombres,Quintil bajo,Centro,Trabajadores moviles,Motorizados privados,53.18000000000001,0,53.18000000000001,47.46973380000001,168,57.14,71.8200175,249.22634674000003
1517,52.81,41.94,15.64,57.61,3.08761,73.44670378999999,168,02735-1-01,60 o mas,Hombres,Quintil bajo,Norte,Trabajadores moviles,Usuarios publicos,35.38999999999999,0,35.38999999999999,38.05670379,168,57.58,89.60998031000003,267.39456411000003
1525,69.48,28.49,11.26,58.77,5.057868,233.5712234352941,168,02752-1-01,30 a 44,Hombres,Quintil medio,Sur,Trabajadores moviles,Motorizados privados,205.67999999999998,48.5294117647059,157.1505882352941,76.42063519999999,168,39.75,117.84944520470594,318.8996982047058
1534,90.41,20.86,8.77,47.96000000000001,1.600404,38.7440832407393,168,02761-1-03,30 a 44,Hombres,Quintil medio,Norte,Trabajadores moviles,Motorizados privados,50.18,31.1284046692607,19.0515953307393,19.69248791,168,29.63,105.94844239926068,153.36841291926066
1535,67.3,31.21,10.59,58.900000000000006,19.04385,571.6711058999999,168,02762-1-01,30 a 44,Hombres,Quintil alto,Centro,Trabajadores moviles,Motorizados privados,490.02,0,490.02,81.6511059,168,41.8,709.9799991,1506.0129290999998
1540,57.3,45.05,7.9,57.75000000000001,6.808469,196.16527540000004,168,02774-1-01,60 o mas,Mujeres,Quintil bajo,Sur,Trabajadores moviles,Movilidad mixta,156.04000000000002,0,156.04000000000002,40.12527540000001,168,52.949999999999996,193.95999829999994,554.4684318499999
1593,62.67,35.37,6.13,63.830000000000005,9.621391,295.26259261,168,02889-1-01,30 a 44,Mujeres,Quintil alto,Centro,Trabajadores moviles,Motorizados privados,382.29,140,242.29000000000002,52.97259261,168,41.5,307.70998136,706.9977078599998
1617,49.86,53.3,7.73,57.11,4.404062,138.97652852,168,02918-1-02,45 a 59,Hombres,Quintil bajo,Sur,Trabajadores moviles,Movilidad mixta,108.39,0,108.39,30.586528519999995,168,61.03,80.61000279999999,349.38990666
1670,63.28,41.37,8.27,55.08,5.04043,176.55838032,168,03011-1-01,45 a 59,Hombres,Quintil bajo,Centro,Trabajadores moviles,Movilidad mixta,132.6,0,132.6,43.958380319999996,168,49.64,142.40003008,392.60697528000003
1676,77.25,29.57,12.39,48.79,4.721737,208.20415325000002,168,03028-1-01,30 a 44,Hombres,Quintil alto,Centro,Trabajadores moviles,Movilidad mixta,168.45000000000002,0,168.45000000000002,39.75415325,168,41.96,156.55002999999996,354.6741145200001
1686,62.62,41.3,8.6,55.48,19.272372,397.4343729784615,168,03051-1-01,45 a 59,Hombres,Quintil alto,Centro,Trabajadores moviles,Motorizados privados,429.06,88.4615384615385,340.5984615384615,56.835911440000004,167.99999999999997,49.9,809.4015616615385,1771.092924461539
1689,49.26,43.53,12.71,62.50000000000001,2.546042,21.00801547999999,168,03056-1-03,18 a 29,Hombres,Quintil medio,Centro,Trabajadores moviles,Usuarios publicos,68.08999999999999,60,8.08999999999999,12.91801548,168,56.24,104.41001344,247.59941552000004
1691,56.74,36.12,4.75,70.38999999999999,2.061186,116.9516865,168,03061-1-01,30 a 44,Hombres,Quintil bajo,Centro,Trabajadores moviles,Motorizados privados,0,0,0,116.9516865,168,40.87,7.14000002233206e-6,84.24067896000005
1695,62.45,40.43,5.7,59.42,2.650411,148.4181954,168,03065-2-01,18 a 29,Hombres,Quintil bajo,Centro,Trabajadores moviles,Usuarios publicos,95.4,0,95.4,53.0181954,168,46.13,17.09997155000002,139.36343097999998
1696,67.8,29.65,11.09,59.46000000000001,3.028094,148.8847804,168,03067-1-02,30 a 44,Mujeres,Quintil bajo,Centro,Trabajadores moviles,Usuarios publicos,78.58,0,78.58,70.3047804,168,40.739999999999995,56.41999279999996,179.78454235999993
1713,76.98,36.68,5.82,48.519999999999996,4.402659,209.8266681,168,03104-1-01,45 a 59,Mujeres,Quintil bajo,Centro,Trabajadores moviles,Usuarios publicos,133.41,0,133.41,76.4166681,168,42.5,129.09002171999998,316.20302921999996
1731,65,40.49,6.68,55.83,5.011276,190.47289999999998,168,03135-1-02,30 a 44,Mujeres,Quintil alto,Centro,Trabajadores moviles,Movilidad mixta,114.73999999999998,0,114.73999999999998,75.7329,168,47.17,135.26004,371.64192891999994
1749,62.74,36.45,6.41,62.39999999999999,10.812995,329.27729892,168,03163-1-01,45 a 59,Hombres,Quintil alto,Norte,Trabajadores moviles,Motorizados privados,275.87,0,275.87,53.407298919999995,168,42.86,349.13000738000005,812.5749730800001
1752,80.31,26.39,8.63,52.669999999999995,6.73198,348.95529817,168,03171-1-01,30 a 44,Hombres,Quintil alto,Centro,Trabajadores moviles,Usuarios publicos,258.31,0,258.31,90.64529817,168,35.02,191.69001563000006,427.44395523000014
1753,76.76,21.02,13.28,56.94,5.801692,296.23786671999994,168,03171-1-02,30 a 44,Mujeres,Quintil alto,Centro,Trabajadores moviles,Usuarios publicos,200.89999999999998,0,200.89999999999998,95.33786672,168,34.3,149.1000112000001,348.09804680000013
1756,74.35,31.21,6.48,55.96000000000001,7.366988,296.87557634999996,168,03181-1-01,30 a 44,Hombres,Quintil alto,Norte,Trabajadores moviles,Usuarios publicos,249.14,0,249.14,47.73557635,168,37.69,250.85998144999996,528.52175917
1765,89.79,23.96,6.88,47.36999999999999,4.853445,284.08082838,168,03201-1-01,30 a 44,Mujeres,Quintil medio,Centro,Trabajadores moviles,Motorizados privados,148.29000000000002,0,148.29000000000002,135.79082838,168,30.84,151.70999817,301.39024197
1778,74.1,20.87,19.29,53.74,2.108238,67.12042050000001,168,03224-1-01,30 a 44,Hombres,Quintil bajo,Norte,Trabajadores moviles,Usuarios publicos,60.900000000000006,0,60.900000000000006,6.2204205,168,40.16,89.10001529999998,173.76685338
1780,63.49,41.48,5.51,57.519999999999996,5.441784,148.2771487798925,168,03225-1-03,18 a 29,Mujeres,Quintil medio,Centro,Trabajadores moviles,Usuarios publicos,154.66000000000003,76.8817204301075,77.77827956989252,70.49886921000001,168,46.989999999999995,197.22171738010752,452.93114754010753
1783,97.89,11.5,9.91,48.7,5.104188,296.58893062,168,03231-1-01,45 a 59,Hombres,Quintil medio,Centro,Trabajadores moviles,Motorizados privados,171.94,0,171.94,124.64893062,168,21.41,203.06003269999997,312.34069777999997
1786,67.14,30.7,13.09,57.06999999999999,2.756206,120.22168384,168,03234-1-01,45 a 59,Mujeres,Quintil bajo,Centro,Trabajadores moviles,Usuarios publicos,53.92,0,53.92,66.30168384,168,43.79,64.82998700000002,185.52424774000005
1801,51.48,33.78,8.45,74.29,3.550381,124.14361312,168,03271-1-01,18 a 29,Mujeres,Quintil bajo,Centro,Trabajadores moviles,Usuarios publicos,103.87,0,103.87,20.27361312,168,42.230000000000004,58.63000075999997,208.56259038999997
1816,62.88,37.2,12.45,55.47,6.552705,169.19140933877594,168,03306-1-01,60 o mas,Hombres,Quintil alto,Sur,Trabajadores moviles,Motorizados privados,308.78999999999996,201.632653061224,107.15734693877596,62.034062399999996,168,49.650000000000006,242.84268106122403,568.184484311224
1825,64.54,32.76,11.7,58.999999999999986,4.387426,193.97450306,168,03329-1-01,30 a 44,Mujeres,Quintil bajo,Centro,Trabajadores moviles,Movilidad mixta,135.81,0,135.81,58.164503059999994,168,44.459999999999994,89.18997098000003,284.25493094
1828,74.58,26.84,5.57,61.01,2.739329,108.41690301548388,168,03336-1-03,45 a 59,Hombres,Quintil alto,Centro,Trabajadores moviles,Movilidad activa,73.14999999999999,49.0322580645161,24.117741935483892,84.29916107999999,168,32.41,95.88225380451613,184.66390669451616
1844,51.11,28.63,10.86,77.4,3.018037,149.49190353,168,03368-1-02,45 a 59,Mujeres,Quintil bajo,Norte,Trabajadores moviles,Usuarios publicos,5.24,0,5.24,144.25190353,168,39.489999999999995,4.759967539999991,123.94224866999997
1859,52.84,51.3,9.21,54.65,22.220589,484.64592608,168,03400-1-01,30 a 44,Hombres,Quintil alto,Centro,Trabajadores moviles,Movilidad mixta,460.51,0,460.51,24.135926079999997,168,60.51,689.4899966800001,2034.0578370699998
1876,46.74,62.82,7.9,50.53999999999999,2.816626,32.7597999628743,168,03433-2-02,60 o mas,Hombres,Quintil alto,Norte,Trabajadores moviles,Motorizados privados,58.97,45.3592814371257,13.610718562874297,19.1490814,168,70.72,98.8892992771257,298.08108999712573
1880,66.27,33.88,6.42,61.42999999999999,3.48537,148.62549811,168,03441-1-02,18 a 29,Hombres,Quintil medio,Centro,Trabajadores moviles,Usuarios publicos,92.65,0,92.65,55.97549811,168,40.300000000000004,82.34997178999998,222.81038279000003
1882,78.01,41.17,4.97,43.849999999999994,5.566246,284.63284884999996,168,03447-1-01,30 a 44,Hombres,Quintil medio,Sur,Trabajadores moviles,Movilidad mixta,200.41,0,200.41,84.22284884999999,168,46.14,149.59000161000006,406.4165920500001
1896,69.59,39.9,5.4,53.11,8.432846,321.0810102499741,168,03463-1-02,45 a 59,Hombres,Quintil alto,Centro,Trabajadores moviles,Movilidad mixta,250.41,16.1707632600259,234.2392367399741,86.84177351,168,45.3,265.76074289002594,647.7686666900258
1899,50.35,48.91,8.83,59.91000000000001,2.803291,106.13567939999999,168,03465-1-01,30 a 44,Hombres,Quintil bajo,Centro,Trabajadores moviles,Movilidad activa,89.99,0,89.99,16.1456794,168,57.739999999999995,35.01002245000004,196.87204479
1904,67.13,33.18,6.21,61.48,2.831356,122.65894606999998,168,03475-1-02,60 o mas,Hombres,Quintil medio,Sur,Trabajadores moviles,Movilidad mixta,62.589999999999996,0,62.589999999999996,60.068946069999996,168,39.39,67.40998221000001,178.93709505000007
1912,69.14,30.3,6.29,62.27,2.651213,145.02486252,168,03491-1-01,45 a 59,Mujeres,Quintil bajo,Sur,Trabajadores moviles,Usuarios publicos,69.22,0,69.22,75.80486252,168,36.59,38.2800043,135.28788796999993
1919,50.31,44.12,13.71,59.85999999999999,2.376911,62.212399940000005,168,03507-1-01,45 a 59,Hombres,Quintil bajo,Sur,Trabajadores moviles,Movilidad mixta,55.13,0,55.13,7.082399940000001,168,57.83,57.36999247000001,194.82675560000007
1923,117.97,10.59,3.64,35.8,2.569766,211.17527225999999,168,03512-1-01,45 a 59,Mujeres,Quintil bajo,Norte,Trabajadores moviles,Movilidad mixta,108.02,0,108.02,103.15527226,168,14.23,91.98002276,128.54779293999997
1927,57.42,33.61,13.27,63.7,5.896239,204.56203828,168,03515-1-01,30 a 44,Hombres,Quintil bajo,Centro,Trabajadores moviles,Usuarios publicos,166,0,166,38.562038279999996,168,46.879999999999995,134.00000509999998,410.4156894199999
1929,45.47,47.41,8.63,66.49000000000001,2.955969,65.1710437558678,168,03518-1-02,45 a 59,Mujeres,Quintil alto,Centro,Trabajadores moviles,Usuarios publicos,70.04,86.7768595041322,-16.736859504132198,81.90790326,168,56.04,69.23686667413219,234.88936943413216
1944,69.6,21.76,5.05,71.59,3.3102,178.949888,168,03544-1-01,30 a 44,Mujeres,Quintil bajo,Centro,Trabajadores moviles,Usuarios publicos,98.56,0,98.56,80.389888,168,26.810000000000002,51.440032,140.18649399999998
1946,53.95,55.7,7.91,50.44,5.447932,156.4759078,168,03553-1-01,30 a 44,Mujeres,Quintil bajo,Centro,Trabajadores moviles,Usuarios publicos,129.56,0,129.56,26.915907799999996,168,63.61,137.4400236,483.98297812
1960,65.08,40.76,12.36,49.800000000000004,6.888478,139.15215988000003,168,03580-1-01,18 a 29,Mujeres,Quintil alto,Centro,Trabajadores moviles,Usuarios publicos,358.35,267.5,90.85000000000002,48.30215988,168,53.12,309.14998835999995,675.06593972
1976,62.45,35.11,11.6,58.839999999999996,5.677004,126.7846085357143,168,03605-1-02,30 a 44,Hombres,Quintil alto,Centro,Trabajadores moviles,Motorizados privados,157.97,85.7142857142857,72.2557142857143,54.52889424999999,168,46.71,227.74429126428572,492.9171481042857
1977,57.1,42.59,9.68,58.63,14.092701,345.2532043,168,03607-1-01,45 a 59,Hombres,Quintil alto,Norte,Trabajadores moviles,Motorizados privados,290.56,0,290.56,54.693204300000005,168,52.27,459.44002280000007,1196.0655040699999
1981,56.21,30.78,11.29,69.72,4.288946,149.89165127,168,03612-1-02,30 a 44,Hombres,Quintil medio,Centro,Trabajadores moviles,Movilidad mixta,116.31,0,116.31,33.58165127,168,42.07,91.19000338999999,271.62596161
1993,59.37,43.46,12.61,52.55999999999999,4.929719,196.91739115000001,168,03629-1-01,18 a 29,Hombres,Quintil bajo,Centro,Trabajadores moviles,Motorizados privados,154.24,0,154.24,42.67739115,168,56.07,95.76002588,372.16937021000007
1997,48.84,23.6,14.37,81.19,3.315462,75.10296771368421,168,03642-1-02,60 o mas,Hombres,Quintil medio,Sur,Trabajadores moviles,Usuarios publicos,86.86,23.6842105263158,63.175789473684205,11.927178240000002,168,37.97,86.8241963663158,212.71228850631582
2006,64.73,31.08,9.62,62.57,5.421645,276.76305799,168,03659-1-01,30 a 44,Hombres,Quintil bajo,Sur,Trabajadores moviles,Motorizados privados,213.32000000000002,0,213.32000000000002,63.44305799,168,40.699999999999996,74.18002286000001,294.84097436
2033,66.36,36.85,8.81,55.97999999999999,5.389601,55.619738273683964,168,03711-1-02,45 a 59,Hombres,Quintil alto,Sur,Trabajadores moviles,Motorizados privados,346.65,348.684210526316,-2.0342105263160306,57.653948799999995,168,45.660000000000004,302.03418408631603,548.123365746316
2035,74.15,45.89,5.66,42.3,2.746281,142.4467633,168,03717-1-02,30 a 44,Mujeres,Quintil bajo,Centro,Trabajadores moviles,Usuarios publicos,63.809999999999995,0,63.809999999999995,78.6367633,168,51.55,61.18997285000003,202.76075840000004
2057,60.05,65.53,5.28,37.14,1.876042,18.987222440909104,168,03764-1-01,45 a 59,Hombres,Quintil bajo,Centro,Trabajadores moviles,Movilidad mixta,59.74,40.9090909090909,18.830909090909103,0.15631335000000002,168,70.81,93.66909965909089,226.51163367909092
2080,71.47,18.84,11.89,65.8,2.807382,92.19246243885888,168,03801-1-02,45 a 59,Mujeres,Quintil bajo,Centro,Trabajadores moviles,Usuarios publicos,77.69,71.1411411411411,6.5488588588588925,85.64360357999999,168,30.73,108.4511291011411,194.7219779611411
2081,64.77,35.19,7.16,60.88000000000001,6.961243,251.38969966999997,168,03803-1-01,45 a 59,Mujeres,Quintil medio,Centro,Trabajadores moviles,Usuarios publicos,175.51,0,175.51,75.87969967,168,42.349999999999994,199.49000944,494.29865048999994
2086,81.7,34.19,5.46,46.65,2.293276,83.68062719999999,168,03812-1-01,30 a 44,Hombres,Quintil medio,Centro,Trabajadores moviles,Motorizados privados,76.32,30,46.31999999999999,37.360627199999996,168,39.65,103.68002200000002,194.6084154
2087,52.93,32.33,11.61,71.13,2.574169,77.01076236,168,03813-1-03,18 a 29,Hombres,Quintil alto,Centro,Trabajadores moviles,Movilidad mixta,53.26,0,53.26,23.75076236,168,43.94,59.24000280999999,172.34898867
2106,18.8,49.62,8.73,90.84999999999998,2.967457,55.788191600000005,168,03845-1-02,30 a 44,Mujeres,Quintil bajo,Centro,Trabajadores moviles,Usuarios publicos,0,0,0,55.788191600000005,168,58.349999999999994,0,173.15111595000005
2146,79.43,33.31,8.16,47.099999999999994,1.68069,94.91724126,168,03907-1-01,45 a 59,Hombres,Quintil bajo,Centro,Trabajadores moviles,Movilidad mixta,71.42,0,71.42,23.49724126,168,41.47,38.579965440000024,108.27817974000001
2152,83.06,34.03,6.61,44.3,7.71356,314.4039275560976,168,03917-1-02,30 a 44,Mujeres,Quintil alto,Centro,Trabajadores moviles,Motorizados privados,262.74,64.0243902439024,198.7156097560976,115.68831780000001,168,40.64,326.2843660439025,639.7634444439025
2160,58.13,22.69,7.35,79.83000000000001,2.423653,91.08230965538459,168,03931-1-01,45 a 59,Mujeres,Quintil bajo,Centro,Trabajadores moviles,Usuarios publicos,65.58,15.3846153846154,50.1953846153846,40.88692504,168,30.04,49.804639234615394,122.61117535461537
2173,62.58,41.81,11.9,51.71,3.903493,157.25058824,168,03949-1-02,30 a 44,Hombres,Quintil medio,Norte,Trabajadores moviles,Movilidad mixta,87.97,0,87.97,69.28058824,168,53.71,87.03000369999998,296.68661273
2175,69.59,35.68,10.92,51.809999999999995,5.628705,272.64159253,168,03953-1-01,30 a 44,Hombres,Quintil medio,Sur,Trabajadores moviles,Motorizados privados,205.94,0,205.94,66.70159253,168,46.6,119.05998842000002,381.35764141999994
2190,72.53,27.13,5.23,63.11,4.46932,228.52975830999998,168,03973-1-01,30 a 44,Hombres,Quintil bajo,Centro,Trabajadores moviles,Movilidad mixta,154.37,0,154.37,74.15975830999999,168,32.36,95.63002129,240.25721649000002
2212,74.01,18.22,7.28,68.49,4.260113,180.05094916000002,168,04013-1-01,45 a 59,Hombres,Quintil bajo,Sur,Trabajadores moviles,Movilidad mixta,114.75999999999999,0,114.75999999999999,65.29094916000001,168,25.5,135.24001396999995,243.87289546999995
2232,59.1,38.37,7.81,62.72,5.557919,166.635949862963,168,04055-1-01,18 a 29,Hombres,Quintil bajo,Norte,Trabajadores moviles,Movilidad mixta,125.20000000000002,37.037037037037,88.16296296296301,78.4729869,168,46.18,161.837063037037,418.501762457037
2234,65.12,39.91,15.01,47.96,3.501441,118.5193101454826,168,04058-1-04,45 a 59,Hombres,Quintil alto,Centro,Trabajadores moviles,Motorizados privados,57.879999999999995,17.3745173745174,40.5054826254826,78.01382752,168,54.919999999999995,109.49452777451741,301.7936674945173
2236,62.19,24.84,9.82,71.15,3.474617,157.46645771,168,04060-1-01,30 a 44,Mujeres,Quintil bajo,Sur,Trabajadores moviles,Motorizados privados,91.38,0,91.38,66.08645771,168,34.66,58.61997352,179.05019873999998
2253,62.02,43.95,3.02,59.009999999999984,2.959038,79.30353135573161,168,04099-1-05,18 a 29,Mujeres,Quintil alto,Centro,Trabajadores moviles,Movilidad mixta,89.88000000000001,79.0959925442684,10.784007455731611,68.5195239,167.99999999999997,46.970000000000006,104.21600540426842,243.2020202642684
2255,74.3,40.67,6.41,46.620000000000005,5.023708,245.2414868,168,04101-1-01,30 a 44,Hombres,Quintil bajo,Centro,Trabajadores moviles,Movilidad mixta,171.98,0,171.98,73.2614868,168,47.08,128.0200176,364.53619024
2262,82.11,21.06,9.96,54.87,7.136286,358.19044222,168,04114-1-02,30 a 44,Hombres,Quintil medio,Centro,Trabajadores moviles,Usuarios publicos,272.23,0,272.23,85.96044222,168,31.02,227.77000123999994,449.13759296
2268,65.72,33.61,11.09,57.58,5.791607,213.85440683999997,168,04126-1-01,30 a 44,Hombres,Quintil medio,Centro,Trabajadores moviles,Motorizados privados,133.23,0,133.23,80.62440683999999,168,44.7,166.77000520000001,425.65483810000006
2278,46.79,47.55,10.61,63.05000000000001,2.396386,67.43189139,168,04142-1-03,60 o mas,Mujeres,Quintil medio,Sur,Trabajadores moviles,Movilidad activa,33.43,15.625,17.805,49.62689139,168,58.16,44.695009549999995,184.06881930999998
2282,110.7,11.11,7.42,38.769999999999996,2.333956,184.2388939,168,04151-1-01,45 a 59,Mujeres,Quintil medio,Centro,Trabajadores moviles,Movilidad mixta,50.870000000000005,0,50.870000000000005,133.3688939,168,18.53,74.13003530000003,117.37823998000005
2292,78.84,19.28,5.83,64.05,2.348906,123.57771468,168,04165-1-01,30 a 44,Hombres,Quintil bajo,Centro,Trabajadores moviles,Usuarios publicos,63.39,0,63.39,60.18771468,168,25.11,61.61003436,120.59106401999999
2297,56.62,44.29,9.4,57.690000000000005,3.768108,91.3348048545455,168,04176-1-03,18 a 29,Mujeres,Quintil medio,Sur,Trabajadores moviles,Usuarios publicos,120.03,54.5454545454545,65.4845454545455,25.8502594,168,53.69,122.01547010545448,324.3251886254545
2299,68.24,14.17,13.96,71.63,13.859121,443.95641784,168,04178-1-01,45 a 59,Hombres,Quintil alto,Centro,Trabajadores moviles,Motorizados privados,373.21,0,373.21,70.74641784,168,28.130000000000003,501.7899992,891.64707293
2305,60.91,35.04,8.39,63.66000000000001,3.050559,82.7372133576923,168,04189-1-01,45 a 59,Mujeres,Quintil bajo,Sur,Trabajadores moviles,Usuarios publicos,79.62,57.6923076923077,21.927692307692304,60.809521049999994,168,43.43,103.07233533230769,235.55811270230762
2311,54,47.35,9.23,57.42,2.820928,87.170129,168,04193-1-02,18 a 29,Hombres,Quintil medio,Centro,Trabajadores moviles,Usuarios publicos,59.839999999999996,0,59.839999999999996,27.330129000000003,168,56.58,65.15998299999998,224.76808923999997
2312,54.9,44,9.71,59.38999999999999,4.189537,125.7356031,168,04193-1-08,30 a 44,Hombres,Quintil medio,Centro,Trabajadores moviles,Usuarios publicos,95.73,0,95.73,30.005603100000002,168,53.71,104.26997819999995,329.29001047
2331,77.18,23.54,13.24,54.04,2.15325,50.250730102857204,168,04209-1-03,30 a 44,Hombres,Quintil medio,Norte,Trabajadores moviles,Movilidad mixta,76.92,42.8571428571428,34.062857142857204,16.18787296,168,36.78,115.9371048971428,195.1336398971428
2350,57.07,58.32,3.65,48.96000000000001,2.473619,25.73941742000001,168,04238-1-02,30 a 44,Mujeres,Quintil bajo,Centro,Trabajadores moviles,Movilidad mixta,87.07000000000001,90,-2.9299999999999926,28.669417420000002,168,61.97,115.43001890999999,268.72018833999994
2353,49.14,55.58,5.16,58.120000000000005,5.205313,141.25906798,168,04243-1-01,45 a 59,Hombres,Quintil bajo,Norte,Trabajadores moviles,Movilidad activa,110.47,0,110.47,30.789067980000002,168,60.739999999999995,114.53001284000001,430.70072446
2356,63.15,39.2,12.63,53.01999999999999,6.637383,228.21071679999997,168,04247-1-01,30 a 44,Hombres,Quintil medio,Norte,Trabajadores moviles,Movilidad mixta,159.05999999999997,0,159.05999999999997,69.1507168,167.99999999999997,51.830000000000005,190.94001964999998,534.9555805400001
2366,58.66,43.57,4.56,61.21000000000001,2.898682,116.06669718,168,04266-1-01,30 a 44,Mujeres,Quintil bajo,Centro,Trabajadores moviles,Usuarios publicos,121.03,37.5,83.53,32.536697180000004,168,48.13,53.96998893999998,193.4835536
2373,65.58,45.07,7.16,50.19,2.757635,137.41570037999998,168,04284-1-02,30 a 44,Hombres,Quintil bajo,Sur,Trabajadores moviles,Movilidad mixta,81.57,0,81.57,55.84570038,168,52.230000000000004,43.43000292000002,187.46127897000002
2374,62.52,27,7.22,71.25999999999999,12.435339,365.91740400000003,168,04288-1-01,60 o mas,Hombres,Quintil alto,Centro,Trabajadores moviles,Motorizados privados,338.46000000000004,0,338.46000000000004,27.457404,168,34.22,411.5399902800001,837.0772908600002
2393,93.57,10.28,7.29,56.86000000000001,3.08634,210.38886003000002,168,04327-1-02,45 a 59,Mujeres,Quintil bajo,Centro,Trabajadores moviles,Usuarios publicos,107.85000000000001,0,107.85000000000001,102.53886003000001,168,17.57,78.39997376999995,132.62696756999995
2395,79.86,31.35,7.6,49.19,1.736512,33.8866353576378,168,04329-1-02,45 a 59,Hombres,Quintil bajo,Centro,Trabajadores moviles,Movilidad mixta,73.25999999999999,65.5511811023622,7.708818897637798,26.177816460000003,168,38.95,104.79121296236221,172.4283553623622
2404,57.74,52.35,6.48,51.42999999999999,4.203417,148.66528262,168,04341-1-01,30 a 44,Hombres,Quintil bajo,Centro,Trabajadores moviles,Movilidad mixta,105.96,0,105.96,42.70528262,168,58.83,94.04001496000001,341.3270370700001
2405,68.09,34.15,5.9,59.85999999999999,4.221915,193.43020943,168,04341-1-02,30 a 44,Mujeres,Quintil bajo,Centro,Trabajadores moviles,Usuarios publicos,105.96,0,105.96,87.47020943,168,40.05,94.03998292000006,263.1276786700001
2417,70.62,31.92,8.63,56.82999999999999,2.873013,84.59220418,168,04361-1-01,60 o mas,Mujeres,Quintil bajo,Centro,Trabajadores moviles,Usuarios publicos,89.19999999999999,82.5,6.699999999999989,77.89220418000001,168,40.550000000000004,118.29997388,234.80065103000004
2419,64.02,33.77,11.43,58.78000000000001,7.343536,272.03320573999997,168,04363-1-01,30 a 44,Hombres,Quintil bajo,Norte,Trabajadores moviles,Movilidad mixta,214.4,0,214.4,57.633205739999994,168,45.2,198.09996898000003,530.02779618
2427,98.11,9.61,8.77,51.510000000000005,2.675578,128.92098316,168,04372-1-01,60 o mas,Hombres,Quintil bajo,Centro,Trabajadores moviles,Movilidad mixta,113.91999999999999,50,63.91999999999999,65.00098315999999,168,18.38,133.57997441999999,182.75709805999998
2443,77.71,27.32,9.46,53.510000000000005,7.265573,383.38770709,168,04391-1-01,45 a 59,Mujeres,Quintil medio,Sur,Trabajadores moviles,Motorizados privados,293.78,0,293.78,89.60770709,168,36.78,181.21997073999995,448.44774567999997
2448,35.82,52.59,12.06,67.53,2.544522,41.0104165388235,168,04400-1-02,18 a 29,Mujeres,Quintil medio,Sur,Trabajadores moviles,Usuarios publicos,44.63,15.5143529411765,29.1156470588235,11.894769479999999,168,64.65,50.13436150117651,214.6377088011765
2459,91.04,17.86,5.89,53.209999999999994,1.883161,76.9129952,168,04423-1-01,60 o mas,Hombres,Quintil bajo,Norte,Trabajadores moviles,Movilidad mixta,55.47,0,55.47,21.4429952,168,23.75,94.52998224000002,139.25505599000002
2466,60.28,40.96,8.4,58.35999999999999,1.911491,74.4955532023881,168,04442-1-01,60 o mas,Hombres,Quintil medio,Norte,Trabajadores moviles,Movilidad mixta,23.449999999999996,14.1791044776119,9.270895522388095,65.224657680000007,168,49.36,40.729124277611916,135.08032003761193
2469,77.36,34.81,7.29,48.54,2.999969,152.08259232,168,04444-1-02,45 a 59,Mujeres,Quintil alto,Centro,Trabajadores moviles,Motorizados privados,91.88,21.875,70.005,82.07759232000001,168,42.1,79.99500952,206.29370442000004
2475,55.66,15.66,10.25,86.43,2.356021,65.0018699057143,168,04451-1-03,18 a 29,Mujeres,Quintil bajo,Norte,Trabajadores moviles,Motorizados privados,57.080000000000005,10.7142857142857,46.365714285714304,18.63615562,168,25.91,66.13425895428571,127.1787630642857
2486,85.72,20.85,11.63,49.8,2.698126,219.45337560000002,168,04478-1-01,30 a 44,Mujeres,Quintil bajo,Centro,Trabajadores moviles,Movilidad mixta,120.67,0,120.67,98.7833756,168,32.480000000000004,11.829985119999975,99.46511759999999
2490,59.58,24.19,5.71,78.52000000000001,1.440288,76.28234720000002,168,04488-1-01,30 a 44,Hombres,Quintil alto,Sur,Trabajadores moviles,Motorizados privados,15.47,0,15.47,60.81234720000001,168,29.900000000000002,9.530011839999986,52.59462303999997
2497,56.01,33.25,16.37,62.370000000000005,3.359661,108.5140581194595,168,04501-1-01,60 o mas,Hombres,Quintil medio,Centro,Trabajadores moviles,Usuarios publicos,80.88000000000001,10.5405405405405,70.3394594594595,38.17459866,168,49.620000000000005,79.66055449054049,246.3669333105405
2499,64,34.27,11.34,58.389999999999986,4.105277,156.5036799459459,168,04501-1-03,30 a 44,Mujeres,Quintil medio,Centro,Trabajadores moviles,Usuarios publicos,107.82,14.0540540540541,93.76594594594589,62.737733999999996,168,45.61,106.23404805405411,293.4757320240542
2500,54.83,26.83,11.77,74.57000000000001,2.216207,61.759245464594585,168,04501-1-04,30 a 44,Hombres,Quintil medio,Centro,Trabajadores moviles,Usuarios publicos,60.65,7.90540540540541,52.74459459459459,9.01465087,168,38.599999999999994,59.7553843454054,145.30097454540538
2507,55.93,43.68,16.82,51.569999999999986,5.105619,160.49724647,168,04515-1-01,30 a 44,Hombres,Quintil medio,Norte,Trabajadores moviles,Movilidad mixta,124.94,0,124.94,35.557246469999995,168,60.5,125.06002419999999,433.94997370000004
2512,94.85,1.9,10.2,61.05,1.710413,91.40269175,168,04526-2-01,45 a 59,Mujeres,Quintil bajo,Norte,Trabajadores moviles,Movilidad mixta,59.169999999999995,0,59.169999999999995,32.23269175,168,12.1,70.82998129999999,91.5259786
2561,92.25,8.66,6.85,60.24,2.169738,117.38833375,168,04619-1-01,45 a 59,Hombres,Quintil bajo,Norte,Trabajadores moviles,Movilidad mixta,92.23,0,92.23,25.158333749999997,168,15.51,82.76999675,116.42263313
2589,87.16,14.46,10.45,55.92999999999999,4.42283,167.29386072,168,04657-1-01,30 a 44,Hombres,Quintil bajo,Norte,Trabajadores moviles,Movilidad mixta,156.8,0,156.8,10.49386072,168,24.91,218.20000208,328.3726973800001
2608,58.38,22.98,9.65,76.99,2.262634,93.54258297999999,168,04698-1-02,60 o mas,Hombres,Quintil bajo,Sur,Trabajadores moviles,Motorizados privados,63.44999999999999,2,61.44999999999999,32.09258298,168,32.63,38.54998993999999,112.37973736000001
2611,63.58,42.86,8.79,52.77,3.093013,178.38374857999997,168,04704-1-01,45 a 59,Mujeres,Quintil bajo,Centro,Trabajadores moviles,Movilidad mixta,129.23,22.5,106.72999999999999,71.65374858,168,51.65,18.27001796000002,178.02413940999998
2621,68.66,36.16,4.93,58.25000000000001,2.712793,149.71035021999998,168,04721-1-02,30 a 44,Hombres,Quintil bajo,Centro,Trabajadores moviles,Motorizados privados,88.44999999999999,0,88.44999999999999,61.26035022,168,41.089999999999996,36.55001716000001,148.01868153
2646,56.02,40.94,11.71,59.32999999999999,4.022786,141.73644904000002,168,04765-1-01,60 o mas,Hombres,Quintil alto,Sur,Trabajadores moviles,Motorizados privados,116.38000000000001,0,116.38000000000001,25.35644904,168,52.65,83.62002267999998,295.41970558
2647,57.27,39.28,9.73,61.719999999999985,4.374501,166.90768523000003,168,04765-1-03,18 a 29,Mujeres,Quintil alto,Sur,Trabajadores moviles,Motorizados privados,116.38000000000001,0,116.38000000000001,50.52768523,168,49.010000000000005,83.61998704000001,298.0142810500001
2648,53.07,43.89,7.42,63.620000000000005,3.354971,110.10833631000001,168,04765-1-05,18 a 29,Hombres,Quintil alto,Sur,Trabajadores moviles,Motorizados privados,94.56000000000002,0,94.56000000000002,15.548336309999998,168,51.31,67.93997465999998,240.08353666999994
2649,65.56,27.96,6.5,67.97999999999999,1.58566,68.42088340000001,168,04766-1-04,45 a 59,Mujeres,Quintil bajo,Centro,Trabajadores moviles,Usuarios publicos,53.84,34.375,19.465000000000003,48.9558834,168,34.46,35.534986200000006,90.17682980000001
2686,78.87,21.83,11.17,56.129999999999995,6.859306,113.79390324523705,168,04839-1-01,30 a 44,Mujeres,Quintil alto,Norte,Trabajadores moviles,Motorizados privados,267.24,269.439579684763,-2.1995796847629663,115.99348293000001,168,33,427.199560974763,653.556658974763
2688,69.28,35.57,11.12,52.03,4.638192,210.93396016,168,04847-1-02,30 a 44,Mujeres,Quintil medio,Centro,Trabajadores moviles,Motorizados privados,139.6,0,139.6,71.33396016,168,46.69,110.39998160000002,326.95716608
2694,73.5,31.75,16.44,46.31,2.78511,40.338893333333296,168,04860-1-01,45 a 59,Hombres,Quintil bajo,Norte,Trabajadores moviles,Motorizados privados,102.3,66.6666666666667,35.6333333333333,4.70556,168,48.19,164.3666916666667,298.5811425666667
2700,54.67,48.03,7.41,57.89,2.321824,45.620358496233806,168,04865-2-02,30 a 44,Hombres,Quintil bajo,Centro,Trabajadores moviles,Movilidad mixta,78.67,47.4837662337662,31.186233766233805,14.43412473,168,55.44,81.3137595837662,210.03568214376617
2705,76.25,30.8,8.27,52.68000000000001,3.257243,198.56481250000002,168,04877-1-01,30 a 44,Mujeres,Quintil bajo,Sur,Trabajadores moviles,Usuarios publicos,105.2,0,105.2,93.3648125,168,39.07,49.79996624999998,177.06045025999993
2709,72.75,32.93,11.91,50.41,3.798297,175.67610424999998,168,04881-1-01,30 a 44,Hombres,Quintil medio,Centro,Trabajadores moviles,Movilidad activa,99.35,0,99.35,76.32610425,168,44.84,100.65000250000003,270.96563998
2721,59.1,31.01,9.96,67.93,3.443495,134.55057010000002,168,04908-1-01,30 a 44,Hombres,Quintil bajo,Centro,Trabajadores moviles,Movilidad mixta,88.54,0,88.54,46.0105701,168,40.97,68.9599844,210.03997454999995
2732,60.39,45.24,13.33,49.04,4.374436,216.51218281999996,168,04925-1-01,30 a 44,Hombres,Quintil bajo,Centro,Trabajadores moviles,Movilidad mixta,152.33999999999997,0,152.33999999999997,64.17218282,168,58.57,47.66000722000007,303.8707237400001
2733,65.82,29.54,8.22,64.42000000000002,2.386178,62.5115759133333,168,04926-1-02,60 o mas,Mujeres,Quintil alto,Centro,Trabajadores moviles,Usuarios publicos,72.12,41.6666666666667,30.453333333333305,32.05824258,168,37.76,94.54666004666669,184.64874132666668
2767,79.53,36.12,7.39,44.96,4.950381,227.63380528,168,04991-1-01,30 a 44,Mujeres,Quintil bajo,Norte,Trabajadores moviles,Motorizados privados,173.43,50,123.43,104.20380528,168,43.51,166.06999565,381.46107295999997
2769,49.03,51.2,7.34,60.42999999999999,1.800565,31.651711300000006,168,04995-1-01,45 a 59,Hombres,Quintil bajo,Norte,Trabajadores moviles,Usuarios publicos,68.37,50,18.370000000000005,13.281711300000001,168,58.540000000000006,56.629990649999996,162.03506575
2784,87.83,18.58,12.94,48.650000000000006,2.979665,152.58398976,168,05031-1-02,30 a 44,Hombres,Quintil bajo,Norte,Trabajadores moviles,Usuarios publicos,140.88,0,140.88,11.70398976,168,31.519999999999996,109.11998718999996,203.03902798999997
2787,86.19,23.29,7.84,50.68000000000001,1.390426,119.84079285,168,05039-1-01,45 a 59,Mujeres,Quintil bajo,Norte,Trabajadores moviles,Usuarios publicos,0,0,0,119.84079285,168,31.13,2.408999999659045e-5,43.28398546999999
2795,81.39,34.88,6.08,45.65,2.964591,182.53461881913043,168,05057-1-02,30 a 44,Mujeres,Quintil bajo,Centro,Trabajadores moviles,Usuarios publicos,83.89000000000001,22.6434782608696,61.246521739130415,121.28809708000001,168,40.96,58.75344267086956,180.18309003086958
2797,53,52.05,5.78,57.17,2.408771,110.394888,168,05061-1-02,18 a 29,Hombres,Quintil bajo,Centro,Trabajadores moviles,Movilidad activa,82.72999999999999,0,82.72999999999999,27.664888,168,57.83,17.269975000000017,156.56920193000002
2800,54.37,34.59,12.39,66.64999999999999,5.43629,154.79109241999998,168,05065-1-01,45 a 59,Mujeres,Quintil alto,Centro,Trabajadores moviles,Motorizados privados,109.22,0,109.22,45.57109242,168,46.980000000000004,140.77999488,396.17689908000006
2804,90.93,20.97,9.2,46.89999999999999,2.480119,179.79718364000001,168,05072-1-01,30 a 44,Mujeres,Quintil bajo,Centro,Trabajadores moviles,Movilidad mixta,104.28,0,104.28,75.51718364,168,30.169999999999998,45.720037030000015,120.54522726000005
2811,55.27,43.87,7.41,61.44999999999999,8.087017,284.0194511,168,05082-1-01,30 a 44,Hombres,Quintil bajo,Sur,Trabajadores moviles,Motorizados privados,237.05,0,237.05,46.9694511,168,51.28,162.94997848999998,577.65221025
2825,52.78,53.13,8.73,53.36,7.391668,234.53221636,168,05105-1-01,30 a 44,Hombres,Quintil bajo,Centro,Trabajadores moviles,Usuarios publicos,209.4,0,209.4,25.13221636,168,61.86,155.60002068,612.84860316
2833,53.23,50.24,4.52,60.010000000000005,3.001808,37.5450742994118,168,05117-1-02,18 a 29,Hombres,Quintil medio,Norte,Trabajadores moviles,Movilidad mixta,80.7,52.9411764705882,27.7588235294118,9.78625077,168,54.760000000000005,122.24116554058818,286.62017162058817
2843,60.03,38.09,10.99,58.88999999999999,13.538232,269.310321828139,168,05155-1-01,45 a 59,Hombres,Quintil alto,Centro,Trabajadores moviles,Motorizados privados,335.68,129.069767441861,206.61023255813902,62.70008926999999,168,49.080000000000005,543.389745131861,1207.8461716918614
2844,57.07,44.48,10.17,56.280000000000015,6.37337,128.2679918918605,168,05155-1-02,45 a 59,Mujeres,Quintil alto,Centro,Trabajadores moviles,Usuarios publicos,145.47,55.9302325581395,89.5397674418605,38.72822445,168,54.65,235.46023400813954,583.7649045081394
2850,51.31,32.18,11.85,72.66,6.54905,140.47325724620322,168,05170-1-01,60 o mas,Hombres,Quintil alto,Norte,Trabajadores moviles,Usuarios publicos,118.88000000000001,14.4385026737968,104.4414973262032,36.03175992,168,44.03,195.5584982537968,483.9131697537968
2851,102.37,11.08,4.87,49.68,1.657929,96.3977257273262,168,05170-1-03,30 a 44,Hombres,Quintil alto,Norte,Trabajadores moviles,Usuarios publicos,44.589999999999996,5.4144385026738,39.1755614973262,57.222164230000004,168,15.95,73.32446600267382,99.76843355267378
2859,62.22,48.96,6.55,50.27,4.656089,179.1918273,168,05186-1-01,30 a 44,Hombres,Quintil medio,Centro,Trabajadores moviles,Usuarios publicos,126.99000000000001,0,126.99000000000001,52.20182729999999,168,55.51,110.51003027999997,368.9695306699999
2866,68.29,22.66,11.23,65.82,2.726408,143.05642638,168,05207-1-01,30 a 44,Hombres,Quintil bajo,Centro,Trabajadores moviles,Usuarios publicos,76.87,0,76.87,66.18642638,168,33.89,43.12997594000004,135.52794306000004
2873,77.03,16.83,9.25,64.89,3.59978,203.041008,168,05218-1-02,30 a 44,Hombres,Quintil bajo,Centro,Trabajadores moviles,Motorizados privados,100.75,0,100.75,102.291008,168,26.08,74.2500454,168.1323078
2877,70.73,28.44,9.6,59.23,5.116541,182.69290535,168,05228-1-01,45 a 59,Hombres,Quintil medio,Norte,Trabajadores moviles,Movilidad mixta,145.79999999999998,0,145.79999999999998,36.89290535,168,38.04,179.20003958,373.83325922
2880,89.08,23.6,5.65,49.67,2.145354,91.95810596,168,05235-1-01,30 a 44,Hombres,Quintil bajo,Norte,Trabajadores moviles,Motorizados privados,75.85,0,75.85,16.10810596,168,29.25,99.15002836000001,161.90163286
2889,60.36,44.04,12.14,51.46,4.331125,45.87669951999999,168,05255-1-01,45 a 59,Hombres,Quintil medio,Centro,Trabajadores moviles,Movilidad mixta,132.95,136,-3.0500000000000114,48.92669952,168,56.18,215.55000548000004,458.87260798
2897,64.6,47.25,8.15,48.00000000000001,1.139874,73.6358688,168,05270-1-02,30 a 44,Hombres,Quintil bajo,Centro,Trabajadores moviles,Movilidad mixta,0,0,0,73.6358688,168,55.4,-8.399999998687235e-6,63.14901120000002
2902,72.06,27.32,5.79,62.830000000000005,4.266286,227.25860252,168,05278-1-01,45 a 59,Mujeres,Quintil bajo,Centro,Trabajadores moviles,Motorizados privados,144.83,0,144.83,82.42860252000001,168,33.11,80.16996663999998,221.42669609999996
2908,74.29,24.01,6.44,63.25999999999999,5.069667,251.74559835000002,168,05288-1-01,30 a 44,Hombres,Quintil bajo,Centro,Trabajadores moviles,Motorizados privados,175.12,0,175.12,76.62559835,168,30.450000000000003,124.87996307999998,279.25132323
2913,83.46,15.45,7,62.09,4.276499,237.93663994000002,168,05298-1-02,30 a 44,Hombres,Quintil alto,Centro,Trabajadores moviles,Usuarios publicos,126.02000000000001,0,126.02000000000001,111.91663994000001,168,22.45,118.97996659999995,214.98736915
2937,52.4,53.98,6.25,55.37,3.278339,130.5649756,168,05331-1-01,30 a 44,Mujeres,Quintil bajo,Sur,Trabajadores moviles,Usuarios publicos,46.279999999999994,0,46.279999999999994,84.28497560000001,168,60.23,41.219988,238.67434596999996
2978,51.53,38.41,17.08,60.980000000000004,2.810698,125.80527333,168,05414-1-01,30 a 44,Hombres,Quintil bajo,Centro,Trabajadores moviles,Motorizados privados,105.97,0,105.97,19.835273330000003,168,55.489999999999995,19.02999460999999,174.99562662999998
2984,12.9,41.07,5.86,108.17,3.035901,39.1631229,168,05420-1-04,18 a 29,Mujeres,Quintil bajo,Centro,Trabajadores moviles,Usuarios publicos,0,0,0,39.1631229,168,46.93,0,142.47483393
2987,65.84,47.29,6.57,48.3,5.920143,237.62222368,168,05432-1-01,30 a 44,Hombres,Quintil alto,Norte,Trabajadores moviles,Motorizados privados,172.83999999999997,0,172.83999999999997,64.78222368,168,53.86,152.15999144000006,471.0188934200001
2989,54.38,48.63,4.53,60.46000000000001,3.114187,83.95948092,168,05433-1-02,30 a 44,Hombres,Quintil bajo,Centro,Trabajadores moviles,Usuarios publicos,64.61,0,64.61,19.349480919999998,168,53.160000000000004,85.39000813999999,250.94018905999994
2991,54.35,52.12,7.84,53.69000000000001,2.117796,108.7722331,168,05436-1-02,18 a 29,Hombres,Quintil bajo,Centro,Trabajadores moviles,Usuarios publicos,88.67,0,88.67,20.1022331,168,59.959999999999994,6.329979499999993,133.31302765999996
2992,80.31,26.88,6.98,53.83,3.743657,161.95309376,168,05438-1-01,30 a 44,Mujeres,Quintil bajo,Norte,Trabajadores moviles,Usuarios publicos,136.3,125,11.300000000000011,150.65309376,168,33.86,138.69999990999997,265.46022593
3018,60.75,37.8,13.64,55.81,6.1491,232.25783274999998,168,05478-1-01,18 a 29,Hombres,Quintil bajo,Centro,Trabajadores moviles,Usuarios publicos,183.7,0,183.7,48.55783275,168,51.44,141.29999225,457.60969625
3020,71.86,29.8,9.3,57.040000000000006,6.902414,327.11744453999995,168,05481-1-01,30 a 44,Hombres,Quintil alto,Centro,Trabajadores moviles,Movilidad mixta,243.60999999999999,0,243.60999999999999,83.50744454,168,39.1,168.8900255000001,438.7744129
3035,53.98,55.88,6.92,51.220000000000006,3.688774,131.32001566,168,05510-1-02,30 a 44,Mujeres,Quintil bajo,Sur,Trabajadores moviles,Usuarios publicos,104.7,0,104.7,26.620015660000004,168,62.800000000000004,67.80000486,299.45501206000006
3036,89.39,23.16,7.16,48.290000000000006,2.417329,56.77055660839311,168,05513-1-01,45 a 59,Hombres,Quintil medio,Norte,Trabajadores moviles,Movilidad mixta,95.4,54.7144754316069,40.685524568393106,16.085032039999998,168,30.32,159.3144827016069,232.60789798160687
3037,63.95,24.7,10.63,68.72,2.844945,82.3677045552457,168,05513-1-02,45 a 59,Mujeres,Quintil medio,Norte,Trabajadores moviles,Usuarios publicos,59.629999999999995,34.1965471447543,25.433452855245697,56.934251700000004,168,35.33,99.56652819475431,200.0784350447543
3051,62.46,27.43,8.37,69.73999999999998,12.755042,391.41994552,168,05528-1-01,45 a 59,Hombres,Quintil alto,Norte,Trabajadores moviles,Motorizados privados,344.74,0,344.74,46.67994552,168,35.8,405.25997779999994,861.8904814000002
3054,67.38,35.37,4.54,60.71,2.231527,124.46196768666671,168,05530-1-02,30 a 44,Hombres,Quintil bajo,Sur,Trabajadores moviles,Motorizados privados,73.06,23.9583333333333,49.1016666666667,75.36030102000001,168,39.91,25.898321573333263,114.95856414333325
3065,56.95,23.11,13.97,73.97,13.937229,361.55519584999996,168,05545-1-01,60 o mas,Hombres,Quintil alto,Norte,Trabajadores moviles,Movilidad mixta,317.83,0,317.83,43.72519585,168,37.08,432.16999570000013,948.9624470200001
3068,104.43,22.68,6.52,34.36999999999999,3.443323,299.47620179,168,05553-1-02,30 a 44,Hombres,Quintil bajo,Centro,Trabajadores moviles,Usuarios publicos,139.89,0,139.89,159.58620179,168,29.2,60.11001909999999,160.65505069999995
3077,68.95,41.09,9.26,48.699999999999996,3.052868,132.7452411,168,05571-1-02,45 a 59,Mujeres,Quintil bajo,Centro,Trabajadores moviles,Usuarios publicos,59.74999999999999,0,59.74999999999999,72.9952411,168,50.35,77.75000750000004,231.46191130000005
3086,72.68,30.52,9.85,54.949999999999996,4.392919,202.98735276000002,168,05595-1-01,30 a 44,Hombres,Quintil medio,Centro,Trabajadores moviles,Motorizados privados,133.71,0,133.71,69.27735276,168,40.37,116.29000016000003,293.63214019000003
3090,68.37,32.2,6.02,61.41,8.178589,349.74015577000006,168,05601-1-01,45 a 59,Hombres,Quintil alto,Centro,Trabajadores moviles,Motorizados privados,290.57000000000005,0,290.57000000000005,59.17015577,168,38.22,209.42997415999997,522.0156457400001
3093,56.08,29.57,10.18,72.16999999999999,2.622143,119.17978896000001,168,05605-1-01,30 a 44,Hombres,Quintil bajo,Sur,Trabajadores moviles,Movilidad mixta,84.63000000000001,0,84.63000000000001,34.54978896,168,39.75,27.86999047999997,132.10017473
3096,70.5,24.25,11.59,61.66,4.461302,201.1418025,168,05613-1-01,30 a 44,Mujeres,Quintil medio,Centro,Trabajadores moviles,Motorizados privados,136.62,0,136.62,64.5218025,168,35.84,113.3799885,273.27305218000004
3097,68.93,29.71,10.06,59.29999999999998,4.505358,200.45434154999998,168,05614-1-01,30 a 44,Hombres,Quintil bajo,Sur,Trabajadores moviles,Usuarios publicos,127.39999999999999,0,127.39999999999999,73.05434155,168,39.77,110.09998539000009,289.2780730500001
3100,75.21,38.53,5.98,48.28,2.802442,202.77164588,168,05620-1-01,18 a 29,Mujeres,Quintil bajo,Norte,Trabajadores moviles,Usuarios publicos,92,0,92,110.77164588,168,44.510000000000005,8.000016939999995,132.73671036000002
3129,45.83,44.28,6.34,71.55,4.752398,99.43241221,168,05684-1-03,18 a 29,Hombres,Quintil medio,Norte,Trabajadores moviles,Motorizados privados,81.63,0,81.63,17.80241221,168,50.620000000000005,118.36998813000002,358.93637489
3175,71.33,33.25,6.99,56.43,3.069012,174.33259727,168,05756-1-02,30 a 44,Mujeres,Quintil bajo,Sur,Trabajadores moviles,Movilidad mixta,105.42000000000002,0,105.42000000000002,68.91259727,168,40.24,44.58002868999998,168.07707156999993
3184,71.71,43.64,9.17,43.480000000000004,21.676332,456.752649662329,168,05772-1-01,30 a 44,Hombres,Quintil alto,Centro,Trabajadores moviles,Usuarios publicos,531.11,178.767123287671,352.34287671232903,104.40977295,168,52.81,1097.6571180576707,2242.3842109776706
3185,90.16,29.47,4.44,43.93000000000001,9.26491,538.26426496,168,05774-1-01,30 a 44,Hombres,Quintil alto,Sur,Trabajadores moviles,Movilidad mixta,452.93999999999994,0,452.93999999999994,85.32426496000001,168,33.91,297.06002064000006,611.23311874
3188,56.93,32.91,6.92,71.24,4.752387,157.64336281999996,168,05779-1-01,45 a 59,Hombres,Quintil bajo,Centro,Trabajadores moviles,Usuarios publicos,129.58999999999997,0,129.58999999999997,28.05336282,168,39.83,112.91002909,302.1976033000001
3189,89.87,19.53,9.42,49.17999999999999,3.814918,230.19670775000003,168,05780-1-01,30 a 44,Hombres,Quintil medio,Sur,Trabajadores moviles,Motorizados privados,212.35000000000002,0,212.35000000000002,17.84670775,168,28.950000000000003,112.64997290999997,223.09184900999998
3195,82.98,27.83,6.42,50.769999999999996,4.511033,252.32547907999998,168,05788-1-01,30 a 44,Hombres,Quintil medio,Centro,Trabajadores moviles,Motorizados privados,127.99999999999999,0,127.99999999999999,124.32547907999998,168,34.25,122.00003926000005,276.50291951
3199,52.77,48.42,9.74,57.069999999999986,3.382381,146.99826231999998,168,05793-1-01,30 a 44,Mujeres,Quintil bajo,Norte,Trabajadores moviles,Usuarios publicos,73.51,0,73.51,73.48826231999999,167.99999999999997,58.160000000000004,31.489983050000035,228.20926201000003
3211,66.58,35.65,8.37,57.40000000000001,5.788146,273.19480052,168,05809-1-01,30 a 44,Hombres,Quintil medio,Centro,Trabajadores moviles,Usuarios publicos,187.82,0,187.82,85.37480052,168,44.019999999999996,112.17996016000001,366.97414708
3221,53.73,47.58,9.46,57.23000000000001,3.046841,102.17368467692309,168,05824-1-04,30 a 44,Mujeres,Quintil medio,Sur,Trabajadores moviles,Usuarios publicos,79.14,3.17307692307692,75.96692307692308,26.206761600000004,168.00000000000003,57.04,61.5330822530769,235.32489289307688
3259,81.36,9.71,14.65,62.28000000000001,2.23509,135.23694752,168,05878-1-01,45 a 59,Mujeres,Quintil bajo,Centro,Trabajadores moviles,Usuarios publicos,53.39,0,53.39,81.84694752,168,24.36,46.60997488000001,101.05676728
3273,58.29,39.54,5.97,64.20000000000002,3.545648,111.56584077,168,05899-1-02,30 a 44,Mujeres,Quintil medio,Sur,Trabajadores moviles,Usuarios publicos,79.89,0,79.89,31.675840769999997,168,45.51,95.10998115000001,256.47242163
3274,71.11,36.86,8.73,51.3,3.015584,140.29820442,168,05900-1-01,45 a 59,Mujeres,Quintil bajo,Centro,Trabajadores moviles,Usuarios publicos,90.86000000000001,40,50.860000000000014,89.43820441999999,168,45.59,74.13997382000002,211.62044838000003
3278,49.61,37.55,15.75,65.09,20.749054,464.66057771,168,05904-1-01,45 a 59,Hombres,Quintil alto,Centro,Trabajadores moviles,Motorizados privados,435.3,0,435.3,29.360577709999998,168,53.3,564.6999912300001,1670.62456943
3281,77.56,24.35,6.96,59.13,4.350928,250.29794527999996,168,05911-1-01,30 a 44,Mujeres,Quintil alto,Sur,Trabajadores moviles,Motorizados privados,137.83999999999997,0,137.83999999999997,112.45794528,168,31.310000000000002,87.16003040000004,223.38758608
3286,73,41.16,3.9,49.940000000000005,4.075739,170.5680744347826,168,05917-1-01,30 a 44,Mujeres,Quintil bajo,Sur,Trabajadores moviles,Movilidad mixta,151.3,65.7608695652174,85.5391304347826,85.028944,168,45.059999999999995,126.96087256521736,310.61367190521736
3291,51.88,30.51,22.58,63.03,4.788876,165.90690928,168,05922-1-01,45 a 59,Hombres,Quintil bajo,Centro,Trabajadores moviles,Usuarios publicos,142.46,0,142.46,23.44690928,168,53.09,82.53997760000001,336.78140443999996
3294,74.66,35.03,11.96,46.35,5.666439,237.15633028,168,05925-1-01,30 a 44,Hombres,Quintil alto,Centro,Trabajadores moviles,Motorizados privados,189.1,0,189.1,48.056330280000005,168,46.99,185.90000545999996,452.16597406999995
3300,51.26,43.21,9.8,63.730000000000004,6.533857,90.2849316447059,168,05933-1-02,18 a 29,Mujeres,Quintil medio,Norte,Trabajadores moviles,Usuarios publicos,156.83,76.4705882352941,80.35941176470591,9.92551988,168,53.010000000000005,244.64057817529408,591.0003377452941
3302,62.69,37.77,12.3,55.239999999999995,6.849043,235.78094454444437,168,05937-1-02,30 a 44,Mujeres,Quintil alto,Centro,Trabajadores moviles,Usuarios publicos,236.96999999999997,55.5555555555556,181.41444444444437,54.366500099999996,168,50.07000000000001,193.5855611255556,536.5171441355556
3303,55.07,44.78,7.88,60.27,12.199703,210.12007311018903,168,05938-1-02,45 a 59,Hombres,Quintil alto,Centro,Trabajadores moviles,Motorizados privados,276.49,113.207547169811,163.28245283018902,46.83762028,168,52.660000000000004,461.717571099811,1104.153931079811
3307,62.3,48.2,8.67,48.83,12.622685,384.46326460000006,168,05946-1-01,45 a 59,Mujeres,Quintil alto,Centro,Trabajadores moviles,Movilidad mixta,348.07000000000005,0,348.07000000000005,36.3932646,168,56.870000000000005,401.9300108999999,1119.78210685
3313,61.94,21.87,13.89,70.3,2.740837,133.92741784,168,05954-1-01,45 a 59,Hombres,Quintil bajo,Centro,Trabajadores moviles,Motorizados privados,89.16,0,89.16,44.76741784,168,35.760000000000005,35.840025939999975,133.85235706
3318,72.24,24.34,8.93,62.49,3.07001,134.9775488,168,05964-1-01,18 a 29,Hombres,Quintil medio,Centro,Trabajadores moviles,Motorizados privados,131.95,68.75,63.19999999999999,71.7775488,168,33.269999999999996,86.79997359999999,188.9392063
3327,76.98,32.1,5.39,53.529999999999994,6.763766,365.7547259,168,05977-1-02,30 a 44,Mujeres,Quintil alto,Sur,Trabajadores moviles,Usuarios publicos,287.08,17,270.08,95.6747259,168,37.49,154.91998078000012,408.49356812
3338,69.63,34.41,7.7,56.260000000000005,5.317967,192.36165308308367,168,05999-1-01,45 a 59,Mujeres,Quintil alto,Centro,Trabajadores moviles,Movilidad mixta,240.74999999999997,78.6784140969163,162.07158590308367,30.290067179999994,168,42.11,177.92838912691636,401.8679794969164
3342,63.3,23.34,4.55,76.81,1.875466,36.6269961,168,06005-1-01,60 o mas,Mujeres,Quintil bajo,Centro,Trabajadores moviles,Usuarios publicos,95.91,115.5,-19.590000000000003,56.2169961,168,27.89,82.0900017,134.39674844
3345,10.33,68.6,7.44,81.63,3.312879,34.22204007,168,06011-1-02,60 o mas,Mujeres,Quintil bajo,Centro,Trabajadores moviles,Usuarios publicos,0,0,0,34.22204007,168,76.03999999999999,0,251.91131916000006
3367,52.66,8.57,12.67,94.10000000000001,4.009468,157.6223220959671,168,06046-1-02,30 a 44,Mujeres,Quintil bajo,Centro,Trabajadores moviles,Usuarios publicos,67.60000000000001,14.8662551440329,52.73374485596711,104.88857723999999,168,21.240000000000002,53.516262784032904,138.67736310403285
3376,59.45,32.77,15.51,60.27,7.054256,190.8155454,168,06057-1-02,45 a 59,Hombres,Quintil alto,Centro,Trabajadores moviles,Usuarios publicos,146.44,0,146.44,44.37554539999999,168,48.28,228.5599738,569.1394534799998
3378,33.59,19.65,11.64,103.11999999999999,3.460761,80.68695523,168,06059-1-03,18 a 29,Hombres,Quintil medio,Centro,Trabajadores moviles,Usuarios publicos,51.94,0,51.94,28.746955229999998,168,31.29,35.56000676000002,143.84721845000004
3387,65.82,36.12,9.43,56.63,3.27255,114.2873186844019,168,06081-1-01,45 a 59,Mujeres,Quintil medio,Norte,Trabajadores moviles,Movilidad mixta,50.79,24.4019138755981,26.388086124401898,87.89923256,168,45.55,101.11192231559806,250.1765748155981
3428,88.6,24.25,2,53.150000000000006,1.429852,132.494887,168,06156-1-01,18 a 29,Hombres,Quintil bajo,Sur,Trabajadores moviles,Movilidad mixta,83.31,0,83.31,49.184887,168,26.25,-5.809999800000028,31.723615199999983
3448,60.9,21.28,21.99,63.83,3.266398,118.0665211428572,168,06182-2-01,60 o mas,Hombres,Quintil bajo,Centro,Trabajadores moviles,Usuarios publicos,112,42.8571428571428,69.1428571428572,48.923664,168,43.269999999999996,80.8571170571428,222.1941585171428
3457,60.23,34.78,10.67,62.32000000000001,3.932801,152.4142517766667,168,06192-1-01,30 a 44,Hombres,Quintil bajo,Centro,Trabajadores moviles,Usuarios publicos,109.5,18.9583333333333,90.5416666666667,61.87258511,168,45.45,84.45835245333328,263.2041579033332
3466,78.08,26.65,9.99,53.28,4.683116,254.83764223999998,168,06203-1-01,45 a 59,Mujeres,Quintil medio,Centro,Trabajadores moviles,Movilidad mixta,139.18,0,139.18,115.65764223999999,168,36.64,110.82005504,282.40942528
3472,53.15,18.67,6.47,89.71,5.199714,167.4648099,168,06215-1-01,30 a 44,Hombres,Quintil medio,Norte,Trabajadores moviles,Motorizados privados,141.1,0,141.1,26.3648099,168,25.14,108.89998920000002,239.62079916000002
3482,50.5,39.47,9.42,68.61,9.289341,242.0017245,168,06229-1-01,30 a 44,Hombres,Quintil medio,Centro,Trabajadores moviles,Motorizados privados,222.89,0,222.89,19.1117245,168,48.89,227.109996,681.26587749
3486,66.33,42.59,9.22,49.86,4.282724,203.44311182,168,06243-1-01,30 a 44,Hombres,Quintil bajo,Centro,Trabajadores moviles,Usuarios publicos,119.36999999999999,0,119.36999999999999,84.07311182000001,168,51.81,80.62997109999998,302.51790153999997
3494,46.93,47.74,13.54,59.789999999999985,10.305389,241.67192943,168,06252-1-01,60 o mas,Hombres,Quintil medio,Sur,Trabajadores moviles,Motorizados privados,233.04,0,233.04,8.631929430000001,168,61.28,241.95997634,873.4742142600002
3519,56.92,36.63,11.94,62.50999999999999,5.093959,225.5281516,168,06302-1-01,30 a 44,Hombres,Quintil bajo,Sur,Trabajadores moviles,Movilidad mixta,185.57999999999998,0,185.57999999999998,39.9481516,168,48.57,64.41999468,311.83358331
3529,52.6,56.36,6.66,52.38000000000001,9.780777,250.12886039999998,168,06318-1-01,30 a 44,Mujeres,Quintil medio,Centro,Trabajadores moviles,Motorizados privados,223.15999999999997,0,223.15999999999997,26.9688604,168,63.019999999999996,264.3400098000001,880.72457634
3537,60.83,37.8,5.69,63.68000000000001,4.303163,98.7107767679856,168,06339-1-01,18 a 29,Hombres,Quintil medio,Centro,Trabajadores moviles,Usuarios publicos,173.64000000000001,121.6906474820144,51.949352517985616,46.76142425,168,43.489999999999995,163.05062852201436,350.1951873920143
3581,68.75,30.25,8.59,60.41,3.450758,166.11963500000002,168,06450-1-01,30 a 44,Hombres,Quintil bajo,Centro,Trabajadores moviles,Usuarios publicos,91.38,0,91.38,74.739635,168,38.84,71.11997749999998,205.14741822000002
3600,73.79,41.21,4.07,48.92999999999999,2.688895,141.10054600537313,168,06491-1-03,30 a 44,Mujeres,Quintil bajo,Sur,Trabajadores moviles,Movilidad mixta,57.09,9.40298507462687,47.687014925373134,93.41353108,168,45.28,57.31301604462689,179.0661816446269
3602,63.91,49.25,7.07,47.77,4.074428,151.7233534866667,168,06494-1-01,30 a 44,Hombres,Quintil medio,Centro,Trabajadores moviles,Usuarios publicos,128.66,37.3333333333333,91.3266666666667,60.39668682,168,56.32,108.67333999333331,338.14512495333327
3605,71.08,32.01,4.7,60.209999999999994,1.877392,83.01502432000001,168,06496-1-02,30 a 44,Mujeres,Quintil bajo,Norte,Trabajadores moviles,Motorizados privados,49.57,0,49.57,33.44502432,168,36.71,50.429999039999984,119.34905935999998
3633,81.04,19.06,7.61,60.28999999999999,3.369999,186.4353916457143,168,06546-1-01,30 a 44,Mujeres,Quintil medio,Centro,Trabajadores moviles,Motorizados privados,97.17,38.8392857142857,58.3307142857143,128.10467736,168,26.669999999999998,86.66932731428571,176.5472006442857
3676,74.2,35.31,6.11,52.379999999999995,3.002454,144.5771292,168,06615-1-04,18 a 29,Mujeres,Quintil medio,Sur,Trabajadores moviles,Movilidad mixta,118.67000000000002,46.875,71.79500000000002,72.7821292,168,41.42,78.20495760000003,202.56660228000004
3687,90.19,24.34,8.36,45.11,2.006734,94.52730779,168,06635-1-01,18 a 29,Hombres,Quintil bajo,Norte,Trabajadores moviles,Movilidad mixta,76.03999999999999,0,76.03999999999999,18.48730779,168,32.7,86.46003166999999,152.08023347
3688,63.48,32.54,8.17,63.81000000000002,3.470421,140.48236024,168,06635-1-02,30 a 44,Mujeres,Quintil bajo,Norte,Trabajadores moviles,Motorizados privados,70.17999999999999,0,70.17999999999999,70.30236023999998,168,40.71,79.81996483999998,221.10080374999995
3693,77.02,28.43,12.37,50.18000000000001,1.906119,99.53927970000001,168,06641-1-01,45 a 59,Hombres,Quintil bajo,Centro,Trabajadores moviles,Motorizados privados,77.73,0,77.73,21.809279699999998,168,40.8,47.27000567999997,125.03966087999996
3705,62.92,37.64,9.52,57.92,10.891125,328.13958432,168,06659-1-02,45 a 59,Mujeres,Quintil alto,Centro,Trabajadores moviles,Motorizados privados,267.87,0,267.87,60.26958431999999,168,47.16,357.13000068,870.7554556800001
3722,79.84,27.08,5.88,55.199999999999996,1.545434,99.49741248000001,168,06681-1-03,18 a 29,Hombres,Quintil bajo,Centro,Trabajadores moviles,Motorizados privados,38.61,0,38.61,60.88741248,168,32.96,23.890038079999997,74.82754272
3730,52.96,15.36,6.43,93.25,2.643871,75.9292759039397,168,06698-1-01,30 a 44,Hombres,Quintil bajo,Centro,Trabajadores moviles,Usuarios publicos,54.760000000000005,18.8501413760603,35.909858623939705,40.01941728,168,21.79,64.09013225606029,121.7000813460603
3732,70.8,27.2,11.04,58.96,2.615691,67.48089280000002,168,06699-1-01,45 a 59,Hombres,Quintil bajo,Norte,Trabajadores moviles,Movilidad mixta,107.29000000000002,75,32.29000000000002,35.19089279999999,168,38.239999999999995,117.71002999999996,217.73405383999997
3745,68.38,42.54,10.35,46.730000000000004,3.192492,179.99262948,168,06717-1-01,30 a 44,Hombres,Quintil bajo,Sur,Trabajadores moviles,Motorizados privados,119.18999999999998,0,119.18999999999998,60.80262948000001,168,52.89,38.30997348,207.16087535999998
3753,60.2,17.12,14.75,75.92999999999999,4.137412,116.67218159999999,168,06737-1-02,60 o mas,Hombres,Quintil bajo,Centro,Trabajadores moviles,Movilidad mixta,67.6,0,67.6,49.07218159999999,168,31.87,132.40002080000005,264.2593412400001
3756,68.85,34.78,8.7,55.67,4.939838,179.15786855,168,06739-1-02,45 a 59,Mujeres,Quintil alto,Centro,Trabajadores moviles,Motorizados privados,110.55,21.5,89.05,90.10786855,168,43.480000000000004,160.94997774999996,375.73413399000003
3770,83.14,19.88,14.29,50.690000000000005,3.032005,144.3539956230769,168,06761-1-02,18 a 29,Hombres,Quintil bajo,Centro,Trabajadores moviles,Movilidad mixta,115.35000000000001,23.0769230769231,92.2730769230769,52.0809187,168,34.17,107.72690007692307,211.33051092692307
3774,51.69,47.27,9.83,59.209999999999994,7.222713,206.76204912999998,168,06767-1-01,60 o mas,Mujeres,Quintil alto,Sur,Trabajadores moviles,Usuarios publicos,183.42,0,183.42,23.34204913,168,57.1,166.57998584,578.99689814
3776,54.64,37.69,15.63,60.04,4.240852,146.4401308,168,06771-1-01,30 a 44,Hombres,Quintil bajo,Centro,Trabajadores moviles,Motorizados privados,114.71999999999998,0,114.71999999999998,31.720130800000003,168,53.32,85.28002248000001,311.4022511200001
3781,54.32,40.99,4.82,67.87,4.982019,173.07326224,168,06781-1-01,18 a 29,Mujeres,Quintil bajo,Sur,Trabajadores moviles,Motorizados privados,164.95,37.5,127.44999999999999,45.62326224,168,45.81,97.55000984,325.77630023000006
3805,60.27,39.3,8.96,59.46999999999999,3.098951,115.78375518000001,168,06812-1-01,45 a 59,Hombres,Quintil bajo,Sur,Trabajadores moviles,Movilidad mixta,66.51,0,66.51,49.27375518,168,48.26,70.99002159,220.54539684999997
3823,79.24,28.31,4.07,56.38,1.756268,153.98665144,168,06847-1-01,30 a 44,Mujeres,Quintil bajo,Norte,Trabajadores moviles,Usuarios publicos,77.32,0,77.32,76.66665144000001,168,32.379999999999995,-14.81997512000001,42.04798271999999
3826,52.73,43.38,10.77,61.12000000000002,5.514191,152.96328039,168,06854-1-01,45 a 59,Mujeres,Quintil alto,Centro,Trabajadores moviles,Motorizados privados,112.19999999999999,0,112.19999999999999,40.76328039,168,54.150000000000006,137.80001104,436.3934536899999
3849,71.21,36.72,9.5,50.57000000000001,6.409446,232.51664639,168,06904-1-02,30 a 44,Hombres,Quintil alto,Centro,Trabajadores moviles,Movilidad mixta,151.1,0,151.1,81.41664639,168,46.22,223.90000326999996,520.14459739
3852,52.26,33.49,4.78,77.47,2.862163,133.19663142000002,168,06910-1-02,18 a 29,Mujeres,Quintil bajo,Centro,Trabajadores moviles,Usuarios publicos,38.620000000000005,0,38.620000000000005,94.57663142,168,38.27,16.380006959999974,125.91498496999998
3855,54.49,40.35,9.02,64.14,2.014972,87.88580725,168,06917-1-02,45 a 59,Mujeres,Quintil bajo,Centro,Trabajadores moviles,Usuarios publicos,28.09,0,28.09,59.795807249999996,168,49.370000000000005,21.91001703000002,121.38918467000002
3858,55.27,39.8,12.61,60.31999999999999,2.205759,82.69231076,168,06921-1-03,60 o mas,Hombres,Quintil medio,Norte,Trabajadores moviles,Motorizados privados,35.78,0,35.78,46.912310760000004,168,52.41,39.219989170000005,154.82381836000002
3860,50.83,43.94,8.21,65.02000000000001,4.648456,138.70104150000003,168,06925-1-02,30 a 44,Hombres,Quintil medio,Sur,Trabajadores moviles,Motorizados privados,102.42000000000002,0,102.42000000000002,36.2810415,168,52.15,97.57997697999997,339.99695737999997
3877,24.08,25.52,7.07,111.33000000000001,2.177707,39.11918152,168,06967-1-03,18 a 29,Hombres,Quintil bajo,Centro,Trabajadores moviles,Usuarios publicos,26.68,0,26.68,12.43918152,168,32.59,13.320003039999996,84.29147416999997
3878,73.7,33.41,5.14,55.75,22.199519,483.7645399,168,06968-1-02,45 a 59,Mujeres,Quintil alto,Centro,Trabajadores moviles,Motorizados privados,472.65999999999997,0,472.65999999999997,11.1045399,168,38.55,1152.3400104,2008.1314678499996
3885,73.72,27.93,5.86,60.489999999999995,2.58622,126.7561356,168,06971-1-02,30 a 44,Mujeres,Quintil bajo,Norte,Trabajadores moviles,Movilidad mixta,48.599999999999994,0,48.599999999999994,78.1561356,168,33.79,63.90000280000001,151.2883766
3889,74.06,38.08,8.23,47.629999999999995,3.542263,210.90997529999999,168,06979-1-02,18 a 29,Hombres,Quintil bajo,Centro,Trabajadores moviles,Motorizados privados,123.57,0,123.57,87.3399753,168,46.31,51.43002248000005,215.47222201000005
3930,86.95,14.06,10,56.989999999999995,1.835786,16.247797416233794,168,07051-1-02,18 a 29,Hombres,Quintil bajo,Norte,Trabajadores moviles,Movilidad mixta,72.86,66.2337662337662,6.626233766233796,9.62156365,168,24.060000000000002,143.3737952837662,187.5428064437662
3932,51.25,56.39,4.65,55.71,12.073592,363.86161250000004,168,07055-1-01,30 a 44,Hombres,Quintil alto,Centro,Trabajadores moviles,Motorizados privados,345.09000000000003,0,345.09000000000003,18.7716125,168,61.04,254.9099774999999,991.8820331799998
3939,68.22,29.82,10.91,59.05000000000001,3.997916,159.00784683999998,168,07063-1-01,45 a 59,Hombres,Quintil bajo,Centro,Trabajadores moviles,Motorizados privados,98.77,0,98.77,60.237846839999996,168,40.730000000000004,113.72998268,276.56510135999997
3944,54.37,43.35,6.23,64.05,4.697473,170.74162956000004,168,07073-1-01,18 a 29,Mujeres,Quintil bajo,Sur,Trabajadores moviles,Usuarios publicos,177.84000000000003,75,102.84000000000003,67.90162956,168,49.58,84.65997744999993,317.5606887899999
3946,53.91,45.72,8.25,60.120000000000005,3.158026,35.8152166058491,168,07074-1-02,45 a 59,Hombres,Quintil bajo,Norte,Trabajadores moviles,Movilidad mixta,75,59.4339622641509,15.5660377358491,20.24917887,168,53.97,134.43396505415086,304.8726282741509
3947,64.2,33.96,15.1,54.74,3.312938,100.96314519148939,168,07077-1-04,30 a 44,Hombres,Quintil medio,Centro,Trabajadores moviles,Movilidad mixta,104.22999999999999,65.9574468085106,38.27255319148939,62.690591999999995,168,49.06,111.72747440851063,274.2602126885106
3957,76.48,23.17,8.19,60.16,3.109535,190.27725304,168,07099-1-01,30 a 44,Hombres,Quintil bajo,Centro,Trabajadores moviles,Usuarios publicos,89.96000000000001,0,89.96000000000001,100.31725303999998,168,31.36,47.53998376000001,145.05500136
3962,45.57,52.63,11.01,58.79000000000001,11.078302,234.24822975,168,07104-1-01,60 o mas,Hombres,Quintil medio,Sur,Trabajadores moviles,Motorizados privados,229.41,0,229.41,4.838229750000001,168.00000000000003,63.64,270.58999239,975.6131316699998
3972,62.95,32.59,12.7,59.75999999999999,7.60831,255.4331246,168,07136-1-01,45 a 59,Mujeres,Quintil medio,Centro,Trabajadores moviles,Usuarios publicos,201.49,0,201.49,53.9431246,168,45.290000000000006,223.50998990000002,568.0903498
3974,61.97,32.39,23.53,50.11,3.697936,103.72118201625992,168,07138-1-01,18 a 29,Hombres,Quintil bajo,Centro,Trabajadores moviles,Movilidad mixta,86.08,33.2699210337401,52.8100789662599,50.91110305000001,168,55.92,125.43991190374007,332.22849302374004
3975,60.04,48.63,9.09,50.24000000000001,5.738535,232.44161763999998,168,07140-1-01,30 a 44,Hombres,Quintil medio,Centro,Trabajadores moviles,Movilidad mixta,137.89999999999998,0,137.89999999999998,94.54161764,168,57.72,112.10002376000003,443.32826395999996
3982,66.71,40.85,7.24,53.2,14.185706,507.11844381000003,168,07154-1-01,30 a 44,Mujeres,Quintil alto,Centro,Trabajadores moviles,Motorizados privados,435.79,0,435.79,71.32844381000001,168,48.09,439.2100034499998,1121.40060499
4014,91.33,14.47,6.45,55.75,2.730848,131.6783136,168,07210-1-02,30 a 44,Hombres,Quintil bajo,Norte,Trabajadores moviles,Movilidad mixta,107.27,0,107.27,24.4083136,168,20.92,117.73003423999998,174.8593744
4019,67.89,45.76,7.9,46.45,2.539055,120.95644036000002,168,07225-1-03,18 a 29,Mujeres,Quintil bajo,Centro,Trabajadores moviles,Movilidad mixta,48.580000000000005,0,48.580000000000005,72.37644036,168,53.66,51.420003589999965,187.66569488999997
4030,68.58,25.87,6.28,67.27,4.71902,188.41041281999998,168,07259-1-02,45 a 59,Hombres,Quintil medio,Centro,Trabajadores moviles,Motorizados privados,114.77999999999999,0,114.77999999999999,73.63041281999999,168,32.15,135.21997878000002,286.9364717800001
4035,76.25,25.4,7.04,59.309999999999995,2.912396,150.0448028846154,168,07266-1-02,18 a 29,Mujeres,Quintil bajo,Norte,Trabajadores moviles,Motorizados privados,62.59,9.61538461538461,52.97461538461539,97.0701875,168,32.44,72.02539211538462,166.5035183553846
4070,75.19,35.3,8.6,48.910000000000004,25.54489,710.6493020480644,168,07339-1-01,45 a 59,Hombres,Quintil alto,Sur,Trabajadores moviles,Motorizados privados,673.8,58.8709677419355,614.9290322580645,95.72026979,168,43.9,1210.0709770519352,2331.4916480519355
4075,52.34,41.07,14.58,60.010000000000005,2.653662,1.2896904487028973,168,07352-1-01,60 o mas,Hombres,Quintil alto,Centro,Trabajadores moviles,Usuarios publicos,94.50999999999999,107.1129707112971,-12.602970711297104,13.892661160000001,168,55.65,137.60297863129713,285.2792689312971
4085,57.05,51.53,6.06,53.36,3.789485,111.69011995,168,07362-1-04,18 a 29,Hombres,Quintil medio,Centro,Trabajadores moviles,Movilidad mixta,83,0,83,28.690119950000003,168,57.59,104.49999929999998,322.73644045000003
4089,55.13,48.19,8.7,55.980000000000004,3.770105,91.8781090322222,168,07366-1-02,18 a 29,Mujeres,Quintil bajo,Centro,Trabajadores moviles,Usuarios publicos,136.81,77.7777777777778,59.0322222222222,32.845886809999996,168,56.89,115.96777961777781,330.4490530677778
4092,52.36,49.11,6.65,59.88,3.640079,117.09455379999999,168,07375-1-01,30 a 44,Hombres,Quintil bajo,Norte,Trabajadores moviles,Movilidad mixta,83.99999999999999,0,83.99999999999999,33.0945538,168,55.76,73.49998264000003,276.47078768000006
4095,75.72,36.08,2.63,53.57,2.555908,85.816524254737,168,07380-1-01,30 a 44,Mujeres,Quintil medio,Sur,Trabajadores moviles,Usuarios publicos,130.77,129.736842105263,1.033157894737002,84.78336636,168,38.71,107.71682950526301,206.656028185263
4098,67.35,39.55,6.9,54.20000000000001,3.890705,165.60898314999997,168,07382-1-01,30 a 44,Hombres,Quintil medio,Centro,Trabajadores moviles,Movilidad activa,103.57,0,103.57,62.03898314999999,168,46.449999999999996,96.42999860000003,277.15324584999996
4099,61.16,28.49,7.4,70.95,3.117798,136.95154695659582,168,07384-1-01,30 a 44,Mujeres,Quintil bajo,Norte,Trabajadores moviles,Movilidad activa,42.65,96.3829787234042,-53.732978723404194,190.68452568,168,35.89,53.73297872340419,165.6307489434042
4116,51.33,52.25,5.11,59.31,2.206085,65.18834190999999,168,07422-1-04,18 a 29,Hombres,Quintil medio,Centro,Trabajadores moviles,Movilidad mixta,45.699999999999996,0,45.699999999999996,19.488341910000003,168,57.36,48.05000113999999,174.59103674
4117,66.24,33.91,13.6,54.25000000000001,10.851796,353.52295999999996,168,07423-1-02,30 a 44,Mujeres,Quintil alto,Centro,Trabajadores moviles,Movilidad mixta,334.69999999999993,0,334.69999999999993,18.822960000000002,168,47.51,365.30000704,880.868835
4131,71.7,14.8,12.12,69.38,2.584292,140.7393637,168,07447-1-01,18 a 29,Hombres,Quintil bajo,Sur,Trabajadores moviles,Motorizados privados,86.93,21.484375,65.445625,75.2937387,168,26.92,44.55437269999999,114.12351334000002
4152,59.65,49.17,9.98,49.19999999999999,11.218378,205.09455199322701,168,07487-1-01,45 a 59,Mujeres,Quintil alto,Centro,Trabajadores moviles,Motorizados privados,265.5,104.581673306773,160.91832669322702,44.176225300000006,168,59.150000000000006,464.08169570677296,1127.6487544067732
4155,65.3,28.78,8.95,64.97,8.364617,300.6525347230769,168,07497-1-01,30 a 44,Hombres,Quintil alto,Centro,Trabajadores moviles,Motorizados privados,302.52,48.0769230769231,254.4430769230769,46.2094578,168,37.730000000000004,245.55695537692316,561.1539547869232
4170,75.73,16.1,7.56,68.60999999999999,14.213032,343.69961830666705,168,07528-1-02,45 a 59,Hombres,Quintil alto,Centro,Trabajadores moviles,Motorizados privados,430.68,163.333333333333,267.34666666666703,76.35295164,168,23.66,732.653295053333,1068.933632173333
4172,61.09,32.9,8.99,65.02,3.406701,133.13535432,168,07531-1-01,45 a 59,Hombres,Quintil medio,Centro,Trabajadores moviles,Movilidad mixta,61.77,0,61.77,71.36535432,168,41.89,74.98000977000001,217.68671465999998
4189,13.97,23.98,11.01,119.04,3.132582,43.76217054000001,168,07558-1-01,18 a 29,Mujeres,Quintil bajo,Sur,Trabajadores moviles,Movilidad mixta,0,0,0,43.76217054000001,168,34.99,0,109.60904417999998
4190,71.98,36.2,8.74,51.07999999999999,8.240401,240.03784397180337,168,07560-1-01,45 a 59,Hombres,Quintil alto,Centro,Trabajadores moviles,Motorizados privados,306.32000000000005,84.4262295081967,221.89377049180337,18.144073480000003,168,44.940000000000005,353.1062200081967,723.4298409481968
4206,58.57,44.68,19.48,45.269999999999996,2.637091,80.61225535131038,168,07587-1-03,18 a 29,Hombres,Quintil medio,Norte,Trabajadores moviles,Movilidad mixta,43.78,5.12215435868962,38.65784564131038,41.95440971,168,64.16,73.8421645186896,243.0379230786896
4209,64.16,32.3,7.89,63.650000000000006,2.69767,82.652483,168,07589-1-02,45 a 59,Hombres,Quintil bajo,Centro,Trabajadores moviles,Motorizados privados,47.07,25,22.07,60.582483,168,40.19,90.43002419999998,198.8493815
4214,50.45,49.71,6.39,61.45,2.941209,110.163988,168,07605-1-01,30 a 44,Hombres,Quintil bajo,Centro,Trabajadores moviles,Usuarios publicos,76.78,0,76.78,33.383988,168,56.1,38.22000605000001,203.22183094999997
4217,59.86,50.01,7.44,50.690000000000005,3.154144,87.2491370745206,168,07610-1-05,18 a 29,Hombres,Quintil medio,Centro,Trabajadores moviles,Motorizados privados,106.49,58.0479452054794,48.442054794520594,38.80708228,168,57.449999999999996,101.55792276547939,282.7634955654794
4223,65.38,35.11,10.07,57.440000000000005,7.830006,293.72581204000005,168,07618-1-02,30 a 44,Hombres,Quintil alto,Centro,Trabajadores moviles,Motorizados privados,231.8,0,231.8,61.92581204000001,168,45.18,218.1999802399999,571.9596513199999
4230,81.1,23.33,8.15,55.42000000000001,8.428253,329.4246260333333,168,07631-1-02,30 a 44,Mujeres,Quintil alto,Centro,Trabajadores moviles,Motorizados privados,268.81,47.9166666666667,220.89333333333332,108.5312927,168,31.479999999999997,354.10669226666664,619.4280967066666
4236,62.11,45.74,9,51.15,2.254661,128.77699073,168,07643-1-02,18 a 29,Hombres,Quintil bajo,Centro,Trabajadores moviles,Movilidad mixta,76.24,0,76.24,52.53699072999999,168,54.74,11.260003979999993,134.68014712
4240,56.02,27.02,6.84,78.11999999999999,8.376581,228.51382204090228,168,07645-1-04,30 a 44,Hombres,Quintil alto,Norte,Trabajadores moviles,Motorizados privados,270.15999999999997,60.9022556390977,209.25774436090228,19.25607768,168,33.86,240.74224557909773,524.3732782390978
4249,75.69,33.86,6.16,52.290000000000006,1.878235,84.41357827,168,07658-1-01,45 a 59,Hombres,Quintil bajo,Centro,Trabajadores moviles,Movilidad mixta,42.25,0,42.25,42.16357827,168,40.019999999999996,57.75002887999999,132.91699358
4254,92.68,35.22,4.92,35.17999999999999,1.703827,90.98066152000001,168,07669-1-01,45 a 59,Mujeres,Quintil bajo,Norte,Trabajadores moviles,Movilidad mixta,63.07000000000001,0,63.07000000000001,27.91066152,168,40.14,66.93002483999999,135.32164061999998
4258,64.61,50.85,7.07,45.47,11.843613,206.78011164428602,168,07672-1-01,45 a 59,Hombres,Quintil alto,Centro,Trabajadores moviles,Motorizados privados,405.85,214.285714285714,191.56428571428603,15.21582593,168,57.92,558.4357242857138,1244.417789245714
4260,88.98,13.01,10.99,55.01999999999999,3.257648,163.55551911999999,168,07679-1-01,45 a 59,Hombres,Quintil bajo,Norte,Trabajadores moviles,Movilidad mixta,148.69,0,148.69,14.86551912,168,24,126.30999992000005,204.49355192000007
4266,96.04,16.84,6.1,49.01999999999999,4.381031,341.60425752000003,168,07691-1-01,30 a 44,Mujeres,Quintil bajo,Sur,Trabajadores moviles,Motorizados privados,163.35000000000002,10,153.35000000000002,188.25425751999998,168,22.939999999999998,79.14995972000003,179.6508108600001
4274,53.75,48.73,9.9,55.62000000000001,3.375009,69.54673125,168,07706-1-01,18 a 29,Hombres,Quintil bajo,Norte,Trabajadores moviles,Movilidad mixta,128.14,70,58.139999999999986,11.40673125,168,58.629999999999995,111.86000250000001,309.73678017
4277,51.52,35.57,9.64,71.27,7.691042,227.62251207999998,168,07714-1-02,30 a 44,Hombres,Quintil alto,Centro,Trabajadores moviles,Motorizados privados,206.38,0,206.38,21.242512079999997,168,45.21,168.61997176000006,516.33198058
4282,66.81,16.76,9.96,74.47,3.012744,141.21144059,168,07721-1-01,45 a 59,Mujeres,Quintil medio,Centro,Trabajadores moviles,Usuarios publicos,74.92999999999999,0,74.92999999999999,66.28144058999999,168,26.720000000000002,60.06998605000001,140.57050573000004
4290,54.94,37.22,4.89,70.95,11.484444,289.27533686000004,168,07742-1-02,18 a 29,Mujeres,Quintil alto,Norte,Trabajadores moviles,Movilidad mixta,258.32000000000005,0,258.32000000000005,30.955336859999996,168,42.11,341.68001649999997,825.2899533399999
4293,54.03,36.86,8.51,68.6,3.57266,133.39080926,168,07744-1-01,30 a 44,Hombres,Quintil bajo,Centro,Trabajadores moviles,Usuarios publicos,102.86,0,102.86,30.530809259999998,168,45.37,59.64001053999999,221.73159474000002
4316,58.43,33.82,10.51,65.24,9.67011,296.58451575999993,168,07794-1-01,30 a 44,Hombres,Quintil medio,Sur,Trabajadores moviles,Movilidad mixta,256.55999999999995,0,256.55999999999995,40.02451576,168,44.33,268.44001154,697.11598784
4323,58.51,31.38,7.53,70.58000000000001,2.515733,96.74556996000001,168,07812-1-03,45 a 59,Hombres,Quintil bajo,Centro,Trabajadores moviles,Motorizados privados,62.050000000000004,0,62.050000000000004,34.69556996,168,38.91,50.449967869999995,148.33713889999996
4344,59.33,48.14,9.42,51.11,2.408524,99.83774346,168,07858-1-01,30 a 44,Hombres,Quintil bajo,Centro,Trabajadores moviles,Motorizados privados,56.94,0,56.94,42.89774346,168,57.56,43.05998545999999,181.6946269
4352,57.84,34.16,11.32,64.68,3.905298,142.41244508,168,07870-1-02,30 a 44,Hombres,Quintil bajo,Centro,Trabajadores moviles,Movilidad mixta,104.03,0,104.03,38.38244508,168,45.48,83.46999124000001,261.08294428
4369,49.48,33.34,10.61,74.57000000000001,4.64076,107.05478096,168,07906-1-01,45 a 59,Hombres,Quintil medio,Centro,Trabajadores moviles,Movilidad mixta,102.43,0,102.43,4.62478096,168,43.95,122.57002383999999,326.53142584
4372,46.18,33.27,12.4,76.14999999999998,9.65456,238.01758109999997,168,07912-1-01,30 a 44,Mujeres,Quintil medio,Centro,Trabajadores moviles,Motorizados privados,217.17,0,217.17,20.8475811,168,45.67,207.82999970000003,648.7537549000003
4378,76.8,23.39,3.76,64.05,1.166003,34.1123733333333,168,07918-1-04,18 a 29,Mujeres,Quintil bajo,Norte,Trabajadores moviles,Movilidad mixta,48.730000000000004,29.1666666666667,19.563333333333304,14.54904,168,27.15,55.43665706666669,87.09363851666669
4391,65.55,28.3,7.03,67.12,3.631777,175.69295635,168,07942-1-01,30 a 44,Hombres,Quintil bajo,Norte,Trabajadores moviles,Usuarios publicos,112.63,0,112.63,63.06295635000001,168,35.33,62.370025999999996,190.68070741
4395,53.55,38.32,4.21,71.92,2.60474,81.5538342,168,07953-1-04,30 a 44,Hombres,Quintil medio,Centro,Trabajadores moviles,Usuarios publicos,54.57,0,54.57,26.9838342,168,42.53,57.929992799999994,168.709585
4400,53.16,53.29,12.36,49.190000000000005,2.921781,22.808388939129998,168,07961-1-02,60 o mas,Hombres,Quintil medio,Centro,Trabajadores moviles,Usuarios publicos,110.53,113.04347826087,-2.513478260870002,25.3218672,168,65.65,132.51348902087,324.32841167087
4408,62.27,42.06,7.2,56.469999999999985,4.462216,167.97216500000002,168,07976-1-01,30 a 44,Hombres,Quintil bajo,Centro,Trabajadores moviles,Usuarios publicos,127.61000000000001,0,127.61000000000001,40.362165,168,49.260000000000005,109.89002532,329.69878548
4420,62.51,36.59,4.91,63.99000000000001,7.641279,121.76636967,168,07997-1-01,60 o mas,Mujeres,Quintil medio,Centro,Trabajadores moviles,Motorizados privados,279.11,210,69.11000000000001,52.65636966999999,168,41.5,355.88998061999996,673.0030591199999
4426,54.44,53.27,10.01,50.28,2.844371,88.85757136,168,08010-1-01,45 a 59,Hombres,Quintil bajo,Centro,Trabajadores moviles,Usuarios publicos,59.01,0,59.01,29.847571359999996,168,63.28,65.98998588000002,245.98178276
4429,45.35,63.35,8.29,51.010000000000005,3.137266,137.3850216,168,08020-1-01,30 a 44,Mujeres,Quintil bajo,Sur,Trabajadores moviles,Motorizados privados,120.10999999999999,0,120.10999999999999,17.2750216,168,71.64,4.889991500000008,229.64372774
4437,105.01,12.92,4.47,45.599999999999994,4.871344,315.03984474,168,08037-1-01,30 a 44,Mujeres,Quintil medio,Norte,Trabajadores moviles,Movilidad mixta,253.49999999999997,0,253.49999999999997,61.53984473999999,168,17.39,196.49998870000002,281.21266085999997
4441,70.85,19.61,9.92,67.62,2.879796,173.13354945,168,08044-1-02,30 a 44,Mujeres,Quintil bajo,Sur,Trabajadores moviles,Movilidad mixta,49.1,0,49.1,124.03354945,168,29.53,30.89999714999996,115.94037302999996
4458,59.56,45.58,7.48,55.379999999999995,3.932511,167.15036456,168,08083-1-01,45 a 59,Mujeres,Quintil bajo,Sur,Trabajadores moviles,Motorizados privados,107.93,0,107.93,59.22036456,168,53.06,67.06999059999998,275.72902426
4459,54.96,43.48,7.3,62.260000000000005,3.385043,109.0310012990476,168,08089-1-02,30 a 44,Hombres,Quintil bajo,Sur,Trabajadores moviles,Motorizados privados,112.87,52.3809523809524,60.489047619047604,48.54195368,168,50.779999999999994,77.0109619809524,248.9034455209524
4461,97.43,19.83,5.54,45.199999999999996,1.578019,67.0651240281561,168,08098-1-01,60 o mas,Mujeres,Quintil alto,Norte,Trabajadores moviles,Usuarios publicos,61.230000000000004,35.4112397018439,25.818760298156107,41.24636373,168,25.369999999999997,86.6812671418439,126.71560917184391
4468,71.4,43.49,6.73,46.379999999999995,3.066661,171.819633,168,08107-1-02,30 a 44,Mujeres,Quintil bajo,Sur,Trabajadores moviles,Usuarios publicos,77.86,0,77.86,93.959633,168,50.22,47.1399624,201.14767782
4476,72.73,25.64,10.09,59.53999999999999,2.632798,83.2480430563415,168,08129-1-02,60 o mas,Mujeres,Quintil bajo,Sur,Trabajadores moviles,Usuarios publicos,63.349999999999994,66.5853658536585,-3.2353658536585073,86.48340891000001,168,35.730000000000004,108.23535548365852,202.30522802365857
4489,86.1,16.9,11.52,53.480000000000004,3.567887,178.0150725,168,08153-1-02,45 a 59,Hombres,Quintil bajo,Norte,Trabajadores moviles,Movilidad mixta,170.82,0,170.82,7.1950725,168,28.419999999999998,129.17999819999997,230.57934673999998
4511,52.28,33.04,4.07,78.61000000000001,2.574857,92.8635096,168,08194-1-02,30 a 44,Mujeres,Quintil bajo,Centro,Trabajadores moviles,Movilidad mixta,70.75,0,70.75,22.1135096,168,37.11,41.75001436000001,137.30295762999998
4527,99.31,12.33,8.44,47.92,2.146443,84.4554446322222,168,08220-1-01,45 a 59,Mujeres,Quintil bajo,Centro,Trabajadores moviles,Motorizados privados,99.07000000000001,77.7777777777778,21.292222222222208,63.163222409999996,168,20.77,128.7078096977778,173.2894308077778
4539,80.73,17.43,9.87,59.970000000000006,4.952528,248.10756470999996,168,08245-1-01,18 a 29,Mujeres,Quintil alto,Norte,Trabajadores moviles,Motorizados privados,166.28999999999996,18,148.28999999999996,99.81756471000001,168,27.299999999999997,151.71002073000005,286.91403513000006
4540,77.08,26.1,8.36,56.459999999999994,4.917845,214.71749152000004,168,08245-1-02,30 a 44,Hombres,Quintil alto,Norte,Trabajadores moviles,Movilidad mixta,180.15000000000003,19.5,160.65000000000003,54.06749152,168,34.46,164.35000107999994,333.81893977999994
4545,69.67,31.08,11.07,56.18,3.278263,170.31657424999997,168,08254-1-02,30 a 44,Mujeres,Quintil bajo,Sur,Trabajadores moviles,Usuarios publicos,92.92,0,92.92,77.39657424999999,168,42.15,58.080008960000015,196.25879441
4546,65.09,55.4,15.2,32.31,2.016594,51.2945993020207,168,08256-1-03,30 a 44,Hombres,Quintil alto,Sur,Trabajadores moviles,Usuarios publicos,94.62,59.5854922279793,35.0345077720207,16.26009153,168,70.6,79.96550415797931,222.33704055797932
4547,49.05,42.53,7.74,68.68,4.8616,32.718567774194014,168,08261-1-01,30 a 44,Hombres,Quintil medio,Norte,Trabajadores moviles,Usuarios publicos,120.87,101.612903225806,19.25709677419401,13.461471,168,50.27,205.74291222580598,450.135544225806
4558,53.27,59.21,6.04,49.47999999999999,5.348318,137.13488886000002,168,08283-1-01,30 a 44,Hombres,Quintil medio,Centro,Trabajadores moviles,Motorizados privados,152.23000000000002,25,127.23000000000002,9.904888860000002,168,65.25,147.77001099999998,496.7477605
4565,68.44,44.05,9.35,46.160000000000004,2.63642,100.60658172,168,08292-1-01,45 a 59,Hombres,Quintil bajo,Centro,Trabajadores moviles,Usuarios publicos,75.17,0,75.17,25.436581719999996,168,53.4,79.83000308000003,220.61483108000004
4576,64.06,38.57,5.11,60.260000000000005,3.226421,197.76452148000004,168,08309-1-01,30 a 44,Mujeres,Quintil bajo,Sur,Trabajadores moviles,Movilidad mixta,103.58000000000001,0,103.58000000000001,94.184521480000015,168,43.68,8.920007779999992,149.85007706
4595,53,38.4,10.03,66.57,2.54161,110.775352,168,08353-1-03,18 a 29,Hombres,Quintil bajo,Norte,Trabajadores moviles,Movilidad mixta,21.07,0,21.07,89.70535199999999,168,48.43,23.929978000000006,147.0201503
4598,57.42,27.92,6.24,76.42,2.886564,99.36649460000001,168,08361-1-01,45 a 59,Mujeres,Quintil bajo,Centro,Trabajadores moviles,Usuarios publicos,46.120000000000005,0,46.120000000000005,53.246494600000005,168,34.160000000000004,66.38001028,164.98503652
4612,89.99,9.74,11.36,56.91000000000001,3.262327,130.83390837461542,168,08384-1-01,30 a 44,Hombres,Quintil medio,Norte,Trabajadores moviles,Movilidad mixta,145.31,33.0528846153846,112.2571153846154,18.57679299,168,21.1,162.74289835538457,231.57799805538457
4623,54.88,33.14,11.58,68.4,2.197849,45.714584427031504,168,08399-1-03,45 a 59,Hombres,Quintil medio,Centro,Trabajadores moviles,Usuarios publicos,52.730000000000004,27.6333789329685,25.096621067031503,20.61796336,168,44.72,74.90336869296851,173.1911759729685
4626,46.71,51.58,6.48,63.22999999999999,8.515767,208.35149214999998,168,08401-1-01,60 o mas,Hombres,Quintil medio,Sur,Trabajadores moviles,Motorizados privados,185.57999999999998,0,185.57999999999998,22.77149215,168,58.06,189.41998442000002,683.8454164400001
4635,59.46,46.16,7.29,55.089999999999996,3.362011,136.98517884,168,08410-1-01,60 o mas,Hombres,Quintil bajo,Sur,Trabajadores moviles,Movilidad mixta,69.58,7.5,62.08,74.90517884,168,53.449999999999996,62.919995220000004,242.61948316999997
4641,31.67,41.04,8.91,86.38,8.617398,112.56965650666669,168,08419-1-01,30 a 44,Hombres,Quintil alto,Centro,Trabajadores moviles,Movilidad mixta,172.98999999999998,83.3333333333333,89.65666666666668,22.91298984,168,49.95,160.3433381533333,590.7823682533334
4647,87.53,7.32,9.77,63.38000000000001,2.215729,214.97280525000002,168,08431-1-01,30 a 44,Mujeres,Quintil bajo,Sur,Trabajadores moviles,Motorizados privados,96.03,0,96.03,118.94280525,168,17.09,-21.030045880000017,16.836762729999975
4649,56.17,55.5,8.77,47.56,27.164845,463.47933261000003,168,08433-1-03,18 a 29,Hombres,Quintil alto,Centro,Trabajadores moviles,Usuarios publicos,437.63000000000005,0,437.63000000000005,25.84933261,168,64.27,1062.37001104,2808.2545991899997
4668,72.3,37.27,8.9,49.53,4.658977,243.83404019999998,168,08470-1-01,30 a 44,Hombres,Quintil medio,Sur,Trabajadores moviles,Motorizados privados,156.98999999999998,0,156.98999999999998,86.8440402,168,46.17,93.0099969,308.11496499
4672,67.16,31.82,7.1,61.92000000000001,7.37117,244.10434228413789,168,08481-1-01,45 a 59,Mujeres,Quintil alto,Centro,Trabajadores moviles,Motorizados privados,254.66,80.6034482758621,174.05655172413788,70.04779056000001,168,38.92,250.9434349158621,537.8293713158621
4673,58.03,48.02,8.69,53.26,3.726361,121.93074483000001,168,08482-1-03,30 a 44,Hombres,Quintil medio,Centro,Trabajadores moviles,Usuarios publicos,80.69,0,80.69,41.240744830000004,168,56.71,94.30998399999999,305.63191630999995
4676,74.96,20.19,7.8,65.05000000000001,2.698163,147.3443084,168,08487-1-01,30 a 44,Mujeres,Quintil bajo,Norte,Trabajadores moviles,Motorizados privados,53.839999999999996,0,53.839999999999996,93.5043084,168,27.990000000000002,54.90999008,130.43157244999998
4686,66.6,18.02,10.49,72.89000000000001,6.422978,245.45033759999998,168,08508-1-02,45 a 59,Hombres,Quintil alto,Centro,Trabajadores moviles,Movilidad mixta,192.67999999999998,0,192.67999999999998,52.770337600000005,168,28.509999999999998,182.31999719999996,365.4390999799998
4688,85.4,14.21,1.7,66.68999999999998,2.982085,139.59862982857138,168,08511-1-02,30 a 44,Hombres,Quintil bajo,Norte,Trabajadores moviles,Movilidad mixta,188.5,53.5714285714286,134.9285714285714,4.6700584,168,15.91,115.07142917142866,162.51640152142866
4690,71.08,15.52,14.23,67.17,8.190677,313.1816650899365,168,08517-1-01,30 a 44,Mujeres,Quintil alto,Norte,Trabajadores moviles,Usuarios publicos,324.37,93.3816863100635,230.9883136899365,82.1933514,168,29.75,269.0116560700636,512.6842968200637
4696,63.09,43.45,7.08,54.379999999999995,3.487794,42.98492349,168,08525-1-02,18 a 29,Hombres,Quintil alto,Centro,Trabajadores moviles,Usuarios publicos,152.94,180,-27.060000000000002,70.04492349,168,50.53,177.05999997,353.29823079000005
4719,60.4,39.81,9.85,57.93999999999999,6.98626,231.50012320000002,168,08567-1-01,30 a 44,Mujeres,Quintil bajo,Centro,Trabajadores moviles,Usuarios publicos,184.53,0,184.53,46.9701232,168,49.660000000000004,190.46998079999997,537.4076524
4724,58.76,44.45,5.6,59.190000000000005,12.929944,376.6335444,168,08575-1-01,45 a 59,Mujeres,Quintil alto,Norte,Trabajadores moviles,Motorizados privados,316.87,0,316.87,59.76354440000001,168,50.050000000000004,383.12996504,1030.2736622400002
4734,66.74,40.52,6.27,54.47,2.9888150000000002,143.25351078,168,08593-1-02,30 a 44,Mujeres,Quintil bajo,Centro,Trabajadores moviles,Movilidad mixta,68.78,0,68.78,74.47351078000001,168,46.790000000000006,56.22000231999999,196.06665617000004
4765,68.3,34.64,13.32,51.74,2.50312,126.4230721,168,08639-1-02,30 a 44,Mujeres,Quintil bajo,Centro,Trabajadores moviles,Usuarios publicos,65.46,0,65.46,60.963072100000005,168,47.96,44.54002390000001,164.58965909999995
4769,65.22,22.63,13.79,66.36000000000001,8.646509,274.7353278,168,08645-1-02,30 a 44,Mujeres,Quintil alto,Centro,Trabajadores moviles,Movilidad mixta,210.81,0,210.81,63.9253278,168,36.42,289.18998917999994,604.0958469599998
4774,71.1,18.03,7.22,71.65,3.777275,184.70428779999997,168,08653-1-02,45 a 59,Mujeres,Quintil bajo,Centro,Trabajadores moviles,Motorizados privados,91.14,0,91.14,93.56428779999999,168,25.25,83.85996469999998,179.23615845
4801,67.31,33.7,9.02,57.97,4.723532,188.58091072,168,08695-1-01,30 a 44,Mujeres,Quintil bajo,Norte,Trabajadores moviles,Motorizados privados,120.64,0,120.64,67.94091071999999,168,42.72,129.36002820000002,331.14931523999996
4828,91.68,33.79,1.65,40.879999999999995,2.583201,205.46734489945948,168,08736-1-01,30 a 44,Mujeres,Quintil bajo,Centro,Trabajadores moviles,Usuarios publicos,60.43,10.5405405405405,49.8894594594595,155.57788544,168,35.44,31.36052278054052,122.9091662205405
4849,51.28,47.16,10.01,59.550000000000004,6.255045,165.51869699999997,168,08782-1-01,45 a 59,Hombres,Quintil medio,Norte,Trabajadores moviles,Motorizados privados,144.76,0,144.76,20.758696999999998,168,57.169999999999995,155.2400106,512.8409332499999
4850,70.4,22.72,8.69,66.19,4.010683,171.1020808,168,08783-1-01,30 a 44,Mujeres,Quintil bajo,Sur,Trabajadores moviles,Usuarios publicos,138.75,0,138.75,32.3520808,168,31.409999999999997,111.25000240000003,237.22555543000004
4862,70.35,33.71,8.23,55.71000000000001,2.643122,108.7435935,168,08802-1-01,45 a 59,Mujeres,Quintil bajo,Norte,Trabajadores moviles,Usuarios publicos,37.800000000000004,0,37.800000000000004,70.9435935,168,41.94,77.20003919999999,188.05257587999998
4865,60.97,82.26,1.19,23.579999999999995,4.812461,168.97572198999998,168,08810-1-03,18 a 29,Hombres,Quintil alto,Centro,Trabajadores moviles,Usuarios publicos,120.55999999999999,0,120.55999999999999,48.41572199,168,83.45,124.44002517999999,526.03989563
4866,54.42,58.86,0.63,54.089999999999996,4.695088,141.22666999999998,168,08810-1-04,45 a 59,Hombres,Quintil alto,Centro,Trabajadores moviles,Movilidad mixta,110.71999999999998,0,110.71999999999998,30.50667,168,59.49,114.28001896000004,393.59080408
4880,62.76,44.19,6.17,54.88000000000001,2.614265,124.02130264,168,08834-1-01,30 a 44,Hombres,Quintil bajo,Centro,Trabajadores moviles,Usuarios publicos,74.95,0,74.95,49.07130264,168,50.36,40.04996876,171.70435415999998
4882,85.33,27.91,5.68,49.080000000000005,4.383489,177.9376131745455,168,08846-1-02,18 a 29,Mujeres,Quintil alto,Norte,Trabajadores moviles,Motorizados privados,145.94,92.0454545454545,53.894545454545494,124.04306772,168,33.59,196.1055031954545,343.34689870545446
4900,55.45,34.82,10.37,67.35999999999999,9.208421,201.0269747,168,08881-1-01,45 a 59,Hombres,Quintil medio,Norte,Trabajadores moviles,Movilidad mixta,215.42000000000002,50,165.42000000000002,35.6069747,168,45.19,309.57996975000003,725.70851474
4910,54.87,40.73,6.96,65.44000000000001,7.929478,233.94046878,168,08891-1-01,45 a 59,Hombres,Quintil alto,Sur,Trabajadores moviles,Motorizados privados,198.85,0,198.85,35.09046878,168,47.69,201.14998907999995,579.3067948999999
4912,30.96,55.22,3.5,78.32,3.503126,79.26678096,168,08900-1-01,30 a 44,Mujeres,Quintil bajo,Sur,Trabajadores moviles,Motorizados privados,45.81,0,45.81,33.456780959999996,168,58.72,29.189999999999998,234.89355872
4917,86.25,8.54,16.05,57.16000000000001,4.429413,157.17683449999998,168,08912-1-01,30 a 44,Hombres,Quintil medio,Norte,Trabajadores moviles,Movilidad mixta,150.14,0,150.14,7.0368345,168,24.59,224.86003675000006,333.77930242
4933,69.97,32.49,11.08,54.459999999999994,3.167689,153.06322483999998,168,08943-1-01,45 a 59,Mujeres,Quintil bajo,Sur,Trabajadores moviles,Movilidad mixta,81.42,0,81.42,71.64322483999999,168,43.57,68.57997449000004,206.59618422000005
4952,68.29,29.41,4.51,65.78999999999999,0.899492,61.42633151,168,08983-1-01,30 a 44,Mujeres,Quintil bajo,Centro,Trabajadores moviles,Usuarios publicos,0,0,0,61.42633151,168,33.92,-2.2829999991813565e-5,30.510745810000003
4953,76.11,30.42,11.11,50.36,3.666245,195.11790407,168,08988-1-01,45 a 59,Mujeres,Quintil bajo,Centro,Trabajadores moviles,Usuarios publicos,83.58000000000001,0,83.58000000000001,111.53790407,168,41.53,83.92000287999997,236.17915772999999
4959,62.24,41.27,9.62,54.86999999999998,3.068046,114.51521136,168,08994-1-01,45 a 59,Hombres,Quintil bajo,Centro,Trabajadores moviles,Movilidad mixta,73.55999999999999,0,73.55999999999999,40.95521136,168,50.89,76.43997168000001,232.57283262000007
4980,49.83,46.4,6.46,65.31000000000002,2.315528,62.01273856,168,09021-1-03,30 a 44,Hombres,Quintil medio,Norte,Trabajadores moviles,Motorizados privados,46.63,0,46.63,15.38273856,168,52.86,53.370021679999994,175.76883175999996
5010,85.41,14.11,11.47,57.010000000000005,2.920843,90.96918958,168,09073-2-01,45 a 59,Hombres,Quintil bajo,Norte,Trabajadores moviles,Movilidad mixta,86.5,0,86.5,4.46918958,168,25.58,158.50001104999998,233.21517499
5028,45.5,50.28,7.46,64.76,5.870811,106.0884122391304,168,09096-1-04,30 a 44,Hombres,Quintil alto,Sur,Trabajadores moviles,Motorizados privados,127.01,38.0434782608696,88.9665217391304,17.1218905,168,57.74,161.03348826086958,500.0141154008695
5033,88.09,20.82,9.2,49.89,5.537551,255.78286974,168,09111-1-01,30 a 44,Hombres,Quintil medio,Centro,Trabajadores moviles,Motorizados privados,242.98,0,242.98,12.802869739999998,168,30.02,232.01999785,398.25727886999994
5040,68.47,43.67,4.81,51.05,5.411844,252.78896587,168,09116-1-01,30 a 44,Hombres,Quintil medio,Sur,Trabajadores moviles,Motorizados privados,182.24,0,182.24,70.54896586999999,168,48.480000000000004,117.75999281,380.1261899300001
5075,79.46,27.36,10.15,51.03000000000001,1.264348,100.46508758,168,09180-1-03,18 a 29,Mujeres,Quintil bajo,Centro,Trabajadores moviles,Movilidad activa,0,0,0,100.46508758,168,37.51,4.499999988638592e-6,47.42569798000001
5099,88.9,17.12,7.65,54.32999999999999,4.675794,183.44811839999997,168,09213-1-01,45 a 59,Hombres,Quintil bajo,Norte,Trabajadores moviles,Movilidad mixta,167.76999999999998,0,167.76999999999998,15.6781184,168,24.770000000000003,232.22996820000006,348.04938558000003
5106,60.02,34.65,8.92,64.40999999999998,0.765833,45.96527042,168,09227-1-02,18 a 29,Mujeres,Quintil bajo,Sur,Trabajadores moviles,Usuarios publicos,0,0,0,45.96527042,168,43.57,2.6239999996846564e-5,33.36737005000001
5132,88.71,22.71,5.77,50.81,2.56648,111.38243133,168,09275-1-01,45 a 59,Hombres,Quintil bajo,Centro,Trabajadores moviles,Motorizados privados,96.21000000000001,0,96.21000000000001,15.17243133,168,28.48,116.29000946999997,189.38335986999996
5135,66.29,36.13,7.44,58.139999999999986,2.391383,85.77099367038758,168,09277-1-02,45 a 59,Mujeres,Quintil bajo,Sur,Trabajadores moviles,Movilidad mixta,64.94,15.1937984496124,49.746201550387596,36.024792119999994,168,43.57,72.75378539961241,176.94634270961242
5180,49.57,48.07,7.46,62.90000000000001,2.801343,79.27257402,168,09358-1-03,18 a 29,Mujeres,Quintil alto,Centro,Trabajadores moviles,Motorizados privados,65.41,0,65.41,13.862574020000002,168,55.53,59.58999849000001,215.14857528000005
5205,74.69,21.56,7.73,64.02,2.718785,135.56600372,168,09392-1-01,45 a 59,Mujeres,Quintil medio,Norte,Trabajadores moviles,Movilidad mixta,47.49999999999999,0,47.49999999999999,88.06600372,168,29.29,67.50004793,147.13326058000004
5206,53.91,26.55,9.97,77.57000000000001,1.951394,62.11962851,168,09393-1-03,18 a 29,Hombres,Quintil medio,Norte,Trabajadores moviles,Usuarios publicos,44.42,0,44.42,17.69962851,168,36.52,43.080022029999995,114.34493091
5209,72.84,21.55,9.48,64.13,5.287939,187.12348924000003,168,09400-1-01,45 a 59,Mujeres,Quintil bajo,Centro,Trabajadores moviles,Motorizados privados,189.45000000000002,87.5,101.95000000000002,85.17348924,168,31.03,198.04998751999995,362.13473468999996
5229,51.73,30.88,22.55,62.84000000000002,2.621827,118.86708844,168,09428-1-01,45 a 59,Mujeres,Quintil bajo,Centro,Trabajadores moviles,Usuarios publicos,89.49,0,89.49,29.37708844,168,53.43,16.760022270000007,156.84423887999995
5234,49.96,20.73,3.63,93.67999999999999,2.929597,135.11264319999998,168,09435-1-01,30 a 44,Mujeres,Quintil bajo,Centro,Trabajadores moviles,Usuarios publicos,56.25,30,26.25,108.8626432,168,24.36,11.25002292000002,82.61500584000004
5289,19.15,13.21,8.08,127.55999999999999,2.029576,51.02638790000002,168,09536-1-02,18 a 29,Mujeres,Quintil bajo,Centro,Trabajadores moviles,Movilidad activa,79.66000000000001,50,29.66000000000001,21.366387900000003,168,21.29,-12.16000750000002,31.049665540000007
5294,46.19,50.02,10.83,60.959999999999994,8.518143,181.80304614000002,168,09550-1-01,45 a 59,Hombres,Quintil bajo,Norte,Trabajadores moviles,Movilidad mixta,163.35000000000002,0,163.35000000000002,18.45304614,168,60.85,211.64997902999997,729.9789805800001
5312,74.36,33.99,6.95,52.699999999999996,2.925544,131.52346784,168,09578-1-02,30 a 44,Mujeres,Quintil medio,Norte,Trabajadores moviles,Motorizados privados,68.97999999999999,42.5,26.47999999999999,105.04346784,168,40.940000000000005,86.019984,205.79175536000005
5329,77.89,43.03,8.77,38.31,4.026184,211.43945095,168,09611-1-02,30 a 44,Mujeres,Quintil alto,Centro,Trabajadores moviles,Motorizados privados,112.84,0,112.84,98.59945095,168,51.8,102.16002080999996,310.7163520099999
5331,50.27,37.6,12.62,67.50999999999999,2.566199,48.28282582,168,09613-1-03,18 a 29,Hombres,Quintil bajo,Centro,Trabajadores moviles,Movilidad mixta,56.779999999999994,25,31.779999999999994,16.50282582,168,50.22,80.71999791000002,209.59451169000002
5337,60.62,36.66,4.88,65.84,3.649394,157.40627496000002,168,09622-1-02,18 a 29,Mujeres,Quintil bajo,Sur,Trabajadores moviles,Usuarios publicos,93.68000000000002,0,93.68000000000002,63.72627495999999,168,41.54,63.81998931999996,215.41581607999996
5349,90.42,14.09,9.79,53.699999999999996,2.904472,261.20232748,168,09640-1-01,30 a 44,Mujeres,Quintil bajo,Sur,Trabajadores moviles,Usuarios publicos,123.58,0,123.58,137.62232748,168,23.88,1.4200307600000315,70.77882212000003
5353,68.87,35.53,8.31,55.28999999999999,5.054566,214.29796184999998,168,09647-1-01,30 a 44,Mujeres,Quintil bajo,Centro,Trabajadores moviles,Motorizados privados,186.19,45,141.19,73.10796185,168,43.84,133.80999857000006,355.4021720100001
5356,68.29,38.43,6.67,54.60999999999999,5.336763,240.63756406,168,09651-1-01,30 a 44,Hombres,Quintil medio,Centro,Trabajadores moviles,Motorizados privados,201.19,0,201.19,39.447564060000005,168,45.1,123.80998121000005,364.4979925100002
5362,50.91,38.2,11.95,66.94,10.166265,299.20456728,168,09658-1-01,45 a 59,Hombres,Quintil alto,Centro,Trabajadores moviles,Motorizados privados,281.64,0,281.64,17.564567280000002,168,50.150000000000006,218.35998386999995,728.19817362
5384,77.36,28.24,8.59,53.81,3.416917,190.21267376,168,09692-1-01,18 a 29,Mujeres,Quintil bajo,Centro,Trabajadores moviles,Usuarios publicos,100.88,0,100.88,89.33267376,168,36.83,74.12002536000003,199.96507847
5388,59.85,44.97,11.52,51.66000000000001,3.375996,118.1933913,168,09698-2-01,30 a 44,Hombres,Quintil bajo,Sur,Trabajadores moviles,Movilidad mixta,83.64,0,83.64,34.553391299999994,168,56.489999999999995,83.85996930000002,274.56998334
5399,61.93,42.13,11.93,52.00999999999999,3.505094,32.706546906067985,168,09721-1-01,45 a 59,Hombres,Quintil medio,Centro,Trabajadores moviles,Movilidad mixta,139.76,131.623931623932,8.136068376067982,24.57047853,168,54.06,184.36392451393203,373.84930615393205
5401,61.03,44.4,8.83,53.74,21.768569,555.26578978,168,09725-1-01,45 a 59,Mujeres,Quintil alto,Centro,Trabajadores moviles,Movilidad mixta,476.73,0,476.73,78.53578978,168,53.23,773.2699762899999,1932.0109041599999
5403,52.47,42.93,9.96,62.63999999999999,9.966422,188.89815887999998,168,09727-1-03,30 a 44,Mujeres,Quintil alto,Centro,Trabajadores moviles,Motorizados privados,165.95999999999998,0,165.95999999999998,22.93815888,168,52.89,334.04000346,861.1640630400002
5407,77.5,21.26,7.49,61.74999999999999,2.66501,155.918265,168,09735-1-01,30 a 44,Mujeres,Quintil bajo,Sur,Trabajadores moviles,Motorizados privados,99.38,30,69.38,86.538265,168,28.75,50.62001000000001,127.2390475
5409,58.98,37.2,9.97,61.85000000000001,2.607968,106.47794184,168,09740-1-02,18 a 29,Hombres,Quintil bajo,Centro,Trabajadores moviles,Usuarios publicos,52.660000000000004,0,52.660000000000004,53.81794183999999,168,47.17,47.34001079999999,170.35786136
5412,68.83,38.44,6.49,54.24,3.148988,185.32484129,168,09748-1-01,45 a 59,Mujeres,Quintil bajo,Sur,Trabajadores moviles,Motorizados privados,86.08,17.5,68.58,116.74484129,168,44.93,31.42000275000001,172.90403358999998
5419,3.43,51.49,7.89,105.18999999999998,2.988096,10.24916928,168,09766-1-03,18 a 29,Hombres,Quintil alto,Centro,Trabajadores moviles,Usuarios publicos,0,0,0,10.24916928,168,59.38,0,177.43314048000008
5442,63.71,30.1,8.75,65.44,3.357075,187.18927038,168,09809-1-01,30 a 44,Hombres,Quintil bajo,Norte,Trabajadores moviles,Motorizados privados,123.31,0,123.31,63.87927038000001,168,38.85,26.689977870000007,157.11234162000002
5457,77.63,25.65,11.33,53.39,4.030236,211.68723696999996,168,09831-1-01,45 a 59,Mujeres,Quintil bajo,Centro,Trabajadores moviles,Usuarios publicos,111.32,0,111.32,100.36723696999998,168,36.98,101.17998371000004,250.21811099000007
5489,72.81,34.55,7.12,53.52,6.664126,280.31498485,168,09902-1-01,45 a 59,Hombres,Quintil medio,Centro,Trabajadores moviles,Usuarios publicos,195.09999999999997,0,195.09999999999997,85.21498485000001,168,41.669999999999995,204.90002921000007,482.59415963000004
5500,62.47,56.08,4.27,45.18000000000001,2.966556,106.58073467,168,09921-1-01,30 a 44,Hombres,Quintil bajo,Centro,Trabajadores moviles,Usuarios publicos,81.26,0,81.26,25.32073467,168,60.349999999999994,78.74001865000002,257.77167325000005
5501,64.16,35.73,8.74,59.37000000000001,4.852209,194.43771504,168,09921-1-02,30 a 44,Mujeres,Quintil bajo,Centro,Trabajadores moviles,Movilidad mixta,120.61999999999999,0,120.61999999999999,73.81771504,168,44.47,116.8800144,332.65774862999996
5504,95.47,15.03,6.12,51.38,3.929361,297.39610696,168,09924-1-01,30 a 44,Hombres,Quintil bajo,Sur,Trabajadores moviles,Movilidad mixta,222.26000000000002,0,222.26000000000002,75.13610695999999,168,21.15,77.73998770999998,160.84597286000002
5506,49.42,50.13,11.51,56.93999999999999,2.770224,53.29691987478991,168,09926-1-03,30 a 44,Hombres,Quintil bajo,Centro,Trabajadores moviles,Usuarios publicos,52.800000000000004,28.9075630252101,23.892436974789906,29.404482899999998,168,61.64,83.60755020521007,254.36415756521006
5515,51.83,38.85,13.71,63.60999999999999,6.0141,176.50078502,168,09952-1-01,45 a 59,Hombres,Quintil bajo,Sur,Trabajadores moviles,Motorizados privados,139.79,0,139.79,36.710785019999996,168,52.56,135.21001798,451.3111139800001
5519,57.06,34.12,13.22,63.599999999999994,7.251336,195.67125004,168,09957-1-01,60 o mas,Hombres,Quintil alto,Centro,Trabajadores moviles,Motorizados privados,156.91,0,156.91,38.76125004,168,47.339999999999996,218.08998212000003,561.3682283600001
5521,49.83,46.98,8.4,62.79,3.26811,43.78965603972969,168,09959-1-01,18 a 29,Hombres,Quintil bajo,Sur,Trabajadores moviles,Movilidad mixta,103.71,65.2702702702703,38.43972972972969,5.34992631,168,55.379999999999995,119.06026526027031,300.04819706027035
5547,57.14,39,5.63,66.23,2.905716,101.97260306,168,09993-1-02,18 a 29,Hombres,Quintil bajo,Sur,Trabajadores moviles,Usuarios publicos,73.44,0,73.44,28.532603060000003,168,44.63,64.06000918,193.74211426
5562,73.5,21.74,7.13,65.63000000000001,6.19669,299.3667075,168,10013-1-01,30 a 44,Hombres,Quintil bajo,Sur,Trabajadores moviles,Motorizados privados,218.91,0,218.91,80.45670750000001,168,28.869999999999997,156.0900075,334.98844779999996
5587,66.94,39.65,8.98,52.43000000000001,4.990434,139.8163094266667,168,10066-1-01,45 a 59,Mujeres,Quintil bajo,Centro,Trabajadores moviles,Motorizados privados,139.09,83.3333333333333,55.7566666666667,84.05964276,168,48.629999999999995,194.24334253333325,436.9281479533333
5602,58.2,44.25,6.78,58.769999999999996,6.925801,252.191608,168,10088-1-02,30 a 44,Hombres,Quintil bajo,Norte,Trabajadores moviles,Motorizados privados,199.11,0,199.11,53.081607999999996,168,51.03,150.89001020000003,504.31363523000005
5610,72.74,18.49,13.3,63.47000000000001,1.840532,9.88341146019509,168,10106-1-01,60 o mas,Hombres,Quintil alto,Centro,Trabajadores moviles,Usuarios publicos,93.02,92.0168792198049,1.0031207801950899,8.88029068,168,31.79,123.99688621980489,182.5073984998049
5701,47.34,41.49,9.99,69.17999999999999,2.45423,81.28322362,168,10269-1-03,18 a 29,Mujeres,Quintil medio,Centro,Trabajadores moviles,Usuarios publicos,30.099999999999994,0,30.099999999999994,51.18322362,168,51.480000000000004,34.90002458000001,161.24378498000002
5707,29.11,66.96,9.1,62.82999999999999,6.383078,122.7822066492079,168,10285-1-02,30 a 44,Hombres,Quintil bajo,Sur,Trabajadores moviles,Motorizados privados,126.55,17.0792079207921,109.4707920792079,13.31141457,167.99999999999997,76.05999999999999,63.029193930792104,548.5261066107922
5739,47.82,44.94,11.3,63.94000000000001,4.116093,115.15156182000001,168,10333-1-04,30 a 44,Mujeres,Quintil alto,Centro,Trabajadores moviles,Usuarios publicos,58.32,0,58.32,56.831561820000005,168,56.239999999999995,81.68000544,313.16907575999994
5743,50.88,54.33,24.73,38.06,3.632777,117.56568192,168,10347-1-01,45 a 59,Hombres,Quintil bajo,Sur,Trabajadores moviles,Motorizados privados,82.73,0,82.73,34.83568192,168,79.06,67.27001184,354.47736146
5747,62.93,43.18,5.92,55.96999999999999,3.632461,162.95074390999997,168,10352-1-01,30 a 44,Mujeres,Quintil bajo,Sur,Trabajadores moviles,Usuarios publicos,154.35999999999999,45,109.35999999999999,53.59074391,168,49.1,65.64002682000003,243.99386192000003
5758,83.97,29.17,3.5,51.36,1.013601,51.85211582,168,10368-1-01,30 a 44,Hombres,Quintil bajo,Centro,Trabajadores moviles,Motorizados privados,29.240000000000002,0,29.240000000000002,22.61211582,168,32.67,33.25996014999999,66.37430481999999
5767,86.61,14.53,11.28,55.58,8.669342,386.61170291999997,168,10385-1-01,30 a 44,Mujeres,Quintil alto,Norte,Trabajadores moviles,Motorizados privados,385.76,125,260.76,125.85170292,168,25.81,364.2400077000001,587.9957247200001
5774,77.44,23.65,6.41,60.5,5.136667,223.59347028,168,10396-1-02,30 a 44,Mujeres,Quintil alto,Centro,Trabajadores moviles,Usuarios publicos,125.81,0,125.81,97.78347027999999,168,30.06,174.19002220000002,328.59823222
5777,86.71,35.73,5.04,40.52000000000001,0.957453,53.4323092015385,168,10398-1-01,30 a 44,Hombres,Quintil bajo,Centro,Trabajadores moviles,Movilidad mixta,56.95,11.5384615384615,45.411538461538505,8.02077074,168,40.769999999999996,29.588440428461496,68.62379923846149
5778,48.99,41.45,5.69,71.86999999999999,7.732649,240.1324794,168,10400-1-01,30 a 44,Hombres,Quintil medio,Centro,Trabajadores moviles,Motorizados privados,211.31,0,211.31,28.8224794,168,47.14,138.68999511,503.20706897000014
5784,52.46,56.37,5.25,53.919999999999995,2.403255,60.073752429010995,168,10406-1-03,18 a 29,Hombres,Quintil bajo,Centro,Trabajadores moviles,Movilidad mixta,56.76,10.260989010989,46.499010989011,13.57474144,168,61.62,66.00100487098902,214.08957797098907
5789,95.47,16.89,4.24,51.4,2.966357,219.18812567999998,168,10419-1-02,30 a 44,Hombres,Quintil bajo,Centro,Trabajadores moviles,Motorizados privados,185.98999999999998,0,185.98999999999998,33.19812568,168,21.130000000000003,64.00997711000002,126.68910052000001
5794,69.82,41.41,6.13,50.64000000000001,8.238166,299.56874002,168,10428-1-01,45 a 59,Mujeres,Quintil alto,Norte,Trabajadores moviles,Motorizados privados,224.38,0,224.38,75.18874002000001,168,47.54,275.6200100999999,667.2624217399998
5795,69.19,40.6,6.8,51.410000000000004,7.572812,275.91283601,168,10428-1-02,45 a 59,Hombres,Quintil alto,Norte,Trabajadores moviles,Motorizados privados,201.95,0,201.95,73.96283600999999,168,47.4,248.05002627,607.00131507
5819,68.58,49.16,2.1,48.160000000000004,2.696607,144.77327512,168,10477-1-01,18 a 29,Hombres,Quintil bajo,Norte,Trabajadores moviles,Movilidad mixta,79.84,0,79.84,64.93327511999999,168,51.26,40.16003294000001,178.38810776000003
5826,91.47,19.39,5.23,51.91,2.160805,99.80880842999998,168,10496-1-01,30 a 44,Hombres,Quintil bajo,Norte,Trabajadores moviles,Movilidad mixta,77.15999999999998,0,77.15999999999998,22.64880843,168,24.62,97.84002492,151.03904402
5852,109,7.65,1.09,50.26,1.506059,48.5157224657534,168,10533-1-06,30 a 44,Hombres,Quintil bajo,Norte,Trabajadores moviles,Motorizados privados,87.78,53.4246575342466,34.3553424657534,14.16038,168,8.74,115.64470853424662,128.80766419424663
5867,69.57,35.28,5.38,57.77,0.450415,31.33539552,168,10567-1-04,18 a 29,Hombres,Quintil bajo,Centro,Trabajadores moviles,Movilidad mixta,0,0,0,31.33539552,168,40.660000000000004,-2.397000000087246e-5,18.313849929999996
5872,49.69,31.08,8.71,78.52000000000001,3.376109,114.33886610000002,168,10580-1-01,30 a 44,Hombres,Quintil bajo,Centro,Trabajadores moviles,Motorizados privados,84.08000000000001,0,84.08000000000001,30.2588661,168,39.79,53.419990109999986,187.75536721999993
5875,85.03,6.16,11.28,65.53,3.565086,144.53927005,168,10582-1-03,30 a 44,Hombres,Quintil bajo,Norte,Trabajadores moviles,Movilidad mixta,141.4,0,141.4,3.1392700500000004,168,17.439999999999998,158.59999252999998,220.77509237
5878,44.07,48.55,12.51,62.87000000000001,3.355473,48.325709550000006,168,10584-1-03,18 a 29,Hombres,Quintil bajo,Norte,Trabajadores moviles,Movilidad mixta,54.2,18.75,35.45,12.875709550000002,168.00000000000003,61.059999999999995,99.54998556000001,304.43516694
5880,57.23,36.07,13.58,61.12000000000002,4.171346,55.348419242307706,168,10589-1-01,30 a 44,Hombres,Quintil medio,Centro,Trabajadores moviles,Usuarios publicos,108.93,92.3076923076923,16.6223076923077,38.726111550000006,168,49.65,183.3777123376923,390.48504123769214
5894,70.34,29.55,8.81,59.3,5.379571,274.68904492,168,10611-1-01,30 a 44,Hombres,Quintil medio,Centro,Trabajadores moviles,Motorizados privados,171.29,0,171.29,103.39904492000001,168,38.36,103.70997922000004,310.0703227800001
5910,57.93,38.67,9.72,61.67999999999999,2.665812,86.2677719172973,168,10627-1-03,18 a 29,Hombres,Quintil medio,Centro,Trabajadores moviles,Motorizados privados,67.04,20.2027027027027,46.837297297297305,39.43047462,168,48.39,68.16271724270268,197.16135992270273
5926,74.68,31.58,9.23,52.50999999999999,9.795342,383.9361730400001,168,10655-1-01,45 a 59,Hombres,Quintil alto,Centro,Trabajadores moviles,Motorizados privados,352.4200000000001,0,352.4200000000001,31.516173039999998,168,40.81,347.57996751999997,747.32787454
5934,49.38,51,6.41,61.21000000000001,3.815881,118.58819086,168,10670-1-01,45 a 59,Hombres,Quintil bajo,Sur,Trabajadores moviles,Movilidad mixta,105.16,0,105.16,13.428190859999999,168,57.41,69.84001292000002,288.90974113
5961,90.5,22.43,6.94,48.13,2.863666,135.23176,168,10714-1-01,30 a 44,Hombres,Quintil medio,Norte,Trabajadores moviles,Movilidad mixta,113.32000000000001,0,113.32000000000001,21.911759999999997,168,29.37,123.93001299999997,208.03588342
5965,73.46,34.34,7.65,52.550000000000004,7.837962,353.63669984,168,10719-1-01,30 a 44,Mujeres,Quintil medio,Sur,Trabajadores moviles,Motorizados privados,277.86,0,277.86,75.77669983999999,168,41.99,222.13998868,551.2560130599999
5969,76.66,29.48,6.41,55.45,7.786522,384.3747426,168,10722-1-01,30 a 44,Hombres,Quintil medio,Centro,Trabajadores moviles,Motorizados privados,287.46,0,287.46,96.91474260000003,168,35.89,212.54003391999993,491.9983085
5980,67.32,39.14,9.4,52.14000000000001,5.868342,157.03300689655174,168,10738-1-03,18 a 29,Hombres,Quintil alto,Norte,Trabajadores moviles,Motorizados privados,209.39000000000001,72.4137931034483,136.97620689655173,20.0568,168,48.54,238.0237765434482,522.8730972234482
5986,72.03,28.79,10.78,56.400000000000006,2.991165,154.23360705,168,10761-1-02,30 a 44,Mujeres,Quintil alto,Norte,Trabajadores moviles,Motorizados privados,53.78,0,53.78,100.45360705,168,39.57,61.22000790000001,179.58040695
5987,97.13,13.64,5.63,51.6,3.755541,230.33570688,168,10762-1-01,30 a 44,Hombres,Quintil medio,Sur,Trabajadores moviles,Motorizados privados,190.56,0,190.56,39.77570688,168,19.27,134.43999044999995,206.80926552000003
6026,62.62,43.91,11.27,50.2,7.136038,257.74869574,168,10837-1-01,30 a 44,Hombres,Quintil bajo,Centro,Trabajadores moviles,Motorizados privados,185.89,0,185.89,71.85869574,168,55.17999999999999,189.11000381999997,582.87658066
6029,84.43,25.56,8.53,49.47999999999999,4.23136,245.15370871999997,168,10843-1-02,45 a 59,Mujeres,Quintil alto,Sur,Trabajadores moviles,Movilidad mixta,137.89999999999998,0,137.89999999999998,107.25370871999999,168,34.089999999999996,112.10001608000002,256.34707848000005
6034,68.34,20.72,7.37,71.57,3.721343,202.98658313999996,168,10850-1-01,30 a 44,Mujeres,Quintil bajo,Centro,Trabajadores moviles,Motorizados privados,98.66999999999999,0,98.66999999999999,104.31658313999998,168,28.09,51.32999748000006,155.8625223500001
6051,62.66,27.91,11.45,65.98,2.545413,104.49406039846154,168,10875-1-01,30 a 44,Mujeres,Quintil medio,Centro,Trabajadores moviles,Movilidad mixta,53.46,3.46153846153846,49.99846153846154,54.49559886,168,39.36,55.00151818153846,155.18897386153844
6067,66.84,33.26,9.63,58.27,2.242348,108.04854660000001,168,10900-1-02,30 a 44,Hombres,Quintil bajo,Sur,Trabajadores moviles,Movilidad mixta,55.67,0,55.67,52.3785466,168,42.89,41.829993719999976,138.00429943999995
6081,51.06,47.15,10.75,59.03999999999999,1.450209,40.474043856363636,168,10925-1-01,45 a 59,Hombres,Quintil bajo,Centro,Trabajadores moviles,Movilidad mixta,22.789999999999996,6.36363636363636,16.426363636363636,24.04768022,168,57.9,33.573627683636374,117.54072878363638
6089,52.98,57.02,17.33,40.67000000000001,1.644631,65.49256026,168,10936-1-03,18 a 29,Mujeres,Quintil bajo,Norte,Trabajadores moviles,Movilidad mixta,40.86,0,40.86,24.63256026,168,74.35,21.639990119999993,143.91830496999995
6091,62.82,30.94,8.97,65.27000000000001,6.046835,112.43613429168897,168,10937-1-02,30 a 44,Hombres,Quintil alto,Centro,Trabajadores moviles,Usuarios publicos,183.52999999999997,125.956050228311,57.57394977168897,54.86218452,168,39.910000000000004,267.426040408311,508.75522525831093
6141,61.24,47.09,7.79,51.87999999999999,3.337604,122.22483883999999,168,11014-1-02,18 a 29,Mujeres,Quintil medio,Norte,Trabajadores moviles,Motorizados privados,82.82999999999998,0,82.82999999999998,39.39483884,168,54.88,82.17003012,265.33773764
6142,53.37,40.71,8.23,65.68999999999998,14.536323,376.42357168,168,11017-1-01,45 a 59,Mujeres,Quintil alto,Centro,Trabajadores moviles,Motorizados privados,350.62,0,350.62,25.803571679999997,168,48.94,399.3799868299999,1110.78763445
6146,58.15,16.19,9.12,84.53999999999999,1.468954,80.10967345,168,11020-1-01,45 a 59,Hombres,Quintil bajo,Sur,Trabajadores moviles,Motorizados privados,44.69,0,44.69,35.41967345,168,25.310000000000002,5.310001650000004,42.48922739000001
6167,75.64,33.61,6.15,52.6,3.68226,201.21616992,168,11069-1-02,30 a 44,Mujeres,Quintil bajo,Centro,Trabajadores moviles,Usuarios publicos,110.19,0,110.19,91.02616992,168,39.76,77.30997648000002,223.71663408000003
6168,56.97,38.08,9.19,63.760000000000005,2.672094,100.96441347130431,168,11070-1-03,18 a 29,Mujeres,Quintil bajo,Centro,Trabajadores moviles,Usuarios publicos,75.42000000000002,14.1847826086957,61.23521739130432,39.72919608,168,47.269999999999996,51.26478170869569,177.5746650886957
6189,67.2,19.03,7.18,74.59,2.248476,91.8976036,168,11105-1-03,18 a 29,Mujeres,Quintil bajo,Centro,Trabajadores moviles,Usuarios publicos,53.3,0,53.3,38.5976036,168,26.21,59.199983600000024,118.13253956
6206,63.18,32.82,8.01,63.99,4.362147,147.00046212,168,11127-1-01,30 a 44,Mujeres,Quintil bajo,Centro,Trabajadores moviles,Usuarios publicos,150.9,60,90.9,56.10046212,168,40.83,128.59998534,306.70644734999996
6212,69.03,37.64,15.81,45.519999999999996,6.830854,263.14387371,168,11137-1-01,45 a 59,Hombres,Quintil bajo,Centro,Trabajadores moviles,Motorizados privados,191.60999999999999,0,191.60999999999999,71.53387371,168,53.45,208.38997791000008,573.4991242100001
6214,73.16,32.9,11.3,50.64,3.558387,119.2695359280899,168,11138-1-02,45 a 59,Mujeres,Quintil bajo,Centro,Trabajadores moviles,Usuarios publicos,128.32,94.3820224719101,33.93797752808989,85.3315584,168,44.2,141.06205699191008,298.3427623919101
6221,53.15,50.58,5.32,58.949999999999996,0.799538,42.495447950000006,168,11153-1-01,30 a 44,Hombres,Quintil bajo,Centro,Trabajadores moviles,Motorizados privados,0,0,0,42.495447950000006,167.99999999999997,55.9,-3.2500000060053935e-6,44.69417094999999
6228,83.23,21.2,10.34,53.22999999999999,3.129076,111.57297106,168,11171-1-01,60 o mas,Hombres,Quintil bajo,Centro,Trabajadores moviles,Movilidad mixta,101.14,0,101.14,10.43297106,168,31.54,148.86002442,247.55108146000003
6251,122.56,5.12,3.17,37.15,1.245898,34.67719124,168,11229-1-01,60 o mas,Mujeres,Quintil bajo,Centro,Trabajadores moviles,Motorizados privados,81.98,100,-18.019999999999996,52.697191239999995,168,8.29,118.02006764,128.34856206
6260,61.3,36.16,9.36,61.18000000000001,2.689513,110.42922566551721,168,11247-1-03,18 a 29,Mujeres,Quintil medio,Centro,Trabajadores moviles,Motorizados privados,69.7,11.6379310344828,58.0620689655172,52.3671567,168,45.519999999999996,54.437921234482786,176.86455299448278
6266,55.8,45.37,9.35,57.48000000000001,4.806932,128.438828089441,168,11263-1-01,60 o mas,Hombres,Quintil medio,Centro,Trabajadores moviles,Usuarios publicos,125.74,15.527950310559,110.21204968944099,18.226778400000004,168,54.72,139.787977510559,402.8232965505589
6287,62.44,41.3,11.96,52.300000000000004,2.67119,131.72911552,168,11294-1-01,45 a 59,Hombres,Quintil bajo,Centro,Trabajadores moviles,Movilidad mixta,77.44,0,77.44,54.289115519999996,168,53.26,35.05998808000001,177.32756747999997
6297,58.77,22.44,5.62,81.16999999999999,6.560828,250.74983713999998,168,11309-1-01,30 a 44,Hombres,Quintil medio,Centro,Trabajadores moviles,Usuarios publicos,190.17,0,190.17,60.57983714,168,28.060000000000002,134.83002442000006,318.9268581000001
6301,57.55,27.4,7.62,75.43,6.206428,170.76995335,168,11315-1-02,45 a 59,Mujeres,Quintil alto,Norte,Trabajadores moviles,Motorizados privados,113.59,0,113.59,57.17995335,168,35.019999999999996,186.40997804999998,403.75908660999994
6305,59.71,45.68,5.24,57.36999999999999,0.997265,59.54668911,168,11321-1-01,30 a 44,Mujeres,Quintil bajo,Centro,Trabajadores moviles,Motorizados privados,0,0,0,59.54668911,168,50.92,4.039999993210586e-6,50.78073784
6309,61.38,33.35,8.44,64.83000000000001,2.557147,112.95768115999999,168,11326-1-01,30 a 44,Mujeres,Quintil bajo,Norte,Trabajadores moviles,Usuarios publicos,62.75,0,62.75,50.20768116,168,41.79,44.00000170000001,150.86317483
6313,49.93,47.82,5.72,64.53,7.814789,236.7824359,168,11332-1-01,45 a 59,Hombres,Quintil bajo,Sur,Trabajadores moviles,Motorizados privados,221.59,0,221.59,15.1924359,168,53.54,153.40997887000003,571.81378193
6323,74.55,26.33,8.45,58.67,3.269304,143.66661864999998,168,11349-1-05,18 a 29,Hombres,Quintil medio,Norte,Trabajadores moviles,Movilidad mixta,62.44,0,62.44,81.22661864999999,168,34.78,100.05999455000003,213.76638767000003
6340,75.86,33.18,7.93,51.03,6.850028,256.16315364,168,11381-1-03,45 a 59,Mujeres,Quintil alto,Centro,Trabajadores moviles,Motorizados privados,236.52,0,236.52,19.643153639999998,168,41.11,263.47997044,545.0846215199999
6341,78.46,22.99,6.73,59.82000000000001,5.072339,200.36574414,168,11381-1-04,45 a 59,Hombres,Quintil alto,Centro,Trabajadores moviles,Motorizados privados,177.39000000000001,0,177.39000000000001,22.975744140000003,168,29.72,197.60997379999998,348.35988888
6347,65.08,19.37,15.77,67.78,2.689212,100.20389512,168,11394-1-02,45 a 59,Mujeres,Quintil medio,Norte,Trabajadores moviles,Usuarios publicos,50.190000000000005,0,50.190000000000005,50.013895119999994,168,35.14,74.81002183999999,169.30893152000002
6354,76.69,27.2,8.39,55.72,2.709062,154.68797659,168,11406-1-01,30 a 44,Mujeres,Quintil bajo,Centro,Trabajadores moviles,Movilidad mixta,103.18,31.25,71.93,82.75797659,168,35.59,53.069988189999975,149.48550476999998
6364,58.23,47.17,7.87,54.73000000000001,1.974002,78.13611957,168,11422-1-03,18 a 29,Mujeres,Quintil bajo,Norte,Trabajadores moviles,Movilidad activa,38.190000000000005,0,38.190000000000005,39.94611957,168.00000000000003,55.04,36.810016889999986,145.45908696999996
6365,50.14,53.27,9.91,54.68000000000001,3.732916,115.42843396,168,11429-1-01,45 a 59,Mujeres,Quintil bajo,Centro,Trabajadores moviles,Movilidad mixta,55.760000000000005,2.5,53.260000000000005,62.16843396,168,63.18000000000001,71.73997427999998,307.58560715999994
6368,55.61,46.22,9.92,56.25,4.018463,157.8467085,168,11435-1-01,30 a 44,Hombres,Quintil bajo,Sur,Trabajadores moviles,Motorizados privados,109.38000000000001,0,109.38000000000001,48.466708499999996,168,56.14,65.62001892999999,291.21653174999994
6378,79.69,39.53,8.14,40.64,6.574329,277.02830997,168,11457-1-01,30 a 44,Hombres,Quintil medio,Centro,Trabajadores moviles,Movilidad activa,253.12,0,253.12,23.90830997,168,47.67,246.87996804,560.2782314699999
6388,65.33,37.72,9.37,55.580000000000005,2.8436,76.05383658142858,168,11479-1-03,30 a 44,Hombres,Quintil medio,Centro,Trabajadores moviles,Usuarios publicos,86.71,71.4285714285714,15.281428571428592,60.77240801,168,47.089999999999996,109.7185514185714,243.6236754185714
6391,85.16,10.69,6.07,66.08000000000001,2.390699,80.09189476,168,11483-1-02,30 a 44,Mujeres,Quintil bajo,Norte,Trabajadores moviles,Movilidad mixta,76.5,0,76.5,3.5918947599999997,168,16.759999999999998,123.50003208000001,163.56814731999998
6395,60.68,27.65,10.39,69.27999999999999,2.051904,98.8295216,168,11491-1-01,60 o mas,Mujeres,Quintil bajo,Centro,Trabajadores moviles,Usuarios publicos,49.32000000000001,0,49.32000000000001,49.5095216,168,38.04,25.680013119999984,103.73444128000001
6405,50.19,43.87,7.45,66.49,3.119453,57.2364805011111,168,11515-1-02,30 a 44,Mujeres,Quintil bajo,Centro,Trabajadores moviles,Usuarios publicos,102.06,76.3888888888889,25.671111111111102,31.56536939,168,51.32,99.3288655688889,259.4191935288889
6421,79.42,26.82,10.07,51.69,6.038243,270.90317215294124,168,11547-1-02,30 a 44,Hombres,Quintil alto,Norte,Trabajadores moviles,Motorizados privados,201.64,35.2941176470588,166.3458823529412,104.5572898,168,36.89,208.65408690705874,431.4048711770587
6458,56.77,28.15,7.5,75.57999999999998,2.851697,95.87084046999999,168,11610-1-03,18 a 29,Hombres,Quintil alto,Centro,Trabajadores moviles,Movilidad mixta,58.980000000000004,0,58.980000000000004,36.89084046999999,168,35.65,66.01999822000002,167.68299627000007
6497,58.3,36.38,13.51,59.809999999999995,7.127399,261.9873477,168,11685-1-02,30 a 44,Hombres,Quintil alto,Sur,Trabajadores moviles,Motorizados privados,221.45999999999998,0,221.45999999999998,40.5273477,168,49.89,153.54001399999999,509.12595010999996
6505,63.69,25.1,11.41,67.80000000000001,2.595642,68.433348814265,168,11697-1-01,60 o mas,Hombres,Quintil medio,Norte,Trabajadores moviles,Usuarios publicos,50.32,34.703113685735,15.616886314265003,52.8164625,168,36.510000000000005,96.88309016573498,191.64997958573497
6521,67.66,29.34,6.67,64.33,3.25107,171.80737263999998,168,11718-1-01,18 a 29,Hombres,Quintil bajo,Centro,Trabajadores moviles,Motorizados privados,101.84,0,101.84,69.96737264,168,36.01,48.16002356000001,165.23105426
6533,46.11,31.8,13.8,76.29,3.878971,28.478795038565117,168,11740-1-02,45 a 59,Hombres,Quintil bajo,Centro,Trabajadores moviles,Movilidad mixta,104.20000000000002,79.5805739514349,24.619426048565117,3.8593689900000006,168,45.6,150.38055777143487,327.26163537143486
6551,48.15,47.65,11.96,60.23999999999999,3.295831,54.20426265000002,168,11771-1-02,60 o mas,Mujeres,Quintil bajo,Sur,Trabajadores moviles,Movilidad activa,68.01,172.5,-104.49,158.69426265,167.99999999999997,59.61,104.49,300.9544859100001
6601,55.15,49.56,6.7,56.58999999999999,3.287005,60.361846999290805,168,11856-1-02,30 a 44,Hombres,Quintil medio,Norte,Trabajadores moviles,Movilidad activa,59.580000000000005,30.4964539007092,29.083546099290807,31.278300899999998,168,56.260000000000005,120.91647875070919,305.84338005070924
6608,88.01,6.86,9.37,63.76,3.827027,179.09666799999997,168,11864-1-01,30 a 44,Mujeres,Quintil bajo,Norte,Trabajadores moviles,Movilidad mixta,167.27999999999997,0,167.27999999999997,11.816668,168,16.23,157.71997827000007,219.8326264800001
6617,66.74,29.53,5.82,65.91,3.669054,98.07562494647888,168,11880-1-01,30 a 44,Hombres,Quintil medio,Centro,Trabajadores moviles,Motorizados privados,125.20999999999998,84.5070422535211,40.70295774647887,57.37266720000001,168,35.35,146.7970390135211,276.4980979135212
6619,59.12,50.23,5.92,52.73,3.523396,153.02317048000003,168,11882-1-01,18 a 29,Hombres,Quintil bajo,Norte,Trabajadores moviles,Movilidad mixta,94.72000000000001,0,94.72000000000001,58.303170480000006,168,56.15,55.280001039999945,253.11868643999998
6620,60.53,13.89,7.41,86.17,2.735382,101.04269957,168,11883-1-01,18 a 29,Hombres,Quintil bajo,Norte,Trabajadores moviles,Movilidad mixta,52.47,0,52.47,48.57269957,168,21.3,64.52997289000001,122.79360949
6624,50.75,45.52,10.05,61.67999999999999,4.287031,108.386825,168,11889-1-01,45 a 59,Hombres,Quintil bajo,Centro,Trabajadores moviles,Motorizados privados,90.82000000000001,0,90.82000000000001,17.566824999999998,168,55.57000000000001,109.17999825,347.41031092000003
6625,90.64,15.68,7.44,54.24,2.836838,163.13100064,168,11891-1-01,30 a 44,Hombres,Quintil bajo,Norte,Trabajadores moviles,Movilidad mixta,143.5,0,143.5,19.63100064,168,23.12,93.99999568000001,159.58769024
6627,45.02,45.76,14.27,62.95,28.101057,437.5795976,168,11897-1-01,30 a 44,Hombres,Quintil alto,Norte,Trabajadores moviles,Motorizados privados,422.47,0,422.47,15.109597599999999,168,60.03,827.5299885400002,2514.43644025
6660,59.01,32.37,17.86,58.760000000000005,2.824284,176.14099061,168,11963-1-01,30 a 44,Hombres,Quintil bajo,Centro,Trabajadores moviles,Usuarios publicos,134.48,0,134.48,41.660990610000006,168,50.23,-9.479991769999998,132.38379354999998
6665,24.81,15.81,5.77,121.61,3.082353,76.47317792999999,168,11970-1-02,18 a 29,Mujeres,Quintil bajo,Centro,Trabajadores moviles,Usuarios publicos,0,0,0,76.47317792999999,168,21.58,0,66.51717774
6666,62,43.4,6.14,56.46,3.268208,127.69888900000001,168,11973-2-01,30 a 44,Hombres,Quintil bajo,Centro,Trabajadores moviles,Usuarios publicos,75.07000000000001,0,75.07000000000001,52.628888999999994,168,49.54,74.93000699999999,236.83703132
6698,43.14,61.47,6.73,56.66,2.535667,75.54865966,168,12023-1-01,18 a 29,Mujeres,Quintil bajo,Centro,Trabajadores moviles,Usuarios publicos,66.16,0,66.16,9.388659660000002,168,68.2,33.84001472000001,206.77250412
6704,67.2,37.2,10.43,53.169999999999995,2.768182,161.23183520000003,168,12034-1-01,45 a 59,Mujeres,Quintil bajo,Centro,Trabajadores moviles,Usuarios publicos,90.21000000000001,0,90.21000000000001,71.02183520000001,168,47.63,24.789995199999964,156.63850386000001
6716,55.04,39.45,19.41,54.10000000000001,2.84844,143.71813612,168,12056-1-02,30 a 44,Hombres,Quintil bajo,Centro,Trabajadores moviles,Usuarios publicos,111.94000000000001,0,111.94000000000001,31.77813612,168,58.86,13.060001480000011,180.71917988
6717,72.84,15.42,5.79,73.94999999999999,1.839609,69.49713812,168,12058-1-01,60 o mas,Hombres,Quintil medio,Centro,Trabajadores moviles,Movilidad mixta,52.5,42,10.5,58.99713812,168,21.21,64.49998144000001,103.51808833000003
6719,73.59,43.6,7.98,42.83,2.732052,110.39818283876062,168,12059-1-02,45 a 59,Mujeres,Quintil medio,Centro,Trabajadores moviles,Usuarios publicos,74.72000000000001,50.3735144312394,24.346485568760613,86.05169727,168,51.58,90.65352384123938,231.5727660012394
6722,56.84,40.27,8.4,62.48999999999999,2.720127,97.37464158582772,168,12068-1-02,30 a 44,Hombres,Quintil bajo,Centro,Trabajadores moviles,Motorizados privados,92.69000000000001,24.9273959341723,67.76260406582772,29.61203752,168,48.67,57.23737709417229,189.62595818417236
6730,52.56,53.2,6.12,56.12,2.81415,64.98172156000001,168,12075-1-02,45 a 59,Mujeres,Quintil bajo,Centro,Trabajadores moviles,Usuarios publicos,117.07000000000001,75,42.07000000000001,22.91172156,168,59.32,82.93000244000001,249.86538044
6736,92.68,23.44,3.16,48.72,0.852445,62.09462796,168,12084-1-01,30 a 44,Hombres,Quintil bajo,Norte,Trabajadores moviles,Usuarios publicos,33.09,0,33.09,29.004627959999997,168,26.6,16.909974640000016,39.585011640000005
6737,65.96,38.81,4.32,58.910000000000004,4.399153,166.14814031999998,168,12085-1-01,45 a 59,Mujeres,Quintil medio,Norte,Trabajadores moviles,Motorizados privados,100.97999999999999,0,100.97999999999999,65.16814031999999,168,43.13,124.01999156,313.75546045000004
6738,83.63,20.15,11.04,53.18,2.617633,206.08265133999998,168,12086-1-01,30 a 44,Hombres,Quintil bajo,Centro,Trabajadores moviles,Motorizados privados,137.17000000000002,37.5,99.67000000000002,106.41265133999998,168,31.189999999999998,12.82999645000001,94.47396972000001
6756,56.33,35.1,13.59,62.97999999999999,2.862303,109.90350995000001,168,12116-1-01,45 a 59,Hombres,Quintil bajo,Centro,Trabajadores moviles,Usuarios publicos,73.67000000000002,0,73.67000000000002,36.23350995,168,48.69,51.330018039999985,190.69555111
6764,30.81,60.17,6.45,70.57,15.426047,235.31669241588793,168,12135-1-01,60 o mas,Hombres,Quintil medio,Centro,Trabajadores moviles,Movilidad mixta,204.9,44.8598130841121,160.04018691588792,75.2765055,168,66.62,239.95981565411205,1267.6430667941122
6769,69.72,28.64,12.78,56.86,2.173079,140.86705536,168,12148-1-02,18 a 29,Mujeres,Quintil bajo,Norte,Trabajadores moviles,Usuarios publicos,14.36,0,14.36,126.50705536,168,41.42,10.640012519999999,100.64894470000002
6771,71.75,36.66,6.06,53.53,2.856007,159.10846049999998,168,12154-1-01,30 a 44,Mujeres,Quintil bajo,Centro,Trabajadores moviles,Usuarios publicos,79.19,0,79.19,79.9184605,168,42.72,45.81004175000001,167.81866079000002
6781,55.26,45.96,6.13,60.65,3.28017,48.08845376623381,168,12167-1-01,30 a 44,Mujeres,Quintil bajo,Sur,Trabajadores moviles,Usuarios publicos,83.06000000000002,66.2337662337662,16.826233766233813,31.26222,168,52.09,133.17374043376617,304.0377957337662
6797,69.27,39.91,5.58,53.24000000000001,2.676233,77.9876573490071,168,12189-1-01,30 a 44,Hombres,Quintil bajo,Centro,Trabajadores moviles,Movilidad mixta,85.3,82.6950354609929,2.6049645390070992,75.38269281,168,45.489999999999995,107.39500256099288,229.13684173099287
6806,62.91,45.46,7.74,51.89,4.74999,184.48184248,168,12209-1-02,45 a 59,Mujeres,Quintil alto,Centro,Trabajadores moviles,Motorizados privados,130.66000000000003,0,130.66000000000003,53.82184248,168,53.2,114.34002842000001,367.03949642000003
6808,80.44,24.63,8.31,54.620000000000005,2.767203,177.77382604,168,12212-1-02,30 a 44,Hombres,Quintil bajo,Centro,Trabajadores moviles,Usuarios publicos,95.17999999999999,15,80.17999999999999,97.59382604,168,32.94,44.81998328,135.9716501
6822,82.1,21.88,8.03,55.99000000000001,5.330203,284.5397042,168,12235-1-02,30 a 44,Mujeres,Quintil alto,Norte,Trabajadores moviles,Motorizados privados,171.93,0,171.93,112.60970420000001,168,29.909999999999997,153.06996209999994,312.49633382999997
6827,67.73,36.33,8.24,55.699999999999996,2.777043,23.843168367718988,168,12253-1-01,60 o mas,Mujeres,Quintil alto,Sur,Trabajadores moviles,Usuarios publicos,155.14,204.385964912281,-49.24596491228101,73.08913328,168,44.57,164.245954022281,288.018760532281
6847,59,37.39,12.82,58.79,4.39337,159.718834,168,12280-1-02,30 a 44,Hombres,Quintil bajo,Norte,Trabajadores moviles,Motorizados privados,125.50999999999999,0,125.50999999999999,34.208834,168,50.21,99.48999599999999,320.0811037000001
6848,62.97,15.33,14.72,74.98,4.9297,231.80322389999998,168,12281-1-01,45 a 59,Hombres,Quintil bajo,Centro,Trabajadores moviles,Usuarios publicos,121.37999999999998,0,121.37999999999998,110.42322390000001,168,30.05,78.61998510000006,226.75747010000003
6871,51.23,31.04,17.07,68.660000000000025,3.12536,81.6721933,168,12331-1-03,30 a 44,Hombres,Quintil bajo,Norte,Trabajadores moviles,Motorizados privados,71.56,0,71.56,10.1121933,168.00000000000003,48.11,78.4399995,228.80106909999995
6925,52.81,45.18,9.9,60.10999999999999,2.63716,20.929956131538496,168,12428-1-03,18 a 29,Hombres,Quintil medio,Sur,Trabajadores moviles,Usuarios publicos,93.2,86.5384615384615,6.661538461538498,14.268417669999998,168,55.08,118.33846346846153,263.59323626846157
6954,78.5,26.34,6.25,56.91,5.10003,180.5923805,168,12493-1-03,30 a 44,Hombres,Quintil medio,Norte,Trabajadores moviles,Movilidad mixta,155.23999999999998,0,155.23999999999998,25.3523805,168,32.59,219.75997450000006,385.9699522000001
6955,47.01,45.05,7.12,68.82000000000001,5.485836,141.47305593787397,168,12494-1-01,30 a 44,Hombres,Quintil bajo,Sur,Trabajadores moviles,Motorizados privados,115.07999999999998,31.496062992126,83.58393700787398,57.88911892999999,168,52.169999999999995,116.41609442212601,402.61215854212605
6965,72.41,36.29,11.07,48.230000000000004,3.061713,152.18866605,168,12508-1-01,45 a 59,Hombres,Quintil bajo,Norte,Trabajadores moviles,Motorizados privados,80.49,0,80.49,71.69866604999999,168,47.36,69.50997228,214.51269996000002
6973,51.35,38.02,11.79,66.84,14.010653,312.1270528,168,12527-1-01,45 a 59,Hombres,Quintil alto,Centro,Trabajadores moviles,Usuarios publicos,292.68,0,292.68,19.447052799999998,168,49.81,407.31997875,1105.19060468
6976,65.39,32.56,8.29,61.76,8.623368,226.02200504000004,168,12533-1-01,30 a 44,Mujeres,Quintil medio,Sur,Trabajadores moviles,Motorizados privados,312.14000000000004,150,162.14000000000004,63.88200504,168,40.85,337.86002847999987,690.12461128
6982,51.19,50.76,5.76,60.29000000000001,4.096253,91.44721017000002,168,12546-1-02,30 a 44,Hombres,Quintil bajo,Sur,Trabajadores moviles,Movilidad mixta,206.76000000000002,125,81.76000000000002,9.68721017,168,56.519999999999996,118.23998089999996,349.7602004599999
6984,78.71,26.75,8.8,53.74000000000001,3.899926,175.8931563,168,12550-1-01,45 a 59,Mujeres,Quintil medio,Centro,Trabajadores moviles,Motorizados privados,118.92999999999999,0,118.92999999999999,56.9631563,168,35.55,131.07001915999996,269.71238845999994
6986,80.19,25.73,9.7,52.379999999999995,2.241882,156.88651994,168,12551-1-02,45 a 59,Mujeres,Quintil bajo,Centro,Trabajadores moviles,Usuarios publicos,64.61,0,64.61,92.27651994,168,35.43,22.88999763999999,102.31987690000003
6994,55.22,42.13,4.94,65.71000000000001,9.609675,221.0962541,168,12567-1-03,45 a 59,Mujeres,Quintil alto,Centro,Trabajadores moviles,Movilidad mixta,190.45000000000002,0,190.45000000000002,30.6462541,168,47.07,309.54999939999993,761.8774016499998
6998,62.34,31.14,8.47,66.05,3.415171,145.7517547,168,12576-1-01,30 a 44,Mujeres,Quintil bajo,Centro,Trabajadores moviles,Usuarios publicos,107.85000000000001,0,107.85000000000001,37.9017547,168,39.61,67.15000544000003,202.42492875
6999,53.38,47.27,6.55,60.8,2.413427,82.87871964,168,12578-1-02,30 a 44,Mujeres,Quintil bajo,Sur,Trabajadores moviles,Movilidad mixta,66.55,0,66.55,16.32871964,168,53.82,45.95001362000001,175.84065476
7004,84.77,33.52,4.75,44.96,7.602254,343.8259566228571,168,12583-1-01,30 a 44,Hombres,Quintil alto,Norte,Trabajadores moviles,Motorizados privados,268.24,18.8571428571429,249.38285714285712,94.44309948,168,38.27,300.6171149571429,591.5553755371428
7036,72.98,28.4,7.1,59.52,2.416294,121.84117816,168,12639-1-01,30 a 44,Hombres,Quintil bajo,Norte,Trabajadores moviles,Motorizados privados,45.50000000000001,0,45.50000000000001,76.34117816,168,35.5,54.49995796000002,140.27839495999999
7051,72.94,31.49,7.52,56.05000000000001,4.501754,215.03796346000001,168,12667-1-01,45 a 59,Hombres,Quintil alto,Centro,Trabajadores moviles,Motorizados privados,136.68,0,136.68,78.35796346000001,168,39.01,113.31997329999996,288.93339683999994
7057,52.17,42.04,11.69,62.099999999999994,2.826074,89.7604662337977,168,12680-1-02,45 a 59,Mujeres,Quintil bajo,Centro,Trabajadores moviles,Usuarios publicos,42.67,21.0958296362023,21.574170363797702,68.18629587,168,53.73,57.675814346202316,209.52077036620236
7063,71.45,40.38,6.34,49.83,2.592187,120.02173845,168,12684-1-02,18 a 29,Hombres,Quintil bajo,Centro,Trabajadores moviles,Movilidad mixta,84.81,0,84.81,35.21173845,168,46.72,65.1900227,186.29699934
7071,52.35,51.3,7.81,56.540000000000006,3.524647,102.46524919999999,168,12700-1-01,45 a 59,Mujeres,Quintil bajo,Sur,Trabajadores moviles,Movilidad mixta,80.44999999999999,0,80.44999999999999,22.0152492,168,59.11,82.05002125000001,290.39190541999994
7072,59.28,48.52,7.84,52.36,9.480904,376.32796304,168,12701-1-01,45 a 59,Hombres,Quintil alto,Centro,Trabajadores moviles,Motorizados privados,314.3,0,314.3,62.02796304,168,56.36,185.70002608000004,720.04377552
7079,53.32,35.92,5.37,73.39,3.077805,76.90049167152651,168,12717-1-02,18 a 29,Mujeres,Quintil bajo,Norte,Trabajadores moviles,Usuarios publicos,89.7,39.4080996884735,50.291900311526504,26.608591360000002,168,41.29,87.20807092847349,214.29063937847351
7084,93.07,13.62,6.73,54.58000000000001,4.253853,222.26607551,168,12730-1-01,45 a 59,Mujeres,Quintil alto,Centro,Trabajadores moviles,Movilidad mixta,126.35999999999999,0,126.35999999999999,95.90607551000001,168,20.35,173.64002319999997,260.20593175
7087,62.68,27.44,9.46,68.41999999999999,6.009351,283.53608851999996,168,12733-1-01,30 a 44,Hombres,Quintil bajo,Sur,Trabajadores moviles,Motorizados privados,206.86999999999998,0,206.86999999999998,76.66608852,168,36.900000000000006,93.13003215999998,314.8750840600001
7095,68.24,19.77,5.47,74.52000000000001,13.191429,324.133088,168,12749-1-01,30 a 44,Mujeres,Quintil alto,Centro,Trabajadores moviles,Movilidad mixta,298.95,0,298.95,25.183088,168,25.24,576.05002696,909.0016949199999
7104,76.97,28.77,4.3,57.96000000000001,2.720531,153.98924725,168,12761-1-03,18 a 29,Mujeres,Quintil medio,Norte,Trabajadores moviles,Movilidad mixta,64.59,0,64.59,89.39924725,168,33.07,55.410023819999964,145.37798398999996
7108,77.9,13.57,11.21,65.32,10.928036,499.8639797000001,168,12766-1-01,30 a 44,Mujeres,Quintil alto,Centro,Trabajadores moviles,Motorizados privados,398.57000000000005,0,398.57000000000005,101.29397970000002,168,24.78,351.4300247,622.22675678
7133,59.08,45.9,2.21,60.81,2.198095,96.17640456296296,168,12797-1-01,18 a 29,Hombres,Quintil bajo,Sur,Trabajadores moviles,Movilidad mixta,68.35,7.03703703703704,61.312962962962956,34.8634416,168,48.11,33.68704803703703,139.437398487037
7138,71.07,47.86,4.49,44.580000000000005,2.322921,83.06135966135136,168,12802-1-06,18 a 29,Hombres,Quintil medio,Centro,Trabajadores moviles,Movilidad mixta,71.62,3.64864864864865,67.97135135135136,15.09000831,168,52.35,82.02863580864863,203.6335501586486
7155,49.01,56,11.14,51.85000000000001,2.297737,63.9120916,168,12835-1-02,45 a 59,Hombres,Quintil bajo,Sur,Trabajadores moviles,Motorizados privados,51.3,0,51.3,12.6120916,168,67.14,48.69999877000001,202.97006095
7165,52.7,37.77,7.97,69.56,2.367323,67.44790130000001,168,12851-1-04,45 a 59,Hombres,Quintil alto,Centro,Trabajadores moviles,Motorizados privados,52.690000000000005,0,52.690000000000005,14.7579013,168,45.74,57.31002079999999,165.59137481999997
7193,61.93,34.24,8,63.829999999999984,3.003968,106.84571027999999,168,12916-1-01,45 a 59,Mujeres,Quintil bajo,Centro,Trabajadores moviles,Usuarios publicos,70.81,0,70.81,36.035710279999996,168,42.24,79.19002796000001,206.07763628000004
7201,77.23,22.85,9.71,58.20999999999999,2.793842,139.32839577,168,12928-1-01,30 a 44,Hombres,Quintil bajo,Norte,Trabajadores moviles,Movilidad mixta,73.55999999999999,0,73.55999999999999,65.76839577,168,32.56,76.44002189000003,167.40751741000008
7221,81.72,16.76,13.12,56.4,2.242511,171.69796704,168,12964-1-01,30 a 44,Mujeres,Quintil bajo,Centro,Trabajadores moviles,Motorizados privados,103.44000000000001,0,103.44000000000001,68.25796704,168,29.880000000000003,11.560031879999968,78.56626055999996
7227,94.52,13.94,9.13,50.410000000000004,3.558831,244.01067712,168,12971-1-03,45 a 59,Mujeres,Quintil bajo,Centro,Trabajadores moviles,Motorizados privados,112.63,0,112.63,131.38067712,168,23.07,92.37002900000002,174.47226017
7264,24.1,47.65,3.42,92.83,3.663553,47.8516219,168,13048-1-03,18 a 29,Mujeres,Quintil bajo,Centro,Trabajadores moviles,Usuarios publicos,34.56,0,34.56,13.291621899999997,168,51.07,40.440005400000004,227.53765711
7290,59.83,20.06,16.11,72,6.85795,243.15112064,168,13090-1-01,30 a 44,Mujeres,Quintil medio,Centro,Trabajadores moviles,Usuarios publicos,182.83999999999997,0,182.83999999999997,60.31112064,168,36.17,167.16002786,415.21207936
7300,62.8,37.99,7.12,60.09000000000001,24.988916,450.11390600000004,168,13115-1-01,30 a 44,Hombres,Quintil alto,Centro,Trabajadores moviles,Motorizados privados,570.8100000000001,190,380.81000000000006,69.30390600000001,168,45.11,1119.1900188,2246.4400195599997
7305,53.75,45.94,9.52,58.790000000000006,2.852919,11.8928905660377,168,13120-1-01,60 o mas,Hombres,Quintil alto,Centro,Trabajadores moviles,Motorizados privados,106.19,122.6415094339623,-16.4515094339623,28.3444,168,55.459999999999994,141.4515056839623,299.6743934239623
7314,45.62,49.23,8.29,64.86000000000001,4.212895,119.53228249999998,168,13136-1-03,18 a 29,Hombres,Quintil bajo,Centro,Trabajadores moviles,Usuarios publicos,102.33999999999999,0,102.33999999999999,17.192282499999997,168,57.519999999999996,72.6599874,314.9857077999999
7319,92.94,14.03,6.46,54.57,2.170942,107.67733446,168,13149-1-01,45 a 59,Hombres,Quintil medio,Norte,Trabajadores moviles,Motorizados privados,80.91,0,80.91,26.767334459999997,168,20.49,94.09001502000001,138.57261660000003
7328,84.51,16.21,10.14,57.14,4.161137,145.35769277999998,168,13161-1-02,60 o mas,Hombres,Quintil medio,Norte,Trabajadores moviles,Movilidad mixta,143.7,0,143.7,1.65769278,168,26.35,206.29999509000004,315.94595504
7329,87.32,24.81,5.18,50.690000000000005,2.698592,103.02105484,168,13161-1-04,18 a 29,Hombres,Quintil medio,Norte,Trabajadores moviles,Movilidad mixta,92.38000000000001,0,92.38000000000001,10.64105484,168,29.99,132.61999859999997,213.55077268
7334,60.61,42.46,5.17,59.760000000000005,2.702821,86.20799199999999,168,13178-1-02,30 a 44,Mujeres,Quintil bajo,Norte,Trabajadores moviles,Usuarios publicos,39.89,0,39.89,46.317992,168,47.63,77.60998881,206.34535304000002
7339,73.54,25.58,12.16,56.72,7.148377,328.94164144,168,13189-1-01,30 a 44,Mujeres,Quintil alto,Centro,Trabajadores moviles,Movilidad mixta,228.25,0,228.25,100.69164144000003,168,37.739999999999995,196.75000314,466.52975112
7345,10.59,33.31,9.8,114.3,3.113518,32.97215562,168,13201-1-02,18 a 29,Hombres,Quintil bajo,Centro,Trabajadores moviles,Usuarios publicos,0,0,0,32.97215562,168,43.11,0,134.22376098
7371,75.62,54.81,7.01,30.559999999999995,1.915348,81.48862335999999,168,13243-1-02,30 a 44,Hombres,Quintil bajo,Centro,Trabajadores moviles,Movilidad mixta,51.65,0,51.65,29.83862336,168,61.82,63.34999240000002,181.75680576
7373,0.85,27.78,8.63,130.74,2.865729,2.43586965,168,13249-1-03,18 a 29,Hombres,Quintil bajo,Centro,Trabajadores moviles,Usuarios publicos,0,0,0,2.43586965,168,36.410000000000004,0,104.34119288999997
7390,106.85,5.71,7.94,47.50000000000001,1.398139,98.77115185,168,13280-1-01,30 a 44,Mujeres,Quintil bajo,Norte,Trabajadores moviles,Movilidad activa,49.38,0,49.38,49.39115185,168,13.65,50.62000029999999,69.70459765000001
7391,62.58,40.46,12.98,51.980000000000004,7.559913,218.07936167999998,168,13284-1-01,30 a 44,Hombres,Quintil medio,Norte,Trabajadores moviles,Movilidad mixta,169.98,0,169.98,48.099361679999994,168,53.44,255.01999386,659.0217445799999
7407,54.41,39.22,9.09,65.28,2.331439,60.6140287884669,168,13325-1-03,45 a 59,Hombres,Quintil alto,Centro,Trabajadores moviles,Movilidad mixta,58.019999999999996,11.7595818815331,46.260418118466895,14.35361067,168,48.31,66.23956720153309,178.8713852915331
7413,68.53,42.08,4.33,53.06,4.620747,162.05977201,168,13337-1-02,30 a 44,Hombres,Quintil medio,Centro,Trabajadores moviles,Motorizados privados,145.39999999999998,0,145.39999999999998,16.65977201,168,46.41,154.60001989999998,369.04888816999994
7415,76.99,22.8,9.02,59.19000000000001,2.273357,173.78577792,168,13340-1-01,30 a 44,Mujeres,Quintil bajo,Sur,Trabajadores moviles,Usuarios publicos,83.76,0,83.76,90.02577792,168,31.82,1.2399775099999886,73.57819724999996
7427,60.39,38.17,18.69,50.75,4.976111,163.86417502526322,168,13357-1-02,30 a 44,Hombres,Quintil medio,Sur,Trabajadores moviles,Usuarios publicos,187.37000000000003,74.0131578947368,113.35684210526323,50.50733292,168,56.86,136.64316826473683,419.58483972473687
7431,79.45,14.01,6.43,68.10999999999999,2.558291,155.14625589999997,168,13364-1-01,30 a 44,Mujeres,Quintil bajo,Norte,Trabajadores moviles,Usuarios publicos,76.88999999999999,0,76.88999999999999,78.2562559,168,20.439999999999998,48.10996405000003,100.40143209000007
7441,60.37,41.63,7.76,58.24,2.721087,140.73203510000002,168,13382-1-01,30 a 44,Mujeres,Quintil bajo,Centro,Trabajadores moviles,Usuarios publicos,101.46000000000001,25,76.46000000000001,64.2720351,168,49.39,23.539987089999954,157.93447401999993
7458,53.12,47.22,7.66,60,5.022053,131.83148160000002,168,13419-1-03,45 a 59,Hombres,Quintil medio,Sur,Trabajadores moviles,Motorizados privados,115.06,0,115.06,16.7714816,168,54.879999999999995,134.93997375999993,410.55024239999995
7460,63.06,41.95,7.28,55.709999999999994,3.093917,125.20242306,168,13421-1-01,60 o mas,Mujeres,Quintil medio,Norte,Trabajadores moviles,Movilidad activa,55.1,0,55.1,70.10242306,168,49.230000000000004,69.89998295999999,222.21351686999998
7471,98.13,21.53,5.99,42.35,1.838553,179.5186153614286,168,13439-1-02,18 a 29,Mujeres,Quintil bajo,Centro,Trabajadores moviles,Movilidad mixta,35.53,11.4285714285714,24.1014285714286,155.41718679,168,27.520000000000003,0.8985905285713898,51.495569088571415
7476,60.09,39.81,6.11,61.989999999999995,4.718347,170.23548085000002,168,13456-1-01,30 a 44,Hombres,Quintil bajo,Norte,Trabajadores moviles,Usuarios publicos,124.21000000000001,0,124.21000000000001,46.02548085,168,45.92,113.28999037999998,329.95648461999997
7478,5.58,44.3,5.04,113.07999999999998,3.162014,17.64403812,168,13458-1-03,18 a 29,Hombres,Quintil bajo,Centro,Trabajadores moviles,Usuarios publicos,0,0,0,17.64403812,167.99999999999997,49.339999999999996,0,156.01377076000006
7483,70.51,36.03,10.87,50.589999999999996,2.923071,135.84577972,168,13472-1-03,18 a 29,Mujeres,Quintil medio,Centro,Trabajadores moviles,Usuarios publicos,54.74,0,54.74,81.10577971999999,168,46.9,70.25995649000004,207.35198639000004
7490,50.61,64.21,7.35,45.830000000000005,2.374506,40.08043752666669,168,13487-1-01,30 a 44,Hombres,Quintil bajo,Sur,Trabajadores moviles,Movilidad mixta,100.74,93.3333333333333,7.406666666666695,32.67377086,168,71.55999999999999,80.09331113333329,250.01296049333325
7525,74.39,25.31,7.03,61.269999999999996,2.861397,162.17930179,168,13548-1-01,30 a 44,Mujeres,Quintil bajo,Centro,Trabajadores moviles,Motorizados privados,56.82,0,56.82,105.35930179,168,32.339999999999996,50.680021040000014,143.21760002000002
7526,78.29,19.74,9.93,60.04,4.21556,218.28620317000002,168,13554-1-01,30 a 44,Mujeres,Quintil bajo,Centro,Trabajadores moviles,Motorizados privados,150.75,37.5,113.25,105.03620317000001,168,29.669999999999998,111.74998922999998,236.82565443
7528,67.69,41.62,4.4,54.290000000000006,2.899885,139.03320526000002,168,13556-1-01,45 a 59,Hombres,Quintil bajo,Sur,Trabajadores moviles,Usuarios publicos,67.74000000000001,0,67.74000000000001,71.29320526000001,168,46.019999999999996,57.26001038999996,190.71271808999992
7543,76.52,25.33,11.98,54.17,3.192104,163.60976932,168,13588-1-02,45 a 59,Mujeres,Quintil medio,Norte,Trabajadores moviles,Motorizados privados,69.35,0,69.35,94.25976932,168,37.31,80.65002876,199.747429
7545,58.7,37.3,12.72,59.28,2.842479,110.5835,168,13592-1-01,30 a 44,Mujeres,Quintil bajo,Norte,Trabajadores moviles,Motorizados privados,68.73,0,68.73,41.8535,168,50.019999999999996,56.27001729999999,198.45081688
7556,56.17,43.05,4.77,64.01,3.359816,95.47085519000001,168,13611-1-01,45 a 59,Hombres,Quintil bajo,Centro,Trabajadores moviles,Usuarios publicos,69.25,0,69.25,26.22085519,168,47.81999999999999,93.25000953,253.91641065
7588,67.57,40.63,5.55,54.25000000000001,4.071865,165.40595033000002,168,13656-1-01,18 a 29,Hombres,Quintil bajo,Sur,Trabajadores moviles,Motorizados privados,140.27,0,140.27,25.135950330000004,168,46.18,109.72996771999996,297.76869342
7626,9.53,31.61,7.39,119.47,3.125931,29.790122430000004,168,13720-1-04,18 a 29,Mujeres,Quintil medio,Centro,Trabajadores moviles,Usuarios publicos,0,0,0,29.790122430000004,168,39,-7.105427357601002e-15,121.91130900000002
7629,83.2,29.87,6.01,48.919999999999995,5.864707,226.7453647304348,168,13725-1-02,30 a 44,Hombres,Quintil alto,Norte,Trabajadores moviles,Motorizados privados,182.28,43.4782608695652,138.8017391304348,87.9436256,168,35.88,261.19825766956524,471.62394482956523
7634,56.09,53.32,6,52.589999999999996,6.020098,105.27833430682789,168,13736-1-01,45 a 59,Hombres,Quintil medio,Norte,Trabajadores moviles,Movilidad mixta,155.51999999999998,87.9089615931721,67.61103840682789,37.6672959,168,59.32,232.3889625131721,589.5011758731721
7665,58.63,45,11.03,53.34,2.628347,106.35997371,168,13781-1-02,18 a 29,Mujeres,Quintil bajo,Centro,Trabajadores moviles,Usuarios publicos,52.26,0,52.26,54.09997371000001,168,56.03,47.7400109,195.00629331
7667,70.27,31.91,5.59,60.230000000000004,3.316599,125.5373841,168,13790-1-01,30 a 44,Hombres,Quintil bajo,Norte,Trabajadores moviles,Motorizados privados,92.47999999999999,0,92.47999999999999,33.0573841,168,37.5,107.52002762999999,231.89249013
7668,67.1,35.86,7.11,57.93000000000001,1.255472,50.6421454,168,13790-1-02,18 a 29,Mujeres,Quintil bajo,Norte,Trabajadores moviles,Motorizados privados,28.9,0,28.9,21.7421454,168,42.97,33.60002579999999,87.54765763999998
7675,58.35,43.81,6.53,59.31,2.6886,99.42984229999999,168,13800-1-02,30 a 44,Hombres,Quintil bajo,Centro,Trabajadores moviles,Movilidad mixta,67.55,0,67.55,31.8798423,168,50.34,57.44996770000003,192.7940917
7686,67.52,43.29,7.74,49.45,4.956792,204.02258639999997,168,13815-1-01,30 a 44,Mujeres,Quintil bajo,Centro,Trabajadores moviles,Motorizados privados,134.33999999999997,0,134.33999999999997,69.6825864,168,51.03,130.66000944,383.6051052000001
7694,70.53,31.67,5.85,59.949999999999996,5.194793,189.39877676999998,168,13825-1-01,30 a 44,Mujeres,Quintil bajo,Sur,Trabajadores moviles,Motorizados privados,223.01,125,98.00999999999999,91.38877677,168,37.52,176.98997351999998,371.89860688000005
7725,87.88,28.18,6.17,45.77,8.106147,334.63820616000004,168,13883-1-01,30 a 44,Hombres,Quintil alto,Norte,Trabajadores moviles,Movilidad mixta,322.27000000000004,0,322.27000000000004,12.36820616,168,34.35,377.7299921999999,656.1761416499999
7752,91.57,27.42,2.72,46.290000000000006,3.554807,222.49367062000002,168,13926-1-01,45 a 59,Hombres,Quintil bajo,Norte,Trabajadores moviles,Movilidad mixta,196.98000000000002,0,196.98000000000002,25.51367062,168,30.14,103.02000636999995,210.16188934999994
7766,62.28,25.02,13.32,67.38,6.057744,219.10628544,168,13950-1-02,30 a 44,Hombres,Quintil medio,Centro,Trabajadores moviles,Usuarios publicos,166.82999999999998,0,166.82999999999998,52.27628544,168,38.34,158.17001087999998,390.42391584000006
7783,54.04,47.22,8.67,58.07000000000001,2.545337,72.01002376,168,13981-1-01,30 a 44,Mujeres,Quintil bajo,Norte,Trabajadores moviles,Usuarios publicos,44.46,0,44.46,27.55002376,168,55.89,65.53998772,207.79887265
7784,57.72,34.6,13.57,62.11000000000001,11.484948,227.84118408,168,13982-1-01,45 a 59,Hombres,Quintil alto,Norte,Trabajadores moviles,Movilidad mixta,334.93,145,189.93,37.911184080000005,168,48.17,435.0700144799999,988.2999596399998
7785,61.56,45.87,8.41,52.16,3.010514,146.53724032,168,13983-1-01,45 a 59,Hombres,Quintil medio,Sur,Trabajadores moviles,Movilidad mixta,61.21,0,61.21,85.32724032,168,54.28,38.79000152000003,202.20070144000002
7792,59.91,28.32,9.54,70.23000000000002,5.158727,161.5661936652632,168,14006-1-02,30 a 44,Hombres,Quintil alto,Norte,Trabajadores moviles,Motorizados privados,120.27000000000001,17.7631578947368,102.50684210526322,59.059351559999996,168,37.86,147.49314090473678,342.8025451247367
7798,74.71,40.78,5.03,47.480000000000004,1.892294,92.26533454205129,168,14022-1-02,30 a 44,Hombres,Quintil bajo,Centro,Trabajadores moviles,Motorizados privados,49.61,48.7179487179487,0.8920512820512982,91.37328326,168,45.81,49.10795019794868,135.7939383379487
7825,97.2,17.75,9.79,43.26,5.064463,303.55576640000004,168,14077-1-01,30 a 44,Hombres,Quintil medio,Norte,Trabajadores moviles,Movilidad mixta,261.29,0,261.29,42.2657664,168,27.54,188.7100372,328.18534822000004
7841,61.05,33.74,10.56,62.650000000000006,2.675618,73.55030357168681,168,14111-1-01,45 a 59,Hombres,Quintil bajo,Centro,Trabajadores moviles,Motorizados privados,69.24,46.5361445783132,22.703855421686796,50.84644815000001,168,44.300000000000004,89.79617532831318,208.3260527283132
7860,47.87,56.27,5.88,57.97999999999999,2.509443,95.88701283999998,168,14153-1-06,30 a 44,Mujeres,Quintil bajo,Centro,Trabajadores moviles,Motorizados privados,25.759999999999998,0,25.759999999999998,70.12701283999999,168,62.150000000000006,24.24002357000002,180.20190602000005
7877,59.32,37.79,5.21,65.68000000000002,2.700114,28.843890648275895,168,14186-1-03,30 a 44,Hombres,Quintil medio,Centro,Trabajadores moviles,Usuarios publicos,79.88,86.2068965517241,-6.326896551724104,35.1707872,168,43,131.3268718317241,247.43177383172403
7882,63.05,23.61,19.53,61.81,6.276008,237.49230225,168,14193-1-01,30 a 44,Hombres,Quintil medio,Centro,Trabajadores moviles,Usuarios publicos,166.79,0,166.79,70.70230225,168,43.14,158.21000215,428.95698727
7885,79.18,23.48,5.44,59.89999999999999,2.753575,175.99808396,168,14198-1-01,30 a 44,Hombres,Quintil bajo,Centro,Trabajadores moviles,Movilidad mixta,70.47,0,70.47,105.52808396,168,28.92,42.029984540000015,121.66337354000004
7888,54.06,25.42,16.27,72.25,3.114468,81.66815694,168,14201-1-01,45 a 59,Hombres,Quintil bajo,Norte,Trabajadores moviles,Motorizados privados,63.3,0,63.3,18.368156940000002,168,41.69,86.69998314000001,216.54215405999997
7892,62.56,44.71,7.92,52.809999999999995,2.544948,112.67196831999999,168,14210-1-02,45 a 59,Mujeres,Quintil bajo,Norte,Trabajadores moviles,Movilidad mixta,40.96,0,40.96,71.71196832,168,52.63,46.53997856000004,180.48059180000004
7895,73.25,32.74,6.53,55.48,4.44372,201.3024995,168,14216-1-01,30 a 44,Hombres,Quintil bajo,Centro,Trabajadores moviles,Movilidad mixta,125.8,0,125.8,75.5024995,168,39.27,124.19999049999996,298.70487490000005
7901,79.02,26.64,7.01,55.330000000000005,3.447203,259.70792986000004,168,14228-1-01,45 a 59,Hombres,Quintil bajo,Centro,Trabajadores moviles,Movilidad mixta,162.31,0,162.31,97.39792986,168,33.65,12.69005119999997,128.68843214999993
7904,61.96,49.77,10.2,46.06999999999999,4.847269,168.70755739076924,168,14234-1-01,30 a 44,Hombres,Quintil bajo,Centro,Trabajadores moviles,Movilidad mixta,124.14000000000001,5.76923076923077,118.37076923076924,50.33678816,168,59.97,131.62922984923074,422.3199517792308
7905,56.69,26.65,4.19,80.47,8.376876,273.65510818,168,14235-1-01,30 a 44,Mujeres,Quintil alto,Sur,Trabajadores moviles,Motorizados privados,223.77,0,223.77,49.88510818,168,30.84,201.2299922599999,459.57284809999993
7941,70.48,18.77,6.96,71.79,4.006948,148.15970392,168,14297-1-02,45 a 59,Hombres,Quintil medio,Centro,Trabajadores moviles,Motorizados privados,115.75,0,115.75,32.40970392,168,25.73,134.24999112000003,237.34876316
7944,75.48,40.14,6.97,45.41,7.03941,320.5646244,168,14300-1-02,30 a 44,Mujeres,Quintil alto,Centro,Trabajadores moviles,Usuarios publicos,214.23000000000002,0,214.23000000000002,106.3346244,168,47.11,210.77004240000002,542.3966475
7953,57.27,39.53,6.47,64.72999999999999,2.031556,11.117203439999997,168,14317-1-01,60 o mas,Mujeres,Quintil bajo,Norte,Trabajadores moviles,Motorizados privados,67.77,105.75,-37.980000000000004,49.09720344,168,46,105.23000868000001,198.68158468000004
7955,5.17,34.74,8.52,119.57000000000001,2.964648,15.32723016,168,14320-1-02,18 a 29,Mujeres,Quintil alto,Centro,Trabajadores moviles,Motorizados privados,0,0,0,15.32723016,168,43.260000000000005,0,128.25067247999996
7956,101.78,15.68,4.78,45.76,2.012354,138.81741132000002,168,14321-1-02,18 a 29,Hombres,Quintil medio,Norte,Trabajadores moviles,Movilidad mixta,84,0,84,54.817411320000005,168,20.46,65.99997880000001,107.17274164000003
7965,70.39,22.46,12.68,62.470000000000006,2.727985,144.57287292,168,14346-1-01,45 a 59,Mujeres,Quintil bajo,Centro,Trabajadores moviles,Usuarios publicos,82.55,0,82.55,62.022872920000005,168,35.14,47.449991229999995,143.31138412999996
7966,46.48,31.82,16.65,73.05000000000001,2.517001,75.94020012,168,14346-1-02,18 a 29,Hombres,Quintil bajo,Centro,Trabajadores moviles,Usuarios publicos,71.45,0,71.45,4.49020012,168,48.47,41.05000636,163.04904482999996
7978,81.5,18.1,7.6,60.800000000000004,4.015436,166.5791894705882,168,14362-1-01,30 a 44,Mujeres,Quintil medio,Centro,Trabajadores moviles,Movilidad mixta,136.38,47.0588235294118,89.3211764705882,77.258013,168,25.700000000000003,160.6788445294118,263.8755497294118
7980,60.61,35.08,7.02,65.29,2.383996,104.17399409000001,168,14363-1-02,45 a 59,Hombres,Quintil bajo,Centro,Trabajadores moviles,Motorizados privados,59.68,0,59.68,44.49399409,168,42.099999999999994,40.32000346999999,140.68623506999995
7990,52.86,44.48,8.44,62.22,2.376179,63.23484604,168,14385-1-01,30 a 44,Hombres,Quintil bajo,Centro,Trabajadores moviles,Movilidad mixta,62.63,25,37.63,25.604846039999998,168,52.919999999999995,62.36997590000001,188.11736858
8000,76.78,30.29,6.21,54.72,4.156539,178.3159905703614,168,14400-1-01,30 a 44,Hombres,Quintil alto,Norte,Trabajadores moviles,Movilidad mixta,104.64,32.9631024096386,71.67689759036139,106.63909298,168,36.5,140.8230738496386,292.53674734963863
8002,85.86,22.31,6.17,53.66,2.395643,73.1558035744578,168,14400-1-03,18 a 29,Hombres,Quintil alto,Norte,Trabajadores moviles,Movilidad mixta,98.49,31.0240963855422,67.4659036144578,5.689899960000001,168,28.479999999999997,132.53410440554222,200.76201704554222
8008,56.15,49.19,8.66,54,16.238109,412.54520640540545,168,14404-1-01,45 a 59,Hombres,Quintil alto,Sur,Trabajadores moviles,Motorizados privados,470.37,94.5945945945946,375.7754054054054,36.769801,168,57.849999999999994,499.2246139445946,1438.5992195945946
8015,48.43,49.44,9.39,60.739999999999995,15.513501,404.79885687,168,14419-1-01,60 o mas,Hombres,Quintil alto,Sur,Trabajadores moviles,Motorizados privados,403.48,0,403.48,1.3188568699999998,168,58.83,346.51999656,1259.17926039
8038,81.1,37.4,4.67,44.830000000000005,2.353452,124.03491600000001,168,14457-1-02,30 a 44,Hombres,Quintil bajo,Norte,Trabajadores moviles,Usuarios publicos,58.17,0,58.17,65.86491600000001,168,42.07,66.83004119999995,165.83976683999992
8051,77.29,25.66,10.01,55.04,2.117312,119.19702762,168,14477-1-01,30 a 44,Hombres,Quintil bajo,Centro,Trabajadores moviles,Motorizados privados,80.55,0,80.55,38.647027619999996,168,35.67,44.450016860000034,119.97453590000003
8064,56.66,42.82,8.63,59.89000000000001,2.694872,74.6726611698507,168,14494-1-03,18 a 29,Mujeres,Quintil bajo,Centro,Trabajadores moviles,Movilidad mixta,99.22,52.2388059701493,46.9811940298507,27.69146714,168,51.45,78.0187863501493,216.66995075014927
8066,55.18,31.97,6.38,74.47,3.753902,138.81032653999998,168,14499-1-01,45 a 59,Hombres,Quintil bajo,Centro,Trabajadores moviles,Movilidad mixta,106.66999999999999,0,106.66999999999999,32.14032654,168,38.35,68.32998582000002,212.29212752000004
8130,81.39,23.04,10.91,52.66,3.707427,207.31752086,168,14618-1-03,30 a 44,Mujeres,Quintil medio,Norte,Trabajadores moviles,Movilidad mixta,80.57000000000001,0,80.57000000000001,126.74752086,168,33.95,94.42996267000001,220.29710932
8134,61.78,31.17,10.9,64.14999999999999,7.189711,225.21033672000002,168,14625-1-01,30 a 44,Mujeres,Quintil bajo,Norte,Trabajadores moviles,Movilidad mixta,193.53,37.5,156.03,69.18033672000001,168,42.07,218.97000885999998,521.44115063
8137,64.43,27.23,7.99,68.35,3.729984,174.13288819000002,168,14634-1-02,30 a 44,Mujeres,Quintil bajo,Norte,Trabajadores moviles,Motorizados privados,71.31,0,71.31,102.82288819,168,35.22,66.18998093000002,197.56001741
8138,4.37,47.11,9.95,106.57,2.794327,12.211208990000001,168,14635-1-04,18 a 29,Mujeres,Quintil bajo,Centro,Trabajadores moviles,Usuarios publicos,0,0,0,12.211208990000001,168,57.06,0,159.44429862000004
8142,89.61,34.1,3.23,41.06,1.335081,68.38658763,168,14643-1-02,18 a 29,Hombres,Quintil bajo,Centro,Trabajadores moviles,Movilidad activa,48.75,0,48.75,19.636587629999998,168,37.33,51.25002078,101.08859451
8150,60.49,36.12,8.16,63.22999999999999,11.131173,317.28466417,168,14660-1-01,45 a 59,Hombres,Quintil alto,Norte,Trabajadores moviles,Motorizados privados,268.96,0,268.96,48.324664170000005,168,44.28,356.03999060000007,848.9283310400001
8165,66.54,18.35,6.19,76.91999999999999,2.699117,120.06922467999999,168,14701-1-01,30 a 44,Mujeres,Quintil bajo,Centro,Trabajadores moviles,Motorizados privados,65.47,0,65.47,54.59922468,168,24.540000000000003,59.530020500000035,125.76635168000007
8201,53.2,43.41,14.83,56.56,2.416969,70.3727564,168,14770-1-01,60 o mas,Hombres,Quintil bajo,Centro,Trabajadores moviles,Movilidad mixta,41.790000000000006,0,41.790000000000006,28.582756399999997,168,58.239999999999995,58.209994400000014,198.97426895999996
8250,64.31,42.81,8.6,52.279999999999994,2.730759,55.97511657999999,168,14896-1-01,60 o mas,Mujeres,Quintil bajo,Norte,Trabajadores moviles,Usuarios publicos,80.36,75,5.359999999999999,50.61511657999999,168,51.410000000000004,119.63999471000002,260.02831490000005
8251,102.31,6.4,5.85,53.44,2.099197,141.09880978,168,14899-1-01,30 a 44,Hombres,Quintil bajo,Centro,Trabajadores moviles,Usuarios publicos,126.33,0,126.33,14.76880978,168,12.25,73.67003529000002,99.38519854
8253,54.67,40.45,12.89,59.989999999999995,4.216782,126.08146812999999,168,14901-1-01,30 a 44,Hombres,Quintil bajo,Centro,Trabajadores moviles,Movilidad mixta,95.55,0,95.55,30.53146813,168,53.34,104.45000381000003,329.3731556900001
8266,54.86,46.89,6.88,59.37,2.416283,64.55729896,168,14922-1-01,60 o mas,Mujeres,Quintil bajo,Centro,Trabajadores moviles,Usuarios publicos,42,0,42,22.55729896,168,53.77,67.99998642,197.92352333
8272,53.39,42.83,8.84,62.94,2.620546,81.68095036,168,14934-1-03,45 a 59,Hombres,Quintil bajo,Centro,Trabajadores moviles,Movilidad mixta,56.769999999999996,0,56.769999999999996,24.91095036,168,51.67,58.230000579999995,193.6336124
8277,67.06,34.44,4.81,61.69,4.735736,217.64844958,168,14940-1-01,30 a 44,Hombres,Quintil bajo,Centro,Trabajadores moviles,Movilidad mixta,150.07,0,150.07,67.57844958000001,168,39.25,99.93000658000003,285.80764458
8281,60.24,31.44,7.43,68.88999999999999,2.371173,94.32946144,168,14947-1-02,45 a 59,Hombres,Quintil medio,Centro,Trabajadores moviles,Motorizados privados,51.49,0,51.49,42.83946144,168,38.870000000000005,48.51000008000001,140.67749459000004
8290,54.43,44.08,5.78,63.709999999999994,13.562615,192.7147699816216,168,14966-1-01,45 a 59,Mujeres,Quintil alto,Centro,Trabajadores moviles,Motorizados privados,257.88,78.3783783783784,179.5016216216216,13.213148359999998,168,49.86,545.4983644683784,1221.7303483683784
8295,86.42,11.72,7.51,62.35,1.440187,57.750947120000006,168,14976-1-01,18 a 29,Hombres,Quintil bajo,Norte,Trabajadores moviles,Movilidad mixta,50.290000000000006,0,50.290000000000006,7.460947119999999,168,19.23,66.71001342000001,94.40480943
8302,84.83,28.2,9.69,45.28,1.720759,39.74561186955199,168,14988-1-05,30 a 44,Hombres,Quintil alto,Centro,Trabajadores moviles,Movilidad mixta,125.49,116.716417910448,8.773582089551994,30.97202978,168,37.89,106.226374100448,171.425932610448
8305,56.2,45.71,12.35,53.74,3.35461,116.21344284379785,168,14993-1-05,30 a 44,Mujeres,Quintil alto,Centro,Trabajadores moviles,Usuarios publicos,67.28999999999999,2.10566615620214,65.18433384379786,51.029109,168,58.06,72.31563915620217,267.08429575620215
8309,67.35,44.35,9.54,46.760000000000005,0.860561,57.95878410000001,168,14999-1-01,30 a 44,Hombres,Quintil bajo,Centro,Trabajadores moviles,Movilidad mixta,0,0,0,57.95878410000001,168,53.89,-7.500000123172867e-7,46.37563153999999
8316,75.13,26.92,14.05,51.900000000000006,3.52852,46.29342096800899,168,15011-1-03,45 a 59,Hombres,Quintil medio,Centro,Trabajadores moviles,Movilidad mixta,118.60000000000001,162.404287901991,-43.804287901991,90.09770886999999,168,40.97,218.80428663199098,363.36775103199096
8338,27.36,30.5,11.21,98.92999999999998,3.161891,117.45935168,168,15051-1-01,18 a 29,Mujeres,Quintil bajo,Norte,Trabajadores moviles,Usuarios publicos,68.44999999999999,0,68.44999999999999,49.00935168,167.99999999999997,41.71,-30.950013920000004,100.93245969000006
8352,73.67,23.99,8.43,61.910000000000004,10.068952,370.33972282,168,15085-1-01,30 a 44,Hombres,Quintil medio,Norte,Trabajadores moviles,Movilidad mixta,278.56,0,278.56,91.77972282,168,32.42,371.4399710199999,697.87539486
8361,58.76,45.46,7.46,56.32000000000001,5.845429,203.99740319999998,168,15103-1-02,30 a 44,Mujeres,Quintil medio,Centro,Trabajadores moviles,Motorizados privados,280.52,120,160.51999999999998,43.477403200000005,168,52.92,139.48000484000002,448.82010751999997
8363,62.98,38.2,10.36,56.46000000000001,6.892039,240.7706354,168,15105-1-01,45 a 59,Mujeres,Quintil medio,Centro,Trabajadores moviles,Motorizados privados,181.71,0,181.71,59.0606354,168,48.56,193.28998081999993,527.9673946599999
8369,50.28,43.73,7.72,66.27000000000001,3.616596,94.92246012,168,15107-1-03,18 a 29,Mujeres,Quintil medio,Sur,Trabajadores moviles,Movilidad mixta,88.08,0,88.08,6.842460119999999,168,51.449999999999996,86.91998676000001,272.99385096
8387,71.23,25.33,10.74,60.699999999999996,4.53833,95.42313598684203,168,15142-1-01,45 a 59,Mujeres,Quintil alto,Centro,Trabajadores moviles,Usuarios publicos,234.00000000000003,236.842105263158,-2.8421052631579755,98.26524125,168,36.07,227.842109913158,391.539673013158
8397,68.94,38.31,12.51,48.24,2.862441,140.57664914,168,15160-1-01,45 a 59,Mujeres,Quintil bajo,Centro,Trabajadores moviles,Movilidad mixta,68.24,0,68.24,72.33664914,168,50.82,56.7600334,202.22928502
8398,54.5,45.28,9.48,58.739999999999995,3.67897,143.7438305,168,15160-1-02,45 a 59,Hombres,Quintil bajo,Centro,Trabajadores moviles,Movilidad mixta,68.24,0,68.24,75.5038305,168,54.760000000000005,56.76003449999999,258.2204317
8408,68.25,33.39,8.04,58.32,3.207979,142.25455025000002,168,15189-1-02,18 a 29,Mujeres,Quintil bajo,Centro,Trabajadores moviles,Usuarios publicos,73.31,0,73.31,68.94455025,168,41.43,76.69001649999998,209.59658646999998
8412,57.31,36.59,15.55,58.55,7.456778,193.28759858791852,168,15197-1-01,60 o mas,Mujeres,Quintil medio,Centro,Trabajadores moviles,Motorizados privados,178.27,37.3303167420815,140.93968325791852,52.34791533,168,52.14,234.06034859208148,622.8567535120815
8415,58.01,43.94,11.13,54.92000000000001,3.51834,97.36153296565219,168,15203-1-02,30 a 44,Mujeres,Quintil alto,Centro,Trabajadores moviles,Movilidad mixta,108.47999999999999,65.2173913043478,43.26260869565219,54.09892427,168,55.07,106.7373704343478,300.4923542343477
8439,61.17,50.02,11.99,44.81999999999999,2.699985,142.84809491000001,168,15241-1-01,30 a 44,Mujeres,Quintil bajo,Centro,Trabajadores moviles,Usuarios publicos,92.69,0,92.69,50.15809491000001,168,62.010000000000005,22.30998753999998,189.73605739
8463,70.94,39.09,2.33,55.64,3.051728,167.52954954,168,15290-1-02,18 a 29,Mujeres,Quintil bajo,Sur,Trabajadores moviles,Movilidad mixta,98.54,0,98.54,68.98954954,168,41.42,48.96003478,175.36260854
8471,73.57,22.56,4.62,67.25,3.841387,220.27086561,168,15313-1-01,30 a 44,Hombres,Quintil bajo,Sur,Trabajadores moviles,Motorizados privados,137.66,0,137.66,82.61086561,168,27.18,62.33997598000002,166.74887464
8477,79.14,23.78,9.64,55.44,2.872539,156.9627723,168,15318-1-02,30 a 44,Mujeres,Quintil bajo,Norte,Trabajadores moviles,Movilidad mixta,54.63000000000001,0,54.63000000000001,102.3327723,168,33.42,70.36996416,166.37021754000003
8492,75.71,19.18,13.54,59.570000000000014,10.666156,527.06466572,168,15344-1-01,30 a 44,Hombres,Quintil alto,Centro,Trabajadores moviles,Motorizados privados,419.53000000000003,0,419.53000000000003,107.53466571999999,168,32.72,280.47000504000005,629.4666293599998
8499,42.03,15.05,3.71,107.21000000000001,2.870933,82.27533279,168,15359-1-01,18 a 29,Hombres,Quintil bajo,Norte,Trabajadores moviles,Usuarios publicos,64.11,0,64.11,18.16533279,168,18.76,38.38998120000001,92.24868427999999
8501,58.2,47.29,15.56,46.949999999999996,4.654137,171.7007712,168,15361-1-01,18 a 29,Mujeres,Quintil bajo,Norte,Trabajadores moviles,Motorizados privados,125.83,0,125.83,45.87077119999999,168,62.85,99.17000220000003,391.68251265000015
8504,60.41,34.99,12.17,60.42999999999999,3.882062,123.19536289999999,168,15366-1-01,45 a 59,Hombres,Quintil bajo,Centro,Trabajadores moviles,Usuarios publicos,126.17999999999999,50,76.17999999999999,47.0153629,168,47.160000000000004,111.32000252,294.39804644000003
8506,73.48,24.42,6.3,63.8,2.324032,146.50984620000003,168,15368-1-02,18 a 29,Mujeres,Quintil bajo,Centro,Trabajadores moviles,Usuarios publicos,68.24000000000001,0,68.24000000000001,78.2698462,168,30.720000000000002,24.26002515999997,95.65428819999997
8507,74.13,28.47,7.48,57.92,17.466193,503.25888441,168,15370-1-01,30 a 44,Hombres,Quintil alto,Norte,Trabajadores moviles,Movilidad mixta,458.49,0,458.49,44.76888441,168,35.95,791.5100026799998,1419.4196410299999
8513,100.16,18.78,5.91,43.150000000000006,2.999862,169.3362256,168,15382-1-02,18 a 29,Hombres,Quintil bajo,Norte,Trabajadores moviles,Movilidad mixta,118.87,0,118.87,50.4662256,168,24.69,131.12995231999994,205.19654509999995
8514,58.42,41.54,8.43,59.60999999999999,2.885246,122.14607556000001,168,15384-1-01,30 a 44,Mujeres,Quintil bajo,Sur,Trabajadores moviles,Motorizados privados,103.59,37.5,66.09,56.056075560000004,168,49.97,46.40999575999999,190.58573838000004
8528,59.89,54.52,4.71,48.879999999999995,2.072798,72.6825840527273,168,15412-1-02,18 a 29,Hombres,Quintil bajo,Sur,Trabajadores moviles,Movilidad mixta,71.27,47.7272727272727,23.542727272727298,49.13985678,168,59.230000000000004,51.45728816727272,174.22911370727275
8530,71.74,30.98,7.91,57.370000000000005,6.553474,270.32623624,168,15417-1-01,30 a 44,Mujeres,Quintil medio,Centro,Trabajadores moviles,Motorizados privados,205.18,30,175.18,95.14623624,168,38.89,199.81998851999992,454.68459237999986
8535,77.53,26.51,6.04,57.919999999999995,5.574156,254.99431326,168,15429-1-01,30 a 44,Hombres,Quintil medio,Norte,Trabajadores moviles,Motorizados privados,197.83,0,197.83,57.16431326000001,168,32.550000000000004,177.17000142,358.6087792200001
8545,62.43,50.48,5.7,49.38999999999999,4.746108,237.20952968,168,15442-1-01,45 a 59,Mujeres,Quintil bajo,Norte,Trabajadores moviles,Usuarios publicos,115.91,0,115.91,121.29952967999999,168,56.18,59.08999276000003,325.72634020000015
8552,92.16,22.55,6.43,46.86000000000001,4.766061,265.70016288,168,15462-1-01,45 a 59,Mujeres,Quintil bajo,Norte,Trabajadores moviles,Motorizados privados,126.46,0,126.46,139.24016287999999,168,28.98,173.54001887999993,311.6604666599999
8558,60.02,26.93,8.57,72.47999999999999,4.877349,173.85851394,168,15476-1-01,30 a 44,Hombres,Quintil bajo,Centro,Trabajadores moviles,Usuarios publicos,156.12,0,156.12,17.73851394,168,35.5,118.87997304000001,292.02586254000005
8560,58.5,27.16,6.35,75.99000000000001,3.146317,137.0395665,168,15480-1-01,18 a 29,Hombres,Quintil bajo,Norte,Trabajadores moviles,Motorizados privados,77.98,0,77.98,59.0595665,168,33.51,47.01997799999998,152.45306066999993
8582,88.35,31.93,5.07,42.650000000000006,5.254527,328.0774402,168,15511-1-01,30 a 44,Mujeres,Quintil alto,Sur,Trabajadores moviles,Motorizados privados,213.84,0,213.84,114.23744020000001,168,37,136.16002025,330.57751924999997
8621,49.09,46.86,5.08,66.97,2.495748,151.2462609,168,15568-1-01,45 a 59,Mujeres,Quintil bajo,Centro,Trabajadores moviles,Usuarios publicos,111.23,0,111.23,40.0162609,168,51.94,-28.729991580000004,100.89915953999997
8625,51.94,53.52,8.8,53.739999999999995,5.455281,202.82728114,168,15573-1-01,45 a 59,Hombres,Quintil bajo,Centro,Trabajadores moviles,Usuarios publicos,181.98,0,181.98,20.847281140000003,168,62.32000000000001,80.52001400000003,420.4931259200001
8660,76.14,38.38,8.55,44.92999999999999,3.061737,154.05063266000002,168,15653-1-01,30 a 44,Mujeres,Quintil bajo,Norte,Trabajadores moviles,Usuarios publicos,133.43,75,58.43000000000001,95.62063266,168,46.93000000000001,79.07002251999998,222.75733993
8670,68.91,21.98,10.19,66.92,2.686152,157.79274283,168,15677-1-01,60 o mas,Mujeres,Quintil bajo,Sur,Trabajadores moviles,Movilidad activa,72.69,0,72.69,85.10274283,168,32.17,27.309991489999987,113.72350132999998
8675,57.49,38.3,7.59,64.61999999999999,4.100869,131.02896992,168,15689-1-01,45 a 59,Mujeres,Quintil bajo,Centro,Trabajadores moviles,Movilidad mixta,132.77,37.5,95.27000000000001,35.758969920000006,168,45.89,104.72998889000002,292.91886730000004
8703,51.24,38.33,11.5,66.92999999999999,2.659578,93.91676092,168,15752-1-01,30 a 44,Mujeres,Quintil bajo,Norte,Trabajadores moviles,Usuarios publicos,83.64,13.5,70.14,23.77676092,168,49.83,42.360015800000014,174.88678754000006
8724,71.45,27.51,12.91,56.129999999999995,2.638555,130.90476,168,15781-1-02,30 a 44,Mujeres,Quintil bajo,Norte,Trabajadores moviles,Movilidad activa,52.379999999999995,0,52.379999999999995,78.52476,168,40.42,57.61999475000002,164.27038785000002
8752,65.88,38.55,11.89,51.68000000000001,2.184226,63.406820599999996,168,15846-1-03,30 a 44,Mujeres,Quintil bajo,Norte,Trabajadores moviles,Usuarios publicos,44.51,0,44.51,18.896820599999998,168,50.44,80.48998827999998,190.66234771999996
8760,47.5,21.7,12.59,86.21,3.587937,74.7369965,168,15856-1-02,60 o mas,Mujeres,Quintil alto,Centro,Trabajadores moviles,Usuarios publicos,99.56,105.25,-5.689999999999998,80.4269965,168,34.29,95.690011,218.72037073000004
8775,81.84,10.62,8.26,67.27999999999999,7.777521,268.13230848,168,15883-1-01,30 a 44,Hombres,Quintil alto,Norte,Trabajadores moviles,Movilidad mixta,256.62,0,256.62,11.512308479999998,168,18.88,368.38001016,515.21960664
8782,31.77,41.98,8.23,86.02,3.532835,91.89815421,168,15899-1-01,18 a 29,Hombres,Quintil bajo,Centro,Trabajadores moviles,Movilidad mixta,42.160000000000004,0,42.160000000000004,49.73815421,168,50.209999999999994,20.34001373999999,197.72365908999998
8787,58.06,37.48,8.15,64.31,4.896702,116.89256948100422,168,15907-1-01,30 a 44,Hombres,Quintil alto,Sur,Trabajadores moviles,Movilidad mixta,164.18,81.5899581589958,82.59004184100421,34.30252764,168,45.629999999999995,167.4099486389958,390.8464608989958
8796,56.56,47.81,4.22,59.41,2.587675,93.73887648,168,15928-1-03,18 a 29,Hombres,Quintil bajo,Sur,Trabajadores moviles,Usuarios publicos,67.38,0,67.38,26.358876480000003,168,52.03,52.62002152000001,187.25675177
8807,54.7,40.17,9.5,63.629999999999995,3.797155,74.3739954367347,168,15944-1-01,60 o mas,Hombres,Quintil alto,Norte,Trabajadores moviles,Movilidad mixta,105.19000000000001,63.5204081632653,41.66959183673471,32.7044036,168,49.67,133.33038306326532,321.93507191326535
8821,60.4,28.65,8.56,70.38999999999999,13.051818,338.80982599999993,168,15972-1-01,45 a 59,Hombres,Quintil alto,Norte,Trabajadores moviles,Movilidad mixta,300.47999999999996,0,300.47999999999996,38.329826,168,37.21,449.5199812000001,935.1781289800003
8884,54.61,45.59,12.26,55.54,2.513521,66.00458659053339,168,16095-1-01,60 o mas,Hombres,Quintil medio,Centro,Trabajadores moviles,Usuarios publicos,67.88,32.8888054094666,34.9911945905334,31.013391999999996,168,57.85,71.2587952194666,216.66598506946661
8887,61.53,40.47,11.8,54.2,5.702306,166.82290918,168,16099-1-02,60 o mas,Mujeres,Quintil medio,Norte,Trabajadores moviles,Movilidad mixta,115.96000000000001,0,115.96000000000001,50.86290918,168,52.269999999999996,184.03997900000002,482.09951362000004
8894,62.39,40.79,3.57,61.24999999999999,2.526659,115.64827936,168,16110-1-02,45 a 59,Mujeres,Quintil bajo,Sur,Trabajadores moviles,Usuarios publicos,33.01,0,33.01,82.63827936,168,44.36,41.98997564999999,154.07256889
8911,62.75,24.33,7.85,73.07000000000001,7.239436,241.77458325,168,16149-1-01,45 a 59,Hombres,Quintil medio,Centro,Trabajadores moviles,Usuarios publicos,187.5,0,187.5,54.274583250000006,168,32.18,212.50002575000005,445.46507623
8918,78.87,23.28,11.82,54.029999999999994,1.942126,191.06547865,168,16168-1-01,30 a 44,Hombres,Quintil bajo,Centro,Trabajadores moviles,Usuarios publicos,87.88999999999999,0,87.88999999999999,103.17547865,168,35.1,-37.89000102999998,30.278621570000013
