PeID,id_persona,grupo_edad,grupo_sexo,grupo_ingreso,grupo_territorio,grupo_cluster_tiempo,grupo_cluster_modo,Tw,Tw_hat,Tf1,Tf1_hat,Tf2,Tf2_hat,Tc,w,Ec,Ec_monetario,ing_fijo,EcI,Ec_trabajo_no_remunerado,VoL_predicho,VoL_observado,VTAW_predicho,VTAW_observado,VoL_predicho_sobre_w,VTAW_predicho_sobre_w,ingreso_libre_observado,ingreso_libre_predicho,ingreso_potencial_neto_Ec,error_Tw,error_Tf1,error_Tf2,cierre_temporal,cierre_temporal_predicho,diferencia_cierre_predicho
3,00002-1-01,45 a 59,Mujeres,Quintil bajo,Norte,Trabajadores moviles,Usuarios publicos,66.51,75.74926728005067,23.56,19.475002888384203,9.99,4.835729831565124,67.94,1.027351,68.32911771,0,0,0,68.32911771,1.1541972961082883,-2.378992577957772e-7,0.12684629610828835,-1.0273512378992578,1.1234692876225247,0.12346928762252468,-2.700000010236181e-6,9.491967779427327,34.46762334999998,-9.239267280050669,4.084997111615795,5.154270168434876,168,168,0
12,00014-1-01,30 a 44,Hombres,Quintil bajo,Centro,Trabajadores moviles,Motorizados privados,77.67,72.62931071002178,32.2,35.32847245682895,6.86,8.77221683314927,51.269999999999996,3.798088,183.35751767,138.35999999999999,0,138.35999999999999,44.99751767,6.200043053113212,8.449078523252721,2.4019550531132117,4.650990523252721,1.6324116379381446,0.6324116379381446,111.63997728999999,92.49499578600523,259.99329457,5.040689289978218,-3.128472456828945,-1.9122168331492704,168,168,0
25,00037-1-01,45 a 59,Hombres,Quintil medio,Centro,Trabajadores moviles,Usuarios publicos,60.82,61.181069753513945,32.59,33.62074879388557,9.74,8.34818145260047,64.85000000000001,3.476739,125.3267801363441,90.35000000000001,13.9784946236559,76.3715053763441,48.95527476,6.154957063561503,6.014788900749361,2.6782180635615034,2.538049900749361,1.7703247392345252,0.770324739234525,86.12848584365588,87.38383113741821,233.29884771365585,-0.3610697535139451,-1.0307487938855644,1.3918185473995308,168,168,0
37,00058-1-01,45 a 59,Hombres,Quintil medio,Sur,Trabajadores moviles,Motorizados privados,53.26,56.95538974183157,35.32,35.67608074186842,12.91,8.858529516299996,66.51000000000002,12.208294,328.76371607999994,303.54999999999995,0,303.54999999999995,25.21371608,24.331815037131534,19.70235065449506,12.123521037131534,7.4940566544950595,1.9930561171881618,0.9930561171881619,321.4500223600001,366.564426772864,910.2560419799997,-3.695389741831569,-0.35608074186841776,4.051470483700005,168,168,0
45,00067-1-01,45 a 59,Mujeres,Quintil bajo,Centro,Trabajadores moviles,Usuarios publicos,71.07,85.85380694610554,36.76,27.177819579839127,11.95,6.748373474055324,48.22000000000001,2.852962,200.91997966,123.16,0,123.16,77.75997966,3.8354273266219767,0.11166795028845869,0.9824653266219765,-2.7412940497115414,1.3443667762213365,0.34436677622133643,1.8400296799999865,44.01766911257516,140.80780869999998,-14.783806946105543,9.58218042016087,5.2016265259446754,168,168,0
51,00076-1-01,30 a 44,Hombres,Quintil medio,Norte,Trabajadores moviles,Movilidad mixta,74.54,63.04377496802405,20.94,37.07927591382,13.85,9.20694911815595,58.669999999999995,7.569237,254.6509037,240.44,0,240.44,14.2109037,14.212903029624146,26.30342403971531,6.643666029624145,18.73418703971531,1.8777193830268686,0.8777193830268685,309.5600222800001,222.54237040764153,572.8937775100002,11.496225031975953,-16.139275913819997,4.643050881844049,168,168,0
65,00101-1-01,60 o mas,Mujeres,Quintil medio,Centro,Trabajadores moviles,Usuarios publicos,65.36,63.43598340588446,45.38,46.49828550400751,10.74,11.545731090108035,46.519999999999996,2.702575,49.972405208324,96.02,107.687861271676,-11.667861271676003,61.64026648,6.186237910837532,6.672225920079,3.483662910837532,3.969650920079,2.289016183024535,1.2890161830245348,126.66789679167599,121.46809764483419,278.336405791676,1.9240165941155425,-1.1182855040075097,-0.8057310901080346,168,168,0
75,00126-1-01,45 a 59,Hombres,Quintil medio,Sur,Trabajadores moviles,Motorizados privados,57.63,62.220770058082415,38.29,35.46348811929952,10.57,8.805741822618046,61.51000000000001,4.42097,154.3404649,99.56,0,99.56,54.7804649,8.062236934842554,6.076804207336074,3.6412669348425544,1.6558342073360741,1.8236352960645639,0.8236352960645638,100.44003619999998,120.73569290368059,316.44863039999984,-4.590770058082413,2.8265118807004797,1.7642581773819543,168.00000000000003,168,0
78,00128-1-01,30 a 44,Hombres,Quintil bajo,Norte,Trabajadores moviles,Usuarios publicos,53.38,66.45615530955041,57.19,43.68633373150815,10.42,10.847510958941433,47.010000000000005,4.700895,134.77376198000002,108.84,0,108.84,25.93376198,9.628778131745982,5.078875445272006,4.927883131745982,0.3779804452720059,2.048286152263767,1.0482861522637672,116.16001312,177.629646233889,433.98752406999995,-13.076155309550408,13.503666268491848,-0.42751095894143276,168,168,0
93,00157-1-01,45 a 59,Mujeres,Quintil bajo,Centro,Trabajadores moviles,Usuarios publicos,74.1,79.40188626703659,16.81,16.420764801889618,8.99,4.077348931073785,68.10000000000001,1.925792,137.3211939,32.12,0,32.12,105.2011939,2.248345622499074,0.616430153515649,0.32255362249907416,-1.309361846484351,1.16749141262352,0.16749141262352019,5.379993299999995,15.590323457968935,55.06542689999998,-5.301886267036593,0.38923519811038076,4.912651068926215,168,168,0
120,00216-1-01,45 a 59,Mujeres,Quintil bajo,Centro,Trabajadores moviles,Usuarios publicos,73.98,68.50874398697515,14.52,25.19518061232039,11.46,6.256075400704471,68.03999999999999,3.038634,161.95816382,74.66000000000001,0,74.66000000000001,87.29816382,4.343754365959654,7.1502089570543825,1.3051203659596542,4.1115749570543825,1.4295089062913315,0.4295089062913316,62.8399795,46.21483495611824,141.78369082000003,5.471256013024856,-10.67518061232039,5.203924599295529,168,168,0
156,00282-1-01,45 a 59,Hombres,Quintil medio,Norte,Trabajadores moviles,Motorizados privados,75.02,56.02129318706476,23.78,44.034695962668195,12.19,10.934010850267043,57.010000000000005,4.436488,39.185332299999985,206.35999999999999,250,-43.640000000000015,82.8253323,11.258600265653296,24.132183534901813,6.822112265653296,19.695695534901812,2.5377281006177177,1.5377281006177177,293.63999746,209.35246266889453,453.22047082,18.99870681293524,-20.254695962668194,1.2559891497329563,168,168,0
158,00287-1-01,30 a 44,Hombres,Quintil bajo,Centro,Trabajadores moviles,Usuarios publicos,86.79,85.20251427691998,29.43,29.782386659440643,6.16,7.395099063639382,45.61999999999999,3.765382,254.37750590999997,152.57999999999998,0,152.57999999999998,101.79750591,5.283088011749693,6.015231769026452,1.5177060117496932,2.2498497690264525,1.403068270828748,0.40306827082874813,72.41999787000003,66.44250770305752,206.42994325000006,1.5874857230800217,-0.3523866594406435,-1.2350990636393817,168,168,0
159,00288-1-01,30 a 44,Hombres,Quintil alto,Norte,Trabajadores moviles,Motorizados privados,66.75,63.01937469511646,31.42,36.66623586726744,10.62,9.104389437616105,59.21,8.127471,277.64871574999995,210.14,0,210.14,67.50871575,15.14784509740326,18.62410749823063,7.020374097403261,10.496636498230629,1.8637833463082503,0.8637833463082503,264.8599735,234.5394245226929,606.53885434,3.7306253048835387,-5.246235867267437,1.5156105623838947,168,168,0
168,00299-1-04,30 a 44,Hombres,Quintil bajo,Centro,Trabajadores moviles,Movilidad mixta,59.06,59.287930755898074,39.98,34.27214357123147,3.03,8.50992567287045,65.93,4.314037,140.49702622,110.71000000000001,0,110.71000000000001,29.78702622,7.965055171247497,7.855261228485798,3.6510181712474967,3.541224228485798,1.8463112790287837,0.8463112790287837,114.289999,115.27330071438226,299.83673036999994,-0.22793075589807188,5.70785642876853,-5.479925672870451,168,168,0
221,00403-1-02,30 a 44,Mujeres,Quintil alto,Centro,Trabajadores moviles,Motorizados privados,60.98,64.26310903280273,41.18,36.79942906597106,8.04,9.137461901226205,57.800000000000004,6.959964,248.51861342,199.1,0,199.1,49.41861342,12.789927017000334,10.564429625571908,5.829963017000334,3.6044656255719074,1.8376426971461826,0.8376426971461826,175.8999913,198.75031197638185,518.4694193799999,-3.2831090328027344,4.380570934028938,-1.0974619012262057,168,168,0
242,00449-1-01,30 a 44,Hombres,Quintil bajo,Sur,Trabajadores moviles,Usuarios publicos,63.28,62.887296992788556,31.57,29.241827249242842,4.54,7.26087575796861,68.61,3.24057,139.9233024,109.86,0,109.86,30.063302399999998,5.172207738656012,5.332635419418593,1.9316377386560122,2.092065419418593,1.596079621380193,0.5960796213801931,65.1399672,63.867385615920796,182.15694989999997,0.3927030072114448,2.328172750757158,-2.72087575796861,168,168,0
247,00457-1-02,18 a 29,Hombres,Quintil bajo,Centro,Trabajadores moviles,Usuarios publicos,50.65,63.563790759029516,54.57,39.11402329788495,7.17,9.712185943085547,55.60999999999999,1.981695,63.77285405,45.9,0,45.9,17.87285405,3.765283842936164,1.752412243459308,1.7835888429361642,-0.22928275654069208,1.9000319640187637,0.9000319640187638,36.599997699999996,62.19119227821499,158.94984700000003,-12.913790759029517,15.455976702115052,-2.5421859430855474,168,168,0
249,00459-1-01,30 a 44,Mujeres,Quintil bajo,Norte,Trabajadores moviles,Movilidad activa,80.19,73.41781193668317,24.32,28.03177392694394,3.9,6.960414136372889,59.59,2.89561,163.09899088,103.15,77.25,25.900000000000006,137.19899088,4.180915161016715,7.238402464432181,1.2853051610167152,4.342792464432181,1.4438806196334157,0.44388061963341585,69.09997501999999,49.49035954197913,150.81408922,6.7721880633168325,-3.711773926943941,-3.060414136372889,168,168,0
265,00509-1-01,30 a 44,Mujeres,Quintil medio,Centro,Trabajadores moviles,Motorizados privados,62.29,65.59391317691922,49.25,45.05798800712124,10.3,11.188098815959531,46.16000000000001,9.030711,222.64296769999999,302.62,117.5,185.12,37.522967699999995,19.431154611133948,16.871966940456748,10.400443611133948,7.8412559404567475,2.1516749468711764,1.1516749468711764,339.88002049,369.7167055598493,877.6588605399999,-3.3039131769192167,4.192011992878761,-0.8880988159595304,168,168,0
267,00513-1-02,30 a 44,Hombres,Quintil alto,Centro,Trabajadores moviles,Movilidad mixta,69.48,65.71144614281336,33.4,39.35622752685354,11.96,9.772326330333101,53.160000000000004,8.505659,290.09318692,199.12,0,199.12,90.97318691999999,16.175550914791298,19.608398339945705,7.6698919147912985,11.102739339945705,1.90173987868445,0.9017398786844498,300.8800004,268.8259663676357,686.69669264,3.768553857186646,-5.956227526853539,2.1876736696669,168,168,0
291,00550-1-02,18 a 29,Mujeres,Quintil bajo,Norte,Trabajadores moviles,Usuarios publicos,30.33,33.46048602724004,18.08,18.897244194457862,8.64,4.69226977830207,110.95000000000002,3.903805,71.99768461886792,49.349999999999994,8.25471698113208,41.09528301886792,30.9024016,7.346654567829162,5.133901810220308,3.442849567829162,1.2300968102203074,1.881921501670591,0.8819215016705911,46.404721031132084,58.62552803670188,150.714390631132,-3.130486027240039,-0.8172441944578637,3.94773022169793,168,168,0
309,00590-1-01,45 a 59,Hombres,Quintil bajo,Norte,Trabajadores moviles,Movilidad mixta,74.24,71.31477502878813,28.45,35.748670976748635,13.25,8.876553994463228,52.06,2.622817,121.85790048000001,77.14,0,77.14,44.717900480000004,4.318243330253638,5.165057468612112,1.6954263302536376,2.542240468612112,1.6464142676571174,0.6464142676571174,72.86003359999998,65.187703816681,182.23150249999998,2.925224971211861,-7.298670976748635,4.373446005536772,168,168,0
311,00591-1-01,45 a 59,Hombres,Quintil bajo,Norte,Trabajadores moviles,Movilidad mixta,62.21,60.426189857421264,32.87,33.63266887966507,7.33,8.351141262913677,65.58999999999999,6.922018,240.5987617,184.98000000000002,0,184.98000000000002,55.6187617,12.510077350584774,13.973173655024489,5.588059350584775,7.051155655024489,1.8072876075423057,0.8072876075423057,190.01997808,177.67241216448735,468.28510167999997,1.7838101425787372,-0.7626688796650711,-1.0211412629136767,168,168,0
316,00595-1-01,30 a 44,Hombres,Quintil alto,Norte,Trabajadores moviles,Motorizados privados,59.77,64.49980644531836,47.48,42.746137501211905,10.61,10.614056053469742,50.13999999999999,7.907729,213.62344748846147,216.94,63.4615384615385,153.4784615384615,60.14498594999999,16.421663271645926,13.181241234583993,8.513934271645926,5.273512234583993,2.0766598440141193,1.076659844014119,259.02151484153853,296.4235424335694,718.3814924515386,-4.729806445318353,4.733862498788092,-0.004056053469742693,168,168,0
325,00605-1-02,18 a 29,Hombres,Quintil medio,Sur,Trabajadores moviles,Movilidad mixta,33.31,58.58441352783178,58.42,41.92533846889671,19.19,10.410248003271517,57.08,5.600411,104.58970387000001,100.54,0,100.54,4.04970387,12.624554308775691,3.121806933082712,7.024143308775691,-2.4786040669172884,2.2542192544039517,1.2542192544039519,81.95998654,223.50709007981794,516.6078842500001,-25.274413527831776,16.49466153110329,8.779751996728484,168,168,0
339,00624-1-03,60 o mas,Hombres,Quintil alto,Centro,Trabajadores moviles,Motorizados privados,48.51,57.30767027284629,50.24,38.838546017870996,7.04,9.643783709282726,62.21,9.84965,218.90652712,191.1,0,191.1,27.80652712,21.06950092293014,13.361366522820447,11.219850922930139,3.5117165228204463,2.139111635736309,1.1391116357363091,258.89999438000007,345.5539673829405,823.08794638,-8.79767027284629,11.401453982129006,-2.603783709282726,168,168.00000000000003,2.842170943040401e-14
342,00630-1-01,30 a 44,Mujeres,Quintil medio,Norte,Trabajadores moviles,Motorizados privados,107.79,93.99672570080344,6.49,21.17534256398086,6.15,5.2579317352157116,47.56999999999999,2.797379,232.1958429266813,55.42,24.7535596933187,30.666440306681302,201.52940262,3.4387180131076094,16.215067832228282,0.6413390131076095,13.417688832228283,1.2292642552573712,0.22926425525737112,69.3336394833187,30.748623617506524,104.69251004331866,13.793274299196568,-14.685342563980859,0.8920682647842888,168,168,0
346,00632-1-01,30 a 44,Hombres,Quintil bajo,Norte,Trabajadores moviles,Movilidad mixta,91.59,77.34143050209374,10.29,25.553517463390687,7.36,6.3450520345155645,58.760000000000005,2.161877,135.79632983000002,112.79,0,112.79,23.006329830000002,2.9105014969465253,10.419268504122384,0.7486244969465252,8.257391504122383,1.346284500434819,0.346284500434819,62.209984599999984,31.406329919574887,100.36711364999996,14.24856949790626,-15.263517463390688,1.0149479654844358,168,168,0
368,00676-1-01,45 a 59,Hombres,Quintil bajo,Sur,Trabajadores moviles,Movilidad mixta,47.17,50.84474164069684,25.86,28.49886374399198,13.39,7.076394615311185,81.58,3.52138,102.24348323000001,48.64,0,48.64,53.60348323,6.3816940851613575,4.80962455619482,2.8603140851613573,1.2882445561948201,1.8122707816712076,0.8122707816712077,63.860011369999995,76.80017308871703,202.07417637,-3.674741640696837,-2.6388637439919798,6.313605384688816,168,168,0
378,00689-1-03,18 a 29,Hombres,Quintil bajo,Centro,Trabajadores moviles,Usuarios publicos,55.17,54.790297932186085,25.2,27.47703265616693,8.72,6.822669411646981,78.91,2.448903,87.05599675,56.95,0,56.95,30.105996750000003,4.06104649457235,4.187542515312537,1.6121434945723503,1.7386395153125371,1.6583125156743042,0.658312515674304,48.049981759999994,47.120128227024296,131.11677152,0.37970206781391624,-2.2770326561669307,1.8973305883530198,168,168,0
395,00719-1-01,30 a 44,Mujeres,Quintil bajo,Centro,Trabajadores moviles,Usuarios publicos,77.44,63.26390901020276,9.64,24.75044533611806,7.08,6.145645653679186,73.84,4.884054,232.77117712,179.55,0,179.55,53.22117711999999,7.292028217631969,25.715749862192194,2.4079742176319687,20.831695862192195,1.4930277629264477,0.49302776292644773,145.44996463999996,76.21317073691682,227.11134751999998,14.176090989797238,-15.110445336118058,0.9343543463208137,168,168,0
419,00768-1-01,60 o mas,Hombres,Quintil bajo,Norte,Trabajadores moviles,Motorizados privados,91.03,65.65900493980915,10.46,36.03367363751916,9.15,8.947321422671697,57.35999999999999,2.715064,105.86228924000001,83.71000000000001,0,83.71000000000001,22.152289239999998,4.758477400683047,21.298824564287763,2.043413400683047,18.583760564287765,1.7526207119548736,0.7526207119548736,141.28998667999997,72.40611134789798,194.53239172000002,25.37099506019085,-25.573673637519157,0.20267857732830308,168,168,0
421,00771-1-01,45 a 59,Mujeres,Quintil bajo,Sur,Trabajadores moviles,Usuarios publicos,60.46,66.13048758132508,40.36,36.42501836073665,10.78,9.044494057938271,56.39999999999999,3.274053,127.63923638000001,79.69000000000001,0,79.69000000000001,47.94923638,5.77807975006828,4.064229927205725,2.5040267500682805,0.7901769272057249,1.764809473172328,0.7648094731723282,70.31000799999997,88.8754848771001,237.74507842000003,-5.670487581325084,3.9349816392633485,1.735505942061728,168,168,0
443,00804-1-03,60 o mas,Hombres,Quintil medio,Centro,Trabajadores moviles,Usuarios publicos,50.87,63.07556413359474,52.23,41.70812334456244,12.04,10.356312521842815,52.86000000000001,2.828044,76.33257581999999,57.46999999999999,0,57.46999999999999,18.86257582,5.7940832238861,3.1060642861438685,2.9660392238861006,0.27802028614386876,2.0487952888590493,1.0487952888590493,67.53002246,102.04789487462779,249.28841033999993,-12.205564133594741,10.52187665543756,1.683687478157184,168,168,0
451,00818-1-01,45 a 59,Hombres,Quintil alto,Norte,Trabajadores moviles,Motorizados privados,85.49,61.34054385763833,10.85,33.22863763452964,6.48,8.250818507832026,65.18,3.279278,120.6054793,115.26,0,115.26,5.3454793,5.740362652753827,27.248145823027222,2.461084652753827,23.96886782302722,1.7504958874343155,0.7504958874343154,159.73999692,80.54721668038853,216.56988465999996,24.149456142361664,-22.37863763452964,-1.7708185078320255,168,168,0
453,00818-1-03,30 a 44,Hombres,Quintil alto,Norte,Trabajadores moviles,Movilidad mixta,53.59,63.58121788967443,56.9,42.96931106773234,6.73,10.669471042593226,50.78,5.636334,142.31114696,115.26,0,115.26,27.05114696,11.907070177125084,7.421190521209656,6.270736177125084,1.7848565212096563,2.1125558167995515,1.1125558167995517,159.73999210000002,216.0538331929802,518.37992452,-9.991217889674424,13.930688932267657,-3.939471042593226,168,168,0
477,00868-1-01,30 a 44,Mujeres,Quintil medio,Centro,Trabajadores moviles,Motorizados privados,68.54,67.09749343521332,43.54,40.913502045540774,6.09,10.159004519245906,49.83,7.49812,253.71116294,214.79,0,214.79,38.92116294,14.435123043419305,15.498923085012814,6.937003043419304,8.000803085012814,1.9251656473115,0.9251656473115,260.2099818600001,249.39389453644173,632.34167746,1.442506564786683,2.626497954459225,-4.069004519245906,168,168,0
483,00873-1-02,18 a 29,Hombres,Quintil alto,Centro,Trabajadores moviles,Movilidad mixta,52.27,50.8992330419742,28.51,34.91998049560247,13.71,8.670786462423337,73.50999999999999,5.367794,101.4537550062652,63.459999999999994,15.0808407437348,48.3791592562652,53.07459574999999,11.648139272843197,12.54150708139681,6.280345272843197,7.17371308139681,2.1700048982586138,1.1700048982586138,179.12083737373482,171.76284272104564,405.7491000537349,1.3707669580258042,-6.409980495602472,5.039213537576664,168,168,0
523,00934-1-02,30 a 44,Hombres,Quintil medio,Centro,Trabajadores moviles,Usuarios publicos,59.62,50.85231844962304,34.5,38.91493108836957,5.31,9.662750462007393,68.57,4.477553,46.69455868285699,172.6,142.857142857143,29.74285714285699,16.95170154,11.0144338530783,16.355344110586866,6.5368808530783,11.877791110586866,2.4599226079687497,1.4599226079687497,220.257151177143,180.999392348208,398.5085361071431,8.767681550376956,-4.4149310883695705,-4.352750462007394,168,168,0
533,00966-1-01,45 a 59,Hombres,Quintil alto,Centro,Trabajadores moviles,Motorizados privados,55.69,55.41062740637454,42.34,38.69198150478294,5.68,9.607391088842526,64.28999999999999,32.009437,613.23553693,680.63,100,580.63,32.60553693,71.02289160681252,71.98659662997157,39.01345460681252,39.977159629971574,2.2188110214750894,1.2188110214750896,1169.3700095999998,1160.4274501648192,2706.46317434,0.2793725936254603,3.648018495217066,-3.9273910888425263,168,168,0
541,00984-1-01,45 a 59,Hombres,Quintil medio,Centro,Trabajadores moviles,Motorizados privados,75.86,61.1186404181332,28.96,41.82582196829161,8.51,10.385537613575192,54.67,4.439957,103.67845365333328,178.52999999999997,86.6666666666667,91.86333333333327,11.81512032,9.494078629834647,18.392838962957697,5.054121629834647,13.952881962957697,2.1383267067304135,1.1383267067304137,233.13668436666666,167.68568170164008,399.50187315666665,14.741359581866803,-12.865821968291613,-1.875537613575192,168,168,0
547,00997-1-02,45 a 59,Mujeres,Quintil bajo,Norte,Trabajadores moviles,Usuarios publicos,89.64,97.26887768401684,15.93,16.991946443089507,12.91,4.219175872893652,49.519999999999996,1.324908,118.76476976000001,0,0,0,118.76476976000001,1.4086524556409827,-1.7056107007355777e-6,0.08374445564098276,-1.3249097056107006,1.0632077515125449,0.06320775151254485,-1.664000001255772e-5,10.107544434575374,38.210330080000006,-7.628877684016842,-1.0619464430895071,8.690824127106348,168,168,0
564,01029-1-01,45 a 59,Hombres,Quintil bajo,Centro,Trabajadores moviles,Usuarios publicos,65.6,61.27399729956321,31.5,32.38473016943584,4.6,8.041272531000944,66.30000000000001,3.492818,131.61887040000002,77.49000000000001,0,77.49000000000001,54.128870400000004,6.025436611248166,7.984794760285406,2.5326186112481657,4.4919767602854055,1.7250932087638593,0.7250932087638593,97.50999039999996,82.40005029986577,223.60072019999998,4.326002700436781,-0.8847301694358407,-3.441272531000944,168,168,0
567,01030-1-01,30 a 44,Hombres,Quintil bajo,Centro,Trabajadores moviles,Motorizados privados,63.51,59.97441092133793,29.78,30.301573590880786,4.51,7.524015487781291,70.2,3.715854,142.88387107,131.89,0,131.89,10.993871069999999,6.249937052161645,8.026953815069456,2.5340830521616446,4.311099815069456,1.6819651827444362,0.6819651827444363,93.11001647,79.97228364969723,220.52665013,3.5355890786620705,-0.5215735908807844,-3.0140154877812915,168,168,0
570,01037-1-04,45 a 59,Mujeres,Quintil medio,Norte,Trabajadores moviles,Usuarios publicos,55.27,46.16059596672067,27.3,34.32608457041175,6.44,8.523319462867578,78.99,1.749378,21.4828159854867,43.6,43.8053097345133,-0.2053097345132997,21.68812572,4.088918306610262,6.589087133780592,2.339540306610262,4.839709133780592,2.3373555095641203,1.3373555095641205,75.20530607451332,59.26951506558318,134.22931979451332,9.109404033279333,-7.026084570411751,-2.0833194628675775,168,168,0
576,01047-1-02,45 a 59,Mujeres,Quintil bajo,Centro,Trabajadores moviles,Usuarios publicos,78.52,75.62435466682984,19.66,26.576565837413607,10.62,6.599079495756537,59.20000000000001,2.938197,176.06726196,60.35999999999999,0,60.35999999999999,115.70726196000001,4.110594681303167,5.334287257425462,1.1723976813031665,2.396090257425462,1.3990194263023092,0.39901942630230935,54.63996648,46.13199004901546,143.60857163999998,2.895645333170151,-6.916565837413607,4.020920504243462,168,168,0
580,01056-1-01,30 a 44,Hombres,Quintil bajo,Centro,Trabajadores moviles,Movilidad activa,64.04,69.01021535874362,34.34,32.85239007564339,11.64,8.157394565612998,57.97999999999999,3.116637,145.53943687999998,70.95,0,70.95,74.58943688,5.01269467476164,3.474949918490127,1.8960576747616402,0.35831291849012725,1.6083665421291091,0.6083665421291091,54.04999660000004,69.54035368502866,197.35296586000004,-4.970215358743616,1.4876099243566117,3.4826054343870023,168,168,0
604,01097-1-03,30 a 44,Hombres,Quintil medio,Norte,Trabajadores moviles,Movilidad mixta,83.42,65.46249594982659,22.06,38.68247377333476,8.27,9.605030276838649,54.25,1.550618,55.46252862,51.11,0,51.11,4.352528619999999,2.8188219243257318,7.201703690783198,1.2682039243257317,5.651085690783198,1.8178699875312498,0.81786998753125,73.89002494000002,46.044795924728206,120.92026888000001,17.957504050173412,-16.622473773334765,-1.3350302768386495,168,168,0
611,01106-1-01,30 a 44,Hombres,Quintil medio,Sur,Trabajadores moviles,Movilidad mixta,83.95,85.28535113252016,37.83,35.12336189824808,7.35,8.72128696923176,38.87,4.370753,275.56470609999997,158.64,0,158.64,116.92470610000001,6.553236899299988,5.977667431771679,2.1824838992999887,1.6069144317716795,1.4993381916800124,0.4993381916800123,91.36000825000002,97.1964982185159,288.83062879,-1.3353511325201595,2.7066381017519205,-1.371286969231761,168,168,0
615,01115-1-01,18 a 29,Hombres,Quintil medio,Norte,Trabajadores moviles,Movilidad mixta,58.59,57.35056096489081,28.74,33.180558732484236,11.44,8.238880302624954,69.23,5.665611,177.38812266,120.44,0,120.44,56.94812266,10.529823045434899,11.371273233363619,4.864212045434899,5.705662233363618,1.8585503038304074,0.8585503038304074,154.56002583000006,147.53784639885603,382.20427581,1.2394390351091928,-4.440558732484238,3.201119697375045,168,168,0
676,01218-1-01,30 a 44,Hombres,Quintil bajo,Centro,Trabajadores moviles,Motorizados privados,80.09,77.16365340145336,33.53,35.21284145693563,7.5,8.743505141611019,46.879999999999995,3.564106,191.71928400000002,81.27,0,81.27,110.44928400000002,5.602038275049489,6.753031666119711,2.037932275049489,3.188925666119711,1.5717933964504671,0.5717933964504672,93.72996554000002,83.30015607004032,239.96523472,2.926346598546644,-1.682841456935627,-1.2435051416110188,168,168,0
680,01222-1-01,30 a 44,Hombres,Quintil alto,Sur,Trabajadores moviles,Motorizados privados,60.08,61.82763502796594,34.01,36.16294491598893,12.88,8.979420056045132,61.029999999999994,10.175284,337.5610468,276.23,0,276.23,61.331046799999996,19.092139713739044,17.259471547263118,8.916855713739045,7.084187547263118,1.8763249963086086,0.8763249963086087,273.77001592,291.5526986579014,750.88908268,-1.7476350279659414,-2.1529449159889325,3.9005799439548685,168,168,0
682,01224-1-01,45 a 59,Mujeres,Quintil bajo,Centro,Trabajadores moviles,Usuarios publicos,58.5,70.30465596138684,51.43,35.981081482046946,5.29,8.934262556566214,52.78,2.959796,132.8080395,79.66,0,79.66,53.148039499999996,4.95453914629759,2.1024312482710936,1.9947431462975898,-0.8573647517289062,1.6739461592277272,0.6739461592277272,40.34002649999999,75.27939999588892,208.21965561999997,-11.804655961386842,15.448918517953054,-3.644262556566214,168,168,0
691,01238-1-02,30 a 44,Mujeres,Quintil bajo,Centro,Trabajadores moviles,Usuarios publicos,50.28,57.79054781762371,39.42,33.72530817133182,10.19,8.374144011044468,68.11,3.239842,101.81924224,83.92,0,83.92,17.89924224,5.99748798093475,3.6395839676273516,2.75764598093475,0.3997419676273517,1.8511668102749301,0.8511668102749301,61.080013519999994,85.41300178254565,221.80857514000002,-7.51054781762371,5.694691828668184,1.8158559889555317,168,168,0
697,01250-1-01,30 a 44,Hombres,Quintil bajo,Sur,Trabajadores moviles,Motorizados privados,51.28,64.9134053907079,48.1,35.445355257022655,9.78,8.801239352269445,58.84,3.623527,139.78266685818178,112.14999999999998,8.18181818181818,103.96818181818179,35.81448504,6.375873726290677,2.3509925846546857,2.7523467262906767,-1.2725344153453144,1.7595767124932908,0.7595767124932908,46.03179770181822,95.43281023699382,255.7615404618182,-13.633405390707892,12.654644742977347,0.9787606477305548,168,168,0
698,01250-1-02,30 a 44,Mujeres,Quintil bajo,Sur,Trabajadores moviles,Motorizados privados,61.63,75.59011171877964,54.74,37.86727538882193,6.49,9.402612892398432,45.14,3.087543,151.9270631718182,93.46000000000001,6.81818181818182,86.6418181818182,65.28524499,5.094307770084186,1.8518932151863838,2.006764770084186,-1.2356497848136163,1.649955245994691,0.6499552459946909,38.35821191818184,81.46065713471788,227.40846980818185,-13.960111718779636,16.87272461117807,-2.912612892398432,168,168,0
701,01260-1-03,18 a 29,Hombres,Quintil medio,Centro,Trabajadores moviles,Movilidad mixta,79.54,72.42592177636213,29.92,36.50077376251789,8.53,9.063304461119992,50.00999999999999,2.093725,98.7648978,57.23,0,57.23,41.534897799999996,3.43044273157579,5.210302219049763,1.3367177315757899,3.1165772190497627,1.6384399725731842,0.6384399725731841,67.76998870000003,52.8750652712138,148.27371495000003,7.1140782236378755,-6.580773762517886,-0.5333044611199931,168,168,0
757,01365-1-02,30 a 44,Hombres,Quintil bajo,Centro,Trabajadores moviles,Motorizados privados,73.73,82.73655592538992,29.28,21.407793690789667,6.45,5.315650383820418,58.53999999999999,0.623614,45.97905146,0,0,0,45.97905146,0.6213047889179272,7.247578630158989e-7,-0.002309211082072826,-0.6236132752421369,0.996297050608112,-0.0037029493918879727,8.76000000005206e-6,5.616623126856112,22.281736979999998,-9.006555925389918,7.872206309210334,1.1343496161795823,168,168,0
758,01365-1-03,18 a 29,Mujeres,Quintil bajo,Centro,Trabajadores moviles,Motorizados privados,73.68,71.28969055073766,34.19,38.00379750759525,10.86,9.436511941667092,49.269999999999996,1.123301,50.36484096,27.6,0,27.6,22.76484096,1.8516085872021422,2.1260415539850803,0.7283075872021421,1.0027405539850802,1.64836369521806,0.64836369521806,32.39997672000002,29.71493972533417,83.00468677,2.3903094492623467,-3.813797507595254,1.4234880583329073,168,168,0
769,01381-1-02,18 a 29,Mujeres,Quintil alto,Norte,Trabajadores moviles,Motorizados privados,47.9,44.08009542418224,24.44,29.42383538761632,8.47,7.306069188201436,87.19,2.795007,50.15507838813559,63.519999999999996,22.2457627118644,41.274237288135595,8.8808411,5.879181893124815,7.520609620700584,3.084174893124815,4.725602620700584,2.103458736641738,1.1034587366417383,83.72575691186441,73.04909688312173,175.7094372818644,3.819904575817759,-4.98383538761632,1.163930811798565,168,168,0
798,01461-1-02,30 a 44,Mujeres,Quintil bajo,Sur,Trabajadores moviles,Usuarios publicos,41.91,60.20470973137262,45.32,30.637790601737276,11.22,7.607499666890098,69.55000000000001,3.104508,119.39991191000001,46.79,0,46.79,72.60991191000001,5.217792996167959,0.5599590362591755,2.113284996167959,-2.5445489637408247,1.6807149461904942,0.6807149461904942,10.710018369999972,67.50609108872413,186.23890068999998,-18.29470973137262,14.682209398262724,3.612500333109903,168,168,0
799,01463-1-03,30 a 44,Hombres,Quintil alto,Norte,Trabajadores moviles,Motorizados privados,51.57,57.15582011381507,48.11,41.39549449747864,9.15,10.278685388706284,59.17000000000001,7.243858,123.68731170745099,196.2,96.078431372549,100.12156862745098,23.56574308,16.609521441246226,12.900284772119088,9.365663441246227,5.6564267721190875,2.292910965571968,1.2929109655719682,249.87844535254902,290.34133307056925,664.6617544325488,-5.585820113815068,6.714505502521362,-1.128685388706284,168.00000000000003,168,0
810,01486-1-01,60 o mas,Hombres,Quintil bajo,Sur,Trabajadores moviles,Movilidad mixta,51.46,50.71919146980267,27.9,33.7183838571579,13.45,8.372424673039445,75.18999999999998,2.586036,54.74742067999999,62.919999999999995,18.75,44.169999999999995,10.57742068,5.366718841491306,5.599824463059663,2.7806828414913056,3.0137884630596634,2.0752684191137734,1.0752684191137731,78.32999188000001,76.41423435180262,185.26258048000005,0.7408085301973344,-5.8183838571579045,5.077575326960554,168,168,0
814,01493-1-01,45 a 59,Mujeres,Quintil bajo,Norte,Trabajadores moviles,Usuarios publicos,64.19,61.13203667786867,44.47,43.52941578675825,6.81,10.80854753537308,52.53,3.69724,74.69356284504431,91.35000000000001,78.9823008849557,12.367699115044303,62.32586373,8.232519252889544,9.375200416207592,4.535279252889544,5.6779604162075925,2.2266661760906903,1.2266661760906905,162.63227275495566,151.32624844183883,352.2267399549557,3.0579633221313287,0.940584213241749,-3.9985475353730804,168,168,0
823,01510-1-01,30 a 44,Hombres,Quintil alto,Centro,Trabajadores moviles,Motorizados privados,80.39,61.370826535105216,24.98,40.15781051387306,6.13,9.971362951021735,56.49999999999999,10.588723,279.7629952711685,353.33,99.7944803288315,253.5355196711685,26.227475600000002,21.82337202010381,54.30140302541877,11.234649020103811,43.71268002541877,2.0610013143325983,1.061001314332598,571.4644466988315,370.07568719011044,900.8796192288315,19.019173464894784,-15.177810513873059,-3.8413629510217353,168,168,0
830,01518-1-02,45 a 59,Hombres,Quintil bajo,Centro,Trabajadores moviles,Usuarios publicos,58.67,56.14595226449214,16.81,27.536589976374337,15.04,6.8374577591335335,77.47999999999999,2.211602,82.32467611,47.57,0,47.57,34.75467611,3.598852544951756,4.402158293600451,1.387250544951756,2.1905562936004506,1.6272604858160538,0.6272604858160536,47.43001323,41.84782421005535,117.86953693000002,2.524047735507864,-10.726589976374338,8.202542240866466,168,168,0
834,01522-1-02,18 a 29,Mujeres,Quintil medio,Norte,Trabajadores moviles,Movilidad mixta,40.19,54.326122837751875,51.12,34.46585266089898,6.04,8.558024501349145,70.64999999999999,3.107769,78.91623602000001,32.14,15.625,16.515,62.401236020000006,6.178074839147368,2.3781859956560973,3.0703058391473683,-0.7295830043439024,1.9879453199859347,0.9879453199859348,45.98500008999997,89.91680442535727,223.62507613,-14.136122837751877,16.654147339101016,-2.518024501349145,168,168,0
835,01524-1-01,30 a 44,Mujeres,Quintil bajo,Centro,Trabajadores moviles,Motorizados privados,76.41,73.97850589507539,32.01,33.694900463077005,7.62,8.366593641847603,51.96000000000001,3.970582,204.65218493999998,113.75999999999999,0,113.75999999999999,90.89218494,6.26100948878567,7.365306654114024,2.2904274887856704,3.394724654114024,1.576849310450123,0.576849310450123,98.73998568000002,89.08553895388025,256.09415033999994,2.43149410492461,-1.6849004630770068,-0.7465936418476025,168,168,0
838,01532-1-01,45 a 59,Mujeres,Quintil medio,Centro,Trabajadores moviles,Usuarios publicos,63.65,60.44719991579223,41.62,44.07802935892615,10.2,10.944770725281625,52.53,2.724924,49.09476268333329,67.32,66.6666666666667,0.6533333333332934,48.44142935,6.211684014081445,7.093466570868894,3.486760014081445,4.368542570868893,2.2795806466827866,1.2795806466827864,124.3466499166667,115.61926310000695,265.5522115966667,3.202800084207766,-2.4580293589261544,-0.7447707252816258,168,168,0
849,01550-1-01,45 a 59,Mujeres,Quintil bajo,Centro,Trabajadores moviles,Usuarios publicos,55.16,60.469855526818414,41.78,36.97827446417326,9.69,9.181870009008328,61.370000000000005,3.124599,95.4428944,63.089999999999996,0,63.089999999999996,32.352894400000004,5.987860381106956,4.417234061273713,2.8632613811069563,1.292635061273713,1.9163612294271861,0.9163612294271861,76.90998643999998,93.50115570924129,237.73309696999996,-5.309855526818417,4.8017255358267406,0.5081299909916712,168,168,0
868,01592-1-01,60 o mas,Hombres,Quintil alto,Centro,Trabajadores moviles,Motorizados privados,70.73,68.85763037765501,42.02,43.46885868473086,10.37,10.793510937614132,44.879999999999995,7.296088,237.33230978999998,221.27999999999997,0,221.27999999999997,16.05230979,14.439949682238403,15.726843752168019,7.143861682238403,8.430755752168018,1.9791358988869656,0.9791358988869655,278.71999445000006,265.05902091684425,660.9620447700001,1.8723696223449906,-1.4488586847308582,-0.4235109376141324,168,168,0
917,01678-1-01,30 a 44,Hombres,Quintil bajo,Centro,Trabajadores moviles,Movilidad mixta,75.27,63.29637944715958,32.09,41.53924201597864,7.79,10.314378536861783,52.85,2.27908,63.3477785114286,88.23,71.4285714285714,16.801428571428602,46.54634994,4.612575985938273,8.020255976454933,2.333495985938273,5.741175976454933,2.023876294793633,1.0238762947936328,108.19857308857138,80.90973395900386,199.0882834885714,11.973620552840416,-9.449242015978633,-2.524378536861783,168,168,0
938,01716-1-02,30 a 44,Mujeres,Quintil alto,Sur,Trabajadores moviles,Movilidad mixta,85.74,74.03440969716192,27.27,37.66356067892175,8.04,9.352029623916325,46.95000000000001,6.22822,293.98760692,269.98,0,269.98,24.00760692,10.507401921817902,20.094236806239575,4.2791819218179015,13.866016806239575,1.6870633859783215,0.6870633859783215,240.01997588,167.11498424405784,459.93842407999995,11.705590302838075,-10.393560678921748,-1.3120296239163256,168,168,0
939,01722-1-02,30 a 44,Hombres,Quintil bajo,Centro,Trabajadores moviles,Motorizados privados,61.94,56.09479913962935,23.73,29.956795344543778,7.82,7.438405515826885,74.50999999999999,2.924418,99.84844711999999,93.71,0,93.71,6.1384471199999995,5.074756994953012,7.616573301891537,2.150338994953012,4.692155301891537,1.7353049375817724,0.7353049375817725,81.29000380000001,64.1961931903166,173.55539170000003,5.845200860370646,-6.226795344543778,0.3815944841731156,168,168,0
940,01723-1-01,30 a 44,Hombres,Quintil bajo,Centro,Trabajadores moviles,Motorizados privados,56.41,53.22408066138059,38.37,40.748007781231365,9.31,10.117911557388055,63.91,2.794743,31.436719537646987,85.54999999999998,91.764705882353,-6.214705882353016,37.65142542,6.8176286412815195,7.825203712663571,4.022885641281519,5.0304607126635705,2.4394474344444266,1.4394474344444261,126.21473309235301,117.3109073221818,259.468079332353,3.1859193386194065,-2.378007781231368,-0.8079115573880546,168,168,0
944,01732-1-01,30 a 44,Mujeres,Quintil bajo,Centro,Trabajadores moviles,Movilidad mixta,55.49,55.16367855890113,31.35,29.661290974579295,5.35,7.3650304665195785,75.81,5.771355,190.31248600000004,145.06000000000003,0,145.06000000000003,45.252486000000005,10.223828067131532,10.466431943525295,4.452473067131532,4.6950769435252955,1.7714779401252447,0.7714779401252447,129.94000294999995,128.0566860693068,341.7487314499999,0.3263214410988695,1.6887090254207067,-2.015030466519579,168,168,0
953,01748-1-02,45 a 59,Mujeres,Quintil alto,Centro,Trabajadores moviles,Motorizados privados,71.79,55.91715671623627,17.33,34.977719876315525,10.46,8.685123407448222,68.41999999999999,29.245539,771.6172557299999,672.0799999999999,0,672.0799999999999,99.53725573,58.476025498611406,141.2554481706454,29.230486498611405,112.00990917064539,1.9994853060704885,0.9994853060704884,1327.9199890800003,863.7101317837999,2140.6535178900003,15.872843283763736,-17.647719876315527,1.774876592551779,168,168,0
956,01753-1-06,18 a 29,Mujeres,Quintil alto,Centro,Trabajadores moviles,Usuarios publicos,51.57,54.60266098260391,42.19,35.54208198770863,5.21,8.82525702968745,69.03000000000002,2.632108,63.637817440000006,52.900000000000006,0,52.900000000000006,10.73781744,5.335743096386507,4.496542694681247,2.7036350963865066,1.8644346946812465,2.027174833398366,1.0271748333983661,72.09999212000001,80.0822833535996,196.86191132,-3.0326609826039075,6.64791801229137,-3.6152570296874496,168,168,0
957,01753-1-07,18 a 29,Hombres,Quintil alto,Centro,Trabajadores moviles,Motorizados privados,53.36,64.02989265578043,38.95,26.484009899488957,4.78,6.576097444730619,70.91,0.293859,15.68032088,0,0,0,15.68032088,0.28035996064947455,-3.136608746866939e-7,-0.013499039350525432,-0.29385931366087464,0.9540628690952959,-0.04593713090470407,-4.640000001998601e-6,3.13543934593498,12.850449429999998,-10.66989265578043,12.465990100511046,-1.796097444730619,168,168,0
962,01759-1-02,45 a 59,Mujeres,Quintil medio,Centro,Trabajadores moviles,Usuarios publicos,47.99,52.04218773828566,30.75,32.26601679064154,13.58,8.01179547107281,75.67999999999999,4.836181,121.92378753096772,97.9,58.0645161290323,39.83548387096771,82.08830366000001,9.523626142006885,7.346253905272271,4.687445142006885,2.5100729052722714,1.9692451837528175,0.9692451837528175,110.16453865903229,129.7616520073624,324.5524423890323,-4.05218773828566,-1.5160167906415367,5.56820452892719,168,168,0
964,01761-1-02,18 a 29,Mujeres,Quintil bajo,Sur,Trabajadores moviles,Motorizados privados,55.25,55.05325055826567,36.66,35.01289251233374,6.85,8.693856929400587,69.24000000000001,2.558253,65.8836594292453,71.71000000000001,27.1698113207547,44.540188679245304,21.343470749999998,5.06970330876139,5.126825321595144,2.51145030876139,2.5685723215951435,1.9817052139727345,0.9817052139727346,75.4598188207547,74.95648397118951,186.7694068507547,0.19674944173433317,1.6471074876662541,-1.8438569294005873,168,168,0
972,01774-1-01,45 a 59,Mujeres,Quintil bajo,Centro,Trabajadores moviles,Usuarios publicos,56.14,52.290704690807274,23.23,27.981391382644063,7.85,6.947903926548664,80.78,4.069724,128.1925167137867,117.61,55.3918083462133,62.2181916537867,65.97432506,7.161197279193679,9.538122749103916,3.0914732791936794,5.468398749103916,1.759627257080254,0.7596272570802539,100.2817886462133,84.61621914330425,226.7688105662133,3.8492953091927262,-4.751391382644062,0.9020960734513359,168,168,0
978,01782-1-04,45 a 59,Hombres,Quintil bajo,Centro,Trabajadores moviles,Motorizados privados,53.51,60.08158781094675,31.2,29.983400495835223,12.8,7.44501169321801,70.49000000000001,2.662388,104.2443908,74.28,0,74.28,29.9643908,4.400491745942905,2.5677914632487786,1.7381037459429054,-0.09459653675122137,1.652836380701425,0.6528363807014249,38.219991079999986,55.7161076088109,155.36506307999997,-6.5715878109467525,1.2165995041647761,5.354988306781991,168,168,0
979,01783-1-03,18 a 29,Mujeres,Quintil bajo,Norte,Trabajadores moviles,Movilidad activa,63.5,69.3027160942632,44.28,34.59675561796254,4.71,8.590528287774251,55.51,2.152207,97.82511149999999,41.16,0,41.16,56.665111499999995,3.513387430070993,2.3436567013821845,1.3611804300709927,0.1914497013821843,1.6324579513359971,0.6324579513359972,38.840033000000034,51.32867919708596,144.27665393000004,-5.802716094263204,9.683244382037458,-3.8805282877742515,168,168,0
980,01785-1-01,30 a 44,Hombres,Quintil bajo,Centro,Trabajadores moviles,Usuarios publicos,30.55,34.37620368461939,7.18,4.993810867247674,2.88,1.239985448132955,127.38999999999999,3.106902,98.75586670000001,66.34,0,66.34,32.4158667,3.816253362587972,-1.1283823602187775,0.7093513625879724,-4.2352843602187775,1.2283146885830234,0.22831468858302334,-3.8400106000000136,8.047629280151341,27.41542352000002,-3.82620368461939,2.1861891327523253,1.6400145518670448,168,168,0
985,01792-1-01,45 a 59,Hombres,Quintil bajo,Centro,Trabajadores moviles,Movilidad mixta,47.86,57.365818847667015,46.87,36.925432129931316,8.73,9.168749022401661,64.54,4.691573,121.13869992,96.6,0,96.6,24.53869992,9.491379084892515,5.49752895211194,4.799806084892515,0.8059559521119404,2.02306967937886,1.0230696793788596,103.39998385999999,147.9972269086057,364.25144265999995,-9.505818847667015,9.944567870068681,-0.4387490224016606,168,168,0
988,01801-1-01,45 a 59,Hombres,Quintil bajo,Centro,Trabajadores moviles,Movilidad mixta,81.89,61.412575923561214,14.07,35.42999799951048,9.68,8.797426076928318,62.35999999999999,4.038974,136.96156484,131.21,0,131.21,5.75156484,7.424629729626131,24.120684631494168,3.385655729626132,20.08171063149417,1.8382464778496055,0.8382464778496054,193.79001602,111.08223258828971,289.71564852,20.477424076438787,-21.359997999510483,0.882573923071682,168,168,0
992,01810-1-01,30 a 44,Hombres,Quintil bajo,Sur,Trabajadores moviles,Motorizados privados,59.75,64.20923051368366,42.01,34.07083069575781,4.98,8.459938790558521,61.260000000000005,3.31877,130.78652775,94.99,0,94.99,35.79652775,5.720930484680584,4.247020707464641,2.4021604846805835,0.9282507074646404,1.723810473362295,0.7238104733622949,67.50997975000001,82.30914020189795,223.45898204999997,-4.459230513683664,7.939169304242185,-3.4799387905585206,168,168,0
995,01821-1-03,18 a 29,Hombres,Quintil alto,Centro,Trabajadores moviles,Usuarios publicos,60.04,63.11397457080863,47,42.79887453554951,9.5,10.627150893641845,51.46000000000001,3.19095,79.9691522945455,92.92999999999999,54.5454545454545,38.384545454545496,41.58460684,6.718539754751295,5.839798355593,3.527589754751295,2.6488483555930005,2.105498285699022,1.1054982856990223,111.61548570545449,121.42438486217631,291.9041607054545,-3.0739745708086303,4.201125464450492,-1.1271508936418453,168,168,0
996,01821-1-04,30 a 44,Hombres,Quintil alto,Centro,Trabajadores moviles,Usuarios publicos,60.7,59.23574087482966,42.08,41.74803609090112,8.57,10.366223034269222,56.65,3.143825,64.34199088181819,105.32999999999998,61.8181818181818,43.511818181818185,20.830172700000002,6.913769082538446,7.3823114325453645,3.7699440825384456,4.238486432545365,2.199158376353151,1.1991583763531513,126.48818661818183,121.88481217399317,285.72292286818185,1.4642591251703436,0.3319639090988815,-1.7962230342692216,168,168,0
997,01821-1-05,30 a 44,Mujeres,Quintil alto,Centro,Trabajadores moviles,Usuarios publicos,58.62,61.64092617781733,43.84,41.92813213835893,11.52,10.410941683823733,54.019999999999996,3.773366,90.9783588236364,108.42,63.6363636363636,44.783636363636404,46.194722459999994,7.998459419409445,6.95330536466827,4.225093419409445,3.17993936466827,2.119714710793876,1.119714710793876,130.2163560963636,141.6154162242495,339.10989785636366,-3.02092617781733,1.9118678616410705,1.1090583161762666,168,168,0
1009,01839-1-01,30 a 44,Hombres,Quintil medio,Norte,Trabajadores moviles,Movilidad mixta,54.72,58.594942831218255,56.2,48.541889994761554,8.27,12.0531671740202,48.81,2.640892,7.21223834122501,81.07000000000001,118.367346938775,-37.29734693877499,44.50958528,7.19725653729922,6.295444503053696,4.55636453729922,3.6545525030536963,2.7253127115002127,1.7253127115002127,137.297371898775,147.53067742219665,307.55567913877496,-3.874942831218256,7.6581100052384485,-3.7831671740201998,168,168,0
1010,01842-1-02,30 a 44,Hombres,Quintil bajo,Centro,Trabajadores moviles,Usuarios publicos,59.9,70.91747594820761,45.11,30.87590061069287,4.45,7.666623441099527,58.53999999999999,1.426741,73.71181179999999,13.25,0,13.25,60.4618118,2.1068104894546207,0.700853840364844,0.6800694894546206,-0.725887159635156,1.4766593862898876,0.4766593862898877,11.749974100000003,27.469058751821677,82.45925806000002,-11.017475948207611,14.23409938930713,-3.216623441099527,168,168,0
1030,01885-1-01,45 a 59,Hombres,Quintil bajo,Sur,Trabajadores moviles,Movilidad mixta,105.32,81.88783112526637,14.95,34.26421251772252,4.39,8.5079563570111,43.34,3.464574,208.31895504,143.42999999999998,0,143.42999999999998,64.88895504,5.210265917552949,23.93171754347195,1.745691917552949,20.467143543471952,1.503869138760768,0.503869138760768,156.56997864,75.38749559298861,223.57483979999995,23.43216887473362,-19.31421251772252,-4.1179563570111,168,168,0
1037,01896-1-05,18 a 29,Mujeres,Quintil medio,Sur,Trabajadores moviles,Movilidad mixta,61.9,65.63066221771396,37.53,32.84402123662214,7.2,8.15531654566391,61.36999999999999,2.52622,108.0830009,64.21,0,64.21,43.8730009,4.161308088644691,3.1913931374734994,1.6350880886446908,0.6651731374734995,1.6472469098671894,0.6472469098671892,48.2900171,57.714490607633365,161.2878377,-3.730662217713963,4.685978763377861,-0.9553165456639094,168,168,0
1060,01947-1-01,30 a 44,Hombres,Quintil alto,Norte,Trabajadores moviles,Movilidad mixta,56.85,58.88299766808029,42.66,39.018528237130376,8.08,9.688474094789319,60.41000000000001,5.962837,146.60729395,107.62,0,107.62,38.98729395,12.411632344804852,11.208081483143252,6.448795344804852,5.245244483143251,2.0814978415148446,1.0814978415148446,192.3799895,204.5024232161429,494.93433888000004,-2.0329976680802915,3.641471762869621,-1.6084740947893188,168,168,0
1078,01981-1-01,30 a 44,Mujeres,Quintil bajo,Sur,Trabajadores moviles,Motorizados privados,65.28,73.09846419556935,44.18,38.03682338942404,11.12,9.44471241500661,47.42,5.373613,245.3856191261539,190.75,21.1538461538461,169.5961538461539,75.78946528,9.177943059832206,5.634470862260619,3.804330059832206,0.260857862260619,1.7079650246179259,0.7079650246179259,105.40383751384607,147.4172383551921,402.5646364138461,-7.818464195569348,6.143176610575956,1.6752875849933897,168,168,0
1083,01994-1-01,60 o mas,Mujeres,Quintil bajo,Centro,Trabajadores moviles,Usuarios publicos,57.46,68.1973617991773,44.44,32.31794798358092,6.64,8.024690217241783,59.459999999999994,2.836695,131.49649588,93.5,0,93.5,37.996495880000005,4.540035847580812,1.822978282060519,1.703340847580812,-1.0137167179394813,1.6004666866126995,0.6004666866126996,31.499998820000002,61.95861934891727,176.39837942000003,-10.7373617991773,12.122052016419076,-1.3846902172417836,168,168,0
1123,02082-1-01,60 o mas,Hombres,Quintil bajo,Centro,Trabajadores moviles,Usuarios publicos,58.9,54.501447150834004,24.68,33.43619654159807,12.66,8.302356307567939,71.75999999999999,2.836241,77.44458230000001,60.39,0,60.39,17.0545823,5.463035332983551,7.094210497444219,2.626794332983551,4.257969497444218,1.9261534308909403,0.9261534308909402,89.61001259999998,77.13465666852858,195.51525153999998,4.398552849165995,-8.756196541598072,4.357643692432061,168,168,0
1139,02109-1-01,45 a 59,Mujeres,Quintil bajo,Centro,Trabajadores moviles,Movilidad activa,57.22,67.71681233157585,45.18,36.28376696120111,10.61,9.009420707223043,54.989999999999995,2.899245,119.6847799,78.78999999999999,0,78.78999999999999,40.894779899999996,5.0021948295545045,2.4485085872791434,2.1029498295545044,-0.4507364127208566,1.7253439531859172,0.7253439531859172,46.21001900000002,76.64284966825963,207.95889755000005,-10.496812331575853,8.89623303879889,1.6005792927769562,168,168,0
1163,02147-1-01,45 a 59,Hombres,Quintil alto,Centro,Trabajadores moviles,Movilidad mixta,66.61,64.99363892351808,41.56,41.21299189551661,8.27,10.233369180965312,51.56,13.463756,406.49078657999996,384.66999999999996,0,384.66999999999996,21.820786580000004,26.923997460757143,29.088372614731366,13.460241460757143,15.624616614731366,1.9997389629429665,0.9997389629429665,490.33000058000005,468.5677094383501,1161.22896206,1.6163610764819225,0.34700810448339325,-1.9633691809653122,168,168,0
1167,02155-1-01,45 a 59,Hombres,Quintil bajo,Norte,Trabajadores moviles,Movilidad mixta,97.32,78.31865865618236,15.71,34.28758219259892,8.09,8.513759151218704,46.88000000000001,2.60752,146.64380156000001,105.38000000000001,0,105.38000000000001,41.26380156,3.9763843862632138,13.305023150638545,1.3688643862632137,10.697503150638546,1.524967933616315,0.524967933616315,107.12004483999996,57.573667259168616,169.17902084,19.00134134381763,-18.577582192598918,-0.4237591512187038,168,168,0
1178,02173-1-01,45 a 59,Hombres,Quintil bajo,Norte,Trabajadores moviles,Movilidad mixta,68.02,61.46691669263204,21.13,31.41307666332786,11.53,7.800006644040091,67.32000000000001,2.99425,117.2489028,51.08,0,51.08,66.1689028,5.035666906715107,7.822036495811896,2.0414169067151073,4.827786495811896,1.6817790454087358,0.6817790454087358,86.41998219999999,66.79841250691351,184.21218720000002,6.553083307367956,-10.283076663327861,3.729993355959908,168,168,0
1179,02174-1-01,45 a 59,Hombres,Quintil bajo,Centro,Trabajadores moviles,Movilidad activa,94.49,71.95662284895562,17.01,38.326689653498285,8.3,9.516687497546094,48.2,1.268233,57.18533473999999,52.349999999999994,40,12.349999999999994,44.83533473999999,2.1052472668884077,7.317298736017121,0.8370142668884077,6.049065736017122,1.6599846139379812,0.6599846139379812,62.65000143,34.07242892559954,94.74897865999999,22.533377151044377,-21.316689653498283,-1.2166874975460935,168,168,0
1193,02191-1-01,45 a 59,Mujeres,Quintil bajo,Centro,Trabajadores moviles,Usuarios publicos,52.51,50.67028999789762,24.65,31.129994033939344,12.37,7.729715968163045,78.47,3.111046,78.3004927108861,66.67999999999999,64.2405063291139,2.439493670886094,75.86099904000001,6.035297303805686,6.792247926035303,2.9242513038056863,3.6812019260353033,1.9399575910499833,0.9399575910499833,85.06053274911388,79.3371103059133,200.23145566911393,1.839710002102379,-6.479994033939345,4.640284031836954,168,168,0
1196,02194-1-01,45 a 59,Hombres,Quintil bajo,Norte,Trabajadores moviles,Motorizados privados,74.51,79.89818406228221,38.37,34.06365812770622,9.54,8.45815781001157,45.58,2.067023,120.8239089,91.81,0,91.81,29.0139089,3.081648057632956,2.047871009595503,1.0146250576329563,-0.019151990404497,1.4908629742547403,0.49086297425474046,33.18997483,44.32747521497073,132.22104675999998,-5.388184062282207,4.306341872293778,1.0818421899884285,168,168,0
1197,02196-1-02,30 a 44,Mujeres,Quintil bajo,Centro,Trabajadores moviles,Usuarios publicos,86.12,87.72664737309756,25.45,24.46787135057204,6.7,6.075481276330408,49.72999999999999,2.613336,194.44051760000002,69.38,0,69.38,125.06051760000001,3.3699041144518946,2.815436606872538,0.7565681144518948,0.20210060687253817,1.2895028096088275,0.28950280960882746,30.619978719999978,34.818688139421255,114.63873111999999,-1.6066473730975588,0.9821286494279597,0.6245187236695919,168,168,0
1199,02198-1-01,18 a 29,Mujeres,Quintil bajo,Centro,Trabajadores moviles,Usuarios publicos,45.28,59.42699610328284,58.44,43.14092127614484,9.56,10.712082620572318,54.72,5.062915,89.86878408000001,131.22,105.6,25.620000000000005,64.24878408000001,11.582565203733106,6.059173878084032,6.5196502037331054,0.9962588780840314,2.287726577225394,1.2877265772253939,139.38000712000002,211.00504589625223,483.65822712000005,-14.146996103282838,15.29907872385516,-1.1520826205723171,168,168,0
1201,02201-1-01,45 a 59,Hombres,Quintil alto,Centro,Trabajadores moviles,Motorizados privados,48.27,53.98355549181471,40.08,34.28365940305645,8.43,8.512785105128842,71.22,10.391933,256.85859938,230.24,0,230.24,26.61859938,21.007791782945127,14.915266834300011,10.615858782945127,4.523333834300011,2.0215480395172993,1.0215480395172993,244.76000653000006,304.13489239272053,748.87267636,-5.713555491814709,5.796340596943551,-0.08278510512884196,168,168,0
1211,02216-1-02,30 a 44,Mujeres,Quintil bajo,Sur,Trabajadores moviles,Usuarios publicos,85.12,88.19208811134823,31.36,27.259305178135243,5.74,6.768606710516536,45.779999999999994,2.026172,148.16774432,25.700000000000003,0,25.700000000000003,122.46774432,2.651773705972963,1.936219106818201,0.6256017059729633,-0.08995289318179878,1.3087604142061795,0.3087604142061796,24.300016319999997,30.524595232746663,99.47099752,-3.072088111348222,4.1006948218647565,-1.0286067105165362,168,168,0
1223,02238-1-02,45 a 59,Mujeres,Quintil medio,Centro,Trabajadores moviles,Motorizados privados,72.04,66.46583820555998,29.83,33.008103013763964,5.8,8.196058780676063,60.33,4.610894,199.47882751999998,117.31,0,117.31,82.16882752,7.6756694837174795,11.008905398973928,3.0647754837174794,6.398011398973928,1.6646814009859,0.6646814009858998,132.68997624000008,106.98810706698725,296.97612946000004,5.57416179444003,-3.178103013763966,-2.3960587806760634,168,168,0
1224,02239-1-03,30 a 44,Mujeres,Quintil medio,Centro,Trabajadores moviles,Motorizados privados,69.2,62.44215667888987,26.72,31.37683551530526,5.69,7.791007805804869,66.39,2.093506,85.180606,55.31,0,55.31,29.870606,3.4372278814714137,5.444330240277894,1.3437218814714136,3.3508242402778943,1.6418524147871625,0.6418524147871626,59.690009200000006,45.542423660196036,127.54053866000002,6.75784332111013,-4.656835515305261,-2.1010078058048682,168,168,0
1249,02274-1-01,45 a 59,Hombres,Quintil medio,Norte,Trabajadores moviles,Motorizados privados,60.32,62.85819226954802,40.63,38.10913902220472,9.48,9.462668708247245,57.57000000000001,4.780463,153.2975192,114.94000000000001,0,114.94000000000001,38.3575192,9.14663904037253,7.967539354198959,4.3661760403725305,3.1870763541989593,1.9133374822423121,0.9133374822423121,135.06000896,147.19374319146033,374.6090098899999,-2.53819226954802,2.52086097779528,0.017331291752755718,168,168,0
1251,02274-1-03,18 a 29,Mujeres,Quintil medio,Norte,Trabajadores moviles,Motorizados privados,57.22,65.1457057982014,51.36,41.18730355101983,7.98,10.226990650778767,51.44,6.59833,201.99645598,149.44,0,149.44,52.556455979999996,13.100842214221661,8.74580606725743,6.502512214221661,2.14747606725743,1.9854784792851619,0.9854784792851617,175.55998661999996,227.85640895944624,567.10488882,-7.925705798201406,10.172696448980169,-2.2469906507787663,168,168,0
1255,02278-1-02,30 a 44,Mujeres,Quintil bajo,Centro,Trabajadores moviles,Movilidad mixta,64.69,66.00013232074964,39.55,36.433313821508634,7.24,9.046553857741719,56.52,2.938597,114.23669442888892,75.25000000000001,11.1111111111111,64.13888888888891,50.09780554000001,5.18109357567078,4.792787753464552,2.24249657567078,1.8541907534645516,1.7631181055690113,0.7631181055690113,75.86114550111107,79.71109640846903,213.35809913111103,-1.310132320749645,3.1166861784913635,-1.8065538577417186,168,168,0
1262,02288-1-03,30 a 44,Mujeres,Quintil medio,Centro,Trabajadores moviles,Usuarios publicos,35.73,41.034907656774834,25.56,24.885830060390422,10.81,6.179262282834737,95.9,2.926724,60.46632267630331,25.93,12.5355450236967,13.3944549763033,47.071867700000006,5.6744676324109085,3.5848546285191816,2.7477436324109084,0.6581306285191815,1.9388461749078179,0.9388461749078179,44.10552584369668,59.631526400563374,150.5504777236967,-5.304907656774837,0.6741699396095768,4.630737717165263,168,168,0
1276,02308-1-01,18 a 29,Mujeres,Quintil bajo,Centro,Trabajadores moviles,Usuarios publicos,66.56,64.17453992826623,29.31,30.894274349557595,6.87,7.671185722176185,65.25999999999999,4.02918,172.67222552,79.49,0,79.49,93.18222552000002,6.584292991952784,7.803727699949418,2.555112991952784,3.7745476999494176,1.6341521083577264,0.6341521083577264,95.50999528000003,85.89854726817171,241.28572768000006,2.3854600717337746,-1.584274349557596,-0.8011857221761849,168,168,0
1278,02310-1-02,45 a 59,Mujeres,Quintil bajo,Centro,Trabajadores moviles,Movilidad mixta,48.38,57.58218089146444,43.79,37.865617802253986,12.68,9.402201306281555,63.15000000000001,2.930043,72.80546288,46.05,0,46.05,26.75546288,5.998364667384465,3.609428461525551,3.0683216673844647,0.679385461525551,2.047193391832292,1.0471933918322922,68.95001746,95.91280316576913,234.40954567,-9.202180891464437,5.924382197746013,3.277798693718445,168,168,0
1288,02331-1-02,30 a 44,Mujeres,Quintil bajo,Centro,Trabajadores moviles,Usuarios publicos,80.78,76.97987151770738,28.05,29.19169963410381,4.59,7.248428848188812,54.58,2.904322,172.09501743384612,91.33,28.8461538461539,62.4838461538461,109.61117128000001,4.176136854394642,5.661919212145858,1.2718148543946417,2.7575972121458583,1.437904218056621,0.437904218056621,62.51611372615389,51.47931697220483,157.31318380615392,3.800128482292621,-1.1416996341038086,-2.6584288481888123,168,168,0
1291,02340-1-01,45 a 59,Hombres,Quintil bajo,Norte,Trabajadores moviles,Movilidad mixta,85.65,90.98657636970138,13.29,14.125899868512215,9.68,3.5075237617864006,59.38,0.879834,75.35782755,0,0,0,75.35782755,0.7871263843876558,-5.849176655980128e-6,-0.0927076156123442,-0.879839849176656,0.8946305602962102,-0.1053694397037898,-4.5449999987567935e-5,4.695255883659854,20.209741530000002,-5.336576369701376,-0.8358998685122163,6.1724762382136,168,168,0
1304,02359-1-02,18 a 29,Mujeres,Quintil bajo,Norte,Trabajadores moviles,Usuarios publicos,50.44,62.58004235489362,49.55,32.435963620377635,3.08,8.053994024728736,64.93,2.759412,108.76470784,32.08,0,32.08,76.68470784,4.666672185106465,1.7086305331742297,1.9072601851064652,-1.0507814668257704,1.6911835510994606,0.6911835510994607,30.420033439999997,63.91941199460172,175.647887,-12.140042354893623,17.114036379622362,-4.973994024728736,168,168,0
1318,02383-1-03,30 a 44,Mujeres,Quintil alto,Centro,Trabajadores moviles,Motorizados privados,57.8,59.93483924432563,45.15,42.01311696213906,9.43,10.432043793535303,55.62000000000001,2.817629,59.858978,54.5,0,54.5,5.358978,6.144737488946916,5.578602887288285,3.327108488946916,2.7609738872882845,2.1808185140580663,1.1808185140580665,102.99997819999999,109.01516316514997,256.78616902000005,-2.134839244325633,3.1368830378609402,-1.0020437935353037,168,168,0
1330,02401-1-02,30 a 44,Mujeres,Quintil bajo,Centro,Trabajadores moviles,Usuarios publicos,41.32,54.49323613847402,38.97,31.183709984050545,13.13,7.7430538774754245,74.58000000000001,4.853995,146.59705892,71.03,0,71.03,75.56705892000001,8.954361702611381,3.062221892976122,4.100366702611381,-1.7917731070238783,1.844740611107218,0.844740611107218,53.97001448000003,117.9128368299722,306.86315398,-13.173236138474017,7.786290015949454,5.386946122524576,168,168,0
1341,02432-1-01,30 a 44,Hombres,Quintil bajo,Sur,Trabajadores moviles,Motorizados privados,70.87,81.43291556616556,38.94,26.721914274674138,4.98,6.635170159160307,53.209999999999994,3.645392,240.27894214000003,144.43,0,144.43,95.84894214,5.013784564331107,1.216234728531199,1.3683925643311072,-2.4291572714688012,1.375375971728447,0.37537597172844706,18.0699889,56.57595680157539,178.17560554,-10.562915566165557,12.21808572532586,-1.6551701591603063,168,168,0
1357,02467-1-01,45 a 59,Hombres,Quintil alto,Norte,Trabajadores moviles,Movilidad mixta,70.9,60.560526227666344,24.02,33.517042943589715,7.48,8.322430828743947,65.6,5.3539,188.28216665517238,150.07,41.3793103448276,108.69068965517239,79.591477,9.605586771886212,17.953431666708752,4.251686771886212,12.599531666708753,1.7941289101190183,0.7941289101190183,191.30934334482765,135.9528347151305,359.95719334482766,10.339473772333662,-9.497042943589715,-0.8424308287439466,168,168,0
1368,02486-1-01,30 a 44,Hombres,Quintil bajo,Centro,Trabajadores moviles,Motorizados privados,70.33,77.0332178932886,33.31,30.871300815272246,11.93,7.665481291439161,52.43,4.182493,241.11475054,159.45999999999998,0,159.45999999999998,81.65475054,6.219271040482198,3.465792988656656,2.036778040482198,-0.7167000113433439,1.4869770351037523,0.48697703510375223,53.039982150000014,81.07614406615431,242.25596546999998,-6.7032178932885955,2.4386991847277564,4.264518708560839,168,168,0
1369,02488-1-01,60 o mas,Mujeres,Quintil alto,Norte,Trabajadores moviles,Usuarios publicos,48.02,41.55204712597812,29.46,33.043183462023855,5.32,8.204769411998035,85.19999999999999,4.862839,23.59917357681411,128.36,113.2743362831859,15.08566371681411,8.513509860000001,12.789824156736959,17.841625016304842,7.926985156736959,12.978786016304841,2.630114662800261,1.630114662800261,209.91435520318592,178.4617417172302,379.04389562318596,6.467952874021883,-3.583183462023854,-2.8847694119980343,168,168,0
1378,02500-1-01,30 a 44,Hombres,Quintil bajo,Sur,Trabajadores moviles,Motorizados privados,67.73,78.0065894671692,29.06,22.897787948199348,9.8,5.685622584631449,61.41,2.957027,192.89946209,128.86999999999998,11.25,117.61999999999998,75.27946209000001,3.906009284702096,0.5614021034647033,0.9489822847020961,-2.395624896535297,1.3209244571328216,0.3209244571328216,7.379976620000036,37.76812914233497,122.29004584,-10.276589467169202,6.162212051800651,4.114377415368551,168,168,0
1379,02501-1-01,30 a 44,Hombres,Quintil bajo,Centro,Trabajadores moviles,Movilidad mixta,53.39,64.12303951007183,45.99,34.63655086526161,7.98,8.60040962466655,60.64,2.571199,99.72632984,82.45,0,82.45,17.27632984,4.454095722306651,2.0567390458655,1.8828967223066506,-0.5144599541344999,1.7323029926142048,0.7323029926142047,37.54998477000001,65.14676522525718,176.3175948,-10.733039510071833,11.35344913473839,-0.62040962466655,168,168,0
1393,02524-1-01,18 a 29,Hombres,Quintil bajo,Sur,Trabajadores moviles,Usuarios publicos,25.7,30.286683494867496,16.47,14.550389964586346,6.28,3.612926540546139,119.55000000000001,4.144377,81.62049670000002,91.61000000000001,31.5,60.110000000000014,21.5104967,7.144645858240184,3.2341875825201565,3.000268858240184,-0.9101894174798439,1.7239372427364072,0.7239372427364074,24.889992199999995,43.89893778240847,119.17456894999995,-4.586683494867497,1.919610035413653,2.6670734594538614,168,168,0
1395,02533-1-01,45 a 59,Hombres,Quintil bajo,Centro,Trabajadores moviles,Movilidad mixta,51.26,60.01188424829269,46.69,38.18629009016012,9.73,9.481825661547187,60.32000000000001,2.591469,72.93870244000001,52.60000000000001,0,52.60000000000001,20.33870244,5.12117923804684,3.1384526116833955,2.5297102380468397,0.5469836116833955,1.9761684349868123,0.9761684349868124,59.89999849999998,82.58023522103878,206.11067947999996,-8.75188424829269,8.503709909839877,0.248174338452813,168,168,0
1426,02584-1-04,30 a 44,Hombres,Quintil medio,Norte,Trabajadores moviles,Movilidad mixta,84.92,57.66790539575019,20.19,46.21636550397819,10.25,11.475729100271629,52.64,2.095289,15.329211459310315,96.88000000000001,84.4827586206897,12.397241379310316,2.9319700799999997,5.405863356539346,15.790832677429986,3.3105743565393455,13.695543677429985,2.5800084649608457,1.5800084649608457,162.60273042068968,105.50171636944572,226.3833275806897,27.252094604249812,-26.026365503978187,-1.2257291002716286,168,168,0
1442,02615-1-01,30 a 44,Mujeres,Quintil alto,Centro,Trabajadores moviles,Movilidad mixta,54.71,58.10695592395603,38,35.60272829783088,9.84,8.8403157782131,65.44999999999999,14.626842,419.70453232,369.47,0,369.47,50.23453232,28.61576390916902,23.513623961789158,13.988921909169019,8.886781961789158,1.9563870252491289,0.9563870252491289,380.52999350000005,430.21673108066886,1080.2781147800001,-3.3969559239560283,2.397271702169121,0.9996842217869002,168,168,0
1460,02637-1-01,30 a 44,Hombres,Quintil medio,Centro,Trabajadores moviles,Motorizados privados,53.52,58.11016511697829,44.6,40.92738352955713,11.08,10.162451353464574,58.8,7.799893,153.79753842757327,201.91,90.5627198124267,111.34728018757329,42.45025824,17.326852834405976,13.99764258098034,9.526959834405975,6.19774958098034,2.2214218623775963,1.221421862377596,263.65273493242677,299.4555316971898,697.9507771724268,-4.590165116978284,3.6726164704428683,0.9175486465354261,168,168,0
1471,02654-1-01,60 o mas,Mujeres,Quintil bajo,Centro,Trabajadores moviles,Usuarios publicos,55.19,49.98302210672371,34.54,41.65408366436583,12.25,10.34289422891045,66.02000000000001,2.912737,3.30045744913037,90.58999999999999,133.04347826086962,-42.45347826086963,45.75393571,8.08925980249187,9.947664116602352,5.176522802491871,7.034927116602352,2.777202268001495,1.7772022680014952,157.45349758086962,142.28694041294173,293.7404618108696,5.206977893276289,-7.114083664365829,1.9071057710895492,168,168,0
1477,02665-1-01,30 a 44,Mujeres,Quintil bajo,Norte,Trabajadores moviles,Motorizados privados,59.38,60.892143986260436,37.89,36.672028291439844,9.4,9.105827722299713,61.330000000000005,7.478583,233.50823748000002,189.43,0,189.43,44.078237480000006,14.327883438316167,13.16282393878358,6.849300438316167,5.68424093878358,1.9158553750511516,0.9158553750511516,210.57002106000002,221.8787153691995,564.2322111299999,-1.5121439862604333,1.2179717085601567,0.2941722777002873,168.00000000000003,168,0
1480,02670-1-01,30 a 44,Mujeres,Quintil bajo,Centro,Trabajadores moviles,Movilidad activa,75.05,75.75646263750764,26.87,27.736452780269087,8.46,6.887084582223277,57.62,2.547868,150.9074962,59.69,0,59.69,91.2174962,3.5953017772260902,3.37280300683111,1.0474337772260904,0.8249350068311103,1.4111020575736617,0.4111020575736618,40.30999719999997,42.109970747301304,130.32617363999995,-0.7064626375076415,-0.8664527802690856,1.5729154177767235,168,168,0
1513,02726-1-02,45 a 59,Hombres,Quintil bajo,Centro,Trabajadores moviles,Motorizados privados,55.55,63.92862407801309,44.01,39.06208619302621,13.13,9.699289728960705,55.309999999999995,3.104766,100.6497338,53.18000000000001,0,53.18000000000001,47.46973380000001,5.931087135973802,3.7155842765463922,2.8263211359738016,0.6108182765463921,1.9103169565673552,0.9103169565673553,71.8200175,97.83368466419637,249.22634674000003,-8.37862407801309,4.947913806973787,3.4307102710392954,168,168,0
1517,02735-1-01,60 o mas,Hombres,Quintil bajo,Norte,Trabajadores moviles,Usuarios publicos,52.81,59.81999398667532,41.94,40.51095557341793,15.64,10.059050439906757,57.61,3.08761,73.44670378999999,35.38999999999999,0,35.38999999999999,38.05670379,6.5034663275369935,4.600516229966995,3.4158563275369933,1.5129062299669944,2.106310812420284,1.106310812420284,89.60998031000003,111.25410784319863,267.39456411000003,-7.009993986675319,1.4290444265820668,5.580949560093243,168,168,0
1525,02752-1-01,30 a 44,Hombres,Quintil medio,Sur,Trabajadores moviles,Motorizados privados,69.48,68.54911719520345,28.49,32.58891121267214,11.26,8.091971592124409,58.77,5.057868,233.5712234352941,205.67999999999998,48.5294117647059,157.1505882352941,76.42063519999999,8.221519950993693,8.764199506144937,3.1636519509936933,3.706331506144937,1.6254912051863935,0.6254912051863935,117.84944520470594,113.14116285457521,318.8996982047058,0.9308828047965534,-4.098911212672139,3.1680284078755907,168,168,0
1534,02761-1-03,30 a 44,Hombres,Quintil medio,Norte,Trabajadores moviles,Motorizados privados,90.41,64.28621813362244,20.86,44.663609089619776,8.77,11.090172776757777,47.96000000000001,1.600404,38.7440832407393,50.18,31.1284046692607,19.0515953307393,19.69248791,3.400755184944405,10.570238112856467,1.800351184944405,8.969834112856468,2.1249354443905446,1.1249354443905446,105.94844239926068,64.13983740518259,153.36841291926066,26.123781866377556,-23.803609089619776,-2.3201727767577776,168,168,0
1535,02762-1-01,30 a 44,Hombres,Quintil alto,Centro,Trabajadores moviles,Motorizados privados,67.3,61.59449349585632,31.21,38.05602599641765,10.59,9.449480507726031,58.900000000000006,19.04385,571.6711058999999,490.02,0,490.02,81.6511059,37.41857887990744,50.210168449897374,18.374728879907444,31.166318449897375,1.9648641886964793,0.9648641886964792,709.9799991,601.3251890610634,1506.0129290999998,5.705506504143678,-6.8460259964176515,1.1405194922739685,168,168,0
1540,02774-1-01,60 o mas,Mujeres,Quintil bajo,Sur,Trabajadores moviles,Movilidad mixta,57.3,61.60400963506585,45.05,38.9696523662565,7.9,9.676337998677646,57.75000000000001,6.808469,196.16527540000004,156.04000000000002,0,156.04000000000002,40.12527540000001,13.56728481860243,10.828493819981968,6.75881581860243,4.020024819981969,1.9927071443818618,0.9927071443818618,193.95999829999994,223.26371447604708,554.4684318499999,-4.304009635065853,6.0803476337435,-1.7763379986776453,168,168,0
1593,02889-1-01,30 a 44,Mujeres,Quintil alto,Centro,Trabajadores moviles,Motorizados privados,62.67,59.57969253704545,35.37,35.72069902781563,6.13,8.86960843513892,63.830000000000005,9.621391,295.26259261,382.29,140,242.29000000000002,52.97259261,18.428505865910267,21.91872727881764,8.807114865910268,12.297336278817642,1.9153681485255374,0.9153681485255374,307.70998136,277.9769249486962,706.9977078599998,3.0903074629545486,-0.35069902781562945,-2.73960843513892,168,168,0
1617,02918-1-02,45 a 59,Hombres,Quintil bajo,Sur,Trabajadores moviles,Movilidad mixta,49.86,62.85685998345594,53.3,38.478706147459484,7.73,9.554433869084583,57.11,4.404062,138.97652852,108.39,0,108.39,30.586528519999995,8.483682845367849,3.9045178454635794,4.079620845367849,-0.4995441545364203,1.9263313834745852,0.9263313834745853,80.61000279999999,137.84897997245895,349.38990666,-12.996859983455941,14.821293852540514,-1.824433869084583,168,168,0
1670,03011-1-01,45 a 59,Hombres,Quintil bajo,Centro,Trabajadores moviles,Movilidad mixta,63.28,65.15252596351522,41.37,38.26588468343367,8.27,9.501589353051118,55.08,5.04043,176.55838032,132.6,0,132.6,43.958380319999996,9.396607604607311,8.480083996475896,4.3561776046073115,3.4396539964758963,1.8642472179173823,0.8642472179173823,142.40003008,151.83836612228097,392.60697528000003,-1.8725259635152156,3.104115316566329,-1.2315893530511186,168,168,0
1676,03028-1-01,30 a 44,Hombres,Quintil alto,Centro,Trabajadores moviles,Movilidad mixta,77.25,71.77315284134201,29.57,38.00102391289134,12.39,9.435823245766649,48.79,4.721737,208.20415325000002,168.45000000000002,0,168.45000000000002,39.75415325,8.144186616450254,11.029085956771116,3.422449616450254,6.307348956771116,1.7248285146864921,0.7248285146864922,156.55002999999996,130.6897981276197,354.6741145200001,5.476847158657989,-8.431023912891341,2.9541767542333517,168,168,0
1686,03051-1-01,45 a 59,Hombres,Quintil alto,Centro,Trabajadores moviles,Motorizados privados,62.62,59.99582445193003,41.3,42.076414655707424,8.6,10.44776089236256,55.48,19.272372,397.4343729784615,429.06,88.4615384615385,340.5984615384615,56.835911440000004,42.7076473848902,47.949638596531535,23.4352753848902,28.677266596531535,2.2160036857367738,1.2160036857367738,809.4015616615385,758.8274743058302,1771.092924461539,2.624175548069971,-0.776414655707427,-1.84776089236256,167.99999999999997,168,0
1689,03056-1-03,18 a 29,Hombres,Quintil medio,Centro,Trabajadores moviles,Usuarios publicos,49.26,53.16761763836919,43.53,41.92277169879192,12.71,10.40961066283888,62.50000000000001,2.546042,21.00801547999999,68.08999999999999,60,8.08999999999999,12.91801548,6.459837346294865,5.488057910896982,3.913795346294865,2.9420159108969823,2.5372076918978026,1.5372076918978026,104.41001344,114.35897206722876,247.59941552000004,-3.9076176383691887,1.6072283012080817,2.3003893371611213,168,167.99999999999997,-2.842170943040401e-14
1691,03061-1-01,30 a 44,Hombres,Quintil bajo,Centro,Trabajadores moviles,Motorizados privados,56.74,69.4603555429266,36.12,22.55030374541651,4.75,5.599340711656898,70.38999999999999,2.061186,116.9516865,0,0,0,116.9516865,2.7533757588660066,5.16434706879056e-7,0.6921897588660064,-2.061185483565293,1.3358211043865067,0.33582110438650675,7.14000002233206e-6,26.219025900102736,84.24067896000005,-12.720355542926605,13.569696254583487,-0.8493407116568976,168,168,0
1695,03065-2-01,18 a 29,Hombres,Quintil bajo,Centro,Trabajadores moviles,Usuarios publicos,62.45,73.26384061601,40.43,28.291303019651465,5.7,7.0248563643385316,59.42,2.650411,148.4181954,95.4,0,95.4,53.0181954,3.830405682659377,1.0958062649199558,1.1799946826593768,-1.5546047350800443,1.4452119624689819,0.44521196246898187,17.09997155000002,45.76109367091968,139.36343097999998,-10.813840616009998,12.138696980348534,-1.3248563643385314,168,168,0
1696,03067-1-02,30 a 44,Mujeres,Quintil bajo,Centro,Trabajadores moviles,Usuarios publicos,67.8,69.63669025977947,29.65,31.16492120111134,11.09,7.73838853910918,59.46000000000001,3.028094,148.8847804,78.58,0,78.58,70.3047804,4.70975724810093,4.09386811409415,1.68166324810093,1.06577411409415,1.555353713623464,0.5553537136234641,56.41999279999996,61.981663555496624,179.78454235999993,-1.8366902597794734,-1.514921201111342,3.35161146089082,168,168,0
1713,03104-1-01,45 a 59,Mujeres,Quintil bajo,Centro,Trabajadores moviles,Usuarios publicos,76.98,73.52237371386698,36.68,36.816039852688895,5.82,9.141586433444123,48.519999999999996,4.402659,209.8266681,133.41,0,133.41,76.4166681,7.324250232282756,8.978950754148867,2.921591232282756,4.576291754148867,1.6635969836143922,0.6635969836143921,129.09002171999998,113.86727223271987,316.20302921999996,3.4576262861330207,-0.13603985268889573,-3.321586433444123,168,168,0
1731,03135-1-02,30 a 44,Mujeres,Quintil alto,Centro,Trabajadores moviles,Movilidad mixta,65,66.05236763855719,40.49,36.94421857994956,6.68,9.173413781493254,55.83,5.011276,190.47289999999998,114.73999999999998,0,114.73999999999998,75.7329,9.008146937817374,8.476673998423335,3.9968709378173743,3.4653979984233354,1.7975754953064598,0.7975754953064598,135.26004,140.5337446902783,371.64192891999994,-1.052367638557186,3.5457814200504387,-2.4934137814932544,168,168,0
1749,03163-1-01,45 a 59,Hombres,Quintil alto,Norte,Trabajadores moviles,Motorizados privados,62.74,60.14216706321791,36.45,36.41566208397536,6.41,9.042170852806736,62.39999999999999,10.812995,329.27729892,275.87,0,275.87,53.407298919999995,20.87717802980354,24.08002074385085,10.06418302980354,13.267025743850848,1.9307488840791602,0.9307488840791603,349.13000738000005,321.03965282373997,812.5749730800001,2.5978329367820905,0.03433791602463998,-2.632170852806736,168,168,0
1752,03171-1-01,30 a 44,Hombres,Quintil alto,Centro,Trabajadores moviles,Usuarios publicos,80.31,73.94557613110739,26.39,33.15250855106599,8.63,8.231915317826624,52.669999999999995,6.73198,348.95529817,258.31,0,258.31,90.64529817,10.632091854955883,16.18099400064846,3.900111854955883,9.44901400064846,1.5793409747141083,0.5793409747141083,191.69001563000006,148.8448414330923,427.44395523000014,6.364423868892615,-6.7625085510659915,0.39808468217337634,168,168,0
1753,03171-1-02,30 a 44,Mujeres,Quintil alto,Centro,Trabajadores moviles,Usuarios publicos,76.76,71.79654497487681,21.02,31.453428772829323,13.28,7.810026252293869,56.94,5.801692,296.23786671999994,200.89999999999998,0,200.89999999999998,95.33786672,9.057573396250437,12.8500672891638,3.2558813962504365,7.0483752891638,1.5611951472519459,0.5611951472519459,149.1000112000001,120.30357388838303,348.09804680000013,4.963455025123196,-10.433428772829323,5.46997374770613,168,168,0
1756,03181-1-01,30 a 44,Hombres,Quintil alto,Norte,Trabajadores moviles,Usuarios publicos,74.35,67.04577724992075,31.21,36.044270163002395,6.48,8.949952587076853,55.96000000000001,7.366988,296.87557634999996,249.14,0,249.14,47.73557635,12.946167528471522,19.6755596474082,5.5791795284715215,12.3085716474082,1.7573216528208708,0.7573216528208708,250.85998144999996,197.04986010083917,528.52175917,7.304222750079248,-4.834270163002394,-2.469952587076852,168,168,0
1765,03201-1-01,30 a 44,Mujeres,Quintil medio,Centro,Trabajadores moviles,Motorizados privados,89.79,79.52952743311354,23.96,32.925038960147724,6.88,8.175433606738743,47.36999999999999,4.853445,284.08082838,148.29000000000002,0,148.29000000000002,135.79082838,7.329892798093492,14.541917603758842,2.476447798093492,9.688472603758843,1.510245361406896,0.5102453614068959,151.70999817,101.91135889260772,301.39024197,10.260472566886463,-8.965038960147723,-1.2954336067387429,168,168,0
1778,03224-1-01,30 a 44,Hombres,Quintil bajo,Norte,Trabajadores moviles,Usuarios publicos,74.1,64.3081285611002,20.87,40.015776231807365,19.29,9.93609520709243,53.74,2.108238,67.12042050000001,60.900000000000006,0,60.900000000000006,6.2204205,4.0512054167230165,6.558521103054017,1.9429674167230164,4.450283103054017,1.9216072458247202,0.9216072458247202,89.10001529999998,68.45641984139677,173.76685338,9.79187143889979,-19.145776231807364,9.353904792907569,168,168,0
1780,03225-1-03,18 a 29,Mujeres,Quintil medio,Centro,Trabajadores moviles,Usuarios publicos,63.49,61.125022366452036,41.48,39.537612586260536,5.51,9.817365047287426,57.519999999999996,5.441784,148.2771487798925,154.66000000000003,76.8817204301075,77.77827956989252,70.49886921000001,11.041772296906457,12.40712441000333,5.5999882969064565,6.96534041000333,2.0290721382742234,1.0290721382742234,197.22171738010752,184.3520199335083,452.93114754010753,2.3649776335479658,1.9423874137394606,-4.307365047287426,168,168,0
1783,03231-1-01,45 a 59,Hombres,Quintil medio,Centro,Trabajadores moviles,Motorizados privados,97.89,78.78818799721893,11.5,32.453470854064975,9.91,8.058341148716096,48.7,5.104188,296.58893062,171.94,0,171.94,124.64893062,7.702697128728173,28.036876609476227,2.598509128728173,22.932688609476227,1.5090935382333435,0.5090935382333435,203.06003269999997,105.56079309714886,312.34069777999997,19.101812002781074,-20.953470854064975,1.8516588512839043,168,168,0
1786,03234-1-01,45 a 59,Mujeres,Quintil bajo,Centro,Trabajadores moviles,Usuarios publicos,67.14,67.87462141632336,30.7,34.49108802835482,13.09,8.564290555321826,57.06999999999999,2.756206,120.22168384,53.92,0,53.92,66.30168384,4.590148487345644,4.376458706958526,1.8339424873456438,1.6202527069585257,1.6653865811719601,0.6653865811719601,64.82998700000002,66.85475495539896,185.52424774000005,-0.734621416323364,-3.7910880283548174,4.525709444678174,168,168,0
1801,03271-1-01,18 a 29,Mujeres,Quintil bajo,Centro,Trabajadores moviles,Usuarios publicos,51.48,56.61227637093059,33.78,29.718490312541743,8.45,7.379233316527666,74.29,3.550381,124.14361312,103.87,0,103.87,20.27361312,6.123886649814407,4.104125798748052,2.5735056498144075,0.5537447987480526,1.7248533748390407,0.7248533748390406,58.63000075999997,76.8515372741009,208.56259038999997,-5.13227637093059,4.061509687458258,1.0707666834723337,168,168,0
1816,03306-1-01,60 o mas,Hombres,Quintil alto,Sur,Trabajadores moviles,Motorizados privados,62.88,61.603647453913055,37.2,40.79642001559478,12.45,10.129932530492171,55.47,6.552705,169.19140933877594,308.78999999999996,201.632653061224,107.15734693877596,62.034062399999996,13.610793591887543,14.45864557419474,7.058088591887543,7.905940574194741,2.077125949037465,1.0771259490374652,242.84268106122403,234.47911935071738,568.184484311224,1.2763525460869474,-3.5964200155947736,2.320067469507828,168,168,0
1825,03329-1-01,30 a 44,Mujeres,Quintil bajo,Centro,Trabajadores moviles,Movilidad mixta,64.54,67.467645147536345,32.76,33.27101408380807,11.7,8.261340768655602,58.999999999999986,4.387426,193.97450306,135.81,0,135.81,58.164503059999994,7.26245737461479,5.93018729537641,2.8750313746147906,1.54276129537641,1.6552888583453695,0.6552888583453694,89.18997098000003,102.0347974190748,284.25493094,-2.9276451475363388,-0.511014083808071,3.4386592313443973,168,168,0
1828,03336-1-03,45 a 59,Hombres,Quintil alto,Centro,Trabajadores moviles,Movilidad activa,74.58,64.33609208430683,26.84,34.16947524487159,5.57,8.48443267082158,61.01,2.739329,108.41690301548388,73.14999999999999,49.0322580645161,24.117741935483892,84.29916107999999,4.700305149301091,8.745427599865861,1.9609761493010907,6.006098599865862,1.7158600333516312,0.7158600333516312,95.88225380451613,67.82081977772827,184.66390669451616,10.243907915693171,-7.329475244871592,-2.9144326708215793,168,168,0
1844,03368-1-02,45 a 59,Mujeres,Quintil bajo,Norte,Trabajadores moviles,Usuarios publicos,51.11,62.823109840198,28.63,22.25169526250306,10.86,5.525194897298933,77.4,3.018037,149.49190353,5.24,0,5.24,144.25190353,4.268713615182104,0.3563187721907463,1.2506766151821043,-2.6617182278092537,1.4144006899789845,0.41440068997898444,4.759967539999991,40.11056642278166,123.94224866999997,-11.713109840198001,6.37830473749694,5.334805102701067,168,168,0
1859,03400-1-01,30 a 44,Hombres,Quintil alto,Centro,Trabajadores moviles,Movilidad mixta,52.84,60.75637228398043,51.3,42.1320518587076,9.21,10.461575857311974,54.65,22.220589,484.64592608,460.51,0,460.51,24.135926079999997,48.64114930837793,33.68392274145476,26.420560308377933,11.463333741454758,2.1890126003580703,1.1890126003580703,689.4899966800001,865.3964515733205,2034.0578370699998,-7.916372283980429,9.167948141292399,-1.2515758573119733,168,168,0
1876,03433-2-02,60 o mas,Hombres,Quintil alto,Norte,Trabajadores moviles,Motorizados privados,46.74,59.7351427069514,62.82,46.24261125585815,7.9,11.482246037190466,50.53999999999999,2.816626,32.7597999628743,58.97,45.3592814371257,13.610718562874297,19.1490814,6.938599964486247,4.133604233538923,4.121973964486248,1.3169782335389235,2.4634438382966883,1.4634438382966883,98.8892992771257,135.4917560992354,298.08108999712573,-12.995142706951398,16.57738874414185,-3.5822460371904654,168,168,0
1880,03441-1-02,18 a 29,Hombres,Quintil medio,Centro,Trabajadores moviles,Usuarios publicos,66.27,65.64132132836625,33.88,32.78741716796259,6.42,8.14126150367117,61.42999999999999,3.48537,148.62549811,92.65,0,92.65,55.97549811,5.789556494926814,6.04060244927938,2.3041864949268143,2.5552324492793796,1.6611024066101487,0.6611024066101487,82.34997178999998,80.15879400824787,222.81038279000003,0.6286786716337502,1.0925828320374151,-1.7212615036711707,168,168,0
1882,03447-1-01,30 a 44,Hombres,Quintil medio,Sur,Trabajadores moviles,Movilidad mixta,78.01,77.194924289178,41.17,37.61508324848481,4.97,9.339992462337193,43.849999999999994,5.566246,284.63284884999996,200.41,0,200.41,84.22284884999999,9.132008027244803,9.584000384822264,3.565762027244803,4.017754384822265,1.6406044625488712,0.640604462548871,149.59000161000006,145.0530896949399,406.4165920500001,0.8150757108220006,3.5549167515151936,-4.369992462337193,168,168,0
1896,03463-1-02,45 a 59,Hombres,Quintil alto,Centro,Trabajadores moviles,Movilidad mixta,69.59,67.3466632774853,39.9,38.08633127847273,5.4,9.457005444041966,53.11,8.432846,321.0810102499741,250.41,16.1707632600259,234.2392367399741,86.84177351,15.348044712474977,17.342610603164132,6.915198712474977,8.909764603164133,1.820031423848482,0.8200314238484822,265.76074289002594,246.8430297829147,647.7686666900258,2.243336722514698,1.8136687215272715,-4.057005444041966,168,168,0
1899,03465-1-01,30 a 44,Hombres,Quintil bajo,Centro,Trabajadores moviles,Movilidad activa,50.35,64.06548562233775,48.91,35.26744975321629,8.83,8.757064624445952,59.91000000000001,2.803291,106.13567939999999,89.99,0,89.99,16.1456794,4.932526703126871,1.7924104016307285,2.1292357031268705,-1.0108805983692717,1.7595485816944691,0.7595485816944693,35.01002245000004,73.45851985572884,196.87204479,-13.715485622337745,13.642550246783706,0.07293537555404761,168,168,0
1904,03475-1-02,60 o mas,Hombres,Quintil medio,Sur,Trabajadores moviles,Movilidad mixta,67.13,65.88014766415714,33.18,32.55604225267041,6.21,8.083810083172457,61.48,2.831356,122.65894606999998,62.589999999999996,0,62.589999999999996,60.068946069999996,4.645953259224233,5.058946394044566,1.8145972592242328,2.2275903940445656,1.6408933596567272,0.6408933596567273,67.40998221000001,63.87120529979731,178.93709505000007,1.24985233584286,0.623957747329591,-1.8738100831724571,168,168,0
1912,03491-1-01,45 a 59,Mujeres,Quintil bajo,Sur,Trabajadores moviles,Usuarios publicos,69.14,71.44509273322251,30.3,27.46518073889909,6.29,6.819726527878398,62.27,2.651213,145.02486252,69.22,0,69.22,75.80486252,3.8275131571103116,3.0926545661512224,1.1763001571103118,0.44144156615122254,1.443683761776331,0.443683761776331,38.2800043,44.39129612052503,135.28788796999993,-2.3050927332225086,2.834819261100911,-0.529726527878398,168,168,0
1919,03507-1-01,45 a 59,Hombres,Quintil bajo,Sur,Trabajadores moviles,Movilidad mixta,50.31,59.50591975046103,44.12,38.960111332080615,13.71,9.673968917458364,59.85999999999999,2.376911,62.212399940000005,55.13,0,55.13,7.082399940000001,4.815696937515091,2.9326041606341477,2.438785937515091,0.5556931606341475,2.026031659374327,1.026031659374327,57.36999247000001,79.2278752799881,194.82675560000007,-9.19591975046103,5.1598886679193825,4.036031082541637,168,168,0
1923,03512-1-01,45 a 59,Mujeres,Quintil bajo,Norte,Trabajadores moviles,Movilidad mixta,117.97,97.4112874285197,10.59,27.868772431395435,3.64,6.919940140084869,35.8,2.569766,211.17527225999999,108.02,0,108.02,103.15527226,3.326622499984883,19.107789947856773,0.7568564999848828,16.53802394785677,1.2945235091385296,0.29452350913852965,91.98002276,39.14894219003736,128.54779293999997,20.5587125714803,-17.278772431395435,-3.2799401400848684,168,168,0
1927,03515-1-01,30 a 44,Hombres,Quintil bajo,Centro,Trabajadores moviles,Usuarios publicos,57.42,61.209369909416765,33.61,34.51932753913938,13.27,8.571302551443848,63.7,5.896239,204.56203828,166,0,166,38.562038279999996,10.725499864351804,8.449656569361276,4.829260864351804,2.553417569361276,1.8190408944331808,0.819040894433181,134.00000509999998,156.34303574532956,410.4156894199999,-3.789369909416763,-0.9093275391393831,4.6986974485561515,168,168,0
1929,03518-1-02,45 a 59,Mujeres,Quintil alto,Centro,Trabajadores moviles,Usuarios publicos,45.47,55.096402477313255,47.41,37.18131231284871,8.63,9.232285209838018,66.49000000000001,2.955969,65.1710437558678,70.04,86.7768595041322,-16.736859504132198,81.90790326,6.222093971599111,3.65225527308306,3.2661249715991105,0.6962862730830599,2.104925312680583,1.1049253126805831,69.23686667413219,97.6922139785934,234.88936943413216,-9.626402477313256,10.228687687151286,-0.6022852098380174,168,168,0
1944,03544-1-01,30 a 44,Mujeres,Quintil bajo,Centro,Trabajadores moviles,Usuarios publicos,69.6,67.6517233847776,21.76,23.037870828418846,5.05,5.720405786803554,71.59,3.3102,178.949888,98.56,0,98.56,80.389888,4.624695636744158,5.671869917901643,1.3144956367441578,2.3616699179016427,1.3971045969259133,0.39710459692591316,51.440032,44.99084674829081,140.18649399999998,1.9482766152223974,-1.2778708284188447,-0.6704057868035544,168,168,0
1946,03553-1-01,30 a 44,Mujeres,Quintil bajo,Centro,Trabajadores moviles,Usuarios publicos,53.95,64.90829098929986,55.7,42.17858000718817,7.91,10.473129003511977,50.44,5.447932,156.4759078,129.56,0,129.56,26.915907799999996,11.068384328940112,6.387187587662249,5.620452328940113,0.9392555876622488,2.0316671223025753,1.031667122302575,137.4400236,197.14004774591834,483.98297812,-10.958290989299854,13.521419992811836,-2.5631290035119765,168,168,0
1960,03580-1-01,18 a 29,Mujeres,Quintil alto,Centro,Trabajadores moviles,Usuarios publicos,65.08,62.496830401507324,40.76,44.623064278626195,12.36,11.080105319866473,49.800000000000004,6.888478,139.15215988000003,358.35,267.5,90.85000000000002,48.30215988,15.4620020754295,17.204141819787573,8.5735240754295,10.315663819787574,2.244618052845563,1.2446180528455633,309.14998835999995,291.35588141051437,675.06593972,2.583169598492674,-3.8630642786261973,1.279894680133527,168,168,0
1976,03605-1-02,30 a 44,Hombres,Quintil alto,Centro,Trabajadores moviles,Motorizados privados,62.45,58.871745063193956,35.11,40.28524855371535,11.6,10.003006383090701,58.839999999999996,5.677004,126.7846085357143,157.97,85.7142857142857,72.2557142857143,54.52889424999999,12.193487692047743,14.413168972287751,6.516483692047743,8.736164972287751,2.1478737186106867,1.1478737186106867,227.74429126428572,207.43052367501804,492.9171481042857,3.5782549368060472,-5.175248553715349,1.5969936169092982,168,168,0
1977,03607-1-01,45 a 59,Hombres,Quintil alto,Norte,Trabajadores moviles,Motorizados privados,57.1,59.74573923819397,42.59,39.75333169933833,9.68,9.87092906246769,58.63,14.092701,345.2532043,290.56,0,290.56,54.693204300000005,29.589959382603865,25.983531112549915,15.497258382603865,11.890830112549915,2.0996655916139755,1.0996655916139757,459.44002280000007,496.7256348078354,1196.0655040699999,-2.6457392381939684,2.836668300661671,-0.19092906246769026,168,168,0
1981,03612-1-02,30 a 44,Hombres,Quintil medio,Centro,Trabajadores moviles,Movilidad mixta,56.21,58.62581852798644,30.78,31.766434504471206,11.29,7.887746967542354,69.72,4.288946,149.89165127,116.31,0,116.31,33.58165127,7.570392955897041,6.407617305638911,3.2814469558970405,2.1186713056389106,1.7650940244752535,0.7650940244752534,91.19000338999999,101.55131860233331,271.62596161,-2.4158185279864384,-0.9864345044712053,3.4022530324576454,168,168,0
1993,03629-1-01,18 a 29,Hombres,Quintil bajo,Centro,Trabajadores moviles,Motorizados privados,59.37,68.31322083137556,43.46,37.75263259243791,12.61,9.374146576186542,52.55999999999999,4.929719,196.91739115000001,154.24,0,154.24,42.67739115,8.772211170776464,5.048653259807318,3.842492170776463,0.11893425980731731,1.7794546039594676,0.7794546039594676,95.76002588,139.8475915336279,372.16937021000007,-8.943220831375562,5.707367407562089,3.2358534238134578,168,168,0
1997,03642-1-02,60 o mas,Hombres,Quintil medio,Sur,Trabajadores moviles,Usuarios publicos,48.84,48.51652378818217,23.6,30.676391716464007,14.37,7.617084495353824,81.19,3.315462,75.10296771368421,86.86,23.6842105263158,63.175789473684205,11.927178240000002,6.619724413628831,6.759615932209864,3.304262413628831,3.444153932209864,1.9966220133510295,0.9966220133510295,86.8241963663158,85.75172327812983,212.71228850631582,0.3234762118178338,-7.0763917164640056,6.752915504646175,168,168,0
2006,03659-1-01,30 a 44,Hombres,Quintil bajo,Sur,Trabajadores moviles,Motorizados privados,64.73,69.5358502236032,31.08,28.754323393872593,9.62,7.139826382524204,62.57,5.421645,276.76305799,213.32000000000002,0,213.32000000000002,63.44305799,8.25506179282146,5.387836392395249,2.8334167928214598,-0.03380860760475102,1.5226120103439933,0.5226120103439934,74.18002286000001,100.23563669554721,294.84097436,-4.805850223603201,2.3256766061274057,2.4801736174757956,168,168,0
2033,03711-1-02,45 a 59,Hombres,Quintil alto,Sur,Trabajadores moviles,Motorizados privados,66.36,56.88739837667922,36.85,44.16598990359621,8.81,10.96661171972458,55.97999999999999,5.389601,55.619738273683964,346.65,348.684210526316,-2.0342105263160306,57.653948799999995,13.457165178441828,19.55428936702219,8.067564178441827,14.16468836702219,2.4968759614008214,1.4968759614008214,302.03418408631603,250.98064090466474,548.123365746316,9.472601623320777,-7.315989903596211,-2.15661171972458,168,168,0
2035,03717-1-02,30 a 44,Mujeres,Quintil bajo,Centro,Trabajadores moviles,Usuarios publicos,74.15,78.0190462498447,45.89,38.19657443904157,5.66,9.484379311113726,42.3,2.746281,142.4467633,63.809999999999995,0,63.809999999999995,78.6367633,4.452407082290388,3.5089197565177774,1.7061260822903876,0.7626387565177772,1.6212496398913248,0.6212496398913249,61.18997285000003,71.8154610540698,202.76075840000004,-3.8690462498447005,7.693425560958431,-3.8243793111137254,168,168,0
2057,03764-1-01,45 a 59,Hombres,Quintil bajo,Centro,Trabajadores moviles,Movilidad mixta,60.05,65.73905439651521,65.53,52.16751869767668,5.28,12.953426905808104,37.14,1.876042,18.987222440909104,59.74,40.9090909090909,18.830909090909103,0.15631335000000002,4.736530343608865,3.9104217271803363,2.860488343608865,2.0343797271803363,2.5247464308415615,1.5247464308415617,93.66909965909089,104.34200464723808,226.51163367909092,-5.689054396515218,13.362481302323324,-7.673426905808104,168,168,0
2080,03801-1-02,45 a 59,Mujeres,Quintil bajo,Centro,Trabajadores moviles,Usuarios publicos,71.47,59.35522103087893,18.84,34.32237949336291,11.89,8.522399475758155,65.8,2.807382,92.19246243885888,77.69,71.1411411411411,6.5488588588588925,85.64360357999999,5.136084393027752,10.432619389950464,2.328702393027752,7.625237389950463,1.829492528279996,0.8294925282799961,108.4511291011411,74.44031668925209,194.7219779611411,12.114778969121069,-15.48237949336291,3.367600524241846,168,168,0
2081,03803-1-01,45 a 59,Mujeres,Quintil medio,Centro,Trabajadores moviles,Usuarios publicos,64.77,63.07340365280902,35.19,35.285139323716166,7.16,8.761457023474804,60.88000000000001,6.961243,251.38969966999997,175.51,0,175.51,75.87969967,12.595822658770675,13.924819746103976,5.634579658770676,6.963576746103977,1.8094214867618723,0.8094214867618723,199.49000944,187.67958999429123,494.29865048999994,1.696596347190976,-0.09513932371616818,-1.6014570234748042,168,168,0
2086,03812-1-01,30 a 44,Hombres,Quintil medio,Centro,Trabajadores moviles,Motorizados privados,81.7,69.32644355330032,34.19,41.67537538809347,5.46,10.348181058606205,46.65,2.293276,83.68062719999999,76.32,30,46.31999999999999,37.360627199999996,4.27897841090543,7.729897494983709,1.98570241090543,5.43662149498371,1.8658802564128478,0.8658802564128478,103.68002200000002,75.30404196613837,194.6084154,12.37355644669968,-7.485375388093473,-4.888181058606205,168,168,0
2087,03813-1-03,18 a 29,Hombres,Quintil alto,Centro,Trabajadores moviles,Movilidad mixta,52.93,55.76998804402715,32.33,32.92466997090432,11.61,8.175341985068538,71.13,2.574169,77.01076236,53.26,0,53.26,23.75076236,4.786653065659182,3.9854453994768058,2.2124840656591824,1.4112763994768058,1.8594944876032546,0.8594944876032546,59.24000280999999,66.55061199330532,172.34898867,-2.8399880440271517,-0.5946699709043202,3.434658014931461,168,168,0
2106,03845-1-02,30 a 44,Mujeres,Quintil bajo,Centro,Trabajadores moviles,Usuarios publicos,18.8,42.681528171721524,49.62,27.61223185441333,8.73,6.856239973865165,90.84999999999998,2.967457,55.788191600000005,0,0,0,55.788191600000005,6.077799440355021,0,3.1103424403550206,-2.967457,2.048150803989753,1.0481508039897531,0,70.86740794387224,173.15111595000005,-23.881528171721524,22.007768145586667,1.8737600261348355,168,168,0
2146,03907-1-01,45 a 59,Hombres,Quintil bajo,Centro,Trabajadores moviles,Movilidad mixta,79.43,78.13290959003386,33.31,34.26014422750871,8.16,8.506946182457435,47.099999999999994,1.68069,94.91724126,71.42,0,71.42,23.49724126,2.516013866388609,2.7501073369642013,0.8353238663886089,1.0694173369642013,1.4970124570198007,0.49701245701980074,38.579965440000024,36.399958558874005,108.27817974000001,1.2970904099661453,-0.9501442275087086,-0.3469461824574349,168,168,0
2152,03917-1-02,30 a 44,Mujeres,Quintil alto,Centro,Trabajadores moviles,Motorizados privados,83.06,72.353634380859,34.03,41.13288687182303,6.61,10.213478747317966,44.3,7.71356,314.4039275560976,262.74,64.0243902439024,198.7156097560976,115.68831780000001,14.030332824796321,23.73364333362032,6.316772824796321,16.02008333362032,1.8189179606817503,0.8189179606817502,326.2843660439025,243.70017245872117,639.7634444439025,10.706365619140996,-7.102886871823031,-3.6034787473179657,168,168,0
2160,03931-1-01,45 a 59,Mujeres,Quintil bajo,Centro,Trabajadores moviles,Usuarios publicos,58.13,55.37537075533351,22.69,26.271338944024226,7.35,6.523290300642254,79.83000000000001,2.423653,91.08230965538459,65.58,15.3846153846154,50.1953846153846,40.88692504,3.8876056386243247,4.901079148417874,1.463952638624325,2.477426148417874,1.6040273251262969,0.604027325126297,49.804639234615394,43.12837380189174,122.61117535461537,2.7546292446664893,-3.5813389440242247,0.8267096993577461,168,168,0
2173,03949-1-02,30 a 44,Hombres,Quintil medio,Norte,Trabajadores moviles,Movilidad mixta,62.58,68.78565937441607,41.81,38.05509202669406,11.9,9.449248598889866,51.71,3.903493,157.25058824,87.97,0,87.97,69.28058824,6.92314163183562,4.790002007477241,3.0196486318356195,0.8865090074772413,1.7735760335257729,0.7735760335257728,87.03000369999998,111.25375162841749,296.68661273,-6.205659374416072,3.75490797330594,2.450751401110134,168,168,0
2175,03953-1-01,30 a 44,Hombres,Quintil medio,Sur,Trabajadores moviles,Motorizados privados,69.59,72.56621597111578,35.68,34.94643002954869,10.92,8.677353999335539,51.809999999999995,5.628705,272.64159253,205.94,0,205.94,66.70159253,9.203168889376188,7.552691837259666,3.5744638893761884,1.9239868372596662,1.635041966025256,0.635041966025256,119.05998842000002,135.81223013769926,381.35764141999994,-2.976215971115778,0.7335699704513132,2.242646000664461,168,168,0
2190,03973-1-01,30 a 44,Hombres,Quintil bajo,Centro,Trabajadores moviles,Movilidad mixta,72.53,69.3268802050864,27.13,28.489139702381603,5.23,7.073980092532,63.11,4.46932,228.52975830999998,154.37,0,154.37,74.15975830999999,6.759096932848794,8.73589861860608,2.2897769328487945,4.266578618606081,1.5123322860857569,0.5123322860857568,95.63002129,81.31425392819676,240.25721649000002,3.2031197949136043,-1.3591397023816043,-1.843980092532,168,168,0
2212,04013-1-01,45 a 59,Hombres,Quintil bajo,Sur,Trabajadores moviles,Movilidad mixta,74.01,62.55638819758038,18.22,29.60304425533788,7.28,7.3505675470817335,68.49,4.260113,180.05094916000002,114.75999999999999,0,114.75999999999999,65.29094916000001,6.915308054046945,15.677863262234624,2.6551950540469456,11.417750262234623,1.6232686912405718,0.6232686912405717,135.24001396999995,86.44633343355872,243.87289546999995,11.453611802419623,-11.383044255337882,-0.0705675470817333,168,168,0
2232,04055-1-01,18 a 29,Hombres,Quintil bajo,Norte,Trabajadores moviles,Movilidad mixta,59.1,59.749832695862786,38.37,36.473608178377305,7.81,9.056559125759922,62.72,5.557919,166.635949862963,125.20000000000002,37.037037037037,88.16296296296301,78.4729869,10.742025280118774,10.359669622122569,5.184106280118774,4.801750622122569,1.9327423231822511,0.9327423231822511,161.837063037037,165.44878052419398,418.501762457037,-0.6498326958627842,1.896391821622693,-1.246559125759922,168,168,0
2234,04058-1-04,45 a 59,Hombres,Quintil alto,Centro,Trabajadores moviles,Motorizados privados,65.12,67.8339308032835,39.91,41.821583911493015,15.01,10.384485285223493,47.96,3.501441,118.5193101454826,57.879999999999995,17.3745173745174,40.5054826254826,78.01382752,6.738101991910197,5.893641733800551,3.236660991910197,2.392200733800551,1.9243797030737337,0.9243797030737337,109.49452777451741,118.99719636029714,301.7936674945173,-2.713930803283489,-1.9115839114930182,4.625514714776507,168,168,0
2236,04060-1-01,30 a 44,Mujeres,Quintil bajo,Sur,Trabajadores moviles,Motorizados privados,62.19,62.97329992833097,24.84,27.138171413619776,9.82,6.738528658049257,71.15,3.474617,157.46645771,91.38,0,91.38,66.08645771,5.3527398302393046,4.999641972620348,1.8781228302393047,1.5250249726203484,1.5405265760914957,0.5405265760914958,58.61997352,61.341640767077564,179.05019873999998,-0.783299928330969,-2.2981714136197766,3.081471341950743,168,168,0
2253,04099-1-05,18 a 29,Mujeres,Quintil alto,Centro,Trabajadores moviles,Movilidad mixta,62.02,60.17310447471413,43.95,39.10656220479701,3.02,9.710333320488868,59.009999999999984,2.959038,79.30353135573161,89.88000000000001,79.0959925442684,10.784007455731611,68.5195239,5.9798882035078,6.558970963524289,3.0208502035077998,3.599932963524289,2.020889290204384,1.0208892902043838,104.21600540426842,98.75097136291755,243.2020202642684,1.8468955252858734,4.843437795202995,-6.690333320488868,167.99999999999997,168,0
2255,04101-1-01,30 a 44,Hombres,Quintil bajo,Centro,Trabajadores moviles,Movilidad mixta,74.3,74.90004368048176,40.67,37.23447145761208,6.41,9.245484861906158,46.620000000000005,5.023708,245.2414868,171.98,0,171.98,73.2614868,8.333772946751532,8.038282668437613,3.310064946751532,3.0145746684376133,1.6588888022057675,0.6588888022057675,128.0200176,131.03446183798567,364.53619024,-0.600043680481761,3.435528542387921,-2.835484861906158,168,168,0
2262,04114-1-02,30 a 44,Hombres,Quintil medio,Centro,Trabajadores moviles,Usuarios publicos,82.11,72.22008124766829,21.06,32.772388847475426,9.96,8.137529904856288,54.87,7.136286,358.19044222,272.23,0,272.23,85.96044222,11.358621737553234,21.705838956529185,4.222335737553234,14.569552956529185,1.5916713172024262,0.5916713172024263,227.77000123999994,157.1927125065978,449.13759296,9.88991875233171,-11.712388847475427,1.8224700951437125,168,168,0
2268,04126-1-01,30 a 44,Hombres,Quintil medio,Centro,Trabajadores moviles,Motorizados privados,65.72,64.84549512541854,33.61,36.50912641315914,11.09,9.06537846142233,57.58,5.791607,213.85440683999997,133.23,0,133.23,80.62440683999999,10.488754423247908,11.02890167682359,4.697147423247908,5.23729467682359,1.8110266154536916,0.8110266154536915,166.77000520000001,161.70521664683992,425.65483810000006,0.8745048745814614,-2.899126413159138,2.0246215385776694,168,168,0
2278,04142-1-03,60 o mas,Mujeres,Quintil medio,Sur,Trabajadores moviles,Movilidad activa,46.79,58.73517919878141,47.55,37.022074939408334,10.61,9.192745861810245,63.05000000000001,2.396386,67.43189139,33.43,15.625,17.805,49.62689139,4.689911273039481,2.271728792208207,2.293525273039481,-0.12465720779179312,1.9570767284734099,0.95707672847341,44.695009549999995,73.320269749451,184.06881930999998,-11.94517919878141,10.527925060591663,1.4172541381897545,168,168,0
2282,04151-1-01,45 a 59,Mujeres,Quintil medio,Centro,Trabajadores moviles,Movilidad mixta,110.7,94.31618891011601,11.11,27.96898718161747,7.42,6.94482390826652,38.769999999999996,2.333956,184.2388939,50.870000000000005,0,50.870000000000005,133.3688939,3.038851195177635,11.826075122363818,0.704895195177635,9.492119122363817,1.3020173453045536,0.3020173453045537,74.13003530000003,35.89094110389874,117.37823998000005,16.38381108988399,-16.858987181617472,0.47517609173347974,168,168,0
2292,04165-1-01,30 a 44,Hombres,Quintil bajo,Centro,Trabajadores moviles,Usuarios publicos,78.84,69.5449669184704,19.28,27.561411922722986,5.83,6.843621158806623,64.05,2.348906,123.57771468,63.39,0,63.39,60.18771468,3.4176731836873677,7.253148748220679,1.0687671836873678,4.904242748220678,1.455006366234906,0.45500636623490587,61.61003436,39.77687538459661,120.59106401999999,9.29503308152961,-8.281411922722985,-1.0136211588066226,168,168,0
2297,04176-1-03,18 a 29,Mujeres,Quintil medio,Sur,Trabajadores moviles,Usuarios publicos,56.62,59.96832288856723,44.29,40.32804434342453,9.4,10.013632768008238,57.690000000000005,3.768108,91.3348048545455,120.03,54.5454545454545,65.4845454545455,25.8502594,7.90575717873797,6.718051663868741,4.13764917873797,2.9499436638687415,2.09807075029112,1.0980707502911196,122.01547010545448,134.63231236844777,324.3251886254545,-3.348322888567232,3.961955656575469,-0.6136327680082374,168,168,0
2299,04178-1-01,45 a 59,Hombres,Quintil alto,Centro,Trabajadores moviles,Motorizados privados,68.24,56.67399246222571,14.17,31.799940806436002,13.96,7.896066731338292,71.63,13.859121,443.95641784,373.21,0,373.21,70.74641784,25.430783983586146,52.73198442327809,11.571662983586146,38.87286342327809,1.8349492715725728,0.8349492715725727,501.7899992,341.49530124707405,891.64707293,11.566007537774283,-17.629940806436004,6.0639332686617085,168,168,0
2305,04189-1-01,45 a 59,Mujeres,Quintil bajo,Sur,Trabajadores moviles,Usuarios publicos,60.91,58.152275635005104,35.04,37.00036834669472,8.39,9.187356018300159,63.66000000000001,3.050559,82.7372133576923,79.62,57.6923076923077,21.927692307692304,60.809521049999994,6.058436526759454,7.015750445516917,3.0078775267594544,3.9651914455169175,1.986008638665718,0.9860086386657182,103.07233533230769,94.65973445115321,235.55811270230762,2.7577243649948926,-1.9603683466947217,-0.7973560183001585,168,168,0
2311,04193-1-02,18 a 29,Hombres,Quintil medio,Centro,Trabajadores moviles,Usuarios publicos,54,62.37229079512892,47.35,38.618551189814035,9.23,9.589158015057047,57.42,2.820928,87.170129,59.839999999999996,0,59.839999999999996,27.330129000000003,5.443883374975757,3.4043943809253845,2.622955374975757,0.5834663809253846,1.9298200361638995,0.9298200361638996,65.15998299999998,88.77761252812141,224.76808923999997,-8.372290795128919,8.731448810185967,-0.35915801505704614,168,168,0
2312,04193-1-08,30 a 44,Hombres,Quintil medio,Centro,Trabajadores moviles,Usuarios publicos,54.9,61.229412521139984,44,37.955955035733815,9.71,9.424632443126214,59.38999999999999,4.189537,125.7356031,95.73,0,95.73,30.005603100000002,8.159939385858124,5.738864571570828,3.970402385858124,1.5493275715708288,1.9476947896290508,0.9476947896290507,104.26997819999995,130.78728614557923,329.29001047,-6.329412521139986,6.044044964266185,0.285367556873787,168,168,0
2331,04209-1-03,30 a 44,Hombres,Quintil medio,Norte,Trabajadores moviles,Movilidad mixta,77.18,61.25803460699365,23.54,42.218839723003725,13.24,10.483125670002627,54.04,2.15325,50.250730102857204,76.92,42.8571428571428,34.062857142857204,16.18787296,4.58002540482857,9.318211683622703,2.42677540482857,7.164961683622703,2.12702909779569,1.1270290977956903,115.9371048971428,81.65313291465185,195.1336398971428,15.92196539300636,-18.678839723003726,2.7568743299973733,168,168,0
2350,04238-1-02,30 a 44,Mujeres,Quintil bajo,Centro,Trabajadores moviles,Movilidad mixta,57.07,60.17756620027937,58.32,47.15390858319109,3.65,11.70852521652953,48.96000000000001,2.473619,25.73941742000001,87.07000000000001,90,-2.9299999999999926,28.669417420000002,6.183031968593062,5.506290453988213,3.7094129685930626,3.0326714539882134,2.4995894552043234,1.4995894552043232,115.43001890999999,123.11695370676883,268.72018833999994,-3.107566200279372,11.16609141680891,-8.05852521652953,168,168,0
2353,04243-1-01,45 a 59,Hombres,Quintil bajo,Norte,Trabajadores moviles,Movilidad activa,49.14,60.80367506245225,55.58,39.31438763775839,5.16,9.761937299789365,58.120000000000005,5.205313,141.25906798,110.47,0,110.47,30.789067980000002,10.55578948559873,5.573992341132924,5.35047648559873,0.3686793411329239,2.0278875613433294,1.0278875613433294,114.53001284000001,175.24309227035855,430.70072446,-11.66367506245225,16.265612362241612,-4.601937299789364,168,168,0
2356,04247-1-01,30 a 44,Hombres,Quintil medio,Norte,Trabajadores moviles,Movilidad mixta,63.15,65.85718113972247,39.2,39.3516332975205,12.63,9.771185562757037,53.01999999999999,6.637383,228.21071679999997,159.05999999999997,0,159.05999999999997,69.1507168,12.571726403021252,10.890243736799315,5.934343403021252,4.252860736799315,1.8940787962697425,0.8940787962697425,190.94001964999998,208.90861772471456,534.9555805400001,-2.707181139722472,-0.15163329752049748,2.8588144372429642,167.99999999999997,168,0
2366,04266-1-01,30 a 44,Mujeres,Quintil bajo,Centro,Trabajadores moviles,Usuarios publicos,58.66,64.47664198644857,43.57,33.89666527224551,4.56,8.41669274130592,61.21000000000001,2.898682,116.06669718,121.03,37.5,83.53,32.536697180000004,4.948404328037612,3.314807503112158,2.0497223280376122,0.41612550311215823,1.7071221776095522,0.7071221776095523,53.96998893999998,70.8305843665627,193.4835536,-5.816641986448573,9.673334727754494,-3.8566927413059195,168,168,0
2373,04284-1-02,30 a 44,Hombres,Quintil bajo,Sur,Trabajadores moviles,Movilidad mixta,65.58,73.74059796209954,45.07,35.303408657576036,7.16,8.76599338032442,50.19,2.757635,137.41570037999998,81.57,0,81.57,55.84570038,4.422764402320612,2.4580554661613747,1.6651294023206122,-0.29957953383862534,1.6038251626196405,0.6038251626196405,43.43000292000002,65.93395348121439,187.46127897000002,-8.160597962099544,9.766591342423965,-1.6059933803244206,168,168,0
2374,04288-1-01,60 o mas,Hombres,Quintil alto,Centro,Trabajadores moviles,Motorizados privados,62.52,55.76146511468282,27,32.827356314045666,7.22,8.151178571271524,71.25999999999999,12.435339,365.91740400000003,338.46000000000004,0,338.46000000000004,27.457404,23.624929120609,35.55116881538881,11.189590120609,23.115829815388814,1.899821880256662,0.899821880256662,411.5399902800001,327.4953178377548,837.0772908600002,6.758534885317182,-5.827356314045666,-0.9311785712715244,168,168,0
2393,04327-1-02,45 a 59,Mujeres,Quintil bajo,Centro,Trabajadores moviles,Usuarios publicos,93.57,81.43484277834683,10.28,23.79640422013607,7.29,5.908753001517091,56.86000000000001,3.08634,210.38886003000002,107.85000000000001,0,107.85000000000001,102.53886003000001,4.074829628549122,13.190644070022188,0.9884896285491225,10.104304070022188,1.3202789156570962,0.32027891565709626,78.39997376999995,40.94675263052295,132.62696756999995,12.13515722165316,-13.516404220136069,1.3812469984829088,168,168,0
2395,04329-1-02,45 a 59,Hombres,Quintil bajo,Centro,Trabajadores moviles,Movilidad mixta,79.86,62.338801446465105,31.35,45.23832200409722,7.6,11.232876549437673,49.19,1.736512,33.8866353576378,73.25999999999999,65.5511811023622,7.708818897637798,26.177816460000003,3.8928350388208957,7.9531514219733905,2.1563230388208954,6.21663942197339,2.241755334153116,1.2417553341531158,104.79121296236221,74.36544141976621,172.4283553623622,17.521198553534894,-13.888322004097219,-3.6328765494376736,168,168,0
2404,04341-1-01,30 a 44,Hombres,Quintil bajo,Centro,Trabajadores moviles,Movilidad mixta,57.74,66.89160386331606,52.35,39.796698824231534,6.48,9.88169731245241,51.42999999999999,4.203417,148.66528262,105.96,0,105.96,42.70528262,7.8849047506318595,4.725368555174382,3.6814877506318595,0.5219515551743816,1.8758321505175097,0.8758321505175098,94.04001496000001,132.50802221632844,341.3270370700001,-9.151603863316062,12.553301175768468,-3.4016973124524092,168,168,0
2405,04341-1-02,30 a 44,Mujeres,Quintil bajo,Centro,Trabajadores moviles,Usuarios publicos,68.09,67.87958312172289,34.15,32.25208158158852,5.9,8.008335296688601,59.85999999999999,4.221915,193.43020943,105.96,0,105.96,87.47020943,6.839651817842362,6.9411569884362265,2.6177368178423617,2.7192419884362264,1.6200354146974445,0.6200354146974445,94.03998292000006,93.15162074534868,263.1276786700001,0.21041687827711542,1.8979184184114786,-2.108335296688601,168,168,0
2417,04361-1-01,60 o mas,Mujeres,Quintil bajo,Centro,Trabajadores moviles,Usuarios publicos,70.62,62.10880363272774,31.92,39.30226834241644,8.63,9.758928024855825,56.82999999999999,2.873013,84.59220418,89.19999999999999,82.5,6.699999999999989,77.89220418000001,5.654640676340637,8.624136782759553,2.7816276763406376,5.751123782759553,1.9681918168628676,0.9681918168628676,118.29997388,93.84719607127401,234.80065103000004,8.511196367272262,-7.382268342416438,-1.1289280248558242,168,168,0
2419,04363-1-01,30 a 44,Hombres,Quintil bajo,Norte,Trabajadores moviles,Movilidad mixta,64.02,64.39910419121905,33.77,35.905420268130676,11.43,8.915475540650261,58.78000000000001,7.343536,272.03320573999997,214.4,0,214.4,57.633205739999994,13.249104296763807,12.955906899707806,5.905568296763807,5.6123708997078054,1.804185925794305,0.8041859257943049,198.09996898000003,200.88393425596803,530.02779618,-0.3791041912190565,-2.135420268130673,2.5145244593497384,168,168,0
2427,04372-1-01,60 o mas,Hombres,Quintil bajo,Centro,Trabajadores moviles,Movilidad mixta,98.11,72.37755648383283,9.61,35.337888610246345,8.77,8.774554905920816,51.510000000000005,2.675578,128.92098316,113.91999999999999,50,63.91999999999999,65.00098315999999,4.3378227624111565,21.48412619637984,1.6622447624111567,18.80854819637984,1.6212656713469602,0.6212656713469601,133.57997441999999,64.73081466190047,182.75709805999998,25.732443516167166,-25.727888610246346,-0.00455490592081631,168,168,0
2443,04391-1-01,45 a 59,Mujeres,Quintil medio,Sur,Trabajadores moviles,Motorizados privados,77.71,74.1011775368558,27.32,32.35494557853086,9.46,8.033876884613335,53.510000000000005,7.265573,383.38770709,293.78,0,293.78,89.60770709,11.344668596027637,14.565190757120995,4.079095596027637,7.299617757120995,1.5614279281245453,0.5614279281245452,181.21997073999995,154.99980768998597,448.44774567999997,3.608822463144193,-5.034945578530859,1.426123115386666,168,168,0
2448,04400-1-02,18 a 29,Mujeres,Quintil medio,Sur,Trabajadores moviles,Usuarios publicos,35.82,52.76945008453573,52.59,38.21227266502225,12.06,9.488277250442028,67.53,2.544522,41.0104165388235,44.63,15.5143529411765,29.1156470588235,11.894769479999999,5.779709704666305,2.292391581206845,3.235187704666305,-0.252130418793155,2.271432396601918,1.2714323966019176,50.13436150117651,93.2626101291795,214.6377088011765,-16.949450084535727,14.377727334977756,2.5717227495579724,168,168,0
2459,04423-1-01,60 o mas,Hombres,Quintil bajo,Norte,Trabajadores moviles,Movilidad mixta,91.04,68.13365155334614,17.86,37.37577683186909,5.89,9.280571614784776,53.209999999999994,1.883161,76.9129952,55.47,0,55.47,21.4429952,3.2562705371435032,11.765971935295502,1.3731095371435031,9.882810935295502,1.7291514305699316,0.7291514305699317,94.52998224000002,51.39364019285087,139.25505599000002,22.906348446653865,-19.51577683186909,-3.3905716147847764,168,168,0
2466,04442-1-01,60 o mas,Hombres,Quintil medio,Norte,Trabajadores moviles,Movilidad mixta,60.28,65.08003117615908,40.96,35.69639514972303,8.4,8.863573674117898,58.35999999999999,1.911491,74.4955532023881,23.449999999999996,14.1791044776119,9.270895522388095,65.224657680000007,3.3106653971265945,2.4392244642982703,1.3991743971265944,0.5277334642982703,1.7319806356015248,0.7319806356015248,40.729124277611916,49.90434067055941,135.08032003761193,-4.800031176159081,5.26360485027697,-0.46357367411789774,168,168,0
2469,04444-1-02,45 a 59,Mujeres,Quintil alto,Centro,Trabajadores moviles,Motorizados privados,77.36,74.8784193117162,34.81,35.71370812532508,7.29,8.867872562958725,48.54,2.999969,152.08259232,91.88,21.875,70.005,82.07759232000001,4.810673266765485,5.61697698501666,1.8107042667654847,2.6170079850166603,1.6035743258565287,0.6035743258565287,79.99500952,72.55034438414995,206.29370442000004,2.481580688283799,-0.9037081253250747,-1.5778725629587251,168,168,0
2475,04451-1-03,18 a 29,Mujeres,Quintil bajo,Norte,Trabajadores moviles,Motorizados privados,55.66,47.97896466044748,15.66,26.90932921675282,10.25,6.6817061227996994,86.43,2.356021,65.0018699057143,57.080000000000005,10.7142857142857,46.365714285714304,18.63615562,4.227460536999013,7.545376661064903,1.8714395369990129,5.189355661064903,1.794322095176152,0.7943220951761519,66.13425895428571,48.03757839255785,127.1787630642857,7.6810353395525155,-11.24932921675282,3.5682938772003006,168,168,0
2486,04478-1-01,30 a 44,Mujeres,Quintil bajo,Centro,Trabajadores moviles,Movilidad mixta,85.72,92.15560745196285,20.85,20.863814593420976,11.63,5.180577954616177,49.8,2.698126,219.45337560000002,120.67,0,120.67,98.7833756,3.3136160308447877,1.0766883740279436,0.6154900308447879,-1.6214376259720562,1.228117601196085,0.22811760119608498,11.829985119999975,29.194064911934674,99.46511759999999,-6.435607451962852,-0.013814593420974575,6.449422045383824,168,168,0
2490,04488-1-01,30 a 44,Hombres,Quintil alto,Sur,Trabajadores moviles,Motorizados privados,59.58,64.00125563894899,24.19,20.410681394917052,5.71,5.068062966133947,78.52000000000001,1.440288,76.28234720000002,15.47,0,15.47,60.81234720000001,1.8445201409679663,0.942202164706507,0.40423214096796634,-0.49808583529349304,1.2806606324346008,0.2806606324346008,9.530011839999986,15.897893281710552,52.59462303999997,-4.421255638948992,3.779318605082949,0.6419370338660526,168,168,0
2497,04501-1-01,60 o mas,Hombres,Quintil medio,Centro,Trabajadores moviles,Usuarios publicos,56.01,60.71787498946123,33.25,35.97850276170278,16.37,8.933622248835992,62.370000000000005,3.359661,108.5140581194595,80.88000000000001,10.5405405405405,70.3394594594595,38.17459866,6.284328947954287,4.7457888422910814,2.924667947954287,1.3861278422910814,1.8705247189982224,0.8705247189982225,79.66055449054049,95.4774184855088,246.3669333105405,-4.7078749894612315,-2.728502761702778,7.4363777511640095,168,168,0
2499,04501-1-03,30 a 44,Mujeres,Quintil medio,Centro,Trabajadores moviles,Usuarios publicos,64,64.94095575578332,34.27,35.78377401038265,11.34,8.885270233834042,58.389999999999986,4.105277,156.5036799459459,107.82,14.0540540540541,93.76594594594589,62.737733999999996,7.286020734368262,6.885341799086647,3.180743734368262,2.780064799086647,1.7747939382332207,0.7747939382332207,106.23404805405411,110.096932076289,293.4757320240542,-0.940955755783321,-1.5137740103826474,2.4547297661659577,168,168,0
2500,04501-1-04,30 a 44,Hombres,Quintil medio,Centro,Trabajadores moviles,Usuarios publicos,54.83,53.36832035664279,26.83,32.09287584029391,11.77,7.968803803063304,74.57000000000001,2.216207,61.759245464594585,60.65,7.90540540540541,52.74459459459459,9.01465087,4.170269349602354,4.576269424016992,1.9540623496023546,2.3600624240169923,1.8817147268293777,0.8817147268293778,59.7553843454054,56.515999688039656,145.30097454540538,1.4616796433572077,-5.262875840293908,3.8011961969366954,168,168,0
2507,04515-1-01,30 a 44,Hombres,Quintil medio,Norte,Trabajadores moviles,Movilidad mixta,55.93,65.35534077252969,43.68,40.91522651483031,16.82,10.159432712640015,51.569999999999986,5.105619,160.49724647,124.94,0,124.94,35.557246469999995,10.023506549580684,6.110615812399955,4.917887549580684,1.0049968123999555,1.9632304231045608,0.9632304231045608,125.06002419999999,173.18222312970227,433.94997370000004,-9.425340772529687,2.764773485169691,6.660567287359985,168,168,0
2512,04526-2-01,45 a 59,Mujeres,Quintil bajo,Norte,Trabajadores moviles,Movilidad mixta,94.85,70.99337558558885,1.9,28.80437099094818,10.2,7.152253423462971,61.05,1.710413,91.40269175,59.169999999999995,0,59.169999999999995,32.23269175,2.4684838976791696,17.304282743125075,0.7580708976791697,15.593869743125076,1.4432092703219455,0.44320927032194546,70.82998129999999,30.025300765473773,91.5259786,23.856624414411144,-26.90437099094818,3.047746576537028,168,168,0
2561,04619-1-01,45 a 59,Hombres,Quintil bajo,Norte,Trabajadores moviles,Movilidad mixta,92.25,71.80673735031974,8.66,28.801677926177227,6.85,7.151584723503035,60.24,2.169738,117.38833375,92.23,0,92.23,25.158333749999997,3.158399858975585,15.775494666612271,0.9886618589755849,13.60575666661227,1.4556595584239134,0.4556595584239133,82.76999675,38.413472935008045,116.42263313,20.443262649680264,-20.141677926177227,-0.30158472350303533,168,168,0
2589,04657-1-01,30 a 44,Hombres,Quintil bajo,Norte,Trabajadores moviles,Movilidad mixta,87.16,65.90775631426388,14.46,36.97995611527913,10.45,9.182287570456998,55.92999999999999,4.42283,167.29386072,156.8,0,156.8,10.49386072,7.953784314682243,25.894222097496346,3.5309543146822424,21.471392097496345,1.7983472832286662,0.7983472832286663,218.20000208,124.20494113941572,328.3726973800001,21.25224368573612,-22.51995611527913,1.2677124295430016,168,168,0
2608,04698-1-02,60 o mas,Hombres,Quintil bajo,Sur,Trabajadores moviles,Motorizados privados,58.38,58.39770471836978,22.98,26.125273644484007,9.65,6.487021637146218,76.99,2.262634,93.54258297999999,63.44999999999999,2,61.44999999999999,32.09258298,3.4979678425046914,3.4924407028038535,1.2353338425046916,1.2298067028038537,1.5459715722934826,0.5459715722934826,38.54998993999999,38.5900492377439,112.37973736000001,-0.01770471836977805,-3.145273644484007,3.1629783628537824,168,168,0
2611,04704-1-01,45 a 59,Mujeres,Quintil bajo,Centro,Trabajadores moviles,Movilidad mixta,63.58,76.82203020415514,42.86,30.76811099557064,8.79,7.639858800274216,52.77,3.093013,178.38374857999997,129.23,22.5,106.72999999999999,71.65374858,4.558542611697466,1.0456599978837249,1.465529611697466,-2.0473530021162754,1.4738194154688216,0.4738194154688215,18.27001796000002,59.22778952784452,178.02413940999998,-13.242030204155142,12.091889004429358,1.150141199725783,168,168,0
2621,04721-1-02,30 a 44,Hombres,Quintil bajo,Centro,Trabajadores moviles,Motorizados privados,68.66,73.2767338060357,36.16,29.21824581179227,4.93,7.255020382172033,58.25000000000001,2.712793,149.71035021999998,88.44999999999999,0,88.44999999999999,61.26035022,3.9774154080236617,2.6295006938438745,1.2646224080236617,-0.08329230615612548,1.466169887648509,0.466169887648509,36.55001716000001,49.074260311877,148.01868153,-4.616733806035697,6.941754188207728,-2.325020382172033,168,168,0
2646,04765-1-01,60 o mas,Hombres,Quintil alto,Sur,Trabajadores moviles,Motorizados privados,56.02,63.30202943736627,40.94,36.3436745377234,11.71,9.024296024910335,59.32999999999999,4.022786,141.73644904000002,116.38000000000001,0,116.38000000000001,25.35644904,7.357335326597072,4.694980051162518,3.334549326597072,0.672194051162518,1.82891541498779,0.8289154149877901,83.62002267999998,112.91406875222489,295.41970558,-7.282029437366269,4.596325462276596,2.685703975089666,168,168,0
2647,04765-1-03,18 a 29,Mujeres,Quintil alto,Sur,Trabajadores moviles,Motorizados privados,57.27,63.51711757328822,39.28,34.25677326839461,9.73,8.506109158317186,61.719999999999985,4.374501,166.90768523000003,116.38000000000001,0,116.38000000000001,50.52768523,7.669629560540685,5.043676685118174,3.295128560540684,0.6691756851181738,1.753258156882507,0.753258156882507,83.61998704000001,110.94800911146689,298.0142810500001,-6.2471175732882145,5.023226731605391,1.223890841682815,168,168,0
2648,04765-1-05,18 a 29,Hombres,Quintil alto,Sur,Trabajadores moviles,Motorizados privados,53.07,60.366301453095,43.89,35.2587853358306,7.42,8.7549132110744,63.620000000000005,3.354971,110.10833631000001,94.56000000000002,0,94.56000000000002,15.548336309999998,6.20718318277353,3.914219820133272,2.8522121827735303,0.5592488201332722,1.850145107893192,0.850145107893192,67.93997465999998,92.41885444239155,240.08353666999994,-7.296301453094998,8.631214664169399,-1.3349132110744009,168,168,0
2649,04766-1-04,45 a 59,Mujeres,Quintil bajo,Centro,Trabajadores moviles,Usuarios publicos,65.56,62.813799898813095,27.96,29.805389363761062,6.5,7.400810737425847,67.97999999999999,1.58566,68.42088340000001,53.84,34.375,19.465000000000003,48.9558834,2.4773585047281204,3.048335219572222,0.8916985047281203,1.462675219572222,1.5623516420469208,0.5623516420469207,35.534986200000006,31.180446547551966,90.17682980000001,2.7462001011869077,-1.8453893637610612,-0.9008107374258474,168,168,0
2686,04839-1-01,30 a 44,Mujeres,Quintil alto,Norte,Trabajadores moviles,Motorizados privados,78.87,58.46008260204677,21.83,42.78597060712817,11.17,10.623946790825066,56.129999999999995,6.859306,113.79390324523705,267.24,269.439579684763,-2.1995796847629663,115.99348293000001,15.895966316144406,38.26825891467905,9.036660316144406,31.408952914679052,2.3174307016109803,1.31743070161098,427.199560974763,287.201692107478,653.556658974763,20.409917397953237,-20.955970607128172,0.5460532091749339,168,168,0
2688,04847-1-02,30 a 44,Mujeres,Quintil medio,Centro,Trabajadores moviles,Motorizados privados,69.28,71.02057233152026,35.57,36.00838542215212,11.12,8.941042246327626,52.03,4.638192,210.93396016,139.6,0,139.6,71.33396016,7.791434001682707,6.989835786347556,3.153242001682707,2.351643786347556,1.6798429219149846,0.6798429219149847,110.39998160000002,118.47309026347861,326.95716608,-1.740572331520255,-0.4383854221521162,2.178957753672373,168,168,0
2694,04860-1-01,45 a 59,Hombres,Quintil bajo,Norte,Trabajadores moviles,Motorizados privados,73.5,62.473078900866085,31.75,47.437883618394544,16.44,11.779037480739369,46.31,2.78511,40.338893333333296,102.3,66.6666666666667,35.6333333333333,4.70556,6.672104947456623,10.082743831730474,3.8869949474566234,7.297633831730474,2.3956342648788103,1.3956342648788103,164.3666916666667,133.65550344425785,298.5811425666667,11.026921099133915,-15.687883618394544,4.660962519260632,168,168,0
2700,04865-2-02,30 a 44,Hombres,Quintil bajo,Centro,Trabajadores moviles,Movilidad mixta,54.67,58.33879185180112,48.03,41.4732225406744,7.41,10.297985607524485,57.89,2.321824,45.620358496233806,78.67,47.4837662337662,31.186233766233805,14.43412473,5.129379708933956,4.335734354033126,2.8075557089339562,2.013910354033126,2.2092026393619655,1.2092026393619655,81.3137595837662,89.83204855628246,210.03568214376617,-3.6687918518011173,6.556777459325602,-2.8879856075244845,168,168,0
2705,04877-1-01,30 a 44,Mujeres,Quintil bajo,Sur,Trabajadores moviles,Usuarios publicos,76.25,78.70958671777805,30.8,29.32811251020565,8.27,7.28230077201629,52.68000000000001,3.257243,198.56481250000002,105.2,0,105.2,93.3648125,4.6680014842584825,3.7679704049653306,1.4107584842584826,0.5107274049653308,1.433114288451455,0.433114288451455,49.79996624999998,57.81143786937554,177.06045025999993,-2.459586717778052,1.4718874897943515,0.9876992279837093,168,168,0
2709,04881-1-01,30 a 44,Hombres,Quintil medio,Centro,Trabajadores moviles,Movilidad activa,72.75,72.02531561634798,32.93,36.50125934919939,11.91,9.063425034452639,50.41,3.798297,175.67610424999998,99.35,0,99.35,76.32610425,6.351331734734046,6.63544466644703,2.5530347347340463,2.83714766644703,1.672152476421419,0.672152476421419,100.65000250000003,97.89743597962769,270.96563998,0.7246843836520185,-3.571259349199387,2.8465749655473616,168,168,0
2721,04908-1-01,30 a 44,Hombres,Quintil bajo,Centro,Trabajadores moviles,Movilidad mixta,59.1,61.20869044077076,31.01,31.13127541776369,9.96,7.730034141465539,67.93,3.443495,134.55057010000002,88.54,0,88.54,46.0105701,5.798030259967377,4.9756868117771225,2.3545352599673772,1.5321918117771225,1.6837632289192745,0.6837632289192745,68.9599844,76.22124938934189,210.03997454999995,-2.108690440770758,-0.12127541776368744,2.229965858534462,168,168,0
2732,04925-1-01,30 a 44,Hombres,Quintil bajo,Centro,Trabajadores moviles,Movilidad mixta,60.39,74.1854294174123,45.24,35.86830974890812,13.33,8.90626083367959,49.04,4.374436,216.51218281999996,152.33999999999997,0,152.33999999999997,64.17218282,7.130881931822226,2.40547432388631,2.756445931822226,-1.96896167611369,1.6301260166618567,0.6301260166618566,47.66000722000007,108.0072302989874,303.8707237400001,-13.795429417412294,9.371690251091884,4.423739166320409,168,168,0
2733,04926-1-02,60 o mas,Mujeres,Quintil alto,Centro,Trabajadores moviles,Usuarios publicos,65.82,57.40878927288027,29.54,36.987139492220386,8.22,9.184071234899324,64.42000000000002,2.386178,62.5115759133333,72.12,41.6666666666667,30.453333333333305,32.05824258,4.768337731833911,7.401777940593981,2.3821597318339105,5.015599940593981,1.9983160232949555,0.9983160232949555,94.54666004666669,74.4760140562496,184.64874132666668,8.411210727119723,-7.447139492220387,-0.9640712348993237,168,168,0
2767,04991-1-01,30 a 44,Mujeres,Quintil bajo,Norte,Trabajadores moviles,Motorizados privados,79.53,74.28365328688793,36.12,39.058057361049315,7.39,9.698289352062757,44.96,4.950381,227.63380528,173.43,50,123.43,104.20380528,8.494237979390054,11.28298307842531,3.5438569793900534,6.33260207842531,1.7158756021789137,0.7158756021789138,166.06999565,140.09858056199755,381.46107295999997,5.246346713112075,-2.9380573610493173,-2.308289352062757,168,168,0
2769,04995-1-01,45 a 59,Hombres,Quintil bajo,Norte,Trabajadores moviles,Usuarios publicos,49.03,56.46365162423433,51.2,40.940612267768806,7.34,10.165736107996873,60.42999999999999,1.800565,31.651711300000006,68.37,50,18.370000000000005,13.281711300000001,4.049828398433235,2.859668013440041,2.249263398433235,1.0591030134400412,2.2491986673256643,1.2491986673256643,56.629990649999996,70.01476358678948,162.03506575,-7.433651624234329,10.259387732231197,-2.825736107996873,168,168,0
2784,05031-1-02,30 a 44,Hombres,Quintil bajo,Norte,Trabajadores moviles,Usuarios publicos,87.83,75.08462359700079,18.58,35.4604011008032,12.94,8.804975302196006,48.650000000000006,2.979665,152.58398976,140.88,0,140.88,11.70398976,4.751055175634983,10.233871118431319,1.7713901756349832,7.254206118431319,1.5944930640306825,0.5944930640306825,109.11998718999996,71.14303521015731,203.03902798999997,12.745376402999213,-16.880401100803205,4.135024697803994,168,168,0
2787,05039-1-01,45 a 59,Mujeres,Quintil bajo,Norte,Trabajadores moviles,Usuarios publicos,86.19,94.62513711293981,23.29,18.18055117336265,7.84,4.514311713697532,50.68000000000001,1.390426,119.84079285,0,0,0,119.84079285,1.5276898782341826,2.287597035489318e-6,0.13726387823418262,-1.3904237124029644,1.0987207361155378,0.09872073611553771,2.408999999659045e-5,11.728458045396437,43.28398546999999,-8.435137112939813,5.1094488266373475,3.3256882863024675,168,168,0
2795,05057-1-02,30 a 44,Mujeres,Quintil bajo,Centro,Trabajadores moviles,Usuarios publicos,81.39,81.71520393444194,34.88,32.55199174215987,6.08,8.082804323398188,45.65,2.964591,182.53461881913043,83.89000000000001,22.6434782608696,61.246521739130415,121.28809708000001,4.344358591703941,4.240286655345658,1.3797675917039407,1.275695655345658,1.4654158336525818,0.46541583365258166,58.75344267086956,59.71753932808076,180.18309003086958,-0.3252039344419444,2.328008257840132,-2.0028043233981876,168,168,0
2797,05061-1-02,18 a 29,Hombres,Quintil bajo,Centro,Trabajadores moviles,Movilidad activa,53,68.83302835186822,52.05,33.64321238576229,5.78,8.353759262369483,57.17,2.408771,110.394888,82.72999999999999,0,82.72999999999999,27.664888,3.9001134710500556,0.8827960116176005,1.4913424710500554,-1.5259749883823996,1.6191300339675525,0.6191300339675524,17.269975000000017,55.40811453615798,156.56920193000002,-15.833028351868222,18.406787614237707,-2.5737592623694825,168,168,0
2800,05065-1-01,45 a 59,Mujeres,Quintil alto,Centro,Trabajadores moviles,Motorizados privados,54.37,57.391187113017644,34.59,35.214817167621206,12.39,8.74399571936115,66.64999999999999,5.43629,154.79109241999998,109.22,0,109.22,45.57109242,10.571572789254251,8.858287643431616,5.135282789254251,3.4219976434316166,1.9446300306374846,0.9446300306374847,140.77999488,157.20404417062667,396.17689908000006,-3.021187113017646,-0.6248171676212024,3.6460042806388504,168,168,0
2804,05072-1-01,30 a 44,Mujeres,Quintil bajo,Centro,Trabajadores moviles,Movilidad mixta,90.93,87.51809831081435,20.97,26.902012371583023,9.2,6.679889317602632,46.89999999999999,2.480119,179.79718364000001,104.28,0,104.28,75.51718364,3.279725048523871,4.479743098991142,0.799606048523871,1.9996240989911422,1.3224063234562013,0.32240632345620146,45.720037030000015,37.25811482451857,120.54522726000005,3.4119016891856546,-5.932012371583024,2.520110682397367,168,168,0
2811,05082-1-01,30 a 44,Hombres,Quintil bajo,Sur,Trabajadores moviles,Motorizados privados,55.27,62.420353852557334,43.87,35.35166940812019,7.41,8.777976739322497,61.44999999999999,8.087017,284.0194511,237.05,0,237.05,46.9694511,14.789085410152698,9.39351507718455,6.702068410152698,1.3064980771845498,1.8287441970448064,0.8287441970448063,162.94997848999998,220.7750116516466,577.65221025,-7.1503538525573305,8.51833059187981,-1.367976739322497,168,168,0
2825,05105-1-01,30 a 44,Hombres,Quintil bajo,Centro,Trabajadores moviles,Usuarios publicos,52.78,64.69441719188585,53.13,40.010738493779265,8.73,9.934844314334892,53.36,7.391668,234.53221636,209.4,0,209.4,25.13221636,14.421892558142865,7.435695224350068,7.030224558142865,0.04402722435006812,1.9511012342738967,0.9511012342738966,155.60002068,243.6674369759125,612.84860316,-11.914417191885846,13.119261506220738,-1.204844314334892,168,168,0
2833,05117-1-02,18 a 29,Hombres,Quintil medio,Norte,Trabajadores moviles,Movilidad mixta,53.23,55.422121853658986,50.24,42.11142422277242,4.52,10.456453923568596,60.010000000000005,3.001808,37.5450742994118,80.7,52.9411764705882,27.7588235294118,9.78625077,7.244188315382894,6.598965965927806,4.242380315382894,3.597157965927806,2.4132750380380403,1.4132750380380403,122.24116554058818,128.82149445787658,286.62017162058817,-2.192121853658989,8.128575777227582,-5.936453923568596,168,168,0
2843,05155-1-01,45 a 59,Hombres,Quintil alto,Centro,Trabajadores moviles,Motorizados privados,60.03,58.15334777712473,38.09,40.8206926814896,10.99,10.135959541385672,58.88999999999999,13.538232,269.310321828139,335.68,129.069767441861,206.61023255813902,62.70008926999999,30.0494567916247,32.72869808886524,16.5112247916247,19.190466088865236,2.2195997816867594,1.2195997816867592,543.389745131861,517.9831919552598,1207.8461716918614,1.876652222875272,-2.730692681489593,0.8540404586143282,168,168,0
2844,05155-1-02,45 a 59,Mujeres,Quintil alto,Centro,Trabajadores moviles,Usuarios publicos,57.07,59.40490627442324,44.48,41.908922003640086,10.17,10.406171721936655,56.280000000000015,6.37337,128.2679918918605,145.47,55.9302325581395,89.5397674418605,38.72822445,14.145803181442295,12.736475098354584,7.7724331814422944,6.363105098354583,2.219517018695336,1.2195170186953361,235.46023400813954,250.34145561036036,583.7649045081394,-2.33490627442324,2.571077996359911,-0.23617172193665503,168,168,0
2850,05170-1-01,60 o mas,Hombres,Quintil alto,Norte,Trabajadores moviles,Usuarios publicos,51.31,52.145630859224696,32.18,34.602431505005086,11.85,8.59193763577022,72.66,6.54905,140.47325724620322,118.88000000000001,14.4385026737968,104.4414973262032,36.03175992,13.758083163138293,13.129550377561678,7.209033163138293,6.580500377561678,2.1007754045454368,1.1007754045454368,195.5584982537968,201.0310865324023,483.9131697537968,-0.8356308592246933,-2.422431505005086,3.2580623642297795,168,168,0
2851,05170-1-03,30 a 44,Hombres,Quintil alto,Norte,Trabajadores moviles,Usuarios publicos,102.37,77.98282942915385,11.08,32.3135679383222,4.87,8.023602632523948,49.68,1.657929,96.3977257273262,44.589999999999996,5.4144385026738,39.1755614973262,57.222164230000004,2.4105172484519897,13.589706186777544,0.7525882484519897,11.931777186777545,1.4539327368373371,0.45393273683733726,73.32446600267382,32.89226868532141,99.76843355267378,24.387170570846152,-21.233567938322203,-3.153602632523948,168,168,0
2859,05186-1-01,30 a 44,Hombres,Quintil medio,Centro,Trabajadores moviles,Usuarios publicos,62.22,68.69308839648181,48.96,39.28281414291934,6.55,9.754097460598839,50.27,4.656089,179.1918273,126.99000000000001,0,126.99000000000001,52.20182729999999,8.478837837646145,5.8850792615431,3.822748837646145,1.2289902615431005,1.821021427564238,0.821021427564238,110.51003027999997,140.6493059588866,368.9695306699999,-6.473088396481813,9.677185857080659,-3.204097460598839,168,168,0
2866,05207-1-01,30 a 44,Hombres,Quintil bajo,Centro,Trabajadores moviles,Usuarios publicos,68.29,68.84806141546677,22.66,26.70177027106004,11.23,6.630168313473191,65.82,2.726408,143.05642638,76.87,0,76.87,66.18642638,3.9600176537815552,3.7620927022228257,1.233609653781555,1.0356847022228255,1.4524670019239803,0.4524670019239802,43.12997594000004,44.651479047619944,135.52794306000004,-0.5580614154667671,-4.041770271060042,4.59983168652681,168,168,0
2873,05218-1-02,30 a 44,Hombres,Quintil bajo,Centro,Trabajadores moviles,Motorizados privados,77.03,71.53399595558976,16.83,25.29511459207892,9.25,6.280889452331318,64.89,3.59978,203.041008,100.75,0,100.75,102.291008,5.099026718925737,8.41610184430515,1.499246718925737,4.81632184430515,1.4164828736549837,0.41648287365498365,74.2500454,54.4656399610129,168.1323078,5.496004044410242,-8.465114592078923,2.9691105476686817,168,168,0
2877,05228-1-01,45 a 59,Hombres,Quintil medio,Norte,Trabajadores moviles,Movilidad mixta,70.73,63.58659331356776,28.44,36.195822884565864,9.6,8.987583801866375,59.23,5.116541,182.69290535,145.79999999999998,0,145.79999999999998,36.89290535,9.332890947643703,13.925777079054658,4.216349947643703,8.809236079054658,1.8240625742359347,0.8240625742359347,179.20003958,142.6505063891953,373.83325922,7.143406686432243,-7.7558228845658626,0.6124161981336247,168,168,0
2880,05235-1-01,30 a 44,Hombres,Quintil bajo,Norte,Trabajadores moviles,Motorizados privados,89.08,70.61669722729701,23.6,38.22248880841949,5.65,9.490813964283495,49.67,2.145354,91.95810596,75.85,0,75.85,16.10810596,3.6888336042406134,10.020486751203983,1.5434796042406131,7.875132751203982,1.7194521763031243,0.7194521763031243,99.15002836000001,59.53970790337057,161.90163286,18.46330277270299,-14.62248880841949,-3.8408139642834946,168,168,0
2889,05255-1-01,45 a 59,Hombres,Quintil medio,Centro,Trabajadores moviles,Movilidad mixta,60.36,59.102580893091684,44.04,46.01234836868812,12.14,11.425070738220189,51.46,4.331125,45.87669951999999,132.95,136,-3.0500000000000114,48.92669952,10.81337288760858,11.341960988925743,6.48224788760858,7.010835988925743,2.4966660827402993,1.4966660827402996,215.55000548000004,210.10396615059173,458.87260798,1.2574191069083156,-1.9723483686881238,0.7149292617798118,168,168,0
2897,05270-1-02,30 a 44,Hombres,Quintil bajo,Centro,Trabajadores moviles,Movilidad mixta,64.6,81.90323589958224,47.25,30.51880827454031,8.15,7.577955825877443,48.00000000000001,1.139874,73.6358688,0,0,0,73.6358688,1.530445076339691,-4.4822014017481887e-7,0.390571076339691,-1.1398744482201402,1.3426440785031424,0.34264407850314244,-8.399999998687235e-6,19.723500317800415,63.14901120000002,-17.303235899582248,16.73119172545969,0.5720441741225573,168,168,0
2902,05278-1-01,45 a 59,Mujeres,Quintil bajo,Centro,Trabajadores moviles,Motorizados privados,72.06,70.59160625904721,27.32,27.70028882873364,5.79,6.878104912219143,62.830000000000005,4.266286,227.25860252,144.83,0,144.83,82.42860252000001,6.3181957768764425,7.15771443841853,2.0519097768764425,2.8914284384185303,1.4809592645397993,0.48095926453979937,80.16996663999998,73.90537898048547,221.42669609999996,1.4683937409527914,-0.3802888287336401,-1.0881049122191433,168,168,0
2908,05288-1-01,30 a 44,Hombres,Quintil bajo,Centro,Trabajadores moviles,Motorizados privados,74.29,68.50577196215895,24.01,29.02675554144291,6.44,7.207472496398154,63.25999999999999,5.069667,251.74559835000002,175.12,0,175.12,76.62559835,7.79578990810995,12.123480283557063,2.72612290810995,7.053813283557063,1.5377321445589918,0.5377321445589918,124.87996307999998,95.55585307608243,279.25132323,5.784228037841061,-5.016755541442908,-0.7674724963981534,168,168,0
2913,05298-1-02,30 a 44,Hombres,Quintil alto,Centro,Trabajadores moviles,Usuarios publicos,83.46,72.20169242445071,15.45,27.00327443679508,7,6.705033138754202,62.09,4.276499,237.93663994000002,126.02000000000001,0,126.02000000000001,111.91663994000001,6.211916295925697,15.666765506916432,1.9354172959256966,11.390266506916433,1.4525705012267502,0.4525705012267503,118.97996659999995,70.83382551147105,214.98736915,11.258307575549281,-11.553274436795082,0.29496686124579785,168,168,0
2937,05331-1-01,30 a 44,Mujeres,Quintil bajo,Sur,Trabajadores moviles,Usuarios publicos,52.4,66.9459573343778,53.98,36.596875672775454,6.25,9.087166992846758,55.37,3.278339,130.5649756,46.279999999999994,0,46.279999999999994,84.28497560000001,5.75295741601791,2.023097640878116,2.4746184160179103,-1.255241359121884,1.7548390865062797,0.7548390865062796,41.219988,88.90656722162677,238.67434596999996,-14.545957334377796,17.383124327224543,-2.8371669928467576,168,168,0
2978,05414-1-01,30 a 44,Hombres,Quintil bajo,Centro,Trabajadores moviles,Motorizados privados,51.53,66.78034615626989,38.41,32.23544859226513,17.08,8.00420525146498,60.980000000000004,2.810698,125.80527333,105.97,0,105.97,19.835273330000003,4.546916161552629,1.0137848253516526,1.7362181615526286,-1.7969131746483473,1.6177177916491308,0.6177177916491308,19.02999460999999,61.89411205073543,174.99562662999998,-15.250346156269885,6.174551407734867,9.075794748535019,168,168,0
2984,05420-1-04,18 a 29,Mujeres,Quintil bajo,Centro,Trabajadores moviles,Usuarios publicos,12.9,32.65703514252546,41.07,21.76789877875727,5.86,5.405066078717282,108.17,3.035901,39.1631229,0,0,0,39.1631229,6.525205540303616,0,3.489304540303616,-3.035901,2.1493472745994073,1.1493472745994076,0,59.98040274622819,142.47483393,-19.75703514252546,19.30210122124273,0.45493392128271815,168,168,0
2987,05432-1-01,30 a 44,Hombres,Quintil alto,Norte,Trabajadores moviles,Motorizados privados,65.84,70.29459103057182,47.29,39.57801245504468,6.57,9.827396514383503,48.3,5.920143,237.62222368,172.83999999999997,0,172.83999999999997,64.78222368,10.682255190309908,8.351336285741612,4.7621121903099075,2.431193285741611,1.8043914125570797,0.8043914125570797,152.15999144000006,178.5318073475026,471.0188934200001,-4.4545910305718195,7.711987544955321,-3.257396514383503,168,168,0
2989,05433-1-02,30 a 44,Hombres,Quintil bajo,Centro,Trabajadores moviles,Usuarios publicos,54.38,59.57176422541872,48.63,38.42671222715051,4.53,9.541523547430764,60.46000000000001,3.114187,83.95948092,64.61,0,64.61,19.349480919999998,6.25868087098698,4.748363177852065,3.1444938709869805,1.6341761778520651,2.009731872551963,1.0097318725519633,85.39000813999999,101.55813279786403,250.94018905999994,-5.191764225418716,10.203287772849492,-5.011523547430763,168,168,0
2991,05436-1-02,18 a 29,Hombres,Quintil bajo,Centro,Trabajadores moviles,Usuarios publicos,54.35,72.95733234762723,52.12,33.12706907066971,7.84,8.225598581703048,53.69000000000001,2.117796,108.7722331,88.67,0,88.67,20.1022331,3.2695002141177527,0.31207754808312116,1.151704214117753,-1.8057184519168787,1.5438220745141424,0.5438220745141426,6.329979499999993,45.736513516475554,133.31302765999996,-18.607332347627228,18.992930929330285,-0.3855985817030483,168,168,0
2992,05438-1-01,30 a 44,Mujeres,Quintil bajo,Norte,Trabajadores moviles,Usuarios publicos,80.31,69.1794343380603,26.88,36.041340518597956,6.98,8.949225143341742,53.83,3.743657,161.95309376,136.3,125,11.300000000000011,150.65309376,6.375449489763551,12.109085699532844,2.6317924897635514,8.365428699532846,1.7030004324016734,0.7030004324016734,138.69999990999997,97.0309798557198,265.46022593,11.130565661939698,-9.161340518597957,-1.9692251433417418,168,168,0
3018,05478-1-01,18 a 29,Hombres,Quintil bajo,Centro,Trabajadores moviles,Usuarios publicos,60.75,65.99148145024988,37.8,37.00901542375767,13.64,9.189503125992454,55.81,6.1491,232.25783274999998,183.7,0,183.7,48.55783275,11.103741150560031,8.120130780651312,4.954641150560032,1.9710307806513123,1.8057506221333255,0.8057506221333255,141.29999225,173.53038583573152,457.60969625,-5.2414814502498785,0.7909845762423302,4.450496874007547,168,168,0
3020,05481-1-01,30 a 44,Hombres,Quintil alto,Centro,Trabajadores moviles,Movilidad mixta,71.86,69.9163017527902,29.8,32.87955781186535,9.3,8.164140435344445,57.040000000000006,6.902414,327.11744453999995,243.60999999999999,0,243.60999999999999,83.50744454,11.197797682774624,12.768770748759403,4.295383682774624,5.866356748759403,1.622301658923186,0.6223016589231859,168.8900255000001,155.4738155066837,438.7744129,1.9436982472097952,-3.079557811865346,1.135859564655556,168,168,0
3035,05510-1-02,30 a 44,Mujeres,Quintil bajo,Sur,Trabajadores moviles,Usuarios publicos,53.98,67.05158083965942,55.88,39.83677159955349,6.92,9.891647560787087,51.220000000000006,3.688774,131.32001566,104.7,0,104.7,26.620015660000004,6.896726244200689,3.191478529453167,3.207952244200689,-0.4972954705468329,1.8696526933340696,0.8696526933340696,67.80000486,116.01811240023386,299.45501206000006,-13.071580839659426,16.043228400446516,-2.971647560787087,168,168,0
3036,05513-1-01,45 a 59,Hombres,Quintil medio,Norte,Trabajadores moviles,Movilidad mixta,89.39,64.03751928443735,23.16,44.59847982489588,7.16,11.074000890666758,48.290000000000006,2.417329,56.77055660839311,95.4,54.7144754316069,40.685524568393106,16.085032039999998,5.205191505184237,15.532734058091556,2.7878625051842367,13.115405058091556,2.1532821991480002,1.1532821991480005,159.3144827016069,98.02919584593654,232.60789798160687,25.35248071556265,-21.438479824895882,-3.914000890666758,168,168,0
3037,05513-1-02,45 a 59,Mujeres,Quintil medio,Norte,Trabajadores moviles,Usuarios publicos,63.95,56.50770507803949,24.7,34.26431349247042,10.63,8.507981429490085,68.72,2.844945,82.3677045552457,59.629999999999995,34.1965471447543,25.433452855245697,56.934251700000004,5.41801182624923,8.330893301947494,2.5730668262492298,5.485948301947494,1.9044346468030946,0.9044346468030945,99.56652819475431,78.39360846799738,200.0784350447543,7.44229492196051,-9.564313492470422,2.1220185705099155,168,168,0
3051,05528-1-01,45 a 59,Hombres,Quintil alto,Norte,Trabajadores moviles,Motorizados privados,62.46,56.950078249618436,27.43,33.09282590020116,8.37,8.21709585018043,69.73999999999998,12.755042,391.41994552,344.74,0,344.74,46.67994552,23.971060723597716,33.46359037748465,11.216018723597717,20.70854837748465,1.8793400071593427,0.8793400071593427,405.25997779999994,334.9806944571696,861.8904814000002,5.509921750381565,-5.662825900201163,0.15290414981956957,168,168,0
3054,05530-1-02,30 a 44,Hombres,Quintil bajo,Sur,Trabajadores moviles,Motorizados privados,67.38,72.5643249506793,35.37,27.818273915358212,4.54,6.90740113396248,60.71,2.231527,124.46196768666671,73.06,23.9583333333333,49.1016666666667,75.36030102000001,3.1895054295971867,1.9182788439313405,0.9579784295971869,-0.3132481560686593,1.429292780054728,0.429292780054728,25.898321573333263,37.46728267754783,114.95856414333325,-5.184324950679311,7.5517260846417855,-2.3674011339624803,168,168,0
3065,05545-1-01,60 o mas,Hombres,Quintil alto,Norte,Trabajadores moviles,Movilidad mixta,56.95,53.1948640374478,23.11,32.71248135461067,13.97,8.122654607941536,73.97,13.937229,361.55519584999996,317.83,0,317.83,43.72519585,27.496755690495068,34.4537685665427,13.559526690495067,20.516539566542697,1.9728997557904133,0.9728997557904133,432.16999570000013,379.83380586377467,948.9624470200001,3.7551359625522025,-9.602481354610667,5.847345392058465,168,168,0
3068,05553-1-02,30 a 44,Hombres,Quintil bajo,Centro,Trabajadores moviles,Usuarios publicos,104.43,101.05025476472034,22.68,26.099198237625792,6.52,6.4805469976538825,34.36999999999999,3.443323,299.47620179,139.89,0,139.89,159.58620179,4.3981421718996625,6.085354182926656,0.9548191718996626,2.642031182926656,1.2772958481965424,0.2772958481965423,60.11001909999999,48.47246459722112,160.65505069999995,3.379745235279671,-3.4191982376257926,0.03945300234611704,168,168,0
3077,05571-1-02,45 a 59,Mujeres,Quintil bajo,Centro,Trabajadores moviles,Usuarios publicos,68.95,71.43389035429495,41.09,38.344900350982265,9.26,9.521209294722793,48.699999999999996,3.052868,132.7452411,59.74999999999999,0,59.74999999999999,72.9952411,5.270001183579299,4.5648111016200845,2.217133183579299,1.5119431016200844,1.7262460032924118,0.7262460032924118,77.75000750000004,85.33299687813573,231.46191130000005,-2.4838903542949424,2.745099649017739,-0.26120929472279286,168,168,0
3086,05595-1-01,30 a 44,Hombres,Quintil medio,Centro,Trabajadores moviles,Motorizados privados,72.68,70.12525557721138,30.52,34.38643874896358,9.85,8.53830567382505,54.949999999999996,4.392919,202.98735276000002,133.71,0,133.71,69.27735276,7.235713254576279,8.51540812371225,2.8427942545762788,4.12248912371225,1.6471310430664163,0.6471310430664163,116.29000016000003,105.0672148449878,293.63214019000003,2.5547444227886302,-3.866438748963578,1.3116943261749494,168,168,0
3090,05601-1-01,45 a 59,Hombres,Quintil alto,Centro,Trabajadores moviles,Motorizados privados,68.37,65.86334427184089,32.2,32.62557928948269,6.02,8.10107643867643,61.41,8.178589,349.74015577000006,290.57000000000005,0,290.57000000000005,59.17015577,13.713296833467028,16.198321043510212,5.534707833467028,8.019732043510212,1.6767313815949214,0.6767313815949215,209.42997415999997,188.92906719489082,522.0156457400001,2.5066557281591173,-0.425579289482684,-2.0810764386764298,168,168,0
3093,05605-1-01,30 a 44,Hombres,Quintil bajo,Sur,Trabajadores moviles,Movilidad mixta,56.08,62.536749733298926,29.57,26.67077757700152,10.18,6.62247268969956,72.16999999999999,2.622143,119.17978896000001,84.63000000000001,0,84.63000000000001,34.54978896,3.977852028513598,2.072628822111129,1.3557090285135982,-0.549514177888871,1.5170233006032083,0.5170233006032082,27.86999047999997,44.800511595921634,132.10017473,-6.456749733298928,2.8992224229984807,3.55752731030044,168,168,0
3096,05613-1-01,30 a 44,Mujeres,Quintil medio,Centro,Trabajadores moviles,Motorizados privados,70.5,66.78675288261438,24.25,31.68557734271634,11.59,7.867669774669284,61.66,4.461302,201.1418025,136.62,0,136.62,64.5218025,7.235660623475859,9.351693262357507,2.774358623475859,4.890391262357507,1.621871961027489,0.621871961027489,113.3799885,96.81407170871327,273.27305218000004,3.7132471173856203,-7.435577342716339,3.7223302253307162,168,168,0
3097,05614-1-01,30 a 44,Hombres,Quintil bajo,Sur,Trabajadores moviles,Usuarios publicos,68.93,67.48252392284773,29.71,33.01876890760044,10.06,8.198707169551843,59.29999999999998,4.505358,200.45434154999998,127.39999999999999,0,127.39999999999999,73.05434155,7.42865920746791,8.183771901057531,2.92330120746791,3.6784139010575307,1.6488499265691894,0.6488499265691894,110.09998539000009,103.57858746599345,289.2780730500001,1.4474760771522739,-3.308768907600438,1.861292830448157,168,168,0
3100,05620-1-01,18 a 29,Mujeres,Quintil bajo,Norte,Trabajadores moviles,Usuarios publicos,75.21,86.99875594075904,38.53,26.212551053318084,5.98,6.508693005922876,48.28,2.802442,202.77164588,92,0,92,110.77164588,3.7074136760006766,0.5313187694588947,0.9049716760006765,-2.2711232305411055,1.3229225354175667,0.3229225354175667,8.000016939999995,41.03732171613265,132.73671036000002,-11.788755940759046,12.317448946681917,-0.5286930059228752,168,168,0
3129,05684-1-03,18 a 29,Hombres,Quintil medio,Norte,Trabajadores moviles,Motorizados privados,45.83,52.45032858872038,44.28,35.247548385057996,6.34,8.752123026221625,71.55,4.752398,99.43241221,81.63,0,81.63,17.80241221,10.066493550382017,6.912598122553712,5.314095550382016,2.1602001225537117,2.1181924473459537,1.1181924473459537,118.36998813000002,149.83242447437758,358.93637489,-6.620328588720383,9.032451614942005,-2.412123026221625,168,168,0
3175,05756-1-02,30 a 44,Mujeres,Quintil bajo,Sur,Trabajadores moviles,Movilidad mixta,71.33,74.92131567672246,33.25,29.358770929418483,6.99,7.28991339385906,56.43,3.069012,174.33259727,105.42000000000002,0,105.42000000000002,68.91259727,4.484896880408038,3.2749465582102055,1.4158848804080382,0.20593455821020568,1.4613487599292665,0.46134875992926655,44.58002868999998,55.601819597649325,168.07707156999993,-3.591315676722459,3.8912290705815167,-0.29991339385906013,168,168,0
3184,05772-1-01,30 a 44,Hombres,Quintil alto,Centro,Trabajadores moviles,Usuarios publicos,71.71,65.80156238039234,43.64,47.03855516888141,9.17,11.679882450726248,43.480000000000004,21.676332,456.752649662329,531.11,178.767123287671,352.34287671232903,104.40977295,48.812689036443864,61.4429949183751,27.136357036443865,39.766662918375104,2.2518887898766207,1.2518887898766207,1097.6571180576707,969.5838626137654,2242.3842109776706,5.908437619607653,-3.3985551688814084,-2.5098824507262485,168,168,0
3185,05774-1-01,30 a 44,Hombres,Quintil alto,Sur,Trabajadores moviles,Movilidad mixta,90.16,80.76453799310124,29.47,34.69142651447502,4.44,8.614035492423728,43.93000000000001,9.26491,538.26426496,452.93999999999994,0,452.93999999999994,85.32426496000001,14.335838368211434,25.896332518245718,5.070928368211433,16.631422518245717,1.5473262415081672,0.5473262415081671,297.06002064000006,210.0119107376637,611.23311874,9.395462006898754,-5.22142651447502,-4.1740354924237275,168,168,0
3188,05779-1-01,45 a 59,Hombres,Quintil bajo,Centro,Trabajadores moviles,Usuarios publicos,56.93,57.211599271868764,32.91,31.681694965092657,6.92,7.866705763038587,71.24,4.752387,157.64336281999996,129.58999999999997,0,129.58999999999997,28.05336282,8.539700861593698,8.380000773187717,3.787313861593698,3.6276137731877176,1.7969287563478518,0.7969287563478518,112.91002909,114.2482978088386,302.1976033000001,-0.2815992718687639,1.2283050349073399,-0.9467057630385867,168,168,0
3189,05780-1-01,30 a 44,Hombres,Quintil medio,Sur,Trabajadores moviles,Motorizados privados,89.87,79.75214515218875,19.53,31.29673608643438,9.42,7.771118761376882,49.17999999999999,3.814918,230.19670775000003,212.35000000000002,0,212.35000000000002,17.84670775,5.603176472495246,11.502821205522899,1.788258472495246,7.687903205522899,1.468754104936265,0.4687541049362649,112.64997290999997,74.05118632969754,223.09184900999998,10.117854847811259,-11.766736086434378,1.648881238623118,168,168,0
3195,05788-1-01,30 a 44,Hombres,Quintil medio,Centro,Trabajadores moviles,Motorizados privados,82.98,76.77742765019111,27.83,32.40601476024706,6.42,8.046557589561829,50.769999999999996,4.511033,252.32547907999998,127.99999999999999,0,127.99999999999999,124.32547907999998,6.87062256192459,10.529827107290957,2.35958956192459,6.018794107290957,1.5230707826621064,0.5230707826621064,122.00003926000005,94.02003070512461,276.50291951,6.202572349808889,-4.576014760247062,-1.6265575895618287,168,168,0
3199,05793-1-01,30 a 44,Mujeres,Quintil bajo,Norte,Trabajadores moviles,Usuarios publicos,52.77,67.8633137607498,48.42,34.50014644002397,9.74,8.566539799226238,57.069999999999986,3.382381,146.99826231999998,73.51,0,73.51,73.48826231999999,5.665676888489834,1.600552318504505,2.283295888489834,-1.7818286814954951,1.675055793090676,0.6750557930906761,31.489983050000035,82.54132074139872,228.20926201000003,-15.093313760749801,13.919853559976033,1.1734602007737625,167.99999999999997,168,0
3211,05809-1-01,30 a 44,Hombres,Quintil medio,Centro,Trabajadores moviles,Usuarios publicos,66.58,69.64433955743715,35.65,32.80903190384203,8.37,8.146628538720803,57.40000000000001,5.788146,273.19480052,187.82,0,187.82,85.37480052,9.377201393583338,7.533331678639223,3.5890553935833376,1.7451856786392224,1.6200699487510055,0.6200699487510055,112.17996016000001,129.91680491202163,366.97414708,-3.064339557437151,2.8409680961579653,0.22337146127919638,168,168,0
3221,05824-1-04,30 a 44,Mujeres,Quintil medio,Sur,Trabajadores moviles,Usuarios publicos,53.73,63.49051759537275,47.58,37.87496111278644,9.46,9.404521291840801,57.23000000000001,3.046841,102.17368467692309,79.14,3.17307692307692,75.96692307692308,26.206761600000004,5.706710986007797,3.1889741500271094,2.6598699860077972,0.14213315002710925,1.8729927114699445,0.8729927114699445,61.5330822530769,91.27182744388001,235.32489289307688,-9.760517595372754,9.705038887213561,0.05547870815919964,168.00000000000003,168,0
3259,05878-1-01,45 a 59,Mujeres,Quintil bajo,Centro,Trabajadores moviles,Usuarios publicos,81.36,74.7034138444954,9.71,24.846972402053066,14.65,6.169613753451524,62.28000000000001,2.23509,135.23694752,53.39,0,53.39,81.84694752,3.02429398559805,5.656182720769771,0.7892039855980499,3.4210927207697712,1.3530971842735862,0.3530971842735863,46.60997488000001,31.73190572969324,101.05676728,6.656586155504598,-15.136972402053065,8.480386246548477,168,168,0
3273,05899-1-02,30 a 44,Mujeres,Quintil medio,Sur,Trabajadores moviles,Usuarios publicos,58.29,59.57866588045818,39.54,35.42511941647783,5.97,8.796214703063985,64.20000000000002,3.545648,111.56584077,79.89,0,79.89,31.675840769999997,6.663375279558425,6.177903295904562,3.1177272795584248,2.632255295904562,1.8793109974702578,0.8793109974702579,95.10998115000001,99.6791367517148,256.47242163,-1.2886658804581828,4.114880583522172,-2.826214703063985,168,168,0
3274,05900-1-01,45 a 59,Mujeres,Quintil bajo,Centro,Trabajadores moviles,Usuarios publicos,71.11,71.7128558555936,36.86,36.038599586656034,8.73,8.948544557750365,51.3,3.015584,140.29820442,90.86000000000001,40,50.860000000000014,89.43820441999999,4.991218453808969,4.8073382641077735,1.975634453808969,1.7917542641077735,1.6551415758304093,0.6551415758304093,74.13997382000002,75.9579362924344,211.62044838000003,-0.602855855593603,0.8214004133439659,-0.21854455775036463,168,168,0
3278,05904-1-01,45 a 59,Hombres,Quintil alto,Centro,Trabajadores moviles,Motorizados privados,49.61,56.05365307012647,37.55,37.53599294231068,15.75,9.320353987562846,65.09,20.749054,464.66057771,435.3,0,435.3,29.360577709999998,44.061315700562176,31.31932675176982,23.312261700562175,10.57027275176982,2.123533713901471,1.1235337139014712,564.6999912300001,698.3996967393201,1670.62456943,-6.443653070126473,0.014007057689319424,6.4296460124371535,168,168,0
3281,05911-1-01,30 a 44,Mujeres,Quintil alto,Sur,Trabajadores moviles,Motorizados privados,77.56,74.40128716768702,24.35,27.61242491952255,6.96,6.8562879127904335,59.13,4.350928,250.29794527999996,137.83999999999997,0,137.83999999999997,112.45794528,6.296390129839277,8.229172218482514,1.9454621298392771,3.8782442184825143,1.4471372842389663,0.4471372842389663,87.16003040000004,73.41669829393015,223.38758608,3.158712832312986,-3.262424919522548,0.10371208720956648,168,168,0
3286,05917-1-01,30 a 44,Mujeres,Quintil bajo,Sur,Trabajadores moviles,Movilidad mixta,73,70.24762182980699,41.16,38.30185678446995,3.9,9.510521385723061,49.940000000000005,4.075739,170.5680744347826,151.3,65.7608695652174,85.5391304347826,85.028944,7.156090928162303,8.32914757549802,3.0803519281623037,4.25340857549802,1.7557775235760444,0.7557775235760446,126.96087256521736,115.7428975142131,310.61367190521736,2.752378170193012,2.858143215530049,-5.610521385723061,168,168,0
3291,05922-1-01,45 a 59,Hombres,Quintil bajo,Centro,Trabajadores moviles,Usuarios publicos,51.88,61.451622020647896,30.51,34.8619906528035,22.58,8.656387326548598,63.03,4.788876,165.90690928,142.46,0,142.46,23.44690928,8.720418843890593,4.595930653689342,3.9315428438905933,-0.1929453463106583,1.8209740331323243,0.8209740331323244,82.53997760000001,128.3772885757522,336.78140443999996,-9.571622020647894,-4.351990652803497,13.9236126734514,168,168,0
3294,05925-1-01,30 a 44,Hombres,Quintil alto,Centro,Trabajadores moviles,Motorizados privados,74.66,71.87635015899822,35.03,39.873005292987074,11.96,9.900644548014704,46.35,5.666439,237.15633028,189.1,0,189.1,48.056330280000005,10.104030304805626,11.69488089953707,4.437591304805626,6.0284418995370705,1.7831358115397742,0.7831358115397742,185.90000545999996,170.12662343860367,452.16597406999995,2.7836498410017754,-4.843005292987073,2.0593554519852972,168,168,0
3300,05933-1-02,18 a 29,Mujeres,Quintil medio,Norte,Trabajadores moviles,Usuarios publicos,51.26,54.07857539270449,43.21,40.207679071601234,9.8,9.983745535694268,63.730000000000004,6.533857,90.2849316447059,156.83,76.4705882352941,80.35941176470591,9.92551988,15.493222860890324,13.642455192564952,8.959365860890323,7.108598192564952,2.3712216017109533,1.371221601710953,244.64057817529408,263.05674673494406,591.0003377452941,-2.8185753927044885,3.002320928398767,-0.18374553569426766,168,168,0
3302,05937-1-02,30 a 44,Mujeres,Quintil alto,Centro,Trabajadores moviles,Usuarios publicos,62.69,64.8813639004221,37.77,38.35493512567068,12.3,9.523700973907227,55.239999999999995,6.849043,235.78094454444437,236.96999999999997,55.5555555555556,181.41444444444437,54.366500099999996,12.879011360089685,11.429236410886935,6.0299683600896845,4.580193410886935,1.8804103522331053,0.8804103522331054,193.5855611255556,208.59430670819432,536.5171441355556,-2.191363900422104,-0.5849351256706754,2.776299026092774,168,168,0
3303,05938-1-02,45 a 59,Hombres,Quintil alto,Centro,Trabajadores moviles,Motorizados privados,55.07,56.708223932808075,44.78,40.872862522307635,7.88,10.148913544884293,60.27,12.199703,210.12007311018903,276.49,113.207547169811,163.28245283018902,46.83762028,27.909110816292312,25.918949373659352,15.709407816292313,13.719246373659352,2.2876877261923765,1.2876877261923765,461.717571099811,481.7034165275614,1104.153931079811,-1.6382239328080743,3.907137477692366,-2.2689135448842928,168,168,0
3307,05946-1-01,45 a 59,Mujeres,Quintil alto,Centro,Trabajadores moviles,Movilidad mixta,62.3,66.338566231486,48.2,42.32255510731614,8.67,10.508878661197864,48.83,12.622685,384.46326460000006,348.07000000000005,0,348.07000000000005,36.3932646,25.34189103329068,20.892434651133605,12.719206033290678,8.269749651133605,2.007646632494646,1.0076466324946458,401.9300108999999,452.9075602916848,1119.78210685,-4.038566231486001,5.877444892683862,-1.8388786611978638,168,168,0
3313,05954-1-01,45 a 59,Hombres,Quintil bajo,Centro,Trabajadores moviles,Motorizados privados,61.94,65.12518289993072,21.87,26.09525037440989,13.89,6.479566725659393,70.3,2.740837,133.92741784,89.16,0,89.16,44.76741784,4.044672860884698,2.9627339289297647,1.303835860884698,0.22189692892976476,1.4757071875798153,0.4757071875798152,35.840025939999975,44.570093083897405,133.85235706,-3.185182899930723,-4.225250374409889,7.410433274340607,168,168,0
3318,05964-1-01,18 a 29,Hombres,Quintil medio,Centro,Trabajadores moviles,Motorizados privados,72.24,65.79435043037448,24.34,31.815675775490327,8.93,7.899973794135194,62.49,3.07001,134.9775488,131.95,68.75,63.19999999999999,71.7775488,4.987825283605766,7.712383876685165,1.9178152836057665,4.642373876685165,1.6246934972869034,0.6246934972869035,86.79997359999999,67.01176496475395,188.9392063,6.445649569625516,-7.475675775490327,1.0300262058648055,168,168,0
3327,05977-1-02,30 a 44,Mujeres,Quintil alto,Sur,Trabajadores moviles,Usuarios publicos,76.98,74.77114104419132,32.1,31.80222503929296,5.39,7.89663391651572,53.529999999999994,6.763766,365.7547259,287.08,17,270.08,95.6747259,10.423393053199751,12.215572899953278,3.659627053199751,5.451806899953278,1.541063521889987,0.5410635218899871,154.91998078000012,139.97977567590584,408.49356812,2.2088589558086795,0.29777496070704146,-2.50663391651572,168,168,0
3338,05999-1-01,45 a 59,Mujeres,Quintil alto,Centro,Trabajadores moviles,Movilidad mixta,69.63,65.1017118566573,34.41,37.36130896439665,7.7,9.276979178946045,56.260000000000005,5.317967,192.36165308308367,240.74999999999997,78.6784140969163,162.07158590308367,30.290067179999994,9.751435781635529,12.490558313972878,4.433468781635528,7.172591313972878,1.833677377395446,0.833677377395446,177.92838912691636,153.84710221412863,401.8679794969164,4.528288143342692,-2.9513089643966524,-1.5769791789460443,168,168,0
3342,06005-1-01,60 o mas,Mujeres,Quintil bajo,Centro,Trabajadores moviles,Usuarios publicos,63.3,49.33168338597252,23.34,33.53213769209605,4.55,8.326178921931424,76.81,1.875466,36.6269961,95.91,115.5,-19.590000000000003,56.2169961,3.9472689784158277,8.700888357906987,2.0718029784158274,6.825422357906986,2.1046870369368613,1.104687036936861,82.0900017,55.892898813156336,134.39674844,13.96831661402748,-10.19213769209605,-3.7761789219314243,168,168,0
3345,06011-1-02,60 o mas,Mujeres,Quintil bajo,Centro,Trabajadores moviles,Usuarios publicos,10.33,44.53024419632861,68.6,33.51726887512293,7.44,8.322486928548466,81.63,3.312879,34.22204007,0,0,0,34.22204007,8.005113347716321,0,4.692234347716321,-3.312879,2.416361523531744,1.416361523531744,0,113.30127079288894,251.91131916000006,-34.20024419632861,35.082731124877064,-0.8824869285484658,168,168,0
3367,06046-1-02,30 a 44,Mujeres,Quintil bajo,Centro,Trabajadores moviles,Usuarios publicos,52.66,50.773119019081406,8.57,18.526635091220975,12.67,4.60024588969761,94.10000000000001,4.009468,157.6223220959671,67.60000000000001,14.8662551440329,52.73374485596711,104.88857723999999,5.873521400297725,7.448230547139262,1.864053400297725,3.4387625471392615,1.4649129012372029,0.46491290123720275,53.516262784032904,45.95087387123121,138.67736310403285,1.8868809809185905,-9.956635091220974,8.06975411030239,168,168,0
3376,06057-1-02,45 a 59,Hombres,Quintil alto,Centro,Trabajadores moviles,Usuarios publicos,59.45,59.81770120274909,32.77,38.38190186262445,15.51,9.530396934626449,60.27,7.054256,190.8155454,146.44,0,146.44,44.37554539999999,14.261852323557418,13.994415430103553,7.207596323557419,6.940159430103553,2.0217372779719676,1.0217372779719673,228.5599738,231.15383221569996,569.1394534799998,-0.3677012027490889,-5.61190186262445,5.979603065373551,168,168,0
3378,06059-1-03,18 a 29,Hombres,Quintil medio,Centro,Trabajadores moviles,Usuarios publicos,33.59,38.94324847828276,19.65,20.777584806658176,11.64,5.159166715059079,103.11999999999999,3.460761,80.68695523,51.94,0,51.94,28.746955229999998,6.1644409991577005,3.3595268586722913,2.7036799991577003,-0.10123414132770892,1.781238577052186,0.7812385770521859,35.56000676000002,54.08632031695035,143.84721845000004,-5.353248478282758,-1.1275848066581773,6.480833284940921,168,168,0
3387,06081-1-01,45 a 59,Mujeres,Quintil medio,Norte,Trabajadores moviles,Movilidad mixta,65.82,64.33107071363573,36.12,37.682257226525664,9.43,9.356672059838607,56.63,3.27255,114.2873186844019,50.79,24.4019138755981,26.388086124401898,87.89923256,6.048072583086023,6.561994041190195,2.7755225830860235,3.289444041190195,1.8481222847889334,0.8481222847889333,101.11192231559806,96.23932677950668,250.1765748155981,1.488929286364268,-1.5622572265256665,0.0733279401613931,168,168,0
3428,06156-1-01,18 a 29,Hombres,Quintil bajo,Sur,Trabajadores moviles,Movilidad mixta,88.6,98.31805891134334,24.25,13.243516933900825,2,3.2884241547558264,53.150000000000006,1.429852,132.494887,83.31,0,83.31,49.184887,1.4457685196077288,-0.6542875485482901,0.015916519607728885,-2.08413954854829,1.0111315853722824,0.011131585372282506,-5.809999800000028,8.08538617050209,31.723615199999983,-9.718058911343348,11.006483066099175,-1.2884241547558264,168,168,0
3448,06182-2-01,60 o mas,Hombres,Quintil bajo,Centro,Trabajadores moviles,Usuarios publicos,60.9,61.653914702922485,21.28,34.05906738812188,21.99,8.45701790895563,63.83,3.266398,118.0665211428572,112,42.8571428571428,69.1428571428572,48.923664,5.793170185418928,5.523994063939633,2.526772185418928,2.257596063939633,1.773565311214043,0.773565311214043,80.8571170571428,83.31970253493941,222.1941585171428,-0.7539147029224864,-12.77906738812188,13.532982091044369,168,168,0
3457,06192-1-01,30 a 44,Hombres,Quintil bajo,Centro,Trabajadores moviles,Usuarios publicos,60.23,63.501018842365966,34.78,33.789017769915155,10.67,8.389963387718874,62.32000000000001,3.932801,152.4142517766667,109.5,18.9583333333333,90.5416666666667,61.87258511,6.8208664547897975,5.493265167934895,2.8880654547897975,1.5604641679348954,1.7343533158148092,0.7343533158148092,84.45835245333328,97.32261862760902,263.2041579033332,-3.2710188423659687,0.9909822300848461,2.280036612281126,168,168,0
3466,06203-1-01,45 a 59,Mujeres,Quintil medio,Centro,Trabajadores moviles,Movilidad mixta,78.08,74.98161824986754,26.65,31.83388622130995,9.99,7.904495528822513,53.28,4.683116,254.83764223999998,139.18,0,139.18,115.65764223999999,7.164451274931473,8.940972154759594,2.4813352749314728,4.257856154759594,1.5298470665538655,0.5298470665538656,110.82005504,96.30997389184671,282.40942528,3.098381750132461,-5.183886221309951,2.0855044711774875,168,168,0
3472,06215-1-01,30 a 44,Hombres,Quintil medio,Norte,Trabajadores moviles,Motorizados privados,53.15,48.856535495722945,18.67,23.57875481743788,6.47,5.854709686839191,89.71,5.199714,167.4648099,141.1,0,141.1,26.3648099,8.695087837308847,12.805142303702246,3.495373837308847,7.605428303702245,1.672224248739228,0.6722242487392281,108.89998920000002,86.57520170860755,239.62079916000002,4.293464504277054,-4.9087548174378774,0.6152903131608092,168,168,0
3482,06229-1-01,30 a 44,Hombres,Quintil medio,Centro,Trabajadores moviles,Motorizados privados,50.5,55.654736025629006,39.47,35.03573512312039,9.42,8.699528851250605,68.61,9.289341,242.0017245,222.89,0,222.89,19.1117245,18.587178283444082,13.732134806758786,9.297837283444082,4.442793806758786,2.0009146271456806,1.0009146271456804,227.109996,274.99409670705256,681.26587749,-5.154736025629006,4.43426487687961,0.7204711487493949,168,168,0
3486,06243-1-01,30 a 44,Hombres,Quintil bajo,Centro,Trabajadores moviles,Usuarios publicos,66.33,72.87753605762718,42.59,36.25915459511226,9.22,9.003309347260563,49.86,4.282724,203.44311182,119.36999999999999,0,119.36999999999999,84.07311182000001,7.097384932443218,4.600497061775029,2.8146609324432177,0.3177730617750294,1.657212776831572,0.6572127768315721,80.62997109999998,108.67126091486529,302.51790153999997,-6.547536057627184,6.3308454048877465,0.21669065273943744,168,168,0
3494,06252-1-01,60 o mas,Hombres,Quintil medio,Sur,Trabajadores moviles,Motorizados privados,46.93,58.840598937033995,47.74,39.549167002691036,13.54,9.820234060274975,59.789999999999985,10.305389,241.67192943,233.04,0,233.04,8.631929430000001,21.837540225610443,11.67203611232842,11.532151225610443,1.3666471123284207,2.119040846067086,1.1190408460670862,241.95997634,364.70333160912185,873.4742142600002,-11.910598937033996,8.190832997308966,3.719765939725024,168,168,0
3519,06302-1-01,30 a 44,Hombres,Quintil bajo,Sur,Trabajadores moviles,Movilidad mixta,56.92,66.06225623316494,36.63,31.585038286875037,11.94,7.8427054799600295,62.50999999999999,5.093959,225.5281516,185.57999999999998,0,185.57999999999998,39.9481516,8.32156175235693,3.9207976297645852,3.2276027523569297,-1.1731613702354147,1.6336138065416173,0.6336138065416171,64.41999468,110.99027309923667,311.83358331,-9.142256233164943,5.044961713124966,4.09729452003997,168,168,0
3529,06318-1-01,30 a 44,Mujeres,Quintil medio,Centro,Trabajadores moviles,Motorizados privados,52.6,62.99166182513342,56.36,42.15985794312675,6.66,10.468480231739816,52.38000000000001,9.780777,250.12886039999998,223.15999999999997,0,223.15999999999997,26.9688604,20.55690863083408,12.399562121387513,10.77613163083408,2.6187851213875124,2.1017664170069597,1.1017664170069597,264.3400098000001,365.97853677104297,880.72457634,-10.391661825133419,14.200142056873247,-3.808480231739816,168,168,0
3537,06339-1-01,18 a 29,Hombres,Quintil medio,Centro,Trabajadores moviles,Usuarios publicos,60.83,56.76911782781103,37.8,38.09237583730579,5.69,9.458506334883173,63.68000000000001,4.303163,98.7107767679856,173.64000000000001,121.6906474820144,51.949352517985616,46.76142425,9.050092569224823,11.082938298094167,4.7469295692248235,6.779775298094167,2.1031256704021724,1.1031256704021726,163.05062852201436,145.57599061129116,350.1951873920143,4.060882172188968,-0.29237583730579075,-3.768506334883173,168,168,0
3581,06450-1-01,30 a 44,Hombres,Quintil bajo,Centro,Trabajadores moviles,Usuarios publicos,68.75,68.76619553017137,30.25,31.101230592179046,8.59,7.722573877649584,60.41,3.450758,166.11963500000002,91.38,0,91.38,74.739635,5.419466107943174,5.412952737804373,1.9687081079431743,1.962194737804373,1.5705146834240982,0.5705146834240982,71.11997749999998,71.17586435530308,205.14741822000002,-0.016195530171373207,-0.8512305921790464,0.867426122350416,168,168,0
3600,06491-1-03,30 a 44,Mujeres,Quintil bajo,Sur,Trabajadores moviles,Movilidad mixta,73.79,75.56708298833216,41.21,34.84960507834235,4.07,8.653311933325496,48.92999999999999,2.688895,141.10054600537313,57.09,9.40298507462687,47.687014925373134,93.41353108,4.219247079156323,3.741697648892595,1.5303520791563225,1.052802648892595,1.569137909496772,0.5691379094967719,57.31301604462689,62.091405606538274,179.0661816446269,-1.777082988332154,6.360394921657651,-4.583311933325495,168,168,0
3602,06494-1-01,30 a 44,Hombres,Quintil medio,Centro,Trabajadores moviles,Usuarios publicos,63.91,69.27132658691474,49.25,40.8223118299386,7.07,10.136361583146662,47.77,4.074428,151.7233534866667,128.66,37.3333333333333,91.3266666666667,60.39668682,7.571345677414902,5.704035433101297,3.496917677414902,1.629607433101297,1.8582597796340743,0.8582597796340742,108.67333999333331,130.51767915620317,338.14512495333327,-5.361326586914743,8.427688170061401,-3.066361583146662,168,168,0
3605,06496-1-02,30 a 44,Mujeres,Quintil bajo,Norte,Trabajadores moviles,Motorizados privados,71.08,66.67095874920275,32.01,32.93991408452023,4.7,8.17912716627702,60.209999999999994,1.877392,83.01502432000001,49.57,0,49.57,33.44502432,3.030415688883735,4.060938581744481,1.153023688883735,2.1835465817444812,1.6141624598825046,0.6141624598825046,50.429999039999984,42.152500268083244,119.34905935999998,4.4090412507972445,-0.9299140845202345,-3.47912716627702,168,168,0
3633,06546-1-01,30 a 44,Mujeres,Quintil medio,Centro,Trabajadores moviles,Motorizados privados,81.04,72.64219469394972,19.06,28.092349888911443,7.61,6.975455417138845,60.28999999999999,3.369999,186.4353916457143,97.17,38.8392857142857,58.3307142857143,128.10467736,4.920321903478,9.60647940267759,1.5503229034780004,6.236480402677589,1.4600366063841563,0.46003660638415633,86.66932731428571,58.36873183070156,176.5472006442857,8.397805306050287,-9.032349888911444,0.6345445828611549,168,168,0
3676,06615-1-04,18 a 29,Mujeres,Quintil medio,Sur,Trabajadores moviles,Movilidad mixta,74.2,72.03853877848154,35.31,34.91252579452675,6.11,8.668935426991718,52.379999999999995,3.002454,144.5771292,118.67000000000002,46.875,71.79500000000002,72.7821292,4.864427046139576,5.581437117184308,1.8619730461395756,2.5789831171843076,1.6201503990201267,0.6201503990201267,78.20495760000003,71.71526970960701,202.56660228000004,2.161461221518465,0.39747420547325163,-2.5589354269917175,168,168,0
3687,06635-1-01,18 a 29,Hombres,Quintil bajo,Norte,Trabajadores moviles,Movilidad mixta,90.19,74.46078951772886,24.34,38.79599290112894,8.36,9.633217581142206,45.11,2.006734,94.52730779,76.03999999999999,0,76.03999999999999,18.48730779,3.35083240415824,7.816088774744975,1.34409840415824,5.809354774744976,1.669794005662056,0.6697940056620559,86.46003166999999,54.8956902020701,152.08023347,15.729210482271142,-14.45599290112894,-1.273217581142207,168,168,0
3688,06635-1-02,30 a 44,Mujeres,Quintil bajo,Norte,Trabajadores moviles,Motorizados privados,63.48,63.61723339336814,32.54,32.502300772098664,8.17,8.070465834533177,63.81000000000002,3.470421,140.48236024,70.17999999999999,0,70.17999999999999,70.30236023999998,5.850356585676838,5.796052032538088,2.3799355856768383,2.3256310325380882,1.6857771969674107,0.6857771969674107,79.81996483999998,80.29622249024607,221.10080374999995,-0.13723339336814178,0.037699227901335064,0.0995341654668227,168,168,0
3693,06641-1-01,45 a 59,Hombres,Quintil bajo,Centro,Trabajadores moviles,Motorizados privados,77.02,74.77301694093524,28.43,34.4843624858568,12.37,8.562620573207957,50.18000000000001,1.906119,99.53927970000001,77.73,0,77.73,21.809279699999998,2.951998608425204,3.4248955971921555,1.0458796084252042,1.5187765971921556,1.5486958623387124,0.5486958623387125,47.27000567999997,42.98698857843851,125.03966087999996,2.2469830590647604,-6.0543624858567995,3.8073794267920427,168,168,0
3705,06659-1-02,45 a 59,Mujeres,Quintil alto,Centro,Trabajadores moviles,Motorizados privados,62.92,62.05233503168787,37.64,38.47432015953557,9.52,9.553344808776552,57.92,10.891125,328.13958432,267.87,0,267.87,60.26958431999999,21.399827547194803,22.385890959020788,10.508702547194803,11.494765959020787,1.9648867814109932,0.964886781410993,357.13000068,347.68015305199157,870.7554556800001,0.867664968312134,-0.8343201595355723,-0.03334480877655288,168,168,0
3722,06681-1-03,18 a 29,Hombres,Quintil bajo,Centro,Trabajadores moviles,Motorizados privados,79.84,79.3547471923875,27.08,26.792544779882345,5.88,6.652708027730152,55.199999999999996,1.545434,99.49741248000001,38.61,0,38.61,60.88741248,2.045280215673823,2.1426512313427324,0.4998462156738228,0.5972172313427324,1.3234342040318918,0.3234342040318919,23.890038079999997,23.14011189252018,74.82754272,0.4852528076124969,0.28745522011765345,-0.7727080277301521,168,168,0
3730,06698-1-01,30 a 44,Hombres,Quintil bajo,Centro,Trabajadores moviles,Usuarios publicos,52.96,45.54452125617717,15.36,23.396118473461563,6.43,5.8093602703612595,93.25,2.643871,75.9292759039397,54.760000000000005,18.8501413760603,35.909858623939705,40.01941728,4.502636060836489,8.694723655313922,1.8587650608364887,6.050852655313922,1.7030468055500774,0.7030468055500775,64.09013225606029,44.484563054150684,121.7000813460603,7.415478743822831,-8.036118473461563,0.6206397296387403,168,168,0
3732,06699-1-01,45 a 59,Hombres,Quintil bajo,Norte,Trabajadores moviles,Movilidad mixta,70.8,59.82095107943795,27.2,39.428721911984695,11.04,9.790327008577355,58.96,2.615691,67.48089280000002,107.29000000000002,75,32.29000000000002,35.19089279999999,5.344913986956247,9.099497973256142,2.7292229869562474,6.483806973256142,2.0434042044554372,1.0434042044554375,117.71002999999996,88.99223054992609,217.73405383999997,10.97904892056205,-12.228721911984696,1.2496729914226439,168,168,0
3745,06717-1-01,30 a 44,Hombres,Quintil bajo,Sur,Trabajadores moviles,Motorizados privados,68.38,78.52613079168711,42.54,34.24154203338817,10.35,8.502327174924714,46.730000000000004,3.192492,179.99262948,119.18999999999998,0,119.18999999999998,60.80262948000001,4.889631365516192,2.141214275368114,1.697139365516192,-1.0512777246318863,1.531603326027502,0.531603326027502,38.30997348,70.70141486341475,207.16087535999998,-10.146130791687114,8.298457966611828,1.8476728250752856,168,168,0
3753,06737-1-02,60 o mas,Hombres,Quintil bajo,Centro,Trabajadores moviles,Movilidad mixta,60.2,53.05130714781202,17.12,31.257353069155908,14.75,7.761339783032075,75.92999999999999,4.137412,116.67218159999999,67.6,0,67.6,49.07218159999999,7.790029787998427,12.280833282470173,3.6526177879984267,8.143421282470172,1.8828267013288564,0.8828267013288564,132.40002080000005,102.82293320904324,264.2593412400001,7.148692852187985,-14.137353069155907,6.988660216967925,168,168,0
3756,06739-1-02,45 a 59,Mujeres,Quintil alto,Centro,Trabajadores moviles,Motorizados privados,68.85,65.39121693307736,34.78,37.602031429329266,8.7,9.336751637593373,55.67,4.939838,179.15786855,110.55,21.5,89.05,90.10786855,9.060300523851136,10.942668212569092,4.1204625238511365,6.002830212569092,1.834129079506481,0.8341290795064811,160.94997774999996,143.86414972225901,375.73413399000003,3.458783066922635,-2.8220314293292645,-0.6367516375933739,168,168,0
3770,06761-1-02,18 a 29,Hombres,Quintil bajo,Centro,Trabajadores moviles,Movilidad mixta,83.14,72.48748299234086,19.88,35.90671898887263,14.29,8.915798018786502,50.690000000000005,3.032005,144.3539956230769,115.35000000000001,23.0769230769231,92.2730769230769,52.0809187,4.974627752790427,9.319680626414598,1.9426227527904274,6.2876756264145985,1.6407056560890987,0.6407056560890987,107.72690007692307,75.42841524711551,211.33051092692307,10.652517007659142,-16.026718988872634,5.374201981213497,168,168,0
3774,06767-1-01,60 o mas,Mujeres,Quintil alto,Sur,Trabajadores moviles,Usuarios publicos,51.69,60.87411380304734,47.27,38.38477568055329,9.83,9.531110516399382,59.209999999999994,7.222713,206.76204912999998,183.42,0,183.42,23.34204913,14.369388782055708,8.62399623818214,7.146675782055708,1.401283238182141,1.9894724852082186,0.9894724852082186,166.57998584,232.91420399874943,578.99689814,-9.184113803047339,8.885224319446714,0.2988894836006182,168,168,0
3776,06771-1-01,30 a 44,Hombres,Quintil bajo,Centro,Trabajadores moviles,Motorizados privados,54.64,62.70831029922483,37.69,36.250523494246174,15.63,9.001166206529003,60.04,4.240852,146.4401308,114.71999999999998,0,114.71999999999998,31.720130800000003,7.806248066230681,4.728016802053942,3.5653960662306803,0.4871648020539414,1.84072636022919,0.8407263602291898,85.28002248000001,119.49653234908826,311.4022511200001,-8.068310299224827,1.4394765057538237,6.6288337934709975,168,168,0
3781,06781-1-01,18 a 29,Mujeres,Quintil bajo,Sur,Trabajadores moviles,Motorizados privados,54.32,59.3704287894853,40.99,32.65194744223776,4.82,8.107623768276932,67.87,4.982019,173.07326224,164.95,37.5,127.44999999999999,45.62326224,8.899732331632919,6.294900525103855,3.9177133316329185,1.3128815251038546,1.7863706123226182,0.7863706123226183,97.55000984,122.7113420273628,325.77630023000006,-5.050428789485302,8.33805255776224,-3.287623768276932,168,168,0
3805,06812-1-01,45 a 59,Hombres,Quintil bajo,Sur,Trabajadores moviles,Movilidad mixta,60.27,64.07286589577907,39.3,35.61401563098553,8.96,8.84311847323541,59.46999999999999,3.098951,115.78375518000001,66.51,0,66.51,49.27375518,5.504008997621271,4.348423523847266,2.4050579976212707,1.2494725238472664,1.7760877786132374,0.7760877786132374,70.99002159,82.77491666059043,220.54539684999997,-3.802865895779071,3.68598436901447,0.1168815267645904,168,168,0
3823,06847-1-01,30 a 44,Mujeres,Quintil bajo,Norte,Trabajadores moviles,Usuarios publicos,79.24,94.07465680110656,28.31,14.055339812762918,4.07,3.4900033861305237,56.38,1.756268,153.98665144,77.32,0,77.32,76.66665144000001,1.8926973437040275,-1.3529834241442262,0.1364293437040276,-3.109251424144226,1.0776813924207624,0.07768139242076244,-14.81997512000001,11.2336579107658,42.04798271999999,-14.834656801106561,14.25466018723708,0.5799966138694765,168,168,0
3826,06854-1-01,45 a 59,Mujeres,Quintil alto,Centro,Trabajadores moviles,Motorizados privados,52.73,59.64599017993945,43.38,37.838533633368996,10.77,9.395476186691539,61.12000000000002,5.514191,152.96328039,112.19999999999999,0,112.19999999999999,40.76328039,11.010879135765173,7.522680849458638,5.496688135765172,2.0084898494586376,1.996825850929932,0.9968258509299319,137.80001104,175.93610184631055,436.3934536899999,-6.915990179939456,5.541466366631006,1.3745238133084605,168,168,0
3849,06904-1-02,30 a 44,Hombres,Quintil alto,Centro,Trabajadores moviles,Movilidad mixta,71.21,67.70504726129244,36.72,39.833994695537754,9.5,9.8909580431698,50.57000000000001,6.409446,232.51664639,151.1,0,151.1,81.41664639,11.975201409003546,14.32009847830359,5.565755409003546,7.91065247830359,1.8683676263133422,0.8683676263133422,223.90000326999996,201.43519795870174,520.14459739,3.5049527387075585,-3.1139946955377553,-0.39095804316979965,168,168,0
3852,06910-1-02,18 a 29,Mujeres,Quintil bajo,Centro,Trabajadores moviles,Usuarios publicos,52.26,61.07955512357299,33.49,23.592357566498364,4.78,5.85808730992865,77.47,2.862163,133.19663142000002,38.620000000000005,0,38.620000000000005,94.57663142,4.1779523572607165,1.2652532616994512,1.3157893572607167,-1.5969097383005486,1.459718526604081,0.4597185266040812,16.380006959999974,41.623011311151004,125.91498496999998,-8.81955512357299,9.897642433501638,-1.0780873099286499,168,168,0
3855,06917-1-02,45 a 59,Mujeres,Quintil bajo,Centro,Trabajadores moviles,Usuarios publicos,54.49,64.77024946842329,40.35,31.31427642590039,9.02,7.775474105676325,64.14,2.014972,87.88580725,28.09,0,28.09,59.795807249999996,3.2234248553832945,1.3119021195391791,1.2084528553832943,-0.7030698804608211,1.599736798021657,0.5997367980216569,21.91001703000002,42.624431861887814,121.38918467000002,-10.280249468423285,9.035723574099613,1.244525894323675,168,168,0
3858,06921-1-03,60 o mas,Hombres,Quintil medio,Norte,Trabajadores moviles,Motorizados privados,55.27,63.64256671270499,39.8,35.27779891896589,12.61,8.759634368329124,60.31999999999999,2.205759,82.69231076,35.78,0,35.78,46.912310760000004,3.872435809982556,2.2121529723479454,1.666676809982556,0.006393972347945365,1.7556024071453662,0.7556024071453663,39.219989170000005,57.687853549649446,154.82381836000002,-8.372566712704987,4.522201081034105,3.8503656316708756,168,168,0
3860,06925-1-02,30 a 44,Hombres,Quintil medio,Sur,Trabajadores moviles,Motorizados privados,50.83,58.62668317697249,43.94,35.53084899531077,8.21,8.822467827716729,65.02000000000001,4.648456,138.70104150000003,102.42000000000002,0,102.42000000000002,36.2810415,8.91918008673017,5.5313131250867125,4.27072408673017,0.8828571250867121,1.9187403487803627,0.9187403487803627,97.57997697999997,133.82251567409685,339.99695737999997,-7.796683176972493,8.409151004689228,-0.6124678277167277,168,168,0
3877,06967-1-03,18 a 29,Hombres,Quintil bajo,Centro,Trabajadores moviles,Usuarios publicos,24.08,32.93355944866823,25.52,19.014945111786385,7.07,4.721495439545366,111.33000000000001,2.177707,39.11918152,26.68,0,26.68,12.43918152,4.060037070707532,1.2082082845236541,1.8823300707075319,-0.9694987154763457,1.8643633283575485,0.8643633283575486,13.320003039999996,32.60046142628093,84.29147416999997,-8.853559448668229,6.505054888213614,2.348504560454634,168,168,0
3878,06968-1-02,45 a 59,Mujeres,Quintil alto,Centro,Trabajadores moviles,Motorizados privados,73.7,60.233511797141695,33.41,41.66971311247175,5.14,10.346775090386563,55.75,22.199519,483.7645399,472.65999999999997,0,472.65999999999997,11.1045399,48.49853230617868,88.36455703584646,26.299013306178683,66.16503803584646,2.1846659067783714,1.1846659067783714,1152.3400104,853.3904496773712,2008.1314678499996,13.466488202858308,-8.25971311247175,-5.2067750903865635,168,168,0
3885,06971-1-02,30 a 44,Mujeres,Quintil bajo,Norte,Trabajadores moviles,Movilidad mixta,73.72,69.08143527246963,27.93,30.784609319939626,5.86,7.643955407590744,60.489999999999995,2.58622,126.7561356,48.599999999999994,0,48.599999999999994,78.1561356,3.9926902025248476,5.590292490040563,1.4064702025248477,3.0040724900405626,1.543832389558834,0.5438323895588341,63.90000280000001,51.90365393036643,151.2883766,4.638564727530365,-2.8546093199396267,-1.783955407590744,168,168,0
3889,06979-1-02,18 a 29,Hombres,Quintil bajo,Centro,Trabajadores moviles,Motorizados privados,74.06,79.89213844880989,38.08,32.42627360129549,8.23,8.051587949894625,47.629999999999995,3.542263,210.90997529999999,123.57,0,123.57,87.3399753,5.2646951719574995,3.282946300394185,1.7224321719574993,-0.25931669960581516,1.4862519163476848,0.4862519163476849,51.43002248000005,72.08899071809668,215.47222201000005,-5.832138448809886,5.6537263987045066,0.17841205010537564,168,168,0
3930,07051-1-02,18 a 29,Hombres,Quintil bajo,Norte,Trabajadores moviles,Movilidad mixta,86.95,55.887535730535134,14.06,44.15786900498328,10,10.964595264481584,56.989999999999995,1.835786,16.247797416233794,72.86,66.2337662337662,6.626233766233796,9.62156365,4.63078211437715,17.615541768969855,2.7949961143771507,15.779755768969855,2.522506498239528,1.5225064982395284,143.3737952837662,86.34975825238237,187.5428064437662,31.06246426946487,-30.09786900498328,-0.9645952644815843,168,168,0
3932,07055-1-01,30 a 44,Hombres,Quintil alto,Centro,Trabajadores moviles,Motorizados privados,51.25,63.069357893356596,56.39,39.4299981920497,4.65,9.790643914593705,55.71,12.073592,363.86161250000004,345.09000000000003,0,345.09000000000003,18.7716125,23.87999017915386,12.345087017321921,11.806398179153861,0.2714950173219215,1.9778695668326263,0.9778695668326263,254.9099774999999,397.61208240636694,991.8820331799998,-11.819357893356596,16.9600018079503,-5.140643914593705,168,168,0
3939,07063-1-01,45 a 59,Hombres,Quintil bajo,Centro,Trabajadores moviles,Motorizados privados,68.22,65.37273659447887,29.82,34.909162980266274,10.91,8.668100425254847,59.05000000000001,3.997916,159.00784683999998,98.77,0,98.77,60.237846839999996,6.942828329855425,8.25434104612526,2.944912329855425,4.25642504612526,1.736611857241479,0.7366118572414792,113.72998268,102.3468627548526,276.56510135999997,2.847263405521133,-5.0891629802662735,2.241899574745153,168,168,0
3944,07073-1-01,18 a 29,Mujeres,Quintil bajo,Sur,Trabajadores moviles,Usuarios publicos,54.37,61.7254918416398,43.35,33.82548884139027,6.23,8.39901931696993,64.05,4.697473,170.74162956000004,177.84000000000003,75,102.84000000000003,67.90162956,8.345991835460403,5.047699259262211,3.6485188354604032,0.35022625926221185,1.7766982025145017,0.7766982025145016,84.65997744999993,119.21220177782317,317.5606887899999,-7.355491841639804,9.524511158609734,-2.16901931696993,168,168,0
3946,07074-1-02,45 a 59,Hombres,Quintil bajo,Norte,Trabajadores moviles,Movilidad mixta,53.91,55.08522646722743,45.72,42.2931870827001,8.25,10.501586450072462,60.120000000000005,3.158026,35.8152166058491,75,59.4339622641509,15.5660377358491,20.24917887,7.735122919985613,7.3634007233550784,4.577096919985612,4.205374723355078,2.4493537798566614,1.4493537798566611,134.43396505415086,138.14536079354326,304.8726282741509,-1.1752264672274322,3.4268129172998982,-2.2515864500724625,168,168,0
3947,07077-1-04,30 a 44,Hombres,Quintil medio,Centro,Trabajadores moviles,Movilidad mixta,64.2,63.4756909280453,33.96,39.88154426036363,15.1,9.902764811591055,54.74,3.312938,100.96314519148939,104.22999999999999,65.9574468085106,38.27255319148939,62.690591999999995,6.491727803434142,6.732157745063735,3.1787898034341424,3.419219745063735,1.9595077853657819,0.9595077853657819,111.72747440851063,109.32788336028716,274.2602126885106,0.7243090719546998,-5.921544260363632,5.1972351884089445,168,168,0
3957,07099-1-01,30 a 44,Hombres,Quintil bajo,Centro,Trabajadores moviles,Usuarios publicos,76.48,76.03460861775979,23.17,25.47887372094844,8.19,6.326517661291778,60.16,3.109535,190.27725304,89.96000000000001,0,89.96000000000001,100.31725303999998,4.289829976448538,4.4813082772385355,1.180294976448538,1.3717732772385354,1.3795728224472592,0.37957282244725915,47.53998376000001,46.15502366822568,145.05500136,0.4453913822402171,-2.308873720948437,1.8634823387082218,168,168,0
3962,07104-1-01,60 o mas,Hombres,Quintil medio,Sur,Trabajadores moviles,Motorizados privados,45.57,58.57513154296095,52.63,40.56291600970902,11.01,10.071952447330018,58.79000000000001,11.078302,234.24822975,229.41,0,229.41,4.838229750000001,24.20857889303759,12.569077534943299,13.130276893037589,1.4907755349432978,2.185224675499692,1.185224675499692,270.58999239,414.6647671726475,975.6131316699998,-13.005131542960953,12.067083990290982,0.9380475526699819,168.00000000000003,168,0
3972,07136-1-01,45 a 59,Mujeres,Quintil medio,Centro,Trabajadores moviles,Usuarios publicos,62.95,62.52884773518414,32.59,36.61859281016827,12.7,9.092559454647589,59.75999999999999,7.60831,255.4331246,201.49,0,201.49,53.9431246,14.247067294150824,14.588695648304896,6.638757294150824,6.980385648304895,1.8725666138933381,0.8725666138933381,223.50998990000002,220.3057329120788,568.0903498,0.4211522648158663,-4.02859281016827,3.6074405453524108,168,168,0
3974,07138-1-01,18 a 29,Hombres,Quintil bajo,Centro,Trabajadores moviles,Movilidad mixta,61.97,64.76768331146732,32.39,42.55557752473167,23.53,10.566739163801014,50.11,3.697936,103.72118201625992,86.08,33.2699210337401,52.8100789662599,50.91110305000001,7.55611302191527,6.63117399384584,3.8581770219152705,2.93323799384584,2.0433325568412406,1.0433325568412408,125.43991190374007,135.7855657378143,332.22849302374004,-2.797683311467324,-10.165577524731667,12.963260836198987,168,168,0
3975,07140-1-01,30 a 44,Hombres,Quintil medio,Centro,Trabajadores moviles,Movilidad mixta,60.04,69.59490069956486,48.63,38.58441696516835,9.09,9.58068233526678,50.24000000000001,5.738535,232.44161763999998,137.89999999999998,0,137.89999999999998,94.54161764,10.245349693746135,5.741180856190546,4.5068146937461355,0.0026458561905462474,1.7853597989288443,0.7853597989288443,112.10002376000003,166.93115584597743,443.32826395999996,-9.554900699564861,10.045583034831651,-0.4906823352667793,168,168,0
3982,07154-1-01,30 a 44,Mujeres,Quintil alto,Centro,Trabajadores moviles,Motorizados privados,66.71,66.38601802734868,40.85,38.783793545714666,7.24,9.630188426936646,53.2,14.185706,507.11844381000003,435.79,0,435.79,71.32844381000001,26.537184504829785,26.9984786006873,12.351478504829785,12.8127726006873,1.8706988925915837,0.8706988925915837,439.2100034499998,434.61409043666833,1121.40060499,0.32398197265131046,2.066206454285336,-2.3901884269366462,168,168,0
4014,07210-1-02,30 a 44,Hombres,Quintil bajo,Norte,Trabajadores moviles,Movilidad mixta,91.33,70.6396387713259,14.47,33.33350394865545,6.45,8.276857280018648,55.75,2.730848,131.6783136,107.27,0,107.27,24.4083136,4.349797442393783,16.63594347046546,1.6189494423937827,13.90509547046546,1.5928376249405982,0.5928376249405982,117.73003423999998,61.22780265939781,174.8593744,20.690361228674092,-18.86350394865545,-1.8268572800186478,168,168,0
4019,07225-1-03,18 a 29,Mujeres,Quintil bajo,Centro,Trabajadores moviles,Movilidad mixta,67.89,74.23237190499272,45.76,37.90551911524932,7.9,9.41210897975796,46.45,2.539055,120.95644036000002,48.580000000000005,0,48.580000000000005,72.37644036,4.218467338560267,2.8327175949447487,1.6794123385602675,0.2936625949447489,1.6614320440322354,0.6614320440322354,51.420003589999965,67.52363468723127,187.66569488999997,-6.342371904992717,7.854480884750679,-1.5121089797579597,168,168,0
4030,07259-1-02,45 a 59,Hombres,Quintil medio,Centro,Trabajadores moviles,Motorizados privados,68.58,61.96117115168159,25.87,31.057190356944858,6.28,7.711638491373563,67.27,4.71902,188.41041281999998,114.77999999999999,0,114.77999999999999,73.63041281999999,7.928888983982731,12.433165996587608,3.20986898398273,7.714145996587607,1.6801982157275726,0.6801982157275727,135.21997878000002,103.98559306820852,286.9364717800001,6.618828848318408,-5.187190356944857,-1.4316384913735627,168,168,0
4035,07266-1-02,18 a 29,Mujeres,Quintil bajo,Norte,Trabajadores moviles,Motorizados privados,76.25,70.90944077373958,25.4,30.265500778280366,7.04,7.515058447980063,59.309999999999995,2.912396,150.0448028846154,62.59,9.61538461538461,52.97461538461539,97.0701875,4.418586043160969,6.563366130421248,1.5061900431609692,3.650970130421248,1.5171652629522114,0.5171652629522115,72.02539211538462,56.471568787060676,166.5035183553846,5.3405592262604245,-4.865500778280367,-0.4750584479800626,168,168,0
4070,07339-1-01,45 a 59,Hombres,Quintil alto,Sur,Trabajadores moviles,Motorizados privados,75.19,65.40365511630995,35.3,43.00741296944478,8.6,10.67893191424527,48.910000000000004,25.54489,710.6493020480644,673.8,58.8709677419355,614.9290322580645,95.72026979,52.86465159636941,81.48321764953248,27.319761596369414,55.93832764953248,2.069480494782691,1.069480494782691,1210.0709770519352,960.0798734960102,2331.4916480519355,9.786344883690049,-7.707412969444782,-2.0789319142452705,168,168,0
4075,07352-1-01,60 o mas,Hombres,Quintil alto,Centro,Trabajadores moviles,Usuarios publicos,52.34,52.74849913193278,41.07,44.25322763231505,14.58,10.98827323575215,60.010000000000005,2.653662,1.2896904487028973,94.50999999999999,107.1129707112971,-12.602970711297104,13.892661160000001,7.421507344179288,7.3094468435049516,4.767845344179287,4.655784843504952,2.7967040806927512,1.796704080692751,137.60297863129713,138.68699725474013,285.2792689312971,-0.4084991319327784,-3.1832276323150523,3.5917267642478503,168,168,0
4085,07362-1-04,18 a 29,Hombres,Quintil medio,Centro,Trabajadores moviles,Movilidad mixta,57.05,63.772369730529014,51.53,40.74937838505725,6.06,10.118251884413732,53.36,3.789485,111.69011995,83,0,83,28.690119950000003,7.55332008387266,5.364028230218608,3.76383508387266,1.574543230218608,1.9932312923451763,0.9932312923451763,104.49999929999998,129.97431855829376,322.73644045000003,-6.722369730529017,10.780621614942753,-4.058251884413733,168,168,0
4089,07366-1-02,18 a 29,Mujeres,Quintil bajo,Centro,Trabajadores moviles,Usuarios publicos,55.13,60.80928177553593,48.19,41.024221557882605,8.7,10.186496666581458,55.980000000000004,3.770105,91.8781090322222,136.81,77.7777777777778,59.0322222222222,32.845886809999996,7.9301641623808,6.025918506488733,4.1600591623808,2.2558135064887326,2.1034332365758512,1.1034332365758512,115.96777961777781,137.3792682361347,330.4490530677778,-5.679281775535927,7.165778442117393,-1.4864966665814592,168,168,0
4092,07375-1-01,30 a 44,Hombres,Quintil bajo,Norte,Trabajadores moviles,Movilidad mixta,52.36,61.803963282917806,49.11,37.103157656103946,6.65,9.21287906097825,59.88,3.640079,117.09455379999999,83.99999999999999,0,83.99999999999999,33.0945538,6.885228070259051,3.896604405765452,3.2451490702590506,0.2565254057654518,1.8915051212512286,0.8915051212512285,73.49998264000003,107.8767550629202,276.47078768000006,-9.443963282917807,12.006842343896054,-2.562879060978249,168,168,0
4095,07380-1-01,30 a 44,Mujeres,Quintil medio,Sur,Trabajadores moviles,Usuarios publicos,75.72,65.10730236722554,36.08,39.51175350930293,2.63,9.810944123471533,53.57,2.555908,85.816524254737,130.77,129.736842105263,1.033157894737002,84.78336636,4.8302055694987525,8.225877478712318,2.2742975694987524,5.669969478712318,1.8898198094370973,0.8898198094370973,107.71682950526301,80.5917507240737,206.656028185263,10.612697632774456,-3.431753509302929,-7.180944123471533,168,168,0
4098,07382-1-01,30 a 44,Hombres,Quintil medio,Centro,Trabajadores moviles,Movilidad activa,67.35,68.71326874824567,39.55,36.11837748663085,6.9,8.96835376512347,54.20000000000001,3.890705,165.60898314999997,103.57,0,103.57,62.03898314999999,6.670210452472498,6.136889280063722,2.7795054524724976,2.2461842800637215,1.7143963503972923,0.7143963503972924,96.42999860000003,101.7340751351432,277.15324584999996,-1.3632687482456731,3.431622513369149,-2.0683537651234705,168,168,0
4099,07384-1-01,30 a 44,Mujeres,Quintil bajo,Norte,Trabajadores moviles,Movilidad activa,61.16,62.29699088603853,28.49,27.840170869019076,7.4,6.912838244942392,70.95,3.117798,136.95154695659582,42.65,96.3829787234042,-53.732978723404194,190.68452568,4.8721025072728175,4.425774723555109,1.7543045072728174,1.3079767235551087,1.5626742038043573,0.5626742038043572,53.73297872340419,57.27788663391334,165.6307489434042,-1.1369908860385323,0.6498291309809225,0.48716175505760795,168,168,0
4116,07422-1-04,18 a 29,Hombres,Quintil medio,Centro,Trabajadores moviles,Movilidad mixta,51.33,60.93558062628362,52.25,38.25542676766246,5.11,9.498992606053923,59.31,2.206085,65.18834190999999,45.699999999999996,0,45.699999999999996,19.488341910000003,4.286175062577623,2.4763162379529047,2.0800900625776233,0.2702312379529048,1.9428875417663523,0.9428875417663524,48.05000113999999,69.2407284759349,174.59103674,-9.605580626283619,13.994573232337537,-4.388992606053923,168,168,0
4117,07423-1-02,30 a 44,Mujeres,Quintil alto,Centro,Trabajadores moviles,Movilidad mixta,66.24,64.64577780168733,33.91,39.33673576030299,13.6,9.767486438009666,54.25000000000001,10.851796,353.52295999999996,334.69999999999993,0,334.69999999999993,18.822960000000002,20.949904376478923,22.729322772737966,10.098108376478923,11.877526772737966,1.9305471994201626,0.9305471994201625,365.30000704,347.9998329652395,880.868835,1.5942221983126643,-5.426735760302996,3.832513561990334,168,168,0
4131,07447-1-01,18 a 29,Hombres,Quintil bajo,Sur,Trabajadores moviles,Motorizados privados,71.7,68.60559987143581,14.8,24.044134577533423,12.12,5.970265551030765,69.38,2.584292,140.7393637,86.93,21.484375,65.445625,75.2937387,3.6005523714551537,4.892570852695956,1.0162603714551537,2.3082788526959557,1.3932451795134426,0.3932451795134426,44.55437269999999,36.5575392029526,114.12351334000002,3.094400128564189,-9.244134577533423,6.149734448969234,168,168,0
4152,07487-1-01,45 a 59,Mujeres,Quintil alto,Centro,Trabajadores moviles,Motorizados privados,59.65,62.260778246611,49.17,45.29281447986489,9.98,11.246407273524124,49.19999999999999,11.218378,205.09455199322701,265.5,104.581673306773,160.91832669322702,44.176225300000006,25.79556849975313,23.193246096498036,14.577190499753131,11.974868096498037,2.299402685464256,1.2994026854642562,464.08169570677296,493.37039295143234,1127.6487544067732,-2.610778246610998,3.8771855201351144,-1.2664072735241234,168,168,0
4155,07497-1-01,30 a 44,Hombres,Quintil alto,Centro,Trabajadores moviles,Motorizados privados,65.3,61.22938786867325,28.78,33.48591140265364,8.95,8.314700728673104,64.97,8.364617,300.6525347230769,302.52,48.0769230769231,254.4430769230769,46.2094578,14.957729750837546,19.239212016880437,6.593112750837545,10.874595016880436,1.7882145411843178,0.7882145411843177,245.55695537692316,211.50784394282118,561.1539547869232,4.070612131326747,-4.705911402653641,0.635299271326895,168,168,0
4170,07528-1-02,45 a 59,Hombres,Quintil alto,Centro,Trabajadores moviles,Motorizados privados,75.73,55.01366235707033,16.1,35.54929066629011,7.56,8.827046976639572,68.60999999999999,14.213032,343.69961830666705,430.68,163.333333333333,267.34666666666703,76.35295164,29.191336947864016,91.53888384728927,14.978304947864016,77.32585184728927,2.0538430468505253,1.0538430468505253,732.653295053333,438.21132521156903,1068.933632173333,20.716337642929673,-19.44929066629011,-1.2670469766395724,168,168,0
4172,07531-1-01,45 a 59,Hombres,Quintil medio,Centro,Trabajadores moviles,Movilidad mixta,61.09,62.45104526153136,32.9,32.46720367038426,8.99,8.061751068084385,65.02,3.406701,133.13535432,61.77,0,61.77,71.36535432,5.807116358467338,5.291234120556018,2.4004153584673382,1.8845331205560178,1.704615802345829,0.7046158023458291,74.98000977000001,79.61668402350415,217.68671465999998,-1.361045261531359,0.43279632961574066,0.9282489319156149,168,168,0
4189,07558-1-01,18 a 29,Mujeres,Quintil bajo,Sur,Trabajadores moviles,Movilidad mixta,13.97,28.014451931058684,23.98,16.77919846515726,11.01,4.166349603784047,119.04,3.132582,43.76217054000001,0,0,0,43.76217054000001,6.209224482328487,0,3.076642482328487,-3.132582,1.9821426804880085,0.9821426804880086,0,43.99539731909967,109.60904417999998,-14.044451931058683,7.200801534842739,6.843650396215953,168,168,0
4190,07560-1-01,45 a 59,Hombres,Quintil alto,Centro,Trabajadores moviles,Motorizados privados,71.98,64.80005198773249,36.2,41.75259338228042,8.74,10.367354629987094,51.07999999999999,8.240401,240.03784397180337,306.32000000000005,84.4262295081967,221.89377049180337,18.144073480000003,16.671604647858928,23.22705485016756,8.431203647858927,14.986653850167558,2.0231545343313906,1.0231545343313908,353.1062200081967,293.9405692279595,723.4298409481968,7.179948012267516,-5.5525933822804205,-1.627354629987094,168,168,0
4206,07587-1-03,18 a 29,Hombres,Quintil medio,Norte,Trabajadores moviles,Movilidad mixta,58.57,67.80334825627835,44.68,44.00100620909965,19.48,10.925645534622,45.269999999999996,2.637091,80.61225535131038,43.78,5.12215435868962,38.65784564131038,41.95440971,5.28459762163466,3.402216207333154,2.64750662163466,0.765125207333154,2.0039496633353417,1.003949663335342,73.8421645186896,98.19134410518694,243.0379230786896,-9.233348256278354,0.6789937909003498,8.554354465378001,168,168,0
4209,07589-1-02,45 a 59,Hombres,Quintil bajo,Centro,Trabajadores moviles,Motorizados privados,64.16,59.43453322806583,32.3,35.98117980206916,7.89,8.934286969865004,63.650000000000006,2.69767,82.652483,47.07,25,22.07,60.582483,5.112671156823292,6.651452387947722,2.415001156823292,3.953782387947722,1.8952174123681889,0.8952174123681887,90.43002419999998,77.68227425335634,198.8493815,4.725466771934165,-3.6811798020691597,-1.0442869698650048,168,168,0
4214,07605-1-01,30 a 44,Hombres,Quintil bajo,Centro,Trabajadores moviles,Usuarios publicos,50.45,63.23127983433501,49.71,34.702047448168855,6.39,8.61667271749613,61.45,2.941209,110.163988,76.78,0,76.78,33.383988,5.173525526667326,2.0139548776477887,2.232316526667326,-0.9272541223522115,1.7589792247566651,0.758979224756665,38.22000605000001,75.81242133026466,203.22183094999997,-12.78127983433501,15.007952551831146,-2.22667271749613,168,168,0
4217,07610-1-05,18 a 29,Hombres,Quintil medio,Centro,Trabajadores moviles,Motorizados privados,59.86,64.33487993332824,50.01,42.437660279335375,7.44,10.53745978733638,50.690000000000005,3.154144,87.2491370745206,106.49,58.0479452054794,48.442054794520594,38.80708228,6.454749782774272,5.225713816827469,3.3006057827742716,2.0715698168274685,2.0464347166059227,1.0464347166059227,101.55792276547939,115.67233845790707,282.7634955654794,-4.474879933328239,7.572339720664623,-3.097459787336379,168,168,0
4223,07618-1-02,30 a 44,Hombres,Quintil alto,Centro,Trabajadores moviles,Motorizados privados,65.38,65.19489558306067,35.11,36.34137850673494,10.07,9.023725910204384,57.440000000000005,7.830006,293.72581204000005,231.8,0,231.8,61.92581204000001,14.124083046761449,14.276781936410025,6.294077046761449,6.446775936410025,1.8038406415986716,0.8038406415986716,218.1999802399999,216.7506115447385,571.9596513199999,0.18510441693932478,-1.2313785067349414,1.0462740897956166,168,168,0
4230,07631-1-02,30 a 44,Mujeres,Quintil alto,Centro,Trabajadores moviles,Motorizados privados,81.1,66.76410836567557,23.33,36.70249811846171,8.15,9.11339351586271,55.42000000000001,8.428253,329.4246260333333,268.81,47.9166666666667,220.89333333333332,108.5312927,15.051629765006977,33.25226682219018,6.623376765006977,24.82401382219018,1.7858540512496455,0.7858540512496454,354.10669226666664,233.28017059199692,619.4280967066666,14.335891634324426,-13.372498118461714,-0.9633935158627089,168,168,0
4236,07643-1-02,18 a 29,Hombres,Quintil bajo,Centro,Trabajadores moviles,Movilidad mixta,62.11,77.02243358272052,45.74,31.90533086554572,9,7.922235551733757,51.15,2.254661,128.77699073,76.24,0,76.24,52.53699072999999,3.331309499054222,0.6080728273793522,1.076648499054222,-1.646588172620648,1.4775212322625095,0.47752123226250953,11.260003979999993,44.88248639405023,134.68014712,-14.912433582720524,13.83466913445428,1.077764448266243,168,168,0
4240,07645-1-04,30 a 44,Hombres,Quintil alto,Norte,Trabajadores moviles,Motorizados privados,56.02,51.80098807094176,27.02,30.50458724745387,6.84,7.574424681604371,78.11999999999999,8.376581,228.51382204090228,270.15999999999997,60.9022556390977,209.25774436090228,19.25607768,15.94554874627256,21.017797297093573,7.568967746272561,12.641216297093573,1.9035867672350522,0.9035867672350523,240.74224557909773,205.4013504153751,524.3732782390978,4.21901192905824,-3.48458724745387,-0.7344246816043709,168,168,0
4249,07658-1-01,45 a 59,Hombres,Quintil bajo,Centro,Trabajadores moviles,Movilidad mixta,75.69,70.36682661380496,33.86,36.323809851276856,6.16,9.019363534918176,52.290000000000006,1.878235,84.41357827,42.25,0,42.25,42.16357827,3.113151183153726,4.2657653995119285,1.234916183153726,2.3875303995119284,1.657487579112159,0.657487579112159,57.75002887999999,47.75185831497997,132.91699358,5.323173386195037,-2.4638098512768565,-2.8593635349181756,168,168,0
4254,07669-1-01,45 a 59,Mujeres,Quintil bajo,Norte,Trabajadores moviles,Movilidad mixta,92.68,81.52967973142826,35.22,41.087989690944525,4.92,10.202330577627226,35.17999999999999,1.703827,90.98066152000001,63.07000000000001,0,63.07000000000001,27.91066152,2.7625506343625927,4.929075425501518,1.0587236343625928,3.2252484255015177,1.621379772924477,0.621379772924477,66.93002483999999,47.93180810776019,135.32164061999998,11.150320268571747,-5.867989690944526,-5.282330577627226,168,168,0
4258,07672-1-01,45 a 59,Hombres,Quintil alto,Centro,Trabajadores moviles,Motorizados privados,64.61,63.80865263454016,50.85,47.04088612737323,7.07,11.680461238086622,45.47,11.843613,206.78011164428602,405.85,214.285714285714,191.56428571428603,15.21582593,27.634688252271154,28.501419202188988,15.791075252271154,16.657806202188986,2.3332988212525314,1.3332988212525312,558.4357242857138,548.9448762106381,1244.417789245714,0.80134736545984,3.8091138726267744,-4.6104612380866214,168,168,0
4260,07679-1-01,45 a 59,Hombres,Quintil bajo,Norte,Trabajadores moviles,Movilidad mixta,88.98,71.9962262177327,13.01,32.83155312433563,10.99,8.152220657931686,55.01999999999999,3.257648,163.55551911999999,148.69,0,148.69,14.86551912,5.119921368880087,15.557805543984754,1.862273368880087,12.300157543984755,1.5716619379626304,0.5716619379626304,126.30999992000005,70.98284322574452,204.49355192000007,16.983773782267306,-19.82155312433563,2.8377793420683144,168,168,0
4266,07691-1-01,30 a 44,Mujeres,Quintil bajo,Sur,Trabajadores moviles,Motorizados privados,96.04,90.4245121574971,16.84,22.87541945437189,6.1,5.680068388131016,49.01999999999999,4.381031,341.60425752000003,163.35000000000002,10,153.35000000000002,188.25425751999998,5.64694747302943,10.199505827585938,1.2659164730294297,5.818474827585938,1.2889540094624825,0.2889540094624826,79.14995972000003,54.54833340187167,179.6508108600001,5.615487842502901,-6.03541945437189,0.419931611868984,168,168,0
4274,07706-1-01,18 a 29,Hombres,Quintil bajo,Norte,Trabajadores moviles,Movilidad mixta,53.75,59.77716238901907,48.73,42.13942978240246,9.9,10.463407828578461,55.62000000000001,3.375009,69.54673125,128.14,70,58.139999999999986,11.40673125,7.429332765698817,5.639969771817824,4.0543237656988165,2.2649607718178237,2.201277912354846,1.201277912354846,111.86000250000001,132.20172980740085,309.73678017,-6.027162389019068,6.590570217597538,-0.5634078285784607,168,168,0
4277,07714-1-02,30 a 44,Hombres,Quintil alto,Centro,Trabajadores moviles,Motorizados privados,51.52,55.785313483203616,35.57,32.80024083865858,9.64,8.144445678137801,71.27,7.691042,227.62251207999998,206.38,0,206.38,21.242512079999997,14.542429635297406,11.025450683649701,6.851387635297406,3.334408683649701,1.8908269692581845,0.8908269692581844,168.61997176000006,201.42467690248537,516.33198058,-4.265313483203613,2.769759161341419,1.4955543218621994,168,168,0
4282,07721-1-01,45 a 59,Mujeres,Quintil medio,Centro,Trabajadores moviles,Usuarios publicos,66.81,62.44608019736016,16.76,24.900912486358642,9.96,6.183007316281197,74.47,3.012744,141.21144059,74.92999999999999,0,74.92999999999999,66.28144058999999,4.462397498570159,6.645733521705865,1.4496534985701586,3.632989521705865,1.4811738065265945,0.4811738065265945,60.06998605000001,46.92261284811565,140.57050573000004,4.363919802639842,-8.14091248635864,3.776992683718804,168,168,0
4290,07742-1-02,18 a 29,Mujeres,Quintil alto,Norte,Trabajadores moviles,Movilidad mixta,54.94,54.284123480135875,37.22,34.25917179638064,4.89,8.506704723483484,70.95,11.484444,289.27533686000004,258.32000000000005,0,258.32000000000005,30.955336859999996,23.097387764679237,23.985909116325782,11.612943764679237,12.501465116325782,2.0111890279302367,1.0111890279302365,341.68001649999997,334.14763933670554,825.2899533399999,0.6558765198641225,2.960828203619357,-3.616704723483484,168,168,0
4293,07744-1-01,30 a 44,Hombres,Quintil bajo,Centro,Trabajadores moviles,Usuarios publicos,54.03,60.133535400345224,36.86,31.455839702741255,8.51,7.810624896913526,68.6,3.57266,133.39080926,102.86,0,102.86,30.530809259999998,6.1315333881279015,3.8858924646551802,2.5588733881279015,0.3132324646551803,1.7162375899547961,0.716237589954796,59.64001053999999,81.44586732339738,221.73159474000002,-6.103535400345223,5.404160297258745,0.6993751030864734,168,168,0
4316,07794-1-01,30 a 44,Hombres,Quintil medio,Sur,Trabajadores moviles,Movilidad mixta,58.43,58.93850907431505,33.82,35.104810380754145,10.51,8.716680544930806,65.24,9.67011,296.58451575999993,256.55999999999995,0,256.55999999999995,40.02451576,18.44019258739922,17.900755607125433,8.770082587399221,8.230645607125433,1.9069268692289147,0.9069268692289149,268.44001154,273.3573502246247,697.11598784,-0.5085090743150502,-1.2848103807541449,1.7933194550691933,168,168,0
4323,07812-1-03,45 a 59,Hombres,Quintil bajo,Centro,Trabajadores moviles,Motorizados privados,58.51,59.69484420879261,31.38,30.22111782733792,7.53,7.504037963869465,70.58000000000001,2.515733,96.74556996000001,62.050000000000004,0,62.050000000000004,34.69556996,4.186796251893734,3.832847226021714,1.6710632518937336,1.317114226021714,1.6642450736599368,0.6642450736599367,50.449967869999995,53.430719545918436,148.33713889999996,-1.1848442087926117,1.1588821726620786,0.025962036130534827,168,168,0
4344,07858-1-01,30 a 44,Hombres,Quintil bajo,Centro,Trabajadores moviles,Motorizados privados,59.33,69.41577662435506,48.14,38.03096550050875,9.42,9.44325787513619,51.11,2.408524,99.83774346,56.94,0,56.94,42.89774346,4.19385408437166,2.21143887287179,1.78533008437166,-0.1970851271282097,1.7412548450302592,0.7412548450302592,43.05998545999999,67.35182051839816,181.6946269,-10.085776624355063,10.109034499491251,-0.023257875136190265,168,168,0
4352,07870-1-02,30 a 44,Hombres,Quintil bajo,Centro,Trabajadores moviles,Movilidad mixta,57.84,61.46475113420852,34.16,33.529680160007445,11.32,8.325568705784038,64.68,3.905298,142.41244508,104.03,0,104.03,38.38244508,6.895030436241324,5.425399933415575,2.989732436241324,1.5201019334155745,1.765558079368418,0.7655580793684179,83.46999124000001,97.62572459492227,261.08294428,-3.624751134208516,0.630319839992552,2.9944312942159623,168,168,0
4369,07906-1-01,45 a 59,Hombres,Quintil medio,Centro,Trabajadores moviles,Movilidad mixta,49.48,51.771995581255716,33.34,33.37167027111546,10.61,8.286334147628825,74.57000000000001,4.64076,107.05478096,102.43,0,102.43,4.62478096,9.452554931275138,8.244175663514103,4.811794931275138,3.6034156635141024,2.0368549399829203,1.0368549399829203,122.57002383999999,133.20662525366828,326.53142584,-2.291995581255719,-0.03167027111545906,2.3236658523711746,168,168,0
4372,07912-1-01,30 a 44,Mujeres,Quintil medio,Centro,Trabajadores moviles,Motorizados privados,46.18,51.69775555382887,33.27,32.16542609275668,12.4,7.986818353414467,76.14999999999998,9.65456,238.01758109999997,217.17,0,217.17,20.8475811,19.223009868153238,13.45237828140649,9.568449868153238,3.7978182814064905,1.9910808849034278,0.9910808849034277,207.82999970000003,261.10150175977407,648.7537549000003,-5.51775555382887,1.1045739072433207,4.413181646585533,168,168,0
4378,07918-1-04,18 a 29,Mujeres,Quintil bajo,Norte,Trabajadores moviles,Movilidad mixta,76.8,58.36439140259689,23.39,36.518021457027814,3.76,9.067587140375313,64.05,1.166003,34.1123733333333,48.730000000000004,29.1666666666667,19.563333333333304,14.54904,2.2009726960551026,6.035997420696697,1.0349696960551027,4.869994420696697,1.8876218123410513,0.8876218123410512,55.43665706666669,33.940682135268865,87.09363851666669,18.43560859740311,-13.128021457027813,-5.307587140375313,168,168,0
4391,07942-1-01,30 a 44,Hombres,Quintil bajo,Norte,Trabajadores moviles,Usuarios publicos,65.55,66.20924263558513,28.3,27.774280092363043,7.03,6.896477272051825,67.12,3.631777,175.69295635,112.63,0,112.63,63.06295635000001,5.521967495601124,5.2186014845204385,1.8901904956011237,1.5868244845204384,1.5204588540543993,0.5204588540543992,62.370025999999996,64.76424824133744,190.68070741,-0.6592426355851302,0.5257199076369581,0.13352272794817566,168,168,0
4395,07953-1-04,30 a 44,Hombres,Quintil medio,Centro,Trabajadores moviles,Usuarios publicos,53.55,55.984328821221744,38.32,32.120106004770285,4.21,7.975565174007973,71.92,2.60474,81.5538342,54.57,0,54.57,26.9838342,4.738468220823943,4.026520714075466,2.133728220823943,1.421780714075466,1.8191712880456181,0.819171288045618,57.929992799999994,64.27078645378914,168.709585,-2.4343288212217473,6.199893995229715,-3.765565174007973,168,168,0
4400,07961-1-02,60 o mas,Hombres,Quintil medio,Centro,Trabajadores moviles,Usuarios publicos,53.16,59.49912745049738,53.29,47.51314686892573,12.36,11.79772568057688,49.190000000000005,2.921781,22.808388939129998,110.53,113.04347826087,-2.513478260870002,25.3218672,7.527750599846032,5.966878632508641,4.6059695998460315,3.045097632508641,2.5764253377806314,1.5764253377806314,132.51348902087,151.0350311623117,324.32841167087,-6.3391274504973865,5.776853131074269,0.5622743194231195,168,168,0
4408,07976-1-01,30 a 44,Hombres,Quintil bajo,Centro,Trabajadores moviles,Usuarios publicos,62.27,65.59471032220954,42.06,36.798146294440414,7.2,9.137143383350065,56.469999999999985,4.462216,167.97216500000002,127.61000000000001,0,127.61000000000001,40.362165,8.026588367298604,6.594558295749739,3.5643723672986045,2.132342295749739,1.7987897419799053,0.7987897419799053,109.89002532,124.7256009151285,329.69878548,-3.3247103222095333,5.261853705559588,-1.9371433833500644,168,168,0
4420,07997-1-01,60 o mas,Mujeres,Quintil medio,Centro,Trabajadores moviles,Motorizados privados,62.51,54.54797254085522,36.59,39.623368770029856,4.91,9.838658689114911,63.99000000000001,7.641279,121.76636967,279.11,210,69.11000000000001,52.65636966999999,17.63377984024073,25.350674008027163,9.99250084024073,17.709395008027162,2.3077000382057418,1.3077000382057415,355.88998061999996,295.0499073990136,673.0030591199999,7.962027459144778,-3.0333687700298526,-4.928658689114911,168,168,0
4426,08010-1-01,45 a 59,Hombres,Quintil bajo,Centro,Trabajadores moviles,Usuarios publicos,54.44,65.75934231595392,53.27,41.62498803044097,10.01,10.335669653605116,50.28,2.844371,88.85757136,59.01,0,59.01,29.847571359999996,5.585968994166855,3.0827152493346457,2.7415979941668547,0.23834424933464549,1.9638679321955028,0.9638679321955028,65.98998588000002,98.18639490257216,245.98178276,-11.319342315953918,11.645011969559036,-0.32566965360511624,168,168,0
4429,08020-1-01,30 a 44,Mujeres,Quintil bajo,Sur,Trabajadores moviles,Motorizados privados,45.35,70.58407214817143,63.35,37.17516824208637,8.29,9.230759609742194,51.010000000000005,3.137266,137.3850216,120.10999999999999,0,120.10999999999999,17.2750216,5.354476823005382,0.20177826009397545,2.217210823005382,-2.9354877399060246,1.706733449763387,0.706733449763387,4.889991500000008,84.05598809200518,229.64372774,-25.23407214817143,26.17483175791363,-0.9407596097421944,168,168,0
4437,08037-1-01,30 a 44,Mujeres,Quintil medio,Norte,Trabajadores moviles,Movilidad mixta,105.01,83.6176498892786,12.92,31.06802205944376,4.47,7.71432805127765,45.599999999999994,4.871344,315.03984474,253.49999999999997,0,253.49999999999997,61.53984473999999,7.0346854965857375,33.40294769931322,2.163341496585738,28.531603699313223,1.4440954070551655,0.4440954070551655,196.49998870000002,92.29049234223794,281.21266085999997,21.39235011072141,-18.14802205944376,-3.24432805127765,168,168,0
4441,08044-1-02,30 a 44,Mujeres,Quintil bajo,Sur,Trabajadores moviles,Movilidad mixta,70.85,72.66154587981673,19.61,22.204882932596337,9.92,5.51357118758693,67.62,2.879796,173.13354945,49.1,0,49.1,124.03354945,3.8517940955078216,3.0932629388599957,0.9719980955078218,0.2134669388599959,1.337523246614629,0.3375232466146289,30.89999714999996,36.116879728512686,115.94037302999996,-1.8115458798167339,-2.594882932596338,4.40642881241307,168,168,0
4458,08083-1-01,45 a 59,Mujeres,Quintil bajo,Sur,Trabajadores moviles,Motorizados privados,59.56,68.18172029237076,45.58,35.59891162600502,7.48,8.839368081624228,55.379999999999995,3.932511,167.15036456,107.93,0,107.93,59.22036456,6.717048305839594,3.7366536554521557,2.784537305839594,-0.1958573445478442,1.708081250335878,0.708081250335878,67.06999059999998,100.97500048867118,275.72902426,-8.621720292370753,9.981088373994979,-1.3593680816242273,168,168,0
4459,08089-1-02,30 a 44,Hombres,Quintil bajo,Sur,Trabajadores moviles,Motorizados privados,54.96,60.73355217350547,43.48,36.05406350823969,7.3,8.952384318254827,62.260000000000005,3.385043,109.0310012990476,112.87,52.3809523809524,60.489047619047604,48.54195368,6.341915585519104,4.483133769256745,2.9568725855191036,1.098090769256745,1.8735110855369057,0.8735110855369056,77.0109619809524,96.55468435101187,248.9034455209524,-5.773552173505472,7.425936491760304,-1.6523843182548275,168,168,0
4461,08098-1-01,60 o mas,Mujeres,Quintil alto,Norte,Trabajadores moviles,Usuarios publicos,97.43,72.2662132978403,19.83,40.481940767583865,5.54,10.051845934575846,45.199999999999996,1.578019,67.0651240281561,61.230000000000004,35.4112397018439,25.818760298156107,41.24636373,2.747781148267758,10.100122239458738,1.1697621482677578,8.522103239458739,1.7412852115644728,0.7412852115644728,86.6812671418439,46.97233361388854,126.71560917184391,25.16378670215971,-20.651940767583866,-4.511845934575846,168,168,0
4468,08107-1-02,30 a 44,Mujeres,Quintil bajo,Sur,Trabajadores moviles,Usuarios publicos,71.4,78.46971668569806,43.49,34.567114938951896,6.73,8.583168375350047,46.379999999999995,3.066661,171.819633,77.86,0,77.86,93.959633,4.714713464661254,2.7748171448409,1.6480524646612542,-0.29184385515910005,1.5374094054286582,0.5374094054286581,47.1399624,68.82038684107948,201.14767782,-7.0697166856980544,8.922885061048106,-1.8531683753500463,168,168,0
4476,08129-1-02,60 o mas,Mujeres,Quintil bajo,Sur,Trabajadores moviles,Usuarios publicos,72.73,61.66363327377605,25.64,37.48794360324808,10.09,9.308423122975887,59.53999999999999,2.632798,83.2480430563415,63.349999999999994,66.5853658536585,-3.2353658536585073,86.48340891000001,4.996723929392741,8.954843029981316,2.3639259293927406,6.322045029981315,1.8978759211275382,0.8978759211275382,108.23535548365852,79.09984729958954,202.30522802365857,11.066366726223954,-11.847943603248076,0.7815768770241132,168,168,0
4489,08153-1-02,45 a 59,Hombres,Quintil bajo,Norte,Trabajadores moviles,Movilidad mixta,86.1,72.49536311328951,16.9,33.665374638436234,11.52,8.359262248274248,53.480000000000004,3.567887,178.0150725,170.82,0,170.82,7.1950725,5.672433648403248,13.436713166515773,2.1045466484032485,9.868826166515774,1.5898579883284556,0.5898579883284556,129.17999819999997,80.64019111218519,230.57934673999998,13.60463688671048,-16.765374638436235,3.160737751725751,168,168,0
4511,08194-1-02,30 a 44,Mujeres,Quintil bajo,Centro,Trabajadores moviles,Movilidad mixta,52.28,55.17947399487542,33.04,27.405594904847135,4.07,6.80493110027743,78.61000000000001,2.574857,92.8635096,70.75,0,70.75,22.1135096,4.252713835309425,3.325734078730575,1.677856835309425,0.750877078730575,1.651631075166281,0.651631075166281,41.75001436000001,49.21574527202294,137.30295762999998,-2.8994739948754216,5.634405095152864,-2.7349311002774295,168,168,0
4527,08220-1-01,45 a 59,Mujeres,Quintil bajo,Centro,Trabajadores moviles,Motorizados privados,99.31,69.88342712446274,12.33,40.21180328044485,8.44,9.98476959509241,47.92,2.146443,84.4554446322222,99.07000000000001,77.7777777777778,21.292222222222208,63.163222409999996,3.860020885618282,18.318514347842935,1.7135778856182817,16.172071347842934,1.7983337482608583,0.7983337482608583,128.7078096977778,65.54534833509098,173.2894308077778,29.42657287553726,-27.88180328044485,-1.5447695950924096,168,168,0
4539,08245-1-01,18 a 29,Mujeres,Quintil alto,Norte,Trabajadores moviles,Motorizados privados,80.73,70.04615209794062,17.43,30.42835261799935,9.87,7.555495284060023,59.970000000000006,4.952528,248.10756470999996,166.28999999999996,18,148.28999999999996,99.81756471000001,7.689018151801143,16.427575296335437,2.736490151801143,11.475047296335436,1.552544105111802,0.5525441051118021,151.71002073000005,98.79796484730969,286.91403513000006,10.683847902059384,-12.998352617999352,2.314504715939976,168,168,0
4540,08245-1-02,30 a 44,Hombres,Quintil alto,Norte,Trabajadores moviles,Movilidad mixta,77.08,68.30244303034492,26.1,34.63702869719447,8.36,8.60052827246062,56.459999999999994,4.917845,214.71749152000004,180.15000000000003,19.5,160.65000000000003,54.06749152,8.285211587679902,14.098609573370158,3.3673665876799017,9.180764573370158,1.6847240178736624,0.6847240178736625,164.35000107999994,121.18333642456653,333.81893977999994,8.77755696965508,-8.537028697194465,-0.24052827246062058,168,168,0
4545,08254-1-02,30 a 44,Mujeres,Quintil bajo,Sur,Trabajadores moviles,Usuarios publicos,69.67,72.42918566300156,31.08,31.555454614469124,11.07,7.835359722529316,56.18,3.278263,170.31657424999997,92.92,0,92.92,77.39657424999999,5.0374809747874245,4.073342622113991,1.7592179747874246,0.7950796221139909,1.5366311289812393,0.5366311289812393,58.080008960000015,67.12534522914851,196.25879441,-2.75918566300156,-0.4754546144691254,3.2346402774706844,168,168,0
4546,08256-1-03,30 a 44,Hombres,Quintil alto,Sur,Trabajadores moviles,Usuarios publicos,65.09,72.11173540374021,55.4,50.93169757218224,15.2,12.646567024077546,32.31,2.016594,51.2945993020207,94.62,59.5854922279793,35.0345077720207,16.26009153,4.376434603665944,3.3482650102179146,2.3598406036659436,1.3316710102179146,2.1702110606626537,1.1702110606626537,79.96550415797931,94.12549364274939,222.33704055797932,-7.021735403740209,4.468302427817761,2.553432975922453,168,168,0
4547,08261-1-01,30 a 44,Hombres,Quintil medio,Norte,Trabajadores moviles,Usuarios publicos,49.05,49.93061507351016,42.53,39.565175808527165,7.74,9.824209117962678,68.68,4.8616,32.718567774194014,120.87,101.612903225806,19.25709677419401,13.461471,12.57063979562319,12.09867591260052,7.70903979562319,7.2370759126005195,2.585700138971365,1.5857001389713654,205.74291222580598,210.024110467183,450.135544225806,-0.8806150735101639,2.964824191472836,-2.0842091179626774,168,168,0
4558,08283-1-01,30 a 44,Hombres,Quintil medio,Centro,Trabajadores moviles,Motorizados privados,53.27,64.30989152988543,59.21,43.42699297453766,6.04,10.783115495576912,49.47999999999999,5.348318,137.13488886000002,152.23000000000002,25,127.23000000000002,9.904888860000002,11.277772075466439,6.694646279901605,5.929454075466439,1.3463282799016048,2.108657726684621,1.1086577266846211,147.77001099999998,206.81486158733375,496.7477605,-11.03989152988543,15.78300702546234,-4.7431154955769115,168,168,0
4565,08292-1-01,45 a 59,Hombres,Quintil bajo,Centro,Trabajadores moviles,Usuarios publicos,68.44,70.25428441962717,44.05,41.32462692507529,9.35,10.261088655297536,46.160000000000004,2.63642,100.60658172,75.17,0,75.17,25.436581719999996,4.84875904843298,4.4192313197011,2.2123390484329795,1.7828113197011,1.8391451469921254,0.8391451469921254,79.83000308000003,84.61321880959348,220.61483108000004,-1.814284419627171,2.725373074924704,-0.9110886552975366,168,168,0
4576,08309-1-01,30 a 44,Mujeres,Quintil bajo,Sur,Trabajadores moviles,Movilidad mixta,64.06,76.07315325708402,38.57,25.367887463064257,5.11,6.29895927985172,60.260000000000005,3.226421,197.76452148000004,103.58000000000001,0,103.58000000000001,94.184521480000015,4.450908817577232,0.6036767493371286,1.2244878175772316,-2.6227442506628718,1.3795189212992451,0.379518921299245,8.920007779999992,47.67949772487424,149.85007706,-12.013153257084014,13.202112536935743,-1.1889592798517201,168,168,0
4595,08353-1-03,18 a 29,Hombres,Quintil bajo,Norte,Trabajadores moviles,Movilidad mixta,53,63.846258794691856,38.4,30.107832493630664,10.03,7.47590871167748,66.57,2.54161,110.775352,21.07,0,21.07,89.70535199999999,4.050449687881205,1.4606618154700433,1.508839687881205,-1.0809481845299567,1.5936550800009461,0.5936550800009462,23.929978000000006,51.49693781517678,147.0201503,-10.846258794691856,8.292167506369335,2.5540912883225193,168,168,0
4598,08361-1-01,45 a 59,Mujeres,Quintil bajo,Centro,Trabajadores moviles,Usuarios publicos,57.42,55.392051131026875,27.92,28.98968191812774,6.24,7.198266950845382,76.42,2.886564,99.36649460000001,46.120000000000005,0,46.120000000000005,53.246494600000005,4.944260334884916,5.744355367076909,2.057696334884916,2.857791367076909,1.7128531828446958,0.7128531828446957,66.38001028,60.52620608098144,164.98503652,2.0279488689731267,-1.0696819181277384,-0.958266950845382,168,168,0
4612,08384-1-01,30 a 44,Hombres,Quintil medio,Norte,Trabajadores moviles,Movilidad mixta,89.99,66.39690020622169,9.74,35.80304458945531,11.36,8.890055204322994,56.91000000000001,3.262327,130.83390837461542,145.31,33.0528846153846,112.2571153846154,18.57679299,5.67334929175664,22.800345958862277,2.41102229175664,19.538018958862278,1.7390498536034678,0.7390498536034678,162.74289835538457,85.77449188444714,231.57799805538457,23.593099793778308,-26.06304458945531,2.469944795677005,168,168,0
4623,08399-1-03,45 a 59,Hombres,Quintil medio,Centro,Trabajadores moviles,Usuarios publicos,54.88,53.7265135462837,33.14,36.748636558093864,11.58,9.124849895622432,68.4,2.197849,45.714584427031504,52.730000000000004,27.6333789329685,25.096621067031503,20.61796336,4.6634545219743595,4.951324624352571,2.4656055219743593,2.753475624352571,2.121826623200392,1.1218266232003924,74.90336869296851,72.3681796441546,173.1911759729685,1.1534864537163045,-3.6086365580938633,2.4551501043775676,168,168,0
4626,08401-1-01,60 o mas,Hombres,Quintil medio,Sur,Trabajadores moviles,Motorizados privados,46.71,57.56774227142558,51.58,37.8130974574821,6.48,9.389160271092338,63.22999999999999,8.515767,208.35149214999998,185.57999999999998,0,185.57999999999998,22.77149215,17.653320228797533,9.64429777036477,9.137553228797533,1.128530770364769,2.07301588087104,1.0730158808710397,189.41998442000002,281.88198774951104,683.8454164400001,-10.857742271425579,13.766902542517897,-2.909160271092338,168,168,0
4635,08410-1-01,60 o mas,Hombres,Quintil bajo,Sur,Trabajadores moviles,Movilidad mixta,59.46,67.47768820538444,46.16,36.39521743826543,7.29,9.03709435635013,55.089999999999996,3.362011,136.98517884,69.58,7.5,62.08,74.90517884,5.847881671532899,3.479868375266157,2.485870671532899,0.11785737526615714,1.739399922109981,0.7393999221099808,62.919995220000004,89.87555116107274,242.61948316999997,-8.017688205384438,9.764782561734563,-1.7470943563501296,168,168,0
4641,08419-1-01,30 a 44,Hombres,Quintil alto,Centro,Trabajadores moviles,Movilidad mixta,31.67,43.10928889545297,41.04,30.85041568407101,8.91,7.660295420476019,86.38,8.617398,112.56965650666669,172.98999999999998,83.3333333333333,89.65666666666668,22.91298984,19.87496234125606,9.489367674099613,11.257564341256062,0.8719696740996135,2.306376279853392,1.3063762798533922,160.3433381533333,258.9202434024319,590.7823682533334,-11.439288895452968,10.18958431592899,1.2497045795239812,168,168,0
4647,08431-1-01,30 a 44,Mujeres,Quintil bajo,Sur,Trabajadores moviles,Motorizados privados,87.53,98.86813249013476,7.32,4.6077441457084225,9.77,1.1441233641568125,63.38000000000001,2.215729,214.97280525000002,96.03,0,96.03,118.94280525,2.10313924651113,-3.6376423994706197,-0.11258975348887024,-5.853371399470619,0.9491861353582184,-0.050813864641781656,-21.030045880000017,4.092183084233767,16.836762729999975,-11.338132490134754,2.712255854291578,8.625876635843188,168,168,0
4649,08433-1-03,18 a 29,Hombres,Quintil alto,Centro,Trabajadores moviles,Usuarios publicos,56.17,62.73025581378603,55.5,46.230504348071875,8.77,11.479239838142094,47.56,27.164845,463.47933261000003,437.63000000000005,0,437.63000000000005,25.84933261,63.547269146046006,48.864037501485676,36.382424146046006,21.699192501485676,2.3393201450641814,1.3393201450641816,1062.37001104,1240.5783433818463,2808.2545991899997,-6.5602558137860285,9.269495651928125,-2.7092398381420946,168,168,0
4668,08470-1-01,30 a 44,Hombres,Quintil medio,Sur,Trabajadores moviles,Motorizados privados,72.3,75.41073603610656,37.27,34.494200554489524,8.9,8.56506340940392,49.53,4.658977,243.83404019999998,156.98999999999998,0,156.98999999999998,86.8440402,7.380320122497316,5.955134862748369,2.7213431224973155,1.2961578627483687,1.5841074387139742,0.5841074387139742,93.0099969,107.50284454529165,308.11496499,-3.110736036106559,2.7757994455104793,0.3349365905960795,168,168,0
4672,08481-1-01,45 a 59,Mujeres,Quintil alto,Centro,Trabajadores moviles,Motorizados privados,67.16,61.37641108891393,31.82,35.811447281065576,7.1,8.892141630020493,61.92000000000001,7.37117,244.10434228413789,254.66,80.6034482758621,174.05655172413788,70.04779056000001,13.77504248389785,19.060085854285997,6.4038724838978505,11.688915854285998,1.8687728656234832,0.8687728656234831,250.9434349158621,208.31161784213185,537.8293713158621,5.783588911086063,-3.9914472810655752,-1.7921416300204935,168,168,0
4673,08482-1-03,30 a 44,Hombres,Quintil medio,Centro,Trabajadores moviles,Usuarios publicos,58.03,65.01432954376988,48.02,39.83456964944746,8.69,9.891100806782667,53.26,3.726361,121.93074483000001,80.69,0,80.69,41.240744830000004,7.15380656252087,4.916090505843019,3.4274455625208704,1.1897295058430188,1.919783553585085,0.9197835535850849,94.30998399999999,120.33611722305184,305.63191630999995,-6.984329543769874,8.185430350552544,-1.2011008067826676,168,168,0
4676,08487-1-01,30 a 44,Mujeres,Quintil bajo,Norte,Trabajadores moviles,Motorizados privados,74.96,70.33904782132845,20.19,26.124197702664354,7.8,6.486754476007185,65.05000000000001,2.698163,147.3443084,53.839999999999996,0,53.839999999999996,93.5043084,3.8472753036819345,5.79922972226222,1.1491123036819344,3.10106672226222,1.425886910346756,0.4258869103467561,54.90999008,42.441907886739045,130.43157244999998,4.620952178671544,-5.934197702664353,1.3132455239928147,168,168,0
4686,08508-1-02,45 a 59,Hombres,Quintil alto,Centro,Trabajadores moviles,Movilidad mixta,66.6,58.83216240108735,18.02,29.061690577651554,10.49,7.216147021261085,72.89000000000001,6.422978,245.45033759999998,192.67999999999998,0,192.67999999999998,52.770337600000005,10.790911550524964,18.90422745226947,4.367933550524964,12.48124945226947,1.680048032318492,0.6800480323184922,182.31999719999996,132.42734719461126,365.4390999799998,7.767837598912642,-11.041690577651554,3.2738529787389155,168,168,0
4688,08511-1-02,30 a 44,Hombres,Quintil bajo,Norte,Trabajadores moviles,Movilidad mixta,85.4,65.49397170885278,14.21,28.691741316713248,1.7,7.1242869744339865,66.68999999999998,2.982085,139.59862982857138,188.5,53.5714285714286,134.9285714285714,4.6700584,4.598087952470344,21.38056478050107,1.6160029524703439,18.39847978050107,1.541903719199937,0.5419037191999369,115.07142917142866,55.70996079482288,162.51640152142866,19.906028291147223,-14.481741316713247,-5.424286974433986,168,168,0
4690,08517-1-01,30 a 44,Mujeres,Quintil alto,Norte,Trabajadores moviles,Usuarios publicos,71.08,61.301222116571594,15.52,31.665975366606325,14.23,7.862802516822079,67.17,8.190677,313.1816650899365,324.37,93.3816863100635,230.9883136899365,82.1933514,14.127949777306904,26.730431766714798,5.937272777306903,18.539754766714797,1.7248818110281852,0.7248818110281852,269.0116560700636,188.91684497215783,512.6842968200637,9.778777883428404,-16.145975366606326,6.367197483177922,168,168,0
4696,08525-1-02,18 a 29,Hombres,Quintil alto,Centro,Trabajadores moviles,Usuarios publicos,63.09,58.09731583569131,43.45,44.47847981083021,7.08,11.044204353478476,54.379999999999995,3.487794,42.98492349,152.94,180,-27.060000000000002,70.04492349,8.499843307432556,10.358407862878138,5.012049307432556,6.870613862878138,2.437025612015089,1.4370256120150893,177.05999997,159.64654609782914,353.29823079000005,4.992684164308692,-1.0284798108302056,-3.9642043534784754,168,168,0
4719,08567-1-01,30 a 44,Mujeres,Quintil bajo,Centro,Trabajadores moviles,Usuarios publicos,60.4,63.160585384000306,39.81,37.57049388974674,9.85,9.328920726252953,57.93999999999999,6.98626,231.50012320000002,184.53,0,184.53,46.9701232,13.2211466609847,11.338136172320278,6.234886660984701,4.351876172320278,1.8924498459812118,0.8924498459812119,190.46998079999997,209.75614804482592,537.4076524,-2.760585384000308,2.2395061102532594,0.5210792737470467,168,168,0
4724,08575-1-01,45 a 59,Mujeres,Quintil alto,Norte,Trabajadores moviles,Motorizados privados,58.76,61.112395681469835,44.45,38.20991298670812,5.6,9.487691331822043,59.190000000000005,12.929944,376.6335444,316.87,0,316.87,59.76354440000001,25.630048546112643,22.628922965339637,12.700104546112643,9.698978965339636,1.9822242498585176,0.9822242498585178,383.12996504,413.54630946724683,1030.2736622400002,-2.3523956814698366,6.240087013291884,-3.887691331822044,168,168,0
4734,08593-1-02,30 a 44,Mujeres,Quintil bajo,Centro,Trabajadores moviles,Movilidad mixta,66.74,71.05841560666113,40.52,34.02341830922207,6.27,8.448166084116803,54.47,2.9888150000000002,143.25351078,68.78,0,68.78,74.47351078000001,4.811392247090652,3.551891246027892,1.8225772470906514,0.563076246027892,1.6097992840274997,0.6097992840274996,56.22000231999999,69.12694766142289,196.06665617000004,-4.318415606661134,6.49658169077793,-2.1781660841168033,168,168,0
4765,08639-1-02,30 a 44,Mujeres,Quintil bajo,Centro,Trabajadores moviles,Usuarios publicos,68.3,73.39777024222944,34.64,34.33635908679057,13.32,8.525870670979986,51.74,2.50312,126.4230721,65.46,0,65.46,60.963072100000005,3.951885882192841,2.745320904937679,1.4487658821928409,0.24220090493767898,1.578784030407188,0.5787840304071882,44.54002390000001,57.30035454872937,164.58965909999995,-5.097770242229444,0.30364091320942777,4.794129329020015,168,168,0
4769,08645-1-02,30 a 44,Mujeres,Quintil alto,Centro,Trabajadores moviles,Movilidad mixta,65.22,58.86807698432609,22.63,34.264015563317514,13.79,8.50790745235639,66.36000000000001,8.646509,274.7353278,210.81,0,210.81,63.9253278,16.19109027393133,23.472814106341982,7.54458127393133,14.826305106341982,1.8725580779400484,0.8725580779400484,289.18998917999994,234.26802965766836,604.0958469599998,6.351923015673911,-11.634015563317515,5.282092547643609,168,168,0
4774,08653-1-02,45 a 59,Mujeres,Quintil bajo,Centro,Trabajadores moviles,Motorizados privados,71.1,64.73002935227854,18.03,25.33033565005122,7.22,6.2896349976702375,71.65,3.777275,184.70428779999997,91.14,0,91.14,93.56428779999999,5.590531488433955,9.817821653406433,1.813256488433955,6.040546653406434,1.4800435468516207,0.48004354685162054,83.85996469999998,59.79883382162794,179.23615845,6.369970647721459,-7.30033565005122,0.9303650023297623,168,168,0
4801,08695-1-01,30 a 44,Mujeres,Quintil bajo,Norte,Trabajadores moviles,Motorizados privados,67.31,65.94148575718133,33.7,35.3187191893594,9.02,8.769795053459273,57.97,4.723532,188.58091072,120.64,0,120.64,67.94091071999999,8.240118348720346,8.951394621110815,3.516586348720346,4.227862621110815,1.7444823807101013,0.7444823807101013,129.36002820000002,122.89580738159023,331.14931523999996,1.3685142428186765,-1.6187191893593962,0.2502049465407268,168,168,0
4828,08736-1-01,30 a 44,Mujeres,Quintil bajo,Centro,Trabajadores moviles,Usuarios publicos,91.68,94.00223373449951,33.79,26.53019969028722,1.65,6.587566575213272,40.879999999999995,2.583201,205.46734489945948,60.43,10.5405405405405,49.8894594594595,155.57788544,3.3347229896560644,2.6158415051061525,0.7515219896560645,0.032640505106152684,1.2909266408831774,0.2909266408831773,31.36052278054052,37.35931928573339,122.9091662205405,-2.3222337344995054,7.25980030971278,-4.937566575213273,168,168,0
4849,08782-1-01,45 a 59,Hombres,Quintil medio,Norte,Trabajadores moviles,Motorizados privados,51.28,59.929777528449094,47.16,38.86890138868951,10.01,9.65132108286139,59.550000000000004,6.255045,165.51869699999997,144.76,0,144.76,20.758696999999998,12.754432904836658,8.027074936238968,6.4993879048366585,1.772029936238968,2.0390633328515877,1.0390633328515875,155.2400106,209.34475828043787,512.8409332499999,-8.649777528449093,8.291098611310488,0.3586789171386098,168,168,0
4850,08783-1-01,30 a 44,Mujeres,Quintil bajo,Sur,Trabajadores moviles,Usuarios publicos,70.4,63.69169623246856,22.72,30.5360634138274,8.69,7.5822403537040435,66.19,4.010683,171.1020808,138.75,0,138.75,32.3520808,6.541061803266892,10.47017494792199,2.530378803266892,6.45949194792199,1.6309096987388163,0.6309096987388162,111.25000240000003,84.34512252072571,237.22555543000004,6.708303767531447,-7.8160634138274006,1.107759646295956,168,168,0
4862,08802-1-01,45 a 59,Mujeres,Quintil bajo,Norte,Trabajadores moviles,Usuarios publicos,70.35,67.31349431438528,33.71,36.030077259580054,8.23,8.946428426034656,55.71000000000001,2.643122,108.7435935,37.800000000000004,0,37.800000000000004,70.9435935,4.546531252685741,5.4414036117389415,1.9034092526857407,2.7982816117389415,1.720136737042687,0.7201367370426869,77.20003919999999,69.17418421922665,188.05257587999998,3.0365056856147135,-2.320077259580053,-0.7164284260346552,168,168,0
4865,08810-1-03,18 a 29,Hombres,Quintil alto,Centro,Trabajadores moviles,Usuarios publicos,60.97,79.52303791752823,82.26,51.98808849419707,1.19,12.9088735882747,23.579999999999995,4.812461,168.97572198999998,120.55999999999999,0,120.55999999999999,48.41572199,9.735413960147998,4.408142193528053,4.922952960147998,-0.40431880647194696,2.0229595544042844,1.0229595544042847,124.44002517999999,213.72579658962584,526.03989563,-18.55303791752823,30.271911505802933,-11.7188735882747,168,167.99999999999997,-2.842170943040401e-14
4866,08810-1-04,45 a 59,Hombres,Quintil alto,Centro,Trabajadores moviles,Movilidad mixta,54.42,63.69327412544958,58.86,40.227947578459734,0.63,9.988778296090693,54.089999999999996,4.695088,141.22666999999998,110.71999999999998,0,110.71999999999998,30.50667,9.29035578734358,5.6786902547631595,4.59526778734358,0.9836022547631593,1.9787394373318625,0.9787394373318626,114.28001896000004,157.8188570271088,393.59080408,-9.273274125449575,18.632052421540266,-9.358778296090692,168,168,0
4880,08834-1-01,30 a 44,Hombres,Quintil bajo,Centro,Trabajadores moviles,Usuarios publicos,62.76,70.60156052248755,44.19,34.06095329058719,6.17,8.45748618692525,54.88000000000001,2.614265,124.02130264,74.95,0,74.95,49.07130264,4.209765056757924,2.3509224650097877,1.5955000567579236,-0.2633425349902123,1.610305403911969,0.610305403911969,40.04996876,60.549885979320905,171.70435415999998,-7.841560522487548,10.129046709412805,-2.28748618692525,168,168,0
4882,08846-1-02,18 a 29,Mujeres,Quintil alto,Norte,Trabajadores moviles,Motorizados privados,85.33,70.09473596100638,27.91,39.113266109220916,5.68,9.7119979297727,49.080000000000005,4.383489,177.9376131745455,145.94,92.0454545454545,53.894545454545494,124.04306772,7.829775163846963,17.258443422915526,3.4462861638469633,12.874954422915525,1.7861970598869903,0.7861970598869903,196.1055031954545,129.3218908684304,343.34689870545446,15.23526403899362,-11.203266109220916,-4.0319979297727,168,168,0
4900,08881-1-01,45 a 59,Hombres,Quintil medio,Norte,Trabajadores moviles,Movilidad mixta,55.45,54.76984524423312,34.82,36.74596757941949,10.37,9.1241871763474,67.35999999999999,9.208421,201.0269747,215.42000000000002,50,165.42000000000002,35.6069747,19.54736094510316,20.25127438432547,10.338939945103162,11.04285338432547,2.122770119340022,1.1227701193400217,309.57996975000003,303.3168184137463,725.70851474,0.6801547557668854,-1.925967579419492,1.2458128236525994,168,168,0
4910,08891-1-01,45 a 59,Hombres,Quintil alto,Sur,Trabajadores moviles,Motorizados privados,54.87,58.37617338155496,40.73,35.395072658915616,6.96,8.788753959529409,65.44000000000001,7.929478,233.94046878,198.85,0,198.85,35.09046878,15.318039224098175,12.468509390731034,7.388561224098176,4.539031390731035,1.9317840624689515,0.9317840624689514,201.14998907999995,228.95211377322568,579.3067948999999,-3.506173381554966,5.334927341084381,-1.8287539595294087,168,168,0
4912,08900-1-01,30 a 44,Mujeres,Quintil bajo,Sur,Trabajadores moviles,Motorizados privados,30.96,49.83885230189413,55.22,31.91621064800103,3.5,7.924937050104854,78.32,3.503126,79.26678096,45.81,0,45.81,33.456780959999996,7.072888498617075,1.4695010268944249,3.5697624986170746,-2.0336249731055753,2.019022010232311,1.019022010232311,29.189999999999998,95.32499834892516,234.89355872,-18.878852301894128,23.30378935199897,-4.424937050104854,168,168,0
4917,08912-1-01,30 a 44,Hombres,Quintil medio,Norte,Trabajadores moviles,Movilidad mixta,86.25,64.38812202546974,8.54,37.211978270917896,16.05,9.23989970361235,57.16000000000001,4.429413,157.17683449999998,150.14,0,150.14,7.0368345,8.14727745771217,27.031839139498878,3.717864457712169,22.602426139498878,1.8393582756252733,0.8393582756252733,224.86003675000006,128.02475024520203,333.77930242,21.86187797453026,-28.671978270917897,6.810100296387651,168,168,0
4933,08943-1-01,45 a 59,Mujeres,Quintil bajo,Sur,Trabajadores moviles,Movilidad mixta,69.97,71.27315791016085,32.49,33.859401987790534,11.08,8.407440102048623,54.459999999999994,3.167689,153.06322483999998,81.42,0,81.42,71.64322483999999,5.085153705264799,4.65298449246398,1.9174647052647984,1.4852954924639796,1.6053197473820184,0.6053197473820183,68.57997449000004,72.70797346727954,206.59618422000005,-1.3031579101608486,-1.369401987790532,2.672559897951377,168,168,0
4952,08983-1-01,30 a 44,Mujeres,Quintil bajo,Centro,Trabajadores moviles,Usuarios publicos,68.29,77.43666291568555,29.41,19.845589058532717,4.51,4.927748025781747,65.78999999999999,0.899492,61.42633151,0,0,0,61.42633151,0.9817391449853349,-1.989628134882859e-6,0.08224714498533492,-0.8994939896281349,1.0914373279421439,0.09143732794214393,-2.2829999991813565e-5,8.227327289355827,30.510745810000003,-9.146662915685539,9.564410941467283,-0.41774802578174697,168,168,0
4953,08988-1-01,45 a 59,Mujeres,Quintil bajo,Centro,Trabajadores moviles,Usuarios publicos,76.11,75.46549419901682,30.42,33.78543262154856,11.11,8.389073179434629,50.36,3.666245,195.11790407,83.58000000000001,0,83.58000000000001,111.53790407,5.716543960335644,5.973452365175973,2.0502989603356436,2.307207365175973,1.5592367559548377,0.5592367559548376,83.92000287999997,81.55708670967442,236.17915772999999,0.6445058009831826,-3.365432621548557,2.7209268205653707,168,168,0
4959,08994-1-01,45 a 59,Hombres,Quintil bajo,Centro,Trabajadores moviles,Movilidad mixta,62.24,66.0815272634379,41.27,37.68990235686004,9.62,9.358570379702075,54.86999999999998,3.068046,114.51521136,73.55999999999999,0,73.55999999999999,40.95521136,5.543354834138648,4.440275452658091,2.475308834138648,1.3722294526580914,1.8068030382004208,0.8068030382004208,76.43997168000001,88.22595403448162,232.57283262000007,-3.8415272634379036,3.5800976431399647,0.2614296202979247,168,168,0
4980,09021-1-03,30 a 44,Hombres,Quintil medio,Norte,Trabajadores moviles,Motorizados privados,49.83,57.19757135400913,46.4,36.443376243993804,6.46,9.04905240199705,65.31000000000002,2.315528,62.01273856,46.63,0,46.63,15.38273856,4.576562751703256,2.984640763937038,2.261034751703256,0.6691127639370378,1.9764661674154906,0.9764661674154905,53.370021679999994,70.42983944220606,175.76883175999996,-7.367571354009129,9.956623756006195,-2.5890524019970504,168,168,0
5010,09073-2-01,45 a 59,Hombres,Quintil bajo,Norte,Trabajadores moviles,Movilidad mixta,85.41,62.65932186244091,14.11,38.71705995739696,11.47,9.613618180162112,57.010000000000005,2.920843,90.96918958,86.5,0,86.5,4.46918958,5.630115881538203,18.316842137938302,2.7092728815382032,15.395999137938302,1.9275653917510127,0.9275653917510127,158.50001104999998,92.0488520666575,233.21517499,22.750678137559085,-24.607059957396963,1.856381819837889,168,168,0
5028,09096-1-04,30 a 44,Hombres,Quintil alto,Sur,Trabajadores moviles,Motorizados privados,45.5,54.777516763299964,50.28,38.82264725976435,7.46,9.639835976935688,64.76,5.870811,106.0884122391304,127.01,38.0434782608696,88.9665217391304,17.1218905,13.145088928573998,8.244441996056535,7.274277928573998,2.3736309960565354,2.2390584415975914,1.2390584415975916,161.03348826086958,215.5000357275354,500.0141154008695,-9.277516763299964,11.457352740235649,-2.1798359769356876,168,168,0
5033,09111-1-01,30 a 44,Hombres,Quintil medio,Centro,Trabajadores moviles,Motorizados privados,88.09,72.29485982783284,20.82,36.70189613217641,9.2,9.113244039990755,49.89,5.537551,255.78286974,242.98,0,242.98,12.802869739999998,9.326995106448674,22.847389014732727,3.7894441064486744,17.309838014732726,1.6843176896156216,0.6843176896156216,232.01999785,144.55360359447556,398.25727886999994,15.795140172167166,-15.881896132176408,0.0867559600092438,168,168,0
5040,09116-1-01,30 a 44,Hombres,Quintil medio,Sur,Trabajadores moviles,Motorizados privados,68.47,72.0454809286322,43.67,35.972409745542805,4.81,8.932109325824998,51.05,5.411844,252.78896587,182.24,0,182.24,70.54896586999999,9.026112251949971,7.180538335116876,3.614268251949971,1.7686943351168756,1.6678441307528398,0.6678441307528397,117.75999281,137.10993782073265,380.1261899300001,-3.575480928632203,7.697590254457197,-4.122109325824998,168,168,0
5075,09180-1-03,18 a 29,Mujeres,Quintil bajo,Centro,Trabajadores moviles,Movilidad activa,79.46,89.98262462806694,27.36,21.61922552367234,10.15,5.368149848260706,51.03000000000001,1.264348,100.46508758,0,0,0,100.46508758,1.4573103422093685,3.546396538095423e-7,0.19296234220936848,-1.2643476453603462,1.1526180625977724,0.1526180625977725,4.499999988638592e-6,13.30426390324719,47.42569798000001,-10.52262462806695,5.740774476327658,4.781850151739294,168,168,0
5099,09213-1-01,45 a 59,Hombres,Quintil bajo,Norte,Trabajadores moviles,Movilidad mixta,88.9,67.22239896456973,17.12,37.208552072197975,7.65,9.239048963232296,54.32999999999999,4.675794,183.44811839999997,167.76999999999998,0,167.76999999999998,15.6781184,8.329109373109008,27.714950160177665,3.653315373109008,23.039156160177665,1.781325133893625,0.7813251338936249,232.22996820000006,130.86997134414142,348.04938558000003,21.67760103543027,-20.088552072197974,-1.5890489632322957,168,168,0
5106,09227-1-02,18 a 29,Mujeres,Quintil bajo,Sur,Trabajadores moviles,Usuarios publicos,60.02,72.62151425013359,34.65,24.808439810315637,8.92,6.160045939550796,64.40999999999998,0.765833,45.96527042,0,0,0,45.96527042,0.9212125957351083,1.7803201878616193e-6,0.1553795957351083,-0.7658312196798122,1.2028896583656075,0.20288965836560752,2.6239999996846564e-5,9.65068170272255,33.36737005000001,-12.601514250133583,9.841560189684362,2.7599540604492043,168,168,0
5132,09275-1-01,45 a 59,Hombres,Quintil bajo,Centro,Trabajadores moviles,Motorizados privados,88.71,70.42939446811721,22.71,37.459295788675426,5.77,9.301309743207364,50.81,2.56648,111.38243133,96.21000000000001,0,96.21000000000001,15.17243133,4.385644786975825,12.070472383276929,1.8191647869758252,9.503992383276929,1.708817051750189,0.708817051750189,116.29000946999997,69.37320098453344,189.38335986999996,18.280605531882784,-14.749295788675425,-3.5313097432073643,168,168,0
5135,09277-1-02,45 a 59,Mujeres,Quintil bajo,Sur,Trabajadores moviles,Movilidad mixta,66.29,63.951499516369715,36.13,36.776685829235305,7.44,9.131814654394985,58.139999999999986,2.391383,85.77099367038758,64.94,15.1937984496124,49.746201550387596,36.024792119999994,4.324633940416841,4.936167412570419,1.933250940416841,2.544784412570419,1.8084238034713975,0.8084238034713975,72.75378539961241,67.16153509756717,176.94634270961242,2.338500483630291,-0.6466858292353024,-1.6918146543949844,168,168,0
5180,09358-1-03,18 a 29,Mujeres,Quintil alto,Centro,Trabajadores moviles,Motorizados privados,49.57,58.90600600806241,48.07,37.005390860998375,7.46,9.188603130939208,62.90000000000001,2.801343,79.27257402,65.41,0,65.41,13.862574020000002,5.487023216760689,3.1722510277863747,2.685680216760689,0.37090802778637455,1.9587116667829283,0.9587116667829284,59.58999849000001,85.7433535686436,215.14857528000005,-9.336006008062412,11.064609139001625,-1.7286031309392085,168,168,0
5205,09392-1-01,45 a 59,Mujeres,Quintil medio,Norte,Trabajadores moviles,Movilidad mixta,74.69,68.13185399849029,21.56,28.717470384992804,7.73,7.130675616516912,64.02,2.718785,135.56600372,47.49999999999999,0,47.49999999999999,88.06600372,4.095888002779411,6.812500628422183,1.377103002779411,4.093715628422183,1.506514124058876,0.5065141240588759,67.50004793,49.66985895328543,147.13326058000004,6.558146001509712,-7.157470384992806,0.5993243834830881,168,168,0
5206,09393-1-03,18 a 29,Hombres,Quintil medio,Norte,Trabajadores moviles,Usuarios publicos,53.91,53.603548197235476,26.55,29.501178080052348,9.97,7.325273722712161,77.57000000000001,1.951394,62.11962851,44.42,0,44.42,17.69962851,3.4100996076010435,3.4871208104774194,1.4587056076010434,1.5357268104774193,1.747519776939482,0.7475197769394819,43.080022029999995,42.482013820796126,114.34493091,0.30645180276452066,-2.9511780800523475,2.6447262772878393,168,168,0
5209,09400-1-01,45 a 59,Mujeres,Quintil bajo,Centro,Trabajadores moviles,Motorizados privados,72.84,61.29739012295747,21.55,34.104348473260885,9.48,8.468261403781652,64.13,5.287939,187.12348924000003,189.45000000000002,87.5,101.95000000000002,85.17348924,9.513811033537944,18.867523066259444,4.225872033537945,13.579584066259445,1.799152946646689,0.7991529466466888,198.04998751999995,137.01337058940152,362.13473468999996,11.542609877042537,-12.554348473260884,1.0117385962183487,168,168,0
5229,09428-1-01,45 a 59,Mujeres,Quintil bajo,Centro,Trabajadores moviles,Usuarios publicos,51.73,66.26770656477287,30.88,31.15609618649589,22.55,7.7361972487312265,62.84000000000002,2.621827,118.86708844,89.49,0,89.49,29.37708844,4.170957687163223,0.9272807903823969,1.5491306871632227,-1.6945462096176032,1.5908592318117185,0.5908592318117185,16.760022270000007,54.87537385959874,156.84423887999995,-14.537706564772868,-0.2760961864958915,14.813802751268774,168,168,0
5234,09435-1-01,30 a 44,Mujeres,Quintil bajo,Centro,Trabajadores moviles,Usuarios publicos,49.96,54.85544609740898,20.73,15.592793842984602,3.63,3.87176005960642,93.67999999999999,2.929597,135.11264319999998,56.25,30,26.25,108.8626432,3.886660869311743,1.3652053109273845,0.9570638693117433,-1.5643916890726153,1.326687892331861,0.32668789233186113,11.25002292000002,25.59170712063107,82.61500584000004,-4.895446097408978,5.137206157015399,-0.24176005960642,168,168,0
5289,09536-1-02,18 a 29,Mujeres,Quintil bajo,Centro,Trabajadores moviles,Movilidad activa,19.15,29.809929718387007,13.21,8.51560715273135,8.08,2.1144631288816655,127.55999999999999,2.029576,51.02638790000002,79.66000000000001,50,29.66000000000001,21.366387900000003,2.634940956298312,-1.6884182088247723,0.6053649562983119,-3.7179942088247726,1.2982716371785594,0.2982716371785594,-12.16000750000002,9.475130018125014,31.049665540000007,-10.659929718387009,4.6943928472686505,5.965536871118335,168,168,0
5294,09550-1-01,45 a 59,Hombres,Quintil bajo,Norte,Trabajadores moviles,Movilidad mixta,46.19,57.60124762413664,50.02,39.60472341205754,10.83,9.834028963805823,60.959999999999994,8.518143,181.80304614000002,163.35000000000002,0,163.35000000000002,18.45304614,18.467394662152135,10.282044829037444,9.949251662152134,1.7639018290374437,2.1680071187055834,1.1680071187055834,211.64997902999997,308.8526181008061,729.9789805800001,-11.411247624136642,10.415276587942465,0.9959710361941774,168,168,0
5312,09578-1-02,30 a 44,Mujeres,Quintil medio,Norte,Trabajadores moviles,Motorizados privados,74.36,70.37511060636386,33.99,35.98872813831127,6.95,8.936161255324876,52.699999999999996,2.925544,131.52346784,68.97999999999999,42.5,26.47999999999999,105.04346784,4.893121245706101,6.211169268603602,1.9675772457061007,3.2856252686036025,1.6725508984674649,0.6725508984674647,86.019984,74.36201474378416,205.79175536000005,3.984889393636138,-1.9987281383112645,-1.986161255324876,168,168,0
5329,09611-1-02,30 a 44,Mujeres,Quintil alto,Centro,Trabajadores moviles,Motorizados privados,77.89,80.11387296102599,43.03,39.714772417642436,8.77,9.861354621331571,38.31,4.026184,211.43945095,112.84,0,112.84,98.59945095,6.625475091429456,5.830060462769287,2.599291091429456,1.8038764627692876,1.6455966968795903,0.6455966968795902,102.16002080999996,111.11374254371546,310.7163520099999,-2.2238729610259895,3.315227582357565,-1.091354621331572,168,168,0
5331,09613-1-03,18 a 29,Hombres,Quintil bajo,Centro,Trabajadores moviles,Movilidad mixta,50.27,53.57052462562248,37.6,37.58656429502214,12.62,9.332911079355387,67.50999999999999,2.566199,48.28282582,56.779999999999994,25,31.779999999999994,16.50282582,5.619321662979485,4.7514512682808085,3.0531226629794848,2.1852522682808084,2.1897450910780827,1.1897450910780827,80.71999791000002,89.1898009037478,209.59451169000002,-3.3005246256224794,0.01343570497785862,3.287088920644612,168,168,0
5337,09622-1-02,18 a 29,Mujeres,Quintil bajo,Sur,Trabajadores moviles,Usuarios publicos,60.62,64.04341548862074,36.66,30.534686140714516,4.88,7.581898370664741,65.84,3.649394,157.40627496000002,93.68000000000002,0,93.68000000000002,63.72627495999999,5.918457920626272,4.541633459472145,2.269063920626272,0.8922394594721448,1.6217645780713927,0.6217645780713927,63.81998931999996,76.31338126367956,215.41581607999996,-3.4234154886207406,6.12531385928548,-2.7018983706647415,168,168,0
5349,09640-1-01,30 a 44,Mujeres,Quintil bajo,Sur,Trabajadores moviles,Usuarios publicos,90.42,96.75064896642711,14.09,14.058550435530142,9.79,3.4908005980427554,53.699999999999996,2.904472,261.20232748,123.58,0,123.58,137.62232748,3.336448188833646,0.17578640128478643,0.43197618883364575,-2.728685598715214,1.148727957726446,0.14872795772644587,1.4200307600000315,19.80722342481647,70.77882212000003,-6.3306489664271055,0.031449564469857805,6.299199401957244,168,168,0
5353,09647-1-01,30 a 44,Mujeres,Quintil bajo,Centro,Trabajadores moviles,Motorizados privados,68.87,68.22261863014782,35.53,35.638246311003286,8.31,8.849135058848903,55.28999999999999,5.054566,214.29796184999998,186.19,45,141.19,73.10796185,8.674035220277755,9.022769574471795,3.6194692202777548,3.9682035744717945,1.716079129301656,0.7160791293016561,133.80999857000006,130.53776670891182,355.4021720100001,0.6473813698521838,-0.10824631100328475,-0.5391350588489026,168,168,0
5356,09651-1-01,30 a 44,Hombres,Quintil medio,Centro,Trabajadores moviles,Motorizados privados,68.29,69.77329334234405,38.43,34.940760442099375,6.67,8.675946215556587,54.60999999999999,5.336763,240.63756406,201.19,0,201.19,39.447564060000005,8.927716037274537,8.115232403252026,3.590953037274537,2.778469403252026,1.6728709963838635,0.6728709963838636,123.80998121000005,131.72596623756806,364.4979925100002,-1.4832933423440409,3.489239557900625,-2.0059462155565875,168,168,0
5362,09658-1-01,45 a 59,Hombres,Quintil alto,Centro,Trabajadores moviles,Motorizados privados,50.91,57.692320427829195,38.2,34.74126817401444,11.95,8.626411398156364,66.94,10.166265,299.20456728,281.64,0,281.64,17.564567280000002,19.584283546846923,12.871345913953236,9.418018546846923,2.7050809139532372,1.92639908037484,0.9263990803748401,218.35998386999995,287.31085065422496,728.19817362,-6.782320427829198,3.4587318259855664,3.3235886018436354,168,168,0
5384,09692-1-01,18 a 29,Mujeres,Quintil bajo,Centro,Trabajadores moviles,Usuarios publicos,77.36,75.35759338659398,28.24,31.108121654367334,8.59,7.724284959038688,53.81,3.416917,190.21267376,100.88,0,100.88,89.33267376,5.121538081974764,5.949160506330254,1.7046210819747638,2.532243506330254,1.4988769355459215,0.49887693554592155,74.12002536000003,67.27796816174052,199.96507847,2.0024066134060234,-2.868121654367336,0.8657150409613115,168,168,0
5388,09698-2-01,30 a 44,Hombres,Quintil bajo,Sur,Trabajadores moviles,Movilidad mixta,59.85,66.6010386408522,44.97,39.845216814043134,11.52,9.893744545104656,51.66000000000001,3.375996,118.1933913,83.64,0,83.64,34.553391299999994,6.338578787554911,4.388387508349404,2.962582787554911,1.012391508349404,1.877543334635145,0.8775433346351449,83.85996930000002,106.65144874736245,274.56998334,-6.751038640852194,5.124783185956865,1.6262554548953432,168,168,0
5399,09721-1-01,45 a 59,Hombres,Quintil medio,Centro,Trabajadores moviles,Movilidad mixta,61.93,58.51484628418216,42.13,46.04257705928214,11.93,11.432576656535703,52.00999999999999,3.505094,32.706546906067985,139.76,131.623931623932,8.136068376067982,24.57047853,8.866711245907075,10.081420941537122,5.361617245907075,6.576326941537122,2.5296643245251267,1.5296643245251267,184.36392451393203,172.39348971554122,373.84930615393205,3.415153715817837,-3.9125770592821354,0.4974233434642965,168,168,0
5401,09725-1-01,45 a 59,Mujeres,Quintil alto,Centro,Trabajadores moviles,Movilidad mixta,61.03,62.374335096396884,44.4,41.56491231686379,8.83,10.320752586739314,53.74,21.768569,555.26578978,476.73,0,476.73,78.53578978,45.7233479958812,42.94341003994265,23.9547789958812,21.17484103994265,2.1004296605753554,1.1004296605753552,773.2699762899999,802.5342275950372,1932.0109041599999,-1.3443350963968825,2.8350876831362086,-1.4907525867393137,168,168,0
5403,09727-1-03,30 a 44,Mujeres,Quintil alto,Centro,Trabajadores moviles,Motorizados privados,52.47,56.08460755318004,42.93,39.473857957420066,9.96,9.801534489399906,62.63999999999999,9.966422,188.89815887999998,165.95999999999998,0,165.95999999999998,22.93815888,22.200840837324716,18.67010490952097,12.234418837324716,8.70368290952097,2.2275637974515545,1.2275637974515545,334.04000346,370.0647076993797,861.1640630400002,-3.6146075531800435,3.456142042579934,0.15846551060009517,168,168,0
5407,09735-1-01,30 a 44,Mujeres,Quintil bajo,Sur,Trabajadores moviles,Motorizados privados,77.5,73.81071719918863,21.26,25.986675659697287,7.49,6.452607141114091,61.74999999999999,2.66501,155.918265,99.38,30,69.38,86.538265,3.7169214168665,5.204826095939423,1.0519114168665,2.539816095939423,1.3947119961525474,0.39471199615254726,50.62001000000001,40.78803444300971,127.2390475,3.6892828008113696,-4.726675659697285,1.0373928588859096,168,168,0
5409,09740-1-02,18 a 29,Hombres,Quintil bajo,Centro,Trabajadores moviles,Usuarios publicos,58.98,64.52601011802305,37.2,33.344421680568146,9.97,8.279568201408793,61.85000000000001,2.607968,106.47794184,52.660000000000004,0,52.660000000000004,53.81794183999999,4.38928227970688,2.9667730294434316,1.7813142797068795,0.3588050294434315,1.6830276597361928,0.6830276597361928,47.34001079999999,61.80382771548034,170.35786136,-5.546010118023055,3.8555783194318565,1.6904317985912076,168,168,0
5412,09748-1-01,45 a 59,Mujeres,Quintil bajo,Sur,Trabajadores moviles,Motorizados privados,68.83,76.91398171332958,38.44,29.516852528657942,6.49,7.329165758012481,54.24,3.148988,185.32484129,86.08,17.5,68.58,116.74484129,4.563132805637723,2.067243551784499,1.414144805637723,-1.0817444482155012,1.4490791345148737,0.4490791345148737,31.42000275000001,56.876364157494294,172.90403358999998,-8.083981713329578,8.923147471342055,-0.8391657580124807,168,168,0
5419,09766-1-03,18 a 29,Hombres,Quintil alto,Centro,Trabajadores moviles,Usuarios publicos,3.43,31.54739185258127,51.49,25.044057329863687,7.89,6.218550817555074,105.18999999999998,2.988096,10.24916928,0,0,0,10.24916928,7.944493577147488,0,4.956397577147488,-2.988096,2.658714304074396,1.6587143040743966,0,84.01746612513068,177.43314048000008,-28.11739185258127,26.445942670136315,1.6714491824449258,168,168.00000000000003,2.842170943040401e-14
5442,09809-1-01,30 a 44,Hombres,Quintil bajo,Norte,Trabajadores moviles,Motorizados privados,63.71,70.93297734494458,30.1,25.33598491882399,8.75,6.291037736231437,65.44,3.357075,187.18927038,123.31,0,123.31,63.87927038000001,4.7610845087729725,2.0308555603693055,1.4040095087729725,-1.3262194396306946,1.418224051822784,0.41822405182278394,26.689977870000007,50.93805454027981,157.11234162000002,-7.222977344944574,4.764015081176012,2.458962263768563,168,168,0
5457,09831-1-01,45 a 59,Mujeres,Quintil bajo,Centro,Trabajadores moviles,Usuarios publicos,77.63,73.90782813595469,25.65,32.60596559334987,11.33,8.09620627069544,53.39,4.030236,211.68723696999996,111.32,0,111.32,100.36723696999998,6.258993001734177,8.088156466369261,2.2287570017341762,4.057920466369261,1.553009054986898,0.553009054986898,101.17998371000004,86.17875266533753,250.21811099000007,3.7221718640453076,-6.955965593349873,3.23379372930456,168,168,0
5489,09902-1-01,45 a 59,Hombres,Quintil medio,Centro,Trabajadores moviles,Usuarios publicos,72.81,68.87589664166615,34.55,36.53283736268953,7.12,9.071265995644326,53.52,6.664126,280.31498485,195.09999999999997,0,195.09999999999997,85.21498485000001,11.582447885928925,14.535847756491123,4.918321885928925,7.871721756491122,1.7380295459492998,0.7380295459492999,204.90002921000007,178.6826687330401,482.59415963000004,3.934103358333857,-1.98283736268953,-1.9512659956443263,168,168,0
5500,09921-1-01,30 a 44,Hombres,Quintil bajo,Centro,Trabajadores moviles,Usuarios publicos,62.47,69.8480448166372,56.08,42.43512493363875,4.27,10.536830249724048,45.18000000000001,2.966556,106.58073467,81.26,0,81.26,25.32073467,5.615547460424568,3.8569151497240926,2.648991460424568,0.8903591497240924,1.8929517799173747,0.8929517799173748,78.74001865000002,100.627401769064,257.77167325000005,-7.3780448166372,13.644875066361251,-6.266830249724048,168,168,0
5501,09921-1-02,30 a 44,Mujeres,Quintil bajo,Centro,Trabajadores moviles,Movilidad mixta,64.16,65.40810236970256,35.73,34.624484209838464,8.74,8.597413420458963,59.37000000000001,4.852209,194.43771504,120.61999999999999,0,120.61999999999999,73.81771504,8.408089651799946,7.7695340227197915,3.5558806517999457,2.9173250227197913,1.7328374873794483,0.7328374873794483,116.8800144,122.93606795119211,332.65774862999996,-1.2481023697025648,1.1055157901615331,0.14258657954103704,168,168,0
5504,09924-1-01,30 a 44,Hombres,Quintil bajo,Sur,Trabajadores moviles,Movilidad mixta,95.47,88.13151716321788,15.03,22.821742640308706,6.12,5.666740196473414,51.38,3.929361,297.39610696,222.26000000000002,0,222.26000000000002,75.13610695999999,5.074588252943614,10.865655757898116,1.1452272529436138,6.936294757898116,1.2914538147407717,0.2914538147407718,77.73998770999998,48.90443945197899,160.84597286000002,7.33848283678212,-7.791742640308707,0.4532598035265858,168,168,0
5506,09926-1-03,30 a 44,Hombres,Quintil bajo,Centro,Trabajadores moviles,Usuarios publicos,49.42,58.70886282183613,50.13,41.9377959315191,11.51,10.413341246644777,56.93999999999999,2.770224,53.29691987478991,52.800000000000004,28.9075630252101,23.892436974789906,29.404482899999998,6.174103781063227,4.009633834842482,3.4038797810632273,1.2394098348424825,2.2287381024289834,1.2287381024289832,83.60755020521007,109.33978092696826,254.36415756521006,-9.288862821836126,8.192204068480905,1.0966587533552232,168,168,0
5515,09952-1-01,45 a 59,Hombres,Quintil bajo,Sur,Trabajadores moviles,Motorizados privados,51.83,59.115592185151336,38.85,36.26872267163406,13.71,9.005685143214606,63.60999999999999,6.0141,176.50078502,139.79,0,139.79,36.710785019999996,11.689229848566365,7.604582220028509,5.675129848566365,1.590482220028509,1.9436374268080618,0.9436374268080618,135.21001798,179.02629794071865,451.3111139800001,-7.285592185151337,2.5812773283659425,4.704314856785395,168,168,0
5519,09957-1-01,60 o mas,Hombres,Quintil alto,Centro,Trabajadores moviles,Motorizados privados,57.06,58.266950866166894,34.12,36.95656875015172,13.22,9.176480383681392,63.599999999999994,7.251336,195.67125004,156.91,0,156.91,38.76125004,14.535605623630316,13.618501064737401,7.2842696236303155,6.367165064737401,2.0045417318450443,1.0045417318450443,218.08998212000003,226.8419883860672,561.3682283600001,-1.206950866166892,-2.83656875015172,4.0435196163186085,168,168,0
5521,09959-1-01,18 a 29,Hombres,Quintil bajo,Sur,Trabajadores moviles,Movilidad mixta,49.83,54.33582764476558,46.98,40.75461916247876,8.4,10.119553192755665,62.79,3.26811,43.78965603972969,103.71,65.2702702702703,38.43972972972969,5.34992631,7.773820834417316,6.355295377193159,4.505710834417316,3.087185377193159,2.3786900791030035,1.3786900791030032,119.06026526027031,133.78580564440514,300.04819706027035,-4.505827644765581,6.225380837521236,-1.719553192755665,168,168,0
5547,09993-1-02,18 a 29,Hombres,Quintil bajo,Sur,Trabajadores moviles,Usuarios publicos,57.14,60.11788062756925,39,33.36695583921105,5.63,8.285163533219693,66.23,2.905716,101.97260306,73.44,0,73.44,28.532603060000003,5.160551484305262,4.243087184977511,2.2548354843052616,1.3373711849775107,1.7759999546773537,0.7759999546773537,64.06000918,72.71288456561801,193.74211426,-2.977880627569249,5.633044160788948,-2.6551635332196932,168,168,0
5562,10013-1-01,30 a 44,Hombres,Quintil bajo,Sur,Trabajadores moviles,Motorizados privados,73.5,66.88717272651965,21.74,28.424818437167524,7.13,7.058008836312816,65.63000000000001,6.19669,299.3667075,218.91,0,218.91,80.45670750000001,9.590154688163949,15.982700578566368,3.3934646881639488,9.786010578566367,1.547625375509175,0.5476253755091748,156.0900075,115.11236686269706,334.98844779999996,6.612827273480349,-6.684818437167525,0.0719911636871835,168,168,0
5587,10066-1-01,45 a 59,Mujeres,Quintil bajo,Centro,Trabajadores moviles,Motorizados privados,66.94,63.73182116889885,39.65,41.52687185918664,8.98,10.311306971914503,52.43000000000001,4.990434,139.8163094266667,139.09,83.3333333333333,55.7566666666667,84.05964276,10.163904206023183,11.807656732686327,5.173470206023183,6.817222732686328,2.036677412430098,1.036677412430098,194.24334253333325,178.2331378165258,436.9281479533333,3.2081788311011508,-1.8768718591866431,-1.3313069719145023,168,168,0
5602,10088-1-02,30 a 44,Hombres,Quintil bajo,Norte,Trabajadores moviles,Motorizados privados,58.2,64.12902928093189,44.25,36.12978453347965,6.78,8.971186185588463,58.769999999999996,6.925801,252.191608,199.11,0,199.11,53.081607999999996,12.581473582454246,8.740912350694732,5.655672582454246,1.8151113506947318,1.8166091665721043,0.8166091665721043,150.89001020000003,191.95328712290737,504.31363523000005,-5.929029280931886,8.12021546652035,-2.191186185588463,168,168,0
5610,10106-1-01,60 o mas,Hombres,Quintil alto,Centro,Trabajadores moviles,Usuarios publicos,72.74,51.9950643878867,18.49,42.08503439912431,13.3,10.449901212988973,63.47000000000001,1.840532,9.88341146019509,93.02,92.0168792198049,1.0031207801950899,8.88029068,4.828783126341712,11.530339564394977,2.9882511263417117,9.689807564394977,2.6235800987658524,1.6235800987658522,123.99688621980489,85.8151683877708,182.5073984998049,20.744935612113295,-23.595034399124312,2.850098787011028,168,168,0
5701,10269-1-03,18 a 29,Mujeres,Quintil medio,Centro,Trabajadores moviles,Usuarios publicos,47.34,57.92977318593762,41.49,32.75661389905693,9.99,8.133612915005457,69.17999999999999,2.45423,81.28322362,30.099999999999994,0,30.099999999999994,51.18322362,4.401965296333591,2.0040522503273333,1.9477352963335912,-0.45017774967266666,1.7936237827479866,0.7936237827479866,34.90002458000001,60.88976362612368,161.24378498000002,-10.589773185937617,8.733386100943072,1.8563870849945427,168,168,0
5707,10285-1-02,30 a 44,Hombres,Quintil bajo,Sur,Trabajadores moviles,Motorizados privados,29.11,56.04612639008322,66.96,39.35247824335194,9.1,9.77139536656485,62.82999999999999,6.383078,122.7822066492079,126.55,17.0792079207921,109.4707920792079,13.31141457,14.139422031330799,2.4496682749399032,7.756344031330799,-3.933409725060097,2.2151416654051226,1.2151416654051226,63.029193930792104,234.9645896965517,548.5261066107922,-26.936126390083217,27.607521756648055,-0.67139536656485,167.99999999999997,168,0
5739,10333-1-04,30 a 44,Mujeres,Quintil alto,Centro,Trabajadores moviles,Usuarios publicos,47.82,58.396058382039065,44.94,36.58077299229385,11.3,9.08316862566708,63.94000000000001,4.116093,115.15156182000001,58.32,0,58.32,56.831561820000005,8.105775278463822,4.293310433052469,3.989682278463822,0.17721743305246918,1.9692886624436867,0.9692886624436867,81.68000544,125.21204531390234,313.16907575999994,-10.576058382039065,8.359227007706146,2.216831374332921,168,168,0
5743,10347-1-01,45 a 59,Hombres,Quintil bajo,Sur,Trabajadores moviles,Motorizados privados,50.88,71.8313605354217,54.33,46.55005402137043,24.73,11.558585443207877,38.06,3.632777,117.56568192,82.73,0,82.73,34.83568192,7.294149486925667,2.5152811719586197,3.661372486925667,-1.1174958280413803,2.0078715227842685,1.0078715227842687,67.27001184,143.38163251178761,354.47736146,-20.951360535421692,7.77994597862957,13.171414556792124,168,168,0
5747,10352-1-01,30 a 44,Mujeres,Quintil bajo,Sur,Trabajadores moviles,Usuarios publicos,62.93,69.00667451154123,43.18,34.46541072240355,5.92,8.557914766055225,55.96999999999999,3.632461,162.95074390999997,154.35999999999999,45,109.35999999999999,53.59074391,6.0267526808157585,3.951928727311426,2.3942916808157584,0.3194677273114257,1.6591376151913972,0.6591376151913974,65.64002682000003,87.71330999286764,243.99386192000003,-6.076674511541235,8.714589277596453,-2.637914766055225,168,168,0
5758,10368-1-01,30 a 44,Hombres,Quintil bajo,Centro,Trabajadores moviles,Motorizados privados,83.97,73.29409355831172,29.17,34.72382601034455,3.5,8.622080431343733,51.36,1.013601,51.85211582,29.240000000000002,0,29.240000000000002,22.61211582,1.5302922033397537,3.009500611324762,0.5166912033397537,1.995899611324762,1.5097579849859597,0.5097579849859597,33.25996014999999,22.438850704798305,66.37430481999999,10.675906441688284,-5.553826010344551,-5.122080431343733,168,168,0
5767,10385-1-01,30 a 44,Mujeres,Quintil alto,Norte,Trabajadores moviles,Motorizados privados,86.61,69.19756689058174,14.53,34.62491317500151,11.28,8.597519934416754,55.58,8.669342,386.61170291999997,385.76,125,260.76,125.85170292,14.587279774960539,41.71780864886414,5.917937774960539,33.04846664886414,1.6826282519435198,0.6826282519435198,364.2400077000001,213.28567002232978,587.9957247200001,17.41243310941826,-20.09491317500151,2.6824800655832455,168,168,0
5774,10396-1-02,30 a 44,Mujeres,Quintil alto,Centro,Trabajadores moviles,Usuarios publicos,77.44,66.54269072904927,23.65,32.810352758214734,6.41,8.146956512735997,60.5,5.136667,223.59347028,125.81,0,125.81,97.78347027999999,8.532179384190806,17.12995192297004,3.3955123841908064,11.993284922970041,1.6610341655767848,0.6610341655767847,174.19002220000002,118.21417327911334,328.59823222,10.897309270950728,-9.160352758214735,-1.736956512735997,168,168,0
5777,10398-1-01,30 a 44,Hombres,Quintil bajo,Centro,Trabajadores moviles,Movilidad mixta,86.71,80.01949201267462,35.73,38.01997828633401,5.04,9.44052970099136,40.52000000000001,0.957453,53.4323092015385,56.95,11.5384615384615,45.411538461538505,8.02077074,1.4439477663338638,2.1453749678315757,0.4864947663338638,1.1879219678315756,1.508113470148262,0.5081134701482619,29.588440428461496,23.182593484472847,68.62379923846149,6.690507987325375,-2.289978286334012,-4.400529700991361,168,168,0
5778,10400-1-01,30 a 44,Hombres,Quintil medio,Centro,Trabajadores moviles,Motorizados privados,48.99,56.111164016126985,41.45,32.05855435760495,5.69,7.960281626268069,71.86999999999999,7.732649,240.1324794,211.31,0,211.31,28.8224794,14.312362794033554,8.69715881229048,6.5797137940335535,0.9645098122904798,1.8509003569195437,0.8509003569195438,138.68999511,193.7554569181403,503.20706897000014,-7.121164016126983,9.391445642395055,-2.2702816262680683,168,168,0
5784,10406-1-03,18 a 29,Hombres,Quintil bajo,Centro,Trabajadores moviles,Movilidad mixta,52.46,61.87710030251671,56.37,41.819044868041196,5.25,10.383854829442102,53.919999999999995,2.403255,60.073752429010995,56.76,10.260989010989,46.499010989011,13.57474144,5.0190461534652675,3.16629007499992,2.6157911534652674,0.76303507499992,2.0884367882165096,1.0884367882165094,66.00100487098902,88.63269825851381,214.08957797098907,-9.417100302516708,14.550955131958801,-5.133854829442102,168,168,0
5789,10419-1-02,30 a 44,Hombres,Quintil bajo,Centro,Trabajadores moviles,Motorizados privados,95.47,86.88539712891873,16.89,23.803971003581648,4.24,5.910631867499628,51.4,2.966357,219.18812567999998,185.98999999999998,0,185.98999999999998,33.19812568,3.834597134310385,8.955091355211776,0.8682401343103852,5.9887343552117756,1.2926957659885123,0.2926957659885122,64.00997711000002,38.544980291147965,126.68910052000001,8.584602871081273,-6.913971003581647,-1.6706318674996279,168,168,0
5794,10428-1-01,45 a 59,Mujeres,Quintil alto,Norte,Trabajadores moviles,Motorizados privados,69.82,67.73636864832477,41.41,39.75282748729929,6.13,9.870803864375931,50.64000000000001,8.238166,299.56874002,224.38,0,224.38,75.18874002000001,15.396349232556203,17.138523831572357,7.158183232556203,8.900357831572357,1.8689049519706453,0.8689049519706453,275.6200100999999,258.45470914209506,667.2624217399998,2.0836313516752227,1.6571725127007042,-3.7408038643759314,168,168,0
5795,10428-1-02,45 a 59,Hombres,Quintil alto,Norte,Trabajadores moviles,Motorizados privados,69.19,67.41269166046222,40.6,39.39528409069914,6.8,9.782024248838637,51.410000000000004,7.572812,275.91283601,201.95,0,201.95,73.96283600999999,14.101589745374696,15.46973169821561,6.528777745374696,7.896919698215609,1.8621338738337485,0.8621338738337484,248.05002627,234.5908043486482,607.00131507,1.7773083395377824,1.2047159093008588,-2.982024248838637,168,168,0
5819,10477-1-01,18 a 29,Hombres,Quintil bajo,Norte,Trabajadores moviles,Movilidad mixta,68.58,76.49724807030074,49.16,34.72129897297363,2.1,8.621452956725625,48.160000000000004,2.696607,144.77327512,79.84,0,79.84,64.93327511999999,4.195166977127978,2.31599333010965,1.4985599771279778,-0.38061366989035017,1.555720569266481,0.5557205692664811,40.16003294000001,61.50973950710949,178.38810776000003,-7.917248070300744,14.438701027026369,-6.521452956725625,168,168,0
5826,10496-1-01,30 a 44,Hombres,Quintil bajo,Norte,Trabajadores moviles,Movilidad mixta,91.47,71.17397504620462,19.39,35.98162695409393,5.23,8.93439799970145,51.91,2.160805,99.80880842999998,77.15999999999998,0,77.15999999999998,22.64880843,3.55293928692581,11.747632494355564,1.3921342869258102,9.586827494355564,1.6442665057355061,0.6442665057355061,97.84002492,53.984272719714184,151.03904402,20.29602495379538,-16.591626954093933,-3.704397999701449,168,168,0
5852,10533-1-06,30 a 44,Hombres,Quintil bajo,Norte,Trabajadores moviles,Motorizados privados,109,65.89584070539426,7.65,41.53166272852685,1.09,10.312496566078893,50.26,1.506059,48.5157224657534,87.78,53.4246575342466,34.3553424657534,14.16038,2.8924360750609663,39.11435553925498,1.3863770750609663,37.60829653925498,1.9205330435666639,0.9205330435666639,115.64470853424662,50.727301491171986,128.80766419424663,43.104159294605736,-33.88166272852685,-9.222496566078894,168,168,0
5867,10567-1-04,18 a 29,Hombres,Quintil bajo,Centro,Trabajadores moviles,Movilidad mixta,69.57,79.64761814390788,35.28,24.499137144160258,5.38,6.0832447119318624,57.77,0.450415,31.33539552,0,0,0,31.33539552,0.4387518788290711,-1.7426994958721365e-6,-0.011663121170928936,-0.4504167426994959,0.9741058331296051,-0.025894166870394936,-2.397000000087246e-5,4.53908640628827,18.313849929999996,-10.077618143907884,10.780862855839743,-0.7032447119318626,168,168,0
5872,10580-1-01,30 a 44,Hombres,Quintil bajo,Centro,Trabajadores moviles,Motorizados privados,49.69,54.28280464539595,31.08,28.196002526548515,8.71,7.001192828055532,78.52000000000001,3.376109,114.33886610000002,84.08000000000001,0,84.08000000000001,30.2588661,5.788894005542393,3.968731424585301,2.412785005542393,0.5926224245853011,1.7146644274643956,0.7146644274643956,53.419990109999986,68.92579920856306,187.75536721999993,-4.592804645395951,2.8839974734514833,1.7088071719444686,168,168,0
5875,10582-1-03,30 a 44,Hombres,Quintil bajo,Norte,Trabajadores moviles,Movilidad mixta,85.03,62.92349316454272,6.16,31.68017779299749,11.28,7.866329042459788,65.53,3.565086,144.53927005,141.4,0,141.4,3.1392700500000004,5.964217106820904,26.883049254331763,2.399131106820904,23.31796325433176,1.6729518185033696,0.6729518185033696,158.59999252999998,79.78839450200695,220.77509237,22.10650683545728,-25.52017779299749,3.4136709575402113,168,168,0
5878,10584-1-03,18 a 29,Hombres,Quintil bajo,Norte,Trabajadores moviles,Movilidad mixta,44.07,54.56775577749016,48.55,40.50473770659015,12.51,10.057506515919679,62.87000000000001,3.355473,48.325709550000006,54.2,18.75,35.45,12.875709550000002,7.87960762478321,4.819547303774013,4.52413462478321,1.4640743037740132,2.3482852118861364,1.3482852118861366,99.54998556000001,134.77492163196226,304.43516694,-10.497755777490163,8.045262293409849,2.452493484080321,168.00000000000003,168,0
5880,10589-1-01,30 a 44,Hombres,Quintil medio,Centro,Trabajadores moviles,Usuarios publicos,57.23,55.13480465778066,36.07,41.45238402965859,13.58,10.292811312560726,61.12000000000002,4.171346,55.348419242307706,108.93,92.3076923076923,16.6223076923077,38.726111550000006,9.97677973638004,10.918152185236657,5.80543373638004,6.746806185236657,2.3917411157885344,1.3917411157885347,183.3777123376923,174.63792762770703,390.48504123769214,2.095195342219334,-5.3823840296585885,3.287188687439274,168,168,0
5894,10611-1-01,30 a 44,Hombres,Quintil medio,Centro,Trabajadores moviles,Motorizados privados,70.34,70.83789421128486,29.55,30.33082663898715,8.81,7.531279149727989,59.3,5.379571,274.68904492,171.29,0,171.29,103.39904492000001,8.306374497513525,7.99215309618542,2.926803497513525,2.6125820961854194,1.54405890311951,0.5440589031195099,103.70997922000004,106.38843648009595,310.0703227800001,-0.49789421128485856,-0.7808266389871505,1.2787208502720118,168,168,0
5910,10627-1-03,18 a 29,Hombres,Quintil medio,Centro,Trabajadores moviles,Motorizados privados,57.93,60.99080897381608,38.67,36.31260876965008,9.72,9.016582256533837,61.67999999999999,2.665812,86.2677719172973,67.04,20.2027027027027,46.837297297297305,39.43047462,4.977314588386859,4.164022989260244,2.311502588386859,1.4982109892602438,1.8670913734302566,0.8670913734302567,68.16271724270268,76.3222585348093,197.16135992270273,-3.06080897381608,2.3573912303499185,0.7034177434661633,168,168,0
5926,10655-1-01,45 a 59,Hombres,Quintil alto,Centro,Trabajadores moviles,Motorizados privados,74.68,68.09994672039677,31.58,37.96353796212844,9.23,9.426515317474793,52.50999999999999,9.795342,383.9361730400001,352.4200000000001,0,352.4200000000001,31.516173039999998,17.66096981518494,25.177348382929875,7.865627815184942,15.382006382929875,1.8029967524548853,0.8029967524548853,347.57996751999997,283.12609526806466,747.32787454,6.580053279603234,-6.383537962128443,-0.1965153174747929,168,168,0
5934,10670-1-01,45 a 59,Hombres,Quintil bajo,Sur,Trabajadores moviles,Movilidad mixta,49.38,60.79045866970955,51,36.84961743405742,6.41,9.149923896233021,61.21000000000001,3.815881,118.58819086,105.16,0,105.16,13.428190859999999,7.286324266309162,3.5961567201833495,3.470443266309162,-0.21972427981665055,1.9094736618644979,0.9094736618644977,69.84001292000002,113.38096535902997,288.90974113,-11.410458669709548,14.150382565942579,-2.7399238962330212,168,168,0
5961,10714-1-01,30 a 44,Hombres,Quintil medio,Norte,Trabajadores moviles,Movilidad mixta,90.5,73.36698490769747,22.43,37.25294353213775,6.94,9.250071560164773,48.13,2.863666,135.23176,113.32000000000001,0,113.32000000000001,21.911759999999997,4.759155440720241,12.473674143239844,1.8954894407202416,9.610008143239844,1.6619100973089187,0.6619100973089186,123.93001299999997,74.86678020268636,208.03588342,17.13301509230253,-14.82294353213775,-2.310071560164773,168,168,0
5965,10719-1-01,30 a 44,Mujeres,Quintil medio,Sur,Trabajadores moviles,Motorizados privados,73.46,70.71427400544792,34.34,35.8371918688793,7.65,8.898534125672777,52.550000000000004,7.837962,353.63669984,277.86,0,277.86,75.77669983999999,13.2568278918824,15.638774467730165,5.4188658918824,7.800812467730165,1.6913615927051446,0.6913615927051445,222.13998868,200.61909267228862,551.2560130599999,2.7457259945520747,-1.4971918688792982,-1.2485341256727764,168,168,0
5969,10722-1-01,30 a 44,Hombres,Quintil medio,Centro,Trabajadores moviles,Motorizados privados,76.66,71.57461712343412,29.48,32.824831281985006,6.41,8.150551594580872,55.45,7.786522,384.3747426,287.46,0,287.46,96.91474260000003,12.476730084038513,17.506089039075835,4.690208084038513,9.719567039075836,1.6023495578691633,0.6023495578691633,212.54003391999993,172.94258827319652,491.9983085,5.085382876565873,-3.3448312819850052,-1.7405515945808716,168,168,0
5980,10738-1-03,18 a 29,Hombres,Quintil alto,Norte,Trabajadores moviles,Motorizados privados,67.32,63.45528002891925,39.14,41.98072039039266,9.4,10.42399958068808,52.14000000000001,5.868342,157.03300689655174,209.39000000000001,72.4137931034483,136.97620689655173,20.0568,12.147440420374814,14.495807576267536,6.2790984203748135,8.627465576267536,2.0699953104939715,1.0699953104939715,238.0237765434482,215.34427801891633,522.8730972234482,3.8647199710807456,-2.8407203903926614,-1.0239995806880788,168,168,0
5986,10761-1-02,30 a 44,Mujeres,Quintil alto,Norte,Trabajadores moviles,Motorizados privados,72.03,72.10666354206884,28.79,31.63758371457845,10.78,7.855752743352699,56.400000000000006,2.991165,154.23360705,53.78,0,53.78,100.45360705,4.599547524176605,4.573505196279156,1.6083825241766045,1.5823401962791563,1.5377110671516296,0.5377110671516298,61.22000790000001,61.44932120381236,179.58040695,-0.07666354206884307,-2.8475837145784517,2.9242472566473,168,168,0
5987,10762-1-01,30 a 44,Hombres,Quintil medio,Sur,Trabajadores moviles,Motorizados privados,97.13,79.3763167521936,13.64,29.659177553211745,5.63,7.3645056945946505,51.6,3.755541,230.33570688,190.56,0,190.56,39.77570688,5.410652250341659,20.62379599501183,1.6551112503416592,16.868254995011828,1.4407118043290326,0.4407118043290325,134.43999044999995,67.76530511184993,206.80926552000003,17.753683247806393,-16.019177553211744,-1.7345056945946506,168,168,0
6026,10837-1-01,30 a 44,Hombres,Quintil bajo,Centro,Trabajadores moviles,Motorizados privados,62.62,67.82004020444033,43.91,40.03827743871801,11.27,9.941682356841657,50.2,7.136038,257.74869574,185.89,0,185.89,71.85869574,13.379888782609106,10.131054533299013,6.243850782609106,2.9950165332990126,1.8749744301542544,0.8749744301542545,189.11000381999997,226.21768832041397,582.87658066,-5.200040204440334,3.8717225612819846,1.3283176431583428,168,168,0
6029,10843-1-02,45 a 59,Mujeres,Quintil alto,Sur,Trabajadores moviles,Movilidad mixta,84.43,78.3464175263991,25.56,32.18251970118939,8.53,7.991062772411522,49.47999999999999,4.23136,245.15370871999997,137.89999999999998,0,137.89999999999998,107.25370871999999,6.354550101426928,9.720766685723902,2.1231901014269283,5.489406685723902,1.5017748670467481,0.5017748670467482,112.10001608000002,86.35818854450409,256.34707848000005,6.083582473600913,-6.622519701189393,0.5389372275884776,168,168,0
6034,10850-1-01,30 a 44,Mujeres,Quintil bajo,Centro,Trabajadores moviles,Motorizados privados,68.34,67.98449003631944,20.72,22.78731764631878,7.37,5.658192317361785,71.57,3.721343,202.98658313999996,98.66999999999999,0,98.66999999999999,104.31658313999998,5.19683732533829,5.401835436592792,1.47549432533829,1.6804924365927922,1.3964951162358026,0.39649511623580247,51.32999748000006,50.00702296522715,155.8625223500001,0.35550996368056076,-2.067317646318781,1.7118076826382147,168,168,0
6051,10875-1-01,30 a 44,Mujeres,Quintil medio,Centro,Trabajadores moviles,Movilidad mixta,62.66,62.86725705238475,27.91,31.364738808027187,11.45,7.78800413958805,65.98,2.545413,104.49406039846154,53.46,3.46153846153846,49.99846153846154,54.49559886,4.192567621070598,4.130869101737146,1.647154621070598,1.5854561017371465,1.6471070199887399,0.6471070199887398,55.00151818153846,55.52907297702028,155.18897386153844,-0.20725705238475456,-3.4547388080271872,3.661995860411949,168,168,0
6067,10900-1-02,30 a 44,Hombres,Quintil bajo,Sur,Trabajadores moviles,Movilidad mixta,66.84,69.50574275572143,33.26,32.223114582334446,9.63,8.00114266194412,58.27,2.242348,108.04854660000001,55.67,0,55.67,52.3785466,3.51341941936493,2.8830594574708424,1.2710714193649304,0.6407114574708426,1.566848419319807,0.566848419319807,41.829993719999976,47.8075166568064,138.00429943999995,-2.665742755721425,1.0368854176655518,1.6288573380558802,168,168,0
6081,10925-1-01,45 a 59,Hombres,Quintil bajo,Centro,Trabajadores moviles,Movilidad mixta,51.06,60.30099186456914,47.15,38.9800807281222,10.75,9.678927407308665,59.03999999999999,1.450209,40.474043856363636,22.789999999999996,6.36363636363636,16.426363636363636,24.04768022,2.8538119828063797,1.7141213019829353,1.4036029828063796,0.26391230198293525,1.967862551402163,0.9678625514021632,33.573627683636374,46.974997254561316,117.54072878363638,-9.24099186456914,8.169919271877795,1.0710725926913351,168,168,0
6089,10936-1-03,18 a 29,Mujeres,Quintil bajo,Norte,Trabajadores moviles,Movilidad mixta,52.98,73.19362296701432,57.02,43.36792770622217,17.33,10.768449326763504,40.67000000000001,1.644631,65.49256026,40.86,0,40.86,24.63256026,2.9969393015932955,0.8603951053883023,1.3523083015932955,-0.7842358946116976,1.8222563612100804,0.8222563612100803,21.639990119999993,54.883941073863724,143.91830496999995,-20.213622967014324,13.652072293777834,6.5615506732364945,168,168,0
6091,10937-1-02,30 a 44,Hombres,Quintil alto,Centro,Trabajadores moviles,Usuarios publicos,62.82,54.696127551411664,30.94,38.47929288897574,8.97,9.554579559612582,65.27000000000001,6.046835,112.43613429168897,183.52999999999997,125.956050228311,57.57394977168897,54.86218452,13.434843282932366,19.80814525678797,7.3880082829323666,13.76131025678797,2.2217975656574667,1.2217975656574667,267.426040408311,218.30232415065137,508.75522525831093,8.123872448588337,-7.539292888975741,-0.5845795596125818,168,168,0
6141,11014-1-02,18 a 29,Mujeres,Quintil medio,Norte,Trabajadores moviles,Motorizados privados,61.24,67.14253824200807,47.09,39.235189666657156,7.79,9.742272091334781,51.87999999999999,3.337604,122.22483883999999,82.82999999999998,0,82.82999999999998,39.39483884,6.148560283341754,4.426099668338821,2.8109562833417545,1.0884956683388216,1.842207848307275,0.8422078483072751,82.17003012,101.8703653666791,265.33773764,-5.90253824200807,7.854810333342847,-1.9522720913347813,168,168,0
6142,11017-1-01,45 a 59,Mujeres,Quintil alto,Centro,Trabajadores moviles,Motorizados privados,53.37,56.96579123997712,40.71,36.32463927540489,8.23,9.019569484618,65.68999999999998,14.536323,376.42357168,350.62,0,350.62,25.803571679999997,29.44432607804474,24.12371444971404,14.90800307804474,9.58739144971404,2.025569057460043,1.0255690574600427,399.3799868299999,451.6495697348779,1110.78763445,-3.5957912399771246,4.38536072459511,-0.7895694846179993,168,168,0
6146,11020-1-01,45 a 59,Hombres,Quintil bajo,Sur,Trabajadores moviles,Motorizados privados,58.15,62.86159121686227,16.19,16.50110982539575,9.12,4.097298957741978,84.53999999999999,1.468954,80.10967345,44.69,0,44.69,35.41967345,1.7553112282843033,0.6201894249788185,0.2863572282843032,-0.8487645750211816,1.194939547653843,0.19493954765384294,5.310001650000004,12.231112414374707,42.48922739000001,-4.711591216862274,-0.31110982539575005,5.022701042258022,168,168,0
6167,11069-1-02,30 a 44,Mujeres,Quintil bajo,Centro,Trabajadores moviles,Usuarios publicos,75.64,75.31161965863387,33.61,32.11426541241564,6.15,7.974114928950487,52.6,3.68226,201.21616992,110.19,0,110.19,91.02616992,5.6116752151909495,5.747923921237821,1.9294152151909496,2.0656639212378214,1.5239758233234344,0.5239758233234344,77.30997648000002,76.10079468420113,223.71663408000003,0.3283803413661275,1.4957345875843586,-1.824114928950487,168,168,0
6168,11070-1-03,18 a 29,Mujeres,Quintil bajo,Centro,Trabajadores moviles,Usuarios publicos,56.97,62.33975348841339,38.08,33.565727172326056,9.19,8.334519339260547,63.760000000000005,2.672094,100.96441347130431,75.42000000000002,14.1847826086957,61.23521739130432,39.72919608,4.629103973944314,3.2059397474714983,1.9570099739443143,0.5338457474714984,1.7323881472524223,0.7323881472524224,51.26478170869569,65.6132677865642,177.5746650886957,-5.369753488413394,4.514272827673942,0.8554806607394525,168,168,0
6189,11105-1-03,18 a 29,Mujeres,Quintil bajo,Centro,Trabajadores moviles,Usuarios publicos,67.2,59.13819212996518,19.03,27.454686987339304,7.18,6.817120882695518,74.59,2.248476,91.8976036,53.3,0,53.3,38.5976036,3.542773547661366,6.676923667463331,1.2942975476613658,4.428447667463331,1.5756332501042332,0.5756332501042332,59.199983600000024,41.073202087615584,118.13253956,8.061807870034826,-8.424686987339303,0.3628791173044821,168,168,0
6206,11127-1-01,30 a 44,Mujeres,Quintil bajo,Centro,Trabajadores moviles,Usuarios publicos,63.18,60.616907161622294,32.82,34.76162640173567,8.01,8.631466436642036,63.99,4.362147,147.00046212,150.9,60,90.9,56.10046212,7.9990993031051865,9.310722542766992,3.6369523031051862,4.948575542766992,1.8337528063830004,0.8337528063830004,128.59998534,117.41939760434923,306.70644734999996,2.563092838377706,-1.9416264017356681,-0.6214664366420362,168,168,0
6212,11137-1-01,45 a 59,Hombres,Quintil bajo,Centro,Trabajadores moviles,Motorizados privados,69.03,70.8749591064198,37.64,41.34010817505933,15.81,10.26493271852088,45.519999999999996,6.830854,263.14387371,191.60999999999999,0,191.60999999999999,71.53387371,12.65923605867924,11.525266194249754,5.828382058679239,4.694412194249754,1.853243541536569,0.853243541536569,208.38997791000008,220.99262420192412,573.4991242100001,-1.8449591064197932,-3.700108175059327,5.54506728147912,168,168,0
6214,11138-1-02,45 a 59,Mujeres,Quintil bajo,Centro,Trabajadores moviles,Usuarios publicos,73.16,66.49586257235565,32.9,40.74658031617771,11.3,10.117557111466635,50.64,3.558387,119.2695359280899,128.32,94.3820224719101,33.93797752808989,85.3315584,6.820050953822012,9.43430231963786,3.2616639538220116,5.87591531963786,1.9166130479405448,0.9166130479405448,141.06205699191008,117.34847700316702,298.3427623919101,6.664137427644349,-7.846580316177715,1.182442888533366,168,168,0
6221,11153-1-01,30 a 44,Hombres,Quintil bajo,Centro,Trabajadores moviles,Motorizados privados,53.15,70.95586119665967,50.58,30.51670518415819,5.32,7.577433619182144,58.949999999999996,0.799538,42.495447950000006,0,0,0,42.495447950000006,1.1047542470728642,-1.718673575266434e-7,0.3052162470728642,-0.7995381718673575,1.3817407641323667,0.38174076413236674,-3.2500000060053935e-6,14.236459399454873,44.69417094999999,-17.80586119665967,20.063294815841807,-2.2574336191821436,167.99999999999997,168,0
6228,11171-1-01,60 o mas,Hombres,Quintil bajo,Centro,Trabajadores moviles,Movilidad mixta,83.23,66.13495590082746,21.2,38.96088345913305,10.34,9.674160640039492,53.22999999999999,3.129076,111.57297106,101.14,0,101.14,10.43297106,5.796645208793754,13.952057027509387,2.6675692087937537,10.822981027509387,1.8525102007090124,0.8525102007090124,148.86002442,95.36833221033758,247.55108146000003,17.09504409917254,-17.76088345913305,0.6658393599605077,168,168,0
6251,11229-1-01,60 o mas,Mujeres,Quintil bajo,Centro,Trabajadores moviles,Motorizados privados,122.56,70.38738963996268,5.12,48.435788627412045,3.17,12.026821732625278,37.15,1.245898,34.67719124,81.98,100,-18.019999999999996,52.697191239999995,2.5921545289947656,42.08459716697898,1.3462565289947657,40.838699166978984,2.0805511598820816,1.0805511598820816,118.02006764,53.018316737650224,128.34856206,52.172610360037325,-43.31578862741205,-8.856821732625278,168,168,0
6260,11247-1-03,18 a 29,Mujeres,Quintil medio,Centro,Trabajadores moviles,Motorizados privados,61.3,64.92936307457032,36.16,33.55802906135926,9.36,8.332607864070418,61.18000000000001,2.689513,110.42922566551721,69.7,11.6379310344828,58.0620689655172,52.3671567,4.530374407971323,3.5352580944165934,1.8408614079713228,0.8457450944165936,1.6844590109701358,0.6844590109701358,54.437921234482786,64.19914040525961,176.86455299448278,-3.629363074570321,2.60197093864074,1.0273921359295812,168,168,0
6266,11263-1-01,60 o mas,Hombres,Quintil medio,Centro,Trabajadores moviles,Usuarios publicos,55.8,60.942257117938034,45.37,39.716066847932446,9.35,9.861676034129514,57.48000000000001,4.806932,128.438828089441,125.74,15.527950310559,110.21204968944099,18.226778400000004,9.808848936010955,7.551714776071762,5.001916936010955,2.7447827760717622,2.040563281529873,1.040563281529873,139.787977510559,164.5064578030031,402.8232965505589,-5.142257117938037,5.653933152067552,-0.5116760341295148,168,168,0
6287,11294-1-01,45 a 59,Hombres,Quintil bajo,Centro,Trabajadores moviles,Movilidad mixta,62.44,72.60028618281059,41.3,34.52660439105209,11.96,8.573109426137313,52.300000000000004,2.67119,131.72911552,77.44,0,77.44,54.289115519999996,4.266169866432525,1.9459534531649196,1.5949798664325252,-0.7252365468350805,1.5971046112154228,0.5971046112154228,35.05998808000001,62.200042928661844,177.32756747999997,-10.160286182810594,6.773395608947908,3.386890573862688,168,168,0
6297,11309-1-01,30 a 44,Hombres,Quintil medio,Centro,Trabajadores moviles,Usuarios publicos,58.77,55.400377347941706,22.44,25.17785041614068,5.62,6.251772235917621,81.16999999999999,6.560828,250.74983713999998,190.17,0,190.17,60.57983714,10.60213497185093,14.204331271396423,4.04130697185093,7.6435032713964235,1.6159751439682506,0.6159751439682507,134.83002442000006,112.7225097749417,318.9268581000001,3.369622652058297,-2.7378504161406774,-0.6317722359176212,168,168,0
6301,11315-1-02,45 a 59,Mujeres,Quintil alto,Norte,Trabajadores moviles,Motorizados privados,57.55,53.069495697398565,27.4,31.64332577909231,7.62,7.857178523509117,75.43,6.206428,170.76995335,113.59,0,113.59,57.17995335,11.869379174892101,15.735293914890796,5.662951174892101,9.528865914890797,1.9124332345258983,0.9124332345258982,186.40997804999998,158.60205069221396,403.75908660999994,4.480504302601432,-4.243325779092313,-0.23717852350911706,168,168,0
6305,11321-1-01,30 a 44,Mujeres,Quintil bajo,Centro,Trabajadores moviles,Motorizados privados,59.71,75.43054472596549,45.68,28.197812917783654,5.24,7.0016423562508665,57.36999999999999,0.997265,59.54668911,0,0,0,59.54668911,1.3166313231854037,2.345388628765351e-7,0.3193663231854037,-0.9972647654611371,1.3202421855629183,0.3202421855629183,4.039999993210586e-6,15.677553076139972,50.78073784,-15.720544725965489,17.482187082216345,-1.7616423562508663,168,168,0
6309,11326-1-01,30 a 44,Mujeres,Quintil bajo,Norte,Trabajadores moviles,Usuarios publicos,61.38,64.85933018756423,33.35,30.690165279998816,8.44,7.620504532436947,64.83000000000001,2.557147,112.95768115999999,62.75,0,62.75,50.20768116,4.08163777088496,3.1124484556406236,1.52449077088496,0.5553014556406235,1.5961686093466507,0.5961686093466507,44.00000170000001,52.897160451139314,150.86317483,-3.479330187564223,2.659834720001186,0.8194954675630521,168,168,0
6313,11332-1-01,45 a 59,Hombres,Quintil bajo,Sur,Trabajadores moviles,Motorizados privados,49.93,59.0938540371098,47.82,35.549137113973714,5.72,8.827008848916492,64.53,7.814789,236.7824359,221.59,0,221.59,15.1924359,14.989952770954234,8.470266779447666,7.175163770954234,0.6554777794476658,1.9181519515055665,0.9181519515055664,153.40997887000003,225.0235645968113,571.81378193,-9.1638540371098,12.270862886026286,-3.107008848916492,168,168,0
6323,11349-1-05,18 a 29,Hombres,Quintil medio,Norte,Trabajadores moviles,Movilidad mixta,74.55,67.40467462387636,26.33,33.58581751534132,8.45,8.33950786078232,58.67,3.269304,143.66661864999998,62.44,0,62.44,81.22661864999999,5.408033503551531,8.50457749860221,2.138729503551531,5.23527349860221,1.6541849591079725,0.6541849591079725,100.05999455000003,76.69975371653751,213.76638767000003,7.145325376123637,-7.25581751534132,0.11049213921767986,168,168,0
6340,11381-1-03,45 a 59,Mujeres,Quintil alto,Centro,Trabajadores moviles,Motorizados privados,75.86,67.96260097305807,33.18,39.25917201247896,7.93,9.748227014462962,51.03,6.850028,256.16315364,236.52,0,236.52,19.643153639999998,12.629923202770904,18.946193787136423,5.779895202770904,12.096165787136423,1.8437768725574413,0.8437768725574412,263.47997044,209.382565978275,545.0846215199999,7.897399026941926,-6.079172012478963,-1.8182270144629626,168,168,0
6341,11381-1-04,45 a 59,Hombres,Quintil alto,Centro,Trabajadores moviles,Motorizados privados,78.46,64.96619179040061,22.99,34.61800388309247,6.73,8.595804326506912,59.82000000000001,5.072339,200.36574414,177.39000000000001,0,177.39000000000001,22.975744140000003,8.835751548597568,19.655400673914066,3.763412548597567,14.583061673914067,1.7419481522424993,0.7419481522424993,197.60997379999998,129.1648041599289,348.35988888,13.49380820959938,-11.628003883092472,-1.865804326506911,168,168,0
6347,11394-1-02,45 a 59,Mujeres,Quintil medio,Norte,Trabajadores moviles,Usuarios publicos,65.08,60.36959221916109,19.37,31.92362877644865,15.77,7.926779004390259,67.78,2.689212,100.20389512,50.190000000000005,0,50.190000000000005,50.013895119999994,4.609772059948662,6.293320797893086,1.9205600599486616,3.6041087978930864,1.7141720548430774,0.7141720548430773,74.81002183999999,62.14273671087463,169.30893152000002,4.710407780838906,-12.553628776448647,7.843220995609741,168,168,0
6354,11406-1-01,30 a 44,Mujeres,Quintil bajo,Centro,Trabajadores moviles,Movilidad mixta,76.69,75.31168994699364,27.2,29.6148188273316,8.39,7.353491225674762,55.72,2.709062,154.68797659,103.18,31.25,71.93,82.75797659,3.9450882123897593,4.408012818716013,1.2360262123897594,1.6989508187160127,1.4562561552263327,0.4562561552263328,53.069988189999975,49.33606080118247,149.48550476999998,1.3783100530063592,-2.414818827331601,1.0365087743252381,168,168,0
6364,11422-1-03,18 a 29,Mujeres,Quintil bajo,Norte,Trabajadores moviles,Movilidad activa,58.23,66.94550678894113,47.17,37.10993204034478,7.87,9.21456117071408,54.73000000000001,1.974002,78.13611957,38.190000000000005,0,38.190000000000005,39.94611957,3.446839687160601,1.977012600532915,1.472837687160601,0.003010600532914909,1.7461176266085856,0.7461176266085855,36.810016889999986,54.01444472238336,145.45908696999996,-8.715506788941134,10.060067959655221,-1.3445611707140808,168.00000000000003,168,0
6365,11429-1-01,45 a 59,Mujeres,Quintil bajo,Centro,Trabajadores moviles,Movilidad mixta,50.14,63.69284045160006,53.27,39.75565387851489,9.91,9.871505669885039,54.68000000000001,3.732916,115.42843396,55.760000000000005,2.5,53.260000000000005,62.16843396,7.2868703907490175,3.3566297612361136,3.5539543907490176,-0.37628623876388634,1.9520584954895899,0.9520584954895899,71.73997427999998,122.33158924722508,307.58560715999994,-13.552840451600062,13.514346121485111,0.03849433011496117,168,168,0
6368,11435-1-01,30 a 44,Hombres,Quintil bajo,Sur,Trabajadores moviles,Motorizados privados,55.61,66.37319886063621,46.22,36.350748594655585,9.92,9.026052544708211,56.25,4.018463,157.8467085,109.38000000000001,0,109.38000000000001,48.466708499999996,7.092548535185236,3.4553002282924057,3.0740855351852368,-0.563162771707594,1.764990379452352,0.764990379452352,65.62001892999999,108.87153531310875,291.21653174999994,-10.763198860636209,9.869251405344414,0.893947455291789,168,168,0
6378,11457-1-01,30 a 44,Hombres,Quintil medio,Centro,Trabajadores moviles,Movilidad activa,79.69,74.52891830713561,39.53,42.322273064221335,8.14,10.508808628643049,40.64,6.574329,277.02830997,253.12,0,253.12,23.90830997,11.915399243058301,15.309554261887177,5.341070243058302,8.735225261887177,1.8124129843605792,0.8124129843605792,246.87996804,212.94931899523255,560.2782314699999,5.161081692864386,-2.792273064221334,-2.3688086286430483,168,168,0
6388,11479-1-03,30 a 44,Hombres,Quintil medio,Centro,Trabajadores moviles,Usuarios publicos,65.33,61.731814841313906,37.72,40.60562730642462,9.37,10.082557852261468,55.580000000000005,2.8436,76.05383658142858,86.71,71.4285714285714,15.281428571428592,60.77240801,5.802035165551269,6.887684104243104,2.958435165551269,4.044084104243105,2.040383726808014,1.040383726808014,109.7185514185714,99.48675210133163,243.6236754185714,3.5981851586860927,-2.885627306424624,-0.7125578522614688,168,168,0
6391,11483-1-02,30 a 44,Mujeres,Quintil bajo,Norte,Trabajadores moviles,Movilidad mixta,85.16,59.451895710916325,10.69,34.02063044424068,6.07,8.447473844842992,66.08000000000001,2.390699,80.09189476,76.5,0,76.5,3.5918947599999997,4.3184571011518,21.782860084473633,1.9277581011518001,19.39216108447363,1.8063575134936687,0.8063575134936686,123.50003208000001,62.03969286419195,163.56814731999998,25.70810428908367,-23.330630444240683,-2.377473844842992,168,168,0
6395,11491-1-01,60 o mas,Mujeres,Quintil bajo,Centro,Trabajadores moviles,Usuarios publicos,60.68,65.01466567552994,27.65,27.000892605115116,10.39,6.704441719354955,69.27999999999999,2.051904,98.8295216,49.32000000000001,0,49.32000000000001,49.5095216,3.0323336925879296,1.9956141691401217,0.9804296925879297,-0.056289830859878265,1.4778146017493654,0.4778146017493653,25.680013119999984,34.57433095828257,103.73444128000001,-4.334665675529941,0.6491073948848829,3.6855582806450453,168,168,0
6405,11515-1-02,30 a 44,Mujeres,Quintil bajo,Centro,Trabajadores moviles,Usuarios publicos,50.19,53.95327299122217,43.87,38.09705805773746,7.45,9.459668951040367,66.49,3.119453,57.2364805011111,102.06,76.3888888888889,25.671111111111102,31.56536939,6.903982714297982,5.721510160995117,3.7845297142979817,2.602057160995117,2.2132029924150105,1.2132029924150105,99.3288655688889,111.06821879117588,259.4191935288889,-3.7632729912221734,5.772941942262534,-2.009668951040367,168,168,0
6421,11547-1-02,30 a 44,Hombres,Quintil alto,Norte,Trabajadores moviles,Motorizados privados,79.42,70.92572250231677,26.82,36.35673780532821,10.07,9.027539692355024,51.69,6.038243,270.90317215294124,201.64,35.2941176470588,166.3458823529412,104.5572898,10.249923732263559,16.720146803645722,4.211680732263559,10.681903803645723,1.6975010333740395,0.6975010333740393,208.65408690705874,157.3635752666155,431.4048711770587,8.494277497683228,-9.536737805328208,1.0424603076449763,168,168,0
6458,11610-1-03,18 a 29,Hombres,Quintil alto,Centro,Trabajadores moviles,Movilidad mixta,56.77,55.3909937879301,28.15,29.663441708702287,7.5,7.36556450336763,75.57999999999998,2.851697,95.87084046999999,58.980000000000004,0,58.980000000000004,36.89084046999999,4.956600252763511,5.474416297691979,2.104903252763511,2.622719297691979,1.7381230378835868,0.7381230378835869,66.01999822000002,62.08749034205891,167.68299627000007,1.3790062120699034,-1.5134417087022882,0.13443549663236976,168,168,0
6497,11685-1-02,30 a 44,Hombres,Quintil alto,Sur,Trabajadores moviles,Motorizados privados,58.3,63.82117150016696,36.38,35.543275192170874,13.51,8.82555330766216,59.809999999999995,7.127399,261.9873477,221.45999999999998,0,221.45999999999998,40.5273477,12.851600401331313,9.097664514547837,5.724201401331313,1.9702655145478376,1.80312627388074,0.8031262738807401,153.54001399999999,192.8916062291185,509.12595010999996,-5.521171500166965,0.8367248078291283,4.68444669233784,168,168,0
6505,11697-1-01,60 o mas,Hombres,Quintil medio,Norte,Trabajadores moviles,Usuarios publicos,63.69,55.93820726867262,25.1,35.45753026934929,11.41,8.80426246197808,67.80000000000001,2.595642,68.433348814265,50.32,34.703113685735,15.616886314265003,52.8164625,5.126728551351629,7.844368650741089,2.5310865513516294,5.248726650741089,1.9751292941598377,0.9751292941598377,96.88309016573498,76.76221137700693,191.64997958573497,7.751792731327377,-10.35753026934929,2.60573753802192,168,168,0
6521,11718-1-01,18 a 29,Hombres,Quintil bajo,Centro,Trabajadores moviles,Motorizados privados,67.66,69.69714893358848,29.34,27.215196689735553,6.67,6.757654376675967,64.33,3.25107,171.80737263999998,101.84,0,101.84,69.96737264,4.76689038135697,3.953533427520022,1.5158203813569702,0.7024634275200219,1.4662527664298124,0.4662527664298124,48.16002356000001,54.782937343521496,165.23105426,-2.037148933588483,2.124803310264447,-0.08765437667596743,168,168,0
6533,11740-1-02,45 a 59,Hombres,Quintil bajo,Centro,Trabajadores moviles,Movilidad mixta,46.11,46.38414183425953,31.8,36.30993885971726,13.8,9.01591930602319,76.29,3.878971,28.478795038565117,104.20000000000002,79.5805739514349,24.619426048565117,3.8593689900000006,9.877060804869647,9.748744637819891,5.998089804869647,5.8697736378198915,2.546309525095611,1.546309525095611,150.38055777143487,151.44394599641439,327.26163537143486,-0.274141834259531,-4.509938859717263,4.7840806939768115,168,168,0
6551,11771-1-02,60 o mas,Mujeres,Quintil bajo,Sur,Trabajadores moviles,Movilidad activa,48.15,56.377259207161096,47.65,41.16202653704797,11.96,10.220714255790938,60.23999999999999,3.295831,54.20426265000002,68.01,172.5,-104.49,158.69426265,7.571451308669593,5.18176189669741,4.275620308669593,1.8859308966974102,2.297281416635013,1.2972814166350133,104.49,131.60565593999695,300.9544859100001,-8.227259207161097,6.487973462952027,1.739285744209063,167.99999999999997,168,0
6601,11856-1-02,30 a 44,Hombres,Quintil medio,Norte,Trabajadores moviles,Movilidad activa,55.15,58.65359105730394,49.56,42.26245372261761,6.7,10.49395522007846,56.58999999999999,3.287005,60.361846999290805,59.580000000000005,30.4964539007092,29.083546099290807,31.278300899999998,7.420653982672582,6.353420638280464,4.133648982672582,3.0664156382804637,2.2575730741731705,1.2575730741731705,120.91647875070919,132.43280007402254,305.84338005070924,-3.503591057303943,7.297546277382395,-3.79395522007846,168,168,0
6608,11864-1-01,30 a 44,Mujeres,Quintil bajo,Norte,Trabajadores moviles,Movilidad mixta,88.01,66.7477318592216,6.86,30.03455464485302,9.37,7.457713495925378,63.76,3.827027,179.09666799999997,167.27999999999997,0,167.27999999999997,11.816668,6.019796372371686,28.726984135710374,2.1927693723716857,24.899957135710373,1.5729694021943628,0.5729694021943628,157.71997827000007,76.34870401400133,219.8326264800001,21.262268140778403,-23.17455464485302,1.912286504074621,168,168,0
6617,11880-1-01,30 a 44,Hombres,Quintil medio,Centro,Trabajadores moviles,Motorizados privados,66.74,57.018586707331806,29.53,36.10610647444529,5.82,8.965306818222908,65.91,3.669054,98.07562494647888,125.20999999999998,84.5070422535211,40.70295774647887,57.37266720000001,7.288643402813459,12.275797715178523,3.6195894028134585,8.606743715178524,1.9865184330384504,0.9865184330384503,146.7970390135211,111.12864868640372,276.4980979135212,9.721413292668188,-6.5761064744452895,-3.145306818222908,168,168,0
6619,11882-1-01,18 a 29,Hombres,Quintil bajo,Norte,Trabajadores moviles,Movilidad mixta,59.12,69.71327814310939,50.23,36.49488067548915,5.92,9.061841181401464,52.73,3.523396,153.02317048000003,94.72000000000001,0,94.72000000000001,58.303170480000006,6.008977847876417,2.9103158715308477,2.485581847876417,-0.6130801284691523,1.7054506072767344,0.7054506072767344,55.280001039999945,92.60431487631902,253.11868643999998,-10.593278143109394,13.735119324510848,-3.141841181401464,168,168,0
6620,11883-1-01,18 a 29,Hombres,Quintil bajo,Norte,Trabajadores moviles,Movilidad mixta,60.53,52.4943982743048,13.89,23.50035825417908,7.41,5.835243471516118,86.17,2.735382,101.04269957,52.47,0,52.47,48.57269957,4.287672823136252,8.955786361675234,1.5522908231362522,6.220404361675234,1.567485939125231,0.5674859391252308,64.52997289000001,42.54953257036442,122.79360949,8.035601725695201,-9.61035825417908,1.5747565284838823,168,168,0
6624,11889-1-01,45 a 59,Hombres,Quintil bajo,Centro,Trabajadores moviles,Motorizados privados,50.75,58.48588342886504,45.52,38.319271126769316,10.05,9.514845444365658,61.67999999999999,4.287031,108.386825,90.82000000000001,0,90.82000000000001,17.566824999999998,8.796768508704556,5.807972241501998,4.509737508704556,1.5209412415019985,2.0519488915999338,1.051948891599934,109.17999825,142.34397032193067,347.41031092000003,-7.735883428865037,7.2007288732306876,0.5351545556343424,168,168,0
6625,11891-1-01,30 a 44,Hombres,Quintil bajo,Norte,Trabajadores moviles,Movilidad mixta,90.64,76.12634491572655,15.68,30.147817834599927,7.44,7.485837249673524,54.24,2.836838,163.13100064,143.5,0,143.5,19.63100064,4.149562180830795,12.01882051752524,1.312724180830795,9.18198251752524,1.4627420320902338,0.4627420320902339,93.99999568000001,52.8271074180399,159.58769024,14.513655084273452,-14.467817834599927,-0.04583724967352332,168,168,0
6627,11897-1-01,30 a 44,Hombres,Quintil alto,Norte,Trabajadores moviles,Motorizados privados,45.02,54.99377755969926,45.76,40.09937042360322,14.27,9.956852016697521,62.95,28.101057,437.5795976,422.47,0,422.47,15.109597599999999,65.42241588847186,40.75090362878259,37.32135888847186,12.649846628782587,2.32811228020611,1.3281122802061098,827.5299885400002,1107.80368025043,2514.43644025,-9.973777559699258,5.660629576396779,4.313147983302478,168,168,0
6660,11963-1-01,30 a 44,Hombres,Quintil bajo,Centro,Trabajadores moviles,Usuarios publicos,59.01,77.20459641511937,32.37,25.663133420661634,17.86,6.372270164218993,58.760000000000005,2.824284,176.14099061,134.48,0,134.48,41.660990610000006,3.867009800029272,-0.5579131886965082,1.042725800029272,-3.3821971886965083,1.369200052129769,0.36920005212976886,-9.479991769999998,41.90671577167902,132.38379354999998,-18.19459641511937,6.706866579338364,11.487729835781007,168,168,0
6665,11970-1-02,18 a 29,Mujeres,Quintil bajo,Centro,Trabajadores moviles,Usuarios publicos,24.81,32.0207838840141,15.81,11.510986879182212,5.77,2.8582292368036954,121.61,3.082353,76.47317792999999,0,0,0,76.47317792999999,4.57249903424745,0,1.49014603424745,-3.082353,1.4834443148618766,0.4834443148618766,0,22.226181337242522,66.51717774,-7.210783884014102,4.299013120817788,2.911770763196304,168,168,0
6666,11973-2-01,30 a 44,Hombres,Quintil bajo,Centro,Trabajadores moviles,Usuarios publicos,62,66.14188056457915,43.4,36.36782639654947,6.14,9.030293038871376,56.46,3.268208,127.69888900000001,75.07000000000001,0,75.07000000000001,52.628888999999994,5.760537341914615,4.471174469003702,2.492329341914615,1.202966469003702,1.762598139994338,0.7625981399943379,74.93000699999999,88.4665341962021,236.83703132,-4.141880564579154,7.032173603450531,-2.890293038871376,168,168,0
6698,12023-1-01,18 a 29,Mujeres,Quintil bajo,Centro,Trabajadores moviles,Usuarios publicos,43.14,62.2805483726245,61.47,39.30087065461655,6.73,9.758580972758946,56.66,2.535667,75.54865966,66.16,0,66.16,9.388659660000002,4.963519005924921,1.4667902498956982,2.4278520059249207,-1.068876750104302,1.9574806178906459,0.957480617890646,33.84001472000001,82.37407159036766,206.77250412,-19.1405483726245,22.169129345383446,-3.0285809727589452,168,168,0
6704,12034-1-01,45 a 59,Mujeres,Quintil bajo,Centro,Trabajadores moviles,Usuarios publicos,67.2,76.93965917956413,37.2,30.35344534532765,10.43,7.536895475108222,53.169999999999995,2.768182,161.23183520000003,90.21000000000001,0,90.21000000000001,71.02183520000001,4.037507037444426,1.5385715833779026,1.269325037444426,-1.2296104166220974,1.4585410343122043,0.4585410343122042,24.789995199999964,51.751144427004164,156.63850386000001,-9.739659179564129,6.846554654672353,2.8931045248917773,168,168,0
6716,12056-1-02,30 a 44,Hombres,Quintil bajo,Centro,Trabajadores moviles,Usuarios publicos,55.04,72.45300079559505,39.45,33.20263681556064,19.41,8.244362388844308,54.10000000000001,2.84844,143.71813612,111.94000000000001,0,111.94000000000001,31.77813612,4.469082557757181,0.6559108487876668,1.620642557757181,-2.1925291512123333,1.568957941103615,0.568957941103615,13.060001480000011,62.65988946620476,180.71917988,-17.413000795595046,6.247363184439365,11.165637611155692,168,168,0
6717,12058-1-01,60 o mas,Hombres,Quintil medio,Centro,Trabajadores moviles,Movilidad mixta,72.84,57.8112351276122,15.42,29.0303899389298,5.79,7.208374933458002,73.94999999999999,1.839609,69.49713812,52.5,42,10.5,58.99713812,3.006218095696798,8.989608261300143,1.166609095696798,7.149999261300143,1.6341614417502839,0.6341614417502839,64.49998144000001,36.852930321871554,103.51808833000003,15.028764872387804,-13.610389938929801,-1.4183749334580016,168,168,0
6719,12059-1-02,45 a 59,Mujeres,Quintil medio,Centro,Trabajadores moviles,Usuarios publicos,73.59,72.66312157016064,43.6,42.06255816559737,7.98,10.44432026424199,42.83,2.732052,110.39818283876062,74.72000000000001,50.3735144312394,24.346485568760613,86.05169727,4.961194621122624,5.195474271145078,2.2291426211226244,2.463422271145078,1.8159224718719207,0.8159224718719206,90.65352384123938,88.12124377323988,231.5727660012394,0.9268784298393626,1.5374418344026282,-2.464320264241989,168,168,0
6722,12068-1-02,30 a 44,Hombres,Quintil bajo,Centro,Trabajadores moviles,Motorizados privados,56.84,62.041447489126895,40.27,34.822076136292566,8.4,8.64647637458055,62.48999999999999,2.720127,97.37464158582772,92.69000000000001,24.9273959341723,67.76260406582772,29.61203752,4.854668302513179,3.476483908727541,2.134541302513179,0.756356908727541,1.784721192250648,0.7847211922506482,57.23737709417229,71.38597484842857,189.62595818417236,-5.201447489126892,5.447923863707437,-0.24647637458054916,168,168,0
6730,12075-1-02,45 a 59,Mujeres,Quintil bajo,Centro,Trabajadores moviles,Usuarios publicos,52.56,60.27358220808988,53.2,41.34121118989895,6.12,10.265206602011176,56.12,2.81415,64.98172156000001,117.07000000000001,75,42.07000000000001,22.91172156,5.993826366280239,4.132685739489382,3.179676366280239,1.318535739489382,2.1298887288453847,1.1298887288453845,82.93000244000001,104.63717981089613,249.86538044,-7.713582208089875,11.858788810101053,-4.145206602011176,168,168,0
6736,12084-1-01,30 a 44,Hombres,Quintil bajo,Norte,Trabajadores moviles,Usuarios publicos,92.68,86.14309922387685,23.44,26.545528090872136,3.16,6.59137268525102,48.72,0.852445,62.09462796,33.09,0,33.09,29.004627959999997,1.0114212989410252,1.8792439703685955,0.15897629894102516,1.0267989703685956,1.1864944940037483,0.18649449400374823,16.909974640000016,11.337626257897696,39.585011640000005,6.5369007761231614,-3.1055280908721343,-3.43137268525102,168,168,0
6737,12085-1-01,45 a 59,Mujeres,Quintil medio,Norte,Trabajadores moviles,Motorizados privados,65.96,64.57456852414806,38.81,35.660716875821606,4.32,8.854714600030325,58.910000000000004,4.399153,166.14814031999998,100.97999999999999,0,100.97999999999999,65.16814031999999,7.831016248250365,8.50029670477005,3.431863248250365,4.101143704770051,1.7801190929823003,0.7801190929823002,124.01999156,117.92526652671154,313.75546045000004,1.3854314758519308,3.149283124178396,-4.534714600030325,168,168,0
6738,12086-1-01,30 a 44,Hombres,Quintil bajo,Centro,Trabajadores moviles,Motorizados privados,83.63,89.32639278321271,20.15,20.422587829894898,11.04,5.071019386892391,53.18,2.617633,206.08265133999998,137.17000000000002,37.5,99.67000000000002,106.41265133999998,3.216722829530643,1.2159984105561632,0.599089829530643,-1.401634589443837,1.2288670067693381,0.2288670067693382,12.82999645000001,27.74106218029945,94.47396972000001,-5.6963927832127155,-0.27258782989489916,5.968980613107608,168,168,0
6756,12116-1-01,45 a 59,Hombres,Quintil bajo,Centro,Trabajadores moviles,Usuarios publicos,56.33,62.97122473657335,35.1,33.684711569234814,13.59,8.364063694191845,62.97999999999999,2.862303,109.90350995000001,73.67000000000002,0,73.67000000000002,36.23350995,4.944996806383601,3.116402098822932,2.0826938063836016,0.25409909882293213,1.7276286984234728,0.7276286984234729,51.330018039999985,70.33921552716807,190.69555111,-6.641224736573349,1.4152884307651874,5.225936305808155,168,168,0
6764,12135-1-01,60 o mas,Hombres,Quintil medio,Centro,Trabajadores moviles,Movilidad mixta,30.81,51.267399483887885,60.17,36.980241967321646,6.45,9.182358548790472,70.57,15.426047,235.31669241588793,204.9,44.8598130841121,160.04018691588792,75.2765055,35.574947914358994,10.647698301845704,20.148900914358993,-4.778348698154296,2.306160996032165,1.3061609960321652,239.95981565411205,555.5366215903424,1267.6430667941122,-20.457399483887887,23.189758032678355,-2.7323585487904714,168,168,0
6769,12148-1-02,18 a 29,Mujeres,Quintil bajo,Norte,Trabajadores moviles,Usuarios publicos,69.72,79.2344052422887,28.64,25.559145305075717,12.78,6.346449452635582,56.86,2.173079,140.86705536,14.36,0,14.36,126.50705536,2.9014512434872226,0.7593707947542409,0.7283722434872226,-1.4137082052457592,1.3351798270965862,0.3351798270965863,10.640012519999999,31.315566749507497,100.64894470000002,-9.514405242288703,3.080854694924284,6.433550547364417,168,168,0
6771,12154-1-01,30 a 44,Mujeres,Quintil bajo,Centro,Trabajadores moviles,Usuarios publicos,71.75,75.42858399709851,36.66,31.275556281328758,6.06,7.765859721572729,53.53,2.856007,159.10846049999998,79.19,0,79.19,79.9184605,4.264114743213904,3.1699418052060375,1.408107743213904,0.31393480520603756,1.4930337156785345,0.4930337156785344,45.81004175000001,56.31610339580135,167.81866079000002,-3.6785839970985137,5.384443718671239,-1.7058597215727298,168,168,0
6781,12167-1-01,30 a 44,Mujeres,Quintil bajo,Sur,Trabajadores moviles,Usuarios publicos,55.26,55.69268645135455,45.96,41.38198310001969,6.13,10.275330448625768,60.65,3.28017,48.08845376623381,83.06000000000002,66.2337662337662,16.826233766233813,31.26222,7.702160863415265,7.557638004790825,4.421990863415265,4.277468004790825,2.3480980752263645,1.3480980752263647,133.17374043376617,134.59302555090582,304.0377957337662,-0.43268645135454875,4.578016899980312,-4.145330448625768,168,168,0
6797,12189-1-01,30 a 44,Hombres,Quintil bajo,Centro,Trabajadores moviles,Movilidad mixta,69.27,63.63084145144592,39.91,40.95888519216216,5.58,10.170273356391919,53.24000000000001,2.676233,77.9876573490071,85.3,82.6950354609929,2.6049645390070992,75.38269281,5.336671003697728,6.978948309585391,2.6604380036977284,4.302715309585391,1.994098048898481,0.994098048898481,107.39500256099288,92.30330036112036,229.13684173099287,5.639158548554079,-1.0488851921621603,-4.5902733563919185,168,168,0
6806,12209-1-02,45 a 59,Mujeres,Quintil alto,Centro,Trabajadores moviles,Motorizados privados,62.91,68.12874355610138,45.46,38.437142911222644,7.74,9.54411353267597,51.89,4.74999,184.48184248,130.66000000000003,0,130.66000000000003,53.82184248,8.571718862846692,6.35343380325905,3.821728862846692,1.60344380325905,1.804576191286022,0.804576191286022,114.34002842000001,139.12900812404604,367.03949642000003,-5.218743556101387,7.022857088777357,-1.80411353267597,168,168,0
6808,12212-1-02,30 a 44,Hombres,Quintil bajo,Centro,Trabajadores moviles,Usuarios publicos,80.44,79.8233331449451,24.63,26.881797083411925,8.31,6.674869771642976,54.620000000000005,2.767203,177.77382604,95.17999999999999,15,80.17999999999999,97.59382604,3.798015408622465,4.022258157729043,1.0308124086224653,1.2550551577290432,1.372510585100719,0.37251058510071916,44.81998328,43.113540908691505,135.9716501,0.6166668550549019,-2.251797083411926,1.6351302283570242,168,168,0
6822,12235-1-02,30 a 44,Mujeres,Quintil alto,Norte,Trabajadores moviles,Motorizados privados,82.1,73.38360998995107,21.88,30.94308450836053,8.03,7.683305501688391,55.99000000000001,5.330203,284.5397042,171.93,0,171.93,112.60970420000001,8.1589635205123,15.128483901456407,2.8287605205123,9.798280901456408,1.5307040877265463,0.5307040877265462,153.06996209999994,106.60983391926715,312.49633382999997,8.716390010048926,-9.063084508360532,0.34669449831160826,168,168,0
6827,12253-1-01,60 o mas,Mujeres,Quintil alto,Sur,Trabajadores moviles,Usuarios publicos,67.73,56.53243346814657,36.33,44.67465180079804,8.24,11.092914731055401,55.699999999999996,2.777043,23.843168367718988,155.14,204.385964912281,-49.24596491228101,73.08913328,7.05798561535248,10.893661890544417,4.28094261535248,8.116618890544416,2.541547111568845,1.5415471115688448,164.245954022281,133.14983026796315,288.018760532281,11.197566531853433,-8.34465180079804,-2.8529147310554013,168,168,0
6847,12280-1-02,30 a 44,Hombres,Quintil bajo,Norte,Trabajadores moviles,Motorizados privados,59,64.0253637170257,37.39,36.19680789791302,12.82,8.987828385061285,58.79,4.39337,159.718834,125.50999999999999,0,125.50999999999999,34.208834,7.953372453388093,5.857483013696056,3.560002453388093,1.464113013696056,1.810312460227136,0.8103124602271362,99.48999599999999,121.56827819346918,320.0811037000001,-5.025363717025698,1.1931921020869822,3.8321716149387157,168,168,0
6848,12281-1-01,45 a 59,Hombres,Quintil bajo,Centro,Trabajadores moviles,Usuarios publicos,62.97,62.472482209822466,15.33,24.47120800717336,14.72,6.076309783004177,74.98,4.9297,231.80322389999998,121.37999999999998,0,121.37999999999998,110.42322390000001,7.370804440735568,7.734109679959815,2.4411044407355673,2.8044096799598144,1.4951831634248671,0.49518316342486707,78.61998510000006,76.16737164976183,226.75747010000003,0.4975177901775325,-9.14120800717336,8.643690216995823,168,168,0
6871,12331-1-03,30 a 44,Hombres,Quintil bajo,Norte,Trabajadores moviles,Motorizados privados,51.23,55.506920358132064,31.04,35.114093946319024,17.07,8.718985695548891,68.660000000000025,3.12536,81.6721933,71.56,0,71.56,10.1121933,6.191491153114909,4.819745107316152,3.066131153114909,1.6943851073161516,1.9810489521574823,0.9810489521574823,78.4399995,91.80691531049163,228.80106909999995,-4.276920358132067,-4.074093946319024,8.351014304451109,168.00000000000003,168,0
6925,12428-1-03,18 a 29,Hombres,Quintil medio,Sur,Trabajadores moviles,Usuarios publicos,52.81,54.25233767441549,45.18,42.96841402315053,9.9,10.66924830243399,60.10999999999999,2.63716,20.929956131538496,93.2,86.5384615384615,6.661538461538498,14.268417669999998,6.731587946411631,6.351171501944475,4.094427946411631,3.714011501944475,2.5525898870040615,1.5525898870040615,118.33846346846153,122.14213868992309,263.59323626846157,-1.4423376744154908,2.21158597684947,-0.76924830243399,168,168,0
6954,12493-1-03,30 a 44,Hombres,Quintil medio,Norte,Trabajadores moviles,Movilidad mixta,78.5,64.49302618349886,26.34,37.32821260963682,6.25,9.268761206864326,56.91,5.10003,180.5923805,155.23999999999998,0,155.23999999999998,25.3523805,9.40969455785674,19.933615705661815,4.30966455785674,14.833585705661815,1.8450272954976226,0.8450272954976226,219.75997450000006,148.32398782662972,385.9699522000001,14.006973816501144,-10.988212609636822,-3.018761206864326,168,168,0
6955,12494-1-01,30 a 44,Hombres,Quintil bajo,Sur,Trabajadores moviles,Motorizados privados,47.01,55.408982069445614,45.05,35.06437713930163,7.12,8.70664079125275,68.82000000000001,5.485836,141.47305593787397,115.07999999999998,31.496062992126,83.58393700787398,57.88911892999999,10.974024720842511,6.596507102565184,5.488188720842511,1.1106711025651839,2.000428871887988,1.0004288718879877,116.41609442212601,162.4915326220453,402.61215854212605,-8.398982069445616,9.98562286069837,-1.5866407912527505,168,168,0
6965,12508-1-01,45 a 59,Hombres,Quintil bajo,Norte,Trabajadores moviles,Motorizados privados,72.41,74.53097635377753,36.29,36.24037688731992,11.07,8.998646758902542,48.230000000000004,3.061713,152.18866605,80.49,0,80.49,71.69866604999999,4.966425096100483,4.338676479086777,1.904712096100483,1.2769634790867768,1.6221066756095306,0.6221066756095307,69.50997228,76.00379315505327,214.51269996000002,-2.120976353777536,0.049623112680080794,2.0713532410974587,168,168,0
6973,12527-1-01,45 a 59,Hombres,Quintil alto,Centro,Trabajadores moviles,Usuarios publicos,51.35,55.18448069277907,38.02,36.83037371260926,11.79,9.145145594611678,66.84,14.010653,312.1270528,292.68,0,292.68,19.447052799999998,29.64402424337867,24.173582463820424,15.63337124337867,10.162929463820424,2.1158203149688077,1.1158203149688077,407.31997875,461.0435571717271,1105.19060468,-3.834480692779067,1.1896262873907446,2.6448544053883207,168,168,0
6976,12533-1-01,30 a 44,Mujeres,Quintil medio,Sur,Trabajadores moviles,Motorizados privados,65.39,58.85295569563454,32.56,37.961127512302774,8.29,9.425916792062692,61.76,8.623368,226.02200504000004,312.14000000000004,150,162.14000000000004,63.88200504,17.55994593229364,24.449309558499735,8.936577932293641,15.825941558499736,2.036321067626204,1.0363210676262038,337.86002847999987,281.48868981115254,690.12461128,6.537044304365459,-5.4011275123027715,-1.1359167920626927,168,168,0
6982,12546-1-02,30 a 44,Hombres,Quintil bajo,Sur,Trabajadores moviles,Movilidad mixta,51.19,58.146440282374435,50.76,39.7047049045658,5.76,9.85885481305974,60.29000000000001,4.096253,91.44721017000002,206.76000000000002,125,81.76000000000002,9.68721017,8.751732195958478,6.184207363414938,4.6554791959584785,2.087954363414938,2.1365214004014104,1.1365214004014104,118.23998089999996,146.73532027599708,349.7602004599999,-6.956440282374437,11.055295095434197,-4.09885481305974,168,168,0
6984,12550-1-01,45 a 59,Mujeres,Quintil medio,Centro,Trabajadores moviles,Motorizados privados,78.71,70.08125570457024,26.75,35.39100127791109,8.8,8.787743017518663,53.74000000000001,3.899926,175.8931563,118.92999999999999,0,118.92999999999999,56.9631563,6.518537395417527,10.898973676533762,2.6186113954175276,6.999047676533762,1.6714515597007553,0.6714515597007553,131.07001915999996,97.4185549349018,269.71238845999994,8.628744295429755,-8.641001277911087,0.012256982481337886,168,168,0
6986,12551-1-02,45 a 59,Mujeres,Quintil bajo,Centro,Trabajadores moviles,Usuarios publicos,80.19,83.98096331724302,25.73,25.345609195758964,9.7,6.293427486998018,52.379999999999995,2.241882,156.88651994,64.61,0,64.61,92.27651994,2.9327466864055673,1.9098376092471518,0.6908646864055674,-0.3320443907528481,1.3081628232019202,0.3081628232019203,22.88999763999999,31.38889006358741,102.31987690000003,-3.790963317243026,0.3843908042410362,3.406572513001981,168,168,0
6994,12567-1-03,45 a 59,Mujeres,Quintil alto,Centro,Trabajadores moviles,Movilidad mixta,55.22,55.93190745615458,42.13,37.13684801653536,4.94,9.221244527310043,65.71000000000001,9.609675,221.0962541,190.45000000000002,0,190.45000000000002,30.6462541,20.175331603677403,19.440545857664393,10.565656603677404,9.830870857664394,2.099481158694483,1.0994811586944828,309.54999939999993,316.3911986837222,761.8774016499998,-0.7119074561545844,4.993151983464642,-4.281244527310043,168,168,0
6998,12576-1-01,30 a 44,Mujeres,Quintil bajo,Centro,Trabajadores moviles,Usuarios publicos,62.34,63.71539884290134,31.14,30.629227697431023,8.47,7.6053734596676446,66.05,3.415171,145.7517547,107.85000000000001,0,107.85000000000001,37.9017547,5.554887867456348,5.011446006326947,2.1397168674563485,1.5962750063269473,1.6265328639345873,0.6265328639345873,67.15000544000003,71.8472276817102,202.42492875,-1.3753988429013333,0.5107723025689772,0.8646265403323561,168,168,0
6999,12578-1-02,30 a 44,Mujeres,Quintil bajo,Sur,Trabajadores moviles,Movilidad mixta,53.38,62.14660084303917,47.27,36.09167559122289,6.55,8.961723565737948,60.8,2.413427,82.87871964,66.55,0,66.55,16.32871964,4.4031731331817445,2.523851493105661,1.9897461331817445,0.11042449310566083,1.8244484433056167,0.8244484433056167,45.95001362000001,67.10756479281348,175.84065476,-8.766600843039164,11.178324408777115,-2.4117235657379483,168,168,0
7004,12583-1-01,30 a 44,Hombres,Quintil alto,Norte,Trabajadores moviles,Motorizados privados,84.77,74.00541453878495,33.52,39.28095070142648,4.75,9.753634759788572,44.96,7.602254,343.8259566228571,268.24,18.8571428571429,249.38285714285712,94.44309948,13.189578893081435,23.220795091909082,5.587324893081435,15.618541091909082,1.7349563554547685,0.7349563554547685,300.6171149571429,218.7820020762789,591.5553755371428,10.764585461215049,-5.760950701426474,-5.0036347597885715,168,168,0
7036,12639-1-01,30 a 44,Hombres,Quintil bajo,Norte,Trabajadores moviles,Motorizados privados,72.98,70.17650538855784,28.4,30.684417322432708,7.1,7.619077289009447,59.52,2.416294,121.84117816,45.50000000000001,0,45.50000000000001,76.34117816,3.683303367223683,4.538262996409961,1.2670093672236828,2.121968996409961,1.5243605981820436,0.5243605981820436,54.49995796000002,47.72589075133999,140.27839495999999,2.8034946114421615,-2.2844173224327093,-0.5190772890094477,168,168,0
7051,12667-1-01,45 a 59,Hombres,Quintil alto,Centro,Trabajadores moviles,Motorizados privados,72.94,70.43485720305779,31.49,33.257225736296824,7.52,8.257917060645378,56.05000000000001,4.501754,215.03796346000001,136.68,0,136.68,78.35796346000001,7.266012328537473,8.587215444174607,2.7642583285374727,4.085461444174607,1.6140402893044516,0.6140402893044516,113.31997329999996,102.04243669329418,288.93339683999994,2.5051427969422093,-1.767225736296826,-0.737917060645378,168,168,0
7057,12680-1-02,45 a 59,Mujeres,Quintil bajo,Centro,Trabajadores moviles,Usuarios publicos,52.17,60.58317233187412,42.04,36.302704648837924,11.69,9.014123019287954,62.099999999999994,2.826074,89.7604662337977,42.67,21.0958296362023,21.574170363797702,68.18629587,5.313301109331403,3.173209460801676,2.4872271093314025,0.3471354608016757,1.8800997812978013,0.8800997812978012,57.675814346202316,81.45206193083112,209.52077036620236,-8.413172331874115,5.737295351162075,2.6758769807120455,168,168,0
7063,12684-1-02,18 a 29,Hombres,Quintil bajo,Centro,Trabajadores moviles,Movilidad mixta,71.45,72.18033098500182,40.38,36.841708854293636,6.34,9.147960160704548,49.83,2.592187,120.02173845,84.81,0,84.81,35.21173845,4.31196458496203,4.124773865303604,1.7197775849620296,1.532586865303604,1.6634465742487057,0.6634465742487057,65.1900227,67.0831771850189,186.29699934,-0.7303309850018138,3.538291145706367,-2.807960160704548,168,168,0
7071,12700-1-01,45 a 59,Mujeres,Quintil bajo,Sur,Trabajadores moviles,Movilidad mixta,52.35,62.15346283301829,51.3,39.498807576261044,7.81,9.807729590720658,56.540000000000006,3.524647,102.46524919999999,80.44999999999999,0,80.44999999999999,22.0152492,6.990849044988901,4.103359657458697,3.4662020449889015,0.5787126574586967,1.9834182103878493,0.9834182103878493,82.05002125000001,116.6037671140094,290.39190541999994,-9.803462833018287,11.801192423738954,-1.9977295907206587,168,168,0
7072,12701-1-01,45 a 59,Hombres,Quintil alto,Centro,Trabajadores moviles,Motorizados privados,59.28,68.37621653460405,48.52,37.86238490250121,7.84,9.401398562894736,52.36,9.480904,376.32796304,314.3,0,314.3,62.02796304,17.008541140425454,9.740086776359341,7.527637140425453,0.2591827763593404,1.7939788379278445,0.7939788379278445,185.70002608000004,271.94038180779376,720.04377552,-9.096216534604054,10.657615097498791,-1.5613985628947358,168,168,0
7079,12717-1-02,18 a 29,Mujeres,Quintil bajo,Norte,Trabajadores moviles,Usuarios publicos,53.32,52.919850720823064,35.92,33.397421088953166,5.37,8.29272819022377,73.39,3.077805,76.90049167152651,89.7,39.4080996884735,50.291900311526504,26.608591360000002,6.09632489407837,6.24357945405113,3.0185198940783695,3.1657744540511294,1.980737861585893,0.980737861585893,87.20807092847349,85.97648947627633,214.29063937847351,0.40014927917693655,2.5225789110468355,-2.9227281902237694,168,168,0
7084,12730-1-01,45 a 59,Mujeres,Quintil alto,Centro,Trabajadores moviles,Movilidad mixta,93.07,73.29987719073536,13.62,32.1396938789752,6.73,7.980428930289424,54.58000000000001,4.253853,222.26607551,126.35999999999999,0,126.35999999999999,95.90607551000001,6.597519661919373,25.223611428078634,2.3436666619193725,20.969758428078634,1.550951493133254,0.5509514931332541,173.64002319999997,89.54082697744121,260.20593175,19.770122809264635,-18.519693878975204,-1.2504289302894236,168,168,0
7087,12733-1-01,30 a 44,Hombres,Quintil bajo,Sur,Trabajadores moviles,Motorizados privados,62.68,65.17383752546453,27.44,27.562316664357258,9.46,6.843845810178219,68.41999999999999,6.009351,283.53608851999996,206.86999999999998,0,206.86999999999998,76.66608852,9.289173930691447,7.460797156398684,3.2798229306914477,1.451446156398684,1.5457865467820815,0.5457865467820815,93.13003215999998,108.11637718748784,314.8750840600001,-2.493837525464535,-0.12231666435725685,2.616154189821782,168,168,0
7095,12749-1-01,30 a 44,Mujeres,Quintil alto,Centro,Trabajadores moviles,Movilidad mixta,68.24,52.43299583408756,19.77,32.88220613912986,5.47,8.164798026782567,74.52000000000001,13.191429,324.133088,298.95,0,298.95,25.183088,26.46895426243453,67.46720154381144,13.27752526243453,54.27577254381144,2.0065266820171286,1.0065266820171288,576.05002696,367.53305380266187,909.0016949199999,15.807004165912431,-13.112206139129864,-2.694798026782567,168,168,0
7104,12761-1-03,18 a 29,Mujeres,Quintil medio,Norte,Trabajadores moviles,Movilidad mixta,76.97,74.17313090958682,28.77,28.732469201140173,4.3,7.134399889273003,57.96000000000001,2.720531,153.98924725,64.59,0,64.59,89.39924725,3.939724541674212,4.9530873582569415,1.2191935416742123,2.2325563582569417,1.4481454325182153,0.44814543251821515,55.410023819999964,47.80105475658911,145.37798398999996,2.796869090413182,0.037530798859826575,-2.834399889273003,168,168,0
7108,12766-1-01,30 a 44,Mujeres,Quintil alto,Centro,Trabajadores moviles,Motorizados privados,77.9,65.74731725947049,13.57,29.586278263730133,11.21,7.346404476799381,65.32,10.928036,499.8639797000001,398.57000000000005,0,398.57000000000005,101.29397970000002,17.498908183441962,41.92368090930633,6.570872183441962,30.99564490930633,1.6012857372946028,0.6012857372946028,351.4300247,218.62507021491479,622.22675678,12.152682740529514,-16.016278263730133,3.86359552320062,168,168,0
7133,12797-1-01,18 a 29,Hombres,Quintil bajo,Sur,Trabajadores moviles,Movilidad mixta,59.08,66.27137672659134,45.9,32.779361922909565,2.21,8.13926135049909,60.81,2.198095,96.17640456296296,68.35,7.03703703703704,61.312962962962956,34.8634416,3.5756639580147516,2.0699003823480817,1.3775689580147517,-0.1281946176519182,1.626710382406016,0.626710382406016,33.68704803703703,49.49437726287384,139.437398487037,-7.1913767265913435,13.120638077090433,-5.9292613504990905,168,168,0
7138,12802-1-06,18 a 29,Hombres,Quintil medio,Centro,Trabajadores moviles,Movilidad mixta,71.07,69.98232776771981,47.86,42.80820463375792,4.49,10.62946759852227,44.580000000000005,2.322921,83.06135966135136,71.62,3.64864864864865,67.97135135135136,15.09000831,4.3979743407533185,4.632022377318686,2.0750533407533185,2.3091013773186857,1.8932948390209217,0.8932948390209217,82.02863580864863,79.5020591391681,203.6335501586486,1.087672232280184,5.051795366242082,-6.13946759852227,168,168,0
7155,12835-1-02,45 a 59,Hombres,Quintil bajo,Sur,Trabajadores moviles,Motorizados privados,49.01,63.768882032533064,56,41.96181314091377,11.14,10.419304826553153,51.85000000000001,2.297737,63.9120916,51.3,0,51.3,12.6120916,4.662194273130728,2.1442205757607247,2.364457273130728,-0.15351642423927547,2.0290373846661858,1.0290373846661858,48.69999877000001,82.61202809478644,202.97006095,-14.758882032533066,14.038186859086231,0.7206951734468472,168,168,0
7165,12851-1-04,45 a 59,Hombres,Quintil alto,Centro,Trabajadores moviles,Motorizados privados,52.7,55.89660998627484,37.77,34.080940831497905,7.97,8.462449182227253,69.56,2.367323,67.44790130000001,52.690000000000005,0,52.690000000000005,14.7579013,4.507994574789753,3.703874404103003,2.140671574789753,1.336551404103003,1.9042583436184048,0.9042583436184048,57.31002079999999,64.87742914253809,165.59137481999997,-3.1966099862748365,3.689059168502098,-0.4924491822272534,168,168,0
7193,12916-1-01,45 a 59,Mujeres,Quintil bajo,Centro,Trabajadores moviles,Usuarios publicos,61.93,61.3839234047691,34.24,34.27535380663289,8,8.51072278859803,63.829999999999984,3.003968,106.84571027999999,70.81,0,70.81,36.035710279999996,5.3579557074134945,5.542024388070802,2.3539877074134945,2.538056388070802,1.7836260930254566,0.7836260930254565,79.19002796000001,77.54963134237744,206.07763628000004,0.5460765952309004,-0.035353806632890894,-0.5107227885980308,168,168,0
7201,12928-1-01,30 a 44,Hombres,Quintil bajo,Norte,Trabajadores moviles,Movilidad mixta,77.23,70.47549084590894,22.85,31.494327552827738,9.71,7.820181601263338,58.20999999999999,2.793842,139.32839577,73.55999999999999,0,73.55999999999999,65.76839577,4.328701136411772,6.9399805347814,1.534859136411772,4.1461385347814,1.5493722037294062,0.5493722037294063,76.44002189000003,57.56899052591595,167.40751741000008,6.754509154091068,-8.644327552827736,1.8898183987366632,168,168,0
7221,12964-1-01,30 a 44,Mujeres,Quintil bajo,Centro,Trabajadores moviles,Motorizados privados,81.72,86.77085575588161,16.76,19.890295427974312,13.12,4.938848816144075,56.4,2.242511,171.69796704,103.44000000000001,0,103.44000000000001,68.25796704,2.724846053441431,1.1436688289709442,0.48233505344143124,-1.0988421710290557,1.2150870401266398,0.21508704012663984,11.560031879999968,22.886631471977807,78.56626055999996,-5.050855755881614,-3.1302954279743105,8.181151183855924,168,168,0
7227,12971-1-03,45 a 59,Mujeres,Quintil bajo,Centro,Trabajadores moviles,Motorizados privados,94.52,84.02765651766768,13.94,26.88634455361356,9.13,6.675998928718754,50.410000000000004,3.558831,244.01067712,112.63,0,112.63,131.38067712,4.846916559589121,11.836010213972262,1.288085559589121,8.277179213972262,1.3619406371331262,0.3619406371331263,92.37002900000002,55.02955175242781,174.47226017,10.492343482332316,-12.946344553613562,2.4540010712812466,168,168,0
7264,13048-1-03,18 a 29,Mujeres,Quintil bajo,Centro,Trabajadores moviles,Usuarios publicos,24.1,39.961920753659385,47.65,28.20472146667459,3.42,7.003357779666011,92.83,3.663553,47.8516219,34.56,0,34.56,13.291621899999997,8.274476298382321,2.340815544982079,4.610923298382321,-1.3227374550179207,2.2585933104781946,1.2585933104781946,40.440005400000004,98.5509927628311,227.53765711,-15.861920753659383,19.445278533325407,-3.583357779666011,168,168,0
7290,13090-1-01,30 a 44,Mujeres,Quintil medio,Centro,Trabajadores moviles,Usuarios publicos,59.83,57.941511733716375,20.06,30.488146015656373,16.11,7.570342250627261,72,6.85795,243.15112064,182.83999999999997,0,182.83999999999997,60.31112064,11.977871962219002,13.6617323243522,5.119921962219002,6.803782324352201,1.746567408951509,0.7465674089515092,167.16002786,154.2088697542402,415.21207936,1.8884882662836233,-10.428146015656374,8.539657749372738,168,168,0
7300,13115-1-01,30 a 44,Hombres,Quintil alto,Centro,Trabajadores moviles,Motorizados privados,62.8,57.04649565424992,37.99,40.74607316273805,7.12,10.117431183012018,60.09000000000001,24.988916,450.11390600000004,570.8100000000001,190,380.81000000000006,69.30390600000001,56.689878151506804,73.34201660008452,31.700962151506804,48.35310060008452,2.268600932969914,1.2686009329699137,1119.1900188,975.416181998416,2246.4400195599997,5.7535043457500805,-2.7560731627380477,-2.9974311830120177,168,168,0
7305,13120-1-01,60 o mas,Hombres,Quintil alto,Centro,Trabajadores moviles,Motorizados privados,53.75,54.08139454723678,45.94,44.162788624801046,9.52,10.965816827962167,58.790000000000006,2.852919,11.8928905660377,106.19,122.6415094339623,-16.4515094339623,28.3444,7.635641308346664,7.539621691823007,4.782722308346664,4.686702691823007,2.67643115992661,1.67643115992661,141.4515056839623,142.39694748427053,299.6743934239623,-0.3313945472367834,1.7772113751989522,-1.445816827962167,168,168,0
7314,13136-1-03,18 a 29,Hombres,Quintil bajo,Centro,Trabajadores moviles,Usuarios publicos,45.62,58.127394965331995,49.23,36.05899596537062,8.29,8.953609069297363,64.86000000000001,4.212895,119.53228249999998,102.33999999999999,0,102.33999999999999,17.192282499999997,8.232279476761262,3.734206122386114,4.019384476761262,-0.47868887761388557,1.9540670908629962,0.9540670908629962,72.6599874,125.35232911247232,314.9857077999999,-12.507394965331997,13.171004034629377,-0.6636090692973635,168,168,0
7319,13149-1-01,45 a 59,Hombres,Quintil medio,Norte,Trabajadores moviles,Motorizados privados,92.94,71.7193935835969,14.03,33.413809028023415,6.46,8.2967973883796855,54.57,2.170942,107.67733446,80.91,0,80.91,26.767334459999997,3.4033713503863545,13.574486979281394,1.2324293503863544,11.403544979281394,1.5676933563339575,0.5676933563339575,94.09001502000001,48.02130928516104,138.57261660000003,21.2206064164031,-19.383809028023414,-1.8367973883796855,168,168,0
7328,13161-1-02,60 o mas,Hombres,Quintil medio,Norte,Trabajadores moviles,Movilidad mixta,84.51,64.15990604137421,16.21,37.41082077652601,10.14,9.28927318209978,57.14,4.161137,145.35769277999998,143.7,0,143.7,1.65769278,7.6985822700731905,23.14410782208025,3.5374452700731904,18.98297082208025,1.8501150695286386,0.8501150695286386,206.29999509000004,121.62046616528579,315.94595504,20.35009395862579,-21.200820776526008,0.8507268179002203,168,168,0
7329,13161-1-04,18 a 29,Hombres,Quintil medio,Norte,Trabajadores moviles,Movilidad mixta,87.32,68.24971808815417,24.81,39.30153578440281,5.18,9.758746127443015,50.690000000000005,2.698592,103.02105484,92.38000000000001,0,92.38000000000001,10.64105484,4.890105898944992,13.072372029548903,2.1915138989449923,10.373780029548904,1.8120953070879156,0.8120953070879156,132.61999859999997,81.15708839494815,213.55077268,19.070281911845825,-14.49153578440281,-4.578746127443015,168,168,0
7334,13178-1-02,30 a 44,Mujeres,Quintil bajo,Norte,Trabajadores moviles,Usuarios publicos,60.61,61.67812219700454,42.46,37.30009766253639,5.17,9.261780140459065,59.760000000000005,2.702821,86.20799199999999,39.89,0,39.89,46.317992,5.1105858353570435,4.816803004840566,2.4077648353570433,2.113982004840566,1.890833997278045,0.8908339972780451,77.60998881,80.49693191463004,206.34535304000002,-1.0681221970045414,5.159902337463613,-4.091780140459065,168,168,0
7339,13189-1-01,30 a 44,Mujeres,Quintil alto,Centro,Trabajadores moviles,Movilidad mixta,73.54,69.37773774673893,25.58,33.567341956026105,12.16,8.334920297234964,56.72,7.148377,328.94164144,228.25,0,228.25,100.69164144000003,11.781265983499086,15.41113759441992,4.632888983499086,8.26276059441992,1.6481036161773626,0.6481036161773626,196.75000314,166.99658338082037,466.52975112,4.162262253261076,-7.987341956026107,3.825079702765036,168,168,0
7345,13201-1-02,18 a 29,Hombres,Quintil bajo,Centro,Trabajadores moviles,Usuarios publicos,10.59,29.056619382575445,33.31,19.741482670740954,9.8,4.901897946683613,114.3,3.113518,32.97215562,0,0,0,32.97215562,6.897001808369816,0,3.783483808369816,-3.113518,2.215179680467502,1.215179680467502,0,57.49615184679754,134.22376098,-18.466619382575445,13.568517329259048,4.8981020533163875,168,168,0
7371,13243-1-02,30 a 44,Hombres,Quintil bajo,Centro,Trabajadores moviles,Movilidad mixta,75.62,78.87826964785718,54.81,46.91301907247227,7.01,11.648711279670557,30.559999999999995,1.915348,81.48862335999999,51.65,0,51.65,29.83862336,3.512846955303932,3.0292799627246856,1.597498955303932,1.1139319627246855,1.8340515432725186,0.8340515432725186,63.34999240000002,69.59071265348396,181.75680576,-3.258269647857176,7.896980927527736,-4.638711279670558,168,168,0
7373,13249-1-03,18 a 29,Hombres,Quintil bajo,Centro,Trabajadores moviles,Usuarios publicos,0.85,18.670345445645665,27.78,14.89192367464232,8.63,3.697730879712006,130.74,2.865729,2.43586965,0,0,0,2.43586965,8.12085513720518,0,5.255126137205179,-2.865729,2.833783353975613,1.833783353975613,0,51.06828073360471,104.34119288999997,-17.820345445645664,12.888076325357682,4.9322691202879945,168,168,0
7390,13280-1-01,30 a 44,Mujeres,Quintil bajo,Norte,Trabajadores moviles,Movilidad activa,106.85,85.80711449767318,5.71,27.792006647737328,7.94,6.9008788545894815,47.50000000000001,1.398139,98.77115185,49.38,0,49.38,49.39115185,1.8063391095690802,10.962543705780845,0.40820010956908015,9.564404705780845,1.291959604566556,0.29195960456655606,50.62000029999999,21.199121406662286,69.70459765000001,21.04288550232681,-22.082006647737327,1.039121145410519,168,168,0
7391,13284-1-01,30 a 44,Hombres,Quintil medio,Norte,Trabajadores moviles,Movilidad mixta,62.58,64.27789664033753,40.46,41.449907083779614,12.98,10.29219627588285,51.980000000000004,7.559913,218.07936167999998,169.98,0,169.98,48.099361679999994,15.303087311181978,14.106836319971357,7.743174311181978,6.5469233199713575,2.024241193143622,1.024241193143622,255.01999386,267.85594474394406,659.0217445799999,-1.6978966403375324,-0.9899070837796131,2.687803724117151,168,168,0
7407,13325-1-03,45 a 59,Hombres,Quintil alto,Centro,Trabajadores moviles,Movilidad mixta,54.41,56.93544199109663,39.22,36.67739717014361,9.09,9.107160838759754,65.28,2.331439,60.6140287884669,58.019999999999996,11.7595818815331,46.260418118466895,14.35361067,4.656971560654327,4.053239763003836,2.325532560654327,1.7218007630038357,1.9974666121027944,0.9974666121027944,66.23956720153309,72.12748115181344,178.8713852915331,-2.525441991096635,2.542602829856392,-0.017160838759753716,168,168,0
7413,13337-1-02,30 a 44,Hombres,Quintil medio,Centro,Trabajadores moviles,Motorizados privados,68.53,66.06005586615208,42.08,39.15706960200296,4.33,9.72287453184495,53.06,4.620747,162.05977201,145.39999999999998,0,145.39999999999998,16.65977201,8.659540244442665,9.84736017514602,4.038793244442665,5.226613175146021,1.8740563472621776,0.8740563472621776,154.60001989999998,143.18703295335465,369.04888816999994,2.4699441338479176,2.9229303979970354,-5.392874531844949,168,168,0
7415,13340-1-01,30 a 44,Mujeres,Quintil bajo,Sur,Trabajadores moviles,Usuarios publicos,76.99,85.78644274279903,22.8,18.44386383784003,9.02,4.579693419360931,59.19000000000001,2.273357,173.78577792,83.76,0,83.76,90.02577792,2.7267883253448333,0.11519549061749976,0.45343132534483344,-2.1581615093825,1.199454518293798,0.19945451829379787,1.2399775099999886,21.237432194441368,73.57819724999996,-8.79644274279903,4.35613616215997,4.440306580639069,168,168,0
7427,13357-1-02,30 a 44,Hombres,Quintil medio,Sur,Trabajadores moviles,Usuarios publicos,60.39,66.28366268968882,38.17,40.82845127552135,18.69,10.137886034789824,50.75,4.976111,163.86417502526322,187.37000000000003,74.0131578947368,113.35684210526323,50.50733292,9.626531049007358,7.103999360143196,4.650420049007358,2.1278883601431957,1.9345490984842093,0.9345490984842093,136.64316826473683,165.97068800518693,419.58483972473687,-5.893662689688824,-2.658451275521351,8.552113965210177,168,168,0
7431,13364-1-01,30 a 44,Mujeres,Quintil bajo,Norte,Trabajadores moviles,Usuarios publicos,79.45,72.75416234717787,14.01,21.738156671591167,6.43,5.39768098123098,68.10999999999999,2.558291,155.14625589999997,76.88999999999999,0,76.88999999999999,78.2562559,3.374899991771461,6.957864817963875,0.816608991771461,4.399573817963875,1.3192009790017871,0.3192009790017871,48.10996405000003,30.980062845324056,100.40143209000007,6.695837652822135,-7.728156671591167,1.0323190187690194,168,168,0
7441,13382-1-01,30 a 44,Mujeres,Quintil bajo,Centro,Trabajadores moviles,Usuarios publicos,60.37,71.41613673374812,41.63,30.716756111973776,7.76,7.6271071542781055,58.24,2.721087,140.73203510000002,101.46000000000001,25,76.46000000000001,64.2720351,4.132095966397335,1.4089287783392026,1.4110089663973353,-1.3121582216607972,1.518546068684072,0.5185460686840719,23.539987089999954,53.597486156424424,157.93447401999993,-11.04613673374812,10.913243888026226,0.1328928457218943,168,168,0
7458,13419-1-03,45 a 59,Hombres,Quintil medio,Sur,Trabajadores moviles,Motorizados privados,53.12,59.62102344153217,47.22,38.75575117651972,7.66,9.623225381948107,60,5.022053,131.83148160000002,115.06,0,115.06,16.7714816,10.240219694725385,7.2685597441373435,5.218166694725385,2.246506744137344,2.039050502797439,1.0390505027974386,134.93997375999993,167.58845803761693,410.55024239999995,-6.501023441532169,8.464248823480276,-1.9632253819481065,168,168,0
7460,13421-1-01,60 o mas,Mujeres,Quintil medio,Norte,Trabajadores moviles,Movilidad activa,63.06,67.06318281736195,41.95,36.23059845257253,7.28,8.996218730065527,55.709999999999994,3.093917,125.20242306,55.1,0,55.1,70.10242306,5.3783507811544125,4.197290998437013,2.2844337811544126,1.103373998437013,1.7383629816683552,0.7383629816683552,69.89998295999999,82.28549833274403,222.21351686999998,-4.003182817361946,5.7194015474274735,-1.7162187300655267,168,168,0
7471,13439-1-02,18 a 29,Mujeres,Quintil bajo,Centro,Trabajadores moviles,Movilidad mixta,98.13,105.22932981292766,21.53,16.35872581288467,5.99,4.061944374187669,42.35,1.838553,179.5186153614286,35.53,11.4285714285714,24.1014285714286,155.41718679,2.0195742684785305,0.09652398709916322,0.1810212684785304,-1.742029012900837,1.0984585532636428,0.09845855326364286,0.8985905285713898,13.951084654119,51.495569088571415,-7.099329812927664,5.17127418711533,1.9280556258123314,168,168,0
7476,13456-1-01,30 a 44,Hombres,Quintil bajo,Norte,Trabajadores moviles,Usuarios publicos,60.09,62.513244817951026,39.81,34.8446689190333,6.11,8.652086263015669,61.989999999999995,4.718347,170.23548085000002,124.21000000000001,0,124.21000000000001,46.02548085,8.476449376068476,7.2930888809110686,3.758102376068477,2.574741880911069,1.7964870697446536,0.7964870697446537,113.28999037999998,124.72370029704476,329.95648461999997,-2.423244817951023,4.965331080966699,-2.542086263015668,168,168,0
7478,13458-1-03,18 a 29,Hombres,Quintil bajo,Centro,Trabajadores moviles,Usuarios publicos,5.58,28.255584573240856,44.3,21.360506630352734,5.04,5.303908796406415,113.07999999999998,3.162014,17.64403812,0,0,0,17.64403812,7.948991988423708,0,4.786977988423708,-3.162014,2.513901579317393,1.513901579317393,0,71.70051587877161,156.01377076000006,-22.675584573240855,22.939493369647263,-0.2639087964064153,167.99999999999997,168,0
7483,13472-1-03,18 a 29,Mujeres,Quintil medio,Centro,Trabajadores moviles,Usuarios publicos,70.51,71.97942826694586,36.03,36.39382349821743,10.87,9.036748234836711,50.589999999999996,2.923071,135.84577972,54.74,0,54.74,81.10577971999999,4.851226823933526,4.428502351395202,1.9281558239335261,1.5054313513952016,1.6596335921821694,0.6596335921821693,70.25995649000004,74.55519964368972,207.35198639000004,-1.4694282669458545,-0.3638234982174282,1.833251765163288,168,168,0
7490,13487-1-01,30 a 44,Hombres,Quintil bajo,Sur,Trabajadores moviles,Movilidad mixta,50.61,63.2972081241134,64.21,47.162206299495,7.35,11.710585576391587,45.830000000000005,2.374506,40.08043752666669,100.74,93.3333333333333,7.406666666666695,32.67377086,5.534320712682906,3.308626639062055,3.159814712682906,0.9341206390620553,2.3307250908959194,1.3307250908959194,80.09331113333329,110.21916294728933,250.01296049333325,-12.687208124113404,17.047793700504997,-4.360585576391587,168,168,0
7525,13548-1-01,30 a 44,Mujeres,Quintil bajo,Centro,Trabajadores moviles,Motorizados privados,74.39,72.97162711699337,25.31,27.04338108510435,7.03,6.714991797902279,61.269999999999996,2.861397,162.17930179,56.82,0,56.82,105.35930179,4.082503053720892,4.632534013804792,1.2211060537208915,1.7711370138047915,1.4267517068484001,0.4267517068484001,50.680021040000014,46.62149312768349,143.21760002000002,1.4183728830066258,-1.7333810851043516,0.3150082020977214,168,168,0
7526,13554-1-01,30 a 44,Mujeres,Quintil bajo,Centro,Trabajadores moviles,Motorizados privados,78.29,70.87161257386263,19.74,29.7110112052206,9.93,7.377376220916764,60.04,4.21556,218.28620317000002,150.75,37.5,113.25,105.03620317000001,6.41442105750508,11.134014676580597,2.1988610575050798,6.9184546765805965,1.521605921278568,0.521605921278568,111.74998922999998,80.47733193187236,236.82565443,7.418387426137372,-9.971011205220602,2.552623779083236,168,168,0
7528,13556-1-01,45 a 59,Hombres,Quintil bajo,Sur,Trabajadores moviles,Usuarios publicos,67.69,71.13023260699757,41.62,34.110082263582974,4.4,8.469685129419455,54.290000000000006,2.899885,139.03320526000002,67.74000000000001,0,67.74000000000001,71.29320526000001,4.667908113830234,3.678126435099466,1.768023113830234,0.7782414350994662,1.609687319955872,0.6096873199558721,57.26001038999996,67.2362893235431,190.71271808999992,-3.4402326069975686,7.509917736417023,-4.0696851294194545,168,168,0
7543,13588-1-02,45 a 59,Mujeres,Quintil medio,Norte,Trabajadores moviles,Motorizados privados,76.52,72.8701443523397,25.33,32.81239262654553,11.98,8.147463021114774,54.17,3.192104,163.60976932,69.35,0,69.35,94.25976932,4.979757287570234,6.390003902204222,1.7876532875702336,3.1978999022042216,1.5600235103775546,0.5600235103775546,80.65002876,68.99930994768096,199.747429,3.649855647660303,-7.482392626545533,3.8325369788852264,168,168,0
7545,13592-1-01,30 a 44,Mujeres,Quintil bajo,Norte,Trabajadores moviles,Motorizados privados,58.7,64.79870435814983,37.3,35.184762604242536,12.72,8.73653303760763,59.28,2.842479,110.5835,68.73,0,68.73,41.8535,4.9540081029228435,3.325486637574984,2.1115291029228436,0.4830076375749841,1.74284774062459,0.7428477406245899,56.27001729999999,73.60545636524937,198.45081688,-6.098704358149831,2.115237395757461,3.98346696239237,168,168,0
7556,13611-1-01,45 a 59,Hombres,Quintil bajo,Centro,Trabajadores moviles,Usuarios publicos,56.17,58.48593903968107,43.05,36.45269473544971,4.77,9.051366224869211,64.01,3.359816,95.47085519000001,69.25,0,69.25,26.22085519,6.563370739808266,5.764493567533008,3.203554739808266,2.404677567533008,1.953491125647436,0.9534911256474361,93.25000953,101.0311385705451,253.91641065,-2.3159390396810693,6.597305264550286,-4.2813662248692115,168,168,0
7588,13656-1-01,18 a 29,Hombres,Quintil bajo,Sur,Trabajadores moviles,Motorizados privados,67.57,67.83377947192581,40.63,36.782870253603555,5.55,9.133350274470628,54.25000000000001,4.071865,165.40595033000002,140.27,0,140.27,25.135950330000004,7.133642096233688,7.024140156110104,3.061777096233688,2.9522751561101037,1.751934825008611,0.7519348250086111,109.72996771999996,110.80404211945316,297.76869342,-0.2637794719258153,3.8471297463964476,-3.583350274470628,168,168,0
7626,13720-1-04,18 a 29,Mujeres,Quintil medio,Centro,Trabajadores moviles,Usuarios publicos,9.53,26.297712721787526,31.61,17.809988038874625,7.39,4.422299239337858,119.47,3.125931,29.790122430000004,0,0,0,29.790122430000004,6.9693281274719645,-5.385765532005176e-16,3.8433971274719645,-3.1259310000000005,2.229520781959667,1.2295207819596672,-7.105427357601002e-15,52.41471299613,121.91130900000002,-16.767712721787525,13.800011961125374,2.967700760662142,168,168,0
7629,13725-1-02,30 a 44,Hombres,Quintil alto,Norte,Trabajadores moviles,Motorizados privados,83.2,69.40141988485587,29.87,39.79684620691575,6.01,9.881733908228382,48.919999999999995,5.864707,226.7453647304348,182.28,43.4782608695652,138.8017391304348,87.9436256,10.727162779441317,21.51987216155028,4.862455779441317,15.65516516155028,1.829104638891818,0.8291046388918178,261.19825766956524,180.2736282782186,471.62394482956523,13.798580115144134,-9.926846206915751,-3.871733908228382,168,168,0
7634,13736-1-01,45 a 59,Hombres,Quintil medio,Norte,Trabajadores moviles,Movilidad mixta,56.09,60.38297394563164,53.32,44.0814147271103,6,10.945611327258055,52.589999999999996,6.020098,105.27833430682789,155.51999999999998,87.9089615931721,67.61103840682789,37.6672959,13.872594433125768,11.5807370449285,7.852496433125768,5.560639044928499,2.3043801667557187,1.3043801667557184,232.3889625131721,258.23308637732123,589.5011758731721,-4.292973945631637,9.2385852728897,-4.945611327258055,168,167.99999999999997,-2.842170943040401e-14
7665,13781-1-02,18 a 29,Mujeres,Quintil bajo,Centro,Trabajadores moviles,Usuarios publicos,58.63,68.04435996983548,45,37.34316586378991,11.03,9.272474166374602,53.34,2.628347,106.35997371,52.26,0,52.26,54.09997371000001,4.596567460851035,2.5187423079074946,1.9682204608510347,-0.10960469209250556,1.748843459730026,0.748843459730026,47.7400109,72.4842156836372,195.00629331,-9.41435996983548,7.656834136210087,1.7575258336253974,168,168,0
7667,13790-1-01,30 a 44,Hombres,Quintil bajo,Norte,Trabajadores moviles,Motorizados privados,70.27,63.96922404034697,31.91,35.0882158984754,5.59,8.712560061177626,60.230000000000004,3.316599,125.5373841,92.47999999999999,0,92.47999999999999,33.0573841,5.846186452732582,8.475785267413219,2.5295874527325823,5.159186267413219,1.7627052449610527,0.7627052449610526,107.52002762999999,86.62288038299073,231.89249013,6.3007759596530235,-3.178215898475397,-3.1225600611776265,168,168,0
7668,13790-1-02,18 a 29,Mujeres,Quintil bajo,Norte,Trabajadores moviles,Motorizados privados,67.1,65.62458739270005,35.86,35.60462569654701,7.11,8.840786910752929,57.93000000000001,1.255472,50.6421454,28.9,0,28.9,21.7421454,2.1115773154465436,2.3115117371682805,0.8561053154465437,1.0560397371682806,1.681899170548243,0.681899170548243,33.60002579999999,31.74768658308792,87.54765763999998,1.475412607299944,0.2553743034529887,-1.7307869107529283,168,168,0
7675,13800-1-02,30 a 44,Hombres,Quintil bajo,Centro,Trabajadores moviles,Movilidad mixta,58.35,63.939224812944516,43.81,35.84924757574951,6.53,8.901527611305974,59.31,2.6886,99.42984229999999,67.55,0,67.55,31.8798423,4.787650459710389,3.373637561977278,2.099050459710389,0.6850375619772779,1.7807224799934498,0.7807224799934497,57.44996770000003,72.47715753208266,192.7940917,-5.589224812944515,7.960752424250494,-2.3715276113059742,168,168,0
7686,13815-1-01,30 a 44,Mujeres,Quintil bajo,Centro,Trabajadores moviles,Motorizados privados,67.52,70.1993378096705,43.29,38.73306891483601,7.74,9.617593275493492,49.45,4.956792,204.02258639999997,134.33999999999997,0,134.33999999999997,69.6825864,8.800426553286098,7.569007973040658,3.8436345532860976,2.612215973040658,1.7754278479480474,0.7754278479480473,130.66000944,143.94092966027227,383.6051052000001,-2.6793378096705,4.556931085163988,-1.877593275493492,168,168,0
7694,13825-1-01,30 a 44,Mujeres,Quintil bajo,Sur,Trabajadores moviles,Motorizados privados,70.53,63.588152259165824,31.67,35.61779166224362,5.85,8.84405607859056,59.949999999999996,5.194793,189.39877676999998,223.01,125,98.00999999999999,91.38877677,9.369862191943806,13.944651994238196,4.175069191943806,8.749858994238195,1.8037027061412854,0.8037027061412855,176.98997351999998,140.9285114688488,371.89860688000005,6.941847740834177,-3.947791662243617,-2.9940560785905603,168,168,0
7725,13883-1-01,30 a 44,Hombres,Quintil alto,Norte,Trabajadores moviles,Movilidad mixta,87.88,71.93190263901188,28.18,40.293133188110474,6.17,10.004964172877642,45.77,8.106147,334.63820616000004,322.27000000000004,0,322.27000000000004,12.36820616,14.602036630190069,32.506976261014564,6.495889630190069,24.400829261014565,1.8013535444385684,0.8013535444385685,377.7299921999999,248.45237062151824,656.1761416499999,15.948097360988115,-12.113133188110474,-3.8349641728776422,168,168,0
7752,13926-1-01,45 a 59,Hombres,Quintil bajo,Norte,Trabajadores moviles,Movilidad mixta,91.57,82.09478568240473,27.42,31.735218438152245,2.72,7.879995879443016,46.290000000000006,3.554807,222.49367062000002,196.98000000000002,0,196.98000000000002,25.51367062,5.174015082605039,10.10415896592348,1.6192080826050392,6.54935196592348,1.4554981698317346,0.4554981698317347,103.02000636999995,69.3374481873121,210.16188934999994,9.47521431759526,-4.315218438152243,-5.1599958794430165,168,168,0
7766,13950-1-02,30 a 44,Hombres,Quintil medio,Centro,Trabajadores moviles,Usuarios publicos,62.28,60.240185254816325,25.02,32.347729616127765,13.32,8.032085129055911,67.38,6.057744,219.10628544,166.82999999999998,0,166.82999999999998,52.27628544,10.674677615512406,12.195339130579104,4.616933615512407,6.137595130579104,1.762153966148521,0.7621539661485212,158.17001087999998,145.81333534625205,390.42391584000006,2.0398147451836763,-7.327729616127765,5.287914870944089,168,168,0
7783,13981-1-01,30 a 44,Mujeres,Quintil bajo,Norte,Trabajadores moviles,Usuarios publicos,54.04,61.09268172368371,47.22,39.12292259754566,8.67,9.71439567877062,58.07000000000001,2.545337,72.01002376,44.46,0,44.46,27.55002376,5.053729425881153,3.466523046562109,2.508392425881153,0.9211860465621089,1.9854853899036369,0.9854853899036368,65.53998772,83.49143946051592,207.79887265,-7.052681723683712,8.097077402454339,-1.04439567877062,168,168,0
7784,13982-1-01,45 a 59,Hombres,Quintil alto,Norte,Trabajadores moviles,Movilidad mixta,57.72,56.611467330679524,34.6,39.476373547672814,13.57,9.80215912164766,62.11000000000001,11.484948,227.84118408,334.93,145,189.93,37.911184080000005,25.335228628973407,26.69957520740912,13.850280628973408,15.21462720740912,2.205950660723358,1.205950660723358,435.0700144799999,422.33857441655306,988.2999596399998,1.108532669320475,-4.876373547672813,3.76784087835234,168,168,0
7785,13983-1-01,45 a 59,Hombres,Quintil medio,Sur,Trabajadores moviles,Movilidad mixta,61.56,72.38566195475951,45.87,34.810689117956215,8.41,8.643648927284275,52.16,3.010514,146.53724032,61.21,0,61.21,85.32724032,4.855904861775789,2.112524738668048,1.845390861775789,-0.897989261331952,1.6129819897119857,0.6129819897119857,38.79000152000003,71.3808083940709,202.20070144000002,-10.82566195475951,11.059310882043782,-0.23364892728427478,168,168,0
7792,14006-1-02,30 a 44,Hombres,Quintil alto,Norte,Trabajadores moviles,Motorizados privados,59.91,56.89525472771313,28.32,32.74421184296637,9.54,8.130533429320472,70.23000000000002,5.158727,161.5661936652632,120.27000000000001,17.7631578947368,102.50684210526322,59.059351559999996,9.54214926891387,11.516302402025735,4.383422268913869,6.357575402025735,1.8497100677965455,0.8497100677965455,147.49314090473678,131.94089307046818,342.8025451247367,3.0147452722868664,-4.424211842966372,1.4094665706795269,168,168,0
7798,14022-1-02,30 a 44,Hombres,Quintil bajo,Centro,Trabajadores moviles,Motorizados privados,74.71,74.19661188210597,40.78,37.109046764988214,5.03,9.214341352905814,47.480000000000004,1.892294,92.26533454205129,49.61,48.7179487179487,0.8920512820512982,91.37328326,3.0718199653726805,3.1689352158433475,1.1795259653726806,1.2766412158433476,1.6233312399514455,0.6233312399514456,49.10795019794868,48.13646894278652,135.7939383379487,0.5133881178940243,3.670953235011787,-4.184341352905814,168,168,0
7825,14077-1-01,30 a 44,Hombres,Quintil medio,Norte,Trabajadores moviles,Movilidad mixta,97.2,81.91536993926374,17.75,34.30623847229571,9.79,8.518391588440554,43.26,5.064463,303.55576640000004,261.29,0,261.29,42.2657664,7.682978344669422,20.255963703888096,2.6185153446694223,15.191500703888096,1.5170371162094427,0.5170371162094426,188.7100372,111.30159378871343,328.18534822000004,15.284630060736262,-16.55623847229571,1.2716084115594448,168,168,0
7841,14111-1-01,45 a 59,Hombres,Quintil bajo,Centro,Trabajadores moviles,Motorizados privados,61.05,58.71489340979597,33.74,37.35876026472236,10.56,9.276346325481668,62.650000000000006,2.675618,73.55030357168681,69.24,46.5361445783132,22.703855421686796,50.84644815000001,5.2959832698700575,5.992057315303266,2.6203652698700575,3.316439315303266,1.9793495446173772,0.9793495446173771,89.79617532831318,83.54832210364467,208.3260527283132,2.3351065902040276,-3.6187602647223613,1.283653674518332,168,168,0
7860,14153-1-06,30 a 44,Mujeres,Quintil bajo,Centro,Trabajadores moviles,Motorizados privados,47.87,65.02484957836259,56.27,36.04501330828242,5.88,8.950137113354996,57.97999999999999,2.509443,95.88701283999998,25.759999999999998,0,25.759999999999998,70.12701283999999,4.420802574224454,1.1529586996327434,1.9113595742244538,-1.3564843003672566,1.7616668616200701,0.7616668616200701,24.24002357000002,67.289140760475,180.20190602000005,-17.154849578362594,20.224986691717582,-3.0701371133549964,168,168,0
7877,14186-1-03,30 a 44,Hombres,Quintil medio,Centro,Trabajadores moviles,Usuarios publicos,59.32,52.228718063666264,37.79,40.12745611704459,5.21,9.963825819289129,65.68000000000002,2.700114,28.843890648275895,79.88,86.2068965517241,-6.326896551724104,35.1707872,6.6202378836211,9.02832095690079,3.9201238836211,6.32820695690079,2.451836434913896,1.4518364349138961,131.3268718317241,112.17960219748227,247.43177383172403,7.091281936333736,-2.3374561170445887,-4.753825819289129,168,168,0
7882,14193-1-01,30 a 44,Hombres,Quintil medio,Centro,Trabajadores moviles,Usuarios publicos,63.05,63.40095153773743,23.61,34.277734529570864,19.53,8.511313932691708,61.81,6.276008,237.49230225,166.79,0,166.79,70.70230225,11.08224206976348,10.841157190571348,4.806234069763479,4.565149190571348,1.7658106984190396,0.7658106984190395,158.21000215,160.41257680845243,428.95698727,-0.35095153773742993,-10.667734529570865,11.018686067308293,168,168,0
7885,14198-1-01,30 a 44,Hombres,Quintil bajo,Centro,Trabajadores moviles,Movilidad mixta,79.18,77.70853270502582,23.48,24.346198042240257,5.44,6.045269252733935,59.89999999999999,2.753575,175.99808396,70.47,0,70.47,105.52808396,3.694064114479493,4.29618315015752,0.9404891144794929,1.5426081501575202,1.3415520239977095,0.34155202399770945,42.029984540000015,37.978188983241466,121.66337354000004,1.4714672949741896,-0.8661980422402564,-0.605269252733935,168,168,0
7888,14201-1-01,45 a 59,Hombres,Quintil bajo,Norte,Trabajadores moviles,Motorizados privados,54.06,53.89691939463243,25.42,33.52794319557677,16.27,8.325137409790813,72.25,3.114468,81.66815694,63.3,0,63.3,18.368156940000002,6.087819201339168,6.147647587533865,2.973351201339168,3.033179587533865,1.954689918579728,0.954689918579728,86.69998314000001,86.19207381316205,216.54215405999997,0.16308060536757552,-8.107943195576766,7.944862590209187,168,168,0
7892,14210-1-02,45 a 59,Mujeres,Quintil bajo,Norte,Trabajadores moviles,Movilidad mixta,62.56,69.96454446662749,44.71,36.229507653554464,7.92,8.99594787981805,52.809999999999995,2.544948,112.67196831999999,40.96,0,40.96,71.71196832,4.273772882756752,2.6140546011474104,1.728824882756752,0.06910660114741018,1.6793163879013449,0.6793163879013449,46.53997856000004,65.38415919125472,180.48059180000004,-7.404544466627485,8.480492346445537,-1.0759478798180506,168,168,0
7895,14216-1-01,30 a 44,Hombres,Quintil bajo,Centro,Trabajadores moviles,Movilidad mixta,73.25,69.47050486826136,32.74,34.48637487368334,6.53,8.563120258055308,55.48,4.44372,201.3024995,125.8,0,125.8,75.5024995,7.375274196300565,9.34937344235207,2.9315541963005654,4.90565344235207,1.659707226445538,0.6597072264455378,124.19999049999996,107.40497239319035,298.70487490000005,3.779495131738642,-1.7463748736833367,-2.033120258055308,168,168,0
7901,14228-1-01,45 a 59,Hombres,Quintil bajo,Centro,Trabajadores moviles,Movilidad mixta,79.02,86.53270559334793,26.64,20.9382370300338,7.01,5.199057376618269,55.330000000000005,3.447203,259.70792986000004,162.31,0,162.31,97.39792986,4.364274418620104,1.11480819246887,0.9170714186201039,-2.33239480753113,1.2660334823972084,0.26603348239720837,12.69005119999997,38.58787245950572,128.68843214999993,-7.512705593347931,5.7017629699662,1.810942623381731,168,168,0
7904,14234-1-01,30 a 44,Hombres,Quintil bajo,Centro,Trabajadores moviles,Movilidad mixta,61.96,69.1146992362265,49.77,42.309631172956,10.2,10.505669590817506,46.06999999999999,4.847269,168.70755739076924,124.14000000000001,5.76923076923077,118.37076923076924,50.33678816,9.308515027483255,6.488437673657013,4.461246027483255,1.6411686736570132,1.920362791395166,0.920362791395166,131.62922984923074,166.30998166131513,422.3199517792308,-7.154699236226499,7.460368827044,-0.3056695908175069,168,168,0
7905,14235-1-01,30 a 44,Mujeres,Quintil alto,Sur,Trabajadores moviles,Motorizados privados,56.69,53.0613212868555,26.65,27.612397587112934,4.19,6.856281126031566,80.47,8.376876,273.65510818,223.77,0,223.77,49.88510818,14.651057712705544,19.288576904278187,6.274181712705545,10.911700904278188,1.7489882520292226,0.7489882520292225,201.2299922599999,170.83300063614894,459.57284809999993,3.6286787131444953,-0.9623975871129353,-2.6662811260315653,168,168,0
7941,14297-1-02,45 a 59,Hombres,Quintil medio,Centro,Trabajadores moviles,Motorizados privados,70.48,58.630007483185864,18.77,30.104829469407182,6.96,7.475163047406947,71.79,4.006948,148.15970392,115.75,0,115.75,32.40970392,6.8253225262460795,15.423975448158517,2.818374526246079,11.417027448158517,1.7033718746153128,0.7033718746153129,134.24999112000003,86.76768730473665,237.34876316,11.84999251681414,-11.334829469407183,-0.5151630474069471,168,168,0
7944,14300-1-02,30 a 44,Mujeres,Quintil alto,Centro,Trabajadores moviles,Usuarios publicos,75.48,73.94303627978984,40.14,38.970432108151996,6.97,9.676531612058172,45.41,7.03941,320.5646244,214.23000000000002,0,214.23000000000002,106.3346244,12.150358413511038,13.225668241508053,5.1109484135110375,6.186258241508053,1.726047838314722,0.726047838314722,210.77004240000002,199.9507246183154,542.3966475,1.5369637202101671,1.1695678918480041,-2.706531612058172,168,168,0
7953,14317-1-01,60 o mas,Mujeres,Quintil bajo,Norte,Trabajadores moviles,Motorizados privados,57.27,51.431083315639476,39.53,41.527462943565844,6.47,10.311453740794684,64.72999999999999,2.031556,11.117203439999997,67.77,105.75,-37.980000000000004,49.09720344,5.324313559024819,6.762443044430406,3.2927575590248193,4.730887044430406,2.6208057070663173,1.620805707066317,105.23000868000001,93.36792245638728,198.68158468000004,5.838916684360527,-1.9974629435658429,-3.8414537407946847,168,168,0
7955,14320-1-02,18 a 29,Mujeres,Quintil alto,Centro,Trabajadores moviles,Motorizados privados,5.17,25.030371615143864,34.74,18.745129389219834,8.52,4.654498995636309,119.57000000000001,2.964648,15.32723016,0,0,0,15.32723016,7.4382948896182155,0,4.473646889618216,-2.964648,2.508997658277885,1.5089976582778852,0,58.87901098809303,128.25067247999996,-19.860371615143862,15.994870610780168,3.865501004363691,168,168,0
7956,14321-1-02,18 a 29,Hombres,Quintil medio,Norte,Trabajadores moviles,Movilidad mixta,101.78,85.71490320005891,15.68,29.25976661713913,4.78,7.265330182801957,45.76,2.012354,138.81741132000002,84,0,84,54.817411320000005,2.7251510136348664,9.53586320791872,0.71279701363486625,7.523509207918719,1.354210548260826,0.354210548260826,65.99997880000001,33.671316994251356,107.17274164000003,16.065096799941088,-13.579766617139132,-2.485330182801957,168,168,0
7965,14346-1-01,45 a 59,Mujeres,Quintil bajo,Centro,Trabajadores moviles,Usuarios publicos,70.39,70.43573436849098,22.46,28.11354690179758,12.68,6.98071872971143,62.470000000000006,2.727985,144.57287292,82.55,0,82.55,62.022872920000005,4.007395786825994,3.991684660997335,1.2794107868259945,1.263699660997335,1.4689948026935613,0.4689948026935612,47.449991229999995,47.574753901227865,143.31138412999996,-0.045734368490983,-5.653546901797579,5.699281270288569,168,168,0
7966,14346-1-02,18 a 29,Hombres,Quintil bajo,Centro,Trabajadores moviles,Usuarios publicos,46.48,55.005714542795,31.82,31.998832927612874,16.65,7.945452529592111,73.05000000000001,2.517001,75.94020012,71.45,0,71.45,4.49020012,4.626061441842645,2.503583351185188,2.109060441842645,-0.013417648814812111,1.8379259451397298,0.8379259451397298,41.05000636,62.509238389929564,163.04904482999996,-8.525714542795,-0.1788329276128735,8.704547470407888,168,168,0
7978,14362-1-01,30 a 44,Mujeres,Quintil medio,Centro,Trabajadores moviles,Movilidad mixta,81.5,65.40131458715544,18.1,33.484367934242464,7.6,8.314317478602089,60.800000000000004,4.015436,166.5791894705882,136.38,47.0588235294118,89.3211764705882,77.258013,6.791903281003202,18.481934316779387,2.7764672810032014,14.466498316779386,1.691448520410536,0.6914485204105361,160.6788445294118,96.03560357000092,263.8755497294118,16.09868541284456,-15.384367934242462,-0.7143174786020889,168,168,0
7980,14363-1-02,45 a 59,Hombres,Quintil bajo,Centro,Trabajadores moviles,Motorizados privados,60.61,64.40628614207104,35.08,30.684592957861426,7.02,7.61912090006753,65.29,2.383996,104.17399409000001,59.68,0,59.68,44.49399409,3.8101934899840013,2.8311332530082294,1.4261974899840015,0.4471372530082296,1.5982382059298763,0.5982382059298764,40.32000346999999,49.37033444755278,140.68623506999995,-3.7962861420710396,4.395407042138572,-0.5991209000675308,168,168,0
7990,14385-1-01,30 a 44,Hombres,Quintil bajo,Centro,Trabajadores moviles,Movilidad mixta,52.86,58.56766775343404,44.48,37.82116801912433,8.44,9.391164227441639,62.22,2.376179,63.23484604,62.63,25,37.63,25.604846039999998,4.7543769350986045,3.483995509194408,2.3781979350986044,1.107816509194408,2.0008496561490547,1.0008496561490545,62.36997590000001,75.93241615468713,188.11736858,-5.707667753434038,6.658831980875668,-0.9511642274416392,168,168,0
8000,14400-1-01,30 a 44,Hombres,Quintil alto,Norte,Trabajadores moviles,Movilidad mixta,76.78,68.65763859705885,30.29,35.746377010499835,6.21,8.875984392441318,54.72,4.156539,178.3159905703614,104.64,32.9631024096386,71.67689759036139,106.63909298,7.092597348521456,11.405197261080064,2.9360583485214553,7.248658261080063,1.7063709370997011,0.7063709370997012,140.8230738496386,107.06216190621899,292.53674734963863,8.122361402941152,-5.4563770104998355,-2.6659843924413176,168,168,0
8002,14400-1-03,18 a 29,Hombres,Quintil alto,Norte,Trabajadores moviles,Movilidad mixta,85.86,63.90781541143649,22.31,40.40054867304909,6.17,10.03163591551443,53.66,2.395643,73.1558035744578,98.49,31.0240963855422,67.4659036144578,5.689899960000001,4.686004418455062,13.75654928880314,2.290361418455062,11.36090628880314,1.9560528920440408,0.9560528920440408,132.53410440554222,79.94450706124213,200.76201704554222,21.95218458856351,-18.09054867304909,-3.86163591551443,168,168,0
8008,14404-1-01,45 a 59,Hombres,Quintil alto,Sur,Trabajadores moviles,Motorizados privados,56.15,62.208944619179185,49.19,41.4891218933221,8.66,10.301933487498712,54,16.238109,412.54520640540545,470.37,94.5945945945946,375.7754054054054,36.769801,34.11027682429122,25.510235763194743,17.872167824291218,9.272126763194741,2.1006311033071166,1.1006311033071163,499.2246139445946,597.6104170957898,1438.5992195945946,-6.0589446191791865,7.700878106677898,-1.6419334874987115,168,168,0
8015,14419-1-01,60 o mas,Hombres,Quintil alto,Sur,Trabajadores moviles,Motorizados privados,48.43,59.3184684539821,49.44,38.40531982674882,9.39,9.536211719269089,60.739999999999995,15.513501,404.79885687,403.48,0,403.48,1.3188568699999998,31.782393216059617,17.412105859194547,16.26889221605962,1.8986048591945472,2.0486925044230584,1.0486925044230584,346.51999656,515.4382628093198,1259.17926039,-10.8884684539821,11.034680173251175,-0.14621171926908794,168,168,0
8038,14457-1-02,30 a 44,Hombres,Quintil bajo,Norte,Trabajadores moviles,Usuarios publicos,81.1,77.31516610339017,37.4,36.733694244025884,4.67,9.121139652583945,44.830000000000005,2.353452,124.03491600000001,58.17,0,58.17,65.86491600000001,3.7340909474557336,4.695924033452118,1.3806389474557337,2.3424720334521183,1.586644192214557,0.5866441922145571,66.83004119999995,57.922616296355784,165.83976683999992,3.7848338966098254,0.6663057559741148,-4.4511396525839455,168,168,0
8051,14477-1-01,30 a 44,Hombres,Quintil bajo,Centro,Trabajadores moviles,Motorizados privados,77.29,75.02137406069797,25.66,30.39212590836197,10.01,7.546500030940066,55.04,2.117312,119.19702762,80.55,0,80.55,38.647027619999996,3.08920339481121,3.683754390826381,0.9718913948112098,1.566442390826381,1.4590213415931188,0.4590213415931189,44.450016860000034,39.64662793520455,119.97453590000003,2.2686259393020407,-4.732125908361969,2.463499969059934,168,168,0
8064,14494-1-03,18 a 29,Mujeres,Quintil bajo,Centro,Trabajadores moviles,Movilidad mixta,56.66,60.063925838750926,42.82,38.489067517821724,8.63,9.557006643427352,59.89000000000001,2.694872,74.6726611698507,99.22,52.2388059701493,46.9811940298507,27.69146714,5.364635674698736,4.482658524970484,2.6697636746987357,1.7877865249704836,1.990682924717291,0.990682924717291,78.0187863501493,87.19193078307569,216.66995075014927,-3.4039258387509292,4.330932482178277,-0.927006643427351,168,168,0
8066,14499-1-01,45 a 59,Hombres,Quintil bajo,Centro,Trabajadores moviles,Movilidad mixta,55.18,57.47534897420769,31.97,28.882898798471643,6.38,7.171752227320665,74.47,3.753902,138.81032653999998,106.66999999999999,0,106.66999999999999,32.14032654,6.308838715903843,5.267054450938193,2.5549367159038425,1.5131524509381933,1.6806082619908145,0.6806082619908145,68.32998582000002,76.94650092497622,212.29212752000004,-2.295348974207691,3.0871012015283554,-0.7917522273206652,168,168,0
8130,14618-1-03,30 a 44,Mujeres,Quintil medio,Norte,Trabajadores moviles,Movilidad mixta,81.39,75.97062564545469,23.04,31.538279331230587,10.91,7.831095023314728,52.66,3.707427,207.31752086,80.57000000000001,0,80.57000000000001,126.74752086,5.581801242670755,8.222272864731329,1.874374242670755,4.5148458647313285,1.5055727982427585,0.5055727982427584,94.42996267000001,74.33802786485114,220.29710932,5.419374354545312,-8.498279331230588,3.078904976685272,168,168,0
8134,14625-1-01,30 a 44,Mujeres,Quintil bajo,Norte,Trabajadores moviles,Movilidad mixta,61.78,59.65816968318577,31.17,35.4014843146503,10.9,8.790346002163938,64.14999999999999,7.189711,225.21033672000002,193.53,37.5,156.03,69.18033672000001,13.62705925448252,15.386291984074038,6.43734825448252,8.19658098407404,1.8953556345286369,0.8953556345286368,218.97000885999998,203.7146620910672,521.44115063,2.1218303168142327,-4.231484314650295,2.1096539978360624,168,168,0
8137,14634-1-02,30 a 44,Mujeres,Quintil bajo,Norte,Trabajadores moviles,Motorizados privados,64.43,64.83140236318935,27.23,27.892712957595638,7.99,6.925884679215014,68.35,3.729984,174.13288819000002,71.31,0,71.31,102.82288819,5.746681843178194,5.555520444460783,2.0166978431781937,1.8255364444607833,1.5406719822868393,0.5406719822868392,66.18998093000002,67.68720532225845,197.56001741,-0.40140236318934797,-0.6627129575956374,1.0641153207849863,168,168,0
8138,14635-1-04,18 a 29,Mujeres,Quintil bajo,Centro,Trabajadores moviles,Usuarios publicos,4.37,31.080927375342434,47.11,24.312236238769362,9.95,6.036836385888205,106.57,2.794327,12.211208990000001,0,0,0,12.211208990000001,7.2701373296347755,0,4.4758103296347755,-2.794327,2.601748946932401,1.601748946932401,0,74.6390655599585,159.44429862000004,-26.710927375342433,22.797763761230637,3.9131636141117943,168,168,0
8142,14643-1-02,18 a 29,Hombres,Quintil bajo,Centro,Trabajadores moviles,Movilidad activa,89.61,77.86471169825,34.1,39.31355720268314,3.23,9.76173109906685,41.06,1.335081,68.38658763,48.75,0,48.75,19.636587629999998,2.142554998862663,4.058428524187885,0.8074739988626629,2.7233475241878855,1.6048127408469322,0.604812740846932,51.25002078,35.569109528811325,101.08859451,11.745288301749994,-5.213557202683141,-6.53173109906685,168,168,0
8150,14660-1-01,45 a 59,Hombres,Quintil alto,Norte,Trabajadores moviles,Motorizados privados,60.49,59.02888311289542,36.12,36.64259706838397,8.16,9.098519818720625,63.22999999999999,11.131173,317.28466417,268.96,0,268.96,48.324664170000005,21.958761351306578,23.769115144913954,10.827588351306577,12.637942144913954,1.9727266256041998,0.9727266256041998,356.03999060000007,339.77604575641755,848.9283310400001,1.4611168871045805,-0.5225970683839734,-0.938519818720625,168,168,0
8165,14701-1-01,30 a 44,Mujeres,Quintil bajo,Centro,Trabajadores moviles,Motorizados privados,66.54,60.149313759874055,18.35,24.77815912853384,6.19,6.152527111592126,76.91999999999999,2.699117,120.06922467999999,65.47,0,65.47,54.59922468,4.040876667951624,7.171059393826682,1.3417596679516235,4.471942393826682,1.497110598744561,0.49711059874456104,59.530020500000035,42.28081062761001,125.76635168000007,6.390686240125952,-6.428159128533839,0.03747288840787455,168,168,0
8201,14770-1-01,60 o mas,Hombres,Quintil bajo,Centro,Trabajadores moviles,Movilidad mixta,53.2,62.06687913908595,43.41,39.55214688308447,14.83,9.820973977829576,56.56,2.416969,70.3727564,41.790000000000006,0,41.790000000000006,28.582756399999997,4.768346289421278,2.9545955338553944,2.3513772894212783,0.5376265338553945,1.9728619975768322,0.9728619975768321,58.209994400000014,79.64096640591741,198.97426895999996,-8.866879139085945,3.8578531169155283,5.009026022170424,168,168,0
8250,14896-1-01,60 o mas,Mujeres,Quintil bajo,Norte,Trabajadores moviles,Usuarios publicos,64.31,61.28100593175948,42.81,43.610350166439765,8.6,10.828643901800762,52.279999999999994,2.730759,55.97511657999999,80.36,75,5.359999999999999,50.61511657999999,6.04747787050275,6.879401030262668,3.3167188705027497,4.148642030262668,2.2145776578975847,1.2145776578975844,119.63999471000002,111.3685418972056,260.02831490000005,3.0289940682405216,-0.8003501664397632,-2.228643901800762,168,168,0
8251,14899-1-01,30 a 44,Hombres,Quintil bajo,Centro,Trabajadores moviles,Usuarios publicos,102.31,81.8874876849991,6.4,26.173512704669204,5.85,6.498999610331698,53.44,2.099197,141.09880978,126.33,0,126.33,14.76880978,2.7866226910302214,17.77774346592671,0.6874256910302212,15.678546465926711,1.3274707857481796,0.3274707857481795,73.67003529000002,30.799158705887066,99.38519854,20.4225123150009,-19.7735127046692,-0.648999610331698,168,168,0
8253,14901-1-01,30 a 44,Hombres,Quintil bajo,Centro,Trabajadores moviles,Movilidad mixta,54.67,60.91557785586764,40.45,37.72671181280934,12.89,9.367710331323027,59.989999999999995,4.216782,126.08146812999999,95.55,0,95.55,30.53146813,8.209457168353026,5.788650040929595,3.992675168353026,1.571868040929595,1.9468535884361642,0.9468535884361643,104.45000381000003,130.78624409222127,329.3731556900001,-6.245577855867637,2.7232881871906613,3.522289668676974,168,168,0
8266,14922-1-01,60 o mas,Mujeres,Quintil bajo,Centro,Trabajadores moviles,Usuarios publicos,54.86,59.92520880251487,46.89,39.016756926903085,6.88,9.688034270582042,59.37,2.416283,64.55729896,42,0,42,22.55729896,4.870073038145103,3.7384418978544187,2.4537900381451028,1.3221588978544188,2.0155226180646486,1.0155226180646484,67.99998642,80.23896434096702,197.92352333,-5.065208802514867,7.873243073096916,-2.8080342705820422,168,167.99999999999997,-2.842170943040401e-14
8272,14934-1-03,45 a 59,Hombres,Quintil bajo,Centro,Trabajadores moviles,Movilidad mixta,53.39,59.95216340063214,42.83,36.13528469837427,8.84,8.972551900993583,62.94,2.620546,81.68095036,56.769999999999996,0,56.769999999999996,24.91095036,4.943033166369119,3.331426060217353,2.322487166369119,0.7108800602173528,1.8862607893046408,0.8862607893046407,58.230000579999995,75.42645163087295,193.6336124,-6.562163400632137,6.6947153016257275,-0.13255190099358316,168,168,0
8277,14940-1-01,30 a 44,Hombres,Quintil bajo,Centro,Trabajadores moviles,Movilidad mixta,67.06,67.2205374504828,34.44,31.31404572732354,4.81,7.7754168221936695,61.69,4.735736,217.64844958,150.07,0,150.07,67.57844958000001,7.614644808171711,7.526240651026025,2.878908808171711,2.7905046510260245,1.6079115913918578,0.6079115913918577,99.93000658000003,100.69026956359957,285.80764458,-0.1605374504827921,3.1259542726764593,-2.96541682219367,168,168,0
8281,14947-1-02,45 a 59,Hombres,Quintil medio,Centro,Trabajadores moviles,Motorizados privados,60.24,61.0103809322847,31.44,30.52109535066453,7.43,7.5785237170507775,68.88999999999999,2.371173,94.32946144,51.49,0,51.49,42.83946144,3.905584236967639,3.6892542013308756,1.5344112369676388,1.3180812013308754,1.647110622872156,0.6471106228721559,48.51000008000001,50.33670654634831,140.67749459000004,-0.7703809322846951,0.9189046493354702,-0.14852371705077783,168,168,0
8290,14966-1-01,45 a 59,Mujeres,Quintil alto,Centro,Trabajadores moviles,Motorizados privados,54.43,54.23604778380207,44.08,40.097551777432884,5.78,9.956400438765062,63.709999999999994,13.562615,192.7147699816216,257.88,78.3783783783784,179.5016216216216,13.213148359999998,32.061039983802644,32.34171341605322,18.498424983802643,18.779098416053216,2.363927604212215,1.3639276042122146,545.4983644683784,542.8678652316892,1221.7303483683784,0.19395221619792835,3.9824482225671147,-4.176400438765062,168,168,0
8295,14976-1-01,18 a 29,Hombres,Quintil bajo,Norte,Trabajadores moviles,Movilidad mixta,86.42,63.69679374907799,11.72,33.60815251130726,7.51,8.345053739614759,62.35,1.440187,57.750947120000006,50.290000000000006,0,50.290000000000006,7.460947119999999,2.3946145689290375,10.254951000576087,0.9544275689290374,8.814764000576087,1.6627108624984375,0.6627108624984376,66.71001342000001,33.98434717910338,94.40480943,22.72320625092201,-21.88815251130726,-0.835053739614759,168,168,0
8302,14988-1-05,30 a 44,Hombres,Quintil alto,Centro,Trabajadores moviles,Movilidad mixta,84.83,65.23540642974451,28.2,46.050139200438345,9.69,11.434454369817141,45.28,1.720759,39.74561186955199,125.49,116.716417910448,8.773582089551994,30.97202978,3.728731430836673,8.28761558035844,2.0079724308366727,6.566856580358439,2.1669108985259835,1.1669108985259835,106.226374100448,72.50880086308874,171.425932610448,19.594593570255483,-17.850139200438345,-1.7444543698171415,168,168,0
8305,14993-1-05,30 a 44,Mujeres,Quintil alto,Centro,Trabajadores moviles,Usuarios publicos,56.2,65.51995009422893,45.71,39.045002206616346,12.35,9.695047699154717,53.74,3.35461,116.21344284379785,67.28999999999999,2.10566615620214,65.18433384379786,51.029109,6.282226855139292,3.6819428510259393,2.9276168551392923,0.32733285102593923,1.872714519762146,0.8727145197621459,72.31563915620217,103.58043694180347,267.08429575620215,-9.319950094228929,6.664997793383655,2.6549523008452827,168,168,0
8309,14999-1-01,30 a 44,Hombres,Quintil bajo,Centro,Trabajadores moviles,Movilidad mixta,67.35,83.61807645589003,44.35,30.138419854654153,9.54,7.483503689455808,46.760000000000005,0.860561,57.95878410000001,0,0,0,57.95878410000001,1.100015212301629,-4.114100843214498e-8,0.2394542123016289,-0.8605610411410084,1.2782536186297413,0.2782536186297414,-7.500000123172867e-7,13.999671392957175,46.37563153999999,-16.26807645589004,14.211580145345849,2.0564963105441914,168,168,0
8316,15011-1-03,45 a 59,Hombres,Quintil medio,Centro,Trabajadores moviles,Movilidad mixta,75.13,59.487460959675076,26.92,45.35154797799897,14.05,11.26099106232595,51.900000000000006,3.52852,46.29342096800899,118.60000000000001,162.404287901991,-43.804287901991,90.09770886999999,8.543132304925654,15.787439814953016,5.014612304925654,12.258919814953016,2.4211659009799162,1.4211659009799162,218.80428663199098,163.6092747774237,363.36775103199096,15.64253904032492,-18.431547977998967,2.7890089376740512,168,168,0
8338,15051-1-01,18 a 29,Mujeres,Quintil bajo,Norte,Trabajadores moviles,Usuarios publicos,27.36,47.63652196669345,30.5,17.170072634801066,11.21,4.263405398505504,98.92999999999998,3.161891,117.45935168,68.44999999999999,0,68.44999999999999,49.00935168,4.573742634020063,-2.1935245765006846,1.4118516340200635,-5.355415576500684,1.4465212855282057,0.44652128552820564,-30.950013920000004,33.1621383977903,100.93245969000006,-20.27652196669345,13.329927365198934,6.946594601494497,167.99999999999997,168,0
8352,15085-1-01,30 a 44,Hombres,Quintil medio,Norte,Trabajadores moviles,Movilidad mixta,73.67,62.9464034699852,23.99,34.56175824547802,8.43,8.58183828453678,61.910000000000004,10.068952,370.33972282,278.56,0,278.56,91.77972282,18.052101113513338,33.86861771479104,7.983149113513338,23.799665714791043,1.7928480653709877,0.7928480653709878,371.4399710199999,263.4645922919144,697.87539486,10.723596530014802,-10.57175824547802,-0.1518382845367796,168,168,0
8361,15103-1-02,30 a 44,Mujeres,Quintil medio,Centro,Trabajadores moviles,Motorizados privados,58.76,64.56827303540322,45.46,37.740574473075874,7.46,9.371152491520894,56.32000000000001,5.845429,203.99740319999998,280.52,120,160.51999999999998,43.477403200000005,10.882324811062563,7.791372426760459,5.036895811062563,1.9459434267604587,1.8616811205922719,0.8616811205922719,139.48000484000002,173.43185248106406,448.82010751999997,-5.808273035403225,7.719425526924127,-1.9111524915208937,168,168,0
8363,15105-1-01,45 a 59,Mujeres,Quintil medio,Centro,Trabajadores moviles,Motorizados privados,62.98,64.54140259618862,38.2,37.64994789474781,10.36,9.348649509063565,56.46000000000001,6.892039,240.7706354,181.71,0,181.71,59.0606354,12.834417483531814,11.766641199971492,5.942378483531814,4.874602199971492,1.8622090623009844,0.8622090623009845,193.28998081999993,204.05122840763318,527.9673946599999,-1.5614025961886213,0.5500521052521918,1.0113504909364348,168,168,0
8369,15107-1-03,18 a 29,Mujeres,Quintil medio,Sur,Trabajadores moviles,Movilidad mixta,50.28,56.67623663826922,43.73,36.09196735079378,7.72,8.961796010936991,66.27000000000001,3.616596,94.92246012,88.08,0,88.08,6.842460119999999,7.220895206432348,4.994087166280178,3.6042992064323482,1.3774911662801776,1.9965998984770066,0.9965998984770067,86.91998676000001,110.05259060101791,272.99385096,-6.396236638269222,7.638032649206217,-1.2417960109369917,168,168,0
8387,15142-1-01,45 a 59,Mujeres,Quintil alto,Centro,Trabajadores moviles,Usuarios publicos,71.23,57.55950083017001,25.33,39.846448733616384,10.74,9.894050436213613,60.699999999999996,4.53833,95.42313598684203,234.00000000000003,236.842105263158,-2.8421052631579755,98.26524125,9.853681500894213,18.6728108183377,5.315351500894213,14.134480818337702,2.1712130895933552,1.1712130895933555,227.842109913158,165.80087341574344,391.539673013158,13.670499169829995,-14.516448733616386,0.8459495637863874,168,168,0
8397,15160-1-01,45 a 59,Mujeres,Quintil bajo,Centro,Trabajadores moviles,Movilidad mixta,68.94,74.21665335061168,38.31,36.48416597561808,12.51,9.059180673770234,48.24,2.862441,140.57664914,68.24,0,68.24,72.33664914,4.664543546126528,3.3016408361189935,1.802102546126528,0.4391998361189935,1.6295684508873818,0.6295684508873818,56.7600334,71.86414229357825,202.22928502,-5.2766533506116815,1.825834024381919,3.450819326229766,168,168,0
8398,15160-1-02,45 a 59,Hombres,Quintil bajo,Centro,Trabajadores moviles,Movilidad mixta,54.5,65.1775126093324,45.28,35.313891158694844,9.48,8.768596231972769,58.739999999999995,3.67897,143.7438305,68.24,0,68.24,75.5038305,6.4404798998332184,3.0640867520689854,2.7615098998332184,-0.6148832479310147,1.750620390988026,0.7506203909880261,56.76003449999999,96.04228306435562,258.2204317,-10.677512609332396,9.966108841305157,0.7114037680272318,168,168,0
8408,15189-1-02,18 a 29,Mujeres,Quintil bajo,Centro,Trabajadores moviles,Usuarios publicos,68.25,67.73676884783636,33.39,33.60016159308323,8.04,8.34306955908041,58.32,3.207979,142.25455025000002,73.31,0,73.31,68.94455025,5.288999380847841,5.471995653270633,2.081020380847841,2.264016653270633,1.6487013726859936,0.6487013726859936,76.69001649999998,75.04358174171321,209.59658646999998,0.513231152163641,-0.21016159308322813,-0.3030695590804111,168,168,0
8412,15197-1-01,60 o mas,Mujeres,Quintil medio,Centro,Trabajadores moviles,Motorizados privados,57.31,60.222629187082774,36.59,39.43538846866651,15.55,9.791982344250721,58.55,7.456778,193.28759858791852,178.27,37.3303167420815,140.93968325791852,52.34791533,15.359617186218637,13.270236610801673,7.902839186218637,5.813458610801673,2.0598195609710572,1.059819560971057,234.06034859208148,255.7791778364782,622.8567535120815,-2.9126291870827714,-2.8453884686665063,5.7580176557492795,168,168,0
8415,15203-1-02,30 a 44,Mujeres,Quintil alto,Centro,Trabajadores moviles,Movilidad mixta,58.01,62.40337211197087,43.94,40.596368931450115,11.13,10.080258956579007,54.92000000000001,3.51834,97.36153296565219,108.47999999999999,65.2173913043478,43.26260869565219,54.09892427,7.127983321703472,5.729586346074749,3.6096433217034725,2.211246346074749,2.0259506817713673,1.0259506817713673,106.7373704343478,122.19474727077939,300.4923542343477,-4.393372111970869,3.3436310685498825,1.049741043420994,168,168,0
8439,15241-1-01,30 a 44,Mujeres,Quintil bajo,Centro,Trabajadores moviles,Usuarios publicos,61.17,77.4741525181309,50.02,36.61434321948747,11.99,9.091504262381642,44.81999999999999,2.699985,142.84809491000001,92.69,0,92.69,50.15809491000001,4.290089261205329,1.0635537475134922,1.5901042612053295,-1.6364312524865077,1.5889307759877664,0.5889307759877664,22.30998753999998,66.3309547766656,189.73605739,-16.30415251813089,13.40565678051253,2.898495737618358,168,168,0
8463,15290-1-02,18 a 29,Mujeres,Quintil bajo,Sur,Trabajadores moviles,Movilidad mixta,70.94,74.18379670855066,39.09,30.582445948180705,2.33,7.593757343268633,55.64,3.051728,167.52954954,98.54,0,98.54,68.98954954,4.557677736133743,3.494245937417739,1.505949736133743,0.4425179374177386,1.4934744302682752,0.4934744302682752,48.96003478,58.859220021791884,175.36260854,-3.2437967085506614,8.507554051819298,-5.263757343268633,168,168,0
8471,15313-1-01,30 a 44,Hombres,Quintil bajo,Sur,Trabajadores moviles,Motorizados privados,73.57,71.23098250418121,22.56,23.647290174910573,4.62,5.871727320908214,67.25,3.841387,220.27086561,137.66,0,137.66,82.61086561,5.343112210995222,6.780145659556205,1.5017252109952217,2.938758659556205,1.3909330694864177,0.3909330694864177,62.33997598000002,53.35490457878916,166.74887464,2.33901749581878,-1.0872901749105743,-1.2517273209082136,168,168,0
8477,15318-1-02,30 a 44,Mujeres,Quintil bajo,Norte,Trabajadores moviles,Movilidad mixta,79.14,74.10367011710287,23.78,30.806851614616352,9.64,7.649478268280785,55.44,2.872539,156.9627723,54.63000000000001,0,54.63000000000001,102.3327723,4.297228307389435,6.224475044694901,1.4246893073894351,3.351936044694901,1.4959686560876755,0.49596865608767543,70.36996416,55.90291015451254,166.37021754000003,5.036329882897135,-7.026851614616351,1.9905217317192152,168,168,0
8492,15344-1-01,30 a 44,Hombres,Quintil alto,Centro,Trabajadores moviles,Motorizados privados,75.71,69.9639510568632,19.18,30.814637423806886,13.54,7.651411519329903,59.570000000000014,10.666156,527.06466572,419.53000000000003,0,419.53000000000003,107.53466571999999,16.84413282209709,25.339320994296177,6.17797682209709,14.673164994296176,1.579213056896701,0.5792130568967011,280.47000504000005,219.1817506288678,629.4666293599998,5.746048943136799,-11.634637423806886,5.888588480670096,168,168,0
8499,15359-1-01,18 a 29,Hombres,Quintil bajo,Norte,Trabajadores moviles,Usuarios publicos,42.03,39.73273891080994,15.05,16.868690271804017,3.71,4.188570817386048,107.21000000000001,2.870933,82.27533279,64.11,0,64.11,18.16533279,4.463491121922436,6.049324910926145,1.592558121922436,3.1783919109261447,1.554717968661211,0.5547179686612108,38.38998120000001,31.79469852942833,92.24868427999999,2.2972610891900587,-1.8186902718040159,-0.4785708173860481,168,168,0
8501,15361-1-01,18 a 29,Mujeres,Quintil bajo,Norte,Trabajadores moviles,Motorizados privados,58.2,69.52488171649907,47.29,41.27608324088432,15.56,10.249035042616617,46.949999999999996,4.654137,171.7007712,125.83,0,125.83,45.87077119999999,8.713576337900308,4.66441181402602,4.059439337900308,0.010274814026019818,1.8722217111142856,0.8722217111142856,99.17000220000003,151.87755321738186,391.68251265000015,-11.324881716499064,6.013916759115681,5.3109649573833835,168,168,0
8504,15366-1-01,45 a 59,Hombres,Quintil bajo,Centro,Trabajadores moviles,Usuarios publicos,60.41,61.40041454737769,34.99,36.98583750655439,12.17,9.183747946067923,60.42999999999999,3.882062,123.19536289999999,126.17999999999999,50,76.17999999999999,47.0153629,7.3737061924968526,6.977844015416528,3.4916441924968527,3.095782015416528,1.899430300829006,0.899430300829006,111.32000252,115.16485319862215,294.39804644000003,-0.9904145473776964,-1.9958375065543876,2.986252053932077,168,168,0
8506,15368-1-02,18 a 29,Mujeres,Quintil bajo,Centro,Trabajadores moviles,Usuarios publicos,73.48,75.70198093471882,24.42,22.82938198543676,6.3,5.668637079844425,63.8,2.324032,146.50984620000003,68.24000000000001,0,68.24000000000001,78.2698462,3.052169085363084,2.3344892660573984,0.728137085363084,0.010457266057398495,1.3133076848180594,0.3133076848180593,24.26002515999997,29.4239799556764,95.65428819999997,-2.2219809347188146,1.5906180145632405,0.631362920155575,168,168,0
8507,15370-1-01,30 a 44,Hombres,Quintil alto,Norte,Trabajadores moviles,Movilidad mixta,74.13,61.59189693199234,28.47,38.84317096402549,7.48,9.64493210398217,57.92,17.466193,503.25888441,458.49,0,458.49,44.76888441,34.903991577577315,65.08476764062867,17.437798577577315,47.618574640628665,1.9983743210427891,0.998374321042789,791.5100026799998,572.517074640286,1419.4196410299999,12.538103068007658,-10.37317096402549,-2.164932103982169,168,168,0
8513,15382-1-02,18 a 29,Hombres,Quintil bajo,Norte,Trabajadores moviles,Movilidad mixta,100.16,79.9834270135701,18.78,35.94201164433041,5.91,8.92456134209949,43.150000000000006,2.999862,169.3362256,118.87,0,118.87,50.4662256,4.65181260958565,15.700108696899616,1.6519506095856502,12.700246696899615,1.550675534269793,0.5506755342697932,131.12995231999994,70.60301772778237,205.19654509999995,20.176572986429903,-17.162011644330406,-3.0145613420994906,168,168,0
8514,15384-1-01,30 a 44,Mujeres,Quintil bajo,Sur,Trabajadores moviles,Motorizados privados,58.42,66.21193537061696,41.54,33.788283551389505,8.43,8.389781077993545,59.60999999999999,2.885246,122.14607556000001,103.59,37.5,66.09,56.056075560000004,4.8283835309228955,2.7455162916331304,1.9431375309228955,-0.1397297083668696,1.6734737803718975,0.6734737803718974,46.40999575999999,68.89164612033107,190.58573838000004,-7.7919353706169545,7.751716448610495,0.040218922006454605,168,168,0
8528,15412-1-02,18 a 29,Hombres,Quintil bajo,Sur,Trabajadores moviles,Movilidad mixta,59.89,67.73103200951181,54.52,41.16701506181205,4.71,10.221952928676146,48.879999999999995,2.072798,72.6825840527273,71.27,47.7272727272727,23.542727272727298,49.13985678,3.894985211107267,2.568189157099717,1.8221872111072668,0.49539115709971693,1.8790954116644587,0.8790954116644587,51.45728816727272,67.71016363452478,174.22911370727275,-7.841032009511807,13.352984938187952,-5.511952928676146,168,168,0
8530,15417-1-01,30 a 44,Mujeres,Quintil medio,Centro,Trabajadores moviles,Motorizados privados,71.74,66.84903278454333,30.98,35.07234737839074,7.91,8.70861983706593,57.370000000000005,6.553474,270.32623624,205.18,30,175.18,95.14623624,11.327744687215077,15.18877792555983,4.774270687215077,8.63530392555983,1.728509899820321,0.7285098998203209,199.81998851999992,167.76716203865226,454.68459237999986,4.890967215456669,-4.092347378390738,-0.7986198370659299,168,168,0
8535,15429-1-01,30 a 44,Hombres,Quintil medio,Norte,Trabajadores moviles,Motorizados privados,77.53,68.70752457566708,26.51,33.14293681190896,6.04,8.229538612423966,57.919999999999995,5.574156,254.99431326,197.83,0,197.83,57.16431326000001,9.145209602360424,16.090185150151886,3.571053602360424,10.516029150151885,1.640644718655241,0.640644718655241,177.17000142,127.99214709860212,358.6087792200001,8.822475424332922,-6.632936811908959,-2.1895386124239655,168,168,0
8545,15442-1-01,45 a 59,Mujeres,Quintil bajo,Norte,Trabajadores moviles,Usuarios publicos,62.43,74.29492018849471,50.48,35.500217836702085,5.7,8.814861974803208,49.38999999999999,4.746108,237.20952968,115.91,0,115.91,121.29952967999999,7.698114088662193,3.109238578896764,2.952006088662192,-1.6368694211032366,1.6219846005742373,0.6219846005742372,59.08999276000003,115.40218538597628,325.72634020000015,-11.864920188494715,14.979782163297912,-3.1148619748032074,168,168,0
8552,15462-1-01,45 a 59,Mujeres,Quintil bajo,Norte,Trabajadores moviles,Motorizados privados,92.16,78.2520576587027,22.55,34.35695709361413,6.43,8.530985247683173,46.86000000000001,4.766061,265.70016288,126.46,0,126.46,139.24016287999999,7.392644098298381,17.702031329764264,2.626583098298381,12.935970329764263,1.5511014437915045,0.5511014437915044,173.54001887999993,107.2539172968942,311.6604666599999,13.9079423412973,-11.806957093614127,-2.100985247683173,168,168,0
8558,15476-1-01,30 a 44,Hombres,Quintil bajo,Centro,Trabajadores moviles,Usuarios publicos,60.02,57.7676054623642,26.93,30.242938422853506,8.57,7.509456114782304,72.47999999999999,4.877349,173.85851394,156.12,0,156.12,17.73851394,8.448423553489631,9.89924768488107,3.5710745534896313,5.02189868488107,1.7321753176755716,0.7321753176755716,118.87997304000001,107.89425879425656,292.02586254000005,2.2523945376358014,-3.312938422853506,1.0605438852176965,168,168,0
8560,15480-1-01,18 a 29,Hombres,Quintil bajo,Norte,Trabajadores moviles,Motorizados privados,58.5,60.07948404293908,27.16,25.57910934461771,6.35,6.351406612443212,75.99000000000001,3.146317,137.0395665,77.98,0,77.98,59.0595665,4.8131771556318474,4.147914918056691,1.6668601556318476,1.0015979180566914,1.5297813779195955,0.5297813779195955,47.01997799999998,51.989535495527946,152.45306066999993,-1.5794840429390788,1.5808906553822908,-0.001406612443211941,168,168,0
8582,15511-1-01,30 a 44,Mujeres,Quintil alto,Sur,Trabajadores moviles,Motorizados privados,88.35,83.51790928086763,31.93,33.51112847839952,5.07,8.320962240732849,42.650000000000006,5.254527,328.0774402,213.84,0,213.84,114.23744020000001,7.827681268358243,10.878517859780642,2.573154268358243,5.623990859780641,1.4897023591958407,0.4897023591958406,136.16002025,110.76966909986953,330.57751924999997,4.832090719132367,-1.5811284783995205,-3.2509622407328482,168,168,0
8621,15568-1-01,45 a 59,Mujeres,Quintil bajo,Centro,Trabajadores moviles,Usuarios publicos,49.09,73.1214707209541,46.86,22.357149600594475,5.08,5.551379678451432,66.97,2.495748,151.2462609,111.23,0,111.23,40.0162609,3.3096823999024596,-1.6351417188772506,0.8139343999024597,-4.130889718877251,1.326128439210393,0.326128439210393,-28.729991580000004,31.246503408879704,100.89915953999997,-24.03147072095409,24.502850399405524,-0.4713796784514317,168,168,0
8625,15573-1-01,45 a 59,Hombres,Quintil bajo,Centro,Trabajadores moviles,Usuarios publicos,51.94,66.64014172165909,53.52,38.147631673565975,8.8,9.472226604774937,53.739999999999995,5.455281,202.82728114,181.98,0,181.98,20.847281140000003,9.976676367738573,3.8194272552665343,4.521395367738573,-1.635853744733466,1.8288107189599532,0.8288107189599533,80.52001400000003,160.71341783147417,420.4931259200001,-14.700141721659094,15.372368326434028,-0.6722266047749361,168,168,0
8660,15653-1-01,30 a 44,Mujeres,Quintil bajo,Norte,Trabajadores moviles,Usuarios publicos,76.14,76.20491278242166,38.38,37.542994669912126,8.55,9.322092547666221,44.92999999999999,3.061737,154.05063266000002,133.43,75,58.43000000000001,95.62063266,5.000052066535866,4.980617085990756,1.938315066535866,1.9188800859907564,1.6330769319950948,0.633076931995095,79.07002251999998,79.26876838771332,222.75733993,-0.06491278242165777,0.8370053300878766,-0.7720925476662206,168,168,0
8670,15677-1-01,60 o mas,Mujeres,Quintil bajo,Sur,Trabajadores moviles,Movilidad activa,68.91,72.0523094740229,21.98,23.253694709605817,10.19,5.7739958163712775,66.92,2.686152,157.79274283,72.69,0,72.69,85.10274283,3.6407768540289838,2.509529756915122,0.9546248540289839,-0.17662224308487806,1.3553875037708156,0.3553875037708156,27.309991489999987,35.75071236826557,113.72350132999998,-3.142309474022909,-1.2736947096058167,4.416004183628722,168,168,0
8675,15689-1-01,45 a 59,Mujeres,Quintil bajo,Centro,Trabajadores moviles,Movilidad mixta,57.49,59.61385109119112,38.3,35.060476631091966,7.59,8.70567227771692,64.61999999999999,4.100869,131.02896992,132.77,37.5,95.27000000000001,35.758969920000006,7.662108375148634,6.7464428474660005,3.5612393751486335,2.645573847466,1.8684109087972898,0.8684109087972899,104.72998889000002,113.43962399048186,292.91886730000004,-2.1238510911911206,3.2395233689080314,-1.1156722777169197,168,168,0
8703,15752-1-01,30 a 44,Mujeres,Quintil bajo,Norte,Trabajadores moviles,Usuarios publicos,51.24,59.87773183159595,38.33,32.99857518899323,11.5,8.19369297941083,66.92999999999999,2.659578,93.91676092,83.64,13.5,70.14,23.77676092,4.688533188278266,2.5129686580441466,2.028955188278266,-0.14660934195585362,1.7628861376798373,0.7628861376798372,42.360015800000014,65.33273734921232,174.88678754000006,-8.63773183159595,5.3314248110067695,3.30630702058917,168,168,0
8724,15781-1-02,30 a 44,Mujeres,Quintil bajo,Norte,Trabajadores moviles,Movilidad activa,71.45,71.16873436254085,27.51,32.60523962735016,12.91,8.096026010109002,56.129999999999995,2.638555,130.90476,52.379999999999995,0,52.379999999999995,78.52476,4.13101887000011,4.214040944716033,1.49246387000011,1.575485944716033,1.5656368239434502,0.56563682394345,57.61999475000002,56.877859895953975,164.27038785000002,0.2812656374591569,-5.095239627350157,4.813973989890998,168,168,0
8752,15846-1-03,30 a 44,Mujeres,Quintil bajo,Norte,Trabajadores moviles,Usuarios publicos,65.88,64.2516165666632,38.55,41.71128568764273,11.89,10.357097745694059,51.68000000000001,2.184226,63.406820599999996,44.51,0,44.51,18.896820599999998,4.367789728815338,4.71724716416577,2.1835637288153382,2.5330211641657705,1.9996967936538337,0.9996967936538337,80.48998827999998,76.93323084693648,190.66234771999996,1.6283834333367935,-3.1612856876427315,1.5329022543059416,168,168,0
8760,15856-1-02,60 o mas,Mujeres,Quintil alto,Centro,Trabajadores moviles,Usuarios publicos,47.5,45.57426241519553,21.7,29.01194308677758,12.59,7.203794498026889,86.21,3.587937,74.7369965,99.56,105.25,-5.689999999999998,80.4269965,7.246737295195607,8.249373461425273,3.658800295195607,4.661436461425273,2.019750429061493,1.0197504290614932,95.690011,88.78058586718939,218.72037073000004,1.925737584804473,-7.311943086777582,5.3862055019731105,168,168,0
8775,15883-1-01,30 a 44,Hombres,Quintil alto,Norte,Trabajadores moviles,Movilidad mixta,81.84,59.57712163606949,10.62,32.959009677091174,8.26,8.18386868683935,67.27999999999999,7.777521,268.13230848,256.62,0,256.62,11.512308479999998,14.02728891404069,57.67875949530601,6.2497679140406905,49.90123849530601,1.8035681181755332,0.8035681181755331,368.38001016,195.23000616408484,515.21960664,22.26287836393051,-22.339009677091177,0.07613131316064958,168,168,0
8782,15899-1-01,18 a 29,Hombres,Quintil bajo,Centro,Trabajadores moviles,Movilidad mixta,31.77,47.62716352191149,41.98,27.519597921701745,8.23,6.833238556386773,86.02,3.532835,91.89815421,42.160000000000004,0,42.160000000000004,49.73815421,6.5709696804968605,1.1975202509847758,3.0381346804968605,-2.3353147490152244,1.8599707262005898,0.8599707262005898,20.34001373999999,76.36075603093218,197.72365908999998,-15.857163521911492,14.460402078298252,1.3967614436132276,168,168,0
8787,15907-1-01,30 a 44,Hombres,Quintil alto,Sur,Trabajadores moviles,Movilidad mixta,58.06,56.80571574191361,37.48,37.558373162352034,8.15,9.325911095734346,64.31,4.896702,116.89256948100422,164.18,81.5899581589958,82.59004184100421,34.30252764,10.168174817079777,10.845576454550482,5.271472817079776,5.948874454550482,2.0765353531989033,1.0765353531989033,167.4099486389958,161.26809240385563,390.8464608989958,1.2542842580863933,-0.07837316235203673,-1.175911095734346,168,168,0
8796,15928-1-03,18 a 29,Hombres,Quintil bajo,Sur,Trabajadores moviles,Usuarios publicos,56.56,63.56412986294909,47.81,36.06962246150294,4.22,8.95624767554798,59.41,2.587675,93.73887648,67.38,0,67.38,26.358876480000003,4.644639413230639,2.9896410032814895,2.056964413230639,0.40196600328148957,1.7949083301537632,0.794908330153763,52.62002152000001,70.74443326310679,187.25675177,-7.004129862949085,11.740377538497064,-4.73624767554798,168,168,0
8807,15944-1-01,60 o mas,Hombres,Quintil alto,Norte,Trabajadores moviles,Movilidad mixta,54.7,55.71079131221935,40.17,38.98024138792774,9.5,9.678967299852909,63.629999999999995,3.797155,74.3739954367347,105.19000000000001,63.5204081632653,41.66959183673471,32.7044036,8.333189130129577,7.935180548649021,4.536034130129577,4.138025548649021,2.1945875609843624,1.1945875609843626,133.33038306326532,137.16851434841556,321.93507191326535,-1.0107913122193466,1.1897586120722607,-0.17896729985290882,168,168,0
8821,15972-1-01,45 a 59,Hombres,Quintil alto,Norte,Trabajadores moviles,Movilidad mixta,60.4,54.82940833007675,28.65,34.27095990631571,8.56,8.509631763607558,70.38999999999999,13.051818,338.80982599999993,300.47999999999996,0,300.47999999999996,38.329826,26.03764285147141,35.71175362327367,12.98582485147141,22.65993562327367,1.9949437581393956,0.9949437581393955,449.5199812000001,376.8136325718458,935.1781289800003,5.570591669923246,-5.620959906315711,0.050368236392442256,168,168,0
8884,16095-1-01,60 o mas,Hombres,Quintil medio,Centro,Trabajadores moviles,Usuarios publicos,54.61,61.55400035728685,45.59,40.7801155768698,12.26,10.125884065843351,55.54,2.513521,66.00458659053339,67.88,32.8888054094666,34.9911945905334,31.013391999999996,5.151558123599982,3.641304165446368,2.6380371235999824,1.1277831654463681,2.0495385252798695,1.0495385252798695,71.2587952194666,88.71268594151462,216.66598506946661,-6.944000357286853,4.809884423130207,2.1341159341566485,168,168,0
8887,16099-1-02,60 o mas,Mujeres,Quintil medio,Norte,Trabajadores moviles,Movilidad mixta,61.53,63.3717572660211,40.47,40.39739090605353,11.8,10.030851827925376,54.2,5.702306,166.82290918,115.96000000000001,0,115.96000000000001,50.86290918,11.404123949031653,10.408341204486668,5.701817949031653,4.706035204486668,1.9999144116488405,0.9999144116488405,184.03997900000002,194.54224250857573,482.09951362000004,-1.841757266021098,0.0726090939464683,1.7691481720746243,168,168,0
8894,16110-1-02,45 a 59,Mujeres,Quintil bajo,Sur,Trabajadores moviles,Usuarios publicos,62.39,67.12533229782714,40.79,31.742791418122643,3.57,7.8818762840502234,61.24999999999999,2.526659,115.64827936,33.01,0,33.01,82.63827936,4.025170230673528,2.798181823284529,1.4985112306735284,0.27152282328452904,1.5930801230690523,0.5930801230690522,41.98997564999999,53.95454561829564,154.07256889,-4.735332297827142,9.047208581877356,-4.311876284050223,168,168,0
8911,16149-1-01,45 a 59,Hombres,Quintil medio,Centro,Trabajadores moviles,Usuarios publicos,62.75,56.57145050689145,24.33,30.728521051918108,7.85,7.630028441190433,73.07000000000001,7.239436,241.77458325,187.5,0,187.5,54.274583250000006,12.92933167203398,19.520673297675074,5.6898956720339795,12.281237297675073,1.7859584188649473,0.7859584188649473,212.50002575000005,167.77081212180823,445.46507623,6.178549493108548,-6.3985210519181095,0.21997155880956676,168,168,0
8918,16168-1-01,30 a 44,Hombres,Quintil bajo,Centro,Trabajadores moviles,Usuarios publicos,78.87,102.34992045489454,23.28,9.30869033488575,11.82,2.3113892102197116,54.029999999999994,1.942126,191.06547865,87.88999999999999,0,87.88999999999999,103.17547865,1.9616492743995166,-3.19109215603439,0.01952327439951662,-5.13321815603439,1.0100525271787293,0.010052527178729197,-37.89000102999998,7.710962963382542,30.278621570000013,-23.47992045489454,13.971309665114251,9.508610789780288,168,168,0
