PeID,Tw,Tf1,Tf2,Tc,w,Ec,ta,id_persona,grupo_edad,grupo_sexo,grupo_ingreso,grupo_territorio,grupo_cluster_tiempo,grupo_cluster_modo,Ec_monetario,ing_fijo,EcI,Ec_trabajo_no_remunerado,cierre_temporal,tiempo_libre_observado,ingreso_libre_observado,ingreso_potencial_neto_Ec
1,61.25,17.46,12.58,76.71,3.959658,118.57902849999999,168,00001-1-01,60 o mas,Hombres,Quintil bajo,Norte,Trabajadores rutinarios,Movilidad mixta,76.05,0,76.05,42.5290285,168,30.04,123.95002400000001,242.89815032000007
2,65.81,24.23,10.64,67.32,3.997689,139.13788734,168,00001-1-03,18 a 29,Mujeres,Quintil bajo,Norte,Trabajadores rutinarios,Movilidad mixta,76.05,0,76.05,63.087887339999995,168,34.870000000000005,123.95002574999998,263.34944118
16,52.99,48.59,3.9,62.51999999999999,33.771639,641.39914846,168,00023-1-01,18 a 29,Hombres,Quintil alto,Centro,Jovenes trabajadores,Movilidad mixta,601.84,0,601.84,39.55914846,168,52.49,1148.1600021500003,2920.8333332600005
28,62.38,24.71,10.57,70.34,3.0454,189.972052,168,00039-1-03,30 a 44,Mujeres,Quintil medio,Norte,Cuidadores domesticos,Movilidad mixta,0,0,0,189.972052,168,35.28,0,107.44171199999997
29,69.85,43.02,11.68,43.45,4.083798,169.43289041739132,168,00041-1-01,45 a 59,Mujeres,Quintil alto,Centro,Jovenes trabajadores,Movilidad mixta,148.31,39.1304347826087,109.1795652173913,60.253325200000006,168,54.7,115.82039988260863,339.20415048260867
30,31.82,33.08,5.07,98.03,2.976366,88.64793986000001,168,00046-1-04,18 a 29,Mujeres,Quintil alto,Centro,Rutina flexible,Movilidad mixta,6.4399999999999995,0,6.4399999999999995,82.20793986000001,168,38.15,6.060026260000001,119.60838916
50,75.81,27.7,14.02,50.47,2.84351,167.27852930495146,168,00075-1-01,45 a 59,Mujeres,Quintil medio,Centro,Cuidadores domesticos,Movilidad mixta,60.28,3.56796116504854,56.712038834951464,110.56649046999999,168,41.72,48.28796379504857,166.91920099504858
51,74.54,20.94,13.85,58.669999999999995,7.569237,254.6509037,168,00076-1-01,30 a 44,Hombres,Quintil medio,Norte,Trabajadores moviles,Movilidad mixta,240.44,0,240.44,14.2109037,168,34.79,309.5600222800001,572.8937775100002
54,54.25,38.3,12.83,62.620000000000005,2.879951,125.07732475,168,00078-1-01,45 a 59,Mujeres,Quintil bajo,Centro,Cuidadores domesticos,Movilidad mixta,21.340000000000003,0,21.340000000000003,103.73732475,168,51.129999999999995,31.16001700000001,178.41191163000002
57,56.34,47.69,6.22,57.75,6.213444,246.53546587999998,168,00088-1-02,30 a 44,Hombres,Quintil bajo,Centro,Jovenes trabajadores,Movilidad mixta,196.46999999999997,0,196.46999999999997,50.065465880000005,168,53.91,103.52996908000003,438.49673512000004
58,51.64,30.53,21.41,64.42,5.057747,138.57203207999999,168,00092-1-01,45 a 59,Hombres,Quintil bajo,Centro,Trabajadores rutinarios,Movilidad mixta,102.39,0,102.39,36.18203208,168,51.94,122.61002300000001,385.30940218
60,63.7,54.44,7.12,42.74,5.690309,188.60266080000002,168,00094-1-02,30 a 44,Hombres,Quintil alto,Norte,Jovenes trabajadores,Movilidad mixta,126.13000000000001,0,126.13000000000001,62.4726608,168,61.559999999999995,173.8700225,524.16544454
64,68.42,46.22,4.72,48.64,2.661622,162.63819284000002,168,00100-1-02,30 a 44,Mujeres,Quintil bajo,Norte,Cuidadores domesticos,Movilidad mixta,60.53,0,60.53,102.10819284000002,168,50.94,19.469984399999987,155.05300907999995
66,69.15,24.71,10.74,63.399999999999984,4.005066,224.44028745,168,00103-1-02,45 a 59,Mujeres,Quintil bajo,Centro,Cuidadores domesticos,Movilidad mixta,47.49,0,47.49,176.95028745,168,35.45,52.510026450000026,194.4896161500001
86,60.62,52.02,6.77,48.58999999999999,3.290776,162.79685478,168,00147-1-01,30 a 44,Mujeres,Quintil bajo,Centro,Cuidadores domesticos,Movilidad mixta,88.31,50,38.31,124.48685477999999,168,58.790000000000006,36.68998634000002,230.15470738000005
88,47.74,42.95,10.59,66.71999999999998,5.734147,127.87820081999999,168,00150-1-05,30 a 44,Mujeres,Quintil alto,Norte,Trabajadores rutinarios,Movilidad mixta,104.13,0,104.13,23.74820082,168,53.540000000000006,145.86997696,452.8762073400002
89,51.79,26.29,12.65,77.27000000000001,3.037327,157.30316532999998,168,00151-1-02,30 a 44,Mujeres,Quintil bajo,Sur,Cuidadores domesticos,Movilidad mixta,0,0,0,157.30316532999998,168,38.94,0,118.27351337999997
91,58.81,20.66,8.09,80.44,2.328012,134.10037455999998,168,00154-1-01,60 o mas,Mujeres,Quintil bajo,Sur,Cuidadores domesticos,Movilidad mixta,49.43999999999999,0,49.43999999999999,84.66037456,168,28.75,2.8100111600000446,69.74035616000003
110,39.32,42.03,15,71.65,3.129569,142.85463736,168,00190-1-01,30 a 44,Mujeres,Quintil bajo,Norte,Trabajadores rutinarios,Movilidad mixta,82.3,0,82.3,60.554637359999994,168,57.03,-19.79998427999999,158.67933579
126,32.42,65.07,7.86,62.64999999999999,3.049681,98.87065802000001,168,00224-1-01,30 a 44,Mujeres,Quintil bajo,Centro,Rutina flexible,Movilidad mixta,0,0,0,98.87065802000001,168,72.92999999999999,0,222.41323533000002
129,72.37,21.63,14.54,59.46,2.443609,29.2303350363636,168,00228-1-01,60 o mas,Hombres,Quintil bajo,Norte,Trabajadores rutinarios,Movilidad mixta,75.75,123.3636363636364,-47.6136363636364,76.8439714,168,36.17,147.6136482936364,235.99898582363636
138,63.19,37.71,11.84,55.25999999999999,3.058789,115.65485552999999,168,00239-1-01,45 a 59,Mujeres,Quintil medio,Norte,Cuidadores domesticos,Movilidad mixta,59.870000000000005,0,59.870000000000005,55.784855529999994,168,49.55,77.63002137999999,229.19301633
141,48.78,33.31,8.54,77.37,4.446399,110.47536097999999,168,00252-1-02,18 a 29,Hombres,Quintil medio,Centro,Jovenes trabajadores,Movilidad mixta,81.08,0,81.08,29.395360979999996,168,41.85,106.41998224000004,292.50178039
142,77.38,21.14,12.07,57.410000000000004,3.127134,145.60762891999997,168,00256-1-01,60 o mas,Mujeres,Quintil bajo,Centro,Cuidadores domesticos,Movilidad mixta,58.13,154.5,-96.37,241.97762891999997,168,33.21,96.37,200.22212014000002
150,61.55,34.9,9.12,62.430000000000014,2.539926,100.20247284999999,168,00266-1-01,30 a 44,Mujeres,Quintil bajo,Centro,Trabajadores rutinarios,Movilidad mixta,58.87,0,58.87,41.332472849999995,168,44.019999999999996,56.12997245,167.93751497
152,74.76,15.02,11.64,66.58,5.233821,240.56046719999998,168,00272-1-01,45 a 59,Hombres,Quintil bajo,Sur,Trabajadores rutinarios,Movilidad mixta,149.27999999999997,0,149.27999999999997,91.2804672,168,26.66,150.71999076000006,290.25365862
157,64.63,9.03,8.15,86.19,2.682138,111.90658099000001,168,00284-1-01,45 a 59,Mujeres,Quintil bajo,Sur,Cuidadores domesticos,Movilidad mixta,51.06,0,51.06,60.84658099,168,17.18,61.43999794999999,107.51912879
161,60.46,29.4,10.77,67.36999999999999,5.487832,158.05431014,168,00289-1-04,30 a 44,Hombres,Quintil medio,Centro,Trabajadores rutinarios,Movilidad mixta,126.26,0,126.26,31.794310140000004,168,40.17,173.74001258,394.18622402000005
162,52.97,19.88,25.12,70.03,3.611785,99.86623168000001,168,00290-1-01,30 a 44,Hombres,Quintil bajo,Norte,Trabajadores rutinarios,Movilidad mixta,83.55000000000001,0,83.55000000000001,16.31623168,168,45,91.45001976999997,253.98034477
163,53.47,27.3,9.86,77.37,3.147741,168.30971126999998,168,00291-1-01,45 a 59,Mujeres,Quintil bajo,Centro,Cuidadores domesticos,Movilidad mixta,0,0,0,168.30971126999998,168,37.16,0,116.97005555999999
166,18.04,35.69,15.66,98.61000000000001,3.355328,60.530117120000014,168,00295-1-01,30 a 44,Mujeres,Quintil bajo,Norte,Rutina flexible,Movilidad mixta,0,0,0,60.530117120000014,168,51.349999999999994,-1.4210854715202004e-14,172.29609279999994
168,59.06,39.98,3.03,65.93,4.314037,140.49702622,168,00299-1-04,30 a 44,Hombres,Quintil bajo,Centro,Trabajadores moviles,Movilidad mixta,110.71000000000001,0,110.71000000000001,29.78702622,168,43.01,114.289999,299.83673036999994
169,48.14,28.48,10.21,81.16999999999999,5.048821,147.80024898,168,00299-1-05,30 a 44,Hombres,Quintil bajo,Centro,Trabajadores rutinarios,Movilidad mixta,92.25,0,92.25,55.550248980000006,168,38.69,95.24999396000001,290.5888784500001
172,56.34,34.28,12.4,64.97999999999999,5.964521,163.17109418,168,00307-1-01,30 a 44,Hombres,Quintil medio,Centro,Trabajadores rutinarios,Movilidad mixta,177.13,50,127.13,36.04109418,168,46.68,172.87001896000004,451.29385924000013
177,49.47,36.68,17.95,63.89999999999999,3.052397,72.25206859,168,00321-1-01,45 a 59,Hombres,Quintil bajo,Centro,Trabajadores rutinarios,Movilidad mixta,58.75,0,58.75,13.502068589999999,168,54.629999999999995,78.750011,245.50245911000005
187,48.53,45.77,8.04,65.66,2.319921,81.43579217999999,168,00343-1-02,45 a 59,Mujeres,Quintil bajo,Sur,Rutina flexible,Movilidad mixta,23.85,0,23.85,57.58579218,168,53.81,31.149973950000003,155.98492296
188,73.32,31.84,13.78,49.06,2.956583,181.69666672000002,168,00345-1-01,30 a 44,Mujeres,Quintil bajo,Centro,Cuidadores domesticos,Movilidad mixta,97.42000000000002,0,97.42000000000002,84.27666672000001,168,45.62,35.07999883999997,169.9593153
191,49.82,32.95,17.61,67.62,2.937264,80.96450052,168,00347-1-01,45 a 59,Hombres,Quintil bajo,Centro,Trabajadores rutinarios,Movilidad mixta,49.63,0,49.63,31.33450052,168,50.56,65.36999196,213.87805979999996
202,45.29,32.36,7.01,83.34,3.480108,99.68410827,168,00369-1-01,45 a 59,Mujeres,Quintil bajo,Centro,Jovenes trabajadores,Movilidad mixta,54.57,0,54.57,45.11410827,168,39.37,57.929983050000004,194.94183501
206,65.94,42.49,5.65,53.92,5.233038,153.6984395719481,168,00374-1-02,60 o mas,Mujeres,Quintil alto,Norte,Cuidadores domesticos,Movilidad mixta,160.57999999999998,101.9480519480519,58.631948051948086,95.06649152,168,48.14,191.36808614805187,443.2865354680519
211,56.9,42.66,8.88,59.559999999999995,0.466961,26.570104500000003,168,00389-1-02,60 o mas,Hombres,Quintil bajo,Centro,Trabajadores rutinarios,Movilidad mixta,0,0,0,26.570104500000003,168,51.54,-2.3600000002232946e-5,24.067146339999997
215,28.34,42.76,11.39,85.51,2.972241,84.23330994,168,00393-1-02,60 o mas,Mujeres,Quintil bajo,Sur,Rutina flexible,Movilidad mixta,0,0,0,84.23330994,168,54.15,0,160.94685015
217,39.23,67.19,3.81,57.77000000000001,3.108469,99.77524249000001,168,00395-1-01,45 a 59,Hombres,Quintil bajo,Sur,Rutina flexible,Movilidad mixta,27.830000000000002,0,27.830000000000002,71.94524249000001,168,71,22.169996379999972,242.87129537999996
218,63.63,36.25,6.46,61.660000000000004,4.342393,164.45644247,168,00399-1-01,30 a 44,Hombres,Quintil bajo,Centro,Cuidadores domesticos,Movilidad mixta,113.15,0,113.15,51.30644247,168,42.71,111.85002412,297.31362915000005
225,93.93,18.09,5.81,50.16999999999999,2.104023,176.94086205,168,00410-1-03,30 a 44,Mujeres,Quintil bajo,Sur,Cuidadores domesticos,Movilidad mixta,29.31,0,29.31,147.63086205,168,23.9,20.69001834000005,70.97616804000006
230,75.41,20.67,8.35,63.57,4.143847,277.26753912999993,168,00421-1-01,30 a 44,Mujeres,Quintil bajo,Centro,Cuidadores domesticos,Movilidad mixta,139.77999999999997,0,139.77999999999997,137.48753913,168,29.020000000000003,35.21996314000006,155.47440308000012
240,64.85,26.29,11.06,65.80000000000001,2.880642,47.177273449438005,168,00446-1-01,45 a 59,Mujeres,Quintil medio,Norte,Trabajadores rutinarios,Movilidad mixta,92.98,110.112359550562,-17.132359550562,64.309633,168,37.35,139.632360250562,247.22433895056196
245,41.44,41.05,11.9,73.61,3.486415,100.87703584,168,00454-1-01,30 a 44,Mujeres,Quintil bajo,Norte,Trabajadores rutinarios,Movilidad mixta,51.4,0,51.4,49.477035840000006,168,52.949999999999996,43.600001759999984,228.20567601
246,64.07,34.21,11.32,58.4,3.143866,146.30748719,168,00456-1-02,30 a 44,Hombres,Quintil medio,Sur,Trabajadores rutinarios,Movilidad mixta,94.88,0,94.88,51.42748719,168,45.53,55.12000742999999,198.26022641
251,41.71,63.39,4.13,58.76999999999999,3.071795,128.12456945,168,00460-1-03,45 a 59,Mujeres,Quintil bajo,Centro,Rutina flexible,Movilidad mixta,0,0,0,128.12456945,167.99999999999997,67.52,0,207.40759840000007
259,43.83,58.17,5.59,60.41,3.012374,132.03235242,168,00490-1-02,45 a 59,Mujeres,Quintil bajo,Centro,Cuidadores domesticos,Movilidad mixta,0,0,0,132.03235242,168,63.760000000000005,0,192.06896624
262,58.35,57.15,5.55,46.95000000000001,6.676654,158.36274905,168,00498-1-01,60 o mas,Hombres,Quintil medio,Norte,Jovenes trabajadores,Movilidad mixta,131.28,0,131.28,27.08274905,168,62.699999999999996,231.22001185000005,649.84621765
267,69.48,33.4,11.96,53.160000000000004,8.505659,290.09318692,168,00513-1-02,30 a 44,Hombres,Quintil alto,Centro,Trabajadores moviles,Movilidad mixta,199.12,0,199.12,90.97318691999999,168,45.36,300.8800004,686.69669264
275,53.58,42.04,11.43,60.949999999999996,3.439119,103.1279698,168,00523-1-01,45 a 59,Hombres,Quintil bajo,Centro,Trabajadores rutinarios,Movilidad mixta,76.36,0,76.36,26.767969800000003,168,53.47,81.14002622,265.02971915
276,60.94,40.55,5.07,61.440000000000005,3.02857,127.66104634,168,00526-1-01,30 a 44,Hombres,Quintil bajo,Norte,Trabajadores rutinarios,Movilidad mixta,60.10000000000001,0,60.10000000000001,67.56104633999999,168,45.62,56.90000946000002,195.06337286000007
280,62.51,35.94,12.59,56.96000000000001,4.018324,138.60542461,168,00530-1-01,60 o mas,Hombres,Quintil medio,Norte,Trabajadores rutinarios,Movilidad mixta,87.42,0,87.42,51.18542461,168,48.53,112.58000862999998,307.58927234999993
284,49.86,39.98,10.53,67.63,5.186084,173.38816305999998,168,00539-1-02,30 a 44,Mujeres,Quintil medio,Norte,Cuidadores domesticos,Movilidad mixta,77.30999999999999,0,77.30999999999999,96.07816306,168,50.51,85.18998518000004,347.13908802000003
292,54.6,51.81,6.56,55.03,2.43488,109.4644702,168,00554-1-01,30 a 44,Hombres,Quintil bajo,Norte,Jovenes trabajadores,Movilidad mixta,89.02,0,89.02,20.444470199999998,168,58.370000000000005,23.47997780000003,165.60392340000004
294,56.65,20.02,15.77,75.56,3.150728,138.1965189777778,168,00558-1-02,45 a 59,Mujeres,Quintil bajo,Norte,Cuidadores domesticos,Movilidad mixta,31.93,72.2222222222222,-40.2922222222222,178.4887412,168,35.79,40.29222222222219,153.0567773422222
309,74.24,28.45,13.25,52.06,2.622817,121.85790048000001,168,00590-1-01,45 a 59,Hombres,Quintil bajo,Norte,Trabajadores moviles,Movilidad mixta,77.14,0,77.14,44.717900480000004,168,41.7,72.86003359999998,182.23150249999998
311,62.21,32.87,7.33,65.58999999999999,6.922018,240.5987617,168,00591-1-01,45 a 59,Hombres,Quintil bajo,Norte,Trabajadores moviles,Movilidad mixta,184.98000000000002,0,184.98000000000002,55.6187617,168,40.199999999999996,190.01997808,468.28510167999997
325,33.31,58.42,19.19,57.08,5.600411,104.58970387000001,168,00605-1-02,18 a 29,Hombres,Quintil medio,Sur,Trabajadores moviles,Movilidad mixta,100.54,0,100.54,4.04970387,168,77.61,81.95998654,516.6078842500001
326,74.97,24.72,10.63,57.68,3.143069,120.20592353000002,168,00609-1-01,60 o mas,Mujeres,Quintil bajo,Centro,Cuidadores domesticos,Movilidad mixta,74.57000000000001,165,-90.42999999999999,210.63592353,168,35.35,115.42995939999999,226.53744854999997
332,51.63,32.94,16.13,67.30000000000001,4.08046,105.16416438000002,168,00620-1-02,45 a 59,Mujeres,Quintil medio,Norte,Trabajadores rutinarios,Movilidad mixta,69.49000000000001,0,69.49000000000001,35.67416438000001,168,49.06999999999999,105.50998542000002,305.7381576199999
337,12.47,74.5,8.54,72.49000000000001,3.209994,40.02862518,168,00624-1-01,60 o mas,Mujeres,Quintil alto,Centro,Rutina flexible,Movilidad mixta,0,0,0,40.02862518,168,83.03999999999999,0,266.55790176
344,50.74,38.82,9.23,69.21,4.311402,149.52055860000002,168,00631-1-02,45 a 59,Hombres,Quintil bajo,Centro,Trabajadores rutinarios,Movilidad mixta,130.76000000000002,0,130.76000000000002,18.760558600000003,168,48.05,69.23997888,276.40284498000005
346,91.59,10.29,7.36,58.760000000000005,2.161877,135.79632983000002,168,00632-1-01,30 a 44,Hombres,Quintil bajo,Norte,Trabajadores moviles,Movilidad mixta,112.79,0,112.79,23.006329830000002,168,17.65,62.209984599999984,100.36711364999996
351,56.97,52.36,10.42,48.25,2.575725,25.14333988428571,168,00643-1-01,18 a 29,Hombres,Quintil bajo,Centro,Jovenes trabajadores,Movilidad mixta,82.69000000000001,94.2857142857143,-11.595714285714294,36.73905417,168,62.78,121.59571336571427,283.29972886571426
359,42.81,39.6,6.62,78.97,3.082798,131.97458238000002,168,00656-1-02,30 a 44,Mujeres,Quintil bajo,Centro,Cuidadores domesticos,Movilidad mixta,0,0,0,131.97458238000002,168,46.22,0,142.48692355999998
362,79.84,19.29,7.89,60.980000000000004,2.180479,166.68945136000002,168,00664-1-01,30 a 44,Mujeres,Quintil bajo,Norte,Trabajadores rutinarios,Movilidad mixta,92.60000000000001,0,92.60000000000001,74.08945136,168,27.18,7.3999919999999975,66.66541121999998
364,58.93,23.03,4.51,81.52999999999999,2.987623,176.06062339000002,168,00666-1-02,18 a 29,Mujeres,Quintil bajo,Norte,Cuidadores domesticos,Movilidad mixta,0,0,0,176.06062339000002,168,27.54,0,82.27913742000001
367,77.21,17.27,17.46,56.06000000000001,4.515549,192.14550854,168,00675-1-01,45 a 59,Mujeres,Quintil bajo,Norte,Cuidadores domesticos,Movilidad mixta,143.5,50,93.5,98.64550854000001,168,34.730000000000004,156.50002974999998,313.32504652
368,47.17,25.86,13.39,81.58,3.52138,102.24348323000001,168,00676-1-01,45 a 59,Hombres,Quintil bajo,Sur,Trabajadores moviles,Movilidad mixta,48.64,0,48.64,53.60348323,168,39.25,63.860011369999995,202.07417637
380,33.08,64.74,9.22,60.96000000000002,5.946928,0.7277106933330231,168,00693-1-01,45 a 59,Mujeres,Quintil alto,Sur,Rutina flexible,Movilidad mixta,211.17,282.16666666666697,-70.99666666666698,71.72437736,168,73.96,195.99666754666697,635.8314624266668
393,28.51,92.35,5.81,41.33000000000001,2.466842,60.00506067538461,168,00714-1-02,18 a 29,Hombres,Quintil bajo,Centro,Rutina flexible,Movilidad mixta,7.5600000000000005,5.38461538461539,2.17538461538461,57.829676060000004,168,98.16,10.3246047446154,252.46981546461538
399,66.94,37.96,8.43,54.67,2.538393,122.44003814,168,00734-1-02,18 a 29,Mujeres,Quintil bajo,Centro,Cuidadores domesticos,Movilidad mixta,65.02,0,65.02,57.42003814,168,46.39,47.47998928,165.23604054999998
404,88.41,26.03,6.25,47.31,5.416832,312.7620881,168,00744-1-01,30 a 44,Mujeres,Quintil alto,Centro,Cuidadores domesticos,Movilidad mixta,183.85999999999999,0,183.85999999999999,128.90208810000001,168,32.28,166.14002902,340.99536598
411,58.1,33.07,9.44,67.39000000000001,8.295754,258.2333061,168,00758-1-01,30 a 44,Hombres,Quintil bajo,Centro,Trabajadores rutinarios,Movilidad mixta,188.75,0,188.75,69.48330610000001,168,42.51,223.75000130000006,576.40250384
415,45.43,64.79,5.83,51.94999999999999,3.158094,86.2899881977778,168,00764-1-02,60 o mas,Mujeres,Quintil alto,Sur,Rutina flexible,Movilidad mixta,57.54,114.7222222222222,-57.1822222222222,143.47221042,168,70.62,57.18222222222221,280.20682050222223
429,46.49,40.16,12.57,68.78,2.997826,139.36893074,168,00787-1-01,30 a 44,Hombres,Quintil bajo,Centro,Cuidadores domesticos,Movilidad mixta,0,0,0,139.36893074,168,52.73,0,158.07536497999996
433,57.98,17.13,5.82,87.07000000000002,3.184111,184.61475578,168,00791-1-01,30 a 44,Mujeres,Quintil bajo,Centro,Cuidadores domesticos,Movilidad mixta,0,0,0,184.61475578,168.00000000000003,22.95,0,73.07534744999992
435,61.72,33.78,8.48,64.02,4.18571,173.6020052,168,00794-1-01,45 a 59,Hombres,Quintil bajo,Centro,Trabajadores rutinarios,Movilidad mixta,117.51,0,117.51,56.092005199999996,168,42.260000000000005,84.74001600000003,261.62812060000005
438,53.37,25.74,8.23,80.66,3.144045,132.74766682999999,168,00798-1-02,45 a 59,Mujeres,Quintil bajo,Centro,Cuidadores domesticos,Movilidad mixta,27.45,0,27.45,105.29766683,168,33.97,35.05001482000003,141.85322347000002
444,2.96,39.85,3.57,121.62,2.903054,8.59303984,168,00805-1-03,18 a 29,Hombres,Quintil bajo,Norte,Rutina flexible,Movilidad mixta,0,0,0,8.59303984,168,43.42,0,126.05060467999998
446,11.53,31.02,10.14,115.31,3.089649,35.62365297,168,00808-1-03,18 a 29,Mujeres,Quintil alto,Norte,Rutina flexible,Movilidad mixta,0,0,0,35.62365297,168,41.16,0,127.16995284000001
453,53.59,56.9,6.73,50.78,5.636334,142.31114696,168,00818-1-03,30 a 44,Hombres,Quintil alto,Norte,Trabajadores moviles,Movilidad mixta,115.26,0,115.26,27.05114696,168,63.629999999999995,159.73999210000002,518.37992452
454,39.62,45.71,12.01,70.65999999999998,3.008104,119.18108047999999,168,00821-1-02,45 a 59,Mujeres,Quintil bajo,Centro,Rutina flexible,Movilidad mixta,0,0,0,119.18108047999999,168,57.72,0,173.62776288000003
455,24.24,54.21,13.58,75.96999999999998,2.930111,68.36323757877553,168,00821-1-03,18 a 29,Mujeres,Quintil bajo,Centro,Rutina flexible,Movilidad mixta,8.969999999999999,11.63265306122449,-2.662653061224491,71.02589064000001,168,67.79,2.662653061224475,201.29487775122453
456,82.72,26.51,7.11,51.66,7.170561,307.0588528,168,00824-1-02,30 a 44,Mujeres,Quintil alto,Sur,Cuidadores domesticos,Movilidad mixta,188.91000000000003,0,188.91000000000003,118.1488528,168,33.620000000000005,286.08995311999996,527.1642139400001
462,53.71,51.01,8.06,55.21999999999999,2.469215,72.0551660136264,168,00834-1-03,18 a 29,Hombres,Quintil bajo,Centro,Jovenes trabajadores,Movilidad mixta,66.06,11.6263736263736,54.4336263736264,17.62153964,168,59.07,60.56637163637362,206.4229016863736
468,21.56,44.2,12.49,89.75,3.006596,64.82220975999999,168,00841-1-02,18 a 29,Hombres,Quintil bajo,Sur,Rutina flexible,Movilidad mixta,0,0,0,64.82220975999999,168,56.690000000000005,0,170.44392724000002
483,52.27,28.51,13.71,73.50999999999999,5.367794,101.4537550062652,168,00873-1-02,18 a 29,Hombres,Quintil alto,Centro,Trabajadores moviles,Movilidad mixta,63.459999999999994,15.0808407437348,48.3791592562652,53.07459574999999,168,42.22,179.12083737373482,405.7491000537349
484,51.86,33.63,13.54,68.97,3.72409,94.72514808717868,168,00873-1-05,30 a 44,Mujeres,Quintil alto,Centro,Trabajadores rutinarios,Movilidad mixta,34.88,8.28617623282134,26.593823767178662,68.13132432000002,168,47.17,98.40615931282132,274.0714846128213
489,68.2,28.06,7.34,64.39999999999999,4.914915,226.8572196,168,00882-1-01,18 a 29,Mujeres,Quintil medio,Centro,Trabajadores rutinarios,Movilidad mixta,141.66,0,141.66,85.19721960000001,168,35.4,108.3399834,282.3279744
493,86.44,19.09,3.4,59.07,3.326006,239.47994752000002,168,00886-1-01,30 a 44,Mujeres,Quintil bajo,Centro,Cuidadores domesticos,Movilidad mixta,146.98000000000002,32.5,114.48000000000002,124.99994752,168,22.49,48.020011119999964,122.82188606000003
505,64,45.72,9.43,48.85,2.992771,191.537344,168,00899-1-02,60 o mas,Mujeres,Quintil bajo,Sur,Cuidadores domesticos,Movilidad mixta,0,0,0,191.537344,168,55.15,0,165.05132065
507,43.91,27.45,15.35,81.29,2.990355,131.30648805,168,00900-1-02,18 a 29,Mujeres,Quintil bajo,Norte,Rutina flexible,Movilidad mixta,0,0,0,131.30648805,168,42.8,-2.842170943040401e-14,127.98719399999996
513,56.92,11.61,24.44,75.03,3.073207,174.92694244,168,00917-1-01,60 o mas,Mujeres,Quintil alto,Sur,Cuidadores domesticos,Movilidad mixta,0,0,0,174.92694244,168,36.05,0,110.78911234999998
515,63.47,57.94,2.42,44.17,3.233447,38.140186803333016,168,00917-1-03,30 a 44,Hombres,Quintil alto,Sur,Jovenes trabajadores,Movilidad mixta,147.08,151.666666666667,-4.586666666666986,42.72685347,168,60.36,167.08669428666698,362.257555206667
517,86.57,21.07,7.49,52.870000000000005,1.392398,65.82992375,168,00922-1-01,30 a 44,Mujeres,Quintil bajo,Norte,Trabajadores rutinarios,Movilidad mixta,57.79,0,57.79,8.03992375,168,28.560000000000002,54.709971109999984,94.47685798999998
530,58.5,58.37,8.15,42.980000000000004,3.212258,132.86708549999997,168,00961-1-01,30 a 44,Hombres,Quintil bajo,Centro,Jovenes trabajadores,Movilidad mixta,89.94999999999999,0,89.94999999999999,42.9170855,168,66.52,55.05000750000002,268.72940966
532,28.6,68.13,2.36,68.91000000000001,3.978524,72.5357894,168,00964-1-02,18 a 29,Mujeres,Quintil bajo,Centro,Rutina flexible,Movilidad mixta,44.24999999999999,40.5,3.749999999999993,68.78578940000001,168,70.49,41.24999700000001,321.69615375999996
546,29.76,56.73,12.25,69.26000000000002,11.978974,173.68428047999998,168,00994-1-01,45 a 59,Hombres,Quintil bajo,Centro,Rutina flexible,Movilidad mixta,142.19,0,142.19,31.494280479999997,168,68.97999999999999,182.80998576000002,1009.1196122799996
555,68.17,33.41,5.75,60.67,1.990882,86.79845695,168,01008-1-02,60 o mas,Hombres,Quintil bajo,Norte,Trabajadores rutinarios,Movilidad mixta,26.080000000000002,0,26.080000000000002,60.71845695,168,39.16,48.91996899,126.88290810999999
559,35.13,47.17,15.93,69.77000000000001,3.140774,61.97563452243902,168,01020-1-01,60 o mas,Hombres,Quintil bajo,Sur,Rutina flexible,Movilidad mixta,52.25,100.60975609756099,-48.35975609756099,110.33539062000001,168.00000000000003,63.1,48.35975609756099,246.54259549756097
565,66.4,43.01,8.01,50.58,2.232698,98.11117999999999,168,01029-1-02,18 a 29,Mujeres,Quintil bajo,Centro,Jovenes trabajadores,Movilidad mixta,39.86,0,39.86,58.25117999999999,168,51.019999999999996,50.13996720000003,164.05221916000005
584,1.47,44.44,9.14,112.95,2.973735,4.37139045,168,01064-1-02,18 a 29,Hombres,Quintil bajo,Norte,Rutina flexible,Movilidad mixta,0,0,0,4.37139045,168,53.58,0,159.33272129999997
589,72.16,25.04,14.91,55.890000000000015,3.250629,160.22527236093018,168,01071-1-02,60 o mas,Mujeres,Quintil medio,Sur,Cuidadores domesticos,Movilidad mixta,60,134.3401162790698,-74.3401162790698,234.56538863999998,168,39.95,74.3401162790698,204.20274482906976
590,26.45,47.29,7.46,86.80000000000003,10.177857,14.908961237957975,168,01072-1-03,45 a 59,Hombres,Quintil alto,Norte,Rutina flexible,Movilidad mixta,134.2,138.495359062042,-4.295359062042024,19.2043203,168,54.75,254.29535641204203,811.5330271620417
592,61.15,36.74,3.92,66.18999999999998,2.847316,120.1833451,168,01074-1-01,30 a 44,Hombres,Quintil bajo,Centro,Trabajadores rutinarios,Movilidad mixta,71.07,0,71.07,49.1133451,168,40.660000000000004,53.930028300000004,169.7018968600001
594,64.95,43.95,13.67,45.42999999999999,4.432391,210.94381645,168,01080-1-02,45 a 59,Mujeres,Quintil bajo,Sur,Jovenes trabajadores,Movilidad mixta,148.06,0,148.06,62.883816450000005,168,57.620000000000005,76.93997900000002,332.3343484200001
599,58.14,48.15,6.1,55.61,2.670627,158.41028290000003,168,01088-1-02,18 a 29,Hombres,Quintil bajo,Sur,Jovenes trabajadores,Movilidad mixta,128.14000000000001,0,128.14000000000001,30.2702829,168,54.25,-3.1400291200000083,141.74148563
604,83.42,22.06,8.27,54.25,1.550618,55.46252862,168,01097-1-03,30 a 44,Hombres,Quintil medio,Norte,Trabajadores moviles,Movilidad mixta,51.11,0,51.11,4.352528619999999,168,30.33,73.89002494000002,120.92026888000001
611,83.95,37.83,7.35,38.87,4.370753,275.56470609999997,168,01106-1-01,30 a 44,Hombres,Quintil medio,Sur,Trabajadores moviles,Movilidad mixta,158.64,0,158.64,116.92470610000001,168,45.18,91.36000825000002,288.83062879
615,58.59,28.74,11.44,69.23,5.665611,177.38812266,168,01115-1-01,18 a 29,Hombres,Quintil medio,Norte,Trabajadores moviles,Movilidad mixta,120.44,0,120.44,56.94812266,168,40.18,154.56002583000006,382.20427581
621,91.64,21.64,9.03,45.69,2.667243,203.26617024,168,01127-1-02,30 a 44,Mujeres,Quintil bajo,Sur,Cuidadores domesticos,Movilidad mixta,58.84,0,58.84,144.42617024,168,30.67,41.15997827999999,122.96432109
622,67.44,34.54,5.33,60.69000000000001,3.474225,147.6287248969697,168,01129-1-02,18 a 29,Mujeres,Quintil medio,Norte,Trabajadores rutinarios,Movilidad mixta,93.63,5.3030303030303,88.3269696969697,59.30175519999999,168,39.87,86.67300910303032,225.19035985303026
623,47.09,61.82,4.59,54.5,2.849983,78.48659668090909,168,01129-1-03,18 a 29,Hombres,Quintil medio,Norte,Jovenes trabajadores,Movilidad mixta,60.19,3.40909090909091,56.78090909090909,21.70568759,168,66.41,55.719102789090925,244.98647381909092
634,52.14,48.31,6.02,61.53,4.573108,134.60186843999998,168,01150-1-01,30 a 44,Hombres,Quintil bajo,Centro,Jovenes trabajadores,Movilidad mixta,96.15999999999998,0,96.15999999999998,38.44186844,168,54.33,103.83998268000005,352.29694032000003
645,68.25,23.92,10.44,65.39,2.656369,121.907162,168,01166-1-02,45 a 59,Mujeres,Quintil bajo,Sur,Trabajadores rutinarios,Movilidad mixta,65.61,0,65.61,56.297162,168,34.36,59.390022250000015,150.66286109
646,38.41,38.61,16.49,74.49000000000001,3.073913,118.06899833,168,01167-1-01,60 o mas,Mujeres,Quintil bajo,Sur,Rutina flexible,Movilidad mixta,0,0,0,118.06899833,168,55.099999999999994,0,169.37260629999997
653,12.89,51.89,26.53,76.69000000000001,3.178974,40.976974860000006,168,01176-1-01,30 a 44,Hombres,Quintil bajo,Sur,Rutina flexible,Movilidad mixta,0,0,0,40.976974860000006,168,78.42,0,249.29514107999998
657,59.45,44.87,9.5,54.18,5.367851,176.02875445,168,01182-1-01,30 a 44,Hombres,Quintil bajo,Norte,Jovenes trabajadores,Movilidad mixta,131.91,0,131.91,44.11875445,168,54.37,143.0899875,434.94004636999995
658,46.1,56.28,7.88,57.74,2.791303,63.62906,168,01182-1-02,18 a 29,Hombres,Quintil bajo,Norte,Jovenes trabajadores,Movilidad mixta,59.95,0,59.95,3.67906,168,64.16,65.0500083,244.14000878
668,98.77,7.49,3.55,58.190000000000005,1.370692,135.38327120999998,168,01202-1-02,30 a 44,Mujeres,Quintil bajo,Centro,Cuidadores domesticos,Movilidad mixta,0,0,0,135.38327120999998,168,11.04,-2.2369999982174704e-5,15.132417310000022
673,51.22,6.18,8.64,101.96,5.073777,123.15886018,168,01215-1-02,45 a 59,Hombres,Quintil medio,Centro,Cuidadores domesticos,Movilidad mixta,113.28,0,113.28,9.878860180000002,168,14.82,136.71999775999998,211.91337289999998
677,80.9,18.33,9.25,59.519999999999996,2.810508,200.4300937,168,01219-1-01,18 a 29,Mujeres,Quintil bajo,Norte,Cuidadores domesticos,Movilidad mixta,98.06,0,98.06,102.37009369999998,168,27.58,26.940003500000017,104.45381414000002
701,79.54,29.92,8.53,50.00999999999999,2.093725,98.7648978,168,01260-1-03,18 a 29,Hombres,Quintil medio,Centro,Trabajadores moviles,Movilidad mixta,57.23,0,57.23,41.534897799999996,168,38.45,67.76998870000003,148.27371495000003
702,18.15,71.9,7.94,70.00999999999999,3.159457,57.344144549999996,168,01261-1-01,60 o mas,Mujeres,Quintil bajo,Centro,Rutina flexible,Movilidad mixta,0,0,0,57.344144549999996,168,79.84,0,252.25104688000005
703,82.43,12.31,10.91,62.349999999999994,2.347644,121.81633782,168,01262-1-01,45 a 59,Mujeres,Quintil bajo,Centro,Trabajadores rutinarios,Movilidad mixta,53.3,0,53.3,68.51633782,168,23.22,71.6999571,126.21225078
710,46.22,49.14,9.8,62.84,4.468675,186.55215191999997,168,01268-1-01,30 a 44,Mujeres,Quintil bajo,Norte,Rutina flexible,Movilidad mixta,55.010000000000005,0,55.010000000000005,131.54215191999998,168,58.94,19.990006580000028,283.37371108
711,65.75,60.69,11.33,30.230000000000004,2.792999,103.3915349067797,168,01269-1-01,45 a 59,Mujeres,Quintil medio,Centro,Jovenes trabajadores,Movilidad mixta,87.03999999999999,49.7881355932203,37.251864406779696,66.1396705,168,72.02,80.24814934322029,281.39993732322023
715,64.03,32.76,6.72,64.49000000000001,2.444314,52.39396887454551,168,01274-1-03,45 a 59,Hombres,Quintil bajo,Norte,Trabajadores rutinarios,Movilidad mixta,55.43,54.5454545454545,0.8845454545455027,51.509423420000005,168,39.48,104.11545654545448,200.61697326545448
730,57.35,26.1,14.4,70.15,2.332392,59.8307331304878,168,01306-1-01,60 o mas,Mujeres,Quintil bajo,Sur,Trabajadores rutinarios,Movilidad mixta,51.19,75.1219512195122,-23.9319512195122,83.76268435,168,40.5,73.9319480695122,168.3938240695122
740,68.5,23.94,7.91,67.65,2.729628,120.3194895,168,01329-1-02,30 a 44,Mujeres,Quintil bajo,Centro,Trabajadores rutinarios,Movilidad mixta,48.339999999999996,0,48.339999999999996,71.9794895,168,31.85,66.66002849999998,153.59868029999998
742,35.13,42.79,16.3,73.78000000000002,3.016131,60.93009112090909,168,01333-1-02,60 o mas,Mujeres,Quintil alto,Centro,Rutina flexible,Movilidad mixta,36.32,81.3465909090909,-45.026590909090906,105.95668203,168,59.09,45.02659090909092,223.2497716990909
747,71.02,30.75,4.45,61.78,4.887669,231.37222409999998,168,01346-1-01,30 a 44,Hombres,Quintil bajo,Sur,Cuidadores domesticos,Movilidad mixta,134.25,0,134.25,97.1222241,168,35.2,115.75002827999998,287.79597708
751,64.73,47.02,7.95,48.29999999999999,6.182618,229.37086348000003,168,01353-1-02,30 a 44,Mujeres,Quintil alto,Norte,Jovenes trabajadores,Movilidad mixta,154.17000000000002,0,154.17000000000002,75.20086348,168,54.970000000000006,170.82999966,510.68851112000004
762,57.98,47.62,6.65,55.750000000000014,2.073805,98.86920008,168,01372-1-01,30 a 44,Mujeres,Quintil bajo,Centro,Rutina flexible,Movilidad mixta,28.63,0,28.63,70.23920008,168,54.269999999999996,21.370013819999997,133.91541116999997
765,50.7,37.88,4.33,75.08999999999999,3.019385,153.08281950000003,168,01377-1-01,45 a 59,Mujeres,Quintil bajo,Norte,Cuidadores domesticos,Movilidad mixta,0,0,0,153.08281950000003,168,42.21,0,127.44824085000005
768,44.14,66.24,4.85,52.77,1.847601,42.28309088,168,01379-1-01,18 a 29,Hombres,Quintil bajo,Sur,Jovenes trabajadores,Movilidad mixta,35.730000000000004,0,35.730000000000004,6.553090879999999,168,71.08999999999999,39.27001726,170.61597235
772,50.62,43.92,7.11,66.35,0.153102,7.749999300000001,168,01391-1-03,18 a 29,Hombres,Quintil bajo,Centro,Trabajadores rutinarios,Movilidad mixta,0,0,0,7.749999300000001,168,51.03,2.393999999839025e-5,7.812818999999999
782,1.85,31.11,11.57,123.47000000000003,2.932995,5.426040749999999,168,01416-1-04,18 a 29,Mujeres,Quintil bajo,Centro,Rutina flexible,Movilidad mixta,0,0,0,5.426040749999999,168.00000000000003,42.68,8.881784197001252e-16,125.18022659999991
787,43.46,19.04,11.73,93.77,17.526659,347.45859848,168,01429-1-01,30 a 44,Hombres,Quintil alto,Norte,Trabajadores rutinarios,Movilidad mixta,335.75,0,335.75,11.70859848,168,30.77,414.25000165999995,953.54529909
791,65.34,28.68,5.72,68.25999999999999,3.192687,208.61016858,168,01436-1-01,30 a 44,Hombres,Quintil bajo,Norte,Cuidadores domesticos,Movilidad mixta,0,0,0,208.61016858,168,34.4,0,109.82843280000003
800,60.04,35.16,8.37,64.43,2.960701,143.11048864,168,01464-1-01,18 a 29,Hombres,Quintil bajo,Centro,Trabajadores rutinarios,Movilidad mixta,97.85,0,97.85,45.26048864,168,43.529999999999994,34.649999399999984,163.52931392999997
803,76.74,24.95,11.43,54.88,2.93911,220.01729016000002,168,01470-1-01,30 a 44,Mujeres,Quintil bajo,Centro,Cuidadores domesticos,Movilidad mixta,119.47,0,119.47,100.54729016,168,36.379999999999995,5.530011239999965,112.45483303999998
808,86.25,13.28,8.39,60.08,3.514564,227.3238144527027,168,01483-1-01,30 a 44,Mujeres,Quintil bajo,Norte,Cuidadores domesticos,Movilidad mixta,66.49,7.2972972972973,59.1927027027027,168.13111175,168,21.67,75.80733054729731,151.9679324272973
810,51.46,27.9,13.45,75.18999999999998,2.586036,54.74742067999999,168,01486-1-01,60 o mas,Hombres,Quintil bajo,Sur,Trabajadores moviles,Movilidad mixta,62.919999999999995,18.75,44.169999999999995,10.57742068,168,41.349999999999994,78.32999188000001,185.26258048000005
811,52.45,27.2,18.88,69.47,2.588565,57.4402293,168,01486-1-02,45 a 59,Mujeres,Quintil bajo,Sur,Trabajadores rutinarios,Movilidad mixta,62.919999999999995,18.75,44.169999999999995,13.2702293,168,46.08,78.33000495000002,197.61108015
831,56.49,52.31,4.77,54.42999999999999,2.402645,85.79540889,168,01518-1-03,30 a 44,Mujeres,Quintil bajo,Centro,Jovenes trabajadores,Movilidad mixta,50.07,0,50.07,35.72540889,168,57.08,49.93000716,187.07298376000003
833,44.54,69,5.24,49.220000000000006,2.571257,82.26380395999999,168,01521-1-04,18 a 29,Mujeres,Quintil bajo,Centro,Rutina flexible,Movilidad mixta,27.74,0,27.74,54.523803959999995,168,74.24,32.25998282000002,223.15010250000003
834,40.19,51.12,6.04,70.64999999999999,3.107769,78.91623602000001,168,01522-1-02,18 a 29,Mujeres,Quintil medio,Norte,Trabajadores moviles,Movilidad mixta,32.14,15.625,16.515,62.401236020000006,168,57.16,45.98500008999997,223.62507613
839,95.66,18.75,6.63,46.96,4.12867,309.21857044,168,01536-1-01,30 a 44,Mujeres,Quintil bajo,Centro,Cuidadores domesticos,Movilidad mixta,139.27,0,139.27,169.94857044,168,25.38,85.73000175999994,190.5156463599999
856,67.46,39.05,7.22,54.27000000000001,2.769662,155.12143758000002,168,01568-1-04,45 a 59,Mujeres,Quintil bajo,Norte,Cuidadores domesticos,Movilidad mixta,43.28,0,43.28,111.84143758,168,46.269999999999996,31.719960939999964,159.87222167999994
860,68.26,11.12,12.58,76.03999999999999,3.533262,216.99045154,168,01575-1-01,30 a 44,Mujeres,Quintil bajo,Norte,Trabajadores rutinarios,Movilidad mixta,80.81,0,80.81,136.18045154,168,23.7,24.19001258000003,107.92832198000005
866,13.09,40.19,7.52,107.2,3.068653,40.16866777,168,01588-1-01,18 a 29,Hombres,Quintil alto,Norte,Rutina flexible,Movilidad mixta,0,0,0,40.16866777,168,47.709999999999994,0,146.40543463
869,29.72,50.97,13.76,73.55,15.402753,220.85982332,168,01592-1-02,45 a 59,Mujeres,Quintil alto,Centro,Rutina flexible,Movilidad mixta,188.09,0,188.09,32.76982332,168,64.73,236.90999584,1233.93019753
873,27.86,39.52,8.42,92.19999999999997,3.155145,49.97717840967739,168,01601-1-02,60 o mas,Hombres,Quintil bajo,Norte,Rutina flexible,Movilidad mixta,22.720000000000002,60.645161290322605,-37.925161290322606,87.9023397,167.99999999999997,47.940000000000005,37.925161290322606,189.18281259032267
875,90.84,26.25,1.95,48.959999999999994,2.938128,266.89954752,168,01605-1-05,18 a 29,Mujeres,Quintil medio,Centro,Cuidadores domesticos,Movilidad mixta,0,0,0,266.89954752,168,28.2,0,82.85520960000002
877,23.89,62.43,6.29,75.39,3.013661,71.99636129,168,01606-1-02,30 a 44,Mujeres,Quintil bajo,Centro,Rutina flexible,Movilidad mixta,0,0,0,71.99636129,168,68.72,0,207.09878392000002
886,19.43,24.06,5.15,119.35999999999999,4.080975,58.84334077,168,01622-1-02,18 a 29,Mujeres,Quintil bajo,Norte,Rutina flexible,Movilidad mixta,20.799999999999997,3.75,17.049999999999997,41.79334077,167.99999999999997,29.21,20.450003479999992,139.65528323000004
891,91.3,14.16,9.68,52.86000000000001,3.091489,271.97298739999997,168,01631-1-01,45 a 59,Mujeres,Quintil bajo,Centro,Cuidadores domesticos,Movilidad mixta,84.72,0,84.72,187.2529874,168,23.84,10.279958300000033,83.98105606000001
895,62.52,25.87,8.98,70.62999999999998,2.531739,133.0943096,168,01643-1-01,45 a 59,Hombres,Quintil bajo,Centro,Trabajadores rutinarios,Movilidad mixta,74.81,0,74.81,58.2843096,168,34.85,25.190012679999995,113.42111683000005
901,87.63,28.24,5.21,46.92000000000001,3.099821,215.08731408999998,168,01649-1-02,30 a 44,Mujeres,Quintil bajo,Norte,Cuidadores domesticos,Movilidad mixta,58.449999999999996,0,58.449999999999996,156.63731409,168,33.449999999999996,56.55000013999998,160.23901259
904,69.12,33.6,8.99,56.29,5.31115,209.70667648,168,01652-1-02,30 a 44,Mujeres,Quintil medio,Norte,Cuidadores domesticos,Movilidad mixta,117.6,0,117.6,92.10667647999999,168,42.59,157.40001152000002,383.60189002
915,28.72,36.23,10.31,92.74000000000001,3.578865,102.7850028,168,01676-1-02,60 o mas,Mujeres,Quintil bajo,Sur,Rutina flexible,Movilidad mixta,0,0,0,102.7850028,168,46.54,0,166.56037709999995
917,75.27,32.09,7.79,52.85,2.27908,63.3477785114286,168,01678-1-01,30 a 44,Hombres,Quintil bajo,Centro,Trabajadores moviles,Movilidad mixta,88.23,71.4285714285714,16.801428571428602,46.54634994,168,39.88,108.19857308857138,199.0882834885714
920,54.88,40.52,7.57,65.03,4.247143,123.74321248,168,01683-1-03,18 a 29,Hombres,Quintil medio,Norte,Trabajadores rutinarios,Movilidad mixta,103.16,0,103.16,20.58321248,168,48.09,109.33999536000003,313.58510223
926,22.85,59.74,7.39,78.02,2.978929,68.06852765000001,168,01700-1-02,18 a 29,Mujeres,Quintil bajo,Sur,Rutina flexible,Movilidad mixta,0,0,0,68.06852765000001,168,67.13,0,199.97550377
927,30.99,40.52,8.56,87.92999999999998,12.42047,205.67035463,168,01702-1-01,30 a 44,Hombres,Quintil bajo,Norte,Rutina flexible,Movilidad mixta,145.76,0,145.76,59.91035463,168,49.080000000000005,179.24001066999998,788.8366782700002
929,70.61,23.34,10.66,63.39,3.597538,136.6176458194223,168,01705-1-01,45 a 59,Hombres,Quintil bajo,Centro,Cuidadores domesticos,Movilidad mixta,101.53000000000002,68.9345314505777,32.59546854942232,104.02217727,168,34,117.40451236057771,239.7208043605777
931,11.4,43.72,8.17,104.71,3.068689,34.9830546,168,01708-1-03,18 a 29,Hombres,Quintil bajo,Centro,Rutina flexible,Movilidad mixta,0,0,0,34.9830546,168,51.89,0,159.23427221000003
936,72.1,32,4.1,59.800000000000004,4.147695,181.0061212721519,168,01714-1-01,45 a 59,Hombres,Quintil medio,Centro,Cuidadores domesticos,Movilidad mixta,95.47,18.5126582278481,76.95734177215189,104.0487795,168,36.1,118.04268822784806,267.7744777278481
938,85.74,27.27,8.04,46.95000000000001,6.22822,293.98760692,168,01716-1-02,30 a 44,Mujeres,Quintil alto,Sur,Trabajadores moviles,Movilidad mixta,269.98,0,269.98,24.00760692,168,35.31,240.01997588,459.93842407999995
942,69.13,28.52,16.92,53.43000000000001,1.518177,29.852979781428594,168,01728-1-01,60 o mas,Hombres,Quintil medio,Norte,Trabajadores rutinarios,Movilidad mixta,46.330000000000005,96.4285714285714,-50.0985714285714,79.95155120999999,168,45.44,75.09859622857141,144.08455910857143
944,55.49,31.35,5.35,75.81,5.771355,190.31248600000004,168,01732-1-01,30 a 44,Mujeres,Quintil bajo,Centro,Trabajadores moviles,Movilidad mixta,145.06000000000003,0,145.06000000000003,45.252486000000005,168,36.7,129.94000294999995,341.7487314499999
945,15.8,50.38,12.12,89.69999999999999,3.107316,49.0955928,168,01733-1-03,18 a 29,Mujeres,Quintil bajo,Centro,Rutina flexible,Movilidad mixta,0,0,0,49.0955928,168,62.5,0,194.20725000000004
948,61.64,50.58,8.78,47,2.413753,116.64373760000001,168,01736-1-01,45 a 59,Hombres,Quintil bajo,Sur,Jovenes trabajadores,Movilidad mixta,67.86,0,67.86,48.7837376,168,59.36,32.13999731999999,175.42037539999995
951,60.58,38.28,7.68,61.46,3.72367,126.38992418000001,168,01738-1-01,45 a 59,Hombres,Quintil bajo,Sur,Trabajadores rutinarios,Movilidad mixta,106.31000000000002,18,88.31000000000002,38.07992418,168,45.96,99.19000441999998,270.32987761999993
958,38.72,49.77,9.15,70.35999999999999,3.074416,119.04138751999999,168,01754-1-02,30 a 44,Mujeres,Quintil bajo,Norte,Rutina flexible,Movilidad mixta,0,0,0,119.04138751999999,168,58.92,0,181.14459072000005
981,93.84,22.48,5.86,45.81999999999999,7.086527,390.99969536000003,168,01786-1-01,30 a 44,Mujeres,Quintil medio,Centro,Cuidadores domesticos,Movilidad mixta,276,0,276,114.99969536000002,168,28.34,273.99999832000003,474.83217350000007
985,47.86,46.87,8.73,64.54,4.691573,121.13869992,168,01792-1-01,45 a 59,Hombres,Quintil bajo,Centro,Trabajadores moviles,Movilidad mixta,96.6,0,96.6,24.53869992,168,55.599999999999994,103.39998385999999,364.25144265999995
988,81.89,14.07,9.68,62.35999999999999,4.038974,136.96156484,168,01801-1-01,45 a 59,Hombres,Quintil bajo,Centro,Trabajadores moviles,Movilidad mixta,131.21,0,131.21,5.75156484,168,23.75,193.79001602,289.71564852
998,36.23,46.32,13.4,72.05000000000001,0.329462,12.16367896727273,168,01822-1-01,45 a 59,Mujeres,Quintil bajo,Centro,Trabajadores rutinarios,Movilidad mixta,5,2.27272727272727,2.72727272727273,9.43640624,168,59.72,-0.2272707072727318,19.448199932727263
999,76.78,28.63,8.75,53.84,5.227352,232.84606273999998,168,01825-1-01,30 a 44,Hombres,Quintil medio,Centro,Cuidadores domesticos,Movilidad mixta,117.74,0,117.74,115.10606274,168,37.379999999999995,168.51002382000001,363.90844157999993
1008,73.86,23.27,9.37,61.50000000000001,2.97732,161.31484884,168,01837-1-02,30 a 44,Mujeres,Quintil bajo,Norte,Cuidadores domesticos,Movilidad mixta,56.410000000000004,0,56.410000000000004,104.90484884,168,32.64,58.59000636000002,155.76973116000002
1009,54.72,56.2,8.27,48.81,2.640892,7.21223834122501,168,01839-1-01,30 a 44,Hombres,Quintil medio,Norte,Trabajadores moviles,Movilidad mixta,81.07000000000001,118.367346938775,-37.29734693877499,44.50958528,168,64.47,137.297371898775,307.55567913877496
1026,56.74,37.35,10.85,63.059999999999995,4.222389,125.27833412000001,168,01880-1-02,18 a 29,Hombres,Quintil alto,Norte,Trabajadores rutinarios,Movilidad mixta,85.7,0,85.7,39.57833412,168,48.2,114.30001773999999,317.81916753999997
1027,60.45,21.3,9.97,76.28,3.091812,108.32003085000001,168,01880-1-04,18 a 29,Hombres,Quintil alto,Norte,Trabajadores rutinarios,Movilidad mixta,58.92,0,58.92,49.40003085000001,168,31.270000000000003,78.58000455,175.26096579
1030,105.32,14.95,4.39,43.34,3.464574,208.31895504,168,01885-1-01,45 a 59,Hombres,Quintil bajo,Sur,Trabajadores moviles,Movilidad mixta,143.42999999999998,0,143.42999999999998,64.88895504,168,19.34,156.56997864,223.57483979999995
1037,61.9,37.53,7.2,61.36999999999999,2.52622,108.0830009,168,01896-1-05,18 a 29,Mujeres,Quintil medio,Sur,Trabajadores moviles,Movilidad mixta,64.21,0,64.21,43.8730009,168,44.730000000000004,48.2900171,161.2878377
1042,48.25,17.81,12.53,89.41,1.284819,61.99254,168,01905-1-01,60 o mas,Mujeres,Quintil bajo,Centro,Trabajadores rutinarios,Movilidad mixta,0,0,0,61.99254,168,30.339999999999996,-2.3249999998142812e-5,38.981385210000006
1045,61.3,17.55,12.93,76.22,2.274845,80.29244394444441,168,01912-1-03,18 a 29,Hombres,Quintil bajo,Centro,Trabajadores rutinarios,Movilidad mixta,59.400000000000006,18.5555555555556,40.844444444444406,39.4479995,168,30.48,59.15555455555557,128.4928301555556
1055,104.23,7.59,8.28,47.89999999999999,3.421446,305.48733095,168,01934-1-01,30 a 44,Mujeres,Quintil bajo,Norte,Cuidadores domesticos,Movilidad mixta,103.86999999999999,50,53.86999999999999,251.61733095,168,15.87,51.12998563000002,105.42833365000001
1060,56.85,42.66,8.08,60.41000000000001,5.962837,146.60729395,168,01947-1-01,30 a 44,Hombres,Quintil alto,Norte,Trabajadores moviles,Movilidad mixta,107.62,0,107.62,38.98729395,168,50.739999999999995,192.3799895,494.93433888000004
1076,72.11,45.46,5.88,44.55,4.632613,223.44769975999998,168,01977-1-01,30 a 44,Hombres,Quintil medio,Centro,Jovenes trabajadores,Movilidad mixta,139.39,0,139.39,84.05769976,168,51.34,110.61002367000003,348.44837509
1087,25.82,74.88,7.58,59.72000000000001,3.088482,79.74460524,168,02002-1-01,30 a 44,Mujeres,Quintil bajo,Centro,Rutina flexible,Movilidad mixta,0,0,0,79.74460524,168,82.46,0,254.67622571999993
1089,81.41,32.43,12.34,41.82000000000001,3.64967,171.42965718,168,02004-1-01,30 a 44,Mujeres,Quintil bajo,Centro,Cuidadores domesticos,Movilidad mixta,149.31,75,74.31,97.11965717999999,168,44.769999999999996,125.68997752000001,289.08570341999996
1092,22.66,29.79,4.81,110.74000000000001,22.739095,211.02684017086142,168,02008-1-02,18 a 29,Hombres,Quintil alto,Centro,Jovenes trabajadores,Movilidad mixta,266.92,71.1610486891386,195.75895131086142,15.267888860000001,168,34.6,304.24105252913853,1091.013739529138
1093,27.97,66.67,9.89,63.47,2.982306,83.41509882,168,02011-1-02,18 a 29,Mujeres,Quintil bajo,Norte,Rutina flexible,Movilidad mixta,0,0,0,83.41509882,168,76.56,0,228.32534736
1106,71.6,22.84,4.83,68.73,3.228215,132.5302144,168,02037-1-01,60 o mas,Hombres,Quintil bajo,Sur,Trabajadores rutinarios,Movilidad mixta,51.39,0,51.39,81.1402144,168,27.67,98.60997959999997,187.93468864999997
1135,16.8,63.24,8.14,79.81999999999998,4.923535,98.29538,168,02102-1-01,45 a 59,Mujeres,Quintil bajo,Centro,Rutina flexible,Movilidad mixta,78.08,0,78.08,20.21538,168,71.38,-15.57999199999999,335.86193630000014
1151,80.7,14.95,13.73,58.61999999999999,4.632282,199.2346474165775,168,02131-1-01,30 a 44,Hombres,Quintil alto,Norte,Cuidadores domesticos,Movilidad mixta,174.33999999999997,98.9304812834225,75.40951871657748,123.82512870000002,168,28.68,174.59050998342252,307.44435774342253
1153,60.23,33.74,13.28,60.75,3.653918,157.4354695,168,02139-1-01,45 a 59,Mujeres,Quintil bajo,Centro,Trabajadores rutinarios,Movilidad mixta,112.36,0,112.36,45.0754695,168,47.02,62.64001163999998,234.44723599999998
1159,49.37,33.69,14.59,70.35,5.269318,158.14620949,168,02146-1-01,30 a 44,Hombres,Quintil bajo,Norte,Trabajadores rutinarios,Movilidad mixta,135.25,0,135.25,22.89620949,168,48.28,102.00002017000003,356.4026932100001
1162,40.66,60.51,12.18,54.65000000000001,2.707687,73.26455416,168,02146-2-03,18 a 29,Hombres,Quintil bajo,Norte,Rutina flexible,Movilidad mixta,23.169999999999998,0,23.169999999999998,50.09455416,168,72.69,36.82999925999998,233.65176729
1163,66.61,41.56,8.27,51.56,13.463756,406.49078657999996,168,02147-1-01,45 a 59,Hombres,Quintil alto,Centro,Trabajadores moviles,Movilidad mixta,384.66999999999996,0,384.66999999999996,21.820786580000004,168,49.83,490.33000058000005,1161.22896206
1167,97.32,15.71,8.09,46.88000000000001,2.60752,146.64380156000001,168,02155-1-01,45 a 59,Hombres,Quintil bajo,Norte,Trabajadores moviles,Movilidad mixta,105.38000000000001,0,105.38000000000001,41.26380156,168,23.8,107.12004483999996,169.17902084
1178,68.02,21.13,11.53,67.32000000000001,2.99425,117.2489028,168,02173-1-01,45 a 59,Hombres,Quintil bajo,Norte,Trabajadores moviles,Movilidad mixta,51.08,0,51.08,66.1689028,168,32.66,86.41998219999999,184.21218720000002
1187,59.31,24.92,7.93,75.84,2.985361,177.06176091,168,02187-1-02,30 a 44,Mujeres,Quintil bajo,Sur,Cuidadores domesticos,Movilidad mixta,0,0,0,177.06176091,168,32.85,0,98.06910884999999
1206,88.37,14.46,5.6,59.569999999999986,1.289545,67.57708517,168,02207-2-01,30 a 44,Mujeres,Quintil bajo,Norte,Trabajadores rutinarios,Movilidad mixta,53.62,0,53.62,13.95708517,168,20.060000000000002,46.38000647999999,72.24827918
1222,65.62,32.25,7.96,62.169999999999995,2.855286,186.44388206,168,02237-1-02,45 a 59,Mujeres,Quintil bajo,Norte,Cuidadores domesticos,Movilidad mixta,1.58,0,1.58,184.86388205999998,168,40.21,0.9199852600000327,115.73103532000002
1235,15.58,21.85,7.45,123.11999999999999,3.149494,49.069116519999994,168,02250-1-03,18 a 29,Hombres,Quintil bajo,Centro,Rutina flexible,Movilidad mixta,0,0,0,49.069116519999994,168,29.3,0,92.28017420000003
1239,39.2,45.26,14.71,68.83000000000001,3.437779,74.2309408,168,02261-1-02,45 a 59,Hombres,Quintil bajo,Norte,Trabajadores rutinarios,Movilidad mixta,64.47,0,64.47,9.7609408,168.00000000000003,59.97,60.529996,266.69360263
1241,63.63,34,8.15,62.220000000000006,2.903,117.42788614,168,02263-1-02,18 a 29,Mujeres,Quintil bajo,Centro,Trabajadores rutinarios,Movilidad mixta,70.21,0,70.21,47.217886140000005,168,42.15,67.29000386000001,189.65145386
1245,52.75,51.37,8.68,55.2,2.271797,71.407309,168,02266-1-02,18 a 29,Mujeres,Quintil bajo,Centro,Jovenes trabajadores,Movilidad mixta,56.57,0,56.57,14.837309000000001,168,60.05,48.42998274999999,184.8513926
1253,76.74,24.59,12.66,54.010000000000005,7.565302,336.85125587999994,168,02276-1-01,30 a 44,Mujeres,Quintil medio,Sur,Cuidadores domesticos,Movilidad mixta,281.28999999999996,25,256.28999999999996,80.56125587999999,168,37.25,243.7100196,525.5175191000001
1255,64.69,39.55,7.24,56.52,2.938597,114.23669442888892,168,02278-1-02,30 a 44,Mujeres,Quintil bajo,Centro,Trabajadores moviles,Movilidad mixta,75.25000000000001,11.1111111111111,64.13888888888891,50.09780554000001,168,46.79,75.86114550111107,213.35809913111103
1260,2.8,28.21,10.15,126.83999999999997,3.100427,8.681195599999999,168,02287-1-02,18 a 29,Hombres,Quintil bajo,Norte,Rutina flexible,Movilidad mixta,0,0,0,8.681195599999999,167.99999999999997,38.36,0,118.93237972000007
1264,68.66,27.51,9.64,62.19,2.339845,122.30330020635068,168,02288-1-08,30 a 44,Mujeres,Quintil medio,Centro,Cuidadores domesticos,Movilidad mixta,22.549999999999997,10.9004739336493,11.649526066350697,110.65377413999998,168,37.150000000000006,38.350457493649316,125.27569924364931
1272,69.44,21.01,15.83,61.72,2.825914,110.31085539192492,168,02300-1-01,45 a 59,Mujeres,Quintil medio,Centro,Trabajadores rutinarios,Movilidad mixta,79.73,40.6506090080751,39.0793909919249,71.23146440000001,168,36.84,85.92061276807507,190.02728452807509
1274,78.47,11.04,9.31,69.18,3.149501,224.23135696,168,02304-1-02,30 a 44,Mujeres,Quintil bajo,Centro,Cuidadores domesticos,Movilidad mixta,44.589999999999996,0,44.589999999999996,179.64135696,168,20.35,22.90998650999998,87.00233185999994
1278,48.38,43.79,12.68,63.15000000000001,2.930043,72.80546288,168,02310-1-02,45 a 59,Mujeres,Quintil bajo,Centro,Trabajadores moviles,Movilidad mixta,46.05,0,46.05,26.75546288,168,56.47,68.95001746,234.40954567
1281,39.1,58.52,10.47,59.91,3.1070159999999998,75.68778239012349,168,02318-1-01,60 o mas,Mujeres,Quintil bajo,Norte,Rutina flexible,Movilidad mixta,39.080000000000005,84.8765432098765,-45.796543209876496,121.48432559999999,168,68.99000000000001,45.7965432098765,260.1495770498765
1283,59.02,53.66,4.43,50.88999999999999,2.613656,106.03797318,168,02319-1-01,30 a 44,Hombres,Quintil bajo,Norte,Jovenes trabajadores,Movilidad mixta,71.78,0,71.78,34.25797318,168,58.089999999999996,48.220003940000026,200.04728098000004
1289,63.07,28.18,7.61,69.14,3.591825,159.34640408,168,02335-1-02,45 a 59,Hombres,Quintil bajo,Centro,Trabajadores rutinarios,Movilidad mixta,102.81000000000002,0,102.81000000000002,56.536404080000004,168,35.79,67.18999867,195.74141542
1291,85.65,13.29,9.68,59.38,0.879834,75.35782755,168,02340-1-01,45 a 59,Hombres,Quintil bajo,Norte,Trabajadores moviles,Movilidad mixta,0,0,0,75.35782755,168,22.97,-4.5449999987567935e-5,20.209741530000002
1298,32.46,34.51,5.99,95.04,3.0472,98.91211200000001,168,02349-1-01,30 a 44,Mujeres,Quintil bajo,Centro,Rutina flexible,Movilidad mixta,0,0,0,98.91211200000001,168,40.5,0,123.41159999999999
1309,60.85,18.58,19.24,69.33000000000001,1.780433,92.2493483,168,02371-1-01,45 a 59,Mujeres,Quintil bajo,Sur,Trabajadores rutinarios,Movilidad mixta,21.41,0,21.41,70.8393483,168,37.81999999999999,16.089999750000004,83.42597580999997
1314,67.59,24.98,9.49,65.94,5.801463,239.07087918,168,02376-1-01,30 a 44,Mujeres,Quintil bajo,Norte,Trabajadores rutinarios,Movilidad mixta,166.95,0,166.95,72.12087918,168,34.47,153.05000499000002,353.0264346
1323,61.36,30.95,5.53,70.16,0.80346,49.3002874,168,02393-1-01,30 a 44,Mujeres,Quintil bajo,Centro,Trabajadores rutinarios,Movilidad mixta,0,0,0,49.3002874,168,36.48,1.8199999992418725e-5,29.310238999999996
1324,72.2,49.67,7.27,38.86,1.185458,85.5900768,168,02393-1-02,30 a 44,Hombres,Quintil bajo,Centro,Jovenes trabajadores,Movilidad mixta,0,0,0,85.5900768,168,56.94,-9.200000008036113e-6,67.49996931999998
1325,61.22,49.6,8.15,49.03,8.144518,37.487382319999995,168,02396-1-03,30 a 44,Hombres,Quintil alto,Centro,Jovenes trabajadores,Movilidad mixta,318.88,330,-11.120000000000005,48.60738232,168,57.75,461.12000964,931.46592414
1339,54.47,34.1,5.83,73.60000000000001,2.475767,85.62502601,168,02425-1-04,30 a 44,Mujeres,Quintil medio,Sur,Trabajadores rutinarios,Movilidad mixta,65.77,0,65.77,19.85502601,168,39.93,49.230002479999996,148.08737878999997
1344,76.91,31.52,6.6,52.970000000000006,6.585465,349.84809364,168,02435-1-02,30 a 44,Mujeres,Quintil alto,Centro,Cuidadores domesticos,Movilidad mixta,193.36,0,193.36,156.48809364,168,38.12,156.64001951,407.67794531000004
1345,47.65,55.92,6.3,58.129999999999995,2.606411,57.5354894,168,02437-1-01,45 a 59,Hombres,Quintil bajo,Centro,Jovenes trabajadores,Movilidad mixta,48.34,0,48.34,9.1954894,168,62.22,66.65999475,228.83088716999998
1347,60.51,56.69,3.72,47.08000000000001,6.842129,205.53723884000001,168,02443-1-01,30 a 44,Hombres,Quintil bajo,Norte,Jovenes trabajadores,Movilidad mixta,166.52,0,166.52,39.01723884,168,60.41,208.47998694999998,621.8129998399999
1357,70.9,24.02,7.48,65.6,5.3539,188.28216665517238,168,02467-1-01,45 a 59,Hombres,Quintil alto,Norte,Trabajadores moviles,Movilidad mixta,150.07,41.3793103448276,108.69068965517239,79.591477,168,31.5,191.30934334482765,359.95719334482766
1358,66.72,26.91,6.93,67.44,3.985534,106.48205481931029,168,02467-1-02,60 o mas,Hombres,Quintil alto,Norte,Trabajadores rutinarios,Movilidad mixta,125.05,84.48275862068971,40.56724137931029,65.91481344,168,33.84,159.4327736606897,294.3032442206897
1361,59.93,37.65,7.39,63.02999999999999,2.789899,124.13868074,168,02475-1-01,45 a 59,Mujeres,Quintil bajo,Sur,Trabajadores rutinarios,Movilidad mixta,64.44,0,64.44,59.69868074,168,45.04,43.05996633000002,168.71701729000006
1370,68.13,56.96,2.58,40.330000000000005,3.229652,105.53290847371682,168,02488-1-03,18 a 29,Hombres,Quintil alto,Norte,Jovenes trabajadores,Movilidad mixta,70.01,34.5132743362832,35.4967256637168,70.03618281000001,168,59.54,114.5032822862832,306.7967623662832
1377,52.36,59.96,3.57,52.11,4.186049,100.01151200000001,168,02499-1-03,18 a 29,Mujeres,Quintil bajo,Norte,Jovenes trabajadores,Movilidad mixta,78.08000000000001,0,78.08000000000001,21.931512,168,63.53,119.17001363999998,385.10970661
1379,53.39,45.99,7.98,60.64,2.571199,99.72632984,168,02501-1-01,30 a 44,Hombres,Quintil bajo,Centro,Trabajadores moviles,Movilidad mixta,82.45,0,82.45,17.27632984,168,53.97,37.54998477000001,176.3175948
1381,19.93,55.05,7.24,85.78,2.494032,49.7060604,168,02504-2-01,18 a 29,Hombres,Quintil bajo,Centro,Rutina flexible,Movilidad mixta,0,0,0,49.7060604,168,62.29,-2.6400000052717587e-6,155.35325064
1391,62.86,64.67,2.4,38.07,2.773377,85.64398819672131,168,02521-1-01,45 a 59,Hombres,Quintil bajo,Norte,Jovenes trabajadores,Movilidad mixta,82.38000000000001,62.8204918032787,19.55950819672131,66.08448,168,67.07000000000001,88.69049002327868,274.70088541327874
1392,40.28,52.26,8.03,67.43,3.08897,29.04371160000001,168,02522-1-01,60 o mas,Hombres,Quintil bajo,Centro,Rutina flexible,Movilidad mixta,84.11999999999999,179.5,-95.38000000000001,124.42371160000002,168,60.29,95.38000000000001,281.6140013
1395,51.26,46.69,9.73,60.32000000000001,2.591469,72.93870244000001,168,02533-1-01,45 a 59,Hombres,Quintil bajo,Centro,Trabajadores moviles,Movilidad mixta,52.60000000000001,0,52.60000000000001,20.33870244,168,56.42,59.89999849999998,206.11067947999996
1400,42.49,41.78,16.32,67.41,3.016741,80.8966442389362,168,02537-1-02,60 o mas,Mujeres,Quintil medio,Centro,Rutina flexible,Movilidad mixta,33.46,80.7446808510638,-47.284680851063804,128.18132509,168,58.1,47.2846808510638,222.55733295106384
1401,88.04,9.96,7.96,62.04,2.275045,200.29499532,168,02538-1-01,30 a 44,Mujeres,Quintil bajo,Centro,Cuidadores domesticos,Movilidad mixta,0,0,0,200.29499532,168,17.92,-3.351999998812971e-5,40.76877288000003
1403,76.38,9.7,12.72,69.2,2.774053,148.43216773999998,168,02540-1-01,45 a 59,Mujeres,Quintil bajo,Norte,Trabajadores rutinarios,Movilidad mixta,46.550000000000004,0,46.550000000000004,101.88216773999999,168,22.42,63.45000039999999,125.64426866
1409,11.59,74.65,12.85,68.91,3.131401,36.29293759,168,02560-1-03,18 a 29,Mujeres,Quintil bajo,Centro,Rutina flexible,Movilidad mixta,0,0,0,36.29293759,168,87.5,0,273.9975875
1423,61.47,27.58,12.39,66.56,3.098826,190.48483421999998,168,02580-1-01,45 a 59,Mujeres,Quintil bajo,Norte,Cuidadores domesticos,Movilidad mixta,0,0,0,190.48483421999998,168,39.97,0,123.86007522
1426,84.92,20.19,10.25,52.64,2.095289,15.329211459310315,168,02584-1-04,30 a 44,Hombres,Quintil medio,Norte,Trabajadores moviles,Movilidad mixta,96.88000000000001,84.4827586206897,12.397241379310316,2.9319700799999997,168,30.44,162.60273042068968,226.3833275806897
1436,54.56,35.03,9.13,69.28,2.621668,76.01822432,168,02605-1-03,30 a 44,Hombres,Quintil bajo,Norte,Trabajadores rutinarios,Movilidad mixta,32.98,0,32.98,43.038224320000005,168,44.160000000000004,67.01998176000001,182.79284064
1442,54.71,38,9.84,65.44999999999999,14.626842,419.70453232,168,02615-1-01,30 a 44,Mujeres,Quintil alto,Centro,Trabajadores moviles,Movilidad mixta,369.47,0,369.47,50.23453232,168,47.84,380.52999350000005,1080.2781147800001
1451,67.84,29.3,3.6,67.26,2.363936,99.20940447999999,168,02625-1-01,30 a 44,Mujeres,Quintil bajo,Norte,Trabajadores rutinarios,Movilidad mixta,51.339999999999996,0,51.339999999999996,47.86940448,168,32.9,61.16001376,138.93350815999997
1452,25.62,53.57,8.91,79.9,3.091568,79.20597215999999,168,02627-1-02,45 a 59,Mujeres,Quintil alto,Norte,Rutina flexible,Movilidad mixta,0,0,0,79.20597215999999,168,62.480000000000004,1.4210854715202004e-14,193.16116864000003
1458,65.96,28.58,14.87,58.59000000000001,3.535049,81.38406954222219,168,02635-1-02,60 o mas,Hombres,Quintil bajo,Sur,Trabajadores rutinarios,Movilidad mixta,100.99000000000001,77.7777777777778,23.21222222222221,58.17184731999999,168,43.449999999999996,151.78776249777778,305.3856415477778
1463,73.57,31.04,12.85,50.540000000000006,2.542192,241.84910893,168,02641-1-01,45 a 59,Mujeres,Quintil bajo,Centro,Cuidadores domesticos,Movilidad mixta,62.31999999999999,0,62.31999999999999,179.52910893,168,43.89,-54.82004349000002,56.75676339
1469,51.07,15.8,11.74,89.39000000000001,7.523871,176.734077,168,02651-1-01,60 o mas,Hombres,Quintil medio,Norte,Trabajadores rutinarios,Movilidad mixta,167.49,0,167.49,9.244076999999999,168,27.54,207.51001497,414.7174223099999
1470,52.26,31.96,14.75,69.03,3.122532,94.00350028,168,02651-1-03,18 a 29,Mujeres,Quintil medio,Norte,Trabajadores rutinarios,Movilidad mixta,55.81999999999999,0,55.81999999999999,38.18350028,168,46.71,69.18002204000001,215.03349176000003
1481,79.5,30.63,9.08,48.790000000000006,2.562886,150.5094245,168,02671-1-02,45 a 59,Mujeres,Quintil bajo,Centro,Cuidadores domesticos,Movilidad mixta,46.760000000000005,0,46.760000000000005,103.74942449999999,168,39.71,53.240012500000034,155.01221556000004
1482,28.21,48.39,20.34,71.05999999999999,3.010905,84.93763005000001,168,02673-1-02,45 a 59,Mujeres,Quintil alto,Centro,Rutina flexible,Movilidad mixta,0,0,0,84.93763005000001,168,68.73,0,206.93950065000007
1484,72.68,26.13,6.61,62.58,2.580328,145.37822144,168,02676-1-01,45 a 59,Mujeres,Quintil bajo,Sur,Cuidadores domesticos,Movilidad mixta,57.84,0,57.84,87.53822144,168,32.74,42.16001760000003,126.63995632000001
1486,63.24,30.85,11.31,62.599999999999994,5.112756,117.711750311644,168,02678-1-03,45 a 59,Mujeres,Quintil alto,Sur,Trabajadores rutinarios,Movilidad mixta,174.94,130.558955528356,44.381044471644,73.33070584,168,42.160000000000004,205.61893912835603,421.17273208835604
1487,54.68,31.28,11,71.03999999999999,4.565033,82.86271918650397,168,02678-1-04,45 a 59,Mujeres,Quintil alto,Sur,Trabajadores rutinarios,Movilidad mixta,141.87999999999997,105.883312933496,35.996687066503966,46.86603212,168,42.28,166.75328525349602,359.762880493496
1501,65.79,33.28,6.36,62.56999999999999,3.060368,136.88157217,168,02702-1-01,45 a 59,Mujeres,Quintil bajo,Sur,Cuidadores domesticos,Movilidad mixta,60.54,0,60.54,76.34157216999999,168,39.64,64.46003855000001,185.77302607000004
1509,73.04,32.83,6.39,55.739999999999995,2.848505,140.59478844,168,02715-1-02,30 a 44,Hombres,Quintil medio,Centro,Cuidadores domesticos,Movilidad mixta,57.540000000000006,0,57.540000000000006,83.05478844,168,39.22,67.46001676,179.17838286
1516,84.35,14.75,5.82,63.080000000000005,2.442294,185.44747505,168,02731-1-01,30 a 44,Mujeres,Quintil bajo,Centro,Cuidadores domesticos,Movilidad mixta,59.440000000000005,0,59.440000000000005,126.00747505000001,168,20.57,20.560023849999965,70.79801142999995
1518,53.21,43.14,6.97,64.67999999999999,4.973246,135.12640688,168,02737-1-02,18 a 29,Mujeres,Quintil alto,Centro,Trabajadores rutinarios,Movilidad mixta,95.5,0,95.5,39.62640688,168,50.11,129.50001278000002,378.70936984
1519,34.51,59.41,4.38,69.70000000000002,2.931844,101.17793644000001,168,02738-1-02,30 a 44,Mujeres,Quintil bajo,Sur,Rutina flexible,Movilidad mixta,0,0,0,101.17793644000001,168,63.79,-1.4210854715202004e-14,187.02232875999994
1530,24.71,37.83,9.34,96.11999999999999,3.061253,75.64356163,168,02759-1-02,30 a 44,Mujeres,Quintil bajo,Centro,Rutina flexible,Movilidad mixta,0,0,0,75.64356163,168,47.17,0,144.39930401
1540,57.3,45.05,7.9,57.75000000000001,6.808469,196.16527540000004,168,02774-1-01,60 o mas,Mujeres,Quintil bajo,Sur,Trabajadores moviles,Movilidad mixta,156.04000000000002,0,156.04000000000002,40.12527540000001,168,52.949999999999996,193.95999829999994,554.4684318499999
1542,68.74,10.96,14.69,73.61000000000001,4.102474,160.74404906,168,02779-1-02,45 a 59,Mujeres,Quintil medio,Norte,Trabajadores rutinarios,Movilidad mixta,91.24,0,91.24,69.50404906,168,25.65,121.26001369999994,226.48847179999996
1545,50.96,48.52,11.93,56.58999999999998,3.042939,57.768160879999996,168,02786-1-01,60 o mas,Hombres,Quintil bajo,Norte,Jovenes trabajadores,Movilidad mixta,40.199999999999996,0,40.199999999999996,17.568160879999997,167.99999999999997,60.45,97.30001056000002,281.2456731100001
1548,51.65,41.84,9.36,65.14999999999999,2.935785,151.63329525000003,168,02794-2-02,45 a 59,Mujeres,Quintil medio,Norte,Cuidadores domesticos,Movilidad mixta,0,0,0,151.63329525000003,168,51.2,-2.842170943040401e-14,150.312192
1550,83.96,32.23,4.72,47.09000000000001,2.700769,184.62657472,168,02800-1-01,30 a 44,Mujeres,Quintil bajo,Sur,Cuidadores domesticos,Movilidad mixta,67.87,0,67.87,116.75657472,168,36.949999999999996,42.12999051999998,141.92340507
1555,68.42,42.67,7.06,49.849999999999994,9.294739,351.35603038,168,02822-1-01,30 a 44,Hombres,Quintil alto,Centro,Cuidadores domesticos,Movilidad mixta,265.41,0,265.41,85.94603038,168,49.730000000000004,284.590012,746.81738247
1573,50.93,37.29,12.69,67.09,2.310595,88.78862009999999,168,02841-1-02,45 a 59,Mujeres,Quintil bajo,Centro,Trabajadores rutinarios,Movilidad mixta,21.11,0,21.11,67.67862009999999,168,49.98,28.889983250000014,144.37352135000003
1575,68.08,26.85,14.9,58.169999999999995,5.363437,229.12277536,168,02847-1-01,30 a 44,Hombres,Quintil bajo,Centro,Cuidadores domesticos,Movilidad mixta,172.98,0,172.98,56.142775359999995,168,41.75,136.02001560000002,359.9435103500001
1581,63.12,17.51,7.12,80.24999999999999,2.604,85.06448703999999,168,02858-1-01,60 o mas,Mujeres,Quintil bajo,Sur,Trabajadores rutinarios,Movilidad mixta,45.7,75,-29.299999999999997,114.36448703999999,168,24.630000000000003,79.29999296,143.43651296000004
1586,54.71,42.59,9.02,61.67999999999999,6.393658,196.42701279,168,02875-1-01,30 a 44,Hombres,Quintil bajo,Norte,Trabajadores rutinarios,Movilidad mixta,146.63,0,146.63,49.797012790000004,168,51.61,153.37001639000005,483.34670577000014
1590,56.15,25.6,13.49,72.76,2.686921,16.946833396551998,168,02887-1-01,45 a 59,Hombres,Quintil medio,Centro,Trabajadores rutinarios,Movilidad mixta,100.99,109.913793103448,-8.923793103448006,25.870626500000004,168,39.09,133.923780753448,238.95552264344798
1595,78.77,25.02,6.83,57.38000000000001,2.404282,132.25094957281692,168,02891-1-01,18 a 29,Mujeres,Quintil bajo,Sur,Cuidadores domesticos,Movilidad mixta,55.26,7.3943661971831,47.8656338028169,84.38531577000002,168,31.85,57.134343567183066,133.71072526718302
1598,60.87,51.15,8.31,47.669999999999995,3.16914,169.91554938000002,168,02894-1-01,18 a 29,Mujeres,Quintil bajo,Norte,Rutina flexible,Movilidad mixta,77.01,0,77.01,92.90554938,168,59.46,22.990002419999968,211.42706682000005
1600,68.26,24.62,11.06,64.05999999999999,3.047768,176.57061998,168,02895-1-03,18 a 29,Mujeres,Quintil medio,Centro,Cuidadores domesticos,Movilidad mixta,31.029999999999998,0,31.029999999999998,145.54061998,168,35.68,31.470023700000013,140.21438594000006
1603,78.22,22.78,9.19,57.81,4.184965,224.22801626,168,02898-1-02,30 a 44,Mujeres,Quintil medio,Sur,Cuidadores domesticos,Movilidad mixta,121.88,0,121.88,102.34801626000001,168,31.97,103.11994604,236.91327709
1604,61.99,25.33,17.64,63.03999999999999,3.320095,156.33271067,168,02899-1-01,45 a 59,Mujeres,Quintil bajo,Centro,Trabajadores rutinarios,Movilidad mixta,100.52000000000001,0,100.52000000000001,55.81271067,168,42.97,49.47997837999998,192.14446052999998
1611,17.17,74.28,5.41,71.13999999999999,3.320507,57.013105190000005,168,02907-1-02,18 a 29,Hombres,Quintil bajo,Centro,Rutina flexible,Movilidad mixta,0,0,0,57.013105190000005,168,79.69,0,264.61120283
1617,49.86,53.3,7.73,57.11,4.404062,138.97652852,168,02918-1-02,45 a 59,Hombres,Quintil bajo,Sur,Trabajadores moviles,Movilidad mixta,108.39,0,108.39,30.586528519999995,168,61.03,80.61000279999999,349.38990666
1622,38.11,60.72,6.52,62.64999999999999,85.780321,724.7880493700001,168,02925-1-01,30 a 44,Hombres,Quintil alto,Norte,Jovenes trabajadores,Movilidad mixta,918.2,212.5,705.7,19.08804937,168,67.24,2544.29998394,8312.168767980002
1625,64.24,48.12,10.04,45.60000000000001,4.579343,177.40699408,168,02928-1-01,30 a 44,Mujeres,Quintil medio,Centro,Jovenes trabajadores,Movilidad mixta,133.23,0,133.23,44.17699408000001,168,58.16,116.77000023999994,383.1045891199999
1627,66.34,38.12,9.89,53.65,3.360308,199.65284892,168,02936-1-01,18 a 29,Hombres,Quintil bajo,Centro,Trabajadores rutinarios,Movilidad mixta,134.23,0,134.23,65.42284892,168,48.01,23.269983800000006,184.59837087999995
1629,71.25,51.39,8.35,37.01,2.978398,156.232310491453,168,02937-1-02,45 a 59,Mujeres,Quintil bajo,Norte,Cuidadores domesticos,Movilidad mixta,37.28,93.258547008547,-55.978547008547,212.2108575,168,59.74,55.978547008547,233.908043528547
1632,81.02,12.16,16.38,58.44000000000001,1.87603,67.51592192,168,02940-1-01,60 o mas,Hombres,Quintil bajo,Norte,Trabajadores rutinarios,Movilidad mixta,40.52,0,40.52,26.995921919999997,168,28.54,84.48002867999999,138.02192487999997
1636,76.34,23.59,8.36,59.709999999999994,2.590739,143.6970392,168,02947-1-01,45 a 59,Mujeres,Quintil bajo,Centro,Cuidadores domesticos,Movilidad mixta,45.92,0,45.92,97.7770392,168,31.95,54.07997606000001,136.85408711000002
1643,96.45,20.5,5.03,46.019999999999996,3.596397,285.10246824999996,168,02956-1-01,30 a 44,Mujeres,Quintil bajo,Centro,Cuidadores domesticos,Movilidad mixta,113.22999999999999,0,113.22999999999999,171.87246824999997,168,25.53,61.77002240000007,153.58603781000005
1644,63.85,10.59,13.81,79.75,3.099529,156.35495695,168,02957-1-01,45 a 59,Mujeres,Quintil bajo,Centro,Trabajadores rutinarios,Movilidad mixta,95.94999999999999,0,95.94999999999999,60.404956950000006,168,24.4,41.54996969999999,117.17847729999997
1646,59.88,46.35,13.5,48.27,3.14735,141.49332672,168,02960-1-01,30 a 44,Hombres,Quintil bajo,Sur,Jovenes trabajadores,Movilidad mixta,93.03,0,93.03,48.46332672,168,59.85,46.96999127999999,235.33888877999996
1648,55.94,35.75,11.11,65.2,2.220615,90.51117643999999,168,02966-1-01,45 a 59,Hombres,Quintil bajo,Centro,Trabajadores rutinarios,Movilidad mixta,66.28999999999999,0,66.28999999999999,24.22117644,168,46.86,33.71002666000001,137.76804556000002
1657,50.12,35.78,5.97,76.13,14.342902,322.28625252,168,02998-1-01,45 a 59,Mujeres,Quintil alto,Norte,Trabajadores rutinarios,Movilidad mixta,303.42,0,303.42,18.866252519999996,168,41.75,396.57999572,995.39615422
1663,50.83,35.5,8.64,73.03,4.716365,131.77285282,168,03005-1-01,45 a 59,Hombres,Quintil bajo,Norte,Trabajadores rutinarios,Movilidad mixta,102.04,0,102.04,29.73285282,168,44.14,107.95998012999999,316.14033123
1664,60,27.16,12.85,67.99000000000001,3.800637,170.208202,168,03005-1-02,30 a 44,Mujeres,Quintil bajo,Norte,Cuidadores domesticos,Movilidad mixta,54.67,0,54.67,115.538202,168,40.01,57.830017999999995,209.89350437
1670,63.28,41.37,8.27,55.08,5.04043,176.55838032,168,03011-1-01,45 a 59,Hombres,Quintil bajo,Centro,Trabajadores moviles,Movilidad mixta,132.6,0,132.6,43.958380319999996,168,49.64,142.40003008,392.60697528000003
1676,77.25,29.57,12.39,48.79,4.721737,208.20415325000002,168,03028-1-01,30 a 44,Hombres,Quintil alto,Centro,Trabajadores moviles,Movilidad mixta,168.45000000000002,0,168.45000000000002,39.75415325,168,41.96,156.55002999999996,354.6741145200001
1681,86.17,24.34,5.55,51.94,11.925695,579.94711976,168,03039-1-01,30 a 44,Mujeres,Quintil alto,Sur,Cuidadores domesticos,Movilidad mixta,477.31,25,452.31,127.63711976,168,29.89,447.6900183900001,804.1490419400001
1682,33.98,70.91,8.38,54.73000000000001,1.514291,16.644164168571404,168,03042-1-02,60 o mas,Hombres,Quintil bajo,Centro,Jovenes trabajadores,Movilidad mixta,13.760000000000002,28.5714285714286,-14.8114285714286,31.455592740000004,168,79.28999999999999,34.81144401142859,154.87957740142858
1687,60.15,29.59,6.81,71.44999999999999,3.004917,95.4810651176471,168,03053-1-01,45 a 59,Hombres,Quintil bajo,Sur,Trabajadores rutinarios,Movilidad mixta,76.5,11.7647058823529,64.7352941176471,30.745771,168,36.4,85.26469243235287,194.64367123235292
1688,56.87,42.25,10.12,58.76,3.784872,64.40902472333332,168,03056-1-01,45 a 59,Mujeres,Quintil medio,Centro,Jovenes trabajadores,Movilidad mixta,98.33000000000001,86.6666666666667,11.663333333333313,52.74569139,168,52.37,150.83664591666667,349.0503925566667
1692,45.53,37.32,5.61,79.54,2.807353,174.82876877,168,03061-1-02,30 a 44,Mujeres,Quintil bajo,Centro,Cuidadores domesticos,Movilidad mixta,59.51,0,59.51,115.31876877,168,42.93,-47.00998668000001,73.50967760999998
1694,50.74,18.05,6.48,92.72999999999999,3.125385,103.13205948,168,03065-1-01,45 a 59,Mujeres,Quintil bajo,Centro,Trabajadores rutinarios,Movilidad mixta,82.05,0,82.05,21.08205948,168,24.53,55.44997542,132.11566947000006
1699,33.86,59.24,12.51,62.38999999999998,2.995814,101.43826204000001,168,03076-1-01,18 a 29,Hombres,Quintil bajo,Norte,Rutina flexible,Movilidad mixta,0,0,0,101.43826204000001,167.99999999999997,71.75,0,214.94965450000004
1700,86.9,19.29,7.81,53.99999999999999,3.413059,242.9948475,168,03077-1-01,30 a 44,Mujeres,Quintil bajo,Sur,Cuidadores domesticos,Movilidad mixta,121.39999999999999,0,121.39999999999999,121.5948475,168,27.099999999999998,53.59997960000004,146.09387850000002
1704,85.98,19.87,10.17,51.97999999999999,3.167164,234.80276574000004,168,03087-1-01,30 a 44,Hombres,Quintil bajo,Centro,Cuidadores domesticos,Movilidad mixta,62.489999999999995,0,62.489999999999995,172.31276574000003,168,30.04,37.50999497999999,132.65160154
1707,61.62,24.31,8.62,73.44999999999999,12.157462,234.5422340498551,168,03093-1-01,45 a 59,Mujeres,Quintil alto,Norte,Trabajadores rutinarios,Movilidad mixta,244.24,58.8405797101449,185.3994202898551,49.14281375999999,168,32.93,514.6005743901449,914.9457980501452
1708,29.15,75.16,7.48,56.209999999999994,3.857491,48.5922354729572,168,03094-1-02,30 a 44,Hombres,Quintil bajo,Sur,Jovenes trabajadores,Movilidad mixta,48.160000000000004,24.5136186770428,23.646381322957204,24.94585415,168,82.64,63.853627177042796,382.63668341704283
1717,83.46,30.3,4.26,49.98000000000001,1.810673,118.87881250000001,168,03113-1-01,30 a 44,Mujeres,Quintil bajo,Centro,Cuidadores domesticos,Movilidad mixta,75.26,0,75.26,43.618812500000004,168,34.56,32.239956079999985,94.81681495999996
1721,66.06,36.44,4.32,61.18,3.214165,124.35084190307691,168,03117-1-02,18 a 29,Mujeres,Quintil medio,Sur,Cuidadores domesticos,Movilidad mixta,85.10000000000001,23.0769230769231,62.02307692307691,62.32776498,168,40.76,87.9768979969231,218.98626339692305
1724,73.48,10.84,3.95,79.72999999999999,3.223577,131.7423361819718,168,03123-1-05,45 a 59,Hombres,Quintil medio,Centro,Cuidadores domesticos,Movilidad mixta,70.05,50.1760563380282,19.8739436619718,111.86839252,168,14.79,105.12610177802821,152.80280560802825
1725,60.18,42,8.18,57.63999999999999,2.646519,130.0474969,168,03129-1-02,45 a 59,Mujeres,Quintil bajo,Norte,Cuidadores domesticos,Movilidad mixta,20.78,0,20.78,109.2674969,168,50.18,29.22001652,162.02233994000005
1726,82.37,24.64,6.52,54.47,2.826173,245.11189494,168,03130-1-01,30 a 44,Mujeres,Quintil bajo,Sur,Cuidadores domesticos,Movilidad mixta,122.32000000000001,0,122.32000000000001,122.79189493999999,168,31.16,-12.320024930000017,75.74352574999995
1728,58,24.39,7.23,78.38,2.5168,115.1644,168,03131-1-01,18 a 29,Hombres,Quintil bajo,Sur,Trabajadores rutinarios,Movilidad mixta,81.69,0,81.69,33.4744,168,31.62,30.810000000000002,110.39121600000001
1729,58.54,38.37,5.64,65.45,2.997655,175.4827237,168,03132-1-02,18 a 29,Mujeres,Quintil bajo,Centro,Cuidadores domesticos,Movilidad mixta,0,0,0,175.4827237,168,44.01,0,131.92679655
1730,63.24,30.21,11.11,63.43999999999998,3.020525,191.01800100000003,168,03133-1-02,30 a 44,Mujeres,Quintil bajo,Sur,Cuidadores domesticos,Movilidad mixta,0,0,0,191.01800100000003,168,41.32,0,124.80809300000004
1731,65,40.49,6.68,55.83,5.011276,190.47289999999998,168,03135-1-02,30 a 44,Mujeres,Quintil alto,Centro,Trabajadores moviles,Movilidad mixta,114.73999999999998,0,114.73999999999998,75.7329,168,47.17,135.26004,371.64192891999994
1733,65.36,52.64,8.62,41.38,3.277831,124.17901487999998,168,03136-2-01,45 a 59,Hombres,Quintil bajo,Norte,Jovenes trabajadores,Movilidad mixta,72.44,0,72.44,51.73901487999999,168,61.26,90.06001928,290.8599463400001
1740,54.01,56.9,5.36,51.73000000000001,3.588788,94.9247086757241,168,03145-1-01,60 o mas,Hombres,Quintil medio,Centro,Jovenes trabajadores,Movilidad mixta,73.60000000000001,10.0057012542759,63.59429874572411,31.33040993,168,62.26,98.9057312042759,322.34367208427585
1767,49.86,15.74,15.53,86.87,3.173879,25.355693016521705,168,03205-1-01,60 o mas,Hombres,Quintil medio,Centro,Trabajadores rutinarios,Movilidad mixta,124.28000000000002,132.1739130434783,-7.8939130434782925,33.24960606,168,31.27,132.8939139234783,232.14111025347827
1774,59.43,35.2,5.32,68.04999999999998,3.02131,112.78642797,168,03215-1-01,45 a 59,Hombres,Quintil bajo,Centro,Trabajadores rutinarios,Movilidad mixta,53.23000000000001,0,53.23000000000001,59.55642797,167.99999999999997,40.52,66.77002533000001,189.19350653000006
1775,61.24,34.26,11.1,61.4,3.647369,17.12204657714304,168,03216-1-01,60 o mas,Mujeres,Quintil alto,Sur,Cuidadores domesticos,Movilidad mixta,275.90000000000003,394.642857142857,-118.74285714285696,135.86490372,168,45.36,206.24283098285696,371.68748882285695
1777,37.72,54.1,8.23,67.95,3.096278,116.79160615999999,168,03220-1-02,45 a 59,Mujeres,Quintil bajo,Centro,Cuidadores domesticos,Movilidad mixta,0,0,0,116.79160615999999,168,62.33,0,192.99100774000001
1790,58.98,29.35,9.29,70.38000000000002,2.831417,131.33695452,168,03243-1-01,18 a 29,Hombres,Quintil bajo,Norte,Trabajadores rutinarios,Movilidad mixta,89.33999999999999,0,89.33999999999999,41.99695452,168.00000000000003,38.64,35.66002014,145.06597301999994
1791,41.36,45.12,10.87,70.65,2.824435,101.12864044,168,03243-1-02,18 a 29,Mujeres,Quintil bajo,Norte,Cuidadores domesticos,Movilidad mixta,39.309999999999995,0,39.309999999999995,61.818640439999996,168,55.989999999999995,15.689991159999991,173.83010681
1793,61.12,26.69,13.43,66.75999999999999,8.172496,294.0458118766282,168,03251-1-01,30 a 44,Mujeres,Quintil medio,Sur,Trabajadores rutinarios,Movilidad mixta,246.14,1.59716060337178,244.5428393966282,49.502972480000004,168,40.120000000000005,205.4571436433718,533.337683163372
1796,52.91,32.85,16.71,65.53,12.26585,300.98610207,168,03256-1-01,30 a 44,Mujeres,Quintil alto,Centro,Trabajadores rutinarios,Movilidad mixta,277,0,277,23.98610207,168,49.56,348.00002142999995,955.8955474300001
1799,55.64,38.95,9.32,64.09,4.511077,184.20329825927013,168,03263-1-02,45 a 59,Mujeres,Quintil alto,Norte,Cuidadores domesticos,Movilidad mixta,63.28000000000001,20.0729927007299,43.20700729927011,140.99629096,168,48.27,66.79302602072988,284.5427128107299
1800,69.57,29.37,7.79,61.27,2.914053,95.5797573510138,168,03264-1-03,45 a 59,Hombres,Quintil alto,Centro,Cuidadores domesticos,Movilidad mixta,82.25,89.4009216589862,-7.150921658986206,102.73067901,168,37.160000000000004,107.15090985898618,215.43711933898615
1802,76.96,18.04,8.27,64.73,2.556016,178.2709422,168,03278-1-01,45 a 59,Mujeres,Quintil bajo,Centro,Cuidadores domesticos,Movilidad mixta,76.56,0,76.56,101.7109422,168,26.31,18.440049159999973,85.68883012
1810,53.94,40.85,13.5,59.71000000000001,5.006605,114.95437890729193,168,03292-1-02,45 a 59,Hombres,Quintil medio,Centro,Trabajadores rutinarios,Movilidad mixta,142.70000000000002,72.8018757327081,69.89812426729192,45.05625464,168,54.35,155.1018947927081,427.2108765427081
1825,64.54,32.76,11.7,58.999999999999986,4.387426,193.97450306,168,03329-1-01,30 a 44,Mujeres,Quintil bajo,Centro,Trabajadores moviles,Movilidad mixta,135.81,0,135.81,58.164503059999994,168,44.459999999999994,89.18997098000003,284.25493094
1830,66.3,37.81,8.82,55.07,3.451492,107.6655670530612,168,03339-1-02,18 a 29,Mujeres,Quintil medio,Centro,Cuidadores domesticos,Movilidad mixta,124.75,95.9183673469388,28.831632653061206,78.83393439999999,168,46.63,121.1683525469388,282.1114245069388
1832,74.32,30.37,7.4,55.910000000000004,2.155885,136.4253724,168,03340-1-02,45 a 59,Mujeres,Quintil bajo,Sur,Cuidadores domesticos,Movilidad mixta,26.2,0,26.2,110.2253724,168,37.77,23.800000799999992,105.22777725000003
1834,69.57,32.89,7.51,58.03000000000001,3.040572,144.15259404,168,03344-1-01,45 a 59,Mujeres,Quintil bajo,Centro,Cuidadores domesticos,Movilidad mixta,112.62,180,-67.38,211.53259404,168,40.4,67.38,190.21910880000001
1845,79.37,24.4,5.87,58.35999999999999,3.988249,235.58732588,168,03369-1-02,30 a 44,Hombres,Quintil medio,Centro,Cuidadores domesticos,Movilidad mixta,106.53999999999999,0,106.53999999999999,129.04732588000002,168,30.27,80.95999725000004,201.6842944800001
1847,22.67,56.67,6.02,82.63999999999999,3.079846,69.82010882,168,03375-1-02,30 a 44,Mujeres,Quintil bajo,Centro,Rutina flexible,Movilidad mixta,0,0,0,69.82010882,168,62.69,0,193.07554574000002
1851,48.74,25.04,16.57,77.65,3.15635,95.06049672,168,03381-1-03,18 a 29,Hombres,Quintil bajo,Centro,Trabajadores rutinarios,Movilidad mixta,129.97,63.75,66.22,28.84049672,168,41.61,58.78000228000002,190.11572578
1859,52.84,51.3,9.21,54.65,22.220589,484.64592608,168,03400-1-01,30 a 44,Hombres,Quintil alto,Centro,Trabajadores moviles,Movilidad mixta,460.51,0,460.51,24.135926079999997,168,60.51,689.4899966800001,2034.0578370699998
1882,78.01,41.17,4.97,43.849999999999994,5.566246,284.63284884999996,168,03447-1-01,30 a 44,Hombres,Quintil medio,Sur,Trabajadores moviles,Movilidad mixta,200.41,0,200.41,84.22284884999999,168,46.14,149.59000161000006,406.4165920500001
1886,25.18,47.59,12.47,82.75999999999999,3.067039,24.41457041821318,168,03451-1-02,60 o mas,Mujeres,Quintil alto,Centro,Rutina flexible,Movilidad mixta,47.62,100.4334716017868,-52.81347160178681,77.22804201999999,168,60.06,52.81347160178681,237.01983394178686
1887,55.89,47.32,11.92,52.86999999999999,3.276238,165.85896501000002,168,03452-1-01,45 a 59,Mujeres,Quintil bajo,Sur,Jovenes trabajadores,Movilidad mixta,132.75,0,132.75,33.108965010000006,168,59.24,17.249976809999993,211.33431593000006
1896,69.59,39.9,5.4,53.11,8.432846,321.0810102499741,168,03463-1-02,45 a 59,Hombres,Quintil alto,Centro,Trabajadores moviles,Movilidad mixta,250.41,16.1707632600259,234.2392367399741,86.84177351,168,45.3,265.76074289002594,647.7686666900258
1898,83.66,21.83,11.13,51.38,2.584694,162.90546528,168,03464-1-02,30 a 44,Mujeres,Quintil bajo,Norte,Cuidadores domesticos,Movilidad mixta,46.669999999999995,0,46.669999999999995,116.23546527999999,168,32.96,53.33003475999999,138.521549
1904,67.13,33.18,6.21,61.48,2.831356,122.65894606999998,168,03475-1-02,60 o mas,Hombres,Quintil medio,Sur,Trabajadores moviles,Movilidad mixta,62.589999999999996,0,62.589999999999996,60.068946069999996,168,39.39,67.40998221000001,178.93709505000007
1911,4.15,51.24,5.9,106.70999999999998,2.998239,12.442691850000001,168,03486-1-04,18 a 29,Mujeres,Quintil medio,Centro,Rutina flexible,Movilidad mixta,0,0,0,12.442691850000001,167.99999999999997,57.14,0,171.31937646000006
1913,39.56,54.41,8.15,65.88,3.340474,132.14915144,168,03491-1-02,60 o mas,Hombres,Quintil bajo,Sur,Rutina flexible,Movilidad mixta,0,0,0,132.14915144,168,62.559999999999995,0,208.98005344000003
1918,1.84,23.13,15.42,127.61,3.390033,6.23766072,168,03497-1-03,18 a 29,Hombres,Quintil bajo,Norte,Rutina flexible,Movilidad mixta,0,0,0,6.23766072,168,38.55,0,130.68577215
1919,50.31,44.12,13.71,59.85999999999999,2.376911,62.212399940000005,168,03507-1-01,45 a 59,Hombres,Quintil bajo,Sur,Trabajadores moviles,Movilidad mixta,55.13,0,55.13,7.082399940000001,168,57.83,57.36999247000001,194.82675560000007
1922,87.7,25.63,2.87,51.800000000000004,2.960563,259.6413751,168,03511-1-02,30 a 44,Mujeres,Quintil bajo,Centro,Cuidadores domesticos,Movilidad mixta,0,0,0,259.6413751,168,28.5,0,84.37604549999998
1923,117.97,10.59,3.64,35.8,2.569766,211.17527225999999,168,03512-1-01,45 a 59,Mujeres,Quintil bajo,Norte,Trabajadores moviles,Movilidad mixta,108.02,0,108.02,103.15527226,168,14.23,91.98002276,128.54779293999997
1931,72.12,32.75,9.14,53.989999999999995,1.325768,77.04438984000001,168,03522-1-01,45 a 59,Mujeres,Quintil bajo,Sur,Cuidadores domesticos,Movilidad mixta,19.23,22.8,-3.5700000000000003,80.61438984,168,41.89,18.569998319999996,74.10641984
1933,68.12,37,8.15,54.73,2.885344,129.19966136,168,03524-1-02,60 o mas,Hombres,Quintil bajo,Centro,Cuidadores domesticos,Movilidad mixta,50.14999999999999,0,50.14999999999999,79.04966136,168,45.15,67.34997192,197.62325352000005
1936,53.01,45.95,6.13,62.910000000000004,2.654924,94.77751045999999,168,03529-1-03,18 a 29,Hombres,Quintil bajo,Centro,Jovenes trabajadores,Movilidad mixta,54.03999999999999,0,54.03999999999999,40.737510459999996,168,52.080000000000005,45.96001077999999,184.2284527
1941,82.76,36.2,9.12,39.919999999999995,2.296148,163.61923408,168,03540-1-01,30 a 44,Mujeres,Quintil bajo,Norte,Cuidadores domesticos,Movilidad mixta,61.09,0,61.09,102.52923408,168,45.32,26.40997440000001,130.47140176000005
1942,70.87,25.33,13.04,58.76,0.036623,2.59550145,168,03541-1-02,45 a 59,Hombres,Quintil bajo,Centro,Trabajadores rutinarios,Movilidad mixta,0,0,0,2.59550145,168,38.37,-2.9439999999603117e-5,1.4051950700000009
1949,57.63,48.62,4.92,56.830000000000005,2.816914,129.86875102000002,168,03555-1-02,30 a 44,Mujeres,Quintil bajo,Centro,Jovenes trabajadores,Movilidad mixta,92.53000000000002,0,92.53000000000002,37.33875102,168,53.54,32.4700028,183.28757835999997
1952,56.43,33.38,3.14,75.05,6.025423,212.47464448999997,168,03567-1-01,45 a 59,Mujeres,Quintil bajo,Sur,Trabajadores rutinarios,Movilidad mixta,176.95999999999998,0,176.95999999999998,35.51464449,168,36.52,127.53997540000003,347.5884233600001
1961,48.23,40.55,11.06,68.16000000000001,3.250168,79.38560263999999,168,03581-1-02,60 o mas,Mujeres,Quintil medio,Centro,Cuidadores domesticos,Movilidad mixta,57.63000000000001,135,-77.36999999999999,156.75560263999998,168,51.61,77.36999999999999,245.11117047999994
1962,52.65,23.91,16.33,75.11,3.388195,108.08845585,168,03582-1-02,45 a 59,Hombres,Quintil bajo,Centro,Trabajadores rutinarios,Movilidad mixta,67.2,0,67.2,40.88845585,168,40.239999999999995,70.30001089999999,206.6409777
1968,44.6,58.59,4.39,60.42,3.051809,136.11068139999998,168,03588-1-02,45 a 59,Mujeres,Quintil bajo,Norte,Cuidadores domesticos,Movilidad mixta,0,0,0,136.11068139999998,168,62.980000000000004,2.842170943040401e-14,192.20293082
1973,89.23,18.58,8.9,51.29,2.17105,121.85274257,168,03603-1-01,45 a 59,Mujeres,Quintil bajo,Norte,Cuidadores domesticos,Movilidad mixta,40.629999999999995,0,40.629999999999995,81.22274257000001,168,27.479999999999997,71.87004893000002,131.53050293000004
1981,56.21,30.78,11.29,69.72,4.288946,149.89165127,168,03612-1-02,30 a 44,Hombres,Quintil medio,Centro,Trabajadores moviles,Movilidad mixta,116.31,0,116.31,33.58165127,168,42.07,91.19000338999999,271.62596161
1984,54.08,45.12,9.03,59.77000000000001,7.264093,185.71299912807342,168,03615-1-02,30 a 44,Hombres,Quintil medio,Sur,Jovenes trabajadores,Movilidad mixta,203.88,61.0091743119266,142.8708256880734,42.84217344,168,54.15,207.12915031192654,600.4797862619265
1990,38.27,67.25,5.75,56.72999999999999,3.060285,117.11710695000001,168,03625-1-03,30 a 44,Mujeres,Quintil medio,Norte,Rutina flexible,Movilidad mixta,0,0,0,117.11710695000001,168,73,0,223.40080500000005
2004,80.13,17.49,10.19,60.19000000000001,3.054452,244.75323876,168,03652-1-02,30 a 44,Mujeres,Quintil bajo,Sur,Cuidadores domesticos,Movilidad mixta,0,0,0,244.75323876,168,27.68,0,84.54723135999996
2014,38.93,46.53,11.78,70.75999999999999,2.92323,44.87349579873421,168,03675-1-01,60 o mas,Mujeres,Quintil bajo,Centro,Rutina flexible,Movilidad mixta,56.800000000000004,125.7278481012658,-68.9278481012658,113.8013439,168,58.31,68.9278481012658,239.38138940126584
2016,52.88,50.67,12.72,51.730000000000004,2.813266,92.39549688,168,03677-1-01,30 a 44,Hombres,Quintil bajo,Norte,Jovenes trabajadores,Movilidad mixta,68.63,0,68.63,23.765496879999997,168,63.39,56.37000920000003,234.70294094000002
2018,47.74,35.55,13.94,70.77,2.227176,95.14538428,168,03683-1-01,45 a 59,Hombres,Quintil bajo,Sur,Trabajadores rutinarios,Movilidad mixta,26.32,0,26.32,68.82538428000001,168,49.489999999999995,11.179997960000009,121.40293820000002
2020,36.95,48.29,10.51,72.25000000000001,3.031676,37.07042820000001,168,03691-1-02,60 o mas,Mujeres,Quintil alto,Sur,Rutina flexible,Movilidad mixta,74.3,149.25,-74.95,112.02042820000001,168.00000000000003,58.8,74.95,253.21254879999995
2021,56.52,48.13,8.76,54.58999999999999,7.026599,196.37338175999997,168,03693-1-01,30 a 44,Hombres,Quintil medio,Norte,Jovenes trabajadores,Movilidad mixta,161.73,0,161.73,34.64338176,168,56.89,200.76999372000006,600.5132108300002
2024,42.62,39.47,8.69,77.22,4.012716,149.37196226,168,03700-1-01,30 a 44,Mujeres,Quintil bajo,Sur,Rutina flexible,Movilidad mixta,53.35,0,53.35,96.02196226,168,48.16,21.649993660000007,214.90239622000004
2028,67.36,29.69,9.37,61.580000000000005,3.698619,168.45898688,168,03703-1-01,30 a 44,Hombres,Quintil bajo,Sur,Trabajadores rutinarios,Movilidad mixta,94.32,0,94.32,74.13898687999999,168,39.06,80.67998896,225.14804709999993
2042,57.22,45.37,7.44,57.97,8.606844,287.42364284,168,03734-1-01,30 a 44,Hombres,Quintil alto,Sur,Jovenes trabajadores,Movilidad mixta,257.44,0,257.44,29.983642840000005,168,52.809999999999995,205.05997084,659.58740248
2044,83.51,29.58,7.39,47.519999999999996,2.873191,183.24018084,168,03736-1-02,30 a 44,Mujeres,Quintil bajo,Centro,Cuidadores domesticos,Movilidad mixta,68.3,0,68.3,114.94018084,168,36.97,56.69999957000002,162.92187084
2049,57.61,47.23,9.6,53.56,4.029781,167.57567504000002,168,03746-1-02,45 a 59,Hombres,Quintil bajo,Sur,Jovenes trabajadores,Movilidad mixta,135.42000000000002,0,135.42000000000002,32.155675040000006,168,56.83,64.58000836999997,293.5924626
2050,12.98,41.01,6.36,107.65000000000002,3.149866,40.88526068,168,03747-1-02,18 a 29,Hombres,Quintil bajo,Norte,Rutina flexible,Movilidad mixta,0,0,0,40.88526068,168,47.37,0,149.20915241999995
2056,45.43,7.9,12.04,102.63,3.018305,137.12159615,168,03762-1-02,30 a 44,Mujeres,Quintil bajo,Centro,Cuidadores domesticos,Movilidad mixta,0,0,0,137.12159615,168,19.939999999999998,0,60.185001700000015
2057,60.05,65.53,5.28,37.14,1.876042,18.987222440909104,168,03764-1-01,45 a 59,Hombres,Quintil bajo,Centro,Trabajadores moviles,Movilidad mixta,59.74,40.9090909090909,18.830909090909103,0.15631335000000002,168,70.81,93.66909965909089,226.51163367909092
2063,71.87,17.31,9.05,69.77,3.48587,169.4659580619341,168,03773-1-02,60 o mas,Mujeres,Quintil medio,Centro,Cuidadores domesticos,Movilidad mixta,86.27,42.333525928065896,43.9364740719341,125.52948398999999,168,26.36,81.0635188380659,172.95105203806588
2069,64.54,22.56,10.94,69.96,2.946257,92.46141464,168,03781-1-01,45 a 59,Hombres,Quintil bajo,Centro,Trabajadores rutinarios,Movilidad mixta,77.31,0,77.31,15.15141464,168,33.5,97.69001214000004,196.38962164000003
2076,52.04,46.49,3.41,66.06,3.077282,130.9817776,168,03795-1-03,30 a 44,Mujeres,Quintil bajo,Norte,Rutina flexible,Movilidad mixta,45.839999999999996,0,45.839999999999996,85.1417776,168,49.900000000000006,29.159977679999997,182.71634948000002
2084,49.14,57.22,9.76,51.88,1.371906,33.06813120682931,168,03809-1-01,60 o mas,Mujeres,Quintil bajo,Sur,Jovenes trabajadores,Movilidad mixta,62.36,56.7073170731707,5.6526829268293,27.415448280000003,168,66.98,34.3473296331707,126.2375935131707
2085,75.12,36.32,8.48,48.08,1.554036,96.9165059531707,168,03809-1-02,18 a 29,Mujeres,Quintil bajo,Sur,Cuidadores domesticos,Movilidad mixta,35.97,18.2926829268293,17.6773170731707,79.23918888,168,44.8,19.822678366829308,89.4434911668293
2087,52.93,32.33,11.61,71.13,2.574169,77.01076236,168,03813-1-03,18 a 29,Hombres,Quintil alto,Centro,Trabajadores moviles,Movilidad mixta,53.26,0,53.26,23.75076236,168,43.94,59.24000280999999,172.34898867
2088,5.62,53.21,8.6,100.57,2.984973,16.77554826,168,03813-1-05,18 a 29,Mujeres,Quintil alto,Centro,Rutina flexible,Movilidad mixta,0,0,0,16.77554826,168,61.81,0,184.50118113000002
2096,30.54,42.26,11.59,83.61000000000001,2.89347,38.979428362857206,168,03830-1-02,60 o mas,Hombres,Quintil bajo,Centro,Rutina flexible,Movilidad mixta,23.470000000000006,42.8571428571428,-19.38714285714279,58.36657122,168,53.849999999999994,49.38714543714279,205.2005049371428
2097,56.92,36.9,6.02,68.16000000000001,3.507255,170.6795915066667,168,03831-1-02,18 a 29,Mujeres,Quintil bajo,Norte,Cuidadores domesticos,Movilidad mixta,24.38,3.33333333333333,21.04666666666667,149.63292484000002,168,42.92,28.95336309333331,179.48474769333322
2101,43.48,30.18,14.84,79.5,3.116179,135.49146292,168,03838-1-03,45 a 59,Mujeres,Quintil medio,Norte,Cuidadores domesticos,Movilidad mixta,0,0,0,135.49146292,168,45.019999999999996,-2.842170943040401e-14,140.29037857999998
2103,54.98,23.17,6.38,83.47000000000001,3.029534,166.56377932,168,03841-1-02,45 a 59,Mujeres,Quintil bajo,Centro,Cuidadores domesticos,Movilidad mixta,0,0,0,166.56377932,168,29.55,-2.842170943040401e-14,89.52272969999993
2104,61.23,25.18,10.38,71.21000000000001,4.580566,155.83802984,168,03842-1-01,45 a 59,Hombres,Quintil bajo,Centro,Trabajadores rutinarios,Movilidad mixta,115.36999999999999,0,115.36999999999999,40.46802984,168,35.56,124.63002634000003,287.5149533
2105,50.74,28.17,15.41,73.67999999999999,2.851199,98.31985821999999,168,03842-1-02,18 a 29,Mujeres,Quintil bajo,Centro,Trabajadores rutinarios,Movilidad mixta,42.89999999999999,0,42.89999999999999,55.419858219999995,168,43.58,46.34997904000002,170.60523146
2118,73.97,24.23,9.81,59.989999999999995,2.879661,47.27425668571399,168,03870-1-02,60 o mas,Hombres,Quintil alto,Centro,Trabajadores rutinarios,Movilidad mixta,119.98,160.714285714286,-40.734285714286,88.0085424,168,34.04,165.734267484286,263.75792792428604
2135,46.66,22.8,10.8,87.74000000000001,3.051155,37.75689229999999,168,03898-1-01,60 o mas,Mujeres,Quintil bajo,Centro,Cuidadores domesticos,Movilidad mixta,45.39,150,-104.61,142.3668923,168,33.6,104.61,207.128808
2137,73.95,41.75,8.17,44.129999999999995,1.534836,103.09108195,168,03900-1-01,30 a 44,Mujeres,Quintil bajo,Sur,Cuidadores domesticos,Movilidad mixta,14.590000000000002,0,14.590000000000002,88.50108195,168,49.92,10.410040250000009,87.02905337000003
2146,79.43,33.31,8.16,47.099999999999994,1.68069,94.91724126,168,03907-1-01,45 a 59,Hombres,Quintil bajo,Centro,Trabajadores moviles,Movilidad mixta,71.42,0,71.42,23.49724126,168,41.47,38.579965440000024,108.27817974000001
2150,71.5,21.89,8.24,66.37,6.504175,279.01847499999997,168,03910-1-01,45 a 59,Hombres,Quintil bajo,Norte,Trabajadores rutinarios,Movilidad mixta,188.96999999999997,0,188.96999999999997,90.048475,168,30.130000000000003,186.03003750000005,382.00083025000004
2159,43.4,32.45,11.46,80.69,4.879771,149.52208119999997,168,03930-1-02,45 a 59,Hombres,Quintil bajo,Centro,Trabajadores rutinarios,Movilidad mixta,137.73999999999998,0,137.73999999999998,11.782081199999999,168,43.910000000000004,62.2599802,276.53072481000004
2161,72.54,29.47,10.14,55.849999999999994,3.367424,87.64136718158402,168,03933-1-01,30 a 44,Mujeres,Quintil medio,Centro,Cuidadores domesticos,Movilidad mixta,121.71000000000002,115.841584158416,5.868415841584024,81.77295133999999,168,39.61,156.631569778416,290.015234418416
2172,65.14,34.02,7.87,60.970000000000006,6.640187,270.9017532,168,03949-1-01,30 a 44,Mujeres,Quintil medio,Norte,Cuidadores domesticos,Movilidad mixta,163.35999999999999,0,163.35999999999999,107.5417532,168,41.89,161.64002798,439.79746141000004
2173,62.58,41.81,11.9,51.71,3.903493,157.25058824,168,03949-1-02,30 a 44,Hombres,Quintil medio,Norte,Trabajadores moviles,Movilidad mixta,87.97,0,87.97,69.28058824,168,53.71,87.03000369999998,296.68661273
2188,54.68,44.95,7.53,60.83999999999999,3.416334,104.72516424,168,03969-1-01,30 a 44,Mujeres,Quintil bajo,Norte,Jovenes trabajadores,Movilidad mixta,75.42,0,75.42,29.30516424,168,52.480000000000004,82.07997888,261.36918720000006
2190,72.53,27.13,5.23,63.11,4.46932,228.52975830999998,168,03973-1-01,30 a 44,Hombres,Quintil bajo,Centro,Trabajadores moviles,Movilidad mixta,154.37,0,154.37,74.15975830999999,168,32.36,95.63002129,240.25721649000002
2192,63.69,38.71,9.27,56.33,6.447424,250.35645764000003,168,03977-1-01,60 o mas,Mujeres,Quintil alto,Sur,Cuidadores domesticos,Movilidad mixta,189.72000000000003,0,189.72000000000003,60.63645764000001,168,47.980000000000004,160.27997691999997,469.6273804399999
2201,27.96,55.28,10.31,74.44999999999999,2.873514,9.612212089922501,168,03994-1-01,60 o mas,Hombres,Quintil medio,Centro,Rutina flexible,Movilidad mixta,46.73,94.9612403100775,-48.2312403100775,57.843452400000004,168,65.59,70.73123935007752,259.20502261007755
2210,32.38,52.29,22.58,60.750000000000014,3.144296,101.81230448,168,04011-1-01,45 a 59,Mujeres,Quintil bajo,Norte,Rutina flexible,Movilidad mixta,0,0,0,101.81230448,168,74.87,1.4210854715202004e-14,235.41344151999996
2212,74.01,18.22,7.28,68.49,4.260113,180.05094916000002,168,04013-1-01,45 a 59,Hombres,Quintil bajo,Sur,Trabajadores moviles,Movilidad mixta,114.75999999999999,0,114.75999999999999,65.29094916000001,168,25.5,135.24001396999995,243.87289546999995
2220,54.76,40.95,10.92,61.370000000000005,5.108905,131.81361776,168,04031-1-01,45 a 59,Mujeres,Quintil bajo,Norte,Trabajadores rutinarios,Movilidad mixta,102.05,0,102.05,29.76361776,168,51.870000000000005,147.95002003999997,412.94892238999995
2228,67.3,41.82,6.71,52.17,4.49503,206.4654983,168,04046-1-01,45 a 59,Hombres,Quintil medio,Sur,Cuidadores domesticos,Movilidad mixta,116.45,0,116.45,90.0154983,168,48.53,96.05002069999998,314.19382659999997
2231,70.58,31.3,7.53,58.59,3.794044,196.26360366,168,04054-1-01,45 a 59,Mujeres,Quintil bajo,Centro,Cuidadores domesticos,Movilidad mixta,103.47999999999999,0,103.47999999999999,92.78360366,168,38.83,71.52002185999999,218.84275037999998
2232,59.1,38.37,7.81,62.72,5.557919,166.635949862963,168,04055-1-01,18 a 29,Hombres,Quintil bajo,Norte,Trabajadores moviles,Movilidad mixta,125.20000000000002,37.037037037037,88.16296296296301,78.4729869,168,46.18,161.837063037037,418.501762457037
2233,40.53,50.22,6.96,70.29,3.055023,123.82008219,168,04056-1-02,45 a 59,Mujeres,Quintil bajo,Centro,Rutina flexible,Movilidad mixta,0,0,0,123.82008219,168,57.18,0,174.68621513999994
2242,85.44,29,8.5,45.06,3.750777,229.6664096,168,04078-1-01,45 a 59,Mujeres,Quintil bajo,Centro,Cuidadores domesticos,Movilidad mixta,136.70000000000002,42.5,94.20000000000002,135.4664096,168,37.5,90.79997727999995,231.45411477999994
2243,52,30.53,11.13,74.34,3.060032,17.881664,168,04080-1-01,60 o mas,Mujeres,Quintil bajo,Sur,Cuidadores domesticos,Movilidad mixta,113.75999999999999,255,-141.24,159.121664,168,41.660000000000004,141.24,268.72093312
2251,49.3,62.84,8.63,47.23,1.44404,40.55813869126214,168,04092-1-03,18 a 29,Mujeres,Quintil bajo,Centro,Jovenes trabajadores,Movilidad mixta,29.099999999999998,2.23300970873786,26.866990291262137,13.6911484,168,71.47,30.633033308737858,133.83857210873788
2253,62.02,43.95,3.02,59.009999999999984,2.959038,79.30353135573161,168,04099-1-05,18 a 29,Mujeres,Quintil alto,Centro,Trabajadores moviles,Movilidad mixta,89.88000000000001,79.0959925442684,10.784007455731611,68.5195239,167.99999999999997,46.970000000000006,104.21600540426842,243.2020202642684
2255,74.3,40.67,6.41,46.620000000000005,5.023708,245.2414868,168,04101-1-01,30 a 44,Hombres,Quintil bajo,Centro,Trabajadores moviles,Movilidad mixta,171.98,0,171.98,73.2614868,168,47.08,128.0200176,364.53619024
2258,52.5,37.57,10.46,67.47,2.957648,147.616543,168,04105-1-02,60 o mas,Mujeres,Quintil bajo,Centro,Cuidadores domesticos,Movilidad mixta,4.84,0,4.84,142.776543,168,48.03,7.659976999999998,149.71581043999996
2264,39.09,39.92,10.23,78.75999999999999,3.001531,117.32984679,168,04117-1-02,45 a 59,Mujeres,Quintil bajo,Centro,Rutina flexible,Movilidad mixta,0,0,0,117.32984679,168,50.150000000000006,0,150.52677965
2269,49.44,47.67,6.79,64.1,3.627409,130.03911599999998,168,04130-1-01,45 a 59,Mujeres,Quintil bajo,Norte,Jovenes trabajadores,Movilidad mixta,75.69999999999999,0,75.69999999999999,54.339116000000004,168,54.46,49.29998496000002,246.84867910000003
2272,40.39,38.36,7.8,81.45,2.940275,118.75770725000001,168,04136-1-02,45 a 59,Mujeres,Quintil bajo,Centro,Rutina flexible,Movilidad mixta,0,0,0,118.75770725000001,168,46.16,0,135.723094
2275,62.07,36.02,5.01,64.89999999999999,2.934041,85.3451870492593,168,04139-1-02,45 a 59,Mujeres,Quintil medio,Sur,Trabajadores rutinarios,Movilidad mixta,81.47,40.7407407407407,40.7292592592593,44.61592779,168,41.03,96.77073782074072,217.15444005074076
2282,110.7,11.11,7.42,38.769999999999996,2.333956,184.2388939,168,04151-1-01,45 a 59,Mujeres,Quintil medio,Centro,Trabajadores moviles,Movilidad mixta,50.870000000000005,0,50.870000000000005,133.3688939,168,18.53,74.13003530000003,117.37823998000005
2283,42.36,25.59,10.6,89.45,4.206116,104.04107408,168,04151-1-02,60 o mas,Hombres,Quintil medio,Centro,Trabajadores rutinarios,Movilidad mixta,50.870000000000005,0,50.870000000000005,53.17107408,168,36.19,74.12999967999998,226.34933772
2315,73.79,21.12,4.35,68.74,3.945921,163.16325719,168,04196-1-01,30 a 44,Hombres,Quintil bajo,Norte,Trabajadores rutinarios,Movilidad mixta,125.9,3.90625,121.99375,41.16950719,168,25.47,128.00625340000002,228.50886126999998
2316,59.84,27.95,15.38,64.83,3.293103,120.25553724,168,04196-1-02,30 a 44,Mujeres,Quintil bajo,Norte,Trabajadores rutinarios,Movilidad mixta,75.54,2.34375,73.19625,47.059287239999996,168,43.33,76.80374628000001,219.49389927000001
2318,59.17,21.9,7.26,79.67,2.520839,106.87806344,168,04198-1-04,18 a 29,Mujeres,Quintil medio,Centro,Trabajadores rutinarios,Movilidad mixta,70.22,0,70.22,36.65806344,168,29.159999999999997,42.27998019,115.78764543
2323,53.85,37.57,12.18,64.4,2.637504,77.2395992,168,04202-1-02,45 a 59,Hombres,Quintil bajo,Centro,Trabajadores rutinarios,Movilidad mixta,50.21,0,50.21,27.0295992,168,49.75,64.78999119999999,196.00581519999997
2326,52.5,39.43,8.57,67.5,2.623008,89.2079225,168,04203-2-02,18 a 29,Mujeres,Quintil bajo,Centro,Trabajadores rutinarios,Movilidad mixta,66.5,0,66.5,22.7079225,168,48,48.499997500000006,174.4043815
2328,69.77,30.39,8.42,59.42,3.802038,160.97822337,168,04205-1-01,45 a 59,Hombres,Quintil bajo,Centro,Trabajadores rutinarios,Movilidad mixta,95.71,0,95.71,65.26822337,168,38.81,104.28996788999999,251.84706266999999
2331,77.18,23.54,13.24,54.04,2.15325,50.250730102857204,168,04209-1-03,30 a 44,Hombres,Quintil medio,Norte,Trabajadores moviles,Movilidad mixta,76.92,42.8571428571428,34.062857142857204,16.18787296,168,36.78,115.9371048971428,195.1336398971428
2350,57.07,58.32,3.65,48.96000000000001,2.473619,25.73941742000001,168,04238-1-02,30 a 44,Mujeres,Quintil bajo,Centro,Trabajadores moviles,Movilidad mixta,87.07000000000001,90,-2.9299999999999926,28.669417420000002,168,61.97,115.43001890999999,268.72018833999994
2352,36.52,70.68,6.81,53.98999999999998,8.739726,188.48480492,168,04239-1-01,18 a 29,Hombres,Quintil bajo,Centro,Jovenes trabajadores,Movilidad mixta,169.31,0,169.31,19.17480492,168,77.49000000000001,130.6899886,807.9313563400001
2356,63.15,39.2,12.63,53.01999999999999,6.637383,228.21071679999997,168,04247-1-01,30 a 44,Hombres,Quintil medio,Norte,Trabajadores moviles,Movilidad mixta,159.05999999999997,0,159.05999999999997,69.1507168,167.99999999999997,51.830000000000005,190.94001964999998,534.9555805400001
2357,72.49,27.94,12.23,55.34,4.065059,178.74613190000002,168,04247-1-02,18 a 29,Mujeres,Quintil medio,Norte,Cuidadores domesticos,Movilidad mixta,96.57000000000001,0,96.57000000000001,82.1761319,168,40.17,115.92999500999991,279.22341503999996
2372,67.09,32.98,7.2,60.730000000000004,4.396726,220.26637123000003,168,04284-1-01,30 a 44,Mujeres,Quintil bajo,Sur,Cuidadores domesticos,Movilidad mixta,140.29000000000002,0,140.29000000000002,79.97637123000001,168,40.18,74.70997610999999,251.37042678999998
2373,65.58,45.07,7.16,50.19,2.757635,137.41570037999998,168,04284-1-02,30 a 44,Hombres,Quintil bajo,Sur,Trabajadores moviles,Movilidad mixta,81.57,0,81.57,55.84570038,168,52.230000000000004,43.43000292000002,187.46127897000002
2377,50.43,38.96,10.13,68.47999999999999,2.315281,69.0178062281818,168,04291-1-02,60 o mas,Mujeres,Quintil bajo,Centro,Trabajadores rutinarios,Movilidad mixta,70.44,18.1818181818182,52.2581818181818,16.75962441,168,49.09,47.741814601818206,161.39895889181824
2388,58.58,56.14,10.38,42.9,4.203378,150.83390688000003,168,04323-1-02,30 a 44,Mujeres,Quintil bajo,Centro,Jovenes trabajadores,Movilidad mixta,92.10000000000001,0,92.10000000000001,58.733906880000006,168,66.52,95.39997635999995,375.0086809199999
2390,68.34,40.28,10.68,48.699999999999996,14.545802,489.75011262,168,04325-1-01,30 a 44,Hombres,Quintil alto,Centro,Cuidadores domesticos,Movilidad mixta,345.69,0,345.69,144.06011262,168,50.96,504.3099960600001,1245.5640659800001
2395,79.86,31.35,7.6,49.19,1.736512,33.8866353576378,168,04329-1-02,45 a 59,Hombres,Quintil bajo,Centro,Trabajadores moviles,Movilidad mixta,73.25999999999999,65.5511811023622,7.708818897637798,26.177816460000003,168,38.95,104.79121296236221,172.4283553623622
2398,38.68,13.45,8.14,107.72999999999999,3.963596,84.7806765394495,168,04334-1-02,60 o mas,Mujeres,Quintil bajo,Centro,Cuidadores domesticos,Movilidad mixta,60.15,67.4311926605505,-7.281192660550495,92.0618692,168,21.59,68.53121674055049,154.10525438055052
2399,66.76,32.99,10.55,57.7,3.080369,159.87543115999998,168,04335-1-02,30 a 44,Mujeres,Quintil medio,Centro,Cuidadores domesticos,Movilidad mixta,49.22999999999999,0,49.22999999999999,110.64543115999999,168,43.540000000000006,45.770003280000054,179.88926954000002
2404,57.74,52.35,6.48,51.42999999999999,4.203417,148.66528262,168,04341-1-01,30 a 44,Hombres,Quintil bajo,Centro,Trabajadores moviles,Movilidad mixta,105.96,0,105.96,42.70528262,168,58.83,94.04001496000001,341.3270370700001
2413,88.03,9.67,8.15,62.15,2.6981290000000002,108.36626116,168,04353-1-01,60 o mas,Hombres,Quintil medio,Norte,Trabajadores rutinarios,Movilidad mixta,95.85,0,95.85,12.516261160000001,168,17.82,129.15003471000003,177.23069349
2419,64.02,33.77,11.43,58.78000000000001,7.343536,272.03320573999997,168,04363-1-01,30 a 44,Hombres,Quintil bajo,Norte,Trabajadores moviles,Movilidad mixta,214.4,0,214.4,57.633205739999994,168,45.2,198.09996898000003,530.02779618
2425,58.76,28.81,12.97,67.46000000000001,3.796155,199.39206212,168,04370-1-01,45 a 59,Mujeres,Quintil bajo,Centro,Cuidadores domesticos,Movilidad mixta,76.33,0,76.33,123.06206212,168,41.78,23.670005680000003,182.27336157999997
2427,98.11,9.61,8.77,51.510000000000005,2.675578,128.92098316,168,04372-1-01,60 o mas,Hombres,Quintil bajo,Centro,Trabajadores moviles,Movilidad mixta,113.91999999999999,50,63.91999999999999,65.00098315999999,168,18.38,133.57997441999999,182.75709805999998
2431,77.91,12.52,6.56,71.01,2.646934,172.63264189999998,168,04374-1-01,30 a 44,Mujeres,Quintil bajo,Centro,Cuidadores domesticos,Movilidad mixta,41.41,0,41.41,131.22264189999999,168,19.08,33.589986040000014,84.09348675999999
2435,58.47,24.33,9.15,76.05,3.696246,115.27952505,168,04379-3-01,45 a 59,Mujeres,Quintil bajo,Norte,Trabajadores rutinarios,Movilidad mixta,59.160000000000004,0,59.160000000000004,56.11952505,168,33.48,100.83997856999999,224.59029464999998
2445,91.32,18.29,5.01,53.38000000000001,3.150309,223.91364212242416,168,04394-1-01,45 a 59,Mujeres,Quintil medio,Centro,Cuidadores domesticos,Movilidad mixta,45.86,109.63257575757581,-63.77257575757581,287.68621787999996,168,23.299999999999997,63.772575757575794,137.17477545757583
2447,63.1,41.75,6.4,56.75000000000001,7.109932,195.63079484705878,168,04400-1-01,30 a 44,Hombres,Quintil medio,Sur,Jovenes trabajadores,Movilidad mixta,225.29999999999998,78.3058823529412,146.99411764705877,48.6366772,168,48.15,253.0059143529412,595.3491401529411
2451,59.14,46.89,6.39,55.58,4.316552,192.95090994,168,04404-1-02,45 a 59,Mujeres,Quintil bajo,Sur,Cuidadores domesticos,Movilidad mixta,75.17,0,75.17,117.78090994,168,53.28,62.329975339999976,292.31586589999995
2454,40.48,39.58,19.51,68.43,5.662433,115.53364140895519,168,04414-1-02,60 o mas,Mujeres,Quintil medio,Sur,Rutina flexible,Movilidad mixta,89.49,65.6716417910448,23.81835820895519,91.7152832,168,59.09,113.68164643104478,448.27481240104476
2459,91.04,17.86,5.89,53.209999999999994,1.883161,76.9129952,168,04423-1-01,60 o mas,Hombres,Quintil bajo,Norte,Trabajadores moviles,Movilidad mixta,55.47,0,55.47,21.4429952,168,23.75,94.52998224000002,139.25505599000002
2462,72.61,45.1,8.86,41.43,6.708644,285.7879911333333,168,04436-1-02,18 a 29,Mujeres,Quintil alto,Centro,Cuidadores domesticos,Movilidad mixta,190.34000000000003,16.6666666666667,173.67333333333335,112.1146578,168,53.96,201.32664970666667,563.3250799466666
2466,60.28,40.96,8.4,58.35999999999999,1.911491,74.4955532023881,168,04442-1-01,60 o mas,Hombres,Quintil medio,Norte,Trabajadores moviles,Movilidad mixta,23.449999999999996,14.1791044776119,9.270895522388095,65.224657680000007,168,49.36,40.729124277611916,135.08032003761193
2468,45.3,42.93,9.32,70.45000000000002,3.108911,102.1435190462687,168,04442-1-04,60 o mas,Mujeres,Quintil medio,Norte,Cuidadores domesticos,Movilidad mixta,22.279999999999998,60.9701492537313,-38.690149253731306,140.8336683,168,52.25,38.690149253731306,201.13074900373124
2473,57.53,26.55,15.74,68.18,3.77562,157.81142801,168,04450-1-01,18 a 29,Hombres,Quintil bajo,Norte,Trabajadores rutinarios,Movilidad mixta,103.1,0,103.1,54.711428010000006,168,42.29,59.399990590000016,219.07096038999998
2474,75.62,20.37,10.62,61.38999999999999,2.943816,219.87141542000003,168,04450-1-02,30 a 44,Mujeres,Quintil bajo,Norte,Cuidadores domesticos,Movilidad mixta,4.76,0,4.76,215.11141542000004,168,30.990000000000002,2.739950499999992,93.96880833999998
2477,66.03,14.86,9.53,77.58,2.140249,106.6206286,168,04456-1-02,18 a 29,Hombres,Quintil bajo,Sur,Trabajadores rutinarios,Movilidad mixta,40.3,0,40.3,66.3206286,168,24.39,34.700012869999995,86.90068597999999
2479,65.75,30.73,6.06,65.46,3.262576,70.338834494061,168,04459-1-01,18 a 29,Hombres,Quintil bajo,Sur,Trabajadores rutinarios,Movilidad mixta,111.44,105.615550755939,5.824449244061,64.51438525,168,36.79,144.17553750593902,264.205708545939
2486,85.72,20.85,11.63,49.8,2.698126,219.45337560000002,168,04478-1-01,30 a 44,Mujeres,Quintil bajo,Centro,Trabajadores moviles,Movilidad mixta,120.67,0,120.67,98.7833756,168,32.480000000000004,11.829985119999975,99.46511759999999
2493,80.04,25.83,7.49,54.63999999999999,3.545399,220.97372592,168,04493-1-01,30 a 44,Hombres,Quintil bajo,Norte,Cuidadores domesticos,Movilidad mixta,112.2,0,112.2,108.77372592,168,33.32,62.80001004000002,180.93270472000006
2507,55.93,43.68,16.82,51.569999999999986,5.105619,160.49724647,168,04515-1-01,30 a 44,Hombres,Quintil medio,Norte,Trabajadores moviles,Movilidad mixta,124.94,0,124.94,35.557246469999995,168,60.5,125.06002419999999,433.94997370000004
2512,94.85,1.9,10.2,61.05,1.710413,91.40269175,168,04526-2-01,45 a 59,Mujeres,Quintil bajo,Norte,Trabajadores moviles,Movilidad mixta,59.169999999999995,0,59.169999999999995,32.23269175,168,12.1,70.82998129999999,91.5259786
2514,52.55,28.99,16.97,69.49000000000001,7.424721,231.8190611,168,04529-1-01,45 a 59,Hombres,Quintil bajo,Norte,Trabajadores rutinarios,Movilidad mixta,191.65,0,191.65,40.1690611,168,45.959999999999994,158.35002744999997,499.5902046099999
2518,50.16,46.11,4.82,66.91,3.391993,105.11234904,168,04537-1-01,45 a 59,Hombres,Quintil bajo,Centro,Trabajadores rutinarios,Movilidad mixta,59.97,0,59.97,45.14234904,168,50.93,65.03001984,237.78422333
2520,55.64,28.67,9.99,73.7,3.133666,174.35717624,168,04541-1-01,30 a 44,Mujeres,Quintil bajo,Norte,Cuidadores domesticos,Movilidad mixta,0,0,0,174.35717624,168,38.660000000000004,0,121.14752755999996
2521,64.97,37.84,4.3,60.89,2.611007,117.11714988999998,168,04543-1-01,30 a 44,Mujeres,Quintil bajo,Sur,Trabajadores rutinarios,Movilidad mixta,132.48,75,57.47999999999999,59.63714988999999,168,42.14,52.51997490000002,162.54780988000002
2529,55.22,45.27,9.84,57.66999999999999,2.958013,120.79147481999999,168,04558-1-01,45 a 59,Hombres,Quintil bajo,Centro,Jovenes trabajadores,Movilidad mixta,72.44999999999999,0,72.44999999999999,48.34147482,168,55.11,42.55000304000001,205.56609947
2534,63.51,31.05,6.72,66.72000000000001,2.757453,150.12236181704918,168,04565-1-01,30 a 44,Mujeres,Quintil bajo,Sur,Cuidadores domesticos,Movilidad mixta,41.38999999999999,16.3934426229508,24.996557377049193,125.12580444,168,37.77,25.003478212950796,129.1524780229508
2537,63.64,43.78,7.92,52.66,4.1123,142.8025465936842,168,04568-1-02,30 a 44,Hombres,Quintil bajo,Norte,Jovenes trabajadores,Movilidad mixta,102.28,16.1842105263158,86.0957894736842,56.70675712,168,51.7,118.90422540631579,331.51013540631584
2539,52.09,35.09,13.63,67.19,2.347996,21.85046562333331,168,04570-1-02,45 a 59,Hombres,Quintil bajo,Centro,Trabajadores rutinarios,Movilidad mixta,66.21000000000001,66.6666666666667,-0.45666666666669187,22.307132290000002,168,48.720000000000006,100.45664601666671,214.8510111366667
2540,77.27,24.86,5.95,59.92,3.060598,192.90242261999998,168,04574-1-02,18 a 29,Mujeres,Quintil bajo,Centro,Cuidadores domesticos,Movilidad mixta,106.41,0,106.41,86.49242262,168,30.81,43.58998484000003,137.88700922000004
2544,9.95,84.2,2.79,71.06,2.940717,29.260134149999995,168,04582-1-03,18 a 29,Mujeres,Quintil medio,Norte,Rutina flexible,Movilidad mixta,0,0,0,29.260134149999995,168,86.99000000000001,0,255.81297182999998
2546,30.02,62.91,7.74,67.33,1.486821,40.28435962,168,04585-1-01,60 o mas,Mujeres,Quintil bajo,Norte,Rutina flexible,Movilidad mixta,3.15,0,3.15,37.13435962,168,70.64999999999999,4.350006800000003,109.39391044999999
2551,58.19,32.73,9.49,67.59000000000002,2.846798,85.10518087,168,04591-1-02,60 o mas,Hombres,Quintil bajo,Centro,Trabajadores rutinarios,Movilidad mixta,44.45,0,44.45,40.655180869999995,168,42.22,80.54999475,200.74180631
2552,53.73,39.59,10.59,64.09,2.718393,103.28924921000001,168,04592-1-02,30 a 44,Hombres,Quintil bajo,Centro,Trabajadores rutinarios,Movilidad mixta,67.23,5,62.230000000000004,41.05924921,168,50.18000000000001,42.770006679999966,179.17896741999996
2555,103.51,7.89,7.75,48.849999999999994,3.233525,211.02218030999998,168,04599-1-01,30 a 44,Hombres,Quintil bajo,Norte,Cuidadores domesticos,Movilidad mixta,151.32,0,151.32,59.70218030999999,168,15.64,123.67999244000006,174.25232344000008
2559,63.33,36.11,14.65,53.910000000000004,5.492899,234.80532918,168,04614-1-01,60 o mas,Hombres,Quintil medio,Sur,Cuidadores domesticos,Movilidad mixta,161.94,0,161.94,72.86532917999999,168,50.76,113.05996449000003,391.87951773000003
2561,92.25,8.66,6.85,60.24,2.169738,117.38833375,168,04619-1-01,45 a 59,Hombres,Quintil bajo,Norte,Trabajadores moviles,Movilidad mixta,92.23,0,92.23,25.158333749999997,168,15.51,82.76999675,116.42263313
2574,10.37,22,5.3,130.32999999999998,3.004002,31.151500739999996,168,04636-1-02,45 a 59,Mujeres,Quintil bajo,Centro,Rutina flexible,Movilidad mixta,0,0,0,31.151500739999996,167.99999999999997,27.3,0,82.00925460000005
2584,54.63,53.42,6.55,53.400000000000006,4.21555,70.15733325181799,168,04651-1-01,60 o mas,Mujeres,Quintil bajo,Centro,Jovenes trabajadores,Movilidad mixta,151.67999999999998,124.318181818182,27.36181818181798,42.79551507,168,59.97,160.13816324818205,412.944696748182
2585,55.24,39.18,10.71,62.86999999999998,6.547297,204.98265568,168,04653-1-01,30 a 44,Hombres,Quintil medio,Centro,Trabajadores rutinarios,Movilidad mixta,168.31,0,168.31,36.67265568,167.99999999999997,49.89,156.69003060000006,483.3346779300002
2589,87.16,14.46,10.45,55.92999999999999,4.42283,167.29386072,168,04657-1-01,30 a 44,Hombres,Quintil bajo,Norte,Trabajadores moviles,Movilidad mixta,156.8,0,156.8,10.49386072,168,24.91,218.20000208,328.3726973800001
2591,47.1,40.34,13.1,67.46000000000001,3.470004,123.79050983333332,168,04664-1-02,60 o mas,Mujeres,Quintil bajo,Centro,Cuidadores domesticos,Movilidad mixta,27.02,41.6666666666667,-14.6466666666667,138.43717650000002,168,53.440000000000005,39.64667856666668,225.08369232666666
2596,54.94,55.49,9.9,47.67,16.474134,391.66889688,168,04679-1-01,30 a 44,Hombres,Quintil alto,Centro,Jovenes trabajadores,Movilidad mixta,361.58,0,361.58,30.088896879999997,168,65.39,513.42002508,1590.66364734
2600,72.67,39.66,4.02,51.650000000000006,2.371636,120.22677327,168,04689-1-01,30 a 44,Hombres,Quintil bajo,Centro,Jovenes trabajadores,Movilidad mixta,47.88,0,47.88,72.34677327,168,43.67999999999999,52.12001485000002,155.71307533
2611,63.58,42.86,8.79,52.77,3.093013,178.38374857999997,168,04704-1-01,45 a 59,Mujeres,Quintil bajo,Centro,Trabajadores moviles,Movilidad mixta,129.23,22.5,106.72999999999999,71.65374858,168,51.65,18.27001796000002,178.02413940999998
2616,34.78,19.21,3.88,110.13,3.178411,59.76085106690287,168,04712-1-02,60 o mas,Mujeres,Quintil alto,Centro,Cuidadores domesticos,Movilidad mixta,44,94.78428351309711,-50.78428351309711,110.54513457999998,168,23.09,50.78428351309714,124.17379350309714
2619,27.15,62.8,7.66,70.39,3.041932,117.29844354999999,168,04720-1-04,18 a 29,Mujeres,Quintil bajo,Centro,Rutina flexible,Movilidad mixta,69.96,20.25,49.709999999999994,67.58844355,168,70.46,-34.70998974999999,179.62453897
2640,45.8,51.1,10.04,61.059999999999995,2.878431,74.88215100000001,168,04757-1-03,18 a 29,Mujeres,Quintil bajo,Centro,Jovenes trabajadores,Movilidad mixta,58.050000000000004,0,58.050000000000004,16.832151000000003,168,61.14,56.949988799999986,232.93726013999998
2650,48.01,55.32,9.69,54.98000000000002,5.207866,115.46963,168,04767-1-01,45 a 59,Hombres,Quintil bajo,Sur,Jovenes trabajadores,Movilidad mixta,115.44,0,115.44,0.02963,168,65.01,134.56001666,473.12338531999995
2651,15.64,51.88,10.89,89.59000000000002,2.902644,45.397352160000004,168,04767-1-02,45 a 59,Mujeres,Quintil bajo,Sur,Rutina flexible,Movilidad mixta,0,0,0,45.397352160000004,168.00000000000003,62.77,0,182.19896387999995
2655,62.93,45.16,7.24,52.669999999999995,2.485023,57.992649441525394,168,04775-1-02,45 a 59,Mujeres,Quintil bajo,Sur,Jovenes trabajadores,Movilidad mixta,67.5,53.3898305084746,14.110169491525397,43.88247995,168,52.4,98.3898479484746,228.60505314847464
2657,74.74,13.05,15.77,64.44000000000001,3.146407,235.16245918,168,04781-1-01,30 a 44,Mujeres,Quintil bajo,Centro,Cuidadores domesticos,Movilidad mixta,0,0,0,235.16245918,168,28.82,-2.842170943040401e-14,90.67944973999997
2665,75.01,17.76,11.65,63.57999999999999,2.06305,154.74939368999998,168,04797-1-01,30 a 44,Mujeres,Quintil bajo,Norte,Cuidadores domesticos,Movilidad mixta,0,0,0,154.74939368999998,168,29.410000000000004,-1.3189999975793398e-5,60.67428731000007
2668,51.55,33.52,17.2,65.73,4.274834,126.0676966,168,04804-1-01,30 a 44,Hombres,Quintil bajo,Centro,Trabajadores rutinarios,Movilidad mixta,105.7,0,105.7,20.3676966,168,50.72,94.29999609999999,311.11957658000006
2677,56.83,25.92,7.7,77.55,2.181179,79.69642362,168,04823-1-06,30 a 44,Hombres,Quintil bajo,Sur,Trabajadores rutinarios,Movilidad mixta,70.74000000000001,0,70.74000000000001,8.956423619999999,168,33.620000000000005,44.259978950000004,117.59121693000002
2681,50.25,28.44,16.02,73.29,0.744685,52.6204135,168,04829-1-02,30 a 44,Hombres,Quintil bajo,Centro,Trabajadores rutinarios,Movilidad mixta,53.199999999999996,18,35.199999999999996,17.4204135,168,44.46,-15.199992249999994,17.908702849999997
2682,59.7,25.27,11.49,71.54,3.356044,200.3558268,168,04830-1-01,45 a 59,Hombres,Quintil bajo,Centro,Cuidadores domesticos,Movilidad mixta,0,0,0,200.3558268,168,36.76,0,123.36817743999995
2683,64.15,28.89,11.06,63.89999999999999,5.076483,177.6863807,168,04831-1-01,45 a 59,Hombres,Quintil bajo,Sur,Trabajadores rutinarios,Movilidad mixta,127.03,0,127.03,50.65638069999999,168,39.95,147.97000375000002,350.7754996
2700,54.67,48.03,7.41,57.89,2.321824,45.620358496233806,168,04865-2-02,30 a 44,Hombres,Quintil bajo,Centro,Trabajadores moviles,Movilidad mixta,78.67,47.4837662337662,31.186233766233805,14.43412473,168,55.44,81.3137595837662,210.03568214376617
2702,3.48,63.92,5.36,95.24000000000001,3.274934,11.39677032,168,04866-1-02,18 a 29,Mujeres,Quintil bajo,Centro,Rutina flexible,Movilidad mixta,0,0,0,11.39677032,168,69.28,0,226.88742751999996
2704,54.36,23.6,13.07,76.97,2.965568,161.20827648000002,168,04875-1-02,45 a 59,Mujeres,Quintil bajo,Norte,Cuidadores domesticos,Movilidad mixta,0,0,0,161.20827648000002,168,36.67,0,108.74737855999999
2717,86.69,22.39,9.04,49.88,2.626692,180.44793762,168,04897-1-01,30 a 44,Mujeres,Quintil bajo,Norte,Cuidadores domesticos,Movilidad mixta,92.74000000000001,25,67.74000000000001,112.70793762,168,31.43,47.259991859999985,129.81692141999997
2719,71.75,27.93,9.49,58.82999999999999,4.213292,212.07367725,168,04899-1-01,30 a 44,Hombres,Quintil bajo,Centro,Cuidadores domesticos,Movilidad mixta,122.27,0,122.27,89.80367724999999,168,37.42,90.23002374999999,247.8914103900001
2721,59.1,31.01,9.96,67.93,3.443495,134.55057010000002,168,04908-1-01,30 a 44,Hombres,Quintil bajo,Centro,Trabajadores moviles,Movilidad mixta,88.54,0,88.54,46.0105701,168,40.97,68.9599844,210.03997454999995
2722,59.36,44.72,6.82,57.1,17.870658,344.72224832,168,04910-1-02,45 a 59,Hombres,Quintil alto,Norte,Jovenes trabajadores,Movilidad mixta,283.92,0,283.92,60.80224832,168,51.54,716.0800105599999,1637.13372388
2732,60.39,45.24,13.33,49.04,4.374436,216.51218281999996,168,04925-1-01,30 a 44,Hombres,Quintil bajo,Centro,Trabajadores moviles,Movilidad mixta,152.33999999999997,0,152.33999999999997,64.17218282,168,58.57,47.66000722000007,303.8707237400001
2737,83.42,24.89,5.96,53.73,1.630936,17.33889643211009,168,04939-1-02,60 o mas,Hombres,Quintil bajo,Centro,Trabajadores rutinarios,Movilidad mixta,72.8,116.5137614678899,-43.71376146788991,61.0526579,168,30.85,118.7137846878899,169.02816028788993
2747,88.06,12.22,14.7,53.019999999999996,3.061901,269.63100206,168,04954-1-03,60 o mas,Mujeres,Quintil bajo,Centro,Cuidadores domesticos,Movilidad mixta,0,0,0,269.63100206,168,26.92,0,82.42637492
2749,56.37,34.23,11.88,65.52000000000001,1.848276,62.12729236,168,04962-1-02,45 a 59,Mujeres,Quintil bajo,Centro,Trabajadores rutinarios,Movilidad mixta,25.439999999999998,0,25.439999999999998,36.68729236,168,46.11,42.06002576,127.28403211999999
2752,79.11,26.66,7.41,54.82000000000001,2.995268,236.95565147999997,168,04965-1-02,30 a 44,Mujeres,Quintil bajo,Centro,Cuidadores domesticos,Movilidad mixta,0,0,0,236.95565147999997,168,34.07,0,102.04878076
2755,40.76,42.37,12.12,72.75,3.124916,88.48158228,168,04970-1-01,45 a 59,Hombres,Quintil bajo,Sur,Trabajadores rutinarios,Movilidad mixta,86.11,0,86.11,2.3715822799999997,168,54.489999999999995,38.88999387999999,209.16666671999997
2756,55.05,37.39,12,63.56,3.459222,150.68425025704227,168,04974-1-02,45 a 59,Mujeres,Quintil bajo,Norte,Cuidadores domesticos,Movilidad mixta,36.239999999999995,25.9859154929577,10.254084507042293,140.43016575,168,49.39,39.74592084295773,210.59689542295774
2758,26.42,37.04,9.34,95.19999999999999,3.300505,87.1993421,168,04977-1-01,30 a 44,Hombres,Quintil bajo,Centro,Rutina flexible,Movilidad mixta,0,0,0,87.1993421,168,46.379999999999995,0,153.07742190000002
2761,62.26,51.02,7.34,47.38000000000001,3.300872,113.04041722814819,168,04979-1-03,30 a 44,Mujeres,Quintil medio,Norte,Jovenes trabajadores,Movilidad mixta,91.88,46.8518518518518,45.0281481481482,68.01226908,168,58.36,92.4718734918518,285.11076341185174
2763,27.29,62.85,3.63,74.23000000000002,3.18097,68.16867289999999,168,04985-1-03,18 a 29,Mujeres,Quintil bajo,Centro,Rutina flexible,Movilidad mixta,31.36,0,31.36,36.8086729,168,66.48,18.63999840000001,230.11088399999994
2764,73.51,38.32,8.52,47.64999999999999,3.963156,208.13164179,168,04986-1-01,45 a 59,Hombres,Quintil bajo,Centro,Cuidadores domesticos,Movilidad mixta,116.80000000000001,0,116.80000000000001,91.33164179,168,46.84,83.19995577000003,268.8341828100001
2774,72.81,25.54,8.83,60.82000000000001,3.704761,150.7345800639336,168,05004-1-02,30 a 44,Mujeres,Quintil alto,Norte,Cuidadores domesticos,Movilidad mixta,120.28,69.2890995260664,50.99090047393361,99.74367959000001,168,34.37,119.00906834606639,246.34170391606636
2775,64.39,11.81,19.79,72.00999999999999,3.064122,197.29881558,168,05005-1-02,30 a 44,Mujeres,Quintil bajo,Norte,Cuidadores domesticos,Movilidad mixta,0,0,0,197.29881558,168,31.6,0,96.82625519999999
2788,48.05,36.37,11.66,71.92000000000002,3.042961,146.21427605,168,05045-1-02,30 a 44,Mujeres,Quintil bajo,Norte,Cuidadores domesticos,Movilidad mixta,0,0,0,146.21427605,168,48.03,0,146.15341682999994
2798,40.53,51.81,8.74,66.92,3.140289,61.57591317000002,168,05062-1-02,60 o mas,Mujeres,Quintil bajo,Centro,Rutina flexible,Movilidad mixta,46.800000000000004,112.5,-65.69999999999999,127.27591317000001,168,60.550000000000004,65.69999999999999,255.84449894999995
2801,52.39,38.13,9.99,67.49,12.706741,313.74614317000004,168,05065-1-02,45 a 59,Hombres,Quintil alto,Centro,Jovenes trabajadores,Movilidad mixta,273.04,0,273.04,40.706143170000004,168,48.120000000000005,351.9600178199999,963.40839474
2803,56.94,39.78,7.76,63.52,1.912759,86.54250121999999,168,05066-1-01,18 a 29,Hombres,Quintil bajo,Centro,Trabajadores rutinarios,Movilidad mixta,77.63,0,77.63,8.91250122,168,47.54,22.369996240000006,113.3025591
2804,90.93,20.97,9.2,46.89999999999999,2.480119,179.79718364000001,168,05072-1-01,30 a 44,Mujeres,Quintil bajo,Centro,Trabajadores moviles,Movilidad mixta,104.28,0,104.28,75.51718364,168,30.169999999999998,45.720037030000015,120.54522726000005
2815,43.6,42.61,9.22,72.57000000000001,2.792995,124.47458560000001,168,05088-1-01,18 a 29,Hombres,Quintil bajo,Centro,Jovenes trabajadores,Movilidad mixta,40.199999999999996,0,40.199999999999996,84.27458560000001,168,51.83,-2.7000036000000165,142.06092724999996
2822,18.66,73.35,6.4,69.59,2.997318,55.92995388,168,05102-1-01,45 a 59,Hombres,Quintil bajo,Centro,Rutina flexible,Movilidad mixta,0,0,0,55.92995388,168,79.75,0,239.03611049999998
2823,44.48,46.44,6.62,70.46000000000001,3.12494,138.99733120000002,168,05102-1-03,30 a 44,Mujeres,Quintil bajo,Centro,Cuidadores domesticos,Movilidad mixta,0,0,0,138.99733120000002,168,53.059999999999995,-2.842170943040401e-14,165.80931639999994
2833,53.23,50.24,4.52,60.010000000000005,3.001808,37.5450742994118,168,05117-1-02,18 a 29,Hombres,Quintil medio,Norte,Trabajadores moviles,Movilidad mixta,80.7,52.9411764705882,27.7588235294118,9.78625077,168,54.760000000000005,122.24116554058818,286.62017162058817
2836,89.17,10.83,2.29,65.71,2.284525,116.63105200000001,168,05126-1-02,30 a 44,Hombres,Quintil medio,Norte,Trabajadores rutinarios,Movilidad mixta,100.42,0,100.42,16.211052000000002,168,13.120000000000001,87.08004224999999,117.05301025
2837,20.02,63.99,14.12,69.86999999999998,2.975887,59.57725774,168,05128-1-02,30 a 44,Mujeres,Quintil bajo,Centro,Rutina flexible,Movilidad mixta,0,0,0,59.57725774,168,78.11,0,232.4465335700001
2847,45.79,48.81,12.03,61.370000000000005,3.275856,132.841433,168,05165-1-01,18 a 29,Hombres,Quintil bajo,Sur,Jovenes trabajadores,Movilidad mixta,115.34,0,115.34,17.501433,168,60.84,17.160013240000012,216.46309228
2852,18.17,53.84,5.81,90.17999999999998,2.441231,44.357171019999996,168,05176-1-02,45 a 59,Mujeres,Quintil bajo,Centro,Rutina flexible,Movilidad mixta,0,0,0,44.357171019999996,168,59.650000000000006,-3.74999999053216e-6,145.61942540000007
2853,59.16,35.59,9.89,63.36,2.625488,106.02385895999998,168,05177-1-01,18 a 29,Mujeres,Quintil bajo,Norte,Trabajadores rutinarios,Movilidad mixta,73.19999999999999,0,73.19999999999999,32.82385896,168,45.480000000000004,49.30001111999999,168.70720536
2858,52.06,24.05,11.57,80.32,3.112413,162.03222078000002,168,05184-1-01,30 a 44,Mujeres,Quintil bajo,Norte,Cuidadores domesticos,Movilidad mixta,0,0,0,162.03222078000002,168,35.620000000000005,0,110.86415106000001
2865,103.64,15.44,6.71,42.21,4.537999,251.3781894,168,05203-1-01,45 a 59,Mujeres,Quintil bajo,Centro,Cuidadores domesticos,Movilidad mixta,156.05999999999997,0,156.05999999999997,95.31818940000001,168,22.15,218.94002696,319.45670481
2868,59.38,48.93,5.68,54.010000000000005,2.743502,147.38914138,168,05210-1-01,30 a 44,Hombres,Quintil bajo,Centro,Jovenes trabajadores,Movilidad mixta,99.48,0,99.48,47.90914138,168,54.61,15.520007379999981,165.34265159999995
2877,70.73,28.44,9.6,59.23,5.116541,182.69290535,168,05228-1-01,45 a 59,Hombres,Quintil medio,Norte,Trabajadores moviles,Movilidad mixta,145.79999999999998,0,145.79999999999998,36.89290535,168,38.04,179.20003958,373.83325922
2887,57.73,26.56,12.32,71.39000000000001,2.743817,117.74052616,168,05250-1-01,45 a 59,Mujeres,Quintil medio,Centro,Trabajadores rutinarios,Movilidad mixta,34.339999999999996,0,34.339999999999996,83.40052616,168,38.879999999999995,40.66002924999998,147.33963420999993
2889,60.36,44.04,12.14,51.46,4.331125,45.87669951999999,168,05255-1-01,45 a 59,Hombres,Quintil medio,Centro,Trabajadores moviles,Movilidad mixta,132.95,136,-3.0500000000000114,48.92669952,168,56.18,215.55000548000004,458.87260798
2897,64.6,47.25,8.15,48.00000000000001,1.139874,73.6358688,168,05270-1-02,30 a 44,Hombres,Quintil bajo,Centro,Trabajadores moviles,Movilidad mixta,0,0,0,73.6358688,168,55.4,-8.399999998687235e-6,63.14901120000002
2904,72.75,38.14,3.67,53.44,3.182642,189.88078958955222,168,05280-1-02,30 a 44,Mujeres,Quintil medio,Centro,Cuidadores domesticos,Movilidad mixta,40.059999999999995,6.71641791044776,33.343582089552235,156.5372075,168,41.81,41.65641591044778,174.72267793044776
2905,71.91,25.61,6.82,63.660000000000004,5.32096,203.79024965000002,168,05282-1-02,30 a 44,Mujeres,Quintil medio,Norte,Cuidadores domesticos,Movilidad mixta,121.16000000000001,0,121.16000000000001,82.63024965,168,32.43,178.83998394999998,351.39871675
2909,46.82,39.32,7.37,74.49000000000001,3.430403,160.61146846,168,05295-1-01,30 a 44,Hombres,Quintil bajo,Sur,Cuidadores domesticos,Movilidad mixta,0,0,0,160.61146846,168,46.69,0,160.16551607
2914,46.78,34.15,8.44,78.63,5.102163,189.68919874,168,05299-1-02,30 a 44,Mujeres,Quintil bajo,Norte,Cuidadores domesticos,Movilidad mixta,51.01,0,51.01,138.67919874,168,42.589999999999996,48.98998640000002,266.29110857
2917,53.57,16.02,11.84,86.57000000000001,6.262252,197.30880273000002,168,05302-1-01,45 a 59,Mujeres,Quintil medio,Centro,Trabajadores rutinarios,Movilidad mixta,111.84000000000002,0,111.84000000000002,85.46880273,168,27.86,138.16003690999997,312.6263776299999
2924,56.94,23.1,12.88,75.08000000000001,4.691675,115.20397614000001,168,05309-1-01,30 a 44,Hombres,Quintil medio,Norte,Trabajadores rutinarios,Movilidad mixta,85.56,0,85.56,29.64397614,168,35.980000000000004,151.93999836,320.74646485999995
2928,61.93,39.67,8.51,57.88999999999999,2.67016,129.69299154,168,05316-1-01,30 a 44,Hombres,Quintil bajo,Centro,Cuidadores domesticos,Movilidad mixta,79.33000000000001,0,79.33000000000001,50.36299154,168,48.18,35.67001726000001,164.31832606000003
2941,29.71,48.29,9.9,80.1,3.190725,28.593582607142807,168,05335-1-01,60 o mas,Mujeres,Quintil bajo,Norte,Rutina flexible,Movilidad mixta,40.94,107.1428571428572,-66.2028571428572,94.79643975,168,58.19,66.2028571428572,251.87114489285722
2949,49.98,35.35,16.98,65.69000000000001,3.035944,151.73648112000004,168,05347-1-03,30 a 44,Mujeres,Quintil bajo,Centro,Cuidadores domesticos,Movilidad mixta,0,0,0,151.73648112000004,168,52.33,-2.842170943040401e-14,158.87094951999993
2952,77.89,27.94,4.27,57.900000000000006,2.023184,160.52579418000002,168,05355-1-01,30 a 44,Mujeres,Quintil bajo,Sur,Cuidadores domesticos,Movilidad mixta,94.94000000000001,50,44.94000000000001,115.58579418000001,168,32.21,-2.93999242000001,62.22676421999998
2953,51.53,16.23,11.55,88.69,4.280807,163.79997154999998,168,05358-1-01,45 a 59,Hombres,Quintil bajo,Centro,Trabajadores rutinarios,Movilidad mixta,143.20999999999998,0,143.20999999999998,20.589971549999998,168,27.78,56.79001316000003,175.71083162000005
2958,21.39,70.17,6.59,69.85000000000001,3.210694,68.67674466000001,168,05364-1-01,30 a 44,Hombres,Quintil bajo,Norte,Rutina flexible,Movilidad mixta,0,0,0,68.67674466000001,168,76.76,0,246.45287143999997
2959,82.01,27.11,7.68,51.199999999999996,3.940616,258.15992612,168,05367-1-01,30 a 44,Mujeres,Quintil bajo,Centro,Cuidadores domesticos,Movilidad mixta,134.99,0,134.99,123.16992612,168,34.79,65.00999203999999,202.10402268
2968,53.52,22.23,7.88,84.36999999999999,3.082589,164.98016328,168,05383-1-02,60 o mas,Mujeres,Quintil bajo,Centro,Cuidadores domesticos,Movilidad mixta,0,0,0,164.98016328,168,30.11,0,92.81675479
2972,63.73,12.87,20.04,71.36000000000001,3.271512,136.78349630999998,168,05394-1-01,45 a 59,Mujeres,Quintil bajo,Centro,Trabajadores rutinarios,Movilidad mixta,62.03999999999999,0,62.03999999999999,74.74349631,168,32.91,71.70996345,179.37542336999996
2974,64.45,37.66,8,57.89,2.680775,101.25595845000001,168,05399-1-01,45 a 59,Mujeres,Quintil bajo,Centro,Cuidadores domesticos,Movilidad mixta,90.98,50,40.980000000000004,60.27595845000001,168,45.66,71.51999030000002,193.92417680000003
2975,55,29.61,4.85,78.54,4.438606,145.5506127272727,168,05401-1-01,45 a 59,Mujeres,Quintil alto,Centro,Cuidadores domesticos,Movilidad mixta,98.69999999999999,22.2727272727273,76.4272727272727,69.12334,168,34.46,98.57271727272732,251.5270800327273
2982,78.83,19.39,14.02,55.760000000000005,2.604327,7.148170299047976,168,05417-1-02,60 o mas,Hombres,Quintil medio,Norte,Cuidadores domesticos,Movilidad mixta,119.22999999999999,217.380952380952,-98.15095238095202,105.29912268,168,33.41,198.150927110952,285.161492180952
2999,59.31,25.21,10.22,73.25999999999999,5.007098,171.28095730999996,168,05447-1-01,30 a 44,Mujeres,Quintil bajo,Sur,Trabajadores rutinarios,Movilidad mixta,149.30999999999997,37.5,111.80999999999997,59.47095730999999,168,35.43,125.69002507000005,303.0915072100001
3005,37.2,24.53,3.68,102.59,2.982088,91.88442951698113,168,05456-1-01,30 a 44,Mujeres,Quintil bajo,Sur,Jovenes trabajadores,Movilidad mixta,47.13,8.67924528301887,38.45075471698113,53.4336748,168,28.21,19.049244083018877,103.17394656301886
3010,96.13,8.74,7.45,55.68,3.326656,219.8327833719889,168,05462-1-02,30 a 44,Mujeres,Quintil medio,Sur,Cuidadores domesticos,Movilidad mixta,94.41,31.8686401480111,62.5413598519889,157.29142352,168,16.19,99.95865790801105,153.81721854801106
3012,63.06,35.32,8.37,61.25000000000001,2.969575,187.2613995,168,05463-1-04,18 a 29,Mujeres,Quintil bajo,Norte,Cuidadores domesticos,Movilidad mixta,0,0,0,187.2613995,168,43.69,0,129.74073174999998
3020,71.86,29.8,9.3,57.040000000000006,6.902414,327.11744453999995,168,05481-1-01,30 a 44,Hombres,Quintil alto,Centro,Trabajadores moviles,Movilidad mixta,243.60999999999999,0,243.60999999999999,83.50744454,168,39.1,168.8900255000001,438.7744129
3029,76.82,21.61,5.63,63.940000000000005,2.618954,152.50800268,168,05500-1-01,45 a 59,Mujeres,Quintil bajo,Centro,Cuidadores domesticos,Movilidad mixta,56.32,0,56.32,96.18800268,168,27.24,48.680043599999976,120.02035056
3036,89.39,23.16,7.16,48.290000000000006,2.417329,56.77055660839311,168,05513-1-01,45 a 59,Hombres,Quintil medio,Norte,Trabajadores moviles,Movilidad mixta,95.4,54.7144754316069,40.685524568393106,16.085032039999998,168,30.32,159.3144827016069,232.60789798160687
3040,62.83,47.58,0.78,56.81,3.105184,110.96017242415729,168,05517-1-01,18 a 29,Hombres,Quintil bajo,Sur,Jovenes trabajadores,Movilidad mixta,81.02999999999999,25.1685393258427,55.861460674157286,55.09871175,168,48.36,84.1385382958427,234.3052365358427
3041,21.71,34.34,19.74,92.21,2.966399,0.720358355573822,168,05520-1-01,60 o mas,Hombres,Quintil medio,Centro,Rutina flexible,Movilidad mixta,69.66000000000001,133.3401639344262,-63.680163934426176,64.40052229,168,54.08,63.680163934426176,224.10302185442617
3043,67.51,26.04,10.55,63.89999999999999,3.318365,145.29283015,168,05521-1-01,30 a 44,Mujeres,Quintil bajo,Norte,Trabajadores rutinarios,Movilidad mixta,61.27,0,61.27,84.02283014999999,168,36.59,78.72999100000004,200.14896635000002
3044,59.54,14.34,22.59,71.53,3.023066,112.52336890000001,168,05521-1-02,60 o mas,Mujeres,Quintil bajo,Norte,Trabajadores rutinarios,Movilidad mixta,52.53000000000001,0,52.53000000000001,59.9933689,168,36.93,67.46998073999998,179.11180812
3047,65.06,54.92,5.12,42.9,2.858105,114.92831806,168,05522-1-02,45 a 59,Mujeres,Quintil medio,Norte,Jovenes trabajadores,Movilidad mixta,53.98,0,53.98,60.94831806,168,60.04,71.01999324,242.62061744
3050,55.95,24.18,15.15,72.72,2.610194,91.9503318,168,05526-1-01,45 a 59,Mujeres,Quintil bajo,Centro,Trabajadores rutinarios,Movilidad mixta,58.410000000000004,0,58.410000000000004,33.5403318,168,39.33,54.09002249999999,156.74895252
3064,26.21,55.82,9.58,76.39,2.880491,75.49766911,168,05544-1-01,60 o mas,Mujeres,Quintil bajo,Centro,Rutina flexible,Movilidad mixta,0,0,0,75.49766911,168,65.4,0,188.3841114
3065,56.95,23.11,13.97,73.97,13.937229,361.55519584999996,168,05545-1-01,60 o mas,Hombres,Quintil alto,Norte,Trabajadores moviles,Movilidad mixta,317.83,0,317.83,43.72519585,168,37.08,432.16999570000013,948.9624470200001
3074,56.34,32.94,8.75,69.97,5.317174,199.49959589999997,168,05564-1-02,30 a 44,Mujeres,Quintil medio,Sur,Trabajadores rutinarios,Movilidad mixta,149.92999999999998,0,149.92999999999998,49.569595899999996,168,41.69,100.06998726,321.74297132
3092,83.35,20.7,6.84,57.11,2.985358,230.13954545000001,168,05604-1-01,18 a 29,Hombres,Quintil bajo,Centro,Cuidadores domesticos,Movilidad mixta,91.31,0,91.31,138.82954545,168,27.54,18.690043849999995,100.90680316999999
3093,56.08,29.57,10.18,72.16999999999999,2.622143,119.17978896000001,168,05605-1-01,30 a 44,Hombres,Quintil bajo,Sur,Trabajadores moviles,Movilidad mixta,84.63000000000001,0,84.63000000000001,34.54978896,168,39.75,27.86999047999997,132.10017473
3105,10.93,61.22,10.07,85.78,3.422513,37.408067089999996,168,05639-1-01,45 a 59,Hombres,Quintil bajo,Norte,Rutina flexible,Movilidad mixta,0,0,0,37.408067089999996,168,71.28999999999999,0,243.99095177
3107,65.53,33.71,14.15,54.60999999999999,6.562337,274.04996326,168,05641-1-02,30 a 44,Hombres,Quintil alto,Sur,Cuidadores domesticos,Movilidad mixta,194.02000000000004,0,194.02000000000004,80.02996326,168,47.86,155.97998035,470.0534291700001
3114,73.71,20.13,15.89,58.27000000000001,1.841708,21.9422529,168,05659-1-01,60 o mas,Mujeres,Quintil bajo,Centro,Cuidadores domesticos,Movilidad mixta,53.19,154.5,-101.31,123.2522529,168,36.019999999999996,113.81004377999997,180.14836593999996
3118,83.77,21.17,12.27,50.790000000000006,2.308589,157.21047574,168,05670-1-02,45 a 59,Mujeres,Quintil bajo,Centro,Cuidadores domesticos,Movilidad mixta,38.82,0,38.82,118.39047573999999,168,33.44,36.180024790000004,113.37924095
3120,59.86,32.15,3.61,72.38000000000001,2.62509,106.93789456,168,05671-1-02,30 a 44,Mujeres,Quintil bajo,Centro,Trabajadores rutinarios,Movilidad mixta,62.300000000000004,0,62.300000000000004,44.63789456,168,35.76,50.19999284000001,144.07321123999998
3124,69.09,20.54,9.76,68.61,4.958676,216.93492450000002,168,05679-1-02,30 a 44,Mujeres,Quintil medio,Sur,Trabajadores rutinarios,Movilidad mixta,124.34,0,124.34,92.5949245,168,30.299999999999997,125.66000033999995,275.90788313999997
3130,66.51,28.51,5.46,67.52,2.730575,127.78191062034483,168,05686-1-01,45 a 59,Hombres,Quintil bajo,Norte,Trabajadores rutinarios,Movilidad mixta,48.93,2.75862068965517,46.17137931034483,81.61053131,168,33.97,53.828632629655175,146.58626537965517
3131,69.47,29.79,12.1,56.64000000000001,2.527698,128.51538680655173,168,05686-1-02,45 a 59,Mujeres,Quintil bajo,Norte,Cuidadores domesticos,Movilidad mixta,42.83,2.41379310344828,40.41620689655172,88.09917991,168,41.89,47.08379325344828,152.96906247344825
3139,5,63.01,9.57,90.42000000000002,3.044559,15.222795,168,05693-1-03,18 a 29,Mujeres,Quintil medio,Norte,Rutina flexible,Movilidad mixta,0,0,0,15.222795,168,72.58,0,220.97409221999996
3142,45.88,33.1,15.01,74.01,2.743584,96.06504600470589,168,05698-1-02,45 a 59,Mujeres,Quintil alto,Centro,Rutina flexible,Movilidad mixta,21.66,26.4705882352941,-4.810588235294102,100.87563424,168,48.11,29.810587915294107,161.80441415529407
3143,26.17,34.05,12.12,95.65999999999998,2.795234,13.540097309411806,168,05698-1-03,60 o mas,Mujeres,Quintil alto,Centro,Rutina flexible,Movilidad mixta,43.33,102.9411764705882,-59.611176470588205,73.15127378000001,168,46.169999999999995,59.611176470588205,188.66713025058826
3147,43.7,62.38,11.88,50.03999999999999,2.734261,80.8672215,168,05706-1-01,45 a 59,Mujeres,Quintil bajo,Centro,Jovenes trabajadores,Movilidad mixta,23.88,0,23.88,56.987221500000004,168,74.26,38.619984200000005,241.66620606
3148,51.91,58.56,11.24,46.29,2.9177399999999998,112.83988529999999,168,05706-1-02,60 o mas,Hombres,Quintil bajo,Centro,Rutina flexible,Movilidad mixta,23.88,0,23.88,88.9598853,168,69.8,38.619998099999975,242.27825009999998
3150,62.15,34.56,9.34,61.94999999999999,3.571112,148.33459545,168,05708-1-01,45 a 59,Hombres,Quintil bajo,Centro,Cuidadores domesticos,Movilidad mixta,76.39,0,76.39,71.94459545,168,43.900000000000006,73.61001535,230.38183215000004
3151,73.58,28.59,7.6,58.23,3.003555,221.0015769,168,05708-1-02,30 a 44,Mujeres,Quintil bajo,Centro,Cuidadores domesticos,Movilidad mixta,0,0,0,221.0015769,168,36.19,0,108.69865545000002
3152,65.81,24.88,9.33,67.98,5.881618,248.84931661,168,05709-1-02,30 a 44,Mujeres,Quintil alto,Sur,Cuidadores domesticos,Movilidad mixta,86.78,0,86.78,162.06931661,168,34.21,138.21996397,339.43011575
3154,42.4,65.23,5.76,54.60999999999999,2.666733,76.0794756,168,05710-1-03,18 a 29,Hombres,Quintil bajo,Centro,Jovenes trabajadores,Movilidad mixta,38.01,0,38.01,38.069475600000004,168,70.99000000000001,36.990003599999994,226.30137927
3164,11.54,70.74,14.75,70.97000000000001,3.207756,37.017504239999994,168,05732-1-02,45 a 59,Mujeres,Quintil bajo,Sur,Rutina flexible,Movilidad mixta,0,0,0,37.017504239999994,168,85.49,0,274.23106043999996
3170,28.24,50.95,12.81,75.99999999999999,3.960761,128.95189632,168,05743-1-01,45 a 59,Mujeres,Quintil bajo,Sur,Rutina flexible,Movilidad mixta,45.85000000000001,0,45.85000000000001,83.10189632000001,168,63.760000000000005,-17.10000568000001,235.43811568000007
3172,51,34.21,13.67,69.11999999999999,3.297534,99.82423999999999,168,05751-1-01,30 a 44,Hombres,Quintil bajo,Sur,Trabajadores rutinarios,Movilidad mixta,81.64999999999999,0,81.64999999999999,18.17424,168,47.88,68.34999400000002,226.23592192000007
3175,71.33,33.25,6.99,56.43,3.069012,174.33259727,168,05756-1-02,30 a 44,Mujeres,Quintil bajo,Sur,Trabajadores moviles,Movilidad mixta,105.42000000000002,0,105.42000000000002,68.91259727,168,40.24,44.58002868999998,168.07707156999993
3179,68.75,33.21,16.41,49.629999999999995,2.180195,150.14842625,168,05763-1-01,30 a 44,Mujeres,Quintil bajo,Norte,Cuidadores domesticos,Movilidad mixta,75.25999999999999,0,75.25999999999999,74.88842625,168,49.620000000000005,-0.26001999999999725,107.9212559
3181,42.63,54.93,10.91,59.53,3.020232,128.75249015999998,168,05766-1-02,30 a 44,Mujeres,Quintil alto,Centro,Cuidadores domesticos,Movilidad mixta,0,0,0,128.75249015999998,168,65.84,2.842170943040401e-14,198.85207488000003
3182,59.08,52.75,5.04,51.13,3.282003,172.23072191999998,168,05768-1-01,30 a 44,Hombres,Quintil bajo,Centro,Jovenes trabajadores,Movilidad mixta,128.32999999999998,0,128.32999999999998,43.900721919999995,168,57.79,21.670015320000005,211.33696869000002
3185,90.16,29.47,4.44,43.93000000000001,9.26491,538.26426496,168,05774-1-01,30 a 44,Hombres,Quintil alto,Sur,Trabajadores moviles,Movilidad mixta,452.93999999999994,0,452.93999999999994,85.32426496000001,168,33.91,297.06002064000006,611.23311874
3190,49.19,40.63,10.94,67.24000000000001,2.549385,43.65426982,168,05782-1-03,18 a 29,Hombres,Quintil bajo,Norte,Jovenes trabajadores,Movilidad mixta,93.25,62.5,30.75,12.904269820000001,168,51.57,81.74997833,213.22176277999998
3219,79.29,28.21,3.81,56.68999999999999,5.460909,285.59542928,168,05823-1-02,30 a 44,Mujeres,Quintil alto,Centro,Cuidadores domesticos,Movilidad mixta,152.6,0,152.6,132.99542928000002,168,32.02,147.40004533,322.25835150999995
3220,13.25,42.31,6.92,105.52,3.017883,39.98694975,168,05824-1-02,18 a 29,Mujeres,Quintil medio,Sur,Rutina flexible,Movilidad mixta,0,0,0,39.98694975,168,49.230000000000004,0,148.57038009
3222,68.9,25.01,13.95,60.139999999999986,2.731414,168.4244431,168,05825-1-01,45 a 59,Mujeres,Quintil bajo,Centro,Trabajadores rutinarios,Movilidad mixta,95.22999999999999,0,95.22999999999999,73.1944431,168,38.96,19.76998150000003,126.18587094000006
3226,64.52,39.68,9.89,53.910000000000004,1.782935,88.08074955436821,168,05832-1-03,30 a 44,Hombres,Quintil medio,Norte,Cuidadores domesticos,Movilidad mixta,20.97,22.9241877256318,-1.954187725631801,90.03493728000001,168,49.57,26.954216645631774,115.33430459563179
3232,10.25,51.51,6.17,100.07000000000001,2.800734,15.9267773364486,168,05841-1-03,18 a 29,Mujeres,Quintil alto,Norte,Rutina flexible,Movilidad mixta,7.779999999999999,10.5607476635514,-2.7807476635514004,18.707525,168,57.68,12.780746163551397,174.32708328355136
3239,77.82,24.31,8.57,57.300000000000004,2.901618,212.73891501999998,168,05849-1-02,30 a 44,Mujeres,Quintil medio,Norte,Cuidadores domesticos,Movilidad mixta,13.81,16.875,-3.0649999999999995,215.80391501999998,168,32.879999999999995,13.064997739999995,108.47019757999999
3247,64.97,30.05,8.94,64.04,2.481303,109.33025541999999,168,05862-1-01,45 a 59,Hombres,Quintil bajo,Norte,Trabajadores rutinarios,Movilidad mixta,43.12,0,43.12,66.21025542,168,38.99,51.880000490000015,148.62600446000002
3249,59.41,36.56,7.14,64.89,3.150585,130.6162471,168,05863-1-01,30 a 44,Hombres,Quintil alto,Sur,Trabajadores rutinarios,Movilidad mixta,68.44,0,68.44,62.176247100000005,168,43.7,56.56000774999998,194.24057225
3261,4.89,99.95,6.71,56.45000000000001,3.246554,15.875649059999999,168,05881-1-02,18 a 29,Hombres,Quintil bajo,Norte,Rutina flexible,Movilidad mixta,0,0,0,15.875649059999999,168,106.66,0,346.27744964
3262,51.4,42.5,7.43,66.66999999999999,2.392316,118.62505720000001,168,05882-1-01,18 a 29,Mujeres,Quintil bajo,Centro,Cuidadores domesticos,Movilidad mixta,10.66,0,10.66,107.96505720000002,168,49.93,4.339985199999987,123.78832308000003
3264,52.26,26.23,9.66,79.85000000000001,3.13714,163.9469364,168,05886-1-02,45 a 59,Hombres,Quintil bajo,Sur,Cuidadores domesticos,Movilidad mixta,0,0,0,163.9469364,168,35.89,0,112.59195459999998
3276,64.43,25.91,10.98,66.67999999999999,3.211254,144.35111082999998,168,05902-1-01,45 a 59,Hombres,Quintil bajo,Centro,Trabajadores rutinarios,Movilidad mixta,62.45,0,62.45,81.90111083,168,36.89,62.54998439000002,181.01314445000003
3285,88.26,23.09,4.38,52.26999999999999,3.797058,239.83831138,168,05916-1-01,30 a 44,Hombres,Quintil bajo,Norte,Cuidadores domesticos,Movilidad mixta,119.71000000000001,0,119.71000000000001,120.12831138,168,27.47,95.2900277,199.59521096000003
3286,73,41.16,3.9,49.940000000000005,4.075739,170.5680744347826,168,05917-1-01,30 a 44,Mujeres,Quintil bajo,Sur,Trabajadores moviles,Movilidad mixta,151.3,65.7608695652174,85.5391304347826,85.028944,168,45.059999999999995,126.96087256521736,310.61367190521736
3292,54.18,28.66,13.64,71.52,3.118309,168.94998162,168,05922-1-02,45 a 59,Mujeres,Quintil bajo,Centro,Cuidadores domesticos,Movilidad mixta,0,0,0,168.94998162,168,42.3,0,131.90447070000002
3307,62.3,48.2,8.67,48.83,12.622685,384.46326460000006,168,05946-1-01,45 a 59,Mujeres,Quintil alto,Centro,Trabajadores moviles,Movilidad mixta,348.07000000000005,0,348.07000000000005,36.3932646,168,56.870000000000005,401.9300108999999,1119.78210685
3308,0.18,88.08,10.32,69.41999999999999,3.621,0.65178,168,05946-1-04,18 a 29,Hombres,Quintil alto,Centro,Rutina flexible,Movilidad mixta,0,0,0,0.65178,168,98.4,0,356.30640000000005
3312,45.51,38.42,8.07,76,5.329095,183.83712817,168,05953-1-01,30 a 44,Hombres,Quintil bajo,Sur,Trabajadores rutinarios,Movilidad mixta,166.31,0,166.31,17.527128169999997,168,46.49,58.68998527999997,306.43961183
3316,41.19,31.11,11.83,83.87,3.067646,126.35633873999998,168,05958-1-02,45 a 59,Mujeres,Quintil bajo,Centro,Cuidadores domesticos,Movilidad mixta,0,0,0,126.35633873999998,168,42.94,0,131.72471923999998
3326,44.23,66.36,7.19,50.22000000000001,3.033825,134.18607975,168,05975-1-02,30 a 44,Mujeres,Quintil bajo,Centro,Rutina flexible,Movilidad mixta,0,0,0,134.18607975,168,73.55,0,223.13782874999995
3333,73.57,34.95,12.37,47.11000000000001,8.045277,323.65099275,168,05991-1-01,60 o mas,Hombres,Quintil alto,Centro,Cuidadores domesticos,Movilidad mixta,231.76,0,231.76,91.89099275000001,168,47.32,268.24003614000003,648.9425437799999
3338,69.63,34.41,7.7,56.260000000000005,5.317967,192.36165308308367,168,05999-1-01,45 a 59,Mujeres,Quintil alto,Centro,Trabajadores moviles,Movilidad mixta,240.74999999999997,78.6784140969163,162.07158590308367,30.290067179999994,168,42.11,177.92838912691636,401.8679794969164
3343,64.36,14.12,10.45,79.07,2.924329,75.854320355122,168,06008-1-02,60 o mas,Hombres,Quintil bajo,Centro,Trabajadores rutinarios,Movilidad mixta,70.8,70.655487804878,0.14451219512199032,75.70980816000001,168,24.57,112.355494084878,184.20625761487804
3347,81.25,26.62,7.8,52.33,3.052777,160.6255681048387,168,06012-1-03,18 a 29,Mujeres,Quintil medio,Sur,Cuidadores domesticos,Movilidad mixta,77.91,40.3225806451613,37.587419354838694,123.03814875,168,34.42,87.4125631451613,192.4891474851613
3348,35.57,23.3,3.7,105.43,2.972554,105.73374578,168,06012-1-05,18 a 29,Mujeres,Quintil medio,Sur,Rutina flexible,Movilidad mixta,0,0,0,105.73374578,168,27,0,80.25895799999999
3352,29.73,57.52,7.14,73.61,6.08512,6.481090470476019,168,06022-1-03,30 a 44,Hombres,Quintil medio,Norte,Rutina flexible,Movilidad mixta,111.88000000000001,136.309523809524,-24.429523809523985,30.910614280000004,168,64.66,174.429527129524,567.893386329524
3355,2.54,25.67,10.56,129.23000000000002,3.010488,7.64663952,168,06027-1-03,18 a 29,Mujeres,Quintil bajo,Centro,Rutina flexible,Movilidad mixta,0,0,0,7.64663952,168.00000000000003,36.230000000000004,0,109.06998023999995
3366,54.3,50.7,7.73,55.269999999999996,4.220469,129.6877306440329,168,06046-1-01,30 a 44,Hombres,Quintil bajo,Centro,Jovenes trabajadores,Movilidad mixta,125.65,27.6337448559671,98.0162551440329,31.671475500000003,168,58.43000000000001,99.48373605596706,346.0857397259671
3370,15.18,61.95,14.19,76.67999999999999,3.058639,4.094177109871602,168,06054-1-01,60 o mas,Mujeres,Quintil alto,Norte,Rutina flexible,Movilidad mixta,24.490000000000002,66.8259629101284,-42.335962910128394,46.430140019999996,168,76.14,42.335962910128394,275.2207363701284
3373,59.73,33.25,7.84,67.18,2.501529,55.8166944987161,168,06054-1-06,30 a 44,Mujeres,Quintil alto,Norte,Trabajadores rutinarios,Movilidad mixta,54.160000000000004,48.2596291012839,5.900370898716105,49.9163236,168,41.09,93.59963267128389,196.3874592812839
3374,5.97,59.42,14.45,88.16,3.086806,18.42823182,168,06054-1-07,18 a 29,Mujeres,Quintil alto,Norte,Rutina flexible,Movilidad mixta,0,0,0,18.42823182,168,73.87,0,228.02235922000003
3375,59.08,48.79,9.74,50.39,5.029623,61.95477377928702,168,06054-1-08,30 a 44,Hombres,Quintil alto,Norte,Jovenes trabajadores,Movilidad mixta,136.06,121.255349500713,14.804650499287007,47.15012328000001,168,58.53,235.19535306071296,529.579187250713
3379,48.21,36.94,11.05,71.8,2.821876,114.54266858,168,06060-1-01,30 a 44,Mujeres,Quintil bajo,Norte,Trabajadores rutinarios,Movilidad mixta,41,0,41,73.54266858,168,47.989999999999995,21.49997338,156.92180262
3385,85.21,20.67,9.11,53.010000000000005,3.674399,219.98557256,168,06078-1-01,30 a 44,Mujeres,Quintil bajo,Centro,Cuidadores domesticos,Movilidad mixta,169.39000000000001,87.5,81.89000000000001,138.09557256,168,29.78,93.10996622999997,202.53356845
3387,65.82,36.12,9.43,56.63,3.27255,114.2873186844019,168,06081-1-01,45 a 59,Mujeres,Quintil medio,Norte,Trabajadores moviles,Movilidad mixta,50.79,24.4019138755981,26.388086124401898,87.89923256,168,45.55,101.11192231559806,250.1765748155981
3388,47.43,56.79,10.25,53.529999999999994,4.308386,109.1902216529665,168,06081-1-02,18 a 29,Hombres,Quintil medio,Norte,Jovenes trabajadores,Movilidad mixta,47.809999999999995,22.9665071770335,24.843492822966496,84.34672883,168,67.03999999999999,95.15652632703348,383.99072376703344
3389,68.65,23.57,20.01,55.769999999999996,2.711595,130.2701101847826,168,06082-1-01,30 a 44,Mujeres,Quintil bajo,Norte,Trabajadores rutinarios,Movilidad mixta,97.38000000000001,53.2608695652174,44.11913043478261,86.15097974999999,168,43.58,55.88088656521742,174.05219666521742
3391,67.83,28.62,12.7,58.849999999999994,2.671173,118.57564347000002,168,06086-1-02,60 o mas,Mujeres,Quintil bajo,Norte,Trabajadores rutinarios,Movilidad mixta,57.39,0,57.39,61.18564347000001,168,41.32,62.61002111999997,172.98288948
3392,35.48,43.17,19.19,70.16000000000001,3.360009,4.5531193200000075,168,06087-1-01,60 o mas,Hombres,Quintil medio,Centro,Rutina flexible,Movilidad mixta,72.84,187.5,-114.66,119.21311932,168,62.36,114.65999999999997,324.19016123999995
3396,58.23,32.99,16.55,60.230000000000004,3.950196,135.94990831,168,06091-1-01,30 a 44,Hombres,Quintil bajo,Norte,Trabajadores rutinarios,Movilidad mixta,80.93,0,80.93,55.019908310000005,168,49.540000000000006,94.07000476999997,289.76271461
3403,54.21,43.54,10.73,59.519999999999996,2.165688,117.40198266,168,06108-1-01,30 a 44,Mujeres,Quintil bajo,Centro,Cuidadores domesticos,Movilidad mixta,0,0,0,117.40198266,168,54.269999999999996,-3.618000000926713e-5,117.53185157999998
3408,5.47,42.04,5.12,115.37,3.019168,16.51484896,168,06117-1-01,18 a 29,Hombres,Quintil bajo,Norte,Jovenes trabajadores,Movilidad mixta,0,0,0,16.51484896,168,47.16,0,142.38396287999998
3410,41.69,39.52,24.72,62.06999999999999,4.331405,52.93716879640451,168,06121-1-01,45 a 59,Hombres,Quintil bajo,Norte,Trabajadores rutinarios,Movilidad mixta,122.08,74.7191011235955,47.360898876404505,5.57626992,168,64.24000000000001,127.6391056535955,405.88856285359554
3421,71.84,48.64,3.21,44.309999999999995,2.260073,90.14364192,168,06144-1-03,18 a 29,Mujeres,Quintil bajo,Centro,Jovenes trabajadores,Movilidad mixta,52.78,0,52.78,37.36364192,168,51.85,72.22000240000003,189.40478745000001
3428,88.6,24.25,2,53.150000000000006,1.429852,132.494887,168,06156-1-01,18 a 29,Hombres,Quintil bajo,Sur,Trabajadores moviles,Movilidad mixta,83.31,0,83.31,49.184887,168,26.25,-5.809999800000028,31.723615199999983
3444,8.78,56.86,8.02,94.34,3.030809,26.61050302,168,06179-1-05,18 a 29,Hombres,Quintil alto,Centro,Rutina flexible,Movilidad mixta,0,0,0,26.61050302,168,64.88,0,196.63888791999997
3466,78.08,26.65,9.99,53.28,4.683116,254.83764223999998,168,06203-1-01,45 a 59,Mujeres,Quintil medio,Centro,Trabajadores moviles,Movilidad mixta,139.18,0,139.18,115.65764223999999,168,36.64,110.82005504,282.40942528
3479,64.84,41.09,7.02,55.05,4.828439,196.06599036,168,06225-1-01,18 a 29,Hombres,Quintil medio,Centro,Cuidadores domesticos,Movilidad mixta,132.99,0,132.99,63.07599036,168,48.11,117.00999440000004,349.3061946900001
3490,48.55,48.79,5,65.66,2.80158,11.424689962780306,168,06247-1-02,18 a 29,Hombres,Quintil bajo,Sur,Jovenes trabajadores,Movilidad mixta,96.26,95.8520179372197,0.4079820627803059,11.0167079,168,53.79,124.59201903721969,275.2890072372197
3496,16.01,39.15,9.69,103.15,2.905231,46.512748310000006,168,06258-1-03,18 a 29,Hombres,Quintil alto,Centro,Rutina flexible,Movilidad mixta,0,0,0,46.512748310000006,168,48.839999999999996,0,141.89148203999997
3499,49.28,31.45,17.1,70.16999999999999,3.824346,131.68378859999999,168,06265-1-01,45 a 59,Hombres,Quintil bajo,Sur,Trabajadores rutinarios,Movilidad mixta,118.22,0,118.22,13.463788599999999,168,48.55,56.77998228000001,242.45198058000003
3501,59.42,31.59,10.31,66.67999999999999,3.978179,160.32340054,168,06267-1-01,45 a 59,Hombres,Quintil bajo,Norte,Trabajadores rutinarios,Movilidad mixta,134.44,10.5,123.94,36.38340054,168,41.9,76.05999564000001,242.74569574
3502,4.54,38.43,2.02,123.01,3.21456,14.5941024,168,06267-1-03,18 a 29,Mujeres,Quintil bajo,Norte,Rutina flexible,Movilidad mixta,0,0,0,14.5941024,168,40.45,0,130.028952
3511,78.16,20.66,11.84,57.34,2.335497,124.51241744000001,168,06286-1-01,60 o mas,Hombres,Quintil bajo,Sur,Trabajadores rutinarios,Movilidad mixta,54.47,0,54.47,70.04241744000001,168,32.5,58.030028079999994,133.93368058000001
3519,56.92,36.63,11.94,62.50999999999999,5.093959,225.5281516,168,06302-1-01,30 a 44,Hombres,Quintil bajo,Sur,Trabajadores moviles,Movilidad mixta,185.57999999999998,0,185.57999999999998,39.9481516,168,48.57,64.41999468,311.83358331
3524,70.49,22.32,7.81,67.38,2.462443,60.43761515999999,168,06312-1-01,30 a 44,Mujeres,Quintil medio,Centro,Cuidadores domesticos,Movilidad mixta,100.61,118.75,-18.14,78.57761516,168,30.13,113.13999190999998,187.33339949999998
3528,62.79,39.99,14.74,50.48,2.970896,115.07255569,168,06317-1-02,45 a 59,Mujeres,Quintil bajo,Centro,Cuidadores domesticos,Movilidad mixta,46.03,0,46.03,69.04255569,168,54.730000000000004,71.47000415000002,234.06714223000006
3541,28.01,52.24,18.83,68.92,2.994179,45.57817330219509,168,06345-1-01,45 a 59,Hombres,Quintil medio,Centro,Rutina flexible,Movilidad mixta,38.76,77.0487804878049,-38.28878048780491,83.86695379,168,71.07,38.28878048780491,251.08508201780487
3549,29.87,44.45,6.25,87.42999999999999,1.4334,42.815663619999995,168,06371-1-02,18 a 29,Mujeres,Quintil bajo,Sur,Rutina flexible,Movilidad mixta,0,0,0,42.815663619999995,168,50.7,-5.619999996042679e-6,72.67337438000001
3552,68.19,18.83,13.3,67.68,2.984104,244.39599923,168,06381-1-01,30 a 44,Mujeres,Quintil bajo,Sur,Cuidadores domesticos,Movilidad mixta,73.41,25,48.41,195.98599923,168,32.129999999999995,-40.90994747000002,54.96931404999995
3556,87.65,13.43,6.58,60.33999999999999,2.975891,124.15684999999999,168,06390-1-01,45 a 59,Hombres,Quintil medio,Norte,Trabajadores rutinarios,Movilidad mixta,113.32,0,113.32,10.83685,168,20.009999999999998,136.67999615,196.22757506000002
3563,97.43,13.43,8.06,49.07999999999999,1.439572,50.642139961063805,168,06407-1-01,60 o mas,Hombres,Quintil medio,Centro,Trabajadores rutinarios,Movilidad mixta,77.14,66.7553191489362,10.384680851063806,40.25745911,168,21.490000000000002,89.61535999893621,120.55176227893622
3567,71.02,31.36,7.17,58.45,2.856162,205.03460644,168,06422-1-01,30 a 44,Mujeres,Quintil bajo,Sur,Cuidadores domesticos,Movilidad mixta,113.44000000000003,32.5,80.94000000000003,124.09460643999998,168,38.53,-2.189981200000034,107.85794066
3589,8.03,36.04,6.82,117.11000000000001,3.092209,24.830438270000002,168,06460-1-04,18 a 29,Mujeres,Quintil bajo,Centro,Jovenes trabajadores,Movilidad mixta,0,0,0,24.830438270000002,168,42.86,-3.552713678800501e-15,132.53207773999995
3593,35.66,16.65,20.63,95.06,3.137597,111.88670901999998,168,06469-1-01,60 o mas,Mujeres,Quintil bajo,Norte,Trabajadores rutinarios,Movilidad mixta,0,0,0,111.88670901999998,168,37.28,0,116.96961616000002
3600,73.79,41.21,4.07,48.92999999999999,2.688895,141.10054600537313,168,06491-1-03,30 a 44,Mujeres,Quintil bajo,Sur,Trabajadores moviles,Movilidad mixta,57.09,9.40298507462687,47.687014925373134,93.41353108,168,45.28,57.31301604462689,179.0661816446269
3608,66.53,26.05,6.82,68.6,3.878816,170.56763268,168,06503-1-02,18 a 29,Mujeres,Quintil medio,Centro,Trabajadores rutinarios,Movilidad mixta,102.51,0,102.51,68.05763268,168,32.870000000000005,87.4899958,214.98667772000002
3609,70.34,10.66,17.67,69.33,2.3408350000000002,108.78432106,168,06504-1-01,45 a 59,Mujeres,Quintil bajo,Centro,Trabajadores rutinarios,Movilidad mixta,62.879999999999995,0,62.879999999999995,45.90432106,168,28.330000000000002,55.870012840000015,122.18586839000002
3612,70.75,31.02,8.89,57.34,2.24363,78.95421842105262,168,06508-1-01,45 a 59,Mujeres,Quintil bajo,Norte,Trabajadores rutinarios,Movilidad mixta,47.52,37.3026315789474,10.217368421052605,68.73685,168,39.91,79.78260407894737,169.32587737894738
3616,61.69,34.19,7.78,64.34,3.905194,107.95034667842108,168,06508-1-07,18 a 29,Hombres,Quintil bajo,Norte,Trabajadores rutinarios,Movilidad mixta,79.21,24.6710526315789,54.53894736842109,53.41139930999999,168,41.97,132.9610711815789,296.86206336157886
3618,67.06,25.39,5.43,70.12,3.635499,238.95658072,168,06512-1-01,45 a 59,Mujeres,Quintil bajo,Centro,Trabajadores rutinarios,Movilidad mixta,170.16,0,170.16,68.79658072000001,168,30.82,4.839982219999996,116.88606139999999
3628,65.81,32.19,10.85,59.15,4.515326,194.74361093000002,168,06539-1-01,30 a 44,Hombres,Quintil bajo,Sur,Trabajadores rutinarios,Movilidad mixta,130.09,0,130.09,64.65361093000001,168,43.04,102.40999313,296.74962416999995
3641,79.44,22.41,9.12,57.03000000000001,3.018515,156.53084544,168,06560-1-01,45 a 59,Mujeres,Quintil bajo,Sur,Cuidadores domesticos,Movilidad mixta,61.74,0,61.74,94.79084544,168,31.53,83.25998615999998,178.43376410999997
3642,5.05,34.88,6.77,121.3,3.782604,13.300357505223879,168,06561-1-02,18 a 29,Mujeres,Quintil bajo,Norte,Rutina flexible,Movilidad mixta,5.84,1.64179104477612,4.19820895522388,9.102148549999999,168,41.650000000000006,5.801792694776122,163.34724929477613
3645,64.34,47.74,14.47,41.449999999999996,4.034489,161.3589974,168,06568-1-01,30 a 44,Hombres,Quintil bajo,Norte,Jovenes trabajadores,Movilidad mixta,101.78,0,101.78,59.5789974,168,62.21,98.22002486,349.20558555
3648,60.74,26.53,16.62,64.10999999999999,3.439414,113.67001456,168,06572-1-01,60 o mas,Hombres,Quintil bajo,Norte,Trabajadores rutinarios,Movilidad mixta,54.76,0,54.76,58.91001456000001,168,43.150000000000006,95.23999180000001,243.65070590000008
3655,59.74,43.85,5.47,58.94,2.902928,100.19254537052728,168,06589-1-02,18 a 29,Hombres,Quintil bajo,Centro,Jovenes trabajadores,Movilidad mixta,76.46,24.6883988494727,51.77160115052729,48.42094422,168,49.32,73.22837334947272,216.40078230947273
3656,39.69,42.36,13.3,72.65,3.127815,124.14297735000001,168,06590-1-01,60 o mas,Mujeres,Quintil bajo,Norte,Rutina flexible,Movilidad mixta,0,0,0,124.14297735000001,168,55.66,-1.4210854715202004e-14,174.09418289999996
3669,41.37,40.34,6.31,79.97999999999999,3.007936,97.18828746,168,06607-1-03,18 a 29,Hombres,Quintil medio,Centro,Rutina flexible,Movilidad mixta,31.999999999999996,0,31.999999999999996,65.18828746,168,46.650000000000006,27.250024859999996,167.57023926000002
3676,74.2,35.31,6.11,52.379999999999995,3.002454,144.5771292,168,06615-1-04,18 a 29,Mujeres,Quintil medio,Sur,Trabajadores moviles,Movilidad mixta,118.67000000000002,46.875,71.79500000000002,72.7821292,168,41.42,78.20495760000003,202.56660228000004
3678,106.34,13.65,5.62,42.39,6.871259,398.36969462,168,06619-1-02,30 a 44,Mujeres,Quintil alto,Sur,Cuidadores domesticos,Movilidad mixta,292.68,0,292.68,105.68969462000001,168,19.27,332.31998744,464.72914836999996
3687,90.19,24.34,8.36,45.11,2.006734,94.52730779,168,06635-1-01,18 a 29,Hombres,Quintil bajo,Norte,Trabajadores moviles,Movilidad mixta,76.03999999999999,0,76.03999999999999,18.48730779,168,32.7,86.46003166999999,152.08023347
3690,71.62,29.97,10.12,56.29,3.94619,178.50611082,168,06638-1-02,45 a 59,Mujeres,Quintil bajo,Centro,Cuidadores domesticos,Movilidad mixta,95.88,0,95.88,82.62611082000001,168,40.089999999999996,104.12001698,262.32277408000004
3692,62.56,55.58,12.45,37.41,2.883924,132.14827128,168,06640-1-01,45 a 59,Mujeres,Quintil bajo,Norte,Jovenes trabajadores,Movilidad mixta,76.73,0,76.73,55.41827127999999,168,68.03,48.27001416000002,244.46336388
3707,48.65,38.08,12.86,68.41,4.674352,178.39721360000001,168,06661-1-01,45 a 59,Hombres,Quintil bajo,Centro,Trabajadores rutinarios,Movilidad mixta,150.99,0,150.99,27.407213600000002,168,50.94,49.01001119999998,287.12150208
3709,62.88,23.01,10.36,71.75,5.118088,236.0153536,168,06665-1-01,30 a 44,Hombres,Quintil bajo,Centro,Trabajadores rutinarios,Movilidad mixta,164.19,0,164.19,71.8253536,168,33.370000000000005,85.81001984000002,256.60061640000004
3717,50.58,68.11,6.62,42.690000000000005,1.389383,35.41500028,168,06671-1-03,18 a 29,Hombres,Quintil bajo,Centro,Jovenes trabajadores,Movilidad mixta,27.64,0,27.64,7.77500028,168,74.73,34.859991859999994,138.68858345
3718,46.14,37.04,12.9,71.91999999999999,2.872962,38.738466439999996,168,06675-1-01,30 a 44,Hombres,Quintil medio,Norte,Trabajadores rutinarios,Movilidad mixta,56.18,30,26.18,12.55846644,168,49.94,93.82000023999998,237.29572252
3726,77.11,27.51,7.14,56.239999999999995,3.075464,191.30446034990422,168,06689-1-01,60 o mas,Mujeres,Quintil bajo,Centro,Cuidadores domesticos,Movilidad mixta,39.55,85.39456869009581,-45.84456869009581,237.14902904000002,168,34.65,45.8445686900958,152.4093962900958
3728,22.83,43.57,20.93,80.67000000000002,3.414459,77.95209897,168,06691-1-02,18 a 29,Mujeres,Quintil bajo,Norte,Rutina flexible,Movilidad mixta,0,0,0,77.95209897,168.00000000000003,64.5,0,220.23260549999992
3732,70.8,27.2,11.04,58.96,2.615691,67.48089280000002,168,06699-1-01,45 a 59,Hombres,Quintil bajo,Norte,Trabajadores moviles,Movilidad mixta,107.29000000000002,75,32.29000000000002,35.19089279999999,168,38.239999999999995,117.71002999999996,217.73405383999997
3733,67.61,43.06,5.71,51.62,4.972778,170.13951922,168,06700-1-02,30 a 44,Mujeres,Quintil alto,Norte,Cuidadores domesticos,Movilidad mixta,83.92999999999999,0,83.92999999999999,86.20951922,168,48.77,166.07000136,408.5923844199999
3736,62.36,66.35,7.56,31.730000000000008,2.69277,55.3727679730612,168,06704-1-01,45 a 59,Hombres,Quintil bajo,Norte,Jovenes trabajadores,Movilidad mixta,58.370000000000005,45.9183673469388,12.451632653061203,42.92113532,168,73.91,112.5483692269388,311.5709999269387
3739,65.97,25.76,18.42,57.849999999999994,3.045218,200.89303146,168,06707-1-01,30 a 44,Mujeres,Quintil bajo,Sur,Cuidadores domesticos,Movilidad mixta,0,0,0,200.89303146,168,44.18000000000001,0,134.53773124000006
3747,87.45,33.33,7.5,39.72,3.22867,285.32718430000006,168,06718-1-02,45 a 59,Hombres,Quintil bajo,Centro,Cuidadores domesticos,Movilidad mixta,17.98,0,17.98,267.34718430000004,168,40.83,-2.9799928000000477,128.84660329999997
3749,65.46,34.55,6.61,61.38000000000001,8.091508,242.6215479914286,168,06723-1-01,45 a 59,Mujeres,Quintil alto,Centro,Trabajadores rutinarios,Movilidad mixta,259.38,96.4285714285714,162.9514285714286,79.67011942,168,41.16,287.0485656885713,620.0950349685713
3751,61.3,18.45,12.36,75.89,8.569861,288.812444,168,06727-1-01,45 a 59,Hombres,Quintil alto,Norte,Trabajadores rutinarios,Movilidad mixta,238.48000000000002,0,238.48000000000002,50.332444,168,30.81,236.5200352999999,500.5574527099999
3752,60.75,43.28,6.32,57.65,4.654805,166.1094375,168,06730-1-02,30 a 44,Mujeres,Quintil medio,Sur,Jovenes trabajadores,Movilidad mixta,133.33,0,133.33,32.7794375,168,49.6,116.66996624999996,347.5482942499999
3753,60.2,17.12,14.75,75.92999999999999,4.137412,116.67218159999999,168,06737-1-02,60 o mas,Hombres,Quintil bajo,Centro,Trabajadores moviles,Movilidad mixta,67.6,0,67.6,49.07218159999999,168,31.87,132.40002080000005,264.2593412400001
3761,67.12,19.22,6.75,74.91,2.767994,157.39777392,168,06749-2-01,45 a 59,Hombres,Quintil bajo,Centro,Trabajadores rutinarios,Movilidad mixta,71.60999999999999,0,71.60999999999999,85.78777392,168,25.97,28.389983360000002,100.27478754
3770,83.14,19.88,14.29,50.690000000000005,3.032005,144.3539956230769,168,06761-1-02,18 a 29,Hombres,Quintil bajo,Centro,Trabajadores moviles,Movilidad mixta,115.35000000000001,23.0769230769231,92.2730769230769,52.0809187,168,34.17,107.72690007692307,211.33051092692307
3788,5.32,32.87,7.76,122.05,3.160782,16.81536024,168,06785-1-04,18 a 29,Hombres,Quintil bajo,Centro,Rutina flexible,Movilidad mixta,0,0,0,16.81536024,168,40.629999999999995,0,128.42257266000001
3803,66.48,25.55,10.74,65.23,2.504153,117.38607496,168,06808-1-03,45 a 59,Mujeres,Quintil bajo,Sur,Trabajadores rutinarios,Movilidad mixta,53.41,0,53.41,63.97607496,168,36.29,49.09001648,139.96572884999998
3805,60.27,39.3,8.96,59.46999999999999,3.098951,115.78375518000001,168,06812-1-01,45 a 59,Hombres,Quintil bajo,Sur,Trabajadores moviles,Movilidad mixta,66.51,0,66.51,49.27375518,168,48.26,70.99002159,220.54539684999997
3807,74.66,19.06,10.76,63.52,2.839011,143.76057577999998,168,06817-1-01,60 o mas,Hombres,Quintil bajo,Centro,Cuidadores domesticos,Movilidad mixta,44.300000000000004,0,44.300000000000004,99.460575779999985,168,29.82,68.19998548000001,152.8592935
3810,80.8,27.32,3.97,55.910000000000004,4.169835,222.4826498,168,06825-1-02,45 a 59,Mujeres,Quintil alto,Norte,Cuidadores domesticos,Movilidad mixta,110.56,0,110.56,111.92264979999999,168,31.29,114.4400182,244.91415535000004
3834,57.4,15.03,8.92,86.64999999999999,2.446888,44.56915540779221,168,06865-1-01,30 a 44,Hombres,Quintil medio,Sur,Trabajadores rutinarios,Movilidad mixta,73.16000000000001,57.7922077922078,15.367792207792213,29.201363199999996,168,23.95,95.88221579220777,154.4851833922078
3849,71.21,36.72,9.5,50.57000000000001,6.409446,232.51664639,168,06904-1-02,30 a 44,Hombres,Quintil alto,Centro,Trabajadores moviles,Movilidad mixta,151.1,0,151.1,81.41664639,168,46.22,223.90000326999996,520.14459739
3851,40.62,52.04,11.09,64.25,3.875311,103.96514988,168,06909-1-01,30 a 44,Mujeres,Quintil bajo,Norte,Jovenes trabajadores,Movilidad mixta,71.55,0,71.55,32.41514988,168,63.129999999999995,53.44998294,298.09836637
3859,55.76,37.74,9.27,65.23,6.272621,203.3913332,168,06925-1-01,30 a 44,Mujeres,Quintil medio,Sur,Trabajadores rutinarios,Movilidad mixta,153.63,0,153.63,49.7613332,168,47.010000000000005,146.37001375999998,441.24592697
3863,57.77,15.76,14.87,79.59999999999998,2.983245,104.17505859786517,168,06932-1-01,45 a 59,Mujeres,Quintil bajo,Norte,Trabajadores rutinarios,Movilidad mixta,49.01,60.9269662921348,-11.916966292134802,116.09202488999998,168,30.63,68.16700505213485,159.54379940213488
3864,30.18,84.04,10.87,42.90999999999999,4.900853,8.008280235789002,168,06936-1-01,30 a 44,Hombres,Quintil medio,Norte,Jovenes trabajadores,Movilidad mixta,75.89,115.789473684211,-39.899473684211,47.907753920000005,168,94.91000000000001,139.899463304211,605.039421534211
3870,63.35,19.58,11.03,74.04,8.822618,251.5028218,168,06952-1-02,45 a 59,Hombres,Quintil alto,Norte,Trabajadores rutinarios,Movilidad mixta,192.59,0,192.59,58.91282179999999,168,30.61,307.41002850000007,577.4703654799999
3872,42.52,58.61,7.02,59.849999999999994,3.237251,109.14648462857144,168,06961-1-01,30 a 44,Mujeres,Quintil bajo,Sur,Rutina flexible,Movilidad mixta,50.07,9.82142857142857,40.24857142857143,68.89791320000002,168,65.63,28.501427891428563,240.96221102142857
3874,55.29,25.7,5.84,81.17,4.296579,126.98785455000001,168,06963-1-01,18 a 29,Mujeres,Quintil alto,Norte,Jovenes trabajadores,Movilidad mixta,76.93,0,76.93,50.057854549999995,168,31.54,110.56999836,246.08410002
3875,53.13,32.51,18.38,63.98000000000002,14.443135,325.09375211,168,06963-1-02,30 a 44,Hombres,Quintil alto,Norte,Trabajadores rutinarios,Movilidad mixta,307.73,0,307.73,17.36375211,168,50.89,442.27001044,1177.2811505899997
3881,64.4,40.3,9.4,53.9,2.613598,58.5299609142857,168,06970-1-03,45 a 59,Mujeres,Quintil alto,Centro,Trabajadores rutinarios,Movilidad mixta,73.25,58.0357142857143,15.214285714285701,43.3156752,168,49.699999999999996,109.7857502857143,239.68157088571428
3885,73.72,27.93,5.86,60.489999999999995,2.58622,126.7561356,168,06971-1-02,30 a 44,Mujeres,Quintil bajo,Norte,Trabajadores moviles,Movilidad mixta,48.599999999999994,0,48.599999999999994,78.1561356,168,33.79,63.90000280000001,151.2883766
3893,75.99,23.24,7.24,61.53000000000001,2.756181,160.2521913,168,06984-1-02,18 a 29,Mujeres,Quintil bajo,Sur,Cuidadores domesticos,Movilidad mixta,75.80999999999999,0,75.80999999999999,84.44219129999999,168,30.479999999999997,49.19000289000002,133.19839977000004
3896,87.91,21.07,4.53,54.49,2.363296,166.19729785,168,06993-1-01,45 a 59,Hombres,Quintil bajo,Norte,Cuidadores domesticos,Movilidad mixta,38.440000000000005,0,38.440000000000005,127.75729785,168,25.6,41.56005350999999,102.06043111
3897,25.82,49.83,7.01,85.34,3.276883,84.60911906000001,168,06994-1-03,18 a 29,Hombres,Quintil medio,Centro,Rutina flexible,Movilidad mixta,0,0,0,84.60911906000001,168,56.839999999999996,0,186.25802971999997
3905,82.97,21.74,8.87,54.42000000000001,2.744572,167.41713799000001,168,07011-1-01,60 o mas,Mujeres,Quintil bajo,Sur,Cuidadores domesticos,Movilidad mixta,49.7,0,49.7,117.71713799000003,168,30.61,60.300000849999975,144.31134976999994
3915,54.68,52.88,12.06,48.37999999999999,5.061754,162.7057486144379,168,07025-1-01,30 a 44,Mujeres,Quintil medio,Sur,Jovenes trabajadores,Movilidad mixta,159.79000000000002,26.3609467455621,133.42905325443792,29.27669536,168,64.94,114.07096010556208,442.7812648655621
3918,27.4,78.17,5.76,56.669999999999995,3.090576,84.68178239999999,168,07029-1-02,45 a 59,Mujeres,Quintil bajo,Centro,Rutina flexible,Movilidad mixta,0,0,0,84.68178239999999,168,83.93,0,259.3920436800001
3920,6.26,35.58,5.84,120.32000000000001,3.355376,21.00465376,168,07032-1-02,18 a 29,Mujeres,Quintil bajo,Centro,Rutina flexible,Movilidad mixta,0,0,0,21.00465376,168,41.42,0,138.97967391999998
3921,55.36,22.81,8.46,81.37,2.695616,160.79929952,168,07034-1-01,60 o mas,Mujeres,Quintil bajo,Sur,Trabajadores rutinarios,Movilidad mixta,55.07,0,55.07,105.72929952,168,31.27,-11.569997760000007,72.72191455999996
3930,86.95,14.06,10,56.989999999999995,1.835786,16.247797416233794,168,07051-1-02,18 a 29,Hombres,Quintil bajo,Norte,Trabajadores moviles,Movilidad mixta,72.86,66.2337662337662,6.626233766233796,9.62156365,168,24.060000000000002,143.3737952837662,187.5428064437662
3931,59.39,34.71,4.8,69.10000000000001,2.888451,75.23509009000001,168,07054-1-01,45 a 59,Hombres,Quintil bajo,Centro,Cuidadores domesticos,Movilidad mixta,78.69000000000001,62.5,16.190000000000012,59.04509009,168,39.51,96.31001479999999,210.43271380999994
3937,79.1,33.99,5,49.910000000000004,2.678726,176.3127758555556,168,07059-1-02,18 a 29,Mujeres,Quintil bajo,Sur,Cuidadores domesticos,Movilidad mixta,98.87,14.4444444444444,84.4255555555556,91.8872203,168,38.99,35.57445074444439,140.0179774844444
3946,53.91,45.72,8.25,60.120000000000005,3.158026,35.8152166058491,168,07074-1-02,45 a 59,Hombres,Quintil bajo,Norte,Trabajadores moviles,Movilidad mixta,75,59.4339622641509,15.5660377358491,20.24917887,168,53.97,134.43396505415086,304.8726282741509
3947,64.2,33.96,15.1,54.74,3.312938,100.96314519148939,168,07077-1-04,30 a 44,Hombres,Quintil medio,Centro,Trabajadores moviles,Movilidad mixta,104.22999999999999,65.9574468085106,38.27255319148939,62.690591999999995,168,49.06,111.72747440851063,274.2602126885106
3953,63.95,28.19,15.99,59.87,4.09051,149.3481347,168,07091-1-01,30 a 44,Hombres,Quintil bajo,Centro,Trabajadores rutinarios,Movilidad mixta,100.26,0,100.26,49.088134700000005,168,44.18,112.23997980000001,292.9587116
3965,38.48,45.13,13.91,70.48000000000002,3.007302,115.72098095999999,168,07115-1-02,45 a 59,Mujeres,Quintil bajo,Centro,Rutina flexible,Movilidad mixta,0,0,0,115.72098095999999,168,59.040000000000006,0,177.55111007999997
3966,30.19,30.95,15.88,90.98,3.052805,3.5741829499999938,168,07117-1-01,60 o mas,Mujeres,Quintil bajo,Centro,Rutina flexible,Movilidad mixta,50.16,138.75,-88.59,92.16418295,168,46.83,88.59000000000002,231.55285815000002
3967,32.8,49.61,9.38,76.21,3.057616,92.5397984,168,07119-1-01,30 a 44,Mujeres,Quintil bajo,Norte,Rutina flexible,Movilidad mixta,12.25,0,12.25,80.2897984,168,58.99,7.7500063999999895,188.11877424
3971,50.87,39.24,6.09,71.79999999999998,2.73716,102.96934177,168,07135-1-02,45 a 59,Mujeres,Quintil bajo,Centro,Rutina flexible,Movilidad mixta,38.73,0,38.73,64.23934177000001,168,45.33,36.269987429999986,160.34545023
3974,61.97,32.39,23.53,50.11,3.697936,103.72118201625992,168,07138-1-01,18 a 29,Hombres,Quintil bajo,Centro,Trabajadores moviles,Movilidad mixta,86.08,33.2699210337401,52.8100789662599,50.91110305000001,168,55.92,125.43991190374007,332.22849302374004
3975,60.04,48.63,9.09,50.24000000000001,5.738535,232.44161763999998,168,07140-1-01,30 a 44,Hombres,Quintil medio,Centro,Trabajadores moviles,Movilidad mixta,137.89999999999998,0,137.89999999999998,94.54161764,168,57.72,112.10002376000003,443.32826395999996
3977,37.95,42.32,6.71,81.02000000000002,5.86785,98.56353538906099,168,07141-1-03,30 a 44,Mujeres,Quintil medio,Centro,Rutina flexible,Movilidad mixta,105.21999999999998,114.341351660939,-9.121351660939013,107.68488705,168.00000000000003,49.03,124.12137211093902,411.8220576109389
3989,41.33,18.59,6.92,101.16,1.530522,19.4734098969231,168,07167-1-01,60 o mas,Mujeres,Quintil bajo,Norte,Cuidadores domesticos,Movilidad mixta,25.64,44.4230769230769,-18.783076923076898,38.25648682,168,25.509999999999998,43.783064363076896,82.8266805830769
3990,75.64,32.97,8.54,50.85,1.396596,91.4488363475862,168,07169-1-03,30 a 44,Mujeres,Quintil bajo,Centro,Cuidadores domesticos,Movilidad mixta,19,20.6896551724138,-1.6896551724138007,93.13849152,168,41.51,14.189685092413796,72.16238505241381
3991,89.82,17.29,8.29,52.60000000000001,3.39193,195.98318858000002,168,07171-1-02,45 a 59,Mujeres,Quintil medio,Sur,Trabajadores rutinarios,Movilidad mixta,141.32000000000002,0,141.32000000000002,54.663188579999996,168,25.58,108.67996401999997,195.44553341999992
3992,12.54,56.06,5.79,93.61,3.74182,40.40242422,168,07171-1-04,18 a 29,Mujeres,Quintil medio,Sur,Rutina flexible,Movilidad mixta,8.48,0,8.48,31.92242422,168,61.85,6.519998579999999,237.95156558000002
4000,63.01,34.53,3.52,66.94000000000001,3.521211,127.63887319434785,168,07190-1-01,45 a 59,Mujeres,Quintil medio,Norte,Trabajadores rutinarios,Movilidad mixta,65.55000000000001,9.78260869565217,55.76739130434784,71.87148189000001,168,38.050000000000004,94.23263191565214,228.2147104656521
4001,44.19,55.6,5.25,62.96000000000001,4.254471,78.06203774173909,168,07190-1-02,18 a 29,Mujeres,Quintil medio,Norte,Jovenes trabajadores,Movilidad mixta,76.47,11.4130434782609,65.0569565217391,13.005081220000001,168,60.85,109.94303574826088,368.82759609826087
4014,91.33,14.47,6.45,55.75,2.730848,131.6783136,168,07210-1-02,30 a 44,Hombres,Quintil bajo,Norte,Trabajadores moviles,Movilidad mixta,107.27,0,107.27,24.4083136,168,20.92,117.73003423999998,174.8593744
4017,64.76,30.46,11.97,60.81,7.531754,281.43637492,168,07221-1-01,30 a 44,Mujeres,Quintil medio,Sur,Cuidadores domesticos,Movilidad mixta,268.68,125,143.68,137.75637491999998,168,42.43,206.32001412000005,525.8923363399999
4018,68.39,38.78,14.36,46.47,2.608509,64.86778223190498,168,07222-1-01,60 o mas,Mujeres,Quintil bajo,Centro,Cuidadores domesticos,Movilidad mixta,81.71000000000001,170.238095238095,-88.528095238095,153.39587747,168,53.14,113.52814827809505,252.14431653809504
4019,67.89,45.76,7.9,46.45,2.539055,120.95644036000002,168,07225-1-03,18 a 29,Mujeres,Quintil bajo,Centro,Trabajadores moviles,Movilidad mixta,48.580000000000005,0,48.580000000000005,72.37644036,168,53.66,51.420003589999965,187.66569488999997
4020,52.12,36.3,9.18,70.4,2.245568,117.03902688000001,168,07228-1-01,30 a 44,Mujeres,Quintil bajo,Centro,Cuidadores domesticos,Movilidad mixta,0,0,0,117.03902688000001,168,45.48,-2.272000001823926e-5,102.12840991999998
4023,57.85,30.64,12.72,66.79,7.672375,65.91131459444503,168,07241-1-01,45 a 59,Hombres,Quintil alto,Sur,Trabajadores rutinarios,Movilidad mixta,297.62,275.555555555555,22.06444444444503,43.84687015,168,43.36,377.93557915555493,710.6097591555549
4034,52.96,35.81,9.5,69.72999999999999,4.548343,125.64560509538461,168,07266-1-01,45 a 59,Mujeres,Quintil bajo,Norte,Trabajadores rutinarios,Movilidad mixta,100.15,15.3846153846154,84.7653846153846,40.88022048,168,45.31,115.23464018461539,321.3200615146154
4039,53.91,62.74,2.52,48.83,3.076613,57.7123865419512,168,07272-1-03,18 a 29,Hombres,Quintil alto,Centro,Jovenes trabajadores,Movilidad mixta,109.84,80.4878048780488,29.352195121951198,28.36019142,168,65.26,108.14782028804879,308.9275846680488
4053,41.98,60.2,9.27,56.55000000000001,6.569772,167.12901774000002,168,07300-1-02,45 a 59,Hombres,Quintil medio,Sur,Jovenes trabajadores,Movilidad mixta,128.83,0,128.83,38.299017740000004,168,69.47,108.67001081999999,565.07207166
4056,50.07,39.63,8.53,69.77000000000001,3.029228,125.23773167428567,168,07307-1-02,60 o mas,Mujeres,Quintil medio,Centro,Cuidadores domesticos,Movilidad mixta,37.849999999999994,64.2857142857143,-26.43571428571431,151.67344595999998,168,48.160000000000004,26.43571428571431,172.32333476571426
4061,62.78,25.61,9.62,69.99,3.137999,195.63359062,168,07330-1-01,30 a 44,Mujeres,Quintil bajo,Centro,Cuidadores domesticos,Movilidad mixta,91.13,0,91.13,104.50359062,168,35.23,1.3699866000000043,111.92169137000002
4066,58.03,38.78,4.74,66.45,2.515933,92.58959061,168,07334-1-04,30 a 44,Mujeres,Quintil bajo,Norte,Jovenes trabajadores,Movilidad mixta,61.589999999999996,0,61.589999999999996,30.999590610000002,168,43.52,53.41000138,162.90340554
4067,63.93,20.39,9.43,74.25,2.322849,90.51974522,168,07335-1-01,60 o mas,Hombres,Quintil bajo,Sur,Trabajadores rutinarios,Movilidad mixta,42.02,0,42.02,48.49974522,168,29.82,57.979991350000006,127.24734853000001
4069,75.37,30.97,6.48,55.17999999999999,1.150365,90.81301067,168,07337-1-01,30 a 44,Hombres,Quintil bajo,Norte,Trabajadores rutinarios,Movilidad mixta,86.61,0,86.61,4.20301067,168,37.45,-4.11000061999998,38.97116863000001
4076,95.22,17.65,8.43,46.7,3.554834,187.03129833999998,168,07353-1-01,45 a 59,Hombres,Quintil bajo,Centro,Trabajadores rutinarios,Movilidad mixta,148.54,0,148.54,38.49129834,168,26.08,151.45999514000005,244.17006586000002
4079,63.25,40.4,10.76,53.589999999999996,4.491674,184.14837500000002,168,07356-1-01,45 a 59,Hombres,Quintil bajo,Centro,Cuidadores domesticos,Movilidad mixta,112.55000000000001,0,112.55000000000001,71.598375,168,51.16,99.95000549999995,329.74404733999995
4085,57.05,51.53,6.06,53.36,3.789485,111.69011995,168,07362-1-04,18 a 29,Hombres,Quintil medio,Centro,Trabajadores moviles,Movilidad mixta,83,0,83,28.690119950000003,168,57.59,104.49999929999998,322.73644045000003
4091,66.42,25.57,19.06,56.94999999999999,2.985546,64.35996531999999,168,07373-1-01,60 o mas,Mujeres,Quintil bajo,Sur,Cuidadores domesticos,Movilidad mixta,79.81000000000002,213.75,-133.94,198.29996531999998,168,44.629999999999995,133.94,267.18491798
4092,52.36,49.11,6.65,59.88,3.640079,117.09455379999999,168,07375-1-01,30 a 44,Hombres,Quintil bajo,Norte,Trabajadores moviles,Movilidad mixta,83.99999999999999,0,83.99999999999999,33.0945538,168,55.76,73.49998264000003,276.47078768000006
4100,42.73,63,3.94,58.33000000000001,1.846144,76.86573503999999,168,07390-1-01,30 a 44,Hombres,Quintil bajo,Centro,Jovenes trabajadores,Movilidad mixta,67.97999999999999,0,67.97999999999999,8.88573504,168,66.94,2.0199980800000077,125.60087743999999
4115,68.01,23.09,10.23,66.66999999999999,3.258894,188.82404245666666,168,07421-1-02,45 a 59,Mujeres,Quintil bajo,Centro,Cuidadores domesticos,Movilidad mixta,25.52,33.3333333333333,-7.813333333333301,196.63737578999996,168,33.32,32.81333848333338,141.3996865633334
4116,51.33,52.25,5.11,59.31,2.206085,65.18834190999999,168,07422-1-04,18 a 29,Hombres,Quintil medio,Centro,Trabajadores moviles,Movilidad mixta,45.699999999999996,0,45.699999999999996,19.488341910000003,168,57.36,48.05000113999999,174.59103674
4117,66.24,33.91,13.6,54.25000000000001,10.851796,353.52295999999996,168,07423-1-02,30 a 44,Mujeres,Quintil alto,Centro,Trabajadores moviles,Movilidad mixta,334.69999999999993,0,334.69999999999993,18.822960000000002,168,47.51,365.30000704,880.868835
4134,32.11,34.64,10.12,91.12999999999998,3.082751,98.98713461,168,07451-1-03,45 a 59,Mujeres,Quintil bajo,Centro,Rutina flexible,Movilidad mixta,0,0,0,98.98713461,168,44.76,0,137.98393476000007
4150,67.5,31.67,8.03,60.8,2.631461,150.653635,168,07482-1-01,30 a 44,Mujeres,Quintil bajo,Norte,Cuidadores domesticos,Movilidad mixta,63.03,0,63.03,87.623635,168,39.7,26.969982499999986,131.4389842
4154,85.98,15.68,7.84,58.5,4.14654,100.4194668,168,07493-1-01,60 o mas,Hombres,Quintil alto,Norte,Trabajadores rutinarios,Movilidad mixta,93.89999999999999,0,93.89999999999999,6.5194668,168,23.52,256.1000424,353.6266632
4166,53.67,18.77,4.38,91.18,1.587377,92.57455831000001,168,07524-1-01,30 a 44,Mujeres,Quintil bajo,Norte,Trabajadores rutinarios,Movilidad mixta,39.13,0,39.13,53.444558310000005,168,23.15,-7.380034720000012,29.367742829999983
4168,58.84,22.91,15.66,70.59,3.998929,61.597002039999985,168,07527-1-01,60 o mas,Hombres,Quintil bajo,Norte,Trabajadores rutinarios,Movilidad mixta,138.79999999999998,112.5,26.299999999999983,35.29700204,168,38.57,173.69998032000004,327.93867185
4171,51.54,38.92,7.97,69.57000000000001,3.193467,163.78130354,168,07529-1-01,45 a 59,Mujeres,Quintil bajo,Centro,Cuidadores domesticos,Movilidad mixta,79.19,30,49.19,114.59130354,168,46.89,0.8099856399999794,150.55165326999997
4172,61.09,32.9,8.99,65.02,3.406701,133.13535432,168,07531-1-01,45 a 59,Hombres,Quintil medio,Centro,Trabajadores moviles,Movilidad mixta,61.77,0,61.77,71.36535432,168,41.89,74.98000977000001,217.68671465999998
4173,70.6,35.5,4.72,57.18000000000001,3.536082,167.39737000000002,168,07531-1-02,45 a 59,Mujeres,Quintil medio,Centro,Cuidadores domesticos,Movilidad mixta,67.75,0,67.75,99.64737000000001,168,40.22,82.25001919999994,224.47123723999994
4177,32.96,40.59,7.67,86.77999999999999,3.048131,100.46639776,168,07534-1-01,45 a 59,Mujeres,Quintil bajo,Sur,Rutina flexible,Movilidad mixta,0,0,0,100.46639776,168,48.260000000000005,0,147.10280206000004
4182,45.91,56.33,6.03,59.730000000000004,0.633937,29.104034849999998,168,07541-1-04,18 a 29,Mujeres,Quintil medio,Sur,Jovenes trabajadores,Movilidad mixta,0,0,0,29.104034849999998,168,62.36,1.2819999998470166e-5,39.53232413999999
4187,46.92,47.41,16.04,57.63,3.032001,54.60148692000001,168,07551-1-01,60 o mas,Mujeres,Quintil medio,Norte,Cuidadores domesticos,Movilidad mixta,62.339999999999996,150,-87.66,142.26148692,168,63.449999999999996,87.66,280.04046345
4189,13.97,23.98,11.01,119.04,3.132582,43.76217054000001,168,07558-1-01,18 a 29,Mujeres,Quintil bajo,Sur,Trabajadores moviles,Movilidad mixta,0,0,0,43.76217054000001,168,34.99,0,109.60904417999998
4203,8.77,52.79,6.71,99.73,2.90651,25.490092699999998,168,07580-1-03,18 a 29,Mujeres,Quintil bajo,Centro,Rutina flexible,Movilidad mixta,0,0,0,25.490092699999998,168,59.5,0,172.937345
4206,58.57,44.68,19.48,45.269999999999996,2.637091,80.61225535131038,168,07587-1-03,18 a 29,Hombres,Quintil medio,Norte,Trabajadores moviles,Movilidad mixta,43.78,5.12215435868962,38.65784564131038,41.95440971,168,64.16,73.8421645186896,243.0379230786896
4222,57.54,41.32,8.65,60.490000000000016,6.114874,206.37983614,168,07618-1-01,30 a 44,Hombres,Quintil alto,Centro,Cuidadores domesticos,Movilidad mixta,154.53,0,154.53,51.849836139999994,168.00000000000003,49.97,145.47001382000002,451.03026759999995
4225,76.35,29.74,6.7,55.21000000000001,2.623953,142.13884135,168,07620-1-02,45 a 59,Mujeres,Quintil bajo,Centro,Cuidadores domesticos,Movilidad mixta,41.8,0,41.8,100.33884135,168,36.44,58.199970199999996,153.81681751999997
4235,82.69,26.04,8.65,50.620000000000005,2.563074,125.2239046033333,168,07640-1-01,45 a 59,Mujeres,Quintil bajo,Sur,Cuidadores domesticos,Movilidad mixta,79.95,66.6666666666667,13.283333333333303,111.94057126999999,168,34.69,86.71668445666668,175.62972151666665
4236,62.11,45.74,9,51.15,2.254661,128.77699073,168,07643-1-02,18 a 29,Hombres,Quintil bajo,Centro,Trabajadores moviles,Movilidad mixta,76.24,0,76.24,52.53699072999999,168,54.74,11.260003979999993,134.68014712
4245,45.9,40.26,6.58,75.26,2.898975,59.276395821519,168,07654-1-01,45 a 59,Mujeres,Quintil bajo,Centro,Trabajadores rutinarios,Movilidad mixta,77.09,65.126582278481,11.963417721519008,47.312978099999995,168,46.839999999999996,73.78655667848099,209.57454567848097
4246,59.08,29.64,14.45,64.83,3.039828,79.52882565651379,168,07655-1-02,60 o mas,Mujeres,Quintil bajo,Centro,Trabajadores rutinarios,Movilidad mixta,74.5,52.0642201834862,22.4357798165138,57.093045839999995,168,44.09,100.06421258348621,234.0902291034862
4249,75.69,33.86,6.16,52.290000000000006,1.878235,84.41357827,168,07658-1-01,45 a 59,Hombres,Quintil bajo,Centro,Trabajadores moviles,Movilidad mixta,42.25,0,42.25,42.16357827,168,40.019999999999996,57.75002887999999,132.91699358
4254,92.68,35.22,4.92,35.17999999999999,1.703827,90.98066152000001,168,07669-1-01,45 a 59,Mujeres,Quintil bajo,Norte,Trabajadores moviles,Movilidad mixta,63.07000000000001,0,63.07000000000001,27.91066152,168,40.14,66.93002483999999,135.32164061999998
4260,88.98,13.01,10.99,55.01999999999999,3.257648,163.55551911999999,168,07679-1-01,45 a 59,Hombres,Quintil bajo,Norte,Trabajadores moviles,Movilidad mixta,148.69,0,148.69,14.86551912,168,24,126.30999992000005,204.49355192000007
4269,51.53,44.93,8.42,63.11999999999999,4.516786,183.10995860000003,168,07696-1-01,45 a 59,Mujeres,Quintil bajo,Norte,Cuidadores domesticos,Movilidad mixta,50.36000000000001,0,50.36000000000001,132.7499586,168,53.35,49.64002397999997,290.61055708
4274,53.75,48.73,9.9,55.62000000000001,3.375009,69.54673125,168,07706-1-01,18 a 29,Hombres,Quintil bajo,Norte,Trabajadores moviles,Movilidad mixta,128.14,70,58.139999999999986,11.40673125,168,58.629999999999995,111.86000250000001,309.73678017
4275,44.32,44.58,11.14,67.96000000000001,3.198328,113.78989695999996,168,07706-1-02,60 o mas,Mujeres,Quintil bajo,Norte,Cuidadores domesticos,Movilidad mixta,32.04,60,-27.96,141.74989695999997,168,55.72,27.960000000000036,206.17083616000002
4276,64.86,39.19,10.24,53.71,3.632887,155.84902506,168,07709-1-01,45 a 59,Hombres,Quintil bajo,Centro,Cuidadores domesticos,Movilidad mixta,95.22000000000001,0,95.22000000000001,60.62902506,168,49.43,79.78002576,259.35363017
4284,77.75,34.83,4.15,51.27,3.549316,195.5692765,168,07724-1-01,45 a 59,Mujeres,Quintil bajo,Centro,Cuidadores domesticos,Movilidad mixta,119.60999999999999,25,94.60999999999999,100.9592765,168,38.98,80.39004249999999,218.74238018
4289,53.74,39.23,6.33,68.7,6.811868,180.99976684,168,07742-1-01,18 a 29,Mujeres,Quintil alto,Norte,Trabajadores rutinarios,Movilidad mixta,139.93,0,139.93,41.06976684,168,45.559999999999995,185.07001947999998,495.41872556
4290,54.94,37.22,4.89,70.95,11.484444,289.27533686000004,168,07742-1-02,18 a 29,Mujeres,Quintil alto,Norte,Trabajadores moviles,Movilidad mixta,258.32000000000005,0,258.32000000000005,30.955336859999996,168,42.11,341.68001649999997,825.2899533399999
4294,71.65,30.67,4.22,61.459999999999994,3.098129,219.23096560000002,168,07744-1-02,30 a 44,Mujeres,Quintil bajo,Centro,Cuidadores domesticos,Movilidad mixta,4.75,0,4.75,214.48096560000002,168,34.89,2.7499772500000006,110.84369806000004
4295,35.17,51.63,12.61,68.58999999999999,6.134874,123.18353163,168,07750-1-01,45 a 59,Mujeres,Quintil bajo,Centro,Jovenes trabajadores,Movilidad mixta,107.42,0,107.42,15.76353163,168,64.24000000000001,92.57998695,486.6842927100001
4300,21.08,52.76,16.06,78.10000000000002,3.14095,66.211226,168,07760-1-01,45 a 59,Hombres,Quintil bajo,Sur,Rutina flexible,Movilidad mixta,0,0,0,66.211226,168.00000000000003,68.82,0,216.1601789999999
4309,57.77,37.5,9.27,63.459999999999994,2.456198,86.05457229000001,168,07783-1-01,45 a 59,Mujeres,Quintil bajo,Sur,Trabajadores rutinarios,Movilidad mixta,47.160000000000004,0,47.160000000000004,38.89457229,168,46.769999999999996,55.83998617,170.71636663000004
4312,25.64,52.25,22.57,67.54000000000002,3.449239,88.43848796,168,07785-1-01,60 o mas,Hombres,Quintil bajo,Sur,Rutina flexible,Movilidad mixta,0,0,0,88.43848796,168.00000000000003,74.82,0,258.07206197999994
4316,58.43,33.82,10.51,65.24,9.67011,296.58451575999993,168,07794-1-01,30 a 44,Hombres,Quintil medio,Sur,Trabajadores moviles,Movilidad mixta,256.55999999999995,0,256.55999999999995,40.02451576,168,44.33,268.44001154,697.11598784
4321,40.57,61.59,6.32,59.52,3.117581,126.48026116999999,168,07807-1-02,30 a 44,Mujeres,Quintil bajo,Norte,Rutina flexible,Movilidad mixta,0,0,0,126.48026116999999,168,67.91,0,211.71492570999993
4324,66.21,22.45,9.44,69.9,2.37696,130.76850814000002,168,07815-1-02,30 a 44,Hombres,Quintil bajo,Sur,Trabajadores rutinarios,Movilidad mixta,73.39000000000001,0,73.39000000000001,57.37850814,168,31.89,26.610013459999948,102.41126785999995
4325,63.04,46.5,10.12,48.34000000000001,2.935326,131.09294463999998,168,07822-1-01,30 a 44,Mujeres,Quintil bajo,Centro,Jovenes trabajadores,Movilidad mixta,71.05,0,71.05,60.04294464,168,56.62,53.95000640000001,220.14816451999997
4342,71.12,39.47,11.19,46.22,3.099721,179.90546869333332,168,07856-2-01,30 a 44,Mujeres,Quintil bajo,Norte,Cuidadores domesticos,Movilidad mixta,101.12,16.6666666666667,84.4533333333333,95.45213536,168,50.66,40.546688826666696,197.57855468666668
4343,50.46,30.66,12.77,74.11,3.135028,158.19351288000001,168,07857-1-01,60 o mas,Mujeres,Quintil bajo,Norte,Cuidadores domesticos,Movilidad mixta,0,0,0,158.19351288000001,168,43.43,0,136.15426603999998
4345,89.42,11.35,4.72,62.510000000000005,2.914583,212.18201936,168,07858-1-02,30 a 44,Hombres,Quintil bajo,Centro,Cuidadores domesticos,Movilidad mixta,64.06,0,64.06,148.12201936,168,16.07,48.43999249999999,95.27734130999997
4347,50.25,21.09,4.47,92.19,2.97216,187.13101625,168,07865-1-01,30 a 44,Mujeres,Quintil bajo,Centro,Cuidadores domesticos,Movilidad mixta,82.77999999999999,0,82.77999999999999,104.35101625,168,25.56,-37.779976249999976,38.188433350000025
4352,57.84,34.16,11.32,64.68,3.905298,142.41244508,168,07870-1-02,30 a 44,Hombres,Quintil bajo,Centro,Trabajadores moviles,Movilidad mixta,104.03,0,104.03,38.38244508,168,45.48,83.46999124000001,261.08294428
4353,57.66,58.08,6.5,45.760000000000005,4.083204,53.65753387999999,168,07871-1-01,45 a 59,Hombres,Quintil medio,Norte,Jovenes trabajadores,Movilidad mixta,98.21999999999998,85,13.219999999999985,40.437533880000004,168,64.58,181.78000876000002,445.47332308
4355,85.77,24.46,7.59,50.18000000000001,2.04854,131.70329204,168,07877-1-01,45 a 59,Mujeres,Quintil bajo,Norte,Cuidadores domesticos,Movilidad mixta,56,0,56,75.70329204,168,32.05,43.99998375999999,109.65569075999997
4359,58.7,27.66,4.56,77.08,2.401256,40.9966096428572,168,07882-1-02,60 o mas,Mujeres,Quintil medio,Sur,Trabajadores rutinarios,Movilidad mixta,77.9,77.8571428571428,0.042857142857201325,40.9537525,168,32.22,99.9571175571428,177.3255858771428
4360,59.23,31.85,11.45,65.47000000000001,3.252666,105.83542110000002,168,07883-1-01,45 a 59,Hombres,Quintil bajo,Centro,Trabajadores rutinarios,Movilidad mixta,63.18000000000001,0,63.18000000000001,42.655421100000005,168,43.3,86.81998607999998,227.66042387999994
4369,49.48,33.34,10.61,74.57000000000001,4.64076,107.05478096,168,07906-1-01,45 a 59,Hombres,Quintil medio,Centro,Trabajadores moviles,Movilidad mixta,102.43,0,102.43,4.62478096,168,43.95,122.57002383999999,326.53142584
4373,63.61,42.32,5.49,56.58,3.093796,196.79636356,168,07913-1-04,30 a 44,Mujeres,Quintil bajo,Centro,Cuidadores domesticos,Movilidad mixta,0,0,0,196.79636356,168,47.81,0,147.91438676000004
4374,58.18,36.25,4.03,69.53999999999999,5.857561,162.85449610736842,168,07914-1-02,18 a 29,Hombres,Quintil medio,Norte,Trabajadores rutinarios,Movilidad mixta,169.43,47.3684210526316,122.06157894736842,40.79291716,168,40.28,177.93840287263154,413.88095995263166
4378,76.8,23.39,3.76,64.05,1.166003,34.1123733333333,168,07918-1-04,18 a 29,Mujeres,Quintil bajo,Norte,Trabajadores moviles,Movilidad mixta,48.730000000000004,29.1666666666667,19.563333333333304,14.54904,168,27.15,55.43665706666669,87.09363851666669
4388,74.5,16.95,6.56,69.99,1.074982,80.0861535,168,07934-1-02,45 a 59,Mujeres,Quintil bajo,Norte,Trabajadores rutinarios,Movilidad mixta,0,0,0,80.0861535,168,23.509999999999998,5.500000014535544e-6,25.27283232000002
4398,56.34,25.84,13.03,72.78999999999999,4.640567,157.55951561999998,168,07960-1-01,45 a 59,Mujeres,Quintil medio,Centro,Trabajadores rutinarios,Movilidad mixta,121.10999999999999,0,121.10999999999999,36.44951562,168,38.87,103.89002916000001,284.26886845
4405,24.72,29.89,6.98,106.41,3.021565,74.69308679999999,168,07971-1-01,18 a 29,Hombres,Quintil bajo,Sur,Rutina flexible,Movilidad mixta,0,0,0,74.69308679999999,168,36.870000000000005,0,111.40510155
4409,56.31,45.49,2.13,64.07,2.99947,128.67016901,168,07977-1-01,18 a 29,Mujeres,Quintil bajo,Norte,Jovenes trabajadores,Movilidad mixta,79.77,0,79.77,48.900169010000006,168,47.620000000000005,40.229986690000004,183.06474809000002
4412,16.07,34.68,7.32,109.93,3.213368,51.63882376,168,07984-1-01,18 a 29,Hombres,Quintil bajo,Sur,Rutina flexible,Movilidad mixta,0,0,0,51.63882376,168,42,0,134.96145599999997
4414,74.84,15.12,5.88,72.16,3.042862,175.42775103999998,168,07987-1-01,30 a 44,Mujeres,Quintil bajo,Centro,Cuidadores domesticos,Movilidad mixta,130.2,37.5,92.69999999999999,82.72775104,168,21,52.300041040000025,116.20014304000006
4423,65.5,45.58,7.07,49.85,3.083865,201.9931575,168,08005-1-02,45 a 59,Mujeres,Quintil bajo,Norte,Cuidadores domesticos,Movilidad mixta,0,0,0,201.9931575,168,52.65,0,162.36549225
4437,105.01,12.92,4.47,45.599999999999994,4.871344,315.03984474,168,08037-1-01,30 a 44,Mujeres,Quintil medio,Norte,Trabajadores moviles,Movilidad mixta,253.49999999999997,0,253.49999999999997,61.53984473999999,168,17.39,196.49998870000002,281.21266085999997
4441,70.85,19.61,9.92,67.62,2.879796,173.13354945,168,08044-1-02,30 a 44,Mujeres,Quintil bajo,Sur,Trabajadores moviles,Movilidad mixta,49.1,0,49.1,124.03354945,168,29.53,30.89999714999996,115.94037302999996
4442,40.44,43.88,7.41,76.27000000000001,3.090029,124.96077275999998,168,08045-1-04,30 a 44,Mujeres,Quintil bajo,Sur,Rutina flexible,Movilidad mixta,0,0,0,124.96077275999998,168,51.290000000000006,0,158.48758740999995
4445,70.29,39.34,11.82,46.54999999999999,6.458678,296.63044239,168,08053-1-01,45 a 59,Hombres,Quintil alto,Sur,Cuidadores domesticos,Movilidad mixta,217.64999999999998,0,217.64999999999998,78.98044239,168,51.160000000000004,157.35003423000006,487.77600071000006
4447,109.39,11.68,4.88,42.05,3.121505,297.44143001000003,168,08056-1-02,30 a 44,Mujeres,Quintil bajo,Centro,Cuidadores domesticos,Movilidad mixta,55.98,0,55.98,241.46143001000002,168,16.56,44.020001939999986,95.71212473999998
4453,46.09,53.85,11.26,56.800000000000004,10.165299,256.74861207,168,08071-1-01,18 a 29,Hombres,Quintil medio,Centro,Jovenes trabajadores,Movilidad mixta,238.23,0,238.23,18.51861207,168,65.11,211.77001884000003,873.6326367299998
4469,68.02,41.28,6.83,51.870000000000005,10.238608,337.01706227692307,168,08108-1-01,30 a 44,Hombres,Quintil alto,Centro,Cuidadores domesticos,Movilidad mixta,342.51,76.9230769230769,265.5869230769231,71.4301392,168,48.11,359.4130538830768,851.9924847630768
4477,74.22,33.51,7.3,52.970000000000006,2.692987,181.1834979,168,08131-1-02,18 a 29,Mujeres,Quintil bajo,Sur,Cuidadores domesticos,Movilidad mixta,93.81,0,93.81,87.37349789999999,168,40.809999999999995,18.689997239999997,128.59079671000003
4489,86.1,16.9,11.52,53.480000000000004,3.567887,178.0150725,168,08153-1-02,45 a 59,Hombres,Quintil bajo,Norte,Trabajadores moviles,Movilidad mixta,170.82,0,170.82,7.1950725,168,28.419999999999998,129.17999819999997,230.57934673999998
4492,54.21,26.31,12.95,74.52999999999999,5.129979,148.03617336,168,08156-1-02,30 a 44,Hombres,Quintil alto,Centro,Trabajadores rutinarios,Movilidad mixta,119.94,0,119.94,28.096173360000005,168,39.26,130.05998823000002,331.46296377
4495,41.09,37,11.83,78.08,3.239202,133.09881018,168,08165-1-02,30 a 44,Hombres,Quintil bajo,Norte,Rutina flexible,Movilidad mixta,0,0,0,133.09881018,168,48.83,2.842170943040401e-14,158.17023366
4497,55.96,42.97,6.84,62.22999999999999,3.592768,59.02798250666701,168,08167-1-01,45 a 59,Mujeres,Quintil medio,Centro,Jovenes trabajadores,Movilidad mixta,141.31,133.333333333333,7.9766666666670005,51.05131584000001,168,49.81,142.023314773333,320.97908885333305
4501,37.08,17,16.02,97.90000000000002,2.975953,110.34833723999999,168,08176-1-04,45 a 59,Mujeres,Quintil bajo,Norte,Trabajadores rutinarios,Movilidad mixta,0,0,0,110.34833723999999,168,33.019999999999996,0,98.26596805999996
4506,64.14,31.16,7.51,65.19,3.485975,154.18047068,168,08183-1-02,30 a 44,Mujeres,Quintil bajo,Sur,Trabajadores rutinarios,Movilidad mixta,105.59,0,105.59,48.59047068,168,38.67,69.40996581999997,204.21261907
4510,71.77,24.11,10.26,61.86000000000001,2.771116,154.35299838,168,08194-1-01,45 a 59,Mujeres,Quintil bajo,Centro,Trabajadores rutinarios,Movilidad mixta,75.47,0,75.47,78.88299838,168,34.37,44.52999693999999,139.77325385999998
4511,52.28,33.04,4.07,78.61000000000001,2.574857,92.8635096,168,08194-1-02,30 a 44,Mujeres,Quintil bajo,Centro,Trabajadores moviles,Movilidad mixta,70.75,0,70.75,22.1135096,168,37.11,41.75001436000001,137.30295762999998
4512,44.93,52.67,11.2,59.19999999999999,5.341546,96.38135444571431,168,08195-1-04,18 a 29,Mujeres,Quintil alto,Centro,Jovenes trabajadores,Movilidad mixta,107.1,25.7142857142857,81.3857142857143,14.995640160000002,168,63.870000000000005,143.61430733428568,484.7788503542858
4513,25.91,43.05,35.65,63.39000000000001,3.451361,89.42476350999999,168,08198-1-01,60 o mas,Hombres,Quintil bajo,Norte,Rutina flexible,Movilidad mixta,0,0,0,89.42476350999999,168,78.69999999999999,0,271.62211069999995
4518,43.59,46.02,3.15,75.23999999999998,20.328643,53.647513711739016,168,08207-1-03,45 a 59,Hombres,Quintil alto,Centro,Jovenes trabajadores,Movilidad mixta,294.56,252.038043478261,42.521956521739014,11.12555719,168,49.17,832.478034658261,1832.0374109682614
4523,60.82,44.18,6.08,56.92000000000001,5.36364,224.23661067999998,168,08215-1-02,30 a 44,Mujeres,Quintil medio,Sur,Jovenes trabajadores,Movilidad mixta,148.01999999999998,0,148.01999999999998,76.21661068,168,50.26,101.97997412000004,371.55652051999994
4524,78.82,26.3,12.17,50.71000000000001,3.151073,215.63759268,168,08217-1-01,30 a 44,Hombres,Quintil bajo,Centro,Cuidadores domesticos,Movilidad mixta,67.27000000000001,0,67.27000000000001,148.36759268,168,38.47,32.72998117999995,153.95175948999992
4526,64.37,25.59,11.24,66.8,5.578655,195.36804433000003,168,08218-1-01,45 a 59,Hombres,Quintil bajo,Centro,Trabajadores rutinarios,Movilidad mixta,136.27,0,136.27,59.09804433000001,168,36.83,163.72997802000003,369.19184167
4528,70.42,23.88,8.38,65.32000000000001,2.370901,194.8388588,168,08221-1-01,45 a 59,Mujeres,Quintil bajo,Centro,Cuidadores domesticos,Movilidad mixta,52.88,0,52.88,141.9588588,168,32.26,-27.880010379999987,48.60525587999999
4529,56.21,37.83,10.37,63.589999999999996,3.070466,172.59089386,168,08224-1-02,30 a 44,Mujeres,Quintil bajo,Centro,Cuidadores domesticos,Movilidad mixta,0,0,0,172.59089386,168,48.199999999999996,2.842170943040401e-14,147.9964612
4537,78.29,18.24,7.77,63.7,2.931848,229.53433331999997,168,08234-1-02,30 a 44,Mujeres,Quintil bajo,Centro,Cuidadores domesticos,Movilidad mixta,0,0,0,229.53433331999997,168,26.009999999999998,4.6600000047192225e-5,76.25741307999999
4540,77.08,26.1,8.36,56.459999999999994,4.917845,214.71749152000004,168,08245-1-02,30 a 44,Hombres,Quintil alto,Norte,Trabajadores moviles,Movilidad mixta,180.15000000000003,19.5,160.65000000000003,54.06749152,168,34.46,164.35000107999994,333.81893977999994
4548,62.7,52.84,6.65,45.809999999999995,1.931308,37.04774984589879,168,08263-1-01,60 o mas,Mujeres,Quintil medio,Norte,Cuidadores domesticos,Movilidad mixta,55.589999999999996,132.1352530541012,-76.54525305410121,113.5930029,168,59.49,84.04526175410122,198.93877467410118
4550,107.74,33.77,12.44,14.050000000000002,2.980138,321.08006812,168,08266-1-02,30 a 44,Hombres,Quintil bajo,Centro,Cuidadores domesticos,Movilidad mixta,0,0,0,321.08006812,168,46.21,0,137.71217697999998
4552,49.11,47.51,9.21,62.169999999999995,3.318538,12.249650156233802,168,08270-1-01,45 a 59,Hombres,Quintil bajo,Norte,Jovenes trabajadores,Movilidad mixta,65.51,66.2337662337662,-0.7237662337661988,12.97341639,168,56.72,150.7237510237662,338.95122638376625
4557,72.65,21.54,11.61,62.2,2.772434,150.3773171,168,08282-1-02,30 a 44,Mujeres,Quintil bajo,Centro,Trabajadores rutinarios,Movilidad mixta,73.96000000000001,0,73.96000000000001,76.41731709999999,168,33.15,51.040013000000016,142.94620010000003
4566,72.8,25.82,15.34,54.03999999999999,4.498512,131.5620284212579,168,08293-1-01,45 a 59,Hombres,Quintil medio,Norte,Cuidadores domesticos,Movilidad mixta,115.26000000000002,61.1896635787421,54.07033642125792,77.49169199999999,168,41.16,195.92964517874205,381.0883990987421
4567,44.61,43.46,13.86,66.07000000000001,4.789485,56.90717820700629,168,08293-1-03,30 a 44,Hombres,Quintil medio,Norte,Trabajadores rutinarios,Movilidad mixta,92.19999999999999,48.9517308629937,43.24826913700629,13.65890907,168,57.32,156.7517476429937,431.2850278429937
4576,64.06,38.57,5.11,60.260000000000005,3.226421,197.76452148000004,168,08309-1-01,30 a 44,Mujeres,Quintil bajo,Sur,Trabajadores moviles,Movilidad mixta,103.58000000000001,0,103.58000000000001,94.184521480000015,168,43.68,8.920007779999992,149.85007706
4582,85.16,20.54,5.04,57.260000000000005,1.391596,118.50830463999999,168,08327-1-02,18 a 29,Mujeres,Quintil bajo,Centro,Cuidadores domesticos,Movilidad mixta,0,0,0,118.50830463999999,168,25.58,1.0720000005903785e-5,35.59703639999999
4594,62.17,39.04,10.29,56.49999999999999,4.891988,171.16491526,168,08353-1-01,45 a 59,Mujeres,Quintil bajo,Norte,Trabajadores rutinarios,Movilidad mixta,117.03,0,117.03,54.13491525999999,168,49.33,132.9699787,374.29174673999995
4595,53,38.4,10.03,66.57,2.54161,110.775352,168,08353-1-03,18 a 29,Hombres,Quintil bajo,Norte,Trabajadores moviles,Movilidad mixta,21.07,0,21.07,89.70535199999999,168,48.43,23.929978000000006,147.0201503
4597,46.96,67.6,18.81,34.629999999999995,3.596161,170.23572864,168,08355-1-01,18 a 29,Mujeres,Quintil bajo,Centro,Rutina flexible,Movilidad mixta,88.86,25,63.86,106.37572864,168,86.41,-1.36000808,309.38426393000003
4603,50.58,34.19,14.26,68.97,5.628817,163.00554226000003,168,08370-1-01,18 a 29,Hombres,Quintil medio,Centro,Trabajadores rutinarios,Movilidad mixta,128.3,0,128.3,34.70554226,168,48.449999999999996,121.70002159999996,394.4162052499999
4607,61.77,18.59,7.7,79.93999999999998,2.837098,142.61725930167808,168,08376-1-02,18 a 29,Mujeres,Quintil bajo,Centro,Trabajadores rutinarios,Movilidad mixta,23.14,10.7702888583219,12.369711141678101,130.24754815999998,168,26.29,32.63028415832193,107.21759057832199
4612,89.99,9.74,11.36,56.91000000000001,3.262327,130.83390837461542,168,08384-1-01,30 a 44,Hombres,Quintil medio,Norte,Trabajadores moviles,Movilidad mixta,145.31,33.0528846153846,112.2571153846154,18.57679299,168,21.1,162.74289835538457,231.57799805538457
4618,38.68,32.04,9.42,87.86,5.596518,42.68331635999999,168,08393-1-01,60 o mas,Hombres,Quintil bajo,Centro,Trabajadores rutinarios,Movilidad mixta,96.21,120,-23.790000000000006,66.47331636,168,41.46,173.78999987999998,405.82163615999997
4627,24.1,56.57,6.86,80.47000000000001,3.128804,75.40417640000001,168,08401-1-03,18 a 29,Mujeres,Quintil medio,Sur,Rutina flexible,Movilidad mixta,0,0,0,75.40417640000001,168,63.43,0,198.46003771999997
4629,59.34,49.22,13.88,45.559999999999995,3.038005,180.27521670000002,168,08404-1-02,60 o mas,Mujeres,Quintil bajo,Centro,Cuidadores domesticos,Movilidad mixta,0,0,0,180.27521670000002,168,63.1,0,191.6981155
4635,59.46,46.16,7.29,55.089999999999996,3.362011,136.98517884,168,08410-1-01,60 o mas,Hombres,Quintil bajo,Sur,Trabajadores moviles,Movilidad mixta,69.58,7.5,62.08,74.90517884,168,53.449999999999996,62.919995220000004,242.61948316999997
4640,89.32,13.17,9.71,55.800000000000004,3.003973,193.57486536,168,08417-1-01,60 o mas,Hombres,Quintil bajo,Sur,Cuidadores domesticos,Movilidad mixta,75.26,0,75.26,118.31486536,168,22.880000000000003,74.74000299999994,143.47090523999998
4641,31.67,41.04,8.91,86.38,8.617398,112.56965650666669,168,08419-1-01,30 a 44,Hombres,Quintil alto,Centro,Trabajadores moviles,Movilidad mixta,172.98999999999998,83.3333333333333,89.65666666666668,22.91298984,168,49.95,160.3433381533333,590.7823682533334
4645,46.92,28.2,11.35,81.53,3.160359,47.674742691650515,168,08425-1-01,45 a 59,Hombres,Quintil bajo,Centro,Trabajadores rutinarios,Movilidad mixta,68.08000000000001,43.6893203883495,24.390679611650512,23.284063080000003,168,39.55,100.6093015883495,225.6015000383495
4661,89.05,15.07,9.2,54.68000000000001,4.207056,266.78834985000003,168,08452-1-01,30 a 44,Mujeres,Quintil bajo,Norte,Cuidadores domesticos,Movilidad mixta,162.15,20,142.15,124.63834985,168,24.27,107.8499869499999,209.9552360699999
4679,59.63,31.33,9.36,67.68,6.034064,133.48552161428597,168,08495-1-01,18 a 29,Mujeres,Quintil medio,Sur,Trabajadores rutinarios,Movilidad mixta,212.95999999999998,139.285714285714,73.67428571428599,59.8112359,168,40.69,226.32571470571406,471.851778865714
4686,66.6,18.02,10.49,72.89000000000001,6.422978,245.45033759999998,168,08508-1-02,45 a 59,Hombres,Quintil alto,Centro,Trabajadores moviles,Movilidad mixta,192.67999999999998,0,192.67999999999998,52.770337600000005,168,28.509999999999998,182.31999719999996,365.4390999799998
4687,9.01,79.7,7.62,71.67,2.958111,26.652580110000002,168,08508-1-03,18 a 29,Mujeres,Quintil alto,Centro,Rutina flexible,Movilidad mixta,0,0,0,26.652580110000002,168,87.32000000000001,0,258.30225252
4688,85.4,14.21,1.7,66.68999999999998,2.982085,139.59862982857138,168,08511-1-02,30 a 44,Hombres,Quintil bajo,Norte,Trabajadores moviles,Movilidad mixta,188.5,53.5714285714286,134.9285714285714,4.6700584,168,15.91,115.07142917142866,162.51640152142866
4693,64.12,25.65,8.25,69.97999999999999,2.831585,181.5612302,168,08522-1-02,30 a 44,Mujeres,Quintil bajo,Norte,Cuidadores domesticos,Movilidad mixta,0,0,0,181.5612302,168,33.9,0,95.99073150000004
4697,72.33,16.94,13.26,65.47,2.740486,93.10850024478259,168,08530-1-03,18 a 29,Mujeres,Quintil medio,Norte,Trabajadores rutinarios,Movilidad mixta,85.65,78.2608695652174,7.389130434782601,85.71936980999999,168,30.200000000000003,105.11085213521741,187.87352933521743
4706,60.19,36.46,10.67,60.67999999999999,2.961474,78.63679217391301,168,08544-1-03,30 a 44,Mujeres,Quintil medio,Centro,Cuidadores domesticos,Movilidad mixta,79.19000000000001,91.304347826087,-12.114347826086984,90.75113999999999,168,47.13,99.61432788608697,239.18859750608698
4710,73.11,29.1,6.86,58.92999999999999,2.616521,173.10385709,168,08549-1-01,18 a 29,Mujeres,Quintil bajo,Centro,Cuidadores domesticos,Movilidad mixta,69.31,0,69.31,103.79385708999999,168,35.96,18.18999322000002,112.28008838000002
4717,5.13,46.03,3.14,113.7,2.855538,14.648909940000001,168,08559-1-01,18 a 29,Hombres,Quintil bajo,Sur,Rutina flexible,Movilidad mixta,0,0,0,14.648909940000001,168,49.17,0,140.40680346
4718,56.33,26.89,17.32,67.46000000000001,3.129551,82.89760783000001,168,08561-1-02,60 o mas,Mujeres,Quintil medio,Centro,Cuidadores domesticos,Movilidad mixta,70.86,164.25,-93.39,176.28760783,168,44.21,93.39,231.74744970999996
4729,41.32,47.36,7.57,71.75,15.229189,241.05007988,168,08587-1-01,45 a 59,Hombres,Quintil medio,Norte,Trabajadores rutinarios,Movilidad mixta,236.78,0,236.78,4.27007988,168,54.93,388.2200096,1224.75936137
4734,66.74,40.52,6.27,54.47,2.9888150000000002,143.25351078,168,08593-1-02,30 a 44,Mujeres,Quintil bajo,Centro,Trabajadores moviles,Movilidad mixta,68.78,0,68.78,74.47351078000001,168,46.790000000000006,56.22000231999999,196.06665617000004
4737,36.02,54.97,11.79,65.22,3.059559,110.20531518000001,168,08598-1-03,30 a 44,Mujeres,Quintil bajo,Norte,Rutina flexible,Movilidad mixta,0,0,0,110.20531518000001,168,66.75999999999999,0,204.25615884
4744,60.41,22.52,13.37,71.7,1.17906,29.126990189999997,168,08602-1-03,60 o mas,Hombres,Quintil medio,Centro,Trabajadores rutinarios,Movilidad mixta,27.9,0,27.9,1.2269901900000002,168,35.89,42.10002440999999,84.41648780999999
4745,63.04,37.94,18.3,48.72000000000001,24.704737,529.0165930000001,168,08604-1-01,45 a 59,Hombres,Quintil alto,Norte,Trabajadores rutinarios,Movilidad mixta,471.63000000000005,0,471.63000000000005,57.386593,168,56.239999999999995,1028.37002748,2417.76443636
4746,68.37,19.7,12.65,67.27999999999999,11.980195,304.90590323000004,168,08604-1-02,30 a 44,Mujeres,Quintil alto,Norte,Trabajadores rutinarios,Movilidad mixta,235.82000000000002,0,235.82000000000002,69.08590323,168,32.35,514.18002892,901.7393371700001
4749,51.75,54.23,5.49,56.53,2.868671,90.423731,168,08608-1-02,45 a 59,Mujeres,Quintil medio,Norte,Jovenes trabajadores,Movilidad mixta,54.47,0,54.47,35.953731,168,59.72,58.02999324999999,229.34702537
4750,90.02,24.66,3.87,49.45000000000001,4.557879,298.7373819431579,168,08610-1-01,30 a 44,Hombres,Quintil bajo,Centro,Cuidadores domesticos,Movilidad mixta,110.97,17.5328947368421,93.4371052631579,205.30027668,168,28.53,111.56288563684205,241.59917350684196
4752,80.22,22.09,4.11,61.58,1.986732,83.884470571418,168,08617-1-02,45 a 59,Mujeres,Quintil bajo,Centro,Trabajadores rutinarios,Movilidad mixta,76.24000000000001,41.731123388582,34.50887661141801,49.375593959999996,168,26.2,75.491170468582,127.54354886858198
4753,82.03,11.84,14.11,60.019999999999996,2.772777,165.47091739,168,08619-1-01,45 a 59,Mujeres,Quintil bajo,Centro,Cuidadores domesticos,Movilidad mixta,45.52,0,45.52,119.95091739000001,168,25.95,61.979979920000005,133.93354306999998
4755,64.63,34.69,9.71,58.970000000000006,3.005294,66.975336744737,168,08621-1-02,45 a 59,Mujeres,Quintil medio,Centro,Cuidadores domesticos,Movilidad mixta,108.98,118.736842105263,-9.75684210526299,76.73217885,168,44.4,127.25681447526298,260.69186807526296
4758,58.76,24.09,11.21,73.94,2.1989899999999998,75.25265988,168,08625-1-02,60 o mas,Hombres,Quintil bajo,Centro,Trabajadores rutinarios,Movilidad mixta,58.53999999999999,0,58.53999999999999,16.71265988,168,35.3,53.95999252,131.58433952000001
4759,81.02,25.15,12.17,49.660000000000004,3.442802,197.87582629999997,168,08626-1-01,30 a 44,Mujeres,Quintil bajo,Sur,Cuidadores domesticos,Movilidad mixta,151.44,62.5,88.94,108.93582629999999,168,37.32,81.05999173999999,209.54536238000003
4767,20.08,45.19,7.08,95.65000000000002,3.022526,60.692322080000004,168,08641-1-04,18 a 29,Hombres,Quintil medio,Norte,Rutina flexible,Movilidad mixta,0,0,0,60.692322080000004,168,52.269999999999996,-7.105427357601002e-15,157.98743401999994
4769,65.22,22.63,13.79,66.36000000000001,8.646509,274.7353278,168,08645-1-02,30 a 44,Mujeres,Quintil alto,Centro,Trabajadores moviles,Movilidad mixta,210.81,0,210.81,63.9253278,168,36.42,289.18998917999994,604.0958469599998
4776,38.83,41.72,9.71,77.74000000000001,2.932705,113.87693515,168,08656-1-02,30 a 44,Mujeres,Quintil bajo,Sur,Cuidadores domesticos,Movilidad mixta,0,0,0,113.87693515,168,51.43,0,150.82901814999997
4777,66.71,32.71,10.65,57.930000000000014,3.152549,158.00652574000003,168,08659-1-01,45 a 59,Hombres,Quintil bajo,Centro,Trabajadores rutinarios,Movilidad mixta,85.2,0,85.2,72.80652574000001,168,43.36,52.30001804999995,188.99454268999995
4779,31.76,39.79,11.01,85.44000000000001,3.408415,108.25126039999999,168,08664-1-02,30 a 44,Hombres,Quintil bajo,Centro,Rutina flexible,Movilidad mixta,0,0,0,108.25126039999999,168,50.8,1.4210854715202004e-14,173.14748200000002
4782,25.8,43.12,9.21,89.86999999999998,5.6034,92.3777072,168,08666-1-03,30 a 44,Hombres,Quintil bajo,Sur,Rutina flexible,Movilidad mixta,47.81,0,47.81,44.56770720000001,167.99999999999997,52.33,52.190012800000005,345.41593480000006
4784,55.12,28.51,9.14,75.22999999999999,2.657306,76.19072312,168,08668-1-01,45 a 59,Hombres,Quintil bajo,Centro,Trabajadores rutinarios,Movilidad mixta,54.72,0,54.72,21.47072312,168,37.650000000000006,70.27998360000001,170.32755450000005
4788,56.55,23.32,17.55,70.58,2.525608,122.4831315,168,08673-1-02,45 a 59,Hombres,Quintil bajo,Centro,Trabajadores rutinarios,Movilidad mixta,84.66,0,84.66,37.8231315,168,40.870000000000005,20.340000899999993,123.56159986000002
4790,74.82,39.65,4.32,49.21000000000001,3.057759,165.35149748,168,08675-1-02,30 a 44,Mujeres,Quintil alto,Norte,Cuidadores domesticos,Movilidad mixta,61.57,0,61.57,103.78149748,168,43.97,63.43003089999996,197.87969412999993
4793,65.33,33.18,14.57,54.92000000000001,3.158292,129.99120611,168,08680-1-01,30 a 44,Hombres,Quintil bajo,Centro,Trabajadores rutinarios,Movilidad mixta,61.16,0,61.16,68.83120611,168,47.75,76.34001024999998,227.14845324999993
4796,88.96,9.18,9.11,60.750000000000014,3.091822,257.78847536,168,08685-1-01,45 a 59,Mujeres,Quintil bajo,Centro,Cuidadores domesticos,Movilidad mixta,20.24,0,20.24,237.54847536000003,168,18.29,17.260009760000003,73.80943413999995
4803,77.59,16.62,4.67,69.11999999999999,3.021537,234.44105583,168,08696-2-02,18 a 29,Mujeres,Quintil bajo,Norte,Cuidadores domesticos,Movilidad mixta,0,0,0,234.44105583,168,21.29,0,64.32852273
4807,62.27,41.83,4.85,59.04999999999999,2.801967,133.81850311,168,08702-1-04,18 a 29,Mujeres,Quintil bajo,Centro,Cuidadores domesticos,Movilidad mixta,76.33999999999999,42,34.33999999999999,99.47850311,167.99999999999997,46.68,40.65998198,171.45580154000004
4819,59.19,31.08,6.25,71.48,2.920744,116.68882941,168,08721-1-02,30 a 44,Hombres,Quintil bajo,Sur,Trabajadores rutinarios,Movilidad mixta,63.809999999999995,0,63.809999999999995,52.87882941,168,37.33,56.19000795000001,165.22138146999998
4838,66.33,29.76,9.98,61.92999999999999,3.596762,160.21323313,168,08766-1-02,30 a 44,Mujeres,Quintil medio,Centro,Trabajadores rutinarios,Movilidad mixta,96.64,0,96.64,63.57323313,168,39.74,78.35999033000002,221.29531221000002
4840,49.66,27.26,17.26,73.82,5.860992,176.06687847999999,168,08775-1-01,30 a 44,Hombres,Quintil alto,Sur,Trabajadores rutinarios,Movilidad mixta,135.01,0,135.01,41.05687848,168,44.52,114.98998424000004,375.92134808000003
4841,57.29,21.63,6.06,83.02000000000001,4.171221,142.84924261,168,08776-1-02,18 a 29,Hombres,Quintil bajo,Centro,Trabajadores rutinarios,Movilidad mixta,103.88,0,103.88,38.96924261,168,27.689999999999998,96.12000848,211.62111796999997
4842,55.76,46.89,7.63,57.720000000000006,2.859348,177.94722764,168,08777-1-01,30 a 44,Mujeres,Quintil bajo,Sur,Rutina flexible,Movilidad mixta,117.25999999999999,25,92.25999999999999,85.68722763999999,168,54.52,-18.50998316000002,137.3816698
4848,55.4,30.32,14.22,68.06,3.579113,115.11283279999999,168,08781-1-04,18 a 29,Hombres,Quintil medio,Centro,Trabajadores rutinarios,Movilidad mixta,79.33,0,79.33,35.782832799999994,168,44.54,83.1700274,242.58372042000002
4860,59.05,39.61,8.29,61.050000000000004,4.252166,166.23038615000002,168,08799-1-02,45 a 59,Mujeres,Quintil alto,Norte,Cuidadores domesticos,Movilidad mixta,77.64,0,77.64,88.59038615,168,47.9,84.86001614999998,288.53876754999993
4863,62.01,15.54,20.83,69.62000000000002,3.25964,105.9728183118556,168,08808-1-03,30 a 44,Hombres,Quintil medio,Norte,Trabajadores rutinarios,Movilidad mixta,74.69,33.3474337281444,41.342566271855596,64.63025204,168,36.37,96.15745808814438,214.71056488814432
4866,54.42,58.86,0.63,54.089999999999996,4.695088,141.22666999999998,168,08810-1-04,45 a 59,Hombres,Quintil alto,Centro,Trabajadores moviles,Movilidad mixta,110.71999999999998,0,110.71999999999998,30.50667,168,59.49,114.28001896000004,393.59080408
4867,41.01,60.51,5.98,60.500000000000014,3.058252,125.41891451999999,168,08811-1-01,45 a 59,Mujeres,Quintil bajo,Centro,Cuidadores domesticos,Movilidad mixta,0,0,0,125.41891451999999,168,66.49,0,203.34317547999996
4897,50.88,46.12,10.47,60.53,3.643484,66.34330066285722,168,08879-1-02,45 a 59,Mujeres,Quintil bajo,Norte,Jovenes trabajadores,Movilidad mixta,73.82000000000001,42.8571428571428,30.96285714285721,35.38044352,168,56.589999999999996,119.03716525714279,325.22192481714274
4899,56.17,50.32,7.2,54.309999999999995,3.339469,163.6279747,168,08880-1-02,18 a 29,Hombres,Quintil bajo,Sur,Rutina flexible,Movilidad mixta,63.55,0,63.55,100.07797470000001,168,57.52,23.949999029999987,216.03625590999994
4900,55.45,34.82,10.37,67.35999999999999,9.208421,201.0269747,168,08881-1-01,45 a 59,Hombres,Quintil medio,Norte,Trabajadores moviles,Movilidad mixta,215.42000000000002,50,165.42000000000002,35.6069747,168,45.19,309.57996975000003,725.70851474
4917,86.25,8.54,16.05,57.16000000000001,4.429413,157.17683449999998,168,08912-1-01,30 a 44,Hombres,Quintil medio,Norte,Trabajadores moviles,Movilidad mixta,150.14,0,150.14,7.0368345,168,24.59,224.86003675000006,333.77930242
4928,53.07,37.76,9.7,67.47000000000001,1.895246,92.68445273376622,168,08928-1-03,18 a 29,Hombres,Quintil bajo,Centro,Cuidadores domesticos,Movilidad mixta,4.62,5.01623376623377,-0.39623376623377027,93.0806865,168,47.459999999999994,7.896252486233777,97.84462764623376
4933,69.97,32.49,11.08,54.459999999999994,3.167689,153.06322483999998,168,08943-1-01,45 a 59,Mujeres,Quintil bajo,Sur,Trabajadores moviles,Movilidad mixta,81.42,0,81.42,71.64322483999999,168,43.57,68.57997449000004,206.59618422000005
4935,79.52,12.43,13.04,63.01000000000001,5.179008,180.29531507775283,168,08948-1-01,60 o mas,Hombres,Quintil medio,Sur,Trabajadores rutinarios,Movilidad mixta,208.91000000000003,90.4494382022472,118.46056179775283,61.83475328,168,25.47,231.53940108224714,363.448734842247
4942,79.21,20.72,12.56,55.510000000000005,2.805014,175.56511373,168,08963-1-01,30 a 44,Mujeres,Quintil bajo,Norte,Cuidadores domesticos,Movilidad mixta,55.879999999999995,0,55.879999999999995,119.68511373,168,33.28,46.62004520999997,139.97091113
4950,31.45,48.77,10.23,77.55,2.961708,65.16308826324439,168,08978-1-01,60 o mas,Mujeres,Quintil medio,Sur,Rutina flexible,Movilidad mixta,31.58,59.5626283367556,-27.982628336755603,93.1457166,168,59,27.982628336755596,202.72340033675562
4954,50.57,58.28,4.7,54.45,2.939124,148.63150068000002,168,08989-1-02,30 a 44,Mujeres,Quintil bajo,Norte,Cuidadores domesticos,Movilidad mixta,0,0,0,148.63150068000002,168,62.980000000000004,0,185.10602951999996
4959,62.24,41.27,9.62,54.86999999999998,3.068046,114.51521136,168,08994-1-01,45 a 59,Hombres,Quintil bajo,Centro,Trabajadores moviles,Movilidad mixta,73.55999999999999,0,73.55999999999999,40.95521136,168,50.89,76.43997168000001,232.57283262000007
4962,66.76,25.91,7.4,67.92999999999999,2.058593,117.94163368000001,168,08996-1-01,30 a 44,Mujeres,Quintil bajo,Norte,Cuidadores domesticos,Movilidad mixta,68.01,25,43.010000000000005,74.93163368,168,33.31,19.49003500000002,88.06176783000002
4966,61.75,23.02,10.73,72.5,3.041676,147.57352175000003,168,09001-1-02,60 o mas,Mujeres,Quintil bajo,Sur,Cuidadores domesticos,Movilidad mixta,22.250000000000004,0,22.250000000000004,125.32352175000001,168,33.75,40.24997124999996,142.90653624999996
4971,18.06,37.81,7.45,104.67999999999999,3.207167,5.678102686666698,168,09009-1-01,60 o mas,Mujeres,Quintil bajo,Norte,Rutina flexible,Movilidad mixta,31.09,83.3333333333333,-52.2433333333333,57.921436019999994,168,45.260000000000005,52.2433333333333,197.39971175333332
4977,50.36,47.55,14.24,55.85,2.612699,80.90553952,168,09015-1-02,18 a 29,Hombres,Quintil bajo,Norte,Jovenes trabajadores,Movilidad mixta,49.330000000000005,0,49.330000000000005,31.57553952,168,61.79,50.66998212,212.10865333000004
4988,48.7,43.64,6.43,69.22999999999999,2.793931,69.11641534447939,168,09034-1-02,45 a 59,Mujeres,Quintil alto,Centro,Trabajadores rutinarios,Movilidad mixta,58.78999999999999,14.4880465555206,44.301953444479395,24.814461899999998,168,50.07,66.94802435552062,206.84014952552064
4994,56.74,35.18,6.13,69.94999999999999,3.205167,63.24120248,168,09046-1-02,60 o mas,Mujeres,Quintil medio,Centro,Cuidadores domesticos,Movilidad mixta,131.38,200,-68.62,131.86120248,168,41.31,118.61997310000001,251.02542187000003
5002,63.55,27,4.93,72.52000000000001,3.058415,135.09227855,168,09057-1-01,30 a 44,Mujeres,Quintil bajo,Norte,Trabajadores rutinarios,Movilidad mixta,134.23000000000002,87.5,46.73000000000002,88.36227855,168,31.93,59.269994699999984,156.92518565
5010,85.41,14.11,11.47,57.010000000000005,2.920843,90.96918958,168,09073-2-01,45 a 59,Hombres,Quintil bajo,Norte,Trabajadores moviles,Movilidad mixta,86.5,0,86.5,4.46918958,168,25.58,158.50001104999998,233.21517499
5011,52.42,13.38,18.17,84.03,8.69378,201.84795479999997,168,09074-1-01,45 a 59,Hombres,Quintil medio,Norte,Trabajadores rutinarios,Movilidad mixta,171.11999999999998,0,171.11999999999998,30.7279548,168,31.550000000000004,253.87999280000008,528.1687518000001
5012,65.54,29.99,11.47,61,3.645379,134.35811790000002,168,09074-1-02,45 a 59,Mujeres,Quintil medio,Norte,Trabajadores rutinarios,Movilidad mixta,70.44000000000001,0,70.44000000000001,63.9181179,168,41.46,104.56002176000001,255.6974351
5015,51.21,38.11,16.66,62.019999999999996,3.722809,174.26502597,168,09078-1-01,30 a 44,Mujeres,Quintil bajo,Norte,Cuidadores domesticos,Movilidad mixta,88.62,0,88.62,85.64502597,168,54.769999999999996,16.380022919999988,220.27827185
5020,74.27,28.33,13.73,51.67,2.405044,120.28260298,168,09083-1-01,30 a 44,Mujeres,Quintil bajo,Norte,Cuidadores domesticos,Movilidad mixta,71.66,42.5,29.159999999999997,91.12260298,168,42.06,58.340014900000014,159.49616554000005
5035,62.1,8.6,8.94,88.36000000000001,2.880178,105.26906629999999,168,09112-1-01,45 a 59,Hombres,Quintil bajo,Centro,Cuidadores domesticos,Movilidad mixta,51.41,0,51.41,53.8590663,168,17.54,73.5899875,124.10830961999997
5042,56.33,21.86,13.93,75.88,3.900576,203.01946585,168,09118-1-01,45 a 59,Mujeres,Quintil bajo,Norte,Cuidadores domesticos,Movilidad mixta,100.80000000000001,37.5,63.30000000000001,139.71946584999998,168,35.79,16.699980229999994,156.30159527000004
5045,79.81,22.6,14.09,51.5,6.592808,284.97200513,168,09121-1-01,30 a 44,Mujeres,Quintil medio,Sur,Cuidadores domesticos,Movilidad mixta,283.8,150,133.8,151.17200513,168,36.69,241.20000135000004,483.09012687
5046,54.5,54.83,7.02,51.650000000000006,2.653217,69.25365433333333,168,09123-1-03,18 a 29,Hombres,Quintil bajo,Centro,Jovenes trabajadores,Movilidad mixta,53.82,4.16666666666667,49.65333333333333,19.600321,168,61.849999999999994,75.34667216666669,239.4481436166667
5054,62.19,36.95,8.87,59.99,3.123986,101.75700913947368,168,09135-1-01,45 a 59,Hombres,Quintil bajo,Centro,Trabajadores rutinarios,Movilidad mixta,73.44999999999999,33.4736842105263,39.97631578947369,61.78069334999999,168,45.82,92.5236802005263,235.6647187205263
5057,88,13.15,8.23,58.61999999999999,2.811043,198.911798,168,09145-1-01,45 a 59,Mujeres,Quintil bajo,Centro,Cuidadores domesticos,Movilidad mixta,104.53999999999999,37.5,67.03999999999999,131.871798,168,21.380000000000003,48.459986000000015,108.56008534000003
5063,73.17,38.08,10.51,46.24,3.559771,169.50842791000002,168,09156-1-01,30 a 44,Mujeres,Quintil bajo,Sur,Cuidadores domesticos,Movilidad mixta,84.04,0,84.04,85.46842791,168,48.589999999999996,90.96001616000001,263.92928904999997
5065,51.17,41.1,3.8,71.92999999999999,2.631459,84.82177506,168,09161-1-02,30 a 44,Hombres,Quintil bajo,Norte,Trabajadores rutinarios,Movilidad mixta,50.17,0,50.17,34.65177506,168,44.9,49.829981970000006,167.98249107000004
5069,75.33,23.06,7.27,62.34,2.798,207.85331743,168,09169-1-01,18 a 29,Mujeres,Quintil bajo,Norte,Cuidadores domesticos,Movilidad mixta,69.58,0,69.58,138.27331743,168,30.33,2.920022569999986,87.78336257000001
5072,78.52,24.17,8.19,57.120000000000005,2.213623,131.77370856000002,168,09175-1-01,45 a 59,Mujeres,Quintil bajo,Centro,Cuidadores domesticos,Movilidad mixta,32.96,0,32.96,98.81370856000001,168,32.36,42.03996939999999,113.67280967999997
5083,34.48,42.78,12.33,78.41000000000001,3.027409,104.38506232000002,168,09191-1-03,45 a 59,Mujeres,Quintil medio,Sur,Rutina flexible,Movilidad mixta,0,0,0,104.38506232000002,168,55.11,-2.842170943040401e-14,166.84050998999993
5085,44.46,53.43,10.66,59.44999999999999,3.04427,117.91290005743016,168,09194-1-01,30 a 44,Mujeres,Quintil medio,Sur,Rutina flexible,Movilidad mixta,19.52,1.95530726256983,17.56469273743017,100.34820732,168,64.09,17.435344142569846,212.5426084425699
5090,71.84,35.97,12.31,47.879999999999995,3.513816,158.43250240000003,168,09203-1-01,45 a 59,Hombres,Quintil bajo,Centro,Cuidadores domesticos,Movilidad mixta,68.50000000000001,0,68.50000000000001,89.9325024,168,48.28,94.00003903999996,263.64707552
5091,46.37,42.95,22.14,56.53999999999999,3.254253,150.89971161,168,09203-1-02,45 a 59,Mujeres,Quintil bajo,Centro,Rutina flexible,Movilidad mixta,0,0,0,150.89971161,168,65.09,0,211.81932777000003
5099,88.9,17.12,7.65,54.32999999999999,4.675794,183.44811839999997,168,09213-1-01,45 a 59,Hombres,Quintil bajo,Norte,Trabajadores moviles,Movilidad mixta,167.76999999999998,0,167.76999999999998,15.6781184,168,24.770000000000003,232.22996820000006,348.04938558000003
5103,51.73,46.02,14.5,55.75,3.491914,78.90670703,168,09221-1-02,18 a 29,Hombres,Quintil bajo,Norte,Trabajadores rutinarios,Movilidad mixta,57.02,0,57.02,21.886707030000004,168,60.52,101.73000418999999,313.06063947
5123,88.11,17.79,9.71,52.39,7.338308,440.41832463000003,168,09259-1-01,30 a 44,Hombres,Quintil alto,Sur,Cuidadores domesticos,Movilidad mixta,293.84000000000003,0,293.84000000000003,146.57832463,168,27.5,206.15999324999996,407.9634632499999
5124,44.34,66.49,5.8,51.370000000000005,3.031293,100.52750961999999,168,09262-1-04,18 a 29,Mujeres,Quintil bajo,Centro,Jovenes trabajadores,Movilidad mixta,55.12,0,55.12,45.40750962,168,72.28999999999999,33.880022000000025,253.01219297
5133,72.51,36.54,9.76,49.19,3.876534,186.67752042,168,09275-1-02,30 a 44,Mujeres,Quintil bajo,Centro,Cuidadores domesticos,Movilidad mixta,78.09,0,78.09,108.58752042000002,168,46.3,94.40995992,273.89348412
5135,66.29,36.13,7.44,58.139999999999986,2.391383,85.77099367038758,168,09277-1-02,45 a 59,Mujeres,Quintil bajo,Sur,Trabajadores moviles,Movilidad mixta,64.94,15.1937984496124,49.746201550387596,36.024792119999994,168,43.57,72.75378539961241,176.94634270961242
5143,60.62,30.97,5.66,70.75,13.413593,213.795319273333,168,09288-1-01,45 a 59,Mujeres,Quintil alto,Sur,Trabajadores rutinarios,Movilidad mixta,317.33,166.666666666667,150.663333333333,63.13198594000001,168,36.629999999999995,599.336688386667,1090.6765999766671
5153,11.97,47.67,10.97,97.39,2.982643,35.702236709999994,168,09302-1-02,18 a 29,Hombres,Quintil bajo,Norte,Rutina flexible,Movilidad mixta,0,0,0,35.702236709999994,168,58.64,7.105427357601002e-15,174.90218552
5155,59.75,40.69,6.4,61.160000000000004,5.670606,154.783728,168,09309-1-01,30 a 44,Mujeres,Quintil alto,Norte,Trabajadores rutinarios,Movilidad mixta,125.34,34.375,90.965,63.818728,168,47.089999999999996,184.03498050000002,451.06381704
5158,77.6,12.86,12.48,65.06,5.312806,182.2937504,168,09318-1-01,60 o mas,Mujeres,Quintil medio,Sur,Cuidadores domesticos,Movilidad mixta,216.27,146.25,70.02000000000001,112.27375039999998,168,25.34,229.9799952,364.60649923999995
5163,71.31,34.14,8.86,53.69,3.008907,168.03514165,168,09326-1-02,18 a 29,Mujeres,Quintil alto,Centro,Cuidadores domesticos,Movilidad mixta,28.47,0,28.47,139.56514165000002,168,43,46.530016520000004,175.91301752000004
5164,50.76,41.5,12.04,63.70000000000001,13.962574,328.9105695350725,168,09328-1-01,18 a 29,Hombres,Quintil alto,Sur,Trabajadores rutinarios,Movilidad mixta,360.75,40.5797101449275,320.1702898550725,8.740279679999999,168,53.54,379.8296867049275,1127.3858986649273
5175,61.25,19.43,20.2,67.11999999999999,2.684302,39.2976627983725,168,09351-1-01,60 o mas,Mujeres,Quintil bajo,Sur,Trabajadores rutinarios,Movilidad mixta,82.82,107.93580470162749,-25.115804701627496,64.4134675,168,39.629999999999995,125.1158347016275,231.49472296162756
5176,54.13,40.51,8.78,64.58000000000001,2.809608,48.8598675316275,168,09351-1-02,30 a 44,Hombres,Quintil bajo,Sur,Trabajadores rutinarios,Movilidad mixta,68.34,46.5641952983725,21.7758047016275,27.084062829999997,168,49.29,103.2242135083725,241.70979182837243
5178,97.05,18.68,7.37,44.900000000000006,2.676113,185.3467365,168,09356-1-01,18 a 29,Hombres,Quintil bajo,Norte,Cuidadores domesticos,Movilidad mixta,71.88,0,71.88,113.4667365,168,26.05,74.37003015000002,144.0827738
5183,10.84,61.29,7.05,88.82000000000001,2.84672,30.858444799999997,168,09361-1-02,30 a 44,Mujeres,Quintil bajo,Centro,Rutina flexible,Movilidad mixta,0,0,0,30.858444799999997,168,68.34,0,194.54484479999996
5186,70.78,21.32,10.26,65.64,7.34557,272.69942851999997,168,09364-1-01,30 a 44,Mujeres,Quintil alto,Norte,Trabajadores rutinarios,Movilidad mixta,202.78,0,202.78,69.91942852,168,31.58,247.22001608000005,479.1931166800001
5194,51.59,38.55,12.5,65.36,4.127778,72.54849667813099,168,09379-1-01,45 a 59,Hombres,Quintil bajo,Sur,Trabajadores rutinarios,Movilidad mixta,157.26,135.163551401869,22.09644859813099,50.45204808,168,51.05,140.40357034186903,351.12663724186905
5196,76.48,25.84,10.62,55.059999999999995,2.741326,180.69660064,168,09380-1-01,30 a 44,Hombres,Quintil bajo,Centro,Cuidadores domesticos,Movilidad mixta,96.04,0,96.04,84.65660064000001,168,36.46,28.960011839999993,128.90875779999996
5199,75.23,24.36,10.91,57.5,3.170741,191.11486881000002,168,09381-1-02,30 a 44,Hombres,Quintil bajo,Centro,Cuidadores domesticos,Movilidad mixta,90.08,0,90.08,101.03486881,168,35.269999999999996,47.41997662,159.25201168999996
5205,74.69,21.56,7.73,64.02,2.718785,135.56600372,168,09392-1-01,45 a 59,Mujeres,Quintil medio,Norte,Trabajadores moviles,Movilidad mixta,47.49999999999999,0,47.49999999999999,88.06600372,168,29.29,67.50004793,147.13326058000004
5231,54.54,27.44,8.9,77.12,2.882472,100.11002309999999,168,09430-1-01,18 a 29,Mujeres,Quintil bajo,Centro,Trabajadores rutinarios,Movilidad mixta,80.39999999999999,0,80.39999999999999,19.710023099999997,168,36.34,57.099999780000005,161.84903226
5246,67.93,19.47,9.34,71.25999999999999,1.629125,110.66644244000001,168,09458-1-01,30 a 44,Hombres,Quintil bajo,Centro,Trabajadores rutinarios,Movilidad mixta,0,0,0,110.66644244000001,168,28.81,1.8810000000257787e-5,46.935110059999985
5249,103.27,14.36,5.78,44.59,1.205207,114.10171953999999,168,09464-1-01,45 a 59,Mujeres,Quintil bajo,Norte,Cuidadores domesticos,Movilidad mixta,39.64,0,39.64,74.46171953999999,168,20.14,10.36000734999999,34.63287633
5251,29.58,52.05,11.87,74.50000000000001,2.980467,88.16221386,168,09467-1-02,45 a 59,Mujeres,Quintil bajo,Centro,Rutina flexible,Movilidad mixta,0,0,0,88.16221386,168,63.919999999999995,0,190.51145063999996
5255,55.65,31.12,8.46,72.76999999999998,2.631771,85.28807355000001,168,09475-1-02,30 a 44,Mujeres,Quintil bajo,Norte,Trabajadores rutinarios,Movilidad mixta,38.83,0,38.83,46.45807355,167.99999999999997,39.58,61.1699826,165.33547878000005
5263,84.11,15.87,14.05,53.97,1.626541,136.80840008,168,09486-1-01,45 a 59,Mujeres,Quintil bajo,Centro,Cuidadores domesticos,Movilidad mixta,0,0,0,136.80840008,168,29.92,-3.6570000020219595e-5,48.666070149999996
5270,51,55.09,2.88,59.029999999999994,7.727209,169.317668,168,09497-1-02,30 a 44,Mujeres,Quintil alto,Norte,Jovenes trabajadores,Movilidad mixta,150.23,0,150.23,19.087668,168,57.970000000000006,224.76999100000003,672.71629673
5272,47.68,26.19,18.65,75.47999999999999,3.301712,77.36561,168,09507-1-01,45 a 59,Hombres,Quintil medio,Centro,Trabajadores rutinarios,Movilidad mixta,69.94,0,69.94,7.425610000000001,168,44.84,80.06001816,228.10878424000003
5276,73.69,43.27,12.54,38.5,2.783117,168.06790280999996,168,09510-1-01,30 a 44,Mujeres,Quintil bajo,Centro,Cuidadores domesticos,Movilidad mixta,92.97999999999999,25,67.97999999999999,100.08790280999999,168,55.81,37.01998892000003,192.34574869
5279,48.78,41.92,12.17,65.13,3.11696,82.19529458,168,09517-1-04,30 a 44,Hombres,Quintil alto,Norte,Trabajadores rutinarios,Movilidad mixta,42.65,0,42.65,39.54529458,168,54.09,69.85001422000002,238.44638062
5284,56.91,21.62,8.32,81.15,3.120554,100.83070876,168,09526-1-01,45 a 59,Hombres,Quintil bajo,Norte,Trabajadores rutinarios,Movilidad mixta,48.24,0,48.24,52.59070876,168,29.94,76.76001937999999,170.18940613999996
5285,28.98,67.91,6.48,64.63000000000001,3.200381,5.937041379999997,168,09530-1-01,60 o mas,Hombres,Quintil bajo,Centro,Rutina flexible,Movilidad mixta,66.94,153.75,-86.81,92.74704138,168,74.39,86.81,324.88634259
5294,46.19,50.02,10.83,60.959999999999994,8.518143,181.80304614000002,168,09550-1-01,45 a 59,Hombres,Quintil bajo,Norte,Trabajadores moviles,Movilidad mixta,163.35000000000002,0,163.35000000000002,18.45304614,168,60.85,211.64997902999997,729.9789805800001
5311,49.37,56.74,14.72,47.169999999999995,3.584582,76.3782175225743,168,09574-1-01,45 a 59,Hombres,Quintil bajo,Centro,Jovenes trabajadores,Movilidad mixta,87.65,25.7425742574257,61.907425742574304,14.47079178,168,71.46000000000001,100.5925958174257,356.74682553742576
5314,83.59,18.46,10.23,55.719999999999985,4.087182,289.69757645,168,09582-1-02,18 a 29,Mujeres,Quintil medio,Norte,Cuidadores domesticos,Movilidad mixta,48.05,0,48.05,241.64757645,168,28.69,51.94996693000007,169.2112185100001
5315,60.34,37.66,6.7,63.3,3.455851,212.22601464000002,168,09583-1-01,30 a 44,Mujeres,Quintil bajo,Centro,Cuidadores domesticos,Movilidad mixta,98.70000000000002,0,98.70000000000002,113.52601464000001,168,44.36,-3.6999653000000023,149.60158506
5316,30.92,56.5,14.99,65.58999999999999,3.047489,40.285026546666714,168,09584-1-02,60 o mas,Mujeres,Quintil bajo,Sur,Rutina flexible,Movilidad mixta,29.39,83.3333333333333,-53.9433333333333,94.22835988000001,168,71.49,53.9433333333333,271.80832194333334
5320,7.09,90.37,6.56,63.97999999999999,3.109133,22.04375297,168,09593-1-03,18 a 29,Hombres,Quintil bajo,Norte,Rutina flexible,Movilidad mixta,0,0,0,22.04375297,168,96.93,0,301.36826169
5322,37.68,33.99,6.68,89.64999999999998,3.037911,114.46848648,168,09594-1-02,60 o mas,Mujeres,Quintil medio,Norte,Trabajadores rutinarios,Movilidad mixta,0,0,0,114.46848648,167.99999999999997,40.67,0,123.55184037000006
5324,35.8,25.64,9.55,97.00999999999999,3.077208,110.1640464,168,09603-1-01,45 a 59,Mujeres,Quintil bajo,Sur,Rutina flexible,Movilidad mixta,0,0,0,110.1640464,168,35.19,0,108.28694952000005
5327,82.39,25.65,10.26,49.7,3.378189,209.73897317,168,09609-1-02,18 a 29,Mujeres,Quintil bajo,Centro,Cuidadores domesticos,Movilidad mixta,62.410000000000004,8.5,53.910000000000004,155.82897317,168,35.91,68.59001853999996,189.90078552999995
5330,60.21,7.54,11.15,89.09999999999998,2.713353,82.65098574999999,168,09613-1-01,45 a 59,Hombres,Quintil bajo,Centro,Trabajadores rutinarios,Movilidad mixta,56.779999999999994,25,31.779999999999994,50.87098575,168,18.69,80.71999838000002,131.43256595000008
5331,50.27,37.6,12.62,67.50999999999999,2.566199,48.28282582,168,09613-1-03,18 a 29,Hombres,Quintil bajo,Centro,Trabajadores moviles,Movilidad mixta,56.779999999999994,25,31.779999999999994,16.50282582,168,50.22,80.71999791000002,209.59451169000002
5343,59.32,16.32,5.18,87.18,2.750651,143.2986252,168,09631-1-01,18 a 29,Mujeres,Quintil bajo,Centro,Trabajadores rutinarios,Movilidad mixta,124.63000000000001,25,99.63000000000001,43.6686252,168,21.5,19.869992120000006,79.00898861999997
5344,69.3,38.2,8.72,51.78,4.595261,211.29161829999998,168,09632-1-01,18 a 29,Hombres,Quintil medio,Sur,Cuidadores domesticos,Movilidad mixta,142.83999999999997,0,142.83999999999997,68.45161829999999,168,46.92,107.15996899999999,322.76961512
5347,31.4,39.47,21.57,75.56,3.109271,59.0155280046512,168,09636-1-02,60 o mas,Mujeres,Quintil medio,Centro,Rutina flexible,Movilidad mixta,43.709999999999994,82.32558139534879,-38.6155813953488,97.6311094,168,61.04,38.6155813953488,228.40548323534878
5348,70.25,40.34,13.51,43.9,3.098589,159.55588575000002,168,09638-1-01,30 a 44,Hombres,Quintil bajo,Sur,Jovenes trabajadores,Movilidad mixta,116.88000000000001,0,116.88000000000001,42.67588575,168,53.85,58.1199915,224.97900914999997
5354,102.62,8.1,9.79,47.489999999999995,3.22033,210.4592757237736,168,09648-1-01,60 o mas,Hombres,Quintil bajo,Centro,Cuidadores domesticos,Movilidad mixta,94.14000000000001,64.1509433962264,29.98905660377362,180.47021912,168,17.89,120.0109888762264,177.62269257622643
5359,49.14,54.67,6.67,57.519999999999996,2.802531,27.396361900000006,168,09655-1-01,60 o mas,Hombres,Quintil alto,Norte,Jovenes trabajadores,Movilidad mixta,82.18,67.5,14.680000000000007,12.716361899999999,168,61.34,110.32001144000002,282.22726298000003
5363,52.21,48.46,10.7,56.62999999999998,4.053539,135.2052503,168,09658-1-03,18 a 29,Mujeres,Quintil alto,Centro,Jovenes trabajadores,Movilidad mixta,98.57000000000001,0,98.57000000000001,36.635250299999996,168,59.16,76.43002089000001,316.23738813000006
5372,71.65,40.53,6.29,49.529999999999994,2.776604,112.63724681256832,168,09677-1-02,30 a 44,Mujeres,Quintil medio,Sur,Cuidadores domesticos,Movilidad mixta,64.64,32.6964480874317,31.943551912568303,80.69369490000001,168,46.82,86.30642978743168,216.30702906743164
5382,53.84,22.44,8.57,83.15,2.983712,160.64305408,168,09690-1-02,45 a 59,Mujeres,Quintil bajo,Centro,Cuidadores domesticos,Movilidad mixta,0,0,0,160.64305408,168,31.01,0,92.52490911999999
5385,74.61,32.92,9.9,50.57,3.409129,180.23511794,168,09692-1-02,18 a 29,Mujeres,Quintil bajo,Centro,Cuidadores domesticos,Movilidad mixta,100.88,0,100.88,79.35511794000001,168,42.82,74.11999674999998,220.09890053000004
5388,59.85,44.97,11.52,51.66000000000001,3.375996,118.1933913,168,09698-2-01,30 a 44,Hombres,Quintil bajo,Sur,Trabajadores moviles,Movilidad mixta,83.64,0,83.64,34.553391299999994,168,56.489999999999995,83.85996930000002,274.56998334
5390,95.57,15.8,7.71,48.92000000000001,2.786683,242.1944531301754,168,09703-1-01,30 a 44,Mujeres,Quintil medio,Sur,Cuidadores domesticos,Movilidad mixta,38.629999999999995,11.5087719298246,27.121228070175395,215.07322506,168,23.51,24.128841179824605,89.64375850982455
5398,34.36,66.33,7.25,60.05999999999999,3.394717,1.6624761199999938,168,09719-1-01,60 o mas,Hombres,Quintil bajo,Norte,Rutina flexible,Movilidad mixta,42.519999999999996,157.5,-114.98,116.64247612,168,73.58,114.98,364.76327686
5399,61.93,42.13,11.93,52.00999999999999,3.505094,32.706546906067985,168,09721-1-01,45 a 59,Hombres,Quintil medio,Centro,Trabajadores moviles,Movilidad mixta,139.76,131.623931623932,8.136068376067982,24.57047853,168,54.06,184.36392451393203,373.84930615393205
5401,61.03,44.4,8.83,53.74,21.768569,555.26578978,168,09725-1-01,45 a 59,Mujeres,Quintil alto,Centro,Trabajadores moviles,Movilidad mixta,476.73,0,476.73,78.53578978,168,53.23,773.2699762899999,1932.0109041599999
5405,21.64,38.81,9.37,98.18,2.974792,64.37449888,168,09732-1-03,18 a 29,Mujeres,Quintil bajo,Sur,Rutina flexible,Movilidad mixta,0,0,0,64.37449888,168,48.18,0,143.32547855999997
5417,58.95,36.53,8.13,64.39,4.479436,146.8127536,168,09757-1-01,45 a 59,Mujeres,Quintil bajo,Centro,Trabajadores rutinarios,Movilidad mixta,87.75,0,87.75,59.0627536,168,44.660000000000004,117.24999859999997,317.30161036
5424,23.05,50.54,15.69,78.72,2.407221,59.866445150000004,168,09773-1-01,60 o mas,Hombres,Quintil bajo,Centro,Rutina flexible,Movilidad mixta,24.380000000000003,0,24.380000000000003,35.48644515,168,66.23,-4.380001100000008,155.05024572999997
5433,56.9,40.18,11.53,59.389999999999986,12.529763,387.8335427,168,09798-1-01,30 a 44,Hombres,Quintil alto,Centro,Jovenes trabajadores,Movilidad mixta,349.89,0,349.89,37.9435427,168,51.71,325.109972,973.0240167300003
5435,53.67,30.72,9.44,74.17,0.769029,41.273762649999995,168,09802-1-02,18 a 29,Mujeres,Quintil bajo,Centro,Trabajadores rutinarios,Movilidad mixta,0,0,0,41.273762649999995,168,40.16,2.378000000646807e-5,30.88422842
5443,53.55,26.73,9.11,78.61,3.027272,162.11041559999998,168,09809-1-02,30 a 44,Mujeres,Quintil bajo,Norte,Cuidadores domesticos,Movilidad mixta,0,0,0,162.11041559999998,168,35.84,0,108.49742848000002
5444,60.63,35.88,8.98,62.510000000000005,4.18975,162.59973505130432,168,09810-1-02,30 a 44,Mujeres,Quintil bajo,Sur,Cuidadores domesticos,Movilidad mixta,114.01,30.4347826086957,83.5752173913043,79.02451766,168,44.86,91.4248074486957,279.37699244869566
5445,67.3,23.68,14.21,62.81000000000001,5.217403,150.6685704210526,168,09812-1-02,30 a 44,Mujeres,Quintil medio,Centro,Trabajadores rutinarios,Movilidad mixta,132.59,53.0526315789474,79.5373684210526,71.13120199999999,168,37.89,200.4626514789474,398.1500511489474
5447,73.92,15.41,8.49,70.18,2.607562,136.44101224,168,09815-1-02,60 o mas,Mujeres,Quintil bajo,Sur,Trabajadores rutinarios,Movilidad mixta,51.18999999999999,0,51.18999999999999,85.25101224,168,23.9,56.30997080000003,118.6307026
5448,60.71,35.42,7.54,64.32999999999998,14.958882,531.5337422499999,168,09819-1-01,30 a 44,Mujeres,Quintil alto,Norte,Cuidadores domesticos,Movilidad mixta,373.38,0,373.38,158.15374225,168,42.96,376.61998397,1019.2535546900003
5451,62.48,27.89,9.45,68.18,1.425532,74.61723792000001,168,09826-1-01,45 a 59,Hombres,Quintil bajo,Centro,Trabajadores rutinarios,Movilidad mixta,48.050000000000004,0,48.050000000000004,26.56723792,168,37.34,14.450001439999994,67.67936631999999
5455,53.99,34.01,10.31,69.69,3.00139,162.0450461,168,09830-1-02,60 o mas,Mujeres,Quintil medio,Centro,Cuidadores domesticos,Movilidad mixta,0,0,0,162.0450461,168,44.32,0,133.0216048
5474,13.75,54.92,6.54,92.78999999999999,2.989574,41.1066425,168,09874-1-03,18 a 29,Mujeres,Quintil bajo,Centro,Rutina flexible,Movilidad mixta,0,0,0,41.1066425,168,61.46,0,183.73921804000005
5477,55.58,41.64,10.55,60.230000000000004,3.058175,169.9733665,168,09881-1-02,30 a 44,Mujeres,Quintil medio,Centro,Cuidadores domesticos,Movilidad mixta,0,0,0,169.9733665,168,52.19,0,159.60615324999998
5497,56.02,38.9,7.58,65.49999999999999,3.224691,133.46717642000002,168,09917-1-01,30 a 44,Mujeres,Quintil bajo,Norte,Trabajadores rutinarios,Movilidad mixta,97.82000000000001,0,97.82000000000001,35.64717642,168,46.48,47.18001340000001,197.06365108000003
5501,64.16,35.73,8.74,59.37000000000001,4.852209,194.43771504,168,09921-1-02,30 a 44,Mujeres,Quintil bajo,Centro,Trabajadores moviles,Movilidad mixta,120.61999999999999,0,120.61999999999999,73.81771504,168,44.47,116.8800144,332.65774862999996
5504,95.47,15.03,6.12,51.38,3.929361,297.39610696,168,09924-1-01,30 a 44,Hombres,Quintil bajo,Sur,Trabajadores moviles,Movilidad mixta,222.26000000000002,0,222.26000000000002,75.13610695999999,168,21.15,77.73998770999998,160.84597286000002
5521,49.83,46.98,8.4,62.79,3.26811,43.78965603972969,168,09959-1-01,18 a 29,Hombres,Quintil bajo,Sur,Trabajadores moviles,Movilidad mixta,103.71,65.2702702702703,38.43972972972969,5.34992631,168,55.379999999999995,119.06026526027031,300.04819706027035
5533,61.55,32.74,5.76,67.95,2.646812,93.20125035000001,168,09973-1-03,30 a 44,Mujeres,Quintil bajo,Norte,Trabajadores rutinarios,Movilidad mixta,42.79,0,42.79,50.41125035,168,38.5,69.71002825,171.61229025
5541,79.57,33.9,9.77,44.760000000000005,0.967161,70.98704861,168,09982-1-03,30 a 44,Hombres,Quintil medio,Centro,Cuidadores domesticos,Movilidad mixta,6.53,0,6.53,64.45704861,168,43.67,5.969952159999991,48.20587302999999
5545,55.21,36.67,11.99,64.13,2.755495,74.00089312,168,09992-1-03,18 a 29,Hombres,Quintil bajo,Centro,Trabajadores rutinarios,Movilidad mixta,51.87,0,51.87,22.13089312,168,48.660000000000004,78.12998582999998,212.21237252999998
5546,80.26,30.6,6.5,50.63999999999999,2.653258,159.37045732,168,09993-1-01,45 a 59,Mujeres,Quintil bajo,Sur,Cuidadores domesticos,Movilidad mixta,61.42,0,61.42,97.95045732,168,37.1,53.58002976,152.01590156000003
5552,53.86,36.01,9.83,68.3,3.456431,142.27339111999999,168,09998-2-01,45 a 59,Hombres,Quintil bajo,Norte,Trabajadores rutinarios,Movilidad mixta,96.11,0,96.11,46.16339112,168,45.839999999999996,43.889982540000005,202.33277958000002
5564,75.86,30.87,10.01,51.26,8.837099,398.72230401999997,168,10018-1-01,30 a 44,Hombres,Quintil medio,Centro,Cuidadores domesticos,Movilidad mixta,303.34,0,303.34,95.38230401999999,168,40.88,271.66002612000005,632.9206332400001
5566,52.75,37.4,4.22,73.63,3.85558,132.37184225,168,10020-1-01,30 a 44,Hombres,Quintil bajo,Norte,Trabajadores rutinarios,Movilidad mixta,91.49,0,91.49,40.88184225,168,41.62,71.01000275000001,231.47924235
5577,64.63,36.66,10.15,56.56000000000001,7.425595,228.65619206000002,168,10043-1-01,30 a 44,Hombres,Quintil medio,Norte,Trabajadores rutinarios,Movilidad mixta,198.74,0,198.74,29.91619206,168,46.809999999999995,251.26001278999996,598.8521147399999
5584,30.18,65.32,6.08,66.42,3.001861,79.47616094,168,10058-1-02,30 a 44,Mujeres,Quintil bajo,Sur,Rutina flexible,Movilidad mixta,18.88,0,18.88,60.59616094,168,71.39999999999999,11.120004039999998,225.45287944
5586,24.01,58.35,4.73,80.91000000000001,0.813536,14.61965812666667,168,10063-1-02,18 a 29,Mujeres,Quintil bajo,Sur,Jovenes trabajadores,Movilidad mixta,10.92,8.33333333333333,2.5866666666666696,12.03299146,168,63.08,4.913341233333332,56.23119211333333
5592,50.6,56.77,2.75,57.88,3.309493,85.6603408,168,10076-1-02,18 a 29,Mujeres,Quintil medio,Sur,Jovenes trabajadores,Movilidad mixta,68.2,0,68.2,17.460340799999997,168,59.52,81.800005,278.78102835999994
5598,13.7,22.39,25.01,106.90000000000002,3.098137,42.4444769,168,10084-1-01,60 o mas,Mujeres,Quintil bajo,Centro,Trabajadores rutinarios,Movilidad mixta,0,0,0,42.4444769,168.00000000000003,47.400000000000006,0,146.8516937999999
5609,51.92,33.65,6.78,75.65,2.809604,137.34462711999998,168,10102-1-02,30 a 44,Mujeres,Quintil bajo,Centro,Cuidadores domesticos,Movilidad mixta,28.970000000000002,0,28.970000000000002,108.37462711999999,168,40.43,8.530012560000046,122.12230228000004
5616,70.71,16.07,5.79,75.42999999999999,3.0793,217.73730299999997,168,10120-1-02,30 a 44,Mujeres,Quintil bajo,Sur,Cuidadores domesticos,Movilidad mixta,0,0,0,217.73730299999997,168,21.86,0,67.31349800000007
5621,64.05,20.82,14.92,68.21,3.618285,114.01642521764711,168,10128-1-01,45 a 59,Hombres,Quintil bajo,Centro,Trabajadores rutinarios,Movilidad mixta,119.03,61.7647058823529,57.2652941176471,56.7511311,168,35.74,117.7347290323529,247.05223493235292
5622,40.39,60.85,10.56,56.19999999999999,3.097664,125.11464896,168,10129-1-02,30 a 44,Mujeres,Quintil bajo,Centro,Rutina flexible,Movilidad mixta,0,0,0,125.11464896,168,71.41,0,221.20418624
5629,49.95,42.57,8.51,66.96999999999998,5.335641,107.61527899999999,168,10134-1-01,45 a 59,Hombres,Quintil medio,Norte,Trabajadores rutinarios,Movilidad mixta,91.1,0,91.1,16.515279,168,51.08,158.89998895000002,431.44453123000005
5636,60.82,26.7,12.68,67.80000000000001,2.821985,147.81310926,168,10145-1-02,45 a 59,Mujeres,Quintil bajo,Sur,Cuidadores domesticos,Movilidad mixta,26.18,0,26.18,121.63310926,168,39.379999999999995,23.820018440000013,134.94978774
5654,47.2,30.85,10.44,79.50999999999999,3.102332,113.20411620152672,168,10183-1-01,60 o mas,Mujeres,Quintil bajo,Centro,Cuidadores domesticos,Movilidad mixta,39.15,72.3759541984733,-33.225954198473296,146.4300704,168,41.29,33.22595419847329,161.3212424784733
5657,31.81,65.54,7.58,63.06999999999999,25.47966,488.21798096000003,168,10189-1-01,30 a 44,Mujeres,Quintil alto,Sur,Jovenes trabajadores,Movilidad mixta,427.71000000000004,0,427.71000000000004,60.50798095999999,168,73.12,322.29000363999995,2185.36274284
5659,54.17,50.79,2.83,60.21,9.583441,167.51498726,168,10200-1-01,45 a 59,Hombres,Quintil alto,Centro,Jovenes trabajadores,Movilidad mixta,248.38,125,123.38,44.13498726,168,53.62,351.6200117100001,865.4841181300001
5660,41.28,49.89,7.59,69.24,3.102554,128.07342912000001,168,10201-1-04,45 a 59,Mujeres,Quintil bajo,Norte,Rutina flexible,Movilidad mixta,0,0,0,128.07342912000001,168,57.480000000000004,0,178.33480392
5671,70.55,28.77,9.63,59.050000000000004,3.453109,169.346809,168,10220-1-01,45 a 59,Mujeres,Quintil bajo,Centro,Cuidadores domesticos,Movilidad mixta,75.72999999999999,0,75.72999999999999,93.616809,168,38.4,74.27003094999998,206.86941654999993
5682,71.39,28.6,3.37,64.63999999999999,8.492757,313.20793126,168,10238-1-01,45 a 59,Mujeres,Quintil alto,Centro,Cuidadores domesticos,Movilidad mixta,231.91,0,231.91,81.29793126,168,31.970000000000002,293.0899909699999,564.60343226
5684,47.4,48.7,7.94,63.959999999999994,5.116821,120.9673286,168,10238-1-03,18 a 29,Mujeres,Quintil alto,Centro,Jovenes trabajadores,Movilidad mixta,96.18,0,96.18,24.787328599999995,168,56.64,121.56998679999998,411.38672824
5689,45.95,37.73,10.71,73.60999999999999,3.071615,141.14070925000001,168,10248-1-02,45 a 59,Mujeres,Quintil bajo,Sur,Cuidadores domesticos,Movilidad mixta,0,0,0,141.14070925000001,168,48.44,0,148.78903060000002
5697,50.21,39.25,9.29,69.25,3.056581,93.19092229,168,10260-1-02,45 a 59,Hombres,Quintil bajo,Sur,Trabajadores rutinarios,Movilidad mixta,59.720000000000006,0,59.720000000000006,33.470922290000004,168,48.54,60.28000972000001,208.64645145999998
5700,40.81,54.8,6.33,66.06,3.031333,123.70869973,168,10265-1-02,45 a 59,Mujeres,Quintil bajo,Centro,Cuidadores domesticos,Movilidad mixta,0,0,0,123.70869973,168,61.129999999999995,0,185.30538628999997
5703,82.63,22.37,7.76,55.24,4.521025,293.81229314999996,168,10271-1-01,30 a 44,Mujeres,Quintil bajo,Sur,Cuidadores domesticos,Movilidad mixta,165.24,0,165.24,128.57229314999998,168,30.130000000000003,79.760002600000007,215.97848584999997
5708,94.89,25.68,9.93,37.5,5.026754,345.44863336,168,10290-1-01,45 a 59,Hombres,Quintil medio,Centro,Cuidadores domesticos,Movilidad mixta,168.45999999999998,0,168.45999999999998,176.98863336,168,35.61,131.54005370000004,310.54276364000003
5719,44.08,51.51,6.51,65.89999999999999,11.081203,217.92941816,168,10299-1-01,45 a 59,Hombres,Quintil alto,Norte,Jovenes trabajadores,Movilidad mixta,204.47,0,204.47,13.45941816,168,58.019999999999996,270.53001008,913.46140814
5720,72.45,24.99,6.04,64.52,4.748008,197.33322065,168,10299-1-02,45 a 59,Mujeres,Quintil alto,Norte,Cuidadores domesticos,Movilidad mixta,110.84,0,110.84,86.49322065,168,31.029999999999998,146.65995894999998,293.99064719
5721,54.5,44.82,6.17,62.510000000000005,5.139768,162.2173465,168,10302-1-01,18 a 29,Hombres,Quintil medio,Centro,Jovenes trabajadores,Movilidad mixta,132.1,0,132.1,30.117346499999996,168,50.99,117.90000950000004,379.97677982000005
5725,19.68,56.93,9.52,81.86999999999999,3.112137,61.24685616,168,10307-1-01,45 a 59,Mujeres,Quintil medio,Norte,Rutina flexible,Movilidad mixta,0,0,0,61.24685616,168,66.45,0,206.80150365000003
5737,60.06,40.93,7.35,59.65999999999999,7.477628,230.31632936,168,10333-1-01,45 a 59,Mujeres,Quintil alto,Centro,Cuidadores domesticos,Movilidad mixta,156.21,0,156.21,74.10632935999999,168,48.28,218.79000832000003,579.8098881600001
5744,51.23,53.04,7.96,55.77000000000001,4.527588,124.16832806,168,10348-1-01,30 a 44,Hombres,Quintil medio,Norte,Jovenes trabajadores,Movilidad mixta,104.72,0,104.72,19.44832806,168,61,107.78000517999999,383.96287318
5749,55.23,34.81,17.92,60.040000000000006,4.36834,139.79342243,168,10354-1-01,45 a 59,Hombres,Quintil bajo,Sur,Trabajadores rutinarios,Movilidad mixta,123.53,0,123.53,16.263422430000002,168,52.730000000000004,101.46999577,331.81256396999993
5750,49.43,21.62,11.1,85.85,3.062178,128.81347073,168,10354-1-02,45 a 59,Mujeres,Quintil bajo,Sur,Cuidadores domesticos,Movilidad mixta,27.449999999999996,0,27.449999999999996,101.36347073,168,32.72,22.549987809999976,122.74445197
5754,77.98,21.89,7.59,60.53999999999999,4.000922,205.42185433999998,168,10362-1-02,45 a 59,Mujeres,Quintil medio,Centro,Cuidadores domesticos,Movilidad mixta,105.93,0,105.93,99.49185433999999,168,29.48,106.57004322000006,224.51722378000005
5768,74.11,20.17,9.95,63.769999999999996,2.295338,64.15040028580648,168,10386-1-01,45 a 59,Hombres,Quintil bajo,Centro,Trabajadores rutinarios,Movilidad mixta,67.42999999999999,48.3870967741935,19.04290322580649,45.10749705999999,168,30.12,105.95709889419354,175.09267945419353
5773,64.71,36.22,8.78,58.290000000000006,2.631757,124.83101014,168,10394-1-01,30 a 44,Hombres,Quintil bajo,Centro,Trabajadores rutinarios,Movilidad mixta,74.53,0,74.53,50.30101014,168,45,45.46998532999997,163.89905032999997
5777,86.71,35.73,5.04,40.52000000000001,0.957453,53.4323092015385,168,10398-1-01,30 a 44,Hombres,Quintil bajo,Centro,Trabajadores moviles,Movilidad mixta,56.95,11.5384615384615,45.411538461538505,8.02077074,168,40.769999999999996,29.588440428461496,68.62379923846149
5784,52.46,56.37,5.25,53.919999999999995,2.403255,60.073752429010995,168,10406-1-03,18 a 29,Hombres,Quintil bajo,Centro,Trabajadores moviles,Movilidad mixta,56.76,10.260989010989,46.499010989011,13.57474144,168,61.62,66.00100487098902,214.08957797098907
5786,56.8,17.08,18.22,75.9,2.890677,121.0104584,168,10410-1-01,30 a 44,Hombres,Quintil bajo,Centro,Trabajadores rutinarios,Movilidad mixta,69.32000000000001,0,69.32000000000001,51.690458400000004,168,35.3,43.17999520000001,145.2208933
5807,12.23,87.01,8.25,60.510000000000005,3.123717,38.20305891,168,10453-1-04,18 a 29,Mujeres,Quintil bajo,Centro,Rutina flexible,Movilidad mixta,0,0,0,38.20305891,168,95.26,0,297.56528142
5808,50.18,47.19,12.2,58.42999999999999,2.240402,55.7158071424242,168,10454-1-01,60 o mas,Mujeres,Quintil bajo,Sur,Rutina flexible,Movilidad mixta,46.55,83.25757575757581,-36.70757575757581,92.423382900000007,168,59.39,56.707565217575805,189.7650399975758
5812,53.9,29.5,7.6,77,4.212193,199.22723720000005,168,10470-1-01,30 a 44,Mujeres,Quintil bajo,Centro,Cuidadores domesticos,Movilidad mixta,97.19000000000001,0,97.19000000000001,102.03723720000002,168,37.1,27.809965499999947,184.08232579999998
5819,68.58,49.16,2.1,48.160000000000004,2.696607,144.77327512,168,10477-1-01,18 a 29,Hombres,Quintil bajo,Norte,Trabajadores moviles,Movilidad mixta,79.84,0,79.84,64.93327511999999,168,51.26,40.16003294000001,178.38810776000003
5826,91.47,19.39,5.23,51.91,2.160805,99.80880842999998,168,10496-1-01,30 a 44,Hombres,Quintil bajo,Norte,Trabajadores moviles,Movilidad mixta,77.15999999999998,0,77.15999999999998,22.64880843,168,24.62,97.84002492,151.03904402
5828,60.1,26.35,12.34,69.21000000000001,3.155192,187.3070545,168,10497-1-02,30 a 44,Mujeres,Quintil bajo,Centro,Cuidadores domesticos,Movilidad mixta,10.18,0,10.18,177.12705449999999,168,38.69,2.3199847000000204,124.39436317999997
5830,62.43,47.28,7.62,50.669999999999995,3.423076,205.99265523999998,168,10501-1-01,30 a 44,Mujeres,Quintil bajo,Centro,Cuidadores domesticos,Movilidad mixta,54.790000000000006,0,54.790000000000006,151.20265523999998,168,54.9,7.709979440000012,195.63685184000008
5841,38.55,44.69,11.99,72.77,3.130519,120.68150745000001,168,10516-1-02,45 a 59,Mujeres,Quintil medio,Norte,Rutina flexible,Movilidad mixta,0,0,0,120.68150745000001,168,56.68,-1.4210854715202004e-14,177.43781692
5843,6.26,63.53,8.8,89.41000000000001,3.158121,19.769837459999998,168,10518-1-04,18 a 29,Mujeres,Quintil bajo,Centro,Rutina flexible,Movilidad mixta,0,0,0,19.769837459999998,168,72.33,0,228.42689192999998
5845,24.49,39.26,19.64,84.61,3.056898,74.86343201999999,168,10520-1-02,60 o mas,Mujeres,Quintil bajo,Norte,Rutina flexible,Movilidad mixta,0,0,0,74.86343201999999,168,58.9,0,180.05129219999998
5847,1.7,51.26,6.85,108.19000000000003,3.091935,5.256289499999999,168,10525-1-03,18 a 29,Hombres,Quintil bajo,Centro,Rutina flexible,Movilidad mixta,0,0,0,5.256289499999999,168.00000000000003,58.11,0,179.6723428499999
5848,66.82,40,10.16,51.02000000000001,1.336595,89.3112705,168,10526-1-04,60 o mas,Mujeres,Quintil medio,Norte,Cuidadores domesticos,Movilidad mixta,0,0,0,89.3112705,168,50.16,7.399999987001138e-6,67.04361259999999
5850,64.43,17.5,11.44,74.63,2.997332,133.52806166,168,10528-1-01,45 a 59,Mujeres,Quintil bajo,Centro,Trabajadores rutinarios,Movilidad mixta,60.41,0,60.41,73.11806166,168,28.939999999999998,59.59003910000004,146.33282718000004
5854,90.48,18.57,10.62,48.33,4.295922,201.33503484,168,10540-1-02,30 a 44,Mujeres,Quintil alto,Norte,Cuidadores domesticos,Movilidad mixta,112.63999999999999,50,62.639999999999986,138.69503484,168,29.189999999999998,187.35998772000005,312.7579509
5856,73.58,13.89,8.6,71.93,3.051276,129.01287073999998,168,10543-1-01,60 o mas,Hombres,Quintil bajo,Sur,Trabajadores rutinarios,Movilidad mixta,54.5,0,54.5,74.51287074,168,22.490000000000002,95.50001734000003,164.12321458000002
5867,69.57,35.28,5.38,57.77,0.450415,31.33539552,168,10567-1-04,18 a 29,Hombres,Quintil bajo,Centro,Trabajadores moviles,Movilidad mixta,0,0,0,31.33539552,168,40.660000000000004,-2.397000000087246e-5,18.313849929999996
5873,111.14,9.26,5.48,42.120000000000005,2.238392,200.22487364,168,10580-1-02,30 a 44,Mujeres,Quintil bajo,Centro,Cuidadores domesticos,Movilidad mixta,76.45000000000002,0,76.45000000000002,123.77487364,168,14.74,48.55001324000003,81.54391132
5875,85.03,6.16,11.28,65.53,3.565086,144.53927005,168,10582-1-03,30 a 44,Hombres,Quintil bajo,Norte,Trabajadores moviles,Movilidad mixta,141.4,0,141.4,3.1392700500000004,168,17.439999999999998,158.59999252999998,220.77509237
5878,44.07,48.55,12.51,62.87000000000001,3.355473,48.325709550000006,168,10584-1-03,18 a 29,Hombres,Quintil bajo,Norte,Trabajadores moviles,Movilidad mixta,54.2,18.75,35.45,12.875709550000002,168.00000000000003,61.059999999999995,99.54998556000001,304.43516694
5879,55.22,38.24,11.41,63.129999999999995,3.783471,149.57326778,168,10587-1-01,30 a 44,Mujeres,Quintil bajo,Centro,Trabajadores rutinarios,Movilidad mixta,103.15,0,103.15,46.42326778,168,49.650000000000006,59.35000083999998,247.19933599000004
5887,50.7,43.15,14.42,59.730000000000004,3.041471,154.2025797,168,10596-1-02,30 a 44,Mujeres,Quintil bajo,Centro,Cuidadores domesticos,Movilidad mixta,0,0,0,154.2025797,168,57.57,0,175.09748546999998
5891,83.01,15.58,8.5,60.91,3.025187,251.12077286999997,168,10604-1-02,45 a 59,Mujeres,Quintil bajo,Centro,Cuidadores domesticos,Movilidad mixta,0,0,0,251.12077286999997,168,24.08,2.842170943040401e-14,72.84650296000004
5900,32.77,28.98,8.29,97.95999999999998,3.093331,101.36845686999999,168,10619-1-02,45 a 59,Mujeres,Quintil bajo,Norte,Cuidadores domesticos,Movilidad mixta,0,0,0,101.36845686999999,167.99999999999997,37.269999999999996,2.842170943040401e-14,115.28844637000009
5901,64.54,32.04,7.8,63.61999999999999,3.037536,196.04257343999996,168,10621-1-02,45 a 59,Mujeres,Quintil bajo,Centro,Cuidadores domesticos,Movilidad mixta,0,0,0,196.04257343999996,168,39.839999999999996,5.684341886080802e-14,121.01543424000005
5904,60.7,27.02,8.41,71.87,4.852545,140.30933238636004,168,10625-1-02,45 a 59,Hombres,Quintil alto,Centro,Trabajadores rutinarios,Movilidad mixta,137.79000000000002,42.03013481364,95.75986518636003,44.5494672,168,35.43,154.24014911363997,326.16581846363994
5907,38.95,36.79,8.74,83.52000000000002,3.160758,123.11152410000001,168,10626-1-02,30 a 44,Mujeres,Quintil bajo,Centro,Cuidadores domesticos,Movilidad mixta,0,0,0,123.11152410000001,168.00000000000003,45.53,0,143.9093117399999
5911,18.93,31.42,14.97,102.67999999999999,2.977301,56.360307930000005,168,10628-1-02,45 a 59,Hombres,Quintil bajo,Sur,Rutina flexible,Movilidad mixta,0,0,0,56.360307930000005,168,46.39,0,138.11699339000003
5920,62.42,26.98,5.54,73.05999999999999,2.386384,83.41808184,168,10642-1-01,60 o mas,Hombres,Quintil bajo,Sur,Trabajadores rutinarios,Movilidad mixta,59.46,0,59.46,23.95808184,168,32.52,65.54000744,143.14521512000005
5925,56.05,58.55,10.86,42.540000000000006,6.398877,174.65707344999998,168,10654-1-01,45 a 59,Mujeres,Quintil medio,Norte,Jovenes trabajadores,Movilidad mixta,141,0,141,33.65707345,168,69.41,183.99998239999996,628.14603497
5934,49.38,51,6.41,61.21000000000001,3.815881,118.58819086,168,10670-1-01,45 a 59,Hombres,Quintil bajo,Sur,Trabajadores moviles,Movilidad mixta,105.16,0,105.16,13.428190859999999,168,57.41,69.84001292000002,288.90974113
5936,60.05,35.06,10.82,62.07,9.494046,300.22744685000004,168,10672-1-01,30 a 44,Hombres,Quintil medio,Centro,Cuidadores domesticos,Movilidad mixta,267.61,12.5,255.11,45.11744685,168,45.88,269.89001545,705.4768459300001
5940,18.29,14.24,10.78,124.69,3.019627,55.22897782999999,168,10676-1-02,18 a 29,Mujeres,Quintil bajo,Centro,Rutina flexible,Movilidad mixta,0,0,0,55.22897782999999,168,25.02,0,75.55106754000002
5948,79.93,18.07,9.52,60.480000000000004,2.855435,181.92494344999997,168,10694-1-01,18 a 29,Mujeres,Quintil bajo,Norte,Cuidadores domesticos,Movilidad mixta,61.18999999999999,0,61.18999999999999,120.73494344999999,168,27.59,46.30997610000006,125.09142775000001
5961,90.5,22.43,6.94,48.13,2.863666,135.23176,168,10714-1-01,30 a 44,Hombres,Quintil medio,Norte,Trabajadores moviles,Movilidad mixta,113.32000000000001,0,113.32000000000001,21.911759999999997,168,29.37,123.93001299999997,208.03588342
5966,87.3,18.54,6.44,55.720000000000006,2.229472,155.85289419999998,168,10720-1-03,18 a 29,Mujeres,Quintil bajo,Norte,Cuidadores domesticos,Movilidad mixta,36.22,0,36.22,119.63289419999998,168,24.98,38.78001140000001,94.47222196000001
5975,82.17,22.95,9.35,53.529999999999994,3.015445,247.77911565000002,168,10728-1-04,60 o mas,Mujeres,Quintil bajo,Centro,Cuidadores domesticos,Movilidad mixta,0,0,0,247.77911565000002,168,32.3,0,97.39887350000001
5979,64.14,34.49,9.23,60.14,9.513632,294.3943532200001,168,10737-1-01,45 a 59,Hombres,Quintil alto,Sur,Cuidadores domesticos,Movilidad mixta,359.19000000000005,125,234.19000000000005,60.20435322,168,43.72,315.8100032599999,731.7459942999999
5995,75.23,25,4.91,62.86,2.771581,147.86607565,168,10772-1-01,18 a 29,Hombres,Quintil bajo,Norte,Cuidadores domesticos,Movilidad mixta,54.36,0,54.36,93.50607565,168,29.91,60.63996298000001,143.53795068999997
5999,71.42,25.05,12.49,59.04,3.912947,174.20269424,168,10779-1-02,45 a 59,Mujeres,Quintil medio,Centro,Cuidadores domesticos,Movilidad mixta,94.74,0,94.74,79.46269424,168,37.54,105.25998050000001,252.15201088
6004,56.86,12.5,10.82,87.82,3.033745,163.28874901999998,168,10791-1-02,45 a 59,Mujeres,Quintil bajo,Centro,Cuidadores domesticos,Movilidad mixta,8.29,0,8.29,154.99874902,168,23.32,9.20999168000003,79.95692508000005
6008,58.13,48.16,5.37,56.34000000000001,3.212211,122.83581465000002,168,10798-1-01,18 a 29,Hombres,Quintil bajo,Centro,Jovenes trabajadores,Movilidad mixta,98.61000000000001,0,98.61000000000001,24.22581465,168,53.529999999999994,63.89001078,235.83966560999994
6009,48.59,53.96,8.46,56.98999999999999,2.404313,71.6155898,168,10798-1-02,18 a 29,Hombres,Quintil bajo,Centro,Jovenes trabajadores,Movilidad mixta,69.78999999999999,0,69.78999999999999,1.8255898,168,62.42,45.209978870000015,195.28719633000003
6011,68.05,31.51,9.03,59.41,2.980434,202.8185337,168,10802-1-02,30 a 44,Mujeres,Quintil medio,Centro,Cuidadores domesticos,Movilidad mixta,0,0,0,202.8185337,168,40.54,0,120.82679436000001
6016,39.51,58.22,14.2,56.07000000000001,3.58744,115.42975032000001,168,10819-1-01,18 a 29,Hombres,Quintil bajo,Centro,Jovenes trabajadores,Movilidad mixta,86.19000000000001,0,86.19000000000001,29.23975032,168,72.42,26.31000407999997,286.11240888
6029,84.43,25.56,8.53,49.47999999999999,4.23136,245.15370871999997,168,10843-1-02,45 a 59,Mujeres,Quintil alto,Sur,Trabajadores moviles,Movilidad mixta,137.89999999999998,0,137.89999999999998,107.25370871999999,168,34.089999999999996,112.10001608000002,256.34707848000005
6030,32.95,65.7,10.79,58.56000000000001,3.527629,80.4253732,168,10845-1-01,18 a 29,Mujeres,Quintil bajo,Centro,Rutina flexible,Movilidad mixta,46.69,0,46.69,33.7353732,168,76.49000000000001,35.81000235000002,305.63834456000006
6032,115.47,10.19,7.12,35.220000000000006,2.615079,250.76249552604938,168,10849-1-01,30 a 44,Mujeres,Quintil bajo,Norte,Cuidadores domesticos,Movilidad mixta,67.75,16.4506172839506,51.2993827160494,199.46311280999998,168,17.31,51.200676603950654,96.46769409395066
6043,87.98,21.11,9.36,49.55,3.931548,267.36758399999997,168,10862-1-01,45 a 59,Hombres,Quintil bajo,Centro,Cuidadores domesticos,Movilidad mixta,121.46999999999998,0,121.46999999999998,145.897584,168,30.47,78.53000904000004,198.32427660000002
6051,62.66,27.91,11.45,65.98,2.545413,104.49406039846154,168,10875-1-01,30 a 44,Mujeres,Quintil medio,Centro,Trabajadores moviles,Movilidad mixta,53.46,3.46153846153846,49.99846153846154,54.49559886,168,39.36,55.00151818153846,155.18897386153844
6052,38.25,22.42,12.72,94.61,7.785448,100.20337975,168,10876-1-01,60 o mas,Hombres,Quintil medio,Sur,Trabajadores rutinarios,Movilidad mixta,234.91,232.5,2.4099999999999966,97.79337975,168,35.14,197.59000625,471.17064896999995
6056,27.73,39.06,20.28,80.93,5.828556,90.90585757,168,10884-1-03,30 a 44,Hombres,Quintil medio,Centro,Rutina flexible,Movilidad mixta,54.279999999999994,0,54.279999999999994,36.62585757,168,59.34,70.72000031000002,416.5865133499999
6062,49.47,58.01,6.18,54.34,4.700246,186.08118480000002,168,10893-1-02,30 a 44,Mujeres,Quintil bajo,Sur,Rutina flexible,Movilidad mixta,98.56,0,98.56,87.5211848,168,64.19,46.43998481999998,348.14877555999993
6067,66.84,33.26,9.63,58.27,2.242348,108.04854660000001,168,10900-1-02,30 a 44,Hombres,Quintil bajo,Sur,Trabajadores moviles,Movilidad mixta,55.67,0,55.67,52.3785466,168,42.89,41.829993719999976,138.00429943999995
6081,51.06,47.15,10.75,59.03999999999999,1.450209,40.474043856363636,168,10925-1-01,45 a 59,Hombres,Quintil bajo,Centro,Trabajadores moviles,Movilidad mixta,22.789999999999996,6.36363636363636,16.426363636363636,24.04768022,168,57.9,33.573627683636374,117.54072878363638
6087,97.74,18.58,5.29,46.39000000000001,3.047464,240.34912499999996,168,10930-1-03,18 a 29,Mujeres,Quintil medio,Centro,Cuidadores domesticos,Movilidad mixta,67.49,0,67.49,172.85912499999998,168,23.869999999999997,57.510006360000034,130.25297204000003
6088,50.34,32.9,11.8,72.96,7.019075,111.791686311429,168,10935-1-01,45 a 59,Mujeres,Quintil alto,Centro,Trabajadores rutinarios,Movilidad mixta,229.88,171.428571428571,58.451428571429005,53.34025774,168,44.7,241.548549188571,555.301201688571
6089,52.98,57.02,17.33,40.67000000000001,1.644631,65.49256026,168,10936-1-03,18 a 29,Mujeres,Quintil bajo,Norte,Trabajadores moviles,Movilidad mixta,40.86,0,40.86,24.63256026,168,74.35,21.639990119999993,143.91830496999995
6090,64.43,41.61,9.9,52.059999999999995,8.672307,147.358228077215,168,10937-1-01,30 a 44,Mujeres,Quintil alto,Centro,Jovenes trabajadores,Movilidad mixta,282.38,193.778538812785,88.601461187215,58.75676689,168,51.51,411.398511932785,858.109045502785
6100,2.73,44.23,6.17,114.87000000000002,2.850238,7.78114974,168,10951-1-03,18 a 29,Mujeres,Quintil bajo,Norte,Rutina flexible,Movilidad mixta,0,0,0,7.78114974,168,50.4,0,143.65199519999996
6107,64.59,27.63,11.07,64.71000000000001,3.693651,43.742895650000015,168,10959-1-01,30 a 44,Mujeres,Quintil bajo,Norte,Trabajadores rutinarios,Movilidad mixta,180.17000000000002,187.5,-7.329999999999984,51.07289565,168,38.7,194.83002244,337.77431613999994
6114,85.9,14.07,11.18,56.85,3.302533,191.94028173333334,168,10973-1-01,45 a 59,Hombres,Quintil medio,Norte,Cuidadores domesticos,Movilidad mixta,87.81,4.55729166666667,83.25270833333333,108.68757340000002,168,25.25,91.74730296666667,175.1362612166667
6127,50.41,21.74,12.97,82.88000000000001,3.037053,153.09784172999997,168,10985-1-02,18 a 29,Mujeres,Quintil bajo,Norte,Cuidadores domesticos,Movilidad mixta,0,0,0,153.09784172999997,168,34.71,0,105.41610963
6132,72.42,25.15,9.58,60.85000000000001,2.866763,147.24095906,168,11000-1-01,45 a 59,Mujeres,Quintil medio,Norte,Cuidadores domesticos,Movilidad mixta,52.13,0,52.13,95.11095906,168,34.73,60.37001740000002,159.93269639000002
6140,84.77,22.34,8.42,52.47,2.256461,170.81437334538458,168,11013-1-03,18 a 29,Mujeres,Quintil bajo,Centro,Cuidadores domesticos,Movilidad mixta,30.7,16.16586538461539,14.534134615384609,156.28023872999998,168,30.759999999999998,20.465825624615405,89.8745659846154
6158,52.12,31.17,9.38,75.33,3.047375,158.82918500000002,168,11051-1-01,30 a 44,Mujeres,Quintil bajo,Centro,Cuidadores domesticos,Movilidad mixta,0,0,0,158.82918500000002,168,40.550000000000004,-2.842170943040401e-14,123.57105625
6161,60.22,38.58,8.16,61.040000000000006,3.239423,109.76807851999999,168,11056-1-02,45 a 59,Mujeres,Quintil bajo,Norte,Trabajadores rutinarios,Movilidad mixta,64.69,0,64.69,45.07807852,168,46.739999999999995,85.30997454000001,236.72060556
6169,39.58,41.48,10.85,76.09000000000003,2.965895,117.39012410000001,168,11071-1-02,30 a 44,Mujeres,Quintil bajo,Sur,Rutina flexible,Movilidad mixta,0,0,0,117.39012410000001,168.00000000000003,52.33,0,155.2052853499999
6184,57.58,32.02,11.49,66.91000000000001,2.139647,10.947332952903208,168,11102-1-01,45 a 59,Hombres,Quintil bajo,Norte,Trabajadores rutinarios,Movilidad mixta,61.940000000000005,61.6935483870968,0.24645161290320772,10.70088134,168,43.510000000000005,112.2535413070968,205.3495822770968
6185,90.05,11.93,7.82,58.20000000000001,3.063396,248.64880374999998,168,11103-1-01,30 a 44,Hombres,Quintil bajo,Centro,Cuidadores domesticos,Movilidad mixta,122.78999999999999,0,122.78999999999999,125.85880374999999,168,19.75,27.210006050000032,87.71207704999998
6186,68.99,16,9.16,73.85000000000001,2.974658,205.22165542000002,168,11103-1-02,18 a 29,Mujeres,Quintil bajo,Centro,Cuidadores domesticos,Movilidad mixta,0,0,0,205.22165542000002,168,25.16,-5.684341886080802e-14,74.84239527999992
6197,51.37,43.02,5.14,68.46999999999998,2.591064,40.97386265776891,168,11114-1-02,30 a 44,Mujeres,Quintil bajo,Sur,Trabajadores rutinarios,Movilidad mixta,79.46000000000001,71.5890850722311,7.870914927768908,33.102947730000004,168,48.160000000000004,92.12909502223107,216.91473726223114
6200,66.13,25.66,13.25,62.96000000000001,2.690869,151.28717454,168,11120-1-01,30 a 44,Mujeres,Quintil bajo,Centro,Trabajadores rutinarios,Movilidad mixta,85.84,0,85.84,65.44717453999999,168,38.91,26.659992430000017,131.36170522
6217,58.14,34.59,8.35,66.92,8.717743,326.39956276000004,168,11146-1-01,45 a 59,Hombres,Quintil medio,Sur,Trabajadores rutinarios,Movilidad mixta,269.55,0,269.55,56.849562760000005,168,42.940000000000005,180.45001526,554.78989968
6218,79.94,20.78,3.7,63.58,3.532313,177.92309894000002,168,11148-1-01,18 a 29,Hombres,Quintil bajo,Sur,Trabajadores rutinarios,Movilidad mixta,145.55,0,145.55,32.37309894,168,24.48,104.45000227999995,190.92102451999997
6219,59.4,13.32,8.28,87,2.198346,79.84534552635981,168,11150-1-02,30 a 44,Mujeres,Quintil medio,Sur,Trabajadores rutinarios,Movilidad mixta,78.5,41.7364016736402,36.7635983263598,43.0817472,168,21.6,50.73640687364019,98.22068047364019
6226,77.53,25.09,11.51,53.87,7.421503,367.42910890999997,168,11169-1-02,30 a 44,Hombres,Quintil medio,Centro,Cuidadores domesticos,Movilidad mixta,267.03999999999996,0,267.03999999999996,100.38910891,168,36.6,207.96001868000008,479.5870284800001
6227,50.47,19.23,8.32,89.97999999999999,0.647203,32.66432694,168,11170-1-05,18 a 29,Hombres,Quintil bajo,Centro,Trabajadores rutinarios,Movilidad mixta,0,0,0,32.66432694,168,27.55,8.469999997373634e-6,17.83045112
6228,83.23,21.2,10.34,53.22999999999999,3.129076,111.57297106,168,11171-1-01,60 o mas,Hombres,Quintil bajo,Centro,Trabajadores moviles,Movilidad mixta,101.14,0,101.14,10.43297106,168,31.54,148.86002442,247.55108146000003
6230,54.65,38.15,7.99,67.21,2.462949,68.12019005,168,11181-1-01,45 a 59,Hombres,Quintil bajo,Sur,Trabajadores rutinarios,Movilidad mixta,48.52,0,48.52,19.600190050000002,168,46.14,66.4799728,180.12043966
6231,94.2,28.99,8.6,36.21,1.771661,152.95010304310955,168,11182-1-02,45 a 59,Mujeres,Quintil medio,Centro,Cuidadores domesticos,Movilidad mixta,16.36,5.30035335689046,11.05964664310954,141.8904564,168,37.589999999999996,13.940363156890442,80.53710014689042
6232,60.14,39.42,3.35,65.09,2.014579,112.11152863802121,168,11182-1-04,18 a 29,Mujeres,Quintil medio,Centro,Cuidadores domesticos,Movilidad mixta,10.649999999999999,3.4452296819788,7.204770318021199,104.90675832000001,168,42.77,9.045252421978788,95.20879625197878
6243,67.42,32.48,7.34,60.75999999999999,2.622918,176.61715714000002,168,11212-1-02,30 a 44,Mujeres,Quintil bajo,Centro,Cuidadores domesticos,Movilidad mixta,14.780000000000001,0,14.780000000000001,161.83715714000002,168,39.81999999999999,0.21997441999997136,104.66456918
6248,57.57,37.24,11.62,61.57,3.220196,81.286433846862,168,11224-1-01,45 a 59,Hombres,Quintil bajo,Centro,Trabajadores rutinarios,Movilidad mixta,72.29,51.390268123138,20.899731876862006,60.38670197,168,48.86,104.10024987313801,261.43902643313805
6265,58.82,31.22,6.21,71.75000000000001,34.59939,632.52609978,168,11262-1-01,45 a 59,Hombres,Quintil alto,Norte,Trabajadores rutinarios,Movilidad mixta,597.39,0,597.39,35.13609978,168,37.43,1402.6100200199999,2697.6651877199993
6269,38.28,43.27,16.82,69.63,3.079962,20.570945360000024,168,11266-1-02,60 o mas,Mujeres,Quintil bajo,Sur,Rutina flexible,Movilidad mixta,55.67000000000001,153,-97.32999999999998,117.90094536000001,168,60.09,97.32999999999998,282.40491657999996
6280,36.57,38.15,13.29,79.99000000000001,3.146909,66.34246213,168,11282-1-02,60 o mas,Mujeres,Quintil medio,Centro,Rutina flexible,Movilidad mixta,32.510000000000005,81.25,-48.739999999999995,115.08246213,168,51.44,48.739999999999995,210.61699896
6282,49.49,42.08,5.18,71.25,3.354117,104.82525818999999,168,11285-1-01,30 a 44,Mujeres,Quintil bajo,Norte,Cuidadores domesticos,Movilidad mixta,131.32999999999998,117.5,13.829999999999984,90.99525819,168,47.26,61.16999214000002,219.68556156
6283,71.04,50.14,5.51,41.309999999999995,3.572113,151.56287551999998,168,11286-1-01,45 a 59,Mujeres,Quintil bajo,Sur,Jovenes trabajadores,Movilidad mixta,72.8,0,72.8,78.76287552,168,55.65,102.20003200000005,300.98812045
6285,57.85,48.69,6.27,55.19000000000001,2.676026,50.15502677692311,168,11290-1-03,18 a 29,Hombres,Quintil medio,Centro,Jovenes trabajadores,Movilidad mixta,72.27000000000001,76.9230769230769,-4.653076923076895,54.808103700000004,168,54.959999999999994,104.65307732307687,251.72746628307684
6287,62.44,41.3,11.96,52.300000000000004,2.67119,131.72911552,168,11294-1-01,45 a 59,Hombres,Quintil bajo,Centro,Trabajadores moviles,Movilidad mixta,77.44,0,77.44,54.289115519999996,168,53.26,35.05998808000001,177.32756747999997
6292,43.27,54.3,13.65,56.779999999999994,3.393527,21.007913289999976,168,11301-1-01,60 o mas,Hombres,Quintil alto,Sur,Rutina flexible,Movilidad mixta,136.67,262.5,-125.83000000000001,146.83791329,168,67.95,125.83000000000004,356.42015965
6300,85.42,24.37,8.41,49.8,2.749302,166.26042106,168,11314-1-02,45 a 59,Mujeres,Quintil medio,Centro,Cuidadores domesticos,Movilidad mixta,68.59,0,68.59,97.67042106,168,32.78,68.58495578000003,158.70707534000002
6306,66.06,32.95,9.2,59.78999999999999,7.190186,88.30371012,168,11322-1-01,60 o mas,Mujeres,Quintil medio,Norte,Trabajadores rutinarios,Movilidad mixta,200.82,150,50.81999999999999,37.483710120000005,168,42.150000000000006,386.67997704,689.74631694
6323,74.55,26.33,8.45,58.67,3.269304,143.66661864999998,168,11349-1-05,18 a 29,Hombres,Quintil medio,Norte,Trabajadores moviles,Movilidad mixta,62.44,0,62.44,81.22661864999999,168,34.78,100.05999455000003,213.76638767000003
6325,61.27,38.18,10.05,58.499999999999986,3.542468,139.72703876,168,11351-1-02,45 a 59,Mujeres,Quintil medio,Centro,Cuidadores domesticos,Movilidad mixta,72.67999999999999,0,72.67999999999999,67.04703876,168,48.230000000000004,77.31997560000002,248.17320724000004
6327,56.65,29.28,9.94,72.13,2.615005,102.73000619999999,168,11353-1-01,45 a 59,Mujeres,Quintil bajo,Norte,Trabajadores rutinarios,Movilidad mixta,67.08999999999999,0,67.08999999999999,35.6400062,168,39.22,45.41002705,147.97052315000002
6330,62.96,20.55,8.63,75.86,3.087356,137.49996656000002,168,11362-1-01,18 a 29,Hombres,Quintil bajo,Centro,Trabajadores rutinarios,Movilidad mixta,80.62,0,80.62,56.87996656,168,29.18,56.87996720000001,146.96901528
6333,27.02,79.94,5.79,55.24999999999999,3.316929,89.62342158,168,11364-1-02,18 a 29,Mujeres,Quintil bajo,Centro,Rutina flexible,Movilidad mixta,0,0,0,89.62342158,168,85.73,0,284.36032317
6335,52.83,40.97,10.63,63.57,3.175032,20.080426014380006,168,11367-1-01,45 a 59,Hombres,Quintil medio,Sur,Trabajadores rutinarios,Movilidad mixta,110.36,118.01652892562,-7.656528925619995,27.73695494,168,51.6,147.65651454561998,311.48816574562
6337,49.98,38.9,10.02,69.10000000000001,3.172169,97.31499556,168,11371-1-03,45 a 59,Hombres,Quintil bajo,Centro,Trabajadores rutinarios,Movilidad mixta,63.769999999999996,0,63.769999999999996,33.544995560000004,168,48.92,61.23001105999998,216.41251853999995
6343,65.18,37.07,8.75,57,4.007361,158.84978510000002,168,11387-1-02,45 a 59,Mujeres,Quintil medio,Centro,Cuidadores domesticos,Movilidad mixta,97.65,0,97.65,61.1997851,168,45.82,102.35000488000003,285.96728590000004
6354,76.69,27.2,8.39,55.72,2.709062,154.68797659,168,11406-1-01,30 a 44,Mujeres,Quintil bajo,Centro,Trabajadores moviles,Movilidad mixta,103.18,31.25,71.93,82.75797659,168,35.59,53.069988189999975,149.48550476999998
6356,50.73,26.14,14.48,76.65,3.609177,42.373573300000004,168,11410-1-01,45 a 59,Mujeres,Quintil medio,Centro,Trabajadores rutinarios,Movilidad mixta,121.78,112.5,9.280000000000001,33.0935733,168,40.620000000000005,140.71997591,287.32474564999995
6359,32.85,55.31,10.58,69.26,2.9139,56.236796590322605,168,11414-1-03,18 a 29,Hombres,Quintil medio,Centro,Rutina flexible,Movilidad mixta,29.87,19.3548387096774,10.515161290322602,45.7216353,168,65.89,39.484818409677395,231.4816894096774
6365,50.14,53.27,9.91,54.68000000000001,3.732916,115.42843396,168,11429-1-01,45 a 59,Mujeres,Quintil bajo,Centro,Trabajadores moviles,Movilidad mixta,55.760000000000005,2.5,53.260000000000005,62.16843396,168,63.18000000000001,71.73997427999998,307.58560715999994
6379,74.19,19.25,8.73,65.83,3.592179,172.30379184000003,168,11460-1-01,45 a 59,Mujeres,Quintil bajo,Norte,Cuidadores domesticos,Movilidad mixta,118.30000000000001,50,68.30000000000001,104.00379184,168,27.98,94.19996816999992,194.70913658999996
6380,58.89,34.79,8.21,66.10999999999999,3.029515,178.40813835,168,11461-1-02,18 a 29,Mujeres,Quintil bajo,Centro,Cuidadores domesticos,Movilidad mixta,0,0,0,178.40813835,168,43,0,130.26914500000004
6385,75.74,15.21,5.29,71.76,3.266494,247.40425555999997,168,11473-1-02,30 a 44,Mujeres,Quintil medio,Sur,Cuidadores domesticos,Movilidad mixta,0,0,0,247.40425555999997,168,20.5,0,66.96312699999999
6391,85.16,10.69,6.07,66.08000000000001,2.390699,80.09189476,168,11483-1-02,30 a 44,Mujeres,Quintil bajo,Norte,Trabajadores moviles,Movilidad mixta,76.5,0,76.5,3.5918947599999997,168,16.759999999999998,123.50003208000001,163.56814731999998
6401,33.41,48.76,18,67.83000000000001,2.964981,48.88604462176468,168,11506-1-01,60 o mas,Mujeres,Quintil alto,Centro,Rutina flexible,Movilidad mixta,35.69,85.8639705882353,-50.173970588235306,99.06001520999999,168,66.75999999999999,50.173970588235306,248.11610214823529
6410,62.84,33.1,6.94,65.12,2.906827,7.627891942856991,168,11530-1-01,60 o mas,Hombres,Quintil bajo,Centro,Cuidadores domesticos,Movilidad mixta,102.32,152.357142857143,-50.03714285714301,57.6650348,168,40.04,175.037116737143,291.42646981714296
6413,34.59,43.24,15.15,75.01999999999998,2.540337,76.71027597,168,11534-1-01,30 a 44,Mujeres,Quintil bajo,Centro,Rutina flexible,Movilidad mixta,26.339999999999996,0,26.339999999999996,50.370275969999994,168,58.39,11.159980860000019,159.49025829000004
6415,77.02,27.09,6.51,57.38,4.174486,219.67894266,168,11538-1-01,30 a 44,Mujeres,Quintil bajo,Sur,Cuidadores domesticos,Movilidad mixta,178.16,55,123.16,96.51894266,168,33.6,101.83996906000002,242.10269866000002
6416,70.32,35.37,6.38,55.93000000000001,3.130439,145.9225152,168,11540-1-01,30 a 44,Mujeres,Quintil bajo,Norte,Cuidadores domesticos,Movilidad mixta,115.78999999999999,95,20.789999999999992,125.1325152,168,41.75,74.20995527999997,204.90578352999998
6418,57.86,35.4,9.39,65.35000000000001,9.825907,258.09701122,168,11545-1-01,30 a 44,Hombres,Quintil alto,Centro,Trabajadores rutinarios,Movilidad mixta,214.57000000000002,0,214.57000000000002,43.52701122,168,44.79,310.4299678,750.53234233
6422,63.09,18.1,18.68,68.13,3.105634,130.31444906,168,11548-1-01,60 o mas,Mujeres,Quintil medio,Sur,Cuidadores domesticos,Movilidad mixta,49.38,115,-65.62,195.93444906,168,36.78,65.62,179.84521852000003
6423,64.87,33.27,14.52,55.33999999999999,3.99793,173.505729,168,11549-1-01,30 a 44,Mujeres,Quintil bajo,Norte,Trabajadores rutinarios,Movilidad mixta,131.66,17.5,114.16,59.345729,168,47.790000000000006,85.83999010000005,276.9010648000001
6431,53.36,36.6,16.87,61.16999999999999,2.926959,121.4640889682322,168,11563-1-01,60 o mas,Mujeres,Quintil alto,Centro,Cuidadores domesticos,Movilidad mixta,28.490000000000002,63.2084432717678,-34.718443271767796,156.18253224,168,53.47,34.718443271767796,191.22294100176782
6437,54.56,50.47,9.59,53.379999999999995,4.467804,144.64338512,168,11572-1-03,30 a 44,Hombres,Quintil bajo,Norte,Jovenes trabajadores,Movilidad mixta,100.88000000000001,0,100.88000000000001,43.763385119999995,168,60.06,99.12000112000001,367.45630936000003
6446,38.51,57,10.9,61.59000000000001,3.105095,119.57720844999999,168,11591-1-04,30 a 44,Mujeres,Quintil medio,Centro,Rutina flexible,Movilidad mixta,0,0,0,119.57720844999999,168,67.9,0,210.83595049999997
6449,49.42,44.45,10.39,63.739999999999995,4.406325,148.16057134,168,11595-2-03,45 a 59,Mujeres,Quintil medio,Centro,Rutina flexible,Movilidad mixta,80.39999999999999,0,80.39999999999999,67.76057134000001,168,54.84,69.60001016000001,311.24287316
6452,64.52,36.55,8.99,57.940000000000005,5.958796,175.5515312,168,11599-1-01,18 a 29,Hombres,Quintil alto,Norte,Trabajadores rutinarios,Movilidad mixta,116.09,0,116.09,59.461531199999996,168,45.54,208.90998672,480.2735565600001
6458,56.77,28.15,7.5,75.57999999999998,2.851697,95.87084046999999,168,11610-1-03,18 a 29,Hombres,Quintil alto,Centro,Trabajadores moviles,Movilidad mixta,58.980000000000004,0,58.980000000000004,36.89084046999999,168,35.65,66.01999822000002,167.68299627000007
6460,57.02,20.9,9.41,80.66999999999999,4.892079,137.45631652,168,11612-1-01,30 a 44,Hombres,Quintil bajo,Norte,Trabajadores rutinarios,Movilidad mixta,108.51,0,108.51,28.946316519999996,168,30.31,141.49002806000001,289.76894255
6495,58.77,22.61,8.27,78.35,2.389878,111.33311065999999,168,11683-1-02,30 a 44,Mujeres,Quintil bajo,Sur,Trabajadores rutinarios,Movilidad mixta,63.379999999999995,0,63.379999999999995,47.95311066,168,30.88,29.120019400000018,102.91945204000001
6496,54.62,40.72,6.61,66.05,3.125005,131.36780702,168,11684-1-01,18 a 29,Hombres,Quintil bajo,Sur,Trabajadores rutinarios,Movilidad mixta,85.68,0,85.68,45.687807019999994,168,47.33,39.31996608,187.22645273
6510,54.49,38.64,12.01,62.85999999999999,6.306671,201.31050193,168,11703-1-01,30 a 44,Mujeres,Quintil bajo,Centro,Trabajadores rutinarios,Movilidad mixta,157.66,0,157.66,43.65050193,168,50.65,142.34000086000003,461.7728870100001
6512,50.11,20.14,19.02,78.73,5.780533,155.49248580999998,168,11706-1-01,18 a 29,Hombres,Quintil bajo,Centro,Trabajadores rutinarios,Movilidad mixta,140.82999999999998,0,140.82999999999998,14.662485810000002,168,39.16,134.17002282,360.5356951
6531,21.53,48.1,12.67,85.7,3.175738,68.37363914,168,11739-1-04,18 a 29,Mujeres,Quintil bajo,Sur,Rutina flexible,Movilidad mixta,0,0,0,68.37363914,168,60.77,1.4210854715202004e-14,192.98959826
6533,46.11,31.8,13.8,76.29,3.878971,28.478795038565117,168,11740-1-02,45 a 59,Hombres,Quintil bajo,Centro,Trabajadores moviles,Movilidad mixta,104.20000000000002,79.5805739514349,24.619426048565117,3.8593689900000006,168,45.6,150.38055777143487,327.26163537143486
6539,56.89,46.96,13.07,51.080000000000005,2.243134,127.61185284,168,11755-1-02,18 a 29,Mujeres,Quintil medio,Norte,Cuidadores domesticos,Movilidad mixta,0,0,0,127.61185284,168,60.03,4.042000000481494e-5,134.65537444
6540,28.53,58.88,8.18,72.41,2.057214,36.510403708095204,168,11755-1-03,30 a 44,Hombres,Quintil medio,Norte,Rutina flexible,Movilidad mixta,13.830000000000002,23.5119047619048,-9.681904761904796,46.19230847,168,67.06,22.181911711904803,160.13868255190482
6543,1.69,61.15,5.18,99.97999999999999,3.094298,5.22936362,168,11759-1-03,18 a 29,Mujeres,Quintil bajo,Sur,Rutina flexible,Movilidad mixta,0,0,0,5.22936362,168,66.33,0,205.24478634000005
6545,63.54,44.84,8.82,50.800000000000004,4.417896,176.42308934000002,168,11763-1-01,30 a 44,Hombres,Quintil medio,Centro,Jovenes trabajadores,Movilidad mixta,120.71000000000001,0,120.71000000000001,55.71308934,168,53.660000000000004,104.29002249999999,341.3543218599999
6548,55.13,48.47,8.84,55.56,3.098295,111.84899509000002,168,11769-1-01,45 a 59,Mujeres,Quintil alto,Sur,Jovenes trabajadores,Movilidad mixta,66.04,0,66.04,45.80899509,168,57.31,58.96000825999997,236.52329470999996
6561,68.88,32.28,10.45,56.39,3.194455,158.28957764137928,168,11794-1-01,60 o mas,Mujeres,Quintil alto,Centro,Cuidadores domesticos,Movilidad mixta,44.29,106.0344827586207,-61.7444827586207,220.0340604,168,42.730000000000004,61.744482758620705,198.24354490862075
6565,33.5,60.44,10.7,63.36,2.960376,99.172596,168,11797-1-03,30 a 44,Mujeres,Quintil bajo,Norte,Rutina flexible,Movilidad mixta,0,0,0,99.172596,168,71.14,0,210.60114864000002
6572,83.33,22.99,2.91,58.77000000000001,2.542302,184.17004577999998,168,11810-1-01,18 a 29,Hombres,Quintil bajo,Centro,Cuidadores domesticos,Movilidad mixta,72.32,0,72.32,111.85004577999999,168,25.9,27.67997987999999,93.52560168
6577,67.88,19.03,16.26,64.83,11.41774,409.53618628,168,11817-1-01,45 a 59,Mujeres,Quintil alto,Sur,Trabajadores rutinarios,Movilidad mixta,384.5,0,384.5,25.03618628,168,35.290000000000006,365.50000492,768.43204952
6581,38.06,66.07,1.43,62.440000000000005,3.051429,165.35737906000003,168,11825-2-01,30 a 44,Hombres,Quintil bajo,Sur,Rutina flexible,Movilidad mixta,86.72,0,86.72,78.63737906000001,168,67.5,-49.21999132000002,156.75146618000002
6591,45.05,30.55,14.86,77.54,4.785756,113.96832890000002,168,11838-1-03,30 a 44,Hombres,Quintil medio,Sur,Trabajadores rutinarios,Movilidad mixta,98.37000000000002,0,98.37000000000002,15.5983289,168,45.41,101.62997889999997,318.95115885999996
6598,70.45,24.09,9.83,63.629999999999995,4.960844,204.0514816,168,11846-1-01,30 a 44,Mujeres,Quintil medio,Norte,Cuidadores domesticos,Movilidad mixta,123.31,0,123.31,80.7414816,168,33.92,145.43997819999998,313.71180668
6599,65.28,30.91,10.18,61.63,5.082614,187.02302992,168,11846-1-02,30 a 44,Hombres,Quintil medio,Norte,Trabajadores rutinarios,Movilidad mixta,122.73,0,122.73,64.29302992,168,41.09,144.770012,353.61462126000004
6600,66.66,21.35,18.06,61.93000000000001,2.636947,9.533547439119005,168,11852-1-01,60 o mas,Hombres,Quintil medio,Centro,Trabajadores rutinarios,Movilidad mixta,131.47,191.215334420881,-59.745334420880994,69.27888186,168,39.41,166.24533958088102,270.167420850881
6603,56.81,25.35,8.31,77.53,2.505609,77.49364594,168,11860-1-01,45 a 59,Hombres,Quintil bajo,Norte,Trabajadores rutinarios,Movilidad mixta,47.65,0,47.65,29.84364594,168,33.660000000000004,64.85000135000001,149.18880029000002
6606,41.77,40.15,7.55,78.52999999999999,3.487337,145.66606649000002,168,11861-1-01,60 o mas,Hombres,Quintil bajo,Norte,Rutina flexible,Movilidad mixta,0,0,0,145.66606649000002,168,47.699999999999996,0,166.34597490000002
6608,88.01,6.86,9.37,63.76,3.827027,179.09666799999997,168,11864-1-01,30 a 44,Mujeres,Quintil bajo,Norte,Trabajadores moviles,Movilidad mixta,167.27999999999997,0,167.27999999999997,11.816668,168,16.23,157.71997827000007,219.8326264800001
6609,51.94,22.36,8.83,84.87,3.202049,140.3292594970861,168,11866-1-02,45 a 59,Mujeres,Quintil bajo,Sur,Cuidadores domesticos,Movilidad mixta,16.740000000000002,42.7251655629139,-25.9851655629139,166.31442506,168,31.189999999999998,25.985165562913892,125.8570738729139
6619,59.12,50.23,5.92,52.73,3.523396,153.02317048000003,168,11882-1-01,18 a 29,Hombres,Quintil bajo,Norte,Trabajadores moviles,Movilidad mixta,94.72000000000001,0,94.72000000000001,58.303170480000006,168,56.15,55.280001039999945,253.11868643999998
6620,60.53,13.89,7.41,86.17,2.735382,101.04269957,168,11883-1-01,18 a 29,Hombres,Quintil bajo,Norte,Trabajadores moviles,Movilidad mixta,52.47,0,52.47,48.57269957,168,21.3,64.52997289000001,122.79360949
6625,90.64,15.68,7.44,54.24,2.836838,163.13100064,168,11891-1-01,30 a 44,Hombres,Quintil bajo,Norte,Trabajadores moviles,Movilidad mixta,143.5,0,143.5,19.63100064,168,23.12,93.99999568000001,159.58769024
6639,31.85,25.24,14.17,96.74000000000001,3.184421,36.3317575679487,168,11917-1-02,60 o mas,Mujeres,Quintil bajo,Centro,Trabajadores rutinarios,Movilidad mixta,36.19,101.2820512820513,-65.0920512820513,101.42380885,168,39.41,65.0920512820513,190.59008289205127
6642,40.74,57.37,5.73,64.15999999999998,3.04457,101.84581069999999,168,11923-1-03,18 a 29,Mujeres,Quintil bajo,Centro,Jovenes trabajadores,Movilidad mixta,27.809999999999995,0,27.809999999999995,74.0358107,168,63.099999999999994,22.189971100000022,214.30233810000007
6643,72.96,20.68,10.1,64.26000000000002,2.857053,132.3537482147368,168,11928-1-01,45 a 59,Mujeres,Quintil bajo,Centro,Trabajadores rutinarios,Movilidad mixta,68.64,19.7368421052632,48.9031578947368,83.45059032,168,30.78,76.09683866526316,164.03693000526312
6656,58.19,48.66,10.04,51.11000000000001,3.09772,180.25632679999998,168,11949-1-01,45 a 59,Mujeres,Quintil bajo,Centro,Cuidadores domesticos,Movilidad mixta,0,0,0,180.25632679999998,168,58.699999999999996,0,181.83616399999997
6669,57.89,36.01,9.1,65,9.319667,220.1692545591492,168,11977-1-01,60 o mas,Hombres,Quintil alto,Norte,Trabajadores rutinarios,Movilidad mixta,268.2,87.5462392108508,180.6537607891492,39.51549377,168,45.11,319.3462680708509,739.7564464408509
6676,8.76,37.52,7.17,114.55,3.082045,26.9987142,168,11989-1-03,18 a 29,Hombres,Quintil bajo,Centro,Rutina flexible,Movilidad mixta,0,0,0,26.9987142,168,44.690000000000005,0,137.73659105000002
6679,48.09,44.28,7.1,68.53,0.208576,10.0304181,168,12000-1-01,45 a 59,Mujeres,Quintil bajo,Norte,Trabajadores rutinarios,Movilidad mixta,0,0,0,10.0304181,168,51.38,1.7400000000833415e-6,10.716636620000001
6680,27.66,69.98,9,61.36,3.057064,84.55839024,168,12002-1-02,45 a 59,Mujeres,Quintil bajo,Norte,Rutina flexible,Movilidad mixta,0,0,0,84.55839024,168,78.98,0,241.44691472
6686,53.29,25.21,10.52,78.98,2.514838,94.26573005,168,12011-1-03,18 a 29,Mujeres,Quintil bajo,Centro,Trabajadores rutinarios,Movilidad mixta,75.25,45,30.25,64.01573005,168,35.730000000000004,39.74998697000001,129.60514871
6690,63.04,28.49,8.94,67.53000000000002,2.850203,146.30677064,168,12013-1-03,18 a 29,Mujeres,Quintil bajo,Centro,Trabajadores rutinarios,Movilidad mixta,81.63,0,81.63,64.67677064,168,37.43,33.37002648000001,140.05312476999998
6696,62.99,33.43,6.65,64.92999999999998,1.986056,63.1516552,168,12021-1-02,45 a 59,Hombres,Quintil bajo,Centro,Trabajadores rutinarios,Movilidad mixta,65.55,12.5,53.05,10.101655200000001,168,40.08,61.95001224,141.55113672000004
6702,59.92,35.8,9.18,63.1,3.031673,181.65784616000002,168,12028-1-04,30 a 44,Mujeres,Quintil alto,Centro,Cuidadores domesticos,Movilidad mixta,0,0,0,181.65784616000002,168,44.98,0,136.36465154
6713,71.47,35.87,8.22,52.440000000000005,1.996755,158.60803926,168,12054-1-01,30 a 44,Mujeres,Quintil bajo,Centro,Cuidadores domesticos,Movilidad mixta,73.4,0,73.4,85.20803925999999,168,44.089999999999996,-15.899959410000008,72.13696854000003
6715,60.06,39.21,8.07,60.65999999999999,2.707942,28.045426433086412,168,12055-1-02,45 a 59,Mujeres,Quintil alto,Centro,Cuidadores domesticos,Movilidad mixta,97.57000000000001,114.6635802469136,-17.09358024691359,45.13900668,168,47.28,134.5935700869136,262.6250678469136
6717,72.84,15.42,5.79,73.94999999999999,1.839609,69.49713812,168,12058-1-01,60 o mas,Hombres,Quintil medio,Centro,Trabajadores moviles,Movilidad mixta,52.5,42,10.5,58.99713812,168,21.21,64.49998144000001,103.51808833000003
6733,49.27,41.84,11.3,65.58999999999999,8.966174,122.72320981981981,168,12083-1-01,45 a 59,Hombres,Quintil alto,Sur,Trabajadores rutinarios,Movilidad mixta,173.64000000000001,55.1801801801802,118.45981981981981,4.26339,168,53.14,319.0401831601802,795.5026695201803
6734,53.03,35.23,11.72,68.02000000000001,9.285403,146.02500172009013,168,12083-1-03,45 a 59,Hombres,Quintil alto,Sur,Trabajadores rutinarios,Movilidad mixta,188.53,59.9099099099099,128.62009009009012,17.40491163,168,46.949999999999996,346.3799193699099,782.3295902199098
6735,48.56,32.24,12.99,74.21,9.819411,130.4506690500901,168,12083-1-04,45 a 59,Hombres,Quintil alto,Sur,Trabajadores rutinarios,Movilidad mixta,188.53,59.9099099099099,128.62009009009012,1.8305789600000002,168,45.230000000000004,346.3799291099099,790.51188863991
6739,76.8,27.12,7.03,57.05,3.152994,150.63993920000001,168,12087-1-01,60 o mas,Hombres,Quintil medio,Norte,Cuidadores domesticos,Movilidad mixta,54.74,146.25,-91.50999999999999,242.1499392,168,34.15,91.50999999999999,199.1847451
6740,47.25,20.01,16.24,84.5,3.942071,191.70282525,168,12089-1-01,45 a 59,Mujeres,Quintil bajo,Centro,Cuidadores domesticos,Movilidad mixta,67.94,0,67.94,123.76282524999999,168,36.25,-5.439970499999987,137.46010324999997
6744,82.15,15.16,9.5,61.19,3.817677,211.15219765,168,12094-1-01,30 a 44,Mujeres,Quintil bajo,Norte,Cuidadores domesticos,Movilidad mixta,142.53,45,97.53,113.62219764999999,168,24.66,102.46996790000003,196.61388272000005
6747,38.5,35.24,10.37,83.88999999999999,5.143056,79.49764050000002,168,12100-1-01,60 o mas,Hombres,Quintil bajo,Sur,Trabajadores rutinarios,Movilidad mixta,68.99000000000001,0,68.99000000000001,10.5076405,168,45.61,118.51001549999998,353.08479966000004
6749,47.02,18.24,16.37,86.36999999999999,3.101748,12.024190960000027,168,12103-1-01,60 o mas,Mujeres,Quintil bajo,Sur,Cuidadores domesticos,Movilidad mixta,68.68,202.5,-133.82,145.84419096000002,168,34.61,133.82,241.17149828
6757,71.44,27.57,10.41,58.58000000000001,2.559445,139.73671032,168,12116-1-02,45 a 59,Mujeres,Quintil bajo,Centro,Trabajadores rutinarios,Movilidad mixta,61.89,0,61.89,77.84671032,168,37.980000000000004,43.11004048000001,140.31776158000002
6764,30.81,60.17,6.45,70.57,15.426047,235.31669241588793,168,12135-1-01,60 o mas,Hombres,Quintil medio,Centro,Trabajadores moviles,Movilidad mixta,204.9,44.8598130841121,160.04018691588792,75.2765055,168,66.62,239.95981565411205,1267.6430667941122
6780,46.1,49.46,9.15,63.29,2.829948,107.8906204,168,12166-1-02,30 a 44,Mujeres,Quintil bajo,Centro,Jovenes trabajadores,Movilidad mixta,89.93,0,89.93,17.9606204,168,58.61,22.5699824,188.43323468
6788,52.69,36.6,8.38,70.33000000000001,3.046464,151.20819336,168,12177-1-02,30 a 44,Mujeres,Quintil bajo,Norte,Cuidadores domesticos,Movilidad mixta,8.19,0,8.19,143.01819336,168,44.980000000000004,9.309994799999998,146.33994551999996
6793,59.51,39.95,13,55.540000000000006,0.736476,43.82771618,168,12184-1-03,18 a 29,Mujeres,Quintil bajo,Centro,Trabajadores rutinarios,Movilidad mixta,0,0,0,43.82771618,168,52.95,-2.942000000416556e-5,38.99637477999999
6795,56.22,33.34,14.76,63.68,4.011032,147.67024018,168,12187-1-01,45 a 59,Hombres,Quintil bajo,Sur,Trabajadores rutinarios,Movilidad mixta,122.17,0,122.17,25.500240180000002,168,48.1,77.82997885999998,270.76061805999996
6797,69.27,39.91,5.58,53.24000000000001,2.676233,77.9876573490071,168,12189-1-01,30 a 44,Hombres,Quintil bajo,Centro,Trabajadores moviles,Movilidad mixta,85.3,82.6950354609929,2.6049645390070992,75.38269281,168,45.489999999999995,107.39500256099288,229.13684173099287
6809,72.9,36.18,3.44,55.48,2.955008,215.4200832,168,12212-1-04,30 a 44,Mujeres,Quintil bajo,Centro,Cuidadores domesticos,Movilidad mixta,0,0,0,215.4200832,168,39.62,0,117.07741696000002
6831,61.96,34.84,5.11,66.08999999999999,17.244618,470.41652844,168,12259-1-02,45 a 59,Hombres,Quintil alto,Sur,Trabajadores rutinarios,Movilidad mixta,401.94,0,401.94,68.47652844,168,39.95,598.06000284,1286.9824919400003
6835,53.2,50.17,10.17,54.459999999999994,8.66687,214.7474848,168,12267-1-01,45 a 59,Hombres,Quintil alto,Norte,Jovenes trabajadores,Movilidad mixta,178.67,0,178.67,36.0774848,168,60.34,246.32999919999997,769.288935
6840,57,28.75,11.48,70.77,5.172985,233.40016999999995,168,12275-1-01,30 a 44,Hombres,Quintil bajo,Centro,Trabajadores rutinarios,Movilidad mixta,188.53999999999996,0,188.53999999999996,44.86017,168,40.230000000000004,61.45997500000004,269.56916155000005
6853,86.98,25.51,9.94,45.56999999999999,3.774872,198.15169271333332,168,12292-1-02,45 a 59,Mujeres,Quintil medio,Sur,Cuidadores domesticos,Movilidad mixta,136.48,66.6666666666667,69.81333333333329,128.33835938000001,168,35.45,130.18667384666668,264.0058862466667
6855,38.17,39.69,14.71,75.42999999999998,4.930564,120.17962294,168,12295-1-02,18 a 29,Mujeres,Quintil medio,Sur,Rutina flexible,Movilidad mixta,77.48,0,77.48,42.69962294,167.99999999999997,54.4,68.02000494000004,336.24268654000014
6864,41.27,28.64,19.23,78.85999999999999,3.041423,29.599527210000005,168,12314-1-01,60 o mas,Hombres,Quintil bajo,Sur,Rutina flexible,Movilidad mixta,76.58,172.5,-95.92,125.51952721,168,47.870000000000005,95.92,241.51291901000002
6878,54.42,23.74,10.4,79.44,2.522657,72.92300132,168,12352-1-02,45 a 59,Mujeres,Quintil bajo,Norte,Trabajadores rutinarios,Movilidad mixta,52.64,0,52.64,20.28300132,168,34.14,64.35999262000001,150.4835026
6883,69.36,41.65,10.46,46.53,5.116466,251.25809316,168,12357-1-02,30 a 44,Mujeres,Quintil medio,Sur,Cuidadores domesticos,Movilidad mixta,146.38,0,146.38,104.87809316,168,52.11,103.6199886,370.23903186
6887,62.66,42,9.92,53.42,2.249237,101.9772174,168,12362-1-02,30 a 44,Mujeres,Quintil bajo,Centro,Jovenes trabajadores,Movilidad mixta,48.54,0,48.54,53.4372174,168,51.92,38.95997301999998,155.74035805999998
6897,77.41,30.87,7.54,52.18,5.2427,235.84738682,168,12379-1-01,30 a 44,Mujeres,Quintil bajo,Centro,Cuidadores domesticos,Movilidad mixta,180.01,0,180.01,55.83738682,168,38.410000000000004,169.99002018,371.36212718
6898,50.37,19.44,9.74,88.45,3.228864,162.63787968,168,12381-1-02,45 a 59,Mujeres,Quintil bajo,Sur,Cuidadores domesticos,Movilidad mixta,0,0,0,162.63787968,168,29.18,0,94.21825152
6911,73.67,36.39,5.56,52.379999999999995,2.809633,180.43565476,168,12404-1-01,45 a 59,Hombres,Quintil bajo,Centro,Cuidadores domesticos,Movilidad mixta,85.95,0,85.95,94.48565476,168,41.95,26.550008349999985,144.4141127
6927,77.72,33.45,7.66,49.17,3.037494,233.98402751999998,168,12433-1-01,30 a 44,Mujeres,Quintil bajo,Sur,Cuidadores domesticos,Movilidad mixta,7.91,0,7.91,226.07402752,168,41.11,2.09000616000003,126.96138450000001
6928,55.7,28.35,10.9,73.04999999999998,3.604958,128.5961322,168,12439-1-01,45 a 59,Mujeres,Quintil bajo,Norte,Cuidadores domesticos,Movilidad mixta,107.8,67.5,40.3,88.2961322,168,39.25,72.20002840000001,213.69462990000005
6954,78.5,26.34,6.25,56.91,5.10003,180.5923805,168,12493-1-03,30 a 44,Hombres,Quintil medio,Norte,Trabajadores moviles,Movilidad mixta,155.23999999999998,0,155.23999999999998,25.3523805,168,32.59,219.75997450000006,385.9699522000001
6956,41.74,32.59,7.52,86.14999999999999,3.07369,128.2958206,168,12495-1-04,18 a 29,Mujeres,Quintil bajo,Centro,Cuidadores domesticos,Movilidad mixta,0,0,0,128.2958206,168,40.11,0,123.28570590000001
6962,61.17,29.41,11.45,65.97,3.452833,135.41978035,168,12502-2-01,30 a 44,Mujeres,Quintil bajo,Norte,Trabajadores rutinarios,Movilidad mixta,86.71000000000001,0,86.71000000000001,48.70978035,168,40.86,75.79001426000002,216.87277064
6963,29.39,19.67,25.77,93.17000000000002,3.030157,89.05631423,168,12503-1-02,45 a 59,Mujeres,Quintil bajo,Centro,Cuidadores domesticos,Movilidad mixta,0,0,0,89.05631423,168,45.44,0,137.69033407999996
6967,54.16,25.72,7.99,80.13000000000001,23.616441,379.5936911372622,168,12512-1-01,45 a 59,Hombres,Quintil alto,Norte,Trabajadores rutinarios,Movilidad mixta,385.33000000000004,34.8027842227378,350.52721577726226,29.06647536,168,33.71,899.4727534227376,1695.5829795327372
6972,87.32,30.69,7,42.99000000000001,2.49119,124.22748432104392,168,12524-1-02,45 a 59,Mujeres,Quintil medio,Centro,Cuidadores domesticos,Movilidad mixta,47.449999999999996,45.7532621589561,1.6967378410438982,122.53074648000002,168,37.69,93.30322647895606,187.19617757895605
6979,53.33,42.44,6.21,66.02000000000001,2.978007,158.81711331,168,12538-1-02,60 o mas,Mujeres,Quintil bajo,Centro,Cuidadores domesticos,Movilidad mixta,0,0,0,158.81711331,168,48.65,0,144.88004054999996
6980,45.25,56.84,5.83,60.08,2.943097,96.2701615,168,12540-1-02,45 a 59,Mujeres,Quintil bajo,Norte,Rutina flexible,Movilidad mixta,33.72,15.625,18.095,78.1751615,168,62.67,36.90497775,221.34886673999998
6982,51.19,50.76,5.76,60.29000000000001,4.096253,91.44721017000002,168,12546-1-02,30 a 44,Hombres,Quintil bajo,Sur,Trabajadores moviles,Movilidad mixta,206.76000000000002,125,81.76000000000002,9.68721017,168,56.519999999999996,118.23998089999996,349.7602004599999
6983,19.05,51.53,5.81,91.60999999999999,3.192462,60.8164011,168,12548-1-02,18 a 29,Mujeres,Quintil bajo,Norte,Rutina flexible,Movilidad mixta,0,0,0,60.8164011,168,57.34,0,183.05577108000003
6994,55.22,42.13,4.94,65.71000000000001,9.609675,221.0962541,168,12567-1-03,45 a 59,Mujeres,Quintil alto,Centro,Trabajadores moviles,Movilidad mixta,190.45000000000002,0,190.45000000000002,30.6462541,168,47.07,309.54999939999993,761.8774016499998
6999,53.38,47.27,6.55,60.8,2.413427,82.87871964,168,12578-1-02,30 a 44,Mujeres,Quintil bajo,Sur,Trabajadores moviles,Movilidad mixta,66.55,0,66.55,16.32871964,168,53.82,45.95001362000001,175.84065476
7011,74.05,22.28,12.49,59.18,3.221656,117.70869313473952,168,12594-1-02,45 a 59,Mujeres,Quintil bajo,Centro,Cuidadores domesticos,Movilidad mixta,105.82000000000001,76.6749379652605,29.14506203473951,88.56363110000001,168,34.77,120.85493366526046,232.87191278526046
7013,51.96,31.7,5,79.33999999999999,3.521998,92.67302552000001,168,12596-1-02,18 a 29,Mujeres,Quintil medio,Norte,Jovenes trabajadores,Movilidad mixta,72.17,0,72.17,20.50302552,168,36.7,90.32999056,219.58731716
7017,12.14,44.46,6.07,105.33000000000001,3.209014,38.95742996,168,12600-1-02,18 a 29,Hombres,Quintil bajo,Sur,Rutina flexible,Movilidad mixta,0,0,0,38.95742996,168,50.53,0,162.15147741999994
7019,43.91,67.98,17.74,38.370000000000005,2.222093,1.008176452587989,168,12607-1-02,45 a 59,Mujeres,Quintil bajo,Centro,Rutina flexible,Movilidad mixta,86.39,157.953933747412,-71.56393374741201,72.5721102,168,85.72,96.56392717741201,287.04173913741204
7028,62.97,16.93,4.78,83.32,3.703311,134.62751118999998,168,12627-1-01,30 a 44,Mujeres,Quintil bajo,Centro,Trabajadores rutinarios,Movilidad mixta,130.92999999999998,142,-11.070000000000022,145.69751119,168,21.71,98.56998248,178.96886429000003
7032,50.52,31.53,18.08,67.86999999999999,2.928375,127.08332602181818,168,12633-1-01,45 a 59,Mujeres,Quintil bajo,Sur,Cuidadores domesticos,Movilidad mixta,10.959999999999999,19.3181818181818,-8.3581818181818,135.44150783999999,168,49.61,20.858178978181826,166.13486272818184
7041,51.94,29.33,11.39,75.34,7.66694,238.52088606,168,12649-1-01,45 a 59,Hombres,Quintil bajo,Sur,Trabajadores rutinarios,Movilidad mixta,215.3,0,215.3,23.22088606,168,40.72,159.69997753999996,471.89777434
7042,21.21,70.29,8.51,67.98999999999998,3.02247,64.1065887,168,12649-1-02,45 a 59,Mujeres,Quintil bajo,Sur,Rutina flexible,Movilidad mixta,0,0,0,64.1065887,168,78.80000000000001,0,238.1706360000001
7052,66.22,40.19,7.1,54.49,3.839864,163.60577664,168,12667-1-04,18 a 29,Mujeres,Quintil alto,Centro,Trabajadores rutinarios,Movilidad mixta,109.33,0,109.33,54.27577663999999,168,47.29,90.67001744000001,272.257186
7053,35.65,25.09,12.3,94.96,4.099829,100.06892409999999,168,12670-1-02,60 o mas,Mujeres,Quintil bajo,Centro,Trabajadores rutinarios,Movilidad mixta,28.91,0,28.91,71.1589241,168,37.39,46.08997974999998,199.38258606
7056,66.63,24.54,9.29,67.54000000000002,2.633407,133.5940767347573,168,12672-1-01,30 a 44,Mujeres,Quintil bajo,Centro,Jovenes trabajadores,Movilidad mixta,79.72,14.0898058252427,65.63019417475729,67.96388256,168,33.83,41.86983167524269,130.95799048524268
7063,71.45,40.38,6.34,49.83,2.592187,120.02173845,168,12684-1-02,18 a 29,Hombres,Quintil bajo,Centro,Trabajadores moviles,Movilidad mixta,84.81,0,84.81,35.21173845,168,46.72,65.1900227,186.29699934
7064,58.19,33.22,10.07,66.52000000000001,3.705229,122.18725464,168,12685-1-01,18 a 29,Hombres,Quintil bajo,Centro,Trabajadores rutinarios,Movilidad mixta,91.58,0,91.58,30.607254640000004,168,43.29,93.42002086999999,253.81938428
7066,48.98,26.13,9.09,83.80000000000001,2.992788,146.58675624,168,12687-1-03,60 o mas,Mujeres,Quintil bajo,Centro,Cuidadores domesticos,Movilidad mixta,0,0,0,146.58675624,168,35.22,0,105.40599335999997
7068,82.76,16.04,9.47,59.72999999999999,1.581364,130.87365056,168,12692-1-02,30 a 44,Mujeres,Quintil bajo,Centro,Cuidadores domesticos,Movilidad mixta,0,0,0,130.87365056,168,25.509999999999998,3.408000000604261e-5,40.34062972000004
7071,52.35,51.3,7.81,56.540000000000006,3.524647,102.46524919999999,168,12700-1-01,45 a 59,Mujeres,Quintil bajo,Sur,Trabajadores moviles,Movilidad mixta,80.44999999999999,0,80.44999999999999,22.0152492,168,59.11,82.05002125000001,290.39190541999994
7074,42.21,51.25,14.57,59.96999999999999,4.785994,160.33683157,168,12703-1-02,30 a 44,Hombres,Quintil bajo,Centro,Jovenes trabajadores,Movilidad mixta,93.31999999999998,0,93.31999999999998,67.01683157000001,168,65.82,41.679975170000006,356.69410025
7081,49.43,40.07,5.13,73.37,4.4378,180.14043463,168,12723-1-01,30 a 44,Hombres,Quintil bajo,Centro,Cuidadores domesticos,Movilidad mixta,85.77999999999999,0,85.77999999999999,94.36043463,168,45.2,39.22001937000002,239.80857937
7082,76.29,35.91,10.27,45.53,1.095102,60.96535659,168,12727-1-01,60 o mas,Mujeres,Quintil bajo,Sur,Cuidadores domesticos,Movilidad mixta,12.419999999999998,0,12.419999999999998,48.54535659,168,46.17999999999999,22.57997499000001,73.15178535000001
7084,93.07,13.62,6.73,54.58000000000001,4.253853,222.26607551,168,12730-1-01,45 a 59,Mujeres,Quintil alto,Centro,Trabajadores moviles,Movilidad mixta,126.35999999999999,0,126.35999999999999,95.90607551000001,168,20.35,173.64002319999997,260.20593175
7091,50.08,20.06,16.1,81.75999999999999,7.105473,185.15210863999997,168,12738-1-01,45 a 59,Mujeres,Quintil bajo,Sur,Trabajadores rutinarios,Movilidad mixta,154.30999999999997,0,154.30999999999997,30.84210864,168,36.16,170.6899792,427.6238828800001
7092,95.82,14.59,5.66,51.93000000000001,2.700285,236.2813481,168,12739-1-01,45 a 59,Mujeres,Quintil bajo,Centro,Cuidadores domesticos,Movilidad mixta,92.54,25,67.54,168.7413481,168,20.25,22.459960599999988,77.14073185000001
7095,68.24,19.77,5.47,74.52000000000001,13.191429,324.133088,168,12749-1-01,30 a 44,Mujeres,Quintil alto,Centro,Trabajadores moviles,Movilidad mixta,298.95,0,298.95,25.183088,168,25.24,576.05002696,909.0016949199999
7096,76.13,23.95,8.32,59.6,4.033653,226.32201630999998,168,12756-1-01,30 a 44,Mujeres,Quintil medio,Sur,Cuidadores domesticos,Movilidad mixta,114.24,0,114.24,112.08201631,168,32.269999999999996,80.75998658000003,210.92596889000004
7102,66.29,44.43,8.46,48.81999999999999,2.72072,142.27651038,168,12760-1-02,30 a 44,Mujeres,Quintil bajo,Centro,Jovenes trabajadores,Movilidad mixta,76.92,0,76.92,65.35651037999999,168,52.89,38.080018420000016,181.97889922000002
7104,76.97,28.77,4.3,57.96000000000001,2.720531,153.98924725,168,12761-1-03,18 a 29,Mujeres,Quintil medio,Norte,Trabajadores moviles,Movilidad mixta,64.59,0,64.59,89.39924725,168,33.07,55.410023819999964,145.37798398999996
7121,81.08,26.63,12.61,47.68000000000001,2.527532,173.17226064,168,12782-1-01,45 a 59,Mujeres,Quintil medio,Centro,Cuidadores domesticos,Movilidad mixta,43.239999999999995,0,43.239999999999995,129.93226063999998,168,39.239999999999995,31.760033919999984,130.9403896
7122,61.14,50.03,9.61,47.22,2.826968,119.8908161,168,12782-1-02,18 a 29,Mujeres,Quintil medio,Centro,Jovenes trabajadores,Movilidad mixta,72.05,0,72.05,47.840816100000005,168,59.64,52.95000741999999,221.55037893999997
7124,86.07,25.5,10.13,46.300000000000004,2.500895,145.73089667888888,168,12784-1-01,30 a 44,Hombres,Quintil bajo,Norte,Cuidadores domesticos,Movilidad mixta,66.59,11.1111111111111,55.4788888888889,90.25200779,168,35.63,69.52113597111108,158.62802482111107
7125,34.21,57.6,6.82,69.37,3.067028,104.92302788,168,12784-1-02,18 a 29,Mujeres,Quintil bajo,Norte,Rutina flexible,Movilidad mixta,0,0,0,104.92302788,168,64.42,0,197.57794375999998
7129,43.7,45.42,8.23,70.64999999999999,2.995198,130.8901526,168,12791-1-01,30 a 44,Mujeres,Quintil bajo,Centro,Cuidadores domesticos,Movilidad mixta,0,0,0,130.8901526,168,53.650000000000006,0,160.6923727
7131,51.14,62.69,9.46,44.71,2.935822,119.05794396,168,12795-1-01,45 a 59,Mujeres,Quintil bajo,Centro,Jovenes trabajadores,Movilidad mixta,83.92,0,83.92,35.13794396,168,72.15,31.079993119999997,242.89955041999997
7132,16.26,70.19,9.68,71.87,3.192919,51.91686294,168,12796-1-02,18 a 29,Mujeres,Quintil bajo,Sur,Rutina flexible,Movilidad mixta,0,0,0,51.91686294,168,79.87,0,255.01844052999996
7133,59.08,45.9,2.21,60.81,2.198095,96.17640456296296,168,12797-1-01,18 a 29,Hombres,Quintil bajo,Sur,Trabajadores moviles,Movilidad mixta,68.35,7.03703703703704,61.312962962962956,34.8634416,168,48.11,33.68704803703703,139.437398487037
7137,66.69,47.89,6.04,47.38,1.678085,77.72122577972974,168,12802-1-04,18 a 29,Mujeres,Quintil medio,Centro,Jovenes trabajadores,Movilidad mixta,29.83,1.52027027027027,28.309729729729728,49.411496050000004,168,53.93,34.19026287027026,124.68938692027027
7138,71.07,47.86,4.49,44.580000000000005,2.322921,83.06135966135136,168,12802-1-06,18 a 29,Hombres,Quintil medio,Centro,Trabajadores moviles,Movilidad mixta,71.62,3.64864864864865,67.97135135135136,15.09000831,168,52.35,82.02863580864863,203.6335501586486
7151,89.9,12.38,3.33,62.39,2.481761,254.8203357,168,12826-1-01,30 a 44,Mujeres,Quintil bajo,Sur,Cuidadores domesticos,Movilidad mixta,106.71,0,106.71,148.1103357,168,15.71,-31.710021799999964,7.278443510000045
7157,60.98,35.9,6.48,64.64,2.967248,180.94278304,168,12838-1-02,30 a 44,Hombres,Quintil bajo,Centro,Cuidadores domesticos,Movilidad mixta,0,0,0,180.94278304,168,42.379999999999995,0,125.75197023999999
7174,73.94,28.35,9.81,55.900000000000006,2.997155,221.60964069999997,168,12862-1-02,30 a 44,Mujeres,Quintil bajo,Centro,Cuidadores domesticos,Movilidad mixta,0,0,0,221.60964069999997,168,38.160000000000004,0,114.3714348
7179,69.39,21.07,18.52,59.019999999999996,6.471966,222.17972251,168,12872-1-01,45 a 59,Hombres,Quintil bajo,Norte,Trabajadores rutinarios,Movilidad mixta,148.09,0,148.09,74.08972251,168,39.59,226.90999823,483.13513217
7180,51.68,11.69,9.79,94.84,3.091529,64.05021872,168,12873-1-02,60 o mas,Mujeres,Quintil bajo,Centro,Trabajadores rutinarios,Movilidad mixta,54.279999999999994,150,-95.72,159.77021872,168,21.479999999999997,95.72,162.12604291999997
7184,82.29,24.48,6.11,55.11999999999999,3.132418,194.39566141,168,12880-1-02,30 a 44,Mujeres,Quintil bajo,Centro,Cuidadores domesticos,Movilidad mixta,82.45,0,82.45,111.94566140999999,168,30.59,63.37101581000002,159.19168243000001
7187,75.23,13.64,10.77,68.36,3.10071,233.26641329999995,168,12893-1-02,30 a 44,Mujeres,Quintil bajo,Norte,Cuidadores domesticos,Movilidad mixta,0,0,0,233.26641329999995,168,24.41,5.684341886080802e-14,75.68833110000003
7188,60.86,26.14,9.2,71.8,1.875284,18.359803580000012,168,12896-1-01,30 a 44,Hombres,Quintil bajo,Centro,Trabajadores rutinarios,Movilidad mixta,131.48000000000002,152.25,-20.769999999999982,39.129803579999994,168,35.34,95.76998065999999,162.04251722
7198,16.95,52.81,10.79,87.45000000000002,3.196805,54.185844749999994,168,12919-1-03,18 a 29,Mujeres,Quintil bajo,Centro,Jovenes trabajadores,Movilidad mixta,0,0,0,54.185844749999994,168.00000000000003,63.6,0,203.31679799999995
7201,77.23,22.85,9.71,58.20999999999999,2.793842,139.32839577,168,12928-1-01,30 a 44,Hombres,Quintil bajo,Norte,Trabajadores moviles,Movilidad mixta,73.55999999999999,0,73.55999999999999,65.76839577,168,32.56,76.44002189000003,167.40751741000008
7202,55.49,33.53,10.1,68.88,7.6622,190.43545583999997,168,12929-1-01,45 a 59,Hombres,Quintil alto,Centro,Cuidadores domesticos,Movilidad mixta,140.26,0,140.26,50.17545584,168,43.63,234.74002216000008,569.0418081600001
7214,50.73,42.57,5.65,69.05000000000001,4.527188,161.00425511,168,12958-1-01,45 a 59,Hombres,Quintil bajo,Centro,Trabajadores rutinarios,Movilidad mixta,143.84,0,143.84,17.16425511,168,48.22,68.65999212999998,286.96099748999995
7218,58.02,52,5.16,52.81999999999999,4.485508,219.94916722,168,12959-1-01,18 a 29,Hombres,Quintil bajo,Sur,Jovenes trabajadores,Movilidad mixta,159.7,0,159.7,60.24916722,168,57.16,40.30000694000006,296.6916442200001
7223,73.43,23.51,13.94,57.11999999999999,3.990915,189.44031233608212,168,12968-1-01,45 a 59,Mujeres,Quintil medio,Sur,Cuidadores domesticos,Movilidad mixta,148.22000000000003,61.8325434439179,86.38745655608213,103.05285578,168,37.45,103.61257611391795,253.07234286391792
7231,50.05,50.23,9.3,58.42,3.675141,81.10080975,168,12982-1-01,45 a 59,Hombres,Quintil bajo,Norte,Jovenes trabajadores,Movilidad mixta,47.160000000000004,0,47.160000000000004,33.94080975,168,59.53,102.8399973,321.62114103
7232,55.43,66.93,2.57,43.069999999999986,4.233188,186.57559873000002,168,12983-1-01,18 a 29,Hombres,Quintil bajo,Norte,Jovenes trabajadores,Movilidad mixta,151.93,0,151.93,34.64559873,168,69.5,48.07001210999999,342.27657811000006
7233,50.2,41.49,8.87,67.44,5.285398,146.217,168,12984-1-01,45 a 59,Hombres,Quintil bajo,Centro,Trabajadores rutinarios,Movilidad mixta,130.89000000000001,0,130.89000000000001,15.326999999999996,168,50.36,119.1099796,385.28262287999996
7234,45.63,23.35,6.85,92.17000000000002,4.130765,89.46678665,168,12985-1-01,30 a 44,Mujeres,Quintil bajo,Norte,Trabajadores rutinarios,Movilidad mixta,122.98,95,27.980000000000004,61.48678665,168,30.200000000000003,99.02002030000001,223.76912329999993
7235,53.33,59.53,7.41,47.730000000000004,3.433119,115.48825423000001,168,12986-1-01,30 a 44,Hombres,Quintil bajo,Sur,Jovenes trabajadores,Movilidad mixta,87.4,0,87.4,28.08825423,168,66.94,67.59998203999997,297.4129679
7239,86.04,19.63,6.24,56.089999999999996,2.725082,182.47603727999999,168,12995-1-01,45 a 59,Mujeres,Quintil bajo,Centro,Cuidadores domesticos,Movilidad mixta,98.00999999999999,37.5,60.50999999999999,121.96603728,168,25.869999999999997,51.99001800000002,122.48788934000001
7244,60.82,39.36,6.2,61.620000000000005,2.594671,93.09792352000001,168,13008-1-03,18 a 29,Mujeres,Quintil bajo,Centro,Trabajadores rutinarios,Movilidad mixta,55.290000000000006,0,55.290000000000006,37.80792352,168,45.56,64.70996669999998,182.92317745999998
7248,47.14,40.74,17.09,63.03,2.715047,68.18731576,168,13018-2-02,60 o mas,Mujeres,Quintil bajo,Norte,Trabajadores rutinarios,Movilidad mixta,45.7,0,45.7,22.48731576,168,57.83,59.79999982000001,216.81116783000004
7261,62.6,23.48,5.25,76.67,2.894108,83.414909063736,168,13039-1-01,60 o mas,Mujeres,Quintil medio,Centro,Trabajadores rutinarios,Movilidad mixta,130.98,113.736263736264,17.243736263735997,66.17117280000001,168,28.73,97.75625173626402,180.90397457626403
7271,44.64,42.42,9.15,71.78999999999999,3.119514,109.56562935578947,168,13065-1-02,30 a 44,Hombres,Quintil bajo,Norte,Jovenes trabajadores,Movilidad mixta,36.1,3.28947368421053,32.810526315789474,76.75510304,168,51.57,29.689475604210543,190.56281258421055
7275,60.96,37.33,7.72,61.989999999999995,3.916942,145.27679872,168,13074-1-01,45 a 59,Hombres,Quintil bajo,Centro,Trabajadores rutinarios,Movilidad mixta,94,0,94,51.27679872,168,45.05,93.49998560000003,269.9582227
7277,94.03,16.57,9.42,47.98,3.46919,275.24791875,168,13076-1-03,18 a 29,Mujeres,Quintil medio,Centro,Cuidadores domesticos,Movilidad mixta,49.040000000000006,0,49.040000000000006,226.20791875,168,25.990000000000002,50.96001695000001,141.12426505000008
7278,67.06,38.56,10.52,51.86,3.424335,153.9187137734916,168,13078-1-02,45 a 59,Mujeres,Quintil bajo,Sur,Cuidadores domesticos,Movilidad mixta,49.19999999999999,36.1671612265084,13.03283877349159,140.885875,168,49.08,75.71719132650841,243.78355312650845
7279,53.91,63.64,6.64,43.81,3.44429,185.68167390000002,168,13079-1-05,18 a 29,Hombres,Quintil bajo,Centro,Cuidadores domesticos,Movilidad mixta,0,0,0,185.68167390000002,168,70.28,-2.842170943040401e-14,242.0647012
7284,35.63,55.14,8.37,68.86,3.015003,107.42455689,168,13085-1-02,18 a 29,Mujeres,Quintil bajo,Centro,Rutina flexible,Movilidad mixta,0,0,0,107.42455689,168,63.51,0,191.48284052999998
7295,50.98,50.01,7.26,59.75000000000002,3.088823,157.46819654,168,13103-1-02,45 a 59,Mujeres,Quintil bajo,Centro,Cuidadores domesticos,Movilidad mixta,0,0,0,157.46819654,168.00000000000003,57.269999999999996,0,176.89689320999992
7298,53.49,33.38,6.44,74.69,2.205012,63.96606884999999,168,13114-1-01,60 o mas,Hombres,Quintil bajo,Norte,Trabajadores rutinarios,Movilidad mixta,46.019999999999996,0,46.019999999999996,17.946068849999996,168,39.82,53.980023030000005,141.78360087000001
7299,56.76,51.57,7.5,52.17000000000001,4.322609,123.8912842,168,13114-1-03,18 a 29,Mujeres,Quintil bajo,Norte,Jovenes trabajadores,Movilidad mixta,103.54,0,103.54,20.3512842,168,59.07,121.46000264,376.79651626999987
7302,50.3,39.4,10.78,67.52000000000001,2.322016,64.9573801,168,13116-1-02,30 a 44,Hombres,Quintil bajo,Centro,Trabajadores rutinarios,Movilidad mixta,48.16,0,48.16,16.797380099999998,168,50.18,51.8400247,168.35878757999998
7304,62.61,29.69,7.97,67.73,3.106493,140.65756012,168,13119-1-01,45 a 59,Hombres,Quintil bajo,Sur,Trabajadores rutinarios,Movilidad mixta,96.16,0,96.16,44.497560119999996,168,37.660000000000004,53.839966610000005,170.83049299
7312,60.44,47.67,6.67,53.22,1.980905,79.59590675999999,168,13131-1-04,30 a 44,Hombres,Quintil bajo,Sur,Jovenes trabajadores,Movilidad mixta,59.87,0,59.87,19.725906759999997,168,54.34,40.12999144,147.77236914
7321,77.72,16.08,11.17,63.03,2.881962,171.89608183999997,168,13152-1-02,30 a 44,Mujeres,Quintil bajo,Norte,Cuidadores domesticos,Movilidad mixta,72.91,0,72.91,98.98608183999998,168,27.25,52.09000480000003,130.62346930000007
7328,84.51,16.21,10.14,57.14,4.161137,145.35769277999998,168,13161-1-02,60 o mas,Hombres,Quintil medio,Norte,Trabajadores moviles,Movilidad mixta,143.7,0,143.7,1.65769278,168,26.35,206.29999509000004,315.94595504
7329,87.32,24.81,5.18,50.690000000000005,2.698592,103.02105484,168,13161-1-04,18 a 29,Hombres,Quintil medio,Norte,Trabajadores moviles,Movilidad mixta,92.38000000000001,0,92.38000000000001,10.64105484,168,29.99,132.61999859999997,213.55077268
7339,73.54,25.58,12.16,56.72,7.148377,328.94164144,168,13189-1-01,30 a 44,Mujeres,Quintil alto,Centro,Trabajadores moviles,Movilidad mixta,228.25,0,228.25,100.69164144000003,168,37.739999999999995,196.75000314,466.52975112
7348,61.36,46.56,2.39,57.69,3.130011,107.0498927043902,168,13205-1-03,18 a 29,Hombres,Quintil medio,Sur,Jovenes trabajadores,Movilidad mixta,121.09,56.0975609756098,64.9924390243902,42.05745368,168,48.95,85.0075822556098,238.2216207056098
7352,77.41,25.12,9.77,55.7,4.08793,241.01669197999996,168,13208-1-01,30 a 44,Mujeres,Quintil bajo,Centro,Cuidadores domesticos,Movilidad mixta,99.57,0,99.57,141.44669197999997,168,34.89,75.42996932000005,218.05784702000005
7359,60.48,37.7,5.96,63.86000000000001,3.178879,181.92165656460298,168,13224-1-04,45 a 59,Mujeres,Quintil bajo,Centro,Cuidadores domesticos,Movilidad mixta,10.879999999999999,8.71691599539701,2.1630840046029896,179.75857256,168,43.660000000000004,10.336945355397006,149.12680249539693
7363,57.12,51.62,7.59,51.67,3.615175,143.01465273660375,168,13230-1-01,60 o mas,Mujeres,Quintil bajo,Centro,Cuidadores domesticos,Movilidad mixta,89.52999999999999,62.2641509433962,27.265849056603784,115.74880367999998,168,59.209999999999994,63.48414326339622,277.53865501339624
7370,59.15,42.55,5.23,61.06999999999999,4.554251,60.03396879999997,168,13240-1-01,45 a 59,Mujeres,Quintil medio,Centro,Cuidadores domesticos,Movilidad mixta,215.64999999999998,250,-34.35000000000002,94.38396879999999,168,47.78,209.34997785000002,426.95209063000004
7371,75.62,54.81,7.01,30.559999999999995,1.915348,81.48862335999999,168,13243-1-02,30 a 44,Hombres,Quintil bajo,Centro,Trabajadores moviles,Movilidad mixta,51.65,0,51.65,29.83862336,168,61.82,63.34999240000002,181.75680576
7381,84.05,19.95,3.75,60.25,2.556344,71.34764057464399,168,13261-1-04,45 a 59,Mujeres,Quintil medio,Norte,Cuidadores domesticos,Movilidad mixta,82.5,124.763033175356,-42.263033175356,113.61067374999999,168,23.7,143.51307262535602,204.09842542535603
7382,20.69,21.78,8.11,117.42,2.953114,61.099928659999996,168,13261-1-05,18 a 29,Mujeres,Quintil medio,Norte,Rutina flexible,Movilidad mixta,0,0,0,61.099928659999996,168,29.89,0,88.26857745999999
7391,62.58,40.46,12.98,51.980000000000004,7.559913,218.07936167999998,168,13284-1-01,30 a 44,Hombres,Quintil medio,Norte,Trabajadores moviles,Movilidad mixta,169.98,0,169.98,48.099361679999994,168,53.44,255.01999386,659.0217445799999
7403,56.09,42.86,6.86,62.19,6.381823,124.73013664052628,168,13314-1-01,45 a 59,Mujeres,Quintil medio,Sur,Trabajadores rutinarios,Movilidad mixta,177.29999999999998,85.5263157894737,91.77368421052628,32.95645243,168,49.72,233.22631542947374,550.5305549894737
7407,54.41,39.22,9.09,65.28,2.331439,60.6140287884669,168,13325-1-03,45 a 59,Hombres,Quintil alto,Centro,Trabajadores moviles,Movilidad mixta,58.019999999999996,11.7595818815331,46.260418118466895,14.35361067,168,48.31,66.23956720153309,178.8713852915331
7408,34.52,34.8,12.04,86.63999999999999,3.136084,2.7276196800000037,168,13326-1-01,60 o mas,Mujeres,Quintil bajo,Centro,Rutina flexible,Movilidad mixta,54.970000000000006,160.5,-105.53,108.25761968,167.99999999999997,46.839999999999996,105.53,252.42417456000004
7419,72.47,27.71,6.44,61.379999999999995,3.164568,159.8062753,168,13346-1-01,30 a 44,Mujeres,Quintil bajo,Norte,Cuidadores domesticos,Movilidad mixta,67.97,0,67.97,91.83627530000001,168,34.15,69.52996765999998,177.59996486000003
7420,52.95,34.93,7.43,72.69,3.26999,122.57596459999999,168,13346-1-02,30 a 44,Hombres,Quintil bajo,Norte,Trabajadores rutinarios,Movilidad mixta,49.43,0,49.43,73.1459646,168,42.36,50.57000590000001,189.0867823
7424,32.3,56.16,11.43,68.10999999999999,3.135169,17.358091264841534,168,13352-1-02,60 o mas,Mujeres,Quintil bajo,Sur,Rutina flexible,Movilidad mixta,51.760000000000005,135.66786743515848,-83.90786743515848,101.26595870000001,167.99999999999997,67.59,83.90786743515845,295.81394014515854
7428,67.71,19.92,10.47,69.9,4.677259,196.19720339,168,13358-1-01,30 a 44,Mujeres,Quintil medio,Centro,Trabajadores rutinarios,Movilidad mixta,129.5,0,129.5,66.69720339,168,30.39,120.50000349999996,262.64190451
7433,43.01,38.91,7.23,78.85000000000001,3.077318,132.35544718000003,168,13370-1-01,18 a 29,Mujeres,Quintil bajo,Centro,Cuidadores domesticos,Movilidad mixta,0,0,0,132.35544718000003,168,46.14,-2.842170943040401e-14,141.98745251999995
7435,30.09,56.26,18.02,63.63000000000001,3.089402,92.96010618000001,168,13375-1-01,60 o mas,Mujeres,Quintil bajo,Sur,Rutina flexible,Movilidad mixta,0,0,0,92.96010618000001,168,74.28,0,229.48078055999997
7436,57.49,55.92,3.19,51.39999999999999,5.011054,153.89546973,168,13377-1-01,45 a 59,Mujeres,Quintil bajo,Norte,Jovenes trabajadores,Movilidad mixta,115.80999999999999,0,115.80999999999999,38.08546973,168,59.11,134.19002473,430.39342667
7439,31.33,54.42,8.34,73.91000000000001,3.045597,95.41855401,168,13379-1-02,45 a 59,Mujeres,Quintil alto,Centro,Rutina flexible,Movilidad mixta,0,0,0,95.41855401,168,62.760000000000005,0,191.14166772
7445,33.01,48.94,8.05,78.00000000000001,2.973823,98.16589722999998,168,13388-1-01,60 o mas,Hombres,Quintil bajo,Sur,Rutina flexible,Movilidad mixta,0,0,0,98.16589722999998,168,56.989999999999995,0,169.47817276999996
7455,46.19,49.71,8.34,63.75999999999999,4.409362,110.21840943,168,13417-1-01,45 a 59,Hombres,Quintil bajo,Sur,Jovenes trabajadores,Movilidad mixta,106.55,0,106.55,3.66840943,168,58.05,93.45002134999997,349.41348545
7457,34.38,44.89,5.81,82.92,4.062214,8.470329351428592,168,13418-1-02,45 a 59,Hombres,Quintil bajo,Centro,Rutina flexible,Movilidad mixta,65.24,71.4285714285714,-6.188571428571407,14.65890078,168,50.7,131.1885879685714,337.14283776857144
7459,36.83,45.3,11.2,74.67000000000002,3.067746,64.28144881636359,168,13420-1-01,60 o mas,Hombres,Quintil medio,Norte,Rutina flexible,Movilidad mixta,37.66,86.3636363636364,-48.703636363636406,112.98508518,168,56.5,48.703636363636406,222.03128536363636
7464,34.25,66.25,10.63,56.87,5.883988,159.90657375,168,13431-1-01,30 a 44,Hombres,Quintil bajo,Sur,Rutina flexible,Movilidad mixta,83.38,0,83.38,76.52657375,168,76.88,41.620015249999994,493.98101269000006
7465,85.02,8.91,16.1,57.970000000000006,5.918489,210.47993984,168,13432-1-01,45 a 59,Hombres,Quintil medio,Norte,Trabajadores rutinarios,Movilidad mixta,207.29,0,207.29,3.18993984,168,25.01,292.70999494,440.73140483000003
7468,44.47,49.12,5.01,69.39999999999999,4.771803,173.71210673000002,168,13434-1-02,18 a 29,Mujeres,Quintil bajo,Centro,Rutina flexible,Movilidad mixta,61.510000000000005,0,61.510000000000005,112.20210673,168,54.129999999999995,38.489972679999994,296.78766907000005
7471,98.13,21.53,5.99,42.35,1.838553,179.5186153614286,168,13439-1-02,18 a 29,Mujeres,Quintil bajo,Centro,Trabajadores moviles,Movilidad mixta,35.53,11.4285714285714,24.1014285714286,155.41718679,168,27.520000000000003,0.8985905285713898,51.495569088571415
7474,77.03,11.3,11.31,68.36,3.022516,232.82440748,168,13445-1-02,45 a 59,Mujeres,Quintil bajo,Sur,Cuidadores domesticos,Movilidad mixta,0,0,0,232.82440748,168,22.61,0,68.33908675999999
7475,58.03,38.24,5.96,65.77,5.479706,212.87735102,168,13453-1-01,30 a 44,Hombres,Quintil medio,Centro,Cuidadores domesticos,Movilidad mixta,107.39,0,107.39,105.48735102,168,44.2,105.10998816,347.31299336000006
7486,46.75,24.34,15.52,81.39,2.996393,140.08137274999999,168,13480-1-02,45 a 59,Mujeres,Quintil bajo,Sur,Cuidadores domesticos,Movilidad mixta,0,0,0,140.08137274999999,168,39.86,0,119.43622497999999
7488,65.25,27.32,14.99,60.440000000000005,5.890822,198.19615249999998,168,13484-1-01,30 a 44,Hombres,Quintil medio,Centro,Trabajadores rutinarios,Movilidad mixta,163.82,0,163.82,34.3761525,168,42.31,186.179983,435.42066182
7490,50.61,64.21,7.35,45.830000000000005,2.374506,40.08043752666669,168,13487-1-01,30 a 44,Hombres,Quintil bajo,Sur,Trabajadores moviles,Movilidad mixta,100.74,93.3333333333333,7.406666666666695,32.67377086,168,71.55999999999999,80.09331113333329,250.01296049333325
7495,60.46,44.65,8.93,53.959999999999994,3.846566,149.5904133735211,168,13492-1-04,18 a 29,Mujeres,Quintil medio,Norte,Cuidadores domesticos,Movilidad mixta,82.52,40.4929577464789,42.027042253521095,107.56337112,168,53.58,82.97296698647892,289.07197326647895
7498,84.83,19.96,6.93,56.28,5.006564,271.65682402000004,168,13500-1-01,30 a 44,Mujeres,Quintil medio,Centro,Cuidadores domesticos,Movilidad mixta,146.95000000000002,0,146.95000000000002,124.70682402,168,26.89,153.05000009999992,287.67650605999995
7501,40.68,37.85,8.38,81.09,3.687096,116.86106459999999,168,13510-1-03,60 o mas,Mujeres,Quintil medio,Sur,Rutina flexible,Movilidad mixta,29.369999999999997,0,29.369999999999997,87.4910646,168,46.230000000000004,33.130000679999995,203.58444876000001
7506,60.43,29.75,19.3,58.519999999999996,12.625399,365.84286814000006,168,13517-1-01,45 a 59,Hombres,Quintil alto,Norte,Trabajadores rutinarios,Movilidad mixta,352.89000000000004,0,352.89000000000004,12.952868139999998,168,49.05,397.1099934299999,1016.38581438
7509,72.89,18.67,14.51,61.93,1.152999,84.04213627,168,13519-1-02,45 a 59,Mujeres,Quintil bajo,Centro,Trabajadores rutinarios,Movilidad mixta,0,0,0,84.04213627,168,33.18,-3.91599999858272e-5,38.25646766
7530,58.09,27.56,14.87,67.47999999999999,1.385095,66.1731935582609,168,13560-1-03,30 a 44,Mujeres,Quintil bajo,Centro,Trabajadores rutinarios,Movilidad mixta,11.799999999999999,13.5869565217391,-1.7869565217391017,67.96015008,168,42.43,14.2869749917391,73.0565558417391
7534,72.58,45.89,4.22,45.31,3.912584,218.03530819999997,168,13568-1-01,30 a 44,Mujeres,Quintil bajo,Centro,Jovenes trabajadores,Movilidad mixta,134.06,0,134.06,83.97530819999999,168,50.11,65.94003852000003,261.99962276
7541,34.01,57.79,8.3,67.90000000000002,2.978741,101.30698141,168,13578-1-03,30 a 44,Mujeres,Quintil bajo,Norte,Rutina flexible,Movilidad mixta,0,0,0,101.30698141,168,66.09,-1.4210854715202004e-14,196.86499268999995
7546,70.73,24.49,10.29,62.49,2.710111,86.09222807455619,168,13595-1-03,30 a 44,Mujeres,Quintil alto,Centro,Trabajadores rutinarios,Movilidad mixta,98.77,91.8639053254438,6.906094674556201,79.18613339999999,168,34.78,105.59392295544383,199.85158353544375
7547,27.26,33.02,14.87,92.85,3.072277,15.607554970617315,168,13596-1-01,60 o mas,Mujeres,Quintil bajo,Norte,Rutina flexible,Movilidad mixta,34.99,103.13271604938271,-68.1427160493827,83.75027102000001,168,47.89,68.1427160493827,215.2740615793827
7549,16.93,93.95,5.72,51.39999999999999,3.052081,51.67173132999999,168,13602-1-03,18 a 29,Hombres,Quintil medio,Centro,Rutina flexible,Movilidad mixta,0,0,0,51.67173132999999,168,99.67,0,304.20091327
7560,59.43,21.63,9,77.94,3.303029,116.88898689000001,168,13615-1-01,30 a 44,Hombres,Quintil bajo,Norte,Trabajadores rutinarios,Movilidad mixta,70.59,0,70.59,46.29898689,168,30.63,79.41002658,180.58180484999997
7577,88.45,20.83,3.98,54.74,2.539943,167.24796055000002,168,13639-1-02,30 a 44,Mujeres,Quintil bajo,Norte,Cuidadores domesticos,Movilidad mixta,42.59,0,42.59,124.65796055000001,168,24.81,57.409997799999985,120.42598362999996
7580,56.06,43.82,11.44,56.68000000000001,9.816628,298.9601556,168,13641-1-01,45 a 59,Mujeres,Quintil alto,Centro,Jovenes trabajadores,Movilidad mixta,248.64,0,248.64,50.32015559999999,168,55.26,251.36001008000005,793.8268733599998
7583,54.16,14.44,13.94,85.46000000000001,1.956574,105.96804343999999,168,13649-1-02,45 a 59,Mujeres,Quintil bajo,Sur,Cuidadores domesticos,Movilidad mixta,0,0,0,105.96804343999999,168,28.38,4.4000000087862645e-6,55.52757451999999
7591,33.95,46.5,12.73,74.82000000000001,2.717943,77.62324540909091,168,13663-1-05,18 a 29,Mujeres,Quintil bajo,Centro,Jovenes trabajadores,Movilidad mixta,14.440000000000001,9.09090909090909,5.349090909090911,72.27415450000001,168,59.230000000000004,14.650919440909092,175.63468333090907
7593,68.67,25.29,9.47,64.57,3.137415,158.5891074301266,168,13666-1-02,18 a 29,Mujeres,Quintil medio,Sur,Trabajadores rutinarios,Movilidad mixta,97.32000000000001,9.17721518987342,88.14278481012659,70.44632262,168,34.76,56.85718061987339,165.91372601987342
7596,41.01,21.02,20.78,85.19000000000001,5.15751,167.11947508,168,13677-1-01,30 a 44,Mujeres,Quintil bajo,Centro,Trabajadores rutinarios,Movilidad mixta,98.11,0,98.11,69.00947508,168,41.8,44.390010020000005,259.9739280199999
7597,66.05,19.28,9.27,73.4,2.299925,123.4000335,168,13678-1-01,30 a 44,Mujeres,Quintil bajo,Norte,Trabajadores rutinarios,Movilidad mixta,71.49000000000001,0,71.49000000000001,51.910033500000004,168,28.55,28.510012749999987,94.17287149999999
7604,61.65,44.93,10.39,51.029999999999994,2.9699,136.74434870000002,168,13685-1-01,60 o mas,Mujeres,Quintil bajo,Centro,Cuidadores domesticos,Movilidad mixta,133.15,154.5,-21.349999999999994,158.0943487,168,55.32,46.34998629999998,210.6448543
7619,56.7,41.58,13.19,56.53,2.263062,89.0856377,168,13707-1-01,60 o mas,Hombres,Quintil bajo,Sur,Trabajadores rutinarios,Movilidad mixta,60.77,0,60.77,28.3156377,168,54.769999999999996,39.229977700000006,163.17788344000002
7621,58.25,45.97,17.99,45.790000000000006,2.522667,127.995355,168,13713-1-01,45 a 59,Mujeres,Quintil bajo,Sur,Jovenes trabajadores,Movilidad mixta,96.05,0,96.05,31.945355000000003,168,63.959999999999994,18.94999775000001,180.29977907
7622,68.96,20.9,7.57,70.57000000000002,2.411135,114.81184728,168,13714-1-02,45 a 59,Mujeres,Quintil bajo,Centro,Trabajadores rutinarios,Movilidad mixta,43.540000000000006,0,43.540000000000006,71.27184727999999,168,28.47,51.46002231999998,120.10503576999994
7624,48.81,30,9.31,79.88,4.212759,129.44478152,168,13717-1-01,45 a 59,Hombres,Quintil bajo,Centro,Trabajadores rutinarios,Movilidad mixta,73.82,0,73.82,55.624781520000006,168,39.31,76.17998527000003,241.78354156000006
7627,84.71,26.35,2.96,53.980000000000004,3.065983,174.72942028,168,13723-1-01,18 a 29,Hombres,Quintil bajo,Norte,Cuidadores domesticos,Movilidad mixta,90.00999999999999,0,90.00999999999999,84.71942028,168,29.310000000000002,84.98999965000002,174.85396138
7633,48.81,30.46,11.08,77.64999999999999,1.984451,43.41103297,168,13735-1-01,60 o mas,Hombres,Quintil bajo,Norte,Trabajadores rutinarios,Movilidad mixta,21.55,0,21.55,21.86103297,168,41.54,53.45002034,135.88411488
7634,56.09,53.32,6,52.589999999999996,6.020098,105.27833430682789,168,13736-1-01,45 a 59,Hombres,Quintil medio,Norte,Trabajadores moviles,Movilidad mixta,155.51999999999998,87.9089615931721,67.61103840682789,37.6672959,168,59.32,232.3889625131721,589.5011758731721
7642,49.88,23.56,8.73,85.83,4.350491,154.93246728,168,13750-1-02,60 o mas,Mujeres,Quintil alto,Centro,Trabajadores rutinarios,Movilidad mixta,62.92999999999999,0,62.92999999999999,92.00246728,168,32.29,62.0700238,202.54737819
7674,80.83,7.37,4.98,74.82,2.597574,164.01187586999998,168,13800-1-01,30 a 44,Mujeres,Quintil bajo,Centro,Cuidadores domesticos,Movilidad mixta,54.05,0,54.05,109.96187587,168,12.350000000000001,45.95003055000001,78.03006945000001
7675,58.35,43.81,6.53,59.31,2.6886,99.42984229999999,168,13800-1-02,30 a 44,Hombres,Quintil bajo,Centro,Trabajadores moviles,Movilidad mixta,67.55,0,67.55,31.8798423,168,50.34,57.44996770000003,192.7940917
7678,75.93,25.99,9.45,56.629999999999995,2.43231,165.02529614999997,168,13804-1-01,30 a 44,Hombres,Quintil bajo,Sur,Cuidadores domesticos,Movilidad mixta,80.33999999999999,0,80.33999999999999,84.68529615,168,35.44,19.660002150000054,105.86106855000008
7691,57.67,41.55,6.28,62.5,3.039929,175.31270543,168,13822-1-02,30 a 44,Mujeres,Quintil bajo,Centro,Cuidadores domesticos,Movilidad mixta,0,0,0,175.31270543,168,47.83,0,145.39980407000002
7693,73.47,20.2,9.25,65.08,3.054067,121.2889784966667,168,13824-1-02,60 o mas,Mujeres,Quintil medio,Centro,Cuidadores domesticos,Movilidad mixta,65.24000000000001,45.8333333333333,19.40666666666671,101.88231182999999,168,29.45,103.0933239933333,193.0355971433333
7701,42.75,59.3,8.06,57.89,3.120818,74.54145598648648,168,13833-1-02,60 o mas,Mujeres,Quintil medio,Centro,Rutina flexible,Movilidad mixta,37.13999999999999,96.0135135135135,-58.87351351351351,133.41496949999998,168,67.36,58.8735135135135,269.0918139935135
7703,63.6,39.78,7.1,57.52,5.105845,128.17710821538458,168,13841-1-01,30 a 44,Hombres,Quintil medio,Norte,Trabajadores rutinarios,Movilidad mixta,131.32999999999998,52.8846153846154,78.44538461538458,49.731723599999995,168,46.88,196.55463378461548,435.91664738461543
7711,58.1,38.37,9.5,62.03,3.933655,165.0353533,168,13852-1-02,45 a 59,Mujeres,Quintil bajo,Norte,Cuidadores domesticos,Movilidad mixta,51.49,0,51.49,113.5453533,168,47.87,63.5100022,251.81406705
7712,69.29,45.03,7.97,45.709999999999994,5.530243,120.47383668333302,168,13853-1-03,30 a 44,Mujeres,Quintil medio,Norte,Jovenes trabajadores,Movilidad mixta,213.95000000000002,151.666666666667,62.28333333333302,58.19050334999999,168,53,262.71670078666693,555.819579786667
7716,74.26,31.25,8.09,54.39999999999999,3.84126,204.21197088000002,168,13858-1-01,45 a 59,Mujeres,Quintil bajo,Centro,Cuidadores domesticos,Movilidad mixta,133.96,25,108.96000000000001,95.25197088,168,39.34,81.03999671999998,232.15516512000005
7725,87.88,28.18,6.17,45.77,8.106147,334.63820616000004,168,13883-1-01,30 a 44,Hombres,Quintil alto,Norte,Trabajadores moviles,Movilidad mixta,322.27000000000004,0,322.27000000000004,12.36820616,168,34.35,377.7299921999999,656.1761416499999
7726,67.72,27.18,15.74,57.35999999999999,4.374104,168.25430519999998,168,13884-1-01,60 o mas,Hombres,Quintil bajo,Norte,Cuidadores domesticos,Movilidad mixta,72.03999999999999,0,72.03999999999999,96.2143052,168,42.92,127.96001768000002,315.6965613600001
7748,90.05,8.48,8.02,61.45,2.838547,196.5957471235294,168,13921-1-02,30 a 44,Mujeres,Quintil bajo,Centro,Cuidadores domesticos,Movilidad mixta,73.15,17.1654411764706,55.984558823529404,140.6111883,168,16.5,59.01541022647061,105.85143572647058
7750,57.97,43.07,10.01,56.95000000000001,2.973179,172.35518663,168,13923-1-02,30 a 44,Mujeres,Quintil bajo,Sur,Cuidadores domesticos,Movilidad mixta,0,0,0,172.35518663,168,53.08,0,157.81634131999994
7752,91.57,27.42,2.72,46.290000000000006,3.554807,222.49367062000002,168,13926-1-01,45 a 59,Hombres,Quintil bajo,Norte,Trabajadores moviles,Movilidad mixta,196.98000000000002,0,196.98000000000002,25.51367062,168,30.14,103.02000636999995,210.16188934999994
7762,82.12,34.73,7.54,43.61,4.525258,300.57415836,168,13941-1-02,30 a 44,Mujeres,Quintil alto,Centro,Cuidadores domesticos,Movilidad mixta,78.96000000000001,0,78.96000000000001,221.61415836,168,42.269999999999996,71.04002860000003,262.32268426
7770,54.2,52.6,7.42,53.779999999999994,8.351345,239.4628996,168,13955-1-01,30 a 44,Mujeres,Quintil alto,Centro,Jovenes trabajadores,Movilidad mixta,211.82,0,211.82,27.642899599999996,168,60.02,213.17999940000007,714.4277263
7773,63.74,36.58,13.2,54.47999999999999,6.599537,271.74452906000005,168,13962-1-01,30 a 44,Hombres,Quintil bajo,Sur,Cuidadores domesticos,Movilidad mixta,151.09000000000003,0,151.09000000000003,120.65452906000002,168,49.78,148.90995931999993,477.43491118000003
7784,57.72,34.6,13.57,62.11000000000001,11.484948,227.84118408,168,13982-1-01,45 a 59,Hombres,Quintil alto,Norte,Trabajadores moviles,Movilidad mixta,334.93,145,189.93,37.911184080000005,168,48.17,435.0700144799999,988.2999596399998
7785,61.56,45.87,8.41,52.16,3.010514,146.53724032,168,13983-1-01,45 a 59,Hombres,Quintil medio,Sur,Trabajadores moviles,Movilidad mixta,61.21,0,61.21,85.32724032,168,54.28,38.79000152000003,202.20070144000002
7787,75.44,21.38,8.92,62.260000000000005,2.165672,112.86828528000001,168,13995-1-01,45 a 59,Mujeres,Quintil bajo,Norte,Trabajadores rutinarios,Movilidad mixta,36.99,0,36.99,75.87828528,168,30.299999999999997,50.51001039999997,116.12987199999995
7797,46.93,41.27,12.5,67.29999999999998,3.058764,147.8347175969231,168,14020-1-01,30 a 44,Mujeres,Quintil bajo,Sur,Cuidadores domesticos,Movilidad mixta,49.209999999999994,44.9230769230769,4.286923076923095,143.54779452,168,53.77,-4.286923076923102,160.18281720307698
7799,59.16,40.19,6.48,62.17,2.638973,124.14211103047619,168,14025-1-02,18 a 29,Mujeres,Quintil bajo,Centro,Cuidadores domesticos,Movilidad mixta,41.83,23.8095238095238,18.0204761904762,106.12163483999998,168,46.67,31.979531649523793,155.1404015595238
7806,30.92,69.6,17.57,49.90999999999999,3.192725,19.572390333333317,168,14035-1-02,60 o mas,Mujeres,Quintil medio,Norte,Rutina flexible,Movilidad mixta,50.019999999999996,129.16666666666669,-79.14666666666669,98.719057,168,87.16999999999999,79.14666666666669,357.4565049166667
7811,46.65,36.49,3.94,80.91999999999999,3.081769,143.76452385,168,14046-1-01,30 a 44,Mujeres,Quintil bajo,Centro,Cuidadores domesticos,Movilidad mixta,0,0,0,143.76452385,168,40.43,0,124.59592067000005
7825,97.2,17.75,9.79,43.26,5.064463,303.55576640000004,168,14077-1-01,30 a 44,Hombres,Quintil medio,Norte,Trabajadores moviles,Movilidad mixta,261.29,0,261.29,42.2657664,168,27.54,188.7100372,328.18534822000004
7826,48.93,17.17,17.37,84.52999999999999,3.042832,75.91576976,168,14078-1-01,45 a 59,Mujeres,Quintil bajo,Centro,Cuidadores domesticos,Movilidad mixta,77.02999999999999,150,-72.97000000000001,148.88576976000002,168,34.540000000000006,72.97000000000001,178.06941728000004
7834,55.23,21.55,12.65,78.57000000000001,2.678928,28.84718349,168,14097-1-04,18 a 29,Mujeres,Quintil bajo,Centro,Trabajadores rutinarios,Movilidad mixta,80.89,100,-19.11,47.95718349,168,34.2,119.11000995,210.72934755
7842,57.64,25.53,7.21,77.62,2.151081,56.15766494971891,168,14111-1-02,18 a 29,Mujeres,Quintil bajo,Centro,Trabajadores rutinarios,Movilidad mixta,52.33,35.1606425702811,17.1693574297189,38.988307520000006,168,32.74,67.8306438902811,138.2570358302811
7850,42.68,37.41,13.18,74.72999999999999,3.015523,128.70252164,168,14132-1-02,18 a 29,Mujeres,Quintil bajo,Centro,Cuidadores domesticos,Movilidad mixta,0,0,0,128.70252164,168,50.589999999999996,0,152.55530857000002
7861,53.41,30.81,6.29,77.49,2.974252,120.83479932000002,168,14154-1-02,60 o mas,Mujeres,Quintil bajo,Sur,Cuidadores domesticos,Movilidad mixta,38.980000000000004,77,-38.019999999999996,158.85479932,168,37.1,38.01999999999997,148.3647492
7862,61.82,21.39,21.32,63.470000000000006,2.434427,93.07769249142859,168,14156-1-02,60 o mas,Mujeres,Quintil medio,Centro,Trabajadores rutinarios,Movilidad mixta,64.01,21.4285714285714,42.5814285714286,50.49626392,168,42.71,57.4185846485714,161.3929618185714
7865,63.12,44.16,5.42,55.3,3.252922,159.47445592,168,14166-1-01,18 a 29,Mujeres,Quintil bajo,Centro,Jovenes trabajadores,Movilidad mixta,74.14999999999999,7.5,66.64999999999999,92.82445592,168,49.58,45.84998071999999,207.12985347999998
7866,67.47,25.1,8.04,67.39000000000001,3.245749,173.14065877999997,168,14166-1-02,30 a 44,Mujeres,Quintil bajo,Centro,Cuidadores domesticos,Movilidad mixta,74.14999999999999,7.5,66.64999999999999,106.49065877999999,168,33.14,45.85002625000004,153.41414810999999
7868,77.82,32.81,5.4,51.970000000000006,5.943536,236.15595946,168,14170-1-01,30 a 44,Mujeres,Quintil medio,Centro,Cuidadores domesticos,Movilidad mixta,273.63,150,123.63,112.52595946,168,38.21,226.37001205999994,453.47252262000006
7881,54.17,35.27,3.81,74.75,1.978075,77.78231774,168,14189-1-02,30 a 44,Mujeres,Quintil bajo,Norte,Cuidadores domesticos,Movilidad mixta,20.63,0,20.63,57.15231774,168,39.080000000000005,29.370005010000014,106.67317601000002
7885,79.18,23.48,5.44,59.89999999999999,2.753575,175.99808396,168,14198-1-01,30 a 44,Hombres,Quintil bajo,Centro,Trabajadores moviles,Movilidad mixta,70.47,0,70.47,105.52808396,168,28.92,42.029984540000015,121.66337354000004
7892,62.56,44.71,7.92,52.809999999999995,2.544948,112.67196831999999,168,14210-1-02,45 a 59,Mujeres,Quintil bajo,Norte,Trabajadores moviles,Movilidad mixta,40.96,0,40.96,71.71196832,168,52.63,46.53997856000004,180.48059180000004
7893,64.47,43.63,5.62,54.28,2.554043,89.68250769333329,168,14211-1-02,30 a 44,Mujeres,Quintil bajo,Sur,Cuidadores domesticos,Movilidad mixta,76.69,76.6666666666667,0.0233333333332979,89.65917436,168,49.25,74.97664451666671,200.76326226666671
7895,73.25,32.74,6.53,55.48,4.44372,201.3024995,168,14216-1-01,30 a 44,Hombres,Quintil bajo,Centro,Trabajadores moviles,Movilidad mixta,125.8,0,125.8,75.5024995,168,39.27,124.19999049999996,298.70487490000005
7901,79.02,26.64,7.01,55.330000000000005,3.447203,259.70792986000004,168,14228-1-01,45 a 59,Hombres,Quintil bajo,Centro,Trabajadores moviles,Movilidad mixta,162.31,0,162.31,97.39792986,168,33.65,12.69005119999997,128.68843214999993
7904,61.96,49.77,10.2,46.06999999999999,4.847269,168.70755739076924,168,14234-1-01,30 a 44,Hombres,Quintil bajo,Centro,Trabajadores moviles,Movilidad mixta,124.14000000000001,5.76923076923077,118.37076923076924,50.33678816,168,59.97,131.62922984923074,422.3199517792308
7906,61.52,32.18,10.62,63.679999999999986,3.679969,118.79170456,168,14236-1-01,45 a 59,Mujeres,Quintil bajo,Norte,Trabajadores rutinarios,Movilidad mixta,67.4,0,67.4,51.39170456,168,42.8,107.59998832,265.1026615200001
7911,59,40.32,5.33,63.35000000000001,5.422793,190.90480000000002,168,14242-1-01,18 a 29,Mujeres,Quintil medio,Centro,Trabajadores rutinarios,Movilidad mixta,145.96,0,145.96,44.9448,168,45.65,129.039987,376.59048744999996
7912,54.12,45.48,16.11,52.290000000000006,3.299174,105.15128175999999,168,14244-1-01,45 a 59,Mujeres,Quintil medio,Centro,Jovenes trabajadores,Movilidad mixta,76.6,0,76.6,28.55128176,168,61.589999999999996,73.40001512,276.5961417799999
7913,36.08,61.19,12.25,58.48000000000002,2.586119,93.30716736,168,14244-1-02,45 a 59,Hombres,Quintil medio,Centro,Rutina flexible,Movilidad mixta,0,0,0,93.30716736,168,73.44,6.159999998089916e-6,189.92458551999994
7926,60,27.28,11.6,69.12,3.697448,143.056875,168,14276-1-01,45 a 59,Mujeres,Quintil bajo,Centro,Trabajadores rutinarios,Movilidad mixta,96.21,0,96.21,46.846875,168,38.88,78.79000500000001,222.54678324000002
7931,79.8,17.91,6.37,63.92000000000001,3.370413,194.14893639999997,168,14285-1-01,30 a 44,Mujeres,Quintil bajo,Centro,Cuidadores domesticos,Movilidad mixta,137.69,62.5,75.19,118.95893639999998,168,24.28,74.810021,156.64364863999998
7932,0.3,49.34,6.78,111.57999999999998,2.697552,0.8092655999999999,168,14289-1-04,18 a 29,Hombres,Quintil bajo,Centro,Rutina flexible,Movilidad mixta,0,0,0,0.8092655999999999,168,56.120000000000005,0,151.38661824000005
7939,4.91,58.49,5.91,98.69,2.78144,13.6568704,168,14296-1-03,18 a 29,Hombres,Quintil bajo,Centro,Rutina flexible,Movilidad mixta,0,0,0,13.6568704,168,64.4,0,179.12473599999998
7945,43.78,41.5,11.6,71.12,1.843045,55.668504420000005,168,14301-1-05,30 a 44,Hombres,Quintil bajo,Sur,Trabajadores rutinarios,Movilidad mixta,49.980000000000004,0,49.980000000000004,5.68850442,168,53.1,25.020005679999997,122.88569518
7948,59.69,21.64,8.15,78.52,1.371965,91.3925615,168,14308-1-01,45 a 59,Hombres,Quintil bajo,Centro,Trabajadores rutinarios,Movilidad mixta,29.5,0,29.5,61.8925615,168,29.79,-9.499970649999995,31.370866700000022
7954,21.36,50.52,18.65,77.46999999999997,5.591182,26.0424735062069,168,14318-1-04,18 a 29,Hombres,Quintil bajo,Centro,Rutina flexible,Movilidad mixta,61.27,39.6551724137931,21.6148275862069,4.42764592,167.99999999999997,69.17,93.38517401379309,480.1272329537933
7956,101.78,15.68,4.78,45.76,2.012354,138.81741132000002,168,14321-1-02,18 a 29,Hombres,Quintil medio,Norte,Trabajadores moviles,Movilidad mixta,84,0,84,54.817411320000005,168,20.46,65.99997880000001,107.17274164000003
7957,59.39,29.63,9.15,69.83,3.059684,174.21463276,168,14322-1-01,45 a 59,Hombres,Quintil bajo,Norte,Cuidadores domesticos,Movilidad mixta,52.5,60,-7.5,181.71463276,168,38.78,7.5,126.15454551999997
7959,39.68,46.15,12.3,69.86999999999999,3.161494,125.44808191999999,168,14334-1-01,45 a 59,Mujeres,Quintil bajo,Centro,Cuidadores domesticos,Movilidad mixta,0,0,0,125.44808191999999,168,58.45,0,184.78932430000003
7964,56.18,29.58,9.41,72.83,5.549369,106.25285092482761,168,14345-1-01,45 a 59,Hombres,Quintil bajo,Centro,Trabajadores rutinarios,Movilidad mixta,140.61,71.1206896551724,69.48931034482762,36.76354058,168,38.989999999999995,205.5106994951724,421.88059680517244
7978,81.5,18.1,7.6,60.800000000000004,4.015436,166.5791894705882,168,14362-1-01,30 a 44,Mujeres,Quintil medio,Centro,Trabajadores moviles,Movilidad mixta,136.38,47.0588235294118,89.3211764705882,77.258013,168,25.700000000000003,160.6788445294118,263.8755497294118
7987,70.92,19.73,13.14,64.21,2.886945,163.23213632000002,168,14379-1-01,30 a 44,Mujeres,Quintil bajo,Norte,Trabajadores rutinarios,Movilidad mixta,84.74000000000001,0,84.74000000000001,78.49213632000001,168,32.870000000000005,41.51000307999996,136.40388523
7990,52.86,44.48,8.44,62.22,2.376179,63.23484604,168,14385-1-01,30 a 44,Hombres,Quintil bajo,Centro,Trabajadores moviles,Movilidad mixta,62.63,25,37.63,25.604846039999998,168,52.919999999999995,62.36997590000001,188.11736858
7994,54.34,54.37,9.87,49.42,3.499801,121.82915537999999,168,14390-1-01,18 a 29,Hombres,Quintil bajo,Centro,Jovenes trabajadores,Movilidad mixta,94.14999999999999,0,94.14999999999999,27.679155379999997,168,64.24,68.35003096000004,293.1772472
7997,31.18,32.95,13.21,90.66,3.057052,95.31888136,168,14395-1-02,45 a 59,Mujeres,Quintil bajo,Centro,Rutina flexible,Movilidad mixta,0,0,0,95.31888136,168,46.160000000000004,0,141.11352032000002
8000,76.78,30.29,6.21,54.72,4.156539,178.3159905703614,168,14400-1-01,30 a 44,Hombres,Quintil alto,Norte,Trabajadores moviles,Movilidad mixta,104.64,32.9631024096386,71.67689759036139,106.63909298,168,36.5,140.8230738496386,292.53674734963863
8002,85.86,22.31,6.17,53.66,2.395643,73.1558035744578,168,14400-1-03,18 a 29,Hombres,Quintil alto,Norte,Trabajadores moviles,Movilidad mixta,98.49,31.0240963855422,67.4659036144578,5.689899960000001,168,28.479999999999997,132.53410440554222,200.76201704554222
8010,2.75,69.06,7.7,88.49,3.123829,8.59052975,168,14404-1-04,18 a 29,Mujeres,Quintil alto,Sur,Rutina flexible,Movilidad mixta,0,0,0,8.59052975,168,76.76,0,239.78511404000002
8012,1.54,64.05,7.11,95.30000000000001,3.038438,4.67919452,168,14404-1-06,18 a 29,Mujeres,Quintil alto,Sur,Rutina flexible,Movilidad mixta,0,0,0,4.67919452,168,71.16,0,216.21524807999998
8024,58.49,54.85,7.03,47.62999999999999,9.281311,235.29390842,168,14432-1-01,30 a 44,Mujeres,Quintil alto,Norte,Jovenes trabajadores,Movilidad mixta,192.43,0,192.43,42.86390842,168,61.88,307.5699719700001,881.8974966500002
8027,43.54,46.24,7.39,70.83,3.410822,113.88717901999999,168,14440-1-01,45 a 59,Hombres,Quintil bajo,Centro,Trabajadores rutinarios,Movilidad mixta,90.38,0,90.38,23.50717902,168,53.63,34.62001086000001,217.54239472000003
8031,62.91,35.01,13.23,56.85000000000001,4.859786,111.89323297065036,168,14443-1-02,45 a 59,Hombres,Quintil medio,Centro,Trabajadores rutinarios,Movilidad mixta,149.65999999999997,93.4959349593496,56.16406504065037,55.729167929999996,168,48.239999999999995,193.8359042893496,428.2719809293495
8036,94.9,16.57,9.59,46.94,1.699821,161.31304840000004,168,14452-1-02,30 a 44,Mujeres,Quintil bajo,Centro,Cuidadores domesticos,Movilidad mixta,0,0,0,161.31304840000004,168,26.16,-3.5500000024057954e-5,44.46728185999996
8039,40.65,49.22,12.65,65.47999999999999,2.966014,120.56846909999999,168,14461-1-04,60 o mas,Mujeres,Quintil alto,Norte,Cuidadores domesticos,Movilidad mixta,0,0,0,120.56846909999999,168,61.87,0,183.50728618000002
8042,35.16,41.08,10.36,81.4,3.018282,106.12279512000002,168,14464-1-02,30 a 44,Mujeres,Quintil bajo,Centro,Cuidadores domesticos,Movilidad mixta,0,0,0,106.12279512000002,168,51.44,-2.842170943040401e-14,155.26042607999995
8044,34.21,45.5,8.42,79.86999999999999,3.105347,106.23392087,168,14466-1-02,60 o mas,Mujeres,Quintil alto,Norte,Rutina flexible,Movilidad mixta,0,0,0,106.23392087,168,53.92,0,167.44031024000003
8053,79.64,23.71,7.44,57.21000000000001,3.230723,171.92478920000002,168,14479-1-02,45 a 59,Mujeres,Quintil bajo,Centro,Cuidadores domesticos,Movilidad mixta,66.38000000000001,0,66.38000000000001,105.54478920000001,168,31.150000000000002,85.36999051999999,186.00701196999995
8058,80.52,25.45,6.94,55.09,0.982614,79.12005972,168,14486-1-02,30 a 44,Mujeres,Quintil bajo,Centro,Cuidadores domesticos,Movilidad mixta,0,0,0,79.12005972,168,32.39,1.955999999836422e-5,31.82688702
8062,31.31,68.94,6.78,60.97,3.01207,56.4406561253859,168,14491-1-02,60 o mas,Mujeres,Quintil bajo,Centro,Rutina flexible,Movilidad mixta,31.83,69.6972555746141,-37.867255574614106,94.3079117,168,75.72,37.86725557461409,265.9411959746141
8064,56.66,42.82,8.63,59.89000000000001,2.694872,74.6726611698507,168,14494-1-03,18 a 29,Mujeres,Quintil bajo,Centro,Trabajadores moviles,Movilidad mixta,99.22,52.2388059701493,46.9811940298507,27.69146714,168,51.45,78.0187863501493,216.66995075014927
8066,55.18,31.97,6.38,74.47,3.753902,138.81032653999998,168,14499-1-01,45 a 59,Hombres,Quintil bajo,Centro,Trabajadores moviles,Movilidad mixta,106.66999999999999,0,106.66999999999999,32.14032654,168,38.35,68.32998582000002,212.29212752000004
8068,71.88,40.21,5.83,50.080000000000005,3.226222,196.77080704000002,168,14502-1-01,30 a 44,Mujeres,Quintil bajo,Centro,Cuidadores domesticos,Movilidad mixta,113.62,0,113.62,83.15080704,168,46.04,35.130030319999946,183.66529119999996
8070,79.38,7.12,9.89,71.61,2.734677,179.38866953999997,168,14504-1-01,45 a 59,Mujeres,Quintil bajo,Norte,Cuidadores domesticos,Movilidad mixta,59.81,0,59.81,119.57866953999998,168,17.01,37.689990720000026,84.20684649000003
8074,55.24,30.81,6.31,75.63999999999999,2.843145,95.79534720000001,168,14518-1-01,30 a 44,Hombres,Quintil bajo,Norte,Trabajadores rutinarios,Movilidad mixta,63.74,0,63.74,32.0553472,168,37.12,61.25998259999997,166.79752500000004
8087,72.48,32.14,10.66,52.72,4.50973,105.36621533275402,168,14542-1-02,45 a 59,Mujeres,Quintil medio,Sur,Cuidadores domesticos,Movilidad mixta,165.53000000000003,142.028985507246,23.501014492754024,81.86520084,168,42.8,221.499015067246,414.51545906724607
8094,71.35,27.4,11.92,57.33,2.607827,84.77220718490571,168,14557-1-01,60 o mas,Mujeres,Quintil bajo,Centro,Cuidadores domesticos,Movilidad mixta,57.1,43.3962264150943,13.703773584905704,71.0684336,168,39.32,101.29624926509427,203.83600690509428
8098,65.22,27.73,11.51,63.54,2.391559,87.06421226604651,168,14562-1-10,45 a 59,Hombres,Quintil bajo,Norte,Trabajadores rutinarios,Movilidad mixta,49.11,13.0232558139535,36.0867441860465,50.97746808000001,168,39.24,68.91326571395349,162.75804087395352
8100,33.29,57.22,9.65,67.84,3.326618,110.74311322,168,14564-1-01,30 a 44,Hombres,Quintil bajo,Norte,Rutina flexible,Movilidad mixta,0,0,0,110.74311322,168,66.87,0,222.45094566
8102,72.92,38.14,4.64,52.3,8.613941,349.45854984000005,168,14566-1-01,45 a 59,Mujeres,Quintil alto,Centro,Cuidadores domesticos,Movilidad mixta,246.33,0,246.33,103.12854984,168,42.78,278.67002788,647.17442386
8104,63.49,19.18,8.44,76.88999999999999,1.721999,69.30972427,168,14567-1-01,30 a 44,Hombres,Quintil medio,Norte,Trabajadores rutinarios,Movilidad mixta,22.48,0,22.48,46.82972427000001,168,27.619999999999997,40.01999224000001,87.58160462000004
8106,5.58,41.82,7.34,113.25999999999999,3.173674,17.70910092,168,14569-1-03,18 a 29,Hombres,Quintil medio,Norte,Rutina flexible,Movilidad mixta,0,0,0,17.70910092,168,49.16,0,156.01781384000003
8112,6.49,57.77,9.09,94.64999999999998,2.931829,19.02757021,168,14577-1-03,18 a 29,Mujeres,Quintil bajo,Centro,Rutina flexible,Movilidad mixta,0,0,0,19.02757021,168,66.86,0,196.02208694000007
8116,59.91,31.24,9.89,66.96000000000001,1.482238,88.80084585,168,14585-1-03,18 a 29,Mujeres,Quintil bajo,Sur,Trabajadores rutinarios,Movilidad mixta,0,0,0,88.80084585,168,41.129999999999995,3.2729999986713665e-5,60.96448166999997
8118,84.51,20.06,5.78,57.64999999999999,4.942803,191.31125204,168,14588-1-02,45 a 59,Mujeres,Quintil alto,Norte,Cuidadores domesticos,Movilidad mixta,157.97,84.375,73.595,117.71625204,168,25.84,226.40502949,354.12705901000004
8130,81.39,23.04,10.91,52.66,3.707427,207.31752086,168,14618-1-03,30 a 44,Mujeres,Quintil medio,Norte,Trabajadores moviles,Movilidad mixta,80.57000000000001,0,80.57000000000001,126.74752086,168,33.95,94.42996267000001,220.29710932
8131,46.93,27.43,15.04,78.6,2.927577,66.75734722276601,168,14619-1-01,45 a 59,Mujeres,Quintil bajo,Norte,Trabajadores rutinarios,Movilidad mixta,60.43,76.063829787234,-15.633829787234,82.39117701,168,42.47,70.63384138723399,194.96803657723402
8134,61.78,31.17,10.9,64.14999999999999,7.189711,225.21033672000002,168,14625-1-01,30 a 44,Mujeres,Quintil bajo,Norte,Trabajadores moviles,Movilidad mixta,193.53,37.5,156.03,69.18033672000001,168,42.07,218.97000885999998,521.44115063
8160,80.79,28.53,7.06,51.61999999999999,3.284758,224.97561445000002,168,14680-1-02,30 a 44,Mujeres,Quintil bajo,Centro,Cuidadores domesticos,Movilidad mixta,72.10000000000001,0,72.10000000000001,152.87561445,168,35.59,40.39998437000003,157.30452159000004
8168,52.25,18,9.8,87.95,2.451279,75.35932375,168,14706-1-01,45 a 59,Hombres,Quintil bajo,Centro,Trabajadores rutinarios,Movilidad mixta,52.28,0,52.28,23.07932375,168,27.8,52.720004,120.86556019999999
8171,59.92,20.37,11.69,76.02,4.210639,166.28147312,168,14709-1-01,45 a 59,Mujeres,Quintil bajo,Centro,Trabajadores rutinarios,Movilidad mixta,101.47999999999999,0,101.47999999999999,64.80147312000001,168,32.06,86.02001576,221.01310209999997
8176,34.99,48.02,6.11,78.87999999999998,2.966933,103.81298567,168,14713-1-02,60 o mas,Mujeres,Quintil bajo,Centro,Cuidadores domesticos,Movilidad mixta,0,0,0,103.81298567,168,54.13,0,160.60008329000004
8183,71.71,43.71,7.64,44.940000000000005,2.940484,117.8754061733333,168,14732-1-01,45 a 59,Mujeres,Quintil bajo,Norte,Cuidadores domesticos,Movilidad mixta,73.68,41.6666666666667,32.01333333333331,85.86207284,168,51.35,92.98670146666667,243.9805548666667
8190,62.68,20.67,8.38,76.27,3.25173,3.881779517802954,168,14750-1-01,60 o mas,Hombres,Quintil medio,Centro,Cuidadores domesticos,Movilidad mixta,168.41,280.84668192219704,-112.43668192219704,116.31846144,168,29.050000000000004,199.93665688219704,294.39941338219705
8201,53.2,43.41,14.83,56.56,2.416969,70.3727564,168,14770-1-01,60 o mas,Hombres,Quintil bajo,Centro,Trabajadores moviles,Movilidad mixta,41.790000000000006,0,41.790000000000006,28.582756399999997,168,58.239999999999995,58.209994400000014,198.97426895999996
8222,74.17,25.16,12.61,56.06,2.715384,199.82002355999998,168,14826-1-02,30 a 44,Mujeres,Quintil bajo,Norte,Cuidadores domesticos,Movilidad mixta,5.92,0,5.92,193.90002356,168,37.769999999999996,1.5800077199999976,104.14006139999998
8229,65.69,29.27,20.47,52.57000000000001,2.757529,67.30285522865671,168,14838-1-01,30 a 44,Hombres,Quintil bajo,Sur,Trabajadores rutinarios,Movilidad mixta,73.81,70.1492537313433,3.660746268656709,63.642108959999995,168,49.739999999999995,113.83922478134329,250.99871724134323
8245,67.49,24.55,11.39,64.57000000000001,4.751897,196.91554634,168,14880-1-02,30 a 44,Mujeres,Quintil medio,Norte,Trabajadores rutinarios,Movilidad mixta,126.21,0,126.21,70.70554634,168,35.94,123.78998218999993,294.5731603699999
8253,54.67,40.45,12.89,59.989999999999995,4.216782,126.08146812999999,168,14901-1-01,30 a 44,Hombres,Quintil bajo,Centro,Trabajadores moviles,Movilidad mixta,95.55,0,95.55,30.53146813,168,53.34,104.45000381000003,329.3731556900001
8263,55.37,42.71,4.26,65.65999999999998,3.143935,160.36968381000003,168,14915-1-01,18 a 29,Hombres,Quintil bajo,Centro,Trabajadores rutinarios,Movilidad mixta,111.29000000000002,0,111.29000000000002,49.07968381,168,46.97,13.709997139999956,161.38062409000003
8272,53.39,42.83,8.84,62.94,2.620546,81.68095036,168,14934-1-03,45 a 59,Hombres,Quintil bajo,Centro,Trabajadores moviles,Movilidad mixta,56.769999999999996,0,56.769999999999996,24.91095036,168,51.67,58.230000579999995,193.6336124
8274,57.88,21.55,11.52,77.05000000000001,2.268032,73.12369912,168,14935-1-01,45 a 59,Hombres,Quintil bajo,Norte,Trabajadores rutinarios,Movilidad mixta,66.85,0,66.85,6.273699119999999,168,33.07,58.14999304,133.15381127999996
8277,67.06,34.44,4.81,61.69,4.735736,217.64844958,168,14940-1-01,30 a 44,Hombres,Quintil bajo,Centro,Trabajadores moviles,Movilidad mixta,150.07,0,150.07,67.57844958000001,168,39.25,99.93000658000003,285.80764458
8280,53.62,31.88,13.77,68.73,3.075045,164.8839129,168,14947-1-01,45 a 59,Mujeres,Quintil medio,Centro,Cuidadores domesticos,Movilidad mixta,0,0,0,164.8839129,168,45.65,-2.842170943040401e-14,140.37580424999996
8289,64.59,34.19,10.56,58.66,4.241044,181.01902906,168,14964-1-01,18 a 29,Hombres,Quintil bajo,Centro,Trabajadores rutinarios,Movilidad mixta,119.59,0,119.59,61.42902906,168,44.75,92.91000289999997,282.69672189999994
8295,86.42,11.72,7.51,62.35,1.440187,57.750947120000006,168,14976-1-01,18 a 29,Hombres,Quintil bajo,Norte,Trabajadores moviles,Movilidad mixta,50.290000000000006,0,50.290000000000006,7.460947119999999,168,19.23,66.71001342000001,94.40480943
8296,61.62,23.79,14.06,68.53,2.080814,128.21973287999998,168,14976-1-04,60 o mas,Hombres,Quintil bajo,Norte,Cuidadores domesticos,Movilidad mixta,0,0,0,128.21973287999998,168,37.85,2.5800000031495074e-5,78.75883570000002
8300,27.62,31.4,24.16,84.82,3.233202,89.30103924,168,14983-1-01,45 a 59,Hombres,Quintil bajo,Norte,Rutina flexible,Movilidad mixta,0,0,0,89.30103924,168,55.56,0,179.63670312000002
8302,84.83,28.2,9.69,45.28,1.720759,39.74561186955199,168,14988-1-05,30 a 44,Hombres,Quintil alto,Centro,Trabajadores moviles,Movilidad mixta,125.49,116.716417910448,8.773582089551994,30.97202978,168,37.89,106.226374100448,171.425932610448
8303,28.81,64.18,8.15,66.85999999999999,3.007263,86.63924703,168,14989-1-01,45 a 59,Mujeres,Quintil bajo,Centro,Rutina flexible,Movilidad mixta,0,0,0,86.63924703,168,72.33000000000001,-1.4210854715202004e-14,217.51533279000003
8304,67.85,22.88,12.73,64.54,4.0175,174.62511887932618,168,14993-1-02,45 a 59,Mujeres,Quintil alto,Centro,Trabajadores rutinarios,Movilidad mixta,91.14,2.85222052067381,88.28777947932619,86.33733939999999,168,35.61,97.96225612067383,241.02543112067383
8309,67.35,44.35,9.54,46.760000000000005,0.860561,57.95878410000001,168,14999-1-01,30 a 44,Hombres,Quintil bajo,Centro,Trabajadores moviles,Movilidad mixta,0,0,0,57.95878410000001,168,53.89,-7.500000123172867e-7,46.37563153999999
8315,42.17,49.01,7.74,69.08,3.098355,130.65763035,168,15010-1-01,45 a 59,Mujeres,Quintil bajo,Centro,Rutina flexible,Movilidad mixta,0,0,0,130.65763035,168,56.75,0,175.83164625000003
8316,75.13,26.92,14.05,51.900000000000006,3.52852,46.29342096800899,168,15011-1-03,45 a 59,Hombres,Quintil medio,Centro,Trabajadores moviles,Movilidad mixta,118.60000000000001,162.404287901991,-43.804287901991,90.09770886999999,168,40.97,218.80428663199098,363.36775103199096
8321,63.66,23.44,12.11,68.79,3.533708,105.4017249706267,168,15020-1-01,30 a 44,Mujeres,Quintil medio,Sur,Trabajadores rutinarios,Movilidad mixta,101.89000000000001,63.9441416893733,37.94585831062671,67.45586666,168,35.55,119.55412630937329,245.17744570937325
8323,72.44,35.06,5.42,55.08,2.732032,160.34836848,168,15027-1-02,30 a 44,Mujeres,Quintil bajo,Sur,Cuidadores domesticos,Movilidad mixta,77.44000000000001,0,77.44000000000001,82.90836848,168,40.480000000000004,37.56002959999998,148.15268495999996
8325,66.62,39.34,8.48,53.55999999999999,2.68364,93.25331514627449,168,15029-1-01,45 a 59,Mujeres,Quintil medio,Centro,Cuidadores domesticos,Movilidad mixta,78.92999999999999,64.4607843137255,14.469215686274495,78.78409946,168,47.82000000000001,85.53078165372553,213.86244645372557
8331,58.92,30.05,8.81,70.22,3.238721,156.031940627907,168,15038-1-01,45 a 59,Mujeres,Quintil bajo,Norte,Trabajadores rutinarios,Movilidad mixta,79.16,13.953488372093,65.20651162790699,90.82542900000001,168,38.86,34.793500692093005,160.65019875209302
8341,34.13,50.76,4.73,78.38000000000001,9.283384,173.0918962,168,15063-1-02,60 o mas,Mujeres,Quintil alto,Centro,Rutina flexible,Movilidad mixta,131.25,0,131.25,41.841896199999994,168,55.489999999999995,143.74999972,658.88497788
8342,57.5,34.41,12.74,63.35,2.419973,102.5884535,168,15064-1-02,30 a 44,Mujeres,Quintil bajo,Centro,Cuidadores domesticos,Movilidad mixta,38.44,0,38.44,64.1484535,168,47.15,36.559994,150.66172095000002
8352,73.67,23.99,8.43,61.910000000000004,10.068952,370.33972282,168,15085-1-01,30 a 44,Hombres,Quintil medio,Norte,Trabajadores moviles,Movilidad mixta,278.56,0,278.56,91.77972282,168,32.42,371.4399710199999,697.87539486
8358,82.59,15.17,8.97,61.269999999999996,1.218639,100.6473711,168,15097-1-02,45 a 59,Mujeres,Quintil bajo,Norte,Cuidadores domesticos,Movilidad mixta,0,0,0,100.6473711,168,24.14,2.3910000010118893e-5,29.417969369999994
8364,52.13,49.08,9.24,57.550000000000004,3.546609,101.12474908000002,168,15105-1-02,18 a 29,Hombres,Quintil medio,Centro,Jovenes trabajadores,Movilidad mixta,78.74000000000001,0,78.74000000000001,22.38474908,168,58.32,83.75997809,290.59821496999996
8367,46.45,45.51,11.36,64.67999999999999,3.671099,96.01255839999999,168,15107-1-01,60 o mas,Hombres,Quintil medio,Sur,Trabajadores rutinarios,Movilidad mixta,75.49,0,75.49,20.5225584,168,56.87,74.50999015000002,283.28539028
8368,48.42,41.85,8.42,69.30999999999999,2.30423,92.95079284,168,15107-1-02,45 a 59,Mujeres,Quintil medio,Sur,Rutina flexible,Movilidad mixta,18.88,0,18.88,74.07079284000001,168,50.27,18.620023759999995,134.45366586
8369,50.28,43.73,7.72,66.27000000000001,3.616596,94.92246012,168,15107-1-03,18 a 29,Mujeres,Quintil medio,Sur,Trabajadores moviles,Movilidad mixta,88.08,0,88.08,6.842460119999999,168,51.449999999999996,86.91998676000001,272.99385096
8373,62.26,34.83,9.25,61.66000000000001,3.857672,150.31867642,168,15123-1-01,45 a 59,Hombres,Quintil bajo,Norte,Trabajadores rutinarios,Movilidad mixta,97.64,0,97.64,52.67867642000001,168,44.08,89.85998229999998,259.9061640599999
8389,75.71,16.25,9.6,66.44000000000001,2.061253,106.28569751411762,168,15147-1-01,45 a 59,Mujeres,Quintil bajo,Sur,Trabajadores rutinarios,Movilidad mixta,42.14000000000001,29.4117647058824,12.728235294117606,93.55746222,168,25.85,49.771767115882355,103.05515716588233
8393,34.31,43.38,3.77,86.54,2.993251,102.69844181,168,15153-1-02,30 a 44,Mujeres,Quintil bajo,Sur,Rutina flexible,Movilidad mixta,0,0,0,102.69844181,168,47.150000000000006,0,141.13178465
8397,68.94,38.31,12.51,48.24,2.862441,140.57664914,168,15160-1-01,45 a 59,Mujeres,Quintil bajo,Centro,Trabajadores moviles,Movilidad mixta,68.24,0,68.24,72.33664914,168,50.82,56.7600334,202.22928502
8398,54.5,45.28,9.48,58.739999999999995,3.67897,143.7438305,168,15160-1-02,45 a 59,Hombres,Quintil bajo,Centro,Trabajadores moviles,Movilidad mixta,68.24,0,68.24,75.5038305,168,54.760000000000005,56.76003449999999,258.2204317
8399,37.85,55.17,9.12,65.86,24.683419,407.78739555,168,15162-1-01,30 a 44,Mujeres,Quintil alto,Centro,Rutina flexible,Movilidad mixta,348.52,0,348.52,59.26739555,168,64.29,526.4800136000001,2113.37702111
8400,65.72,33.73,12.74,55.81000000000001,9.139462,299.79543279999996,168,15162-1-02,30 a 44,Hombres,Quintil alto,Centro,Cuidadores domesticos,Movilidad mixta,199.14999999999998,0,199.14999999999998,100.6454328,168,46.47,300.85000984,725.5608089799999
8401,65.89,30.91,15.89,55.31,8.654615,312.43258394,168,15166-1-01,30 a 44,Hombres,Quintil medio,Centro,Trabajadores rutinarios,Movilidad mixta,242.17999999999998,0,242.17999999999998,70.25258394000001,168,46.8,257.81999841000004,662.85598041
8402,64.96,11.6,6.27,85.17000000000002,3.093673,135.02501456,168,15173-1-01,30 a 44,Mujeres,Quintil bajo,Centro,Trabajadores rutinarios,Movilidad mixta,134.06,62.5,71.56,63.46501456,168,17.869999999999997,65.93998352,121.22392002999993
8406,64.03,33.94,9.07,60.96,2.846985,134.35246088,168,15183-1-01,18 a 29,Hombres,Quintil bajo,Centro,Trabajadores rutinarios,Movilidad mixta,82.06,0,82.06,52.29246088,168,43.01,47.93998867000002,170.38881352
8407,72.13,32.14,5.97,57.760000000000005,3.057467,220.53509470999998,168,15187-1-02,18 a 29,Mujeres,Quintil bajo,Centro,Cuidadores domesticos,Movilidad mixta,0,0,0,220.53509470999998,168,38.11,0,116.52006737000002
8411,49.85,48.52,5.24,64.39,8.415702,189.72277355,168,15193-1-01,30 a 44,Mujeres,Quintil bajo,Norte,Jovenes trabajadores,Movilidad mixta,157.7,0,157.7,32.02277355,168,53.760000000000005,229.79997114999998,682.22811067
8415,58.01,43.94,11.13,54.92000000000001,3.51834,97.36153296565219,168,15203-1-02,30 a 44,Mujeres,Quintil alto,Centro,Trabajadores moviles,Movilidad mixta,108.47999999999999,65.2173913043478,43.26260869565219,54.09892427,168,55.07,106.7373704343478,300.4923542343477
8417,45.94,42.92,7.21,71.93,2.827544,105.47736302000001,168,15205-1-02,45 a 59,Hombres,Quintil bajo,Centro,Trabajadores rutinarios,Movilidad mixta,75.58000000000001,0,75.58000000000001,29.897363019999997,168,50.13,24.42000833999998,166.16478905999995
8421,67.8,35.32,9.17,55.709999999999994,3.051259,135.26982844444439,168,15218-1-01,18 a 29,Mujeres,Quintil bajo,Sur,Trabajadores rutinarios,Movilidad mixta,96.45,30.5555555555556,65.8944444444444,69.375384,168,44.49,71.6055317555556,207.3560446655556
8422,58.45,31.33,18,60.22,3.870483,122.06528505555562,168,15218-1-02,30 a 44,Hombres,Quintil bajo,Sur,Trabajadores rutinarios,Movilidad mixta,140.28000000000003,44.4444444444444,95.83555555555563,26.229729499999998,168,49.33,104.16444629444439,295.09537268444444
8423,58.08,10.77,18.79,80.36000000000001,4.836518,163.13498768,168,15219-1-01,45 a 59,Mujeres,Quintil bajo,Sur,Trabajadores rutinarios,Movilidad mixta,132.23,0,132.23,30.904987679999998,168,29.56,117.76997776000002,260.73744983999995
8424,2.63,21.33,8.89,135.15000000000003,3.000597,7.891570110000001,168,15219-1-03,18 a 29,Hombres,Quintil bajo,Sur,Rutina flexible,Movilidad mixta,0,0,0,7.891570110000001,168.00000000000003,30.22,-8.881784197001252e-16,90.6780413399999
8428,65.97,28.35,16.24,57.44000000000001,2.90522,70.06187726512198,168,15224-1-02,45 a 59,Hombres,Quintil bajo,Sur,Cuidadores domesticos,Movilidad mixta,61.559999999999995,70.655487804878,-9.095487804878012,79.15736507,168,44.59,121.595486134878,251.139245934878
8431,57.74,59.9,8.23,42.129999999999995,3.718039,140.4138208681356,168,15227-1-01,30 a 44,Hombres,Quintil bajo,Centro,Jovenes trabajadores,Movilidad mixta,122.97999999999999,22.2457627118644,100.73423728813559,39.67958358,168,68.13,74.26575099186442,327.57574806186443
8442,66.73,31.64,8.44,61.19,2.787485,112.34889186,168,15250-1-01,45 a 59,Hombres,Quintil bajo,Norte,Trabajadores rutinarios,Movilidad mixta,51.339999999999996,0,51.339999999999996,61.00889186,168,40.08,73.65998219000004,185.38238099000006
8449,65.29,25.53,11.48,65.69999999999999,3.051905,41.388882679999995,168,15263-1-01,60 o mas,Mujeres,Quintil bajo,Centro,Trabajadores rutinarios,Movilidad mixta,128.38,153.75,-25.370000000000005,66.75888268,168,37.010000000000005,157.86999477000003,270.82099882000006
8462,62.86,42.35,5.71,57.08,4.490197,121.89936147049178,168,15288-1-01,30 a 44,Hombres,Quintil medio,Norte,Jovenes trabajadores,Movilidad mixta,116.07999999999998,38.9344262295082,77.14557377049178,44.7537877,168,48.06,160.3544219495082,376.15328976950826
8463,70.94,39.09,2.33,55.64,3.051728,167.52954954,168,15290-1-02,18 a 29,Mujeres,Quintil bajo,Sur,Trabajadores moviles,Movilidad mixta,98.54,0,98.54,68.98954954,168,41.42,48.96003478,175.36260854
8477,79.14,23.78,9.64,55.44,2.872539,156.9627723,168,15318-1-02,30 a 44,Mujeres,Quintil bajo,Norte,Trabajadores moviles,Movilidad mixta,54.63000000000001,0,54.63000000000001,102.3327723,168,33.42,70.36996416,166.37021754000003
8480,46.71,51.67,8,61.61999999999999,2.843096,105.06099764000001,168,15320-1-02,18 a 29,Hombres,Quintil bajo,Centro,Jovenes trabajadores,Movilidad mixta,102.26,17.5,84.76,20.30099764,168,59.67,27.740016519999983,197.38755484000004
8483,60.39,37.25,6.53,63.83,2.082574,125.76666473,168,15327-1-01,30 a 44,Hombres,Quintil bajo,Centro,Cuidadores domesticos,Movilidad mixta,0,0,0,125.76666473,168,43.78,-2.086999998596184e-5,91.17506885000003
8487,55.2,55.23,7.86,49.71,4.818181,105.5135736,168,15333-1-03,18 a 29,Mujeres,Quintil bajo,Norte,Jovenes trabajadores,Movilidad mixta,89.55,0,89.55,15.9635736,168,63.089999999999996,160.4500176,464.42905688999997
8493,65.99,34.94,8.33,58.74000000000001,2.992003,197.44227797,168,15348-1-03,30 a 44,Mujeres,Quintil bajo,Sur,Cuidadores domesticos,Movilidad mixta,0,0,0,197.44227797,168,43.269999999999996,0,129.46396980999995
8497,66.11,32.32,6.04,63.529999999999994,4.922086,216.06908245000002,168,15357-1-01,30 a 44,Mujeres,Quintil medio,Sur,Trabajadores rutinarios,Movilidad mixta,140.67000000000002,0,140.67000000000002,75.39908245000001,168,38.36,109.33002300999996,298.14124197
8505,24.23,26.15,11.19,106.43,2.994573,53.3533686548649,168,15367-1-02,45 a 59,Mujeres,Quintil bajo,Centro,Cuidadores domesticos,Movilidad mixta,20.93,40.1351351351351,-19.2051351351351,72.55850379,168,37.339999999999996,19.2051351351351,131.02249095513505
8507,74.13,28.47,7.48,57.92,17.466193,503.25888441,168,15370-1-01,30 a 44,Hombres,Quintil alto,Norte,Trabajadores moviles,Movilidad mixta,458.49,0,458.49,44.76888441,168,35.95,791.5100026799998,1419.4196410299999
8508,55.38,18.6,6.21,87.81000000000002,4.353655,157.57538948,168,15372-1-01,60 o mas,Mujeres,Quintil bajo,Centro,Cuidadores domesticos,Movilidad mixta,67.72,52.5,15.219999999999999,142.35538948,168,24.810000000000002,83.53002441999999,191.5442049699999
8511,88.73,14.94,3.89,60.44,2.930597,209.32187232,168,15379-1-01,30 a 44,Mujeres,Quintil bajo,Centro,Cuidadores domesticos,Movilidad mixta,110.79,32.5,78.29,131.03187232,168,18.83,50.70999949000003,105.89314100000001
8513,100.16,18.78,5.91,43.150000000000006,2.999862,169.3362256,168,15382-1-02,18 a 29,Hombres,Quintil bajo,Norte,Trabajadores moviles,Movilidad mixta,118.87,0,118.87,50.4662256,168,24.69,131.12995231999994,205.19654509999995
8517,57.41,37.29,10.27,63.030000000000015,5.867543,152.85565234999996,168,15389-1-01,45 a 59,Hombres,Quintil medio,Sur,Trabajadores rutinarios,Movilidad mixta,240.99999999999997,125,115.99999999999997,36.85565235,168,47.56,183.99999128000002,463.06033636
8520,49.3,27.96,12.46,78.28,1.696937,63.70075023043481,168,15395-1-01,18 a 29,Hombres,Quintil bajo,Sur,Jovenes trabajadores,Movilidad mixta,48.519999999999996,43.4782608695652,5.041739130434799,58.65901110000001,168,40.42,19.95824386956518,88.5484374095652
8525,59.87,25.48,11.64,71.00999999999999,2.468807,84.98750494,168,15401-1-02,45 a 59,Hombres,Quintil bajo,Centro,Trabajadores rutinarios,Movilidad mixta,52.18,0,52.18,32.807504939999994,168,37.120000000000005,62.81997015,154.46208599000005
8528,59.89,54.52,4.71,48.879999999999995,2.072798,72.6825840527273,168,15412-1-02,18 a 29,Hombres,Quintil bajo,Sur,Trabajadores moviles,Movilidad mixta,71.27,47.7272727272727,23.542727272727298,49.13985678,168,59.230000000000004,51.45728816727272,174.22911370727275
8537,72.54,23.8,6.89,64.77,2.194083,105.19878391999998,168,15434-1-01,30 a 44,Hombres,Quintil bajo,Centro,Trabajadores rutinarios,Movilidad mixta,68.53999999999999,0,68.53999999999999,36.65878392,168,30.69,53.95999690000002,121.29640417000002
8544,19.35,30.97,6.87,110.81,3.013724,58.3155594,168,15441-1-01,18 a 29,Mujeres,Quintil bajo,Centro,Rutina flexible,Movilidad mixta,0,0,0,58.3155594,168,37.839999999999996,0,114.03931615999998
8549,53.23,36.92,5.28,72.57000000000001,3.252886,158.45112389999997,168,15452-1-02,18 a 29,Mujeres,Quintil bajo,Centro,Cuidadores domesticos,Movilidad mixta,35.3,0,35.3,123.15112389999999,168,42.2,14.69999788000004,151.97178708
8555,37.18,41.32,11.82,77.68,4.485908,46.0757424564885,168,15470-1-02,45 a 59,Hombres,Quintil medio,Norte,Rutina flexible,Movilidad mixta,63.45,59.1603053435115,4.2896946564885,41.7860478,168,53.14,120.7103169835115,359.0914681035115
8559,60.45,17.18,10.71,79.66,2.58961,67.0238065619048,168,15479-1-01,45 a 59,Mujeres,Quintil alto,Norte,Trabajadores rutinarios,Movilidad mixta,68.22,95.2380952380952,-27.0180952380952,94.0419018,168,27.89,89.51811793809519,161.74234083809517
8569,75.39,22.31,9.88,60.419999999999995,3.033136,163.35814471,168,15496-1-01,45 a 59,Mujeres,Quintil bajo,Centro,Cuidadores domesticos,Movilidad mixta,54.68999999999999,0,54.68999999999999,108.66814471000001,168,32.19,65.30997832999998,162.94662617000003
8580,36.19,37.14,6.95,87.72,3.130383,88.45855442000001,168,15508-1-03,18 a 29,Mujeres,Quintil bajo,Centro,Jovenes trabajadores,Movilidad mixta,25.169999999999998,0,25.169999999999998,63.28855442000001,168,44.09,24.83000634999999,162.84859282
8581,41.42,52.72,9.17,64.69,3.467233,59.7792738874214,168,15510-1-05,30 a 44,Hombres,Quintil alto,Centro,Rutina flexible,Movilidad mixta,57.33,81.1635220125786,-23.833522012578598,83.6127959,168,61.89,83.8335169725786,298.4205673425786
8584,33,25.62,13.04,96.34,3.059924,23.537491999999986,168,15513-1-02,60 o mas,Mujeres,Quintil alto,Centro,Cuidadores domesticos,Movilidad mixta,77.05999999999999,154.5,-77.44000000000001,100.977492,168,38.66,77.44000000000001,195.73666184
8589,43.67,46.65,11.61,66.07000000000001,3.019815,131.87532105,168,15518-1-03,30 a 44,Mujeres,Quintil medio,Centro,Cuidadores domesticos,Movilidad mixta,0,0,0,131.87532105,168,58.26,0,175.9344219
8596,56.12,27.18,8.57,76.13,12.056324,316.78087763999997,168,15530-1-01,18 a 29,Hombres,Quintil alto,Norte,Trabajadores rutinarios,Movilidad mixta,265.17999999999995,0,265.17999999999995,51.60087764,168,35.75,359.82002523999995,790.8336082400001
8600,34.3,52.94,8.41,72.35,4.053287,40.12495004647201,168,15531-1-03,18 a 29,Hombres,Quintil medio,Centro,Rutina flexible,Movilidad mixta,81.45,55.352798053528,26.097201946472005,14.0277481,168,61.349999999999994,98.90279405352797,347.571951503528
8606,41.33,60.72,3.2,62.75,3.110865,91.80203836999999,168,15544-1-01,30 a 44,Mujeres,Quintil bajo,Centro,Jovenes trabajadores,Movilidad mixta,38.230000000000004,0,38.230000000000004,53.572038369999994,168,63.92,36.770012080000015,235.61650287999998
8609,62.26,34.73,7.51,63.50000000000002,3.084333,120.04056341999998,168,15548-1-03,18 a 29,Hombres,Quintil bajo,Centro,Trabajadores rutinarios,Movilidad mixta,68.00999999999999,0,68.00999999999999,52.03056341999999,168.00000000000003,42.239999999999995,71.99000916,202.27223507999994
8613,38.35,42.71,8.23,78.71,4.196245,135.1960072,168,15560-1-01,45 a 59,Mujeres,Quintil bajo,Norte,Cuidadores domesticos,Movilidad mixta,74.02,0,74.02,61.1760072,168,50.94,25.72998855000003,239.48670885000007
8632,61.72,27.51,11.52,67.25,2.808414,86.40380517627119,168,15612-1-02,30 a 44,Mujeres,Quintil alto,Centro,Trabajadores rutinarios,Movilidad mixta,57.559999999999995,69.4915254237288,-11.931525423728807,98.3353306,168,39.03,86.9315069037288,196.54390532372878
8649,46.28,45.52,9.68,66.51999999999998,16.616737,356.62257844000004,168,15642-1-01,18 a 29,Hombres,Quintil alto,Centro,Trabajadores rutinarios,Movilidad mixta,337.6,0,337.6,19.02257844,168,55.2,412.40000992000006,1329.6438923200003
8668,46.67,36.56,21.8,62.97,3.084893,74.68573089632532,168,15676-1-02,60 o mas,Mujeres,Quintil alto,Centro,Cuidadores domesticos,Movilidad mixta,37.489999999999995,106.7762254136747,-69.2862254136747,143.97195631000002,168,58.36,69.2862254136747,249.32058089367473
8675,57.49,38.3,7.59,64.61999999999999,4.100869,131.02896992,168,15689-1-01,45 a 59,Mujeres,Quintil bajo,Centro,Trabajadores moviles,Movilidad mixta,132.77,37.5,95.27000000000001,35.758969920000006,168,45.89,104.72998889000002,292.91886730000004
8683,61.51,18.08,10.7,77.71000000000001,3.865779,179.34659673,168,15710-1-02,30 a 44,Mujeres,Quintil bajo,Norte,Cuidadores domesticos,Movilidad mixta,83.74999999999999,19.6875,64.06249999999999,115.28409673000002,168,28.779999999999998,58.43746955999998,169.69458917999998
8690,84.12,25.58,9.88,48.419999999999995,2.258103,116.94376476033608,168,15722-1-03,30 a 44,Mujeres,Quintil medio,Centro,Cuidadores domesticos,Movilidad mixta,56.739999999999995,49.7478991596639,6.992100840336093,109.95166391999999,168,35.46,73.00785959966396,153.080191979664
8692,69.57,42.52,7.93,47.980000000000004,2.696349,130.12496176999997,168,15728-1-01,45 a 59,Hombres,Quintil bajo,Centro,Jovenes trabajadores,Movilidad mixta,55.03999999999999,0,55.03999999999999,75.08496176999999,168,50.45,57.46003816000001,193.49084521000003
8697,66.51,21.62,10.91,68.96,1.131172,70.09423760000001,168,15739-1-02,45 a 59,Mujeres,Quintil bajo,Centro,Trabajadores rutinarios,Movilidad mixta,6.859999999999999,0,6.859999999999999,63.23423760000001,168,32.53,5.140012119999994,41.93703728
8704,45.99,31.25,10.17,80.58999999999999,3.03039,139.3676361,168,15753-1-01,30 a 44,Mujeres,Quintil bajo,Norte,Cuidadores domesticos,Movilidad mixta,0,0,0,139.3676361,168,41.42,0,125.51875380000004
8728,65.45,32.47,6.2,63.879999999999995,3.557126,166.36389280000003,168,15789-1-02,30 a 44,Mujeres,Quintil medio,Sur,Trabajadores rutinarios,Movilidad mixta,103.55000000000001,0,103.55000000000001,62.81389280000001,168,38.67,66.45000389999996,204.00406631999994
8733,14.52,51,9.16,93.32,3.314298,48.12360696,168,15807-1-02,18 a 29,Hombres,Quintil bajo,Sur,Rutina flexible,Movilidad mixta,0,0,0,48.12360696,168,60.16,0,199.38816768000004
8737,40.03,36.79,13.79,77.39000000000001,3.045483,121.91068449,168,15814-1-02,30 a 44,Hombres,Quintil bajo,Sur,Cuidadores domesticos,Movilidad mixta,0,0,0,121.91068449,168,50.58,0,154.04053013999993
8748,73.26,31.16,9.92,53.66,4.173635,201.3604806,168,15840-1-01,45 a 59,Mujeres,Quintil medio,Centro,Cuidadores domesticos,Movilidad mixta,95.6,0,95.6,105.7604806,168,41.08,104.40001950000001,275.8529453
8756,87.61,14.25,5.93,60.21,3.266457,267.12426104,168,15853-1-01,45 a 59,Mujeres,Quintil bajo,Centro,Cuidadores domesticos,Movilidad mixta,80.95000000000002,20,60.95000000000002,206.17426104,168,20.18,19.050036729999988,84.96713898999997
8757,1.61,37.43,9.37,119.58999999999997,3.22813,5.1972893000000004,168,15855-1-02,18 a 29,Mujeres,Quintil alto,Centro,Rutina flexible,Movilidad mixta,0,0,0,5.1972893000000004,167.99999999999997,46.8,0,151.0764840000001
8759,39.83,29.46,6.2,92.51,19.968653,292.31145986999996,168,15855-1-05,45 a 59,Mujeres,Quintil alto,Centro,Cuidadores domesticos,Movilidad mixta,246.95999999999998,0,246.95999999999998,45.35145987,168,35.660000000000004,503.03998912000003,1215.1221550999999
8765,47.47,28.17,12.31,80.05,3.258576,84.91462621,168,15871-1-01,60 o mas,Mujeres,Quintil bajo,Sur,Trabajadores rutinarios,Movilidad mixta,50.23,0,50.23,34.68462621,168,40.480000000000004,69.76997651000002,201.67713299000002
8775,81.84,10.62,8.26,67.27999999999999,7.777521,268.13230848,168,15883-1-01,30 a 44,Hombres,Quintil alto,Norte,Trabajadores moviles,Movilidad mixta,256.62,0,256.62,11.512308479999998,168,18.88,368.38001016,515.21960664
8782,31.77,41.98,8.23,86.02,3.532835,91.89815421,168,15899-1-01,18 a 29,Hombres,Quintil bajo,Centro,Trabajadores moviles,Movilidad mixta,42.160000000000004,0,42.160000000000004,49.73815421,168,50.209999999999994,20.34001373999999,197.72365908999998
8787,58.06,37.48,8.15,64.31,4.896702,116.89256948100422,168,15907-1-01,30 a 44,Hombres,Quintil alto,Sur,Trabajadores moviles,Movilidad mixta,164.18,81.5899581589958,82.59004184100421,34.30252764,168,45.629999999999995,167.4099486389958,390.8464608989958
8788,42.23,21.62,24.57,79.58000000000001,6.400742,69.42537723920502,168,15907-1-04,60 o mas,Hombres,Quintil alto,Sur,Trabajadores rutinarios,Movilidad mixta,197.03,147.907949790795,49.122050209205014,20.303327030000002,168,46.19,200.87795742079493,496.52823040079494
8797,51.83,36.29,12.31,67.57,2.646668,72.92681337,168,15930-1-02,45 a 59,Mujeres,Quintil bajo,Centro,Trabajadores rutinarios,Movilidad mixta,53.25,0,53.25,19.67681337,168,48.6,64.24998906999998,192.87805387000003
8801,52.7,39.19,4.69,71.42,2.200901,66.18750590000002,168,15936-2-01,45 a 59,Hombres,Quintil bajo,Norte,Trabajadores rutinarios,Movilidad mixta,50.20000000000001,0,50.20000000000001,15.987505900000002,168,43.879999999999995,49.79997679999998,146.37551267999999
8807,54.7,40.17,9.5,63.629999999999995,3.797155,74.3739954367347,168,15944-1-01,60 o mas,Hombres,Quintil alto,Norte,Trabajadores moviles,Movilidad mixta,105.19000000000001,63.5204081632653,41.66959183673471,32.7044036,168,49.67,133.33038306326532,321.93507191326535
8815,69.96,32.59,7.08,58.370000000000005,0.954667,66.78852912,168,15958-1-02,45 a 59,Mujeres,Quintil bajo,Centro,Cuidadores domesticos,Movilidad mixta,0,0,0,66.78852912,168,39.67,-2.5800000003073364e-5,37.871614089999994
8819,61.76,42.07,9.03,55.140000000000015,4.549722,62.81936822857098,168,15966-1-02,45 a 59,Mujeres,Quintil alto,Sur,Trabajadores rutinarios,Movilidad mixta,212.89999999999998,218.571428571429,-5.671428571429033,68.49079680000001,168,51.1,218.17146249142905,450.662256691429
8821,60.4,28.65,8.56,70.38999999999999,13.051818,338.80982599999993,168,15972-1-01,45 a 59,Hombres,Quintil alto,Norte,Trabajadores moviles,Movilidad mixta,300.47999999999996,0,300.47999999999996,38.329826,168,37.21,449.5199812000001,935.1781289800003
8830,75.06,32.4,6.76,53.78,2.786488,103.73666966285711,168,15991-1-03,30 a 44,Mujeres,Quintil bajo,Norte,Cuidadores domesticos,Movilidad mixta,87.44,80.3571428571429,7.082857142857094,96.65381252000002,168,39.16,105.41711961714287,214.53598969714287
8843,84.78,22.42,11.99,48.809999999999995,2.907996,246.53986612000003,168,16020-1-02,45 a 59,Mujeres,Quintil bajo,Centro,Cuidadores domesticos,Movilidad mixta,0,0,0,246.53986612000003,168,34.410000000000004,3.4759999948619225e-5,100.06417711999993
8856,85.31,13.02,10.23,59.44,2.858715,178.64699118000001,168,16047-1-01,18 a 29,Mujeres,Quintil bajo,Centro,Cuidadores domesticos,Movilidad mixta,67.27000000000001,0,67.27000000000001,111.37699118,168,23.25,65.22998547,131.69510921999998
8861,95.88,12.32,4.04,55.760000000000005,3.006025,288.217677,168,16056-1-01,30 a 44,Mujeres,Quintil bajo,Centro,Cuidadores domesticos,Movilidad mixta,0,0,0,288.217677,168,16.36,0,49.17856900000004
8864,30.88,48.09,10.16,78.87,3.669555,80.69315603175468,168,16062-1-04,18 a 29,Hombres,Quintil alto,Norte,Rutina flexible,Movilidad mixta,25.81,8.43270868824531,17.37729131175469,63.31586472,168,58.25,32.622702368245314,246.3742811182453
8876,47.18,25.51,8.12,87.18999999999998,2.371116,61.179241479999995,168,16078-1-03,45 a 59,Mujeres,Quintil alto,Centro,Trabajadores rutinarios,Movilidad mixta,52.059999999999995,0,52.059999999999995,9.11924148,168,33.63,50.690011399999996,130.43064248000002
8879,32.11,42.75,6.69,86.44999999999999,4.721435,63.53867993185571,168,16081-1-03,18 a 29,Mujeres,Quintil medio,Sur,Rutina flexible,Movilidad mixta,84.82000000000001,42.8865979381443,41.93340206185571,21.60527787,168,49.44,88.06659791814428,321.49434431814433
8887,61.53,40.47,11.8,54.2,5.702306,166.82290918,168,16099-1-02,60 o mas,Mujeres,Quintil medio,Norte,Trabajadores moviles,Movilidad mixta,115.96000000000001,0,115.96000000000001,50.86290918,168,52.269999999999996,184.03997900000002,482.09951362000004
8890,48.76,50.3,11.06,57.88000000000001,3.135338,152.87908088,168,16105-1-01,45 a 59,Mujeres,Quintil medio,Norte,Cuidadores domesticos,Movilidad mixta,0,0,0,152.87908088,168,61.36,0,192.38433967999998
8893,62.02,33.37,4.95,67.65999999999998,6.879042,294.33822046,168,16109-1-01,30 a 44,Hombres,Quintil medio,Sur,Jovenes trabajadores,Movilidad mixta,242.70000000000002,0,242.70000000000002,51.63822046,168,38.32,132.29996438,395.9048538200001
8895,71.72,26.95,9.48,59.849999999999994,2.963541,175.62053513538459,168,16114-1-02,45 a 59,Mujeres,Quintil medio,Norte,Cuidadores domesticos,Movilidad mixta,28.46,15.3846153846154,13.075384615384602,162.54515052,168,36.43,36.92462538461544,144.88642401461547
8903,54.2,35.17,13.19,65.44,3.102523,7.056746599999997,168,16139-1-01,60 o mas,Mujeres,Quintil medio,Centro,Cuidadores domesticos,Movilidad mixta,101.39999999999998,262.5,-161.10000000000002,168.15674660000002,168,48.36,161.10000000000002,311.13801228
